Record_ID,Date,Customer_ID,Churn_Probability_Score,Churned_in_Last_12_Months,Retention_Campaign_Target,Downgrade_Upgrade_History,Call_to_Competitor_Network_Count,Win_back_Success_Rate,Contract_Renewal_Rate,Reasons_for_Churn_Categorical,Reactivation_Rate,Average_Tenure_in_Months,Churn_Prediction_Model_Accuracy,Retention_Offer_Acceptance_Rate,Competitor_Switch_Rate,Churn_by_Plan_Type,Retention_Cost_per_Customer,Customer_Re_Engagement_Rate,Early_Churn_Rate_within_first_90_days,Loyalty_Program_Impact_on_Retention,Churn_by_Region
ddfcb4e4-5773-4737-a1ba-07100000bfd4,2026-01-04,CUST-729763,0.31,No,No,None,3,37.09,88.8,N/A,7.07,32,93.31,23.81,9.24,Bundled,6.5,16.99,6.76,0.47,East
779d21d1-9930-4236-972d-9d71c01d1130,2026-05-26,CUST-797290,0.6,No,No,Downgrade,3,28.26,78.34,N/A,19.77,7,84.93,21.2,4.84,Voice,26.41,39.63,7.03,0.31,South
17acb301-a0af-4de2-8c45-a4ef38526c5b,2026-03-03,CUST-329410,0.38,No,No,Upgrade,4,19.28,62.56,N/A,19.37,14,79.39,39.22,3.31,Bundled,34.82,36.84,3.78,0.43,West
e03605b1-fb2e-4726-a2be-8b69331d129e,2025-10-12,CUST-198143,0.68,No,No,Upgrade,1,35.58,86.33,N/A,8.06,33,84.44,57.46,1.48,Data,10.81,34.66,3.11,0.28,North
4b89c6d3-772c-4ab9-ac75-f80ffda26b67,2026-01-21,CUST-858355,0.29,Yes,Yes,None,3,28.2,74.32,Competitor Offer,14.15,24,79.4,58.65,6.73,Bundled,9.19,16.66,10.66,0.44,East
59043e2e-d5f1-45cf-a909-2b99934cb140,2026-02-15,CUST-107769,0.19,Yes,No,Upgrade,3,38.52,75.58,Competitor Offer,10.33,9,87.76,55.22,9.85,Data,43.34,33.11,14.13,0.48,East
f11490a6-6228-46dc-8d3e-36e165760fc5,2026-05-04,CUST-181011,1,No,Yes,Downgrade,4,36.87,82.96,N/A,7.32,7,87.44,22.63,1.35,Bundled,49.15,49.76,14.57,0.21,South
71dd2736-8e6b-42ef-9084-789a646af84d,2025-10-26,CUST-855395,0.92,No,No,Upgrade,0,39.36,85.97,N/A,19.69,28,90.57,57.74,7.15,Voice,9.08,16.86,6.13,0.35,South
a2c694df-01a5-4b0b-9bf1-c655f6c374b5,2025-09-28,CUST-255001,0.04,No,No,Upgrade,4,16.58,61.08,N/A,10.12,41,83.02,42.43,9.85,Voice,44.98,46.08,7.66,0.21,East
738e558c-eb00-4801-900b-a70a34e5bec1,2026-02-23,CUST-941982,0.11,No,Yes,None,3,31.61,83.87,N/A,10.44,59,73.93,33.24,6.78,Voice,33.21,36.17,13.95,0.47,North
42997320-600d-474e-8a31-03f690d794de,2025-12-04,CUST-253451,0.66,No,No,Upgrade,1,37.04,70.95,N/A,5.8,62,87.36,34.48,2.94,Data,16.51,33.51,1.29,0.19,West
52320945-66cb-4de6-985e-a61595f5b5a9,2025-09-13,CUST-948837,0.35,No,No,Upgrade,3,20.39,86.11,N/A,7.1,68,76.78,39.06,7.17,Voice,43.19,25.38,3.65,0.43,West
f7463bea-7502-475e-91fd-7b5f1aadea8c,2026-05-12,CUST-672373,0.23,No,No,Upgrade,2,16.38,72.43,N/A,17.53,36,94.3,38.45,7.09,Data,42.36,13.36,4.89,0.47,East
b75fb86e-0d4c-4b6a-8655-465058223afa,2025-08-06,CUST-700082,0.7,No,No,Downgrade,3,25.38,69.73,N/A,17.71,67,89.39,32.88,7.17,Data,13.34,40.74,2.92,0.34,North
0d7cdb84-669f-4897-be06-371f73d577e7,2026-04-28,CUST-140882,0.58,No,Yes,None,1,37.97,67.96,N/A,12.82,57,90.8,39.82,2.13,Data,13.99,15.6,6.84,0.31,South
990ec1b2-845a-4561-a1fa-e4c315bfbadb,2025-09-24,CUST-952319,0.95,Yes,No,Downgrade,4,32.92,72.42,Customer Service,18.9,22,93.4,48.97,7.47,Data,21.32,42.47,10.79,0.41,East
ed201c3d-0434-4fd6-9d94-e445a9c8ba30,2026-03-14,CUST-843666,0.81,No,No,None,3,28.4,63.33,N/A,18.68,7,82.82,37.86,6.71,Bundled,12.32,35.93,13.34,0.33,West
3a62e8aa-cf9c-46e3-a516-94b3976f63e5,2026-03-03,CUST-683989,0.37,No,Yes,None,4,30.42,83.72,N/A,11.05,21,80.57,56.63,7.32,Data,5.61,49.74,6.97,0.4,North
87e1b734-4776-495e-8ca6-54eb797180b7,2026-05-10,CUST-449693,0.93,No,No,Downgrade,2,24.37,87.05,N/A,13.59,33,88.87,27.35,8.63,Data,7.83,32.39,9.95,0.41,East
6f7514a7-b0ec-4205-9498-e1efe6543d6c,2026-03-15,CUST-890933,0.65,No,Yes,Upgrade,2,34.27,60.8,N/A,18.03,30,82.36,47.36,6.49,Data,30.32,22.68,6.78,0.24,South
f3a3d7f7-0ca2-47ea-807e-b8e9e7d756e1,2025-10-08,CUST-800503,0.48,Yes,Yes,Downgrade,4,22.33,65.15,Customer Service,17.87,42,87.57,54.76,4.75,Data,39.07,12.59,3.94,0.34,West
ab3fde49-98b5-4d0d-ba61-e415a7bbf386,2026-01-18,CUST-770193,0.32,No,No,None,3,36.33,75.46,N/A,12.98,45,90.71,40.49,5.28,Bundled,5.64,11.18,10.42,0.14,North
df7a2b45-02b7-492d-888e-ca90a0f66cb0,2026-04-24,CUST-849313,0.16,No,Yes,Downgrade,3,37.91,82.96,N/A,13.69,20,81.47,40.77,6.79,Voice,40.45,11.43,13.69,0.23,East
b6f9af90-177a-49d9-94ce-000dec9aff97,2025-10-21,CUST-331882,0.78,No,Yes,Downgrade,0,22.56,71.84,N/A,6.2,32,85.25,26.44,6.9,Data,22.12,18.91,8.36,0.46,North
23449682-0d2d-48a5-8fef-8d439900bf7b,2025-12-04,CUST-621020,0.13,No,No,None,4,30.48,67.24,N/A,13.18,13,75.65,27.35,4.28,Data,41,43.55,10.65,0.41,South
4cb4ea96-12bb-432d-a973-b13e95e4de36,2025-11-24,CUST-844822,0.57,No,No,Upgrade,1,11.56,62.09,N/A,12.11,28,89.39,35.45,5.05,Voice,34.62,38.33,12.7,0.45,North
38fe9615-abfe-4cc8-87fe-3d2c261d3487,2025-09-30,CUST-518659,0.91,No,No,Upgrade,2,12.16,78.51,N/A,6.28,50,79.78,51.74,1.16,Data,11.25,28.51,10.09,0.48,North
228f17d4-5325-49e5-b9bf-7bbd4131df44,2025-08-08,CUST-740870,0.33,No,No,None,2,23.04,77.44,N/A,8.82,22,80.06,20.37,9.2,Voice,40.93,45.54,14.3,0.44,West
b0906272-a4fc-405c-bde9-cf37187f6228,2026-07-05,CUST-878677,0.16,No,No,Downgrade,1,37.7,87.26,N/A,5.68,72,71.58,46.85,1.62,Data,36.23,25.31,12.11,0.34,West
1a875963-576c-4374-9600-61d600ac397a,2025-08-29,CUST-722705,0.99,No,No,Downgrade,0,10.85,62.52,N/A,8.71,58,80.34,27.98,9.3,Voice,8.74,49.68,10.6,0.3,South
7e5a1a94-fec2-41a0-96a7-2bd0f129d5d9,2025-09-18,CUST-709916,0.72,No,No,None,3,31.32,85.17,N/A,10.28,10,91.93,27.62,3.69,Data,31.53,40.1,8.6,0.16,East
88817d0c-d818-4b44-b2a1-b5117943edf3,2026-05-29,CUST-236738,0.43,No,No,Upgrade,1,39.63,73.17,N/A,13.12,14,70.22,34.23,5.32,Bundled,12.48,27.76,5.87,0.4,South
1629caf3-4f6a-4e81-a577-52fecc1cf04d,2025-10-08,CUST-150693,0.18,No,Yes,None,1,29.89,72.29,N/A,11.81,45,91.54,27.68,7.28,Data,47.86,15.95,9.18,0.19,East
6d62b674-79e4-4b32-95e2-910956ea7aeb,2025-11-16,CUST-120686,0.86,No,No,Downgrade,1,25.04,60.05,N/A,12.92,48,78.51,51.91,2.32,Bundled,46.62,16.04,9.35,0.39,South
757f4c94-f076-410c-91d0-7c8086c82783,2026-04-24,CUST-104343,0.14,No,No,None,1,14.9,72.16,N/A,17.35,46,83.03,48.31,2.11,Voice,24.52,17.23,14.06,0.26,East
d8cbb8d7-f138-4fd0-9f34-c7dea62e3eef,2025-08-30,CUST-745721,0.11,Yes,No,Downgrade,1,32.68,79.56,Network Quality,5.79,15,81.7,20.45,6.45,Bundled,14.65,19.15,6.53,0.1,West
e06f0cf7-ca29-4045-9030-f58782d843b8,2026-05-04,CUST-999967,0.83,No,No,Upgrade,3,25.33,67.41,N/A,11.26,68,80.84,56.41,3.54,Voice,14.12,12.49,3.42,0.47,West
24cdff76-ecdd-48d2-a23c-c5dc7092ce5e,2025-11-13,CUST-150231,0.48,No,Yes,None,0,35.14,67.1,N/A,11.1,12,70.12,32.77,1.82,Bundled,42.32,14.25,10.98,0.12,South
9c70eb5f-18f8-49c2-8fc0-7522b5f91417,2026-07-17,CUST-910221,0.11,No,No,Upgrade,2,26.41,60.95,N/A,13.2,11,76.12,27.48,4.18,Bundled,25.93,12.24,5.19,0.47,South
c2d7a1ba-85a6-4d36-8b47-fc0b163a441a,2025-09-02,CUST-512567,0.39,No,No,Downgrade,3,23.53,66.54,N/A,11.8,31,71.25,40.65,1.8,Voice,32.15,30.88,4.43,0.3,West
72c534be-7fe6-46e7-8ac9-0eca9e9fee2a,2025-12-28,CUST-985976,0.88,No,No,Downgrade,1,12.39,84.19,N/A,17.11,59,91.67,54.25,9.07,Data,7.97,44.45,3.14,0.25,West
f27c646d-2111-4547-becc-46899d6718f1,2026-03-10,CUST-829436,0.18,No,No,Upgrade,4,20.79,84.24,N/A,16.3,56,74.56,42.77,6.85,Data,35.43,36.9,1.48,0.47,South
303c0b71-e04c-4daf-b3b5-2d989f6fb9e1,2026-03-15,CUST-123599,0.56,No,Yes,Downgrade,1,36.27,76.91,N/A,14.94,14,76.61,47.83,5.43,Bundled,8.75,17.96,14.68,0.3,East
86eb8f19-cb82-4d9a-b791-19ec24e443b0,2025-12-29,CUST-883488,0.69,No,No,Upgrade,1,29.85,86.81,N/A,14.22,64,76.57,56.27,3.39,Voice,30.39,34.48,7.93,0.41,West
fb2eaa75-a9bc-4f51-a22b-1525f7b9cd4d,2026-03-03,CUST-416105,0.48,No,No,Downgrade,2,14.22,79.83,N/A,7.8,66,78.43,33.82,2.58,Voice,48.93,20.2,5.03,0.31,North
127de628-0322-4fa6-8510-3c39fc0ce9fc,2026-02-10,CUST-236611,0.96,No,No,Downgrade,3,22.41,77.25,N/A,14.5,65,92.96,48.19,8.01,Voice,22.67,24.45,2.95,0.28,East
d193cbd9-cd63-4fc7-a4cc-84a1eedd52c7,2025-12-21,CUST-694524,0.74,No,Yes,None,1,19.85,73.69,N/A,10.93,8,81.5,20.98,2.07,Data,48.55,42.38,5.66,0.33,West
94b814d4-dae6-4aad-90ee-d14264b85b1d,2026-01-25,CUST-966558,0.83,No,No,Upgrade,2,38.37,69.01,N/A,13.63,33,89.05,29.7,3.61,Data,44.98,28.99,11.5,0.23,West
f9f968f8-00e1-4c43-9920-10179396683d,2025-12-04,CUST-161760,1,No,Yes,None,1,37.58,79.48,N/A,10.13,45,76.54,38.82,1.47,Voice,40.72,39.24,12.37,0.14,North
b5e0c110-4246-4fa5-a129-7d329b90da57,2025-09-12,CUST-142213,0.51,No,No,Downgrade,2,18.46,65.88,N/A,17.56,10,80,28.72,4.54,Data,24.55,39.9,1.92,0.34,West
a1929cf3-6d39-40b0-874d-1517e0bfa9a5,2025-12-08,CUST-270220,0.33,No,No,Upgrade,3,27.17,67.03,N/A,7.76,62,71,52.49,1.53,Bundled,13.82,45.98,12.09,0.25,East
ed5df1c9-d8b3-408a-a762-3c9c17e9dec6,2025-08-23,CUST-999579,0.71,No,No,None,1,13.64,88.65,N/A,9.01,28,90.05,48.8,7.6,Voice,13.82,17.83,6.72,0.44,South
5521b6a0-e33b-461d-a6f5-9027edc35cf9,2025-09-30,CUST-516733,0.53,No,No,Upgrade,4,27.37,86.08,N/A,16.29,37,89.26,57.35,1.54,Voice,26.18,15.49,7.22,0.31,West
7df44fa7-78ae-4892-8b1d-0eb06b14b327,2026-07-22,CUST-743657,0.59,No,Yes,Upgrade,1,24.07,87.17,N/A,11.97,57,82.04,22.28,3.41,Bundled,21.77,11.11,11.21,0.46,West
70f6057f-2693-4a01-b604-d0f8f0f44d56,2026-03-24,CUST-379317,0.55,No,No,Downgrade,4,38.02,74.71,N/A,14.16,65,82.43,55.43,9.23,Bundled,31.39,27.26,1.17,0.29,South
bd775669-b25b-4cc5-bef0-f809646332dc,2026-02-05,CUST-544409,0.39,No,No,None,3,17.39,88.15,N/A,15.18,21,77.48,44.31,4.37,Data,12.09,42.58,4.94,0.47,North
ef6d7ca4-b23e-4286-b068-c2a31f2e0fec,2026-04-20,CUST-400480,0.27,No,No,None,1,26.53,83.92,N/A,8.2,9,87.77,57.45,2.07,Voice,43.99,45.08,10.01,0.48,South
846e7443-3e01-4c4a-b976-e1e2ab397a06,2025-12-11,CUST-456726,0.63,No,Yes,Downgrade,2,33.48,70.59,N/A,16.84,41,82.1,21.84,1.61,Bundled,42.98,27.94,9.49,0.49,North
f95d9cde-44a8-4d9f-9ddb-2c9b353ab9d3,2026-05-22,CUST-297565,0.95,No,No,None,5,36.18,84.58,N/A,6.43,15,79.46,57.81,1.52,Bundled,46.7,48.84,6.65,0.18,West
290ac0a3-de8d-46e9-ae2c-57f963ecaada,2026-06-18,CUST-452081,0.42,No,No,Downgrade,2,32.98,79.86,N/A,16.93,72,90.5,48.31,4.72,Voice,23.91,29.64,11.02,0.16,South
02097abf-5a4f-4a32-aee0-a1a7e13607f0,2026-02-24,CUST-596108,0.54,No,No,Downgrade,5,17.97,67.61,N/A,18.19,34,86.53,35.68,2.93,Data,13.46,37.32,13.02,0.42,West
6f214227-2c29-4885-92ab-6a2d53383a3e,2026-02-12,CUST-373543,0.28,No,No,Downgrade,0,21.26,78.39,N/A,8.04,16,76.59,33.9,9.45,Bundled,12.41,21.26,12.7,0.46,South
a209cd51-6132-46c2-a93f-6e652d04c895,2026-04-12,CUST-977113,0.79,No,Yes,Upgrade,1,13.54,73.89,N/A,15.37,46,82.69,37.57,1.03,Voice,14.4,20.24,11.74,0.46,South
3a2d7010-691d-4446-aec0-cda8401885ab,2025-09-18,CUST-458814,0.75,No,No,Downgrade,1,21.07,88.51,N/A,6.21,62,86.88,49.1,7.66,Bundled,31.48,44.52,5.41,0.43,North
732000d5-a0ee-42f0-a422-fb992b474707,2025-11-11,CUST-901709,0.63,No,No,Downgrade,1,19.76,73.45,N/A,14.88,50,91.62,42.89,8.38,Data,42.92,35.02,7.92,0.11,East
4496da7d-db73-46a2-a93c-a238689d3b80,2025-12-31,CUST-476180,0.62,No,No,None,5,11.33,76.51,N/A,18.74,10,72.41,58.73,4.18,Voice,49.94,28.7,8,0.5,South
a97175f9-d8c1-4a86-a4d4-182a5232314f,2026-05-09,CUST-542486,0.34,No,Yes,Upgrade,4,12.1,87.37,N/A,18.04,6,90.66,50.63,4.63,Bundled,45.62,23.26,14.45,0.13,West
f68845c6-be9e-4a1d-bf4f-af7ea5bc771a,2026-06-19,CUST-378378,0.31,No,Yes,None,2,10.65,88.59,N/A,13.87,34,84.89,44.85,6.56,Data,28.36,48.67,4.49,0.26,East
4a8cf03d-f1df-4469-9fb5-6f6c908468d5,2026-07-02,CUST-644595,0.78,Yes,No,None,4,35.71,81.38,Other,10.66,62,81.85,36.44,3.78,Voice,44.98,45.54,1.91,0.23,West
1cc187f8-1b46-4a50-b9e3-8174dcf07c05,2026-04-20,CUST-727005,0.06,No,No,Upgrade,2,24.7,77.88,N/A,18.99,66,81.95,57.1,1.51,Data,36.63,14.07,13.2,0.39,South
444d9085-9577-49ca-9158-f255198435d0,2025-12-02,CUST-455666,0.05,No,No,None,0,37.75,69.97,N/A,13.32,18,78.35,33.62,5.3,Voice,13.65,37.15,5.43,0.25,West
9f22392a-918d-44a0-9f27-4dfa6b4ef651,2026-01-24,CUST-455452,0.57,No,No,None,2,37.86,83.86,N/A,16.32,22,88.91,37.71,5.9,Bundled,14.85,18.53,14.3,0.4,East
090fb988-0a88-4495-810e-05a18cf0ff76,2026-07-14,CUST-448368,0.22,No,No,None,4,25.27,65.95,N/A,10.55,44,81.46,58.01,7.97,Bundled,16.11,43.87,13.12,0.25,West
167dced3-a0dc-4135-b396-59ad3d5df399,2025-09-14,CUST-588496,0.22,No,No,None,4,15.48,81.39,N/A,8.19,21,78.82,56.47,7.49,Voice,36.22,14.58,3.81,0.35,North
d08c1221-c650-4f04-ad11-a4eae6758347,2026-07-05,CUST-334881,0.53,No,No,None,3,31.72,63.83,N/A,15.63,36,90.09,22.35,9.96,Voice,22.87,30.83,3.02,0.47,West
22426d22-6439-4a04-8410-8d59d84f8af7,2026-04-28,CUST-626809,0.64,No,Yes,Downgrade,4,15.88,87.46,N/A,5.66,8,81.69,53.63,6.62,Data,25.6,30.24,10.56,0.18,North
ab75b51e-24ef-4f07-aff8-48b906bfb3df,2025-11-12,CUST-561961,0.07,No,No,None,1,29.63,81.01,N/A,12.83,50,75.38,29.28,4.12,Bundled,34.79,25.06,7.95,0.22,North
e9a5c9c8-85f1-4421-9fd6-a4adf271741c,2026-02-05,CUST-842157,0.23,Yes,No,Upgrade,1,14.77,85.59,Price,15.33,66,86.31,40.48,9.66,Voice,31.17,22.79,7.89,0.1,East
3913a3a5-c480-4db9-9766-99693c626f0a,2026-04-07,CUST-311994,0.34,No,Yes,None,1,13.83,60.62,N/A,12.57,67,88.79,58.11,5.65,Bundled,38.56,27.74,2.02,0.49,West
5ea17d93-899d-42af-ae48-3f067ec4e05b,2026-01-14,CUST-922547,0.15,Yes,No,Downgrade,5,23.93,63.28,Price,17.5,51,91.51,54.05,5.46,Voice,33.74,11.79,2.09,0.47,East
f92e45df-ac6a-4bdd-b5e9-2c92b29336dd,2025-07-27,CUST-385911,0.7,No,No,Upgrade,1,38.36,89.26,N/A,11.88,50,92.96,33.96,7.9,Data,39.96,13.31,9.26,0.43,North
16bac2cb-1ccb-4ba7-82dd-9430220f5e37,2025-09-29,CUST-970762,0.9,No,No,Downgrade,4,31.96,86.93,N/A,12.36,50,72.16,45.53,2.82,Data,37.13,17.09,14.49,0.15,North
bad06742-4955-4726-91b7-cbbc63de3340,2025-10-05,CUST-482754,0.45,No,No,None,5,11.38,70.17,N/A,17.71,61,89.34,48.58,3.57,Bundled,32.66,49.49,6.01,0.3,North
e6348b1f-8b2b-4f54-8710-8e17ae6c4266,2026-06-27,CUST-271060,0.84,No,No,None,5,21.03,87.72,N/A,8.63,34,85.25,57.19,8.91,Voice,35.69,42.26,7.75,0.4,East
49228452-1266-4ede-909a-e9684a4b8f5a,2026-02-18,CUST-375427,0.65,No,No,None,1,32.67,87.05,N/A,11.06,70,84.56,54.57,8.09,Voice,29.49,27.78,2.51,0.22,North
a1a899d0-e13b-4968-abe3-79f860db12c7,2026-06-25,CUST-590306,0.69,No,No,Downgrade,1,39.42,77.4,N/A,16.61,66,85,46.42,9.34,Bundled,49.96,28.4,1.39,0.46,East
1fbb19d7-a30a-447c-ab7a-ec1b66d4f82d,2025-08-31,CUST-204048,0.51,No,Yes,Upgrade,2,27.96,69.26,N/A,10.55,25,74.44,21.9,4.42,Bundled,9.34,27.68,10.19,0.21,West
cc865fdc-3007-4625-8e9f-ed8926c5f64d,2025-10-29,CUST-125154,0.53,No,Yes,Upgrade,4,30.13,71.32,N/A,19.93,16,77.77,26.89,6.8,Data,42.82,20.41,5.61,0.31,East
0598df75-23ff-48a3-924a-f3e652032ae0,2025-12-02,CUST-532233,0.54,No,No,None,3,11.81,62.19,N/A,10.27,60,92.94,44.52,6.32,Bundled,49.56,31.67,1.43,0.33,South
84471fe3-301e-410d-9ea5-71d6e7e48f38,2026-03-25,CUST-542433,0.81,No,No,Downgrade,3,14.89,70.65,N/A,14.41,45,76.4,50.63,6.03,Bundled,17.76,20.31,10.11,0.33,South
e3abe6e5-2c5c-4ad7-be9d-ab922160b95d,2026-03-15,CUST-399438,0.68,No,No,Upgrade,2,28.97,70.7,N/A,16.48,29,71.3,33.99,7.19,Voice,49.93,47.61,7.7,0.5,East
c35a9b45-f943-4281-bb89-7b71a20dc567,2026-01-27,CUST-872334,0.62,No,No,None,3,35.05,83.61,N/A,6.67,40,78.22,46.21,2.32,Bundled,30.84,48.15,5.37,0.15,South
f8690fb8-98a1-435f-a717-457bfdea4ea4,2026-02-26,CUST-449360,0.36,No,No,Downgrade,5,11.84,76.16,N/A,19.68,70,77.08,25.09,1.12,Data,16.5,41.38,9.33,0.17,East
b0d9bc1a-836f-4bc0-8acd-9985abb963a6,2025-09-24,CUST-267257,0.56,No,No,Downgrade,2,35.5,72.29,N/A,9.89,10,89.84,34.87,8.71,Data,45.05,41.32,1.48,0.43,East
2646ff3d-9083-4881-861e-e4b0abb43d57,2026-02-01,CUST-436632,0.84,No,No,Upgrade,5,14.36,88.79,N/A,19.59,26,77.46,56.1,2.05,Voice,44.93,32.52,9.6,0.26,North
22bb3448-260b-44a8-8847-2736752e799c,2025-09-10,CUST-370457,0.74,Yes,Yes,None,3,39.79,88.9,Moved,17.22,18,82.56,21.03,6.67,Voice,22.17,10.81,9.16,0.2,South
441c2fe0-32a3-401c-af05-94ab99076c6f,2025-12-03,CUST-244464,0.53,No,No,Upgrade,2,12.08,79.01,N/A,9.98,23,71.43,40.87,9.1,Data,43.89,16.76,6.16,0.48,North
ba0c0016-2f06-40f4-a737-11d7d0b6fccc,2026-01-26,CUST-517693,0.75,No,No,Downgrade,2,18.58,80.94,N/A,16.32,62,71.32,32.26,3.21,Bundled,36.02,29.67,10.82,0.31,West
b4ee0481-c197-4ded-991e-69546a0ae9f4,2026-06-15,CUST-221656,0.22,No,Yes,None,5,31.43,75.42,N/A,19.07,61,94.63,37.24,4.51,Voice,48.98,46.94,9.31,0.34,West
cfdeeb23-c2bb-46a9-8b81-238f9a1e1e53,2025-07-27,CUST-130410,0.04,No,No,None,1,11.69,77.04,N/A,15.74,32,91.96,23.68,3.83,Data,45.58,14.95,11.08,0.26,West
fe34de31-68e8-4c15-9eb5-c966f8cd79da,2026-02-26,CUST-530412,0.89,No,No,Downgrade,1,34.3,63.69,N/A,7.81,60,79.05,22.57,5.19,Voice,47.86,15.65,5.19,0.12,North
befcb767-2db7-4559-9ab6-0d636ba44dc1,2026-04-22,CUST-179221,0.31,Yes,No,None,1,14.89,60.96,Customer Service,7.43,17,71.17,36.99,7.91,Voice,28.59,28.13,12.57,0.26,South
2215d2c3-2c62-4dba-8223-ab7c2766eca7,2026-02-17,CUST-581559,0.77,No,No,None,2,37.23,76.46,N/A,7.46,70,87.38,45.57,6.44,Bundled,41.57,45.72,2.6,0.25,South
aa7f1fda-b8fe-458a-8733-5541e9c22e68,2025-10-24,CUST-214917,0.61,No,No,None,3,23.24,87.89,N/A,19.18,68,90.43,59.55,4.31,Bundled,44.61,19.42,5.12,0.4,South
770dcd1a-3fa0-42a8-a73c-72c32d7665d7,2025-10-20,CUST-353830,0.97,No,No,None,2,34.77,75.79,N/A,6.34,20,74.29,48.55,6.3,Data,29.37,18.06,4.72,0.14,West
dfe04a5a-d5bd-46da-90de-b08fead225bb,2025-08-01,CUST-877861,0.34,No,No,Upgrade,0,37.39,86.12,N/A,16.33,11,76.96,49.23,5.19,Bundled,11.75,16.89,5.27,0.28,South
41b94812-9ec7-454f-a36c-dd7701bc7e34,2026-06-28,CUST-323043,0.62,No,No,Downgrade,3,36.95,82.92,N/A,11.35,61,88.66,42.88,9.39,Data,24.45,10.32,10.93,0.21,West
49d0a304-0f16-4944-8988-9f2fd5d0205b,2025-12-29,CUST-345376,0.68,No,No,None,4,36.21,67.75,N/A,18.65,35,82.42,54.59,5.84,Data,17.37,13.57,8.78,0.27,North
40c2ad98-c161-41ff-a691-dc0fe5aea99e,2026-07-20,CUST-920377,0.62,No,Yes,Downgrade,0,35.99,67.67,N/A,12.05,29,78.01,46.81,6.67,Bundled,8.22,31.09,2.53,0.28,North
15c3a9f0-b487-4096-8d3d-0a2aebb0d681,2026-01-23,CUST-617617,0.27,No,No,None,1,24.54,65.1,N/A,15.44,52,82.7,27.04,5.64,Data,45.11,39.3,5.18,0.22,South
91459413-b5c7-4f85-a87b-e8eccd2036ac,2026-01-23,CUST-626159,0.68,Yes,No,None,0,25.05,82.72,Network Quality,14.64,18,90.47,41.31,8.08,Voice,43.57,22.32,7.8,0.49,East
6348ebcd-3c2e-4e77-8421-a8dcfbd8e0d6,2026-06-12,CUST-722075,0.69,No,Yes,Downgrade,3,18.54,83.21,N/A,17.72,59,81.95,54.75,2.56,Voice,38.17,41.58,2.38,0.16,East
ad7bf96c-d044-435d-8a36-c1b31d209750,2026-07-13,CUST-230449,0.46,No,No,None,2,21.24,64.18,N/A,9.71,33,89.02,25.07,3.42,Data,38.11,23.09,4.18,0.33,East
30c1dba0-3718-44ed-ac77-04316d78aea6,2026-01-06,CUST-590764,0.19,No,No,None,4,20.32,85.64,N/A,11.6,34,94.03,57.05,8.11,Bundled,48.33,20.71,11.54,0.14,West
b033ac67-6170-4d41-92d1-2c64bb4f5cb3,2025-10-03,CUST-919669,0.53,Yes,Yes,Downgrade,2,14.57,78.1,Customer Service,8.73,22,82.52,47.26,2.09,Voice,12.63,29.8,1.24,0.12,South
a77ec616-586b-4275-b1e3-c17725c0a7a4,2025-12-28,CUST-519730,0.92,No,No,Downgrade,3,23.92,85.93,N/A,18.32,41,83.68,33.52,1.89,Bundled,32.42,36.2,2.48,0.21,East
9bf57cf1-2750-4297-a2ac-354fecf54c6a,2025-08-01,CUST-390264,0.08,No,No,Upgrade,2,39.12,76.14,N/A,16.8,15,76.13,23.54,1.26,Bundled,26.9,24.53,9.55,0.24,North
98ed94ba-6c0f-4eff-a917-f44c3be242c9,2026-06-07,CUST-908187,0.39,No,Yes,Upgrade,3,24.57,68.59,N/A,11.07,42,82.92,26.27,6.25,Bundled,43.88,42.48,4.57,0.49,East
2e60cda2-adb2-4710-acc8-fd20fc787872,2026-03-24,CUST-462839,0.06,No,No,Upgrade,0,28.23,73.11,N/A,18.46,68,87.12,58.88,5.72,Bundled,35.24,23.93,5.2,0.11,North
0d2ba4a6-ab3c-4ea9-b0b4-f6c8f1a79722,2026-01-24,CUST-983635,0.42,No,No,Upgrade,4,11.2,70.38,N/A,12.47,56,73.93,23.25,2.48,Data,21.05,24.88,12.31,0.4,North
fee46070-68a6-460c-bf08-9bbb877c23b5,2026-03-27,CUST-279750,0.06,No,No,Downgrade,3,14.5,66.78,N/A,14.13,57,90.89,45.96,3.13,Voice,28.02,49.16,9.9,0.4,East
ff4b7712-cb0a-4971-aeeb-bee8642d395e,2026-06-09,CUST-215969,0.14,No,No,None,5,20.94,71.94,N/A,6.56,39,75.92,27.56,5.36,Bundled,30.91,29.78,10.7,0.47,East
6601e844-559e-4835-8243-707461626891,2026-01-24,CUST-501833,0.73,No,No,Upgrade,0,13.41,84.23,N/A,11.08,32,86.85,31.54,6.23,Data,49.77,46.52,11.73,0.17,North
461a1be3-b879-4050-9904-9e292937c70d,2026-07-24,CUST-744967,0.84,No,No,Downgrade,1,38.92,88.74,N/A,15.87,41,74.6,41.53,5.48,Data,44.88,15.37,12.37,0.32,South
27303712-d515-4de2-a18f-437925fd9275,2025-09-21,CUST-265054,0,No,No,Upgrade,1,31.26,67.03,N/A,17.54,65,91.23,36.87,9.67,Voice,33.51,22.19,2.26,0.13,South
f1ce51d0-a067-408a-9c4f-17aa24fa8f36,2025-11-25,CUST-844210,0.95,No,No,None,4,34.54,88.22,N/A,19.95,53,94.6,48.95,3.45,Bundled,32.72,31.55,9.36,0.27,South
5170ad45-1ebc-442e-b4e4-f6ff4846f9f4,2025-11-26,CUST-343633,0.75,No,No,Upgrade,4,14.02,89.78,N/A,19.44,9,93.15,31.04,9.59,Bundled,18.47,13.5,9.99,0.37,South
3e56e912-819b-4db7-8673-d918f2deb6ea,2025-09-12,CUST-364296,0.77,Yes,No,Upgrade,4,35.93,74.77,Price,11.78,57,87.29,45.83,8.9,Data,46.98,11.59,8.68,0.43,South
a00cc731-507c-4dfe-9f52-9dadd9c058c6,2025-09-28,CUST-172868,0.39,No,No,Upgrade,5,29.66,71.1,N/A,9.43,58,91.7,53.41,6.89,Voice,46.33,31.65,4.43,0.26,East
da6bc4c8-acf5-4e50-a7ca-02b4d8a62a6c,2025-09-29,CUST-577000,0.14,No,Yes,Downgrade,3,22.83,79.74,N/A,17.41,30,81.15,46.37,2.64,Voice,31.65,46.47,14.42,0.29,East
43ce1395-6a6c-4c34-b17b-22846ec794c4,2026-01-31,CUST-520260,0.52,No,No,Upgrade,2,19.6,64.73,N/A,6.57,72,86.78,37.6,5.56,Bundled,26.47,14.9,8.13,0.13,North
8ad6af5d-9b54-4ca4-b774-7d9968e6d0ad,2025-08-06,CUST-152855,0,No,Yes,None,4,19.36,87.69,N/A,16.94,71,92.76,53.73,9.86,Data,45.21,41.51,13.57,0.44,East
20d0acd7-c465-4374-9cff-1f9b46da5a2e,2026-06-15,CUST-309527,0.76,Yes,No,Downgrade,3,15.34,84.24,Customer Service,14.6,66,84.43,40.59,6.68,Voice,28.9,37.79,11.01,0.1,East
4abd0ae2-7fa3-433f-bf4e-19e7efc83ffd,2025-07-26,CUST-956825,0.11,Yes,No,Upgrade,0,14.51,81.09,Other,14.84,35,88.56,46.62,1.7,Voice,26.56,29.09,14.1,0.27,North
53da6747-f0f5-460c-bd7f-b9b10534d076,2026-05-08,CUST-574289,0.47,No,Yes,Downgrade,2,12.71,82.13,N/A,15.64,24,83.91,30.49,2.33,Bundled,10.99,18.93,3.12,0.31,South
a18a8820-c93c-4122-a6f6-dfc1ebf91818,2025-12-29,CUST-971833,0.03,No,No,Upgrade,0,17.45,75.78,N/A,7.94,45,70.32,33.43,5.97,Data,8.97,19.79,13.09,0.35,North
a3cc3bda-e7f5-400b-9608-a0c98a045c31,2025-12-08,CUST-530262,0.35,No,No,Upgrade,4,16.41,73.24,N/A,17.7,12,75.78,33.57,4.55,Voice,24.66,10.17,9.83,0.48,West
05bec82f-097f-470a-864e-32abeb7ba5aa,2025-12-10,CUST-403982,0.12,Yes,Yes,Upgrade,4,14.88,69.62,Other,18.07,45,86.62,20.47,5.59,Voice,6.32,10.58,2.48,0.15,West
159989cc-9f83-4d29-8e11-4fb862640bc5,2026-02-27,CUST-413828,0.15,No,Yes,None,1,34.89,74.25,N/A,13.91,30,74.12,42.98,8.61,Bundled,43.8,48.17,4.84,0.19,South
5e047201-648a-4156-a59f-228346225f3d,2026-05-30,CUST-651616,0.27,No,Yes,Upgrade,2,27.87,87.28,N/A,17.67,71,89,50.69,3.93,Voice,20.84,48.9,9.95,0.46,West
3912732c-966a-41d2-b9cf-09ca3c0913c7,2025-12-20,CUST-575872,0.83,No,No,Upgrade,2,39.54,87.21,N/A,8.15,11,83.64,33.14,4.88,Bundled,35.11,48.38,10.01,0.33,West
6636a49e-5fec-4288-a99f-aeb924d616a4,2026-04-30,CUST-234838,0.61,No,No,None,1,33.04,71,N/A,17.28,43,94.44,28.88,1.11,Data,13.21,22.32,8.37,0.49,North
bb111a9a-d9e4-41d6-942d-305936df7e3a,2026-04-13,CUST-832778,0.36,No,Yes,None,5,22.8,79.76,N/A,10.43,11,90.86,39.2,3.01,Data,48.21,36.32,13.07,0.42,East
313410f0-3eca-457c-8d1f-68b98df1cbeb,2026-01-16,CUST-557866,0.31,No,Yes,Downgrade,4,36.68,66.56,N/A,8.77,10,80.6,25.37,4.97,Data,22.85,44.44,5.66,0.38,West
6e1bdbc2-de35-447c-a816-24997438af62,2026-05-08,CUST-270899,0.45,No,No,Upgrade,1,19.15,86.46,N/A,8.57,31,90.91,29.24,5.83,Voice,7.05,42.48,10.11,0.45,North
e0f74cbd-e710-493c-bb75-acc231e03b98,2025-10-10,CUST-494249,0.49,No,No,Upgrade,4,35.17,76.84,N/A,12.55,59,75.12,47.32,4.22,Bundled,38.81,30.07,9.58,0.27,North
efa81a84-1690-4fca-924e-1dc3f8dc1d82,2025-11-02,CUST-167495,0.17,No,Yes,None,1,38.38,72.41,N/A,13.09,60,86.08,49.26,6.04,Bundled,9.37,13.67,5.69,0.33,North
c2b7502a-2f09-400b-9c96-a62230107388,2026-03-02,CUST-829591,0.43,No,No,None,3,30.7,85.07,N/A,11.94,31,81.95,40.09,1.88,Bundled,21.05,33.06,1.01,0.37,North
fe5482c1-4834-4d74-90b2-a5454a50c6e9,2026-04-15,CUST-967401,0.03,No,Yes,Upgrade,1,15.03,89.32,N/A,12.25,18,84.24,36,1.44,Data,7.37,11.91,3.24,0.41,West
f69d987c-bb84-4431-975f-1ff3310d928c,2025-09-10,CUST-312602,0.89,Yes,No,Upgrade,5,26.96,62.99,Moved,9.87,57,87.27,42.78,7.71,Data,7.29,46.86,14.83,0.34,East
2d6a0d6f-58c2-4667-be07-5f2333a468cc,2026-06-04,CUST-678437,0.69,No,No,Downgrade,1,34.28,86.41,N/A,6.22,13,90.98,27.82,8.02,Voice,14.9,47.47,2.44,0.19,West
62d7ea90-3f35-4985-b3c6-426156667a27,2025-12-31,CUST-372531,0.66,No,No,None,5,10.38,66.84,N/A,5.11,32,79.2,59.14,2.89,Data,30.48,31.18,11.47,0.21,West
34696f14-fcad-4e09-adfa-78cfe0796305,2026-04-29,CUST-599616,0.07,No,No,Upgrade,2,26.16,76.67,N/A,10.71,11,76.07,37.27,3.94,Voice,10.99,25.62,4.49,0.3,East
77b13dde-5635-45a3-8290-8e587bdc0010,2025-09-06,CUST-184188,0.81,No,No,None,3,33.6,83.29,N/A,16.4,47,72.28,59.36,8.39,Data,27.28,18.03,6.21,0.18,North
9fba4f64-aef9-40fc-9d3a-92f8418f6335,2026-02-03,CUST-963017,0.42,No,No,Downgrade,3,10.08,69.24,N/A,10.25,56,90.1,52.21,4.66,Voice,12.98,25.56,4.13,0.28,East
67a4c214-4d5f-4b13-9471-1762b451babf,2026-07-01,CUST-890218,0.71,No,Yes,Downgrade,1,37.38,86.39,N/A,11.61,28,87.34,50.01,3.58,Voice,6.57,49.73,10.9,0.14,West
92d165bc-fc1d-4f34-89fe-1bcb271643bf,2026-02-20,CUST-849534,0.22,No,No,Downgrade,4,12.74,76.92,N/A,9.47,28,85.61,39.23,4.65,Bundled,32.89,20.53,10.64,0.28,East
4fb714ad-8df9-4987-89dd-f0f10fb8aa65,2025-09-11,CUST-400659,0.7,No,No,Upgrade,3,28.57,62.31,N/A,11.53,68,75,44.11,9.88,Data,40.09,38.55,7.21,0.26,East
c5712a62-3561-450d-822f-05a0cec2c732,2026-02-12,CUST-602796,0.65,No,No,Downgrade,1,21.01,75.47,N/A,9.05,36,81.83,40.81,4.85,Voice,24.17,35.08,4.51,0.45,South
d7b5dd5d-b573-4a98-9056-54511804236c,2025-11-04,CUST-268801,0.04,No,No,Upgrade,3,16.74,66.61,N/A,13.2,25,75.84,51.75,7.64,Voice,41.39,11.43,7.56,0.19,South
13549f37-efd8-45aa-b8f6-9d9a8570938b,2026-05-18,CUST-515695,0.02,Yes,No,None,1,36.34,78.7,Other,6.42,36,89.86,55.42,2.58,Data,24.03,44.88,4.45,0.22,East
de48aa42-5259-4a77-b2ac-e5c05683c496,2026-02-06,CUST-460346,0.61,No,No,Downgrade,3,33.2,85.77,N/A,11.18,67,94.14,38.54,6.86,Voice,23,45.93,12.7,0.31,West
aca8f9b5-9276-42aa-a0c6-35d968d16b9e,2026-06-16,CUST-141219,0.74,No,No,Upgrade,3,23.42,86.86,N/A,19.05,71,86.36,42.41,6.95,Data,11.23,49.01,4.14,0.49,North
34359d78-c5f2-4940-833e-4a5a28fc416a,2026-03-20,CUST-138412,0.21,No,No,Downgrade,3,38.86,75.15,N/A,12.42,63,72.3,36.1,7.27,Data,24.5,11.64,9.77,0.14,South
fa033b42-fb13-4bda-8a80-5c288647df97,2025-09-13,CUST-483852,0.6,No,No,None,4,12.55,64.14,N/A,19.66,68,81.04,59.2,7.03,Data,47.22,33.71,13.41,0.45,East
4ed83c29-2b8b-4064-8dbc-4238e79af63c,2026-01-21,CUST-872126,0.35,Yes,No,None,2,11.12,69.92,Price,11.06,65,84.59,35.18,7.22,Voice,10.54,11.7,8.06,0.18,East
cd8984af-e14a-46a1-8ddd-241a97069b9f,2025-09-18,CUST-621341,1,No,No,None,3,20.98,89.66,N/A,8.02,53,88.96,20.86,7.8,Bundled,16.04,21.79,12.01,0.46,South
93bdf957-41e3-4777-a88b-99d456588e89,2026-06-30,CUST-288068,0.66,No,No,Downgrade,4,10.82,66.04,N/A,9.45,36,89.04,47.42,8.18,Voice,23.59,42.6,8.02,0.28,South
42ed000e-017c-4c03-974d-584d24cf475c,2025-08-04,CUST-936018,0.14,No,No,Upgrade,0,21.45,81.95,N/A,15.16,25,83.33,33.47,3.6,Bundled,5.03,40.63,3.34,0.24,West
145c052e-d06e-404a-9d10-3ca8ac2ea829,2026-02-20,CUST-408693,0.65,No,No,Downgrade,3,28.45,76.38,N/A,19.1,69,71.11,58.42,8.41,Voice,16.22,41.15,14.92,0.3,West
ee1b62e1-fa7d-4ea2-ae30-b12e535d675d,2026-01-11,CUST-420234,0.95,No,No,Downgrade,1,37.76,62.16,N/A,8.24,12,92.24,49.51,4.44,Data,45.59,35.95,11.09,0.4,North
1705c79e-e898-4325-92af-d5cd0916988e,2026-03-02,CUST-166773,0.31,No,No,None,2,12.81,64.71,N/A,9.02,34,92.91,53.26,7.9,Bundled,17.46,26.03,1.15,0.4,East
f0bc0c88-089f-4de7-a5e5-4ee11ce986c3,2026-02-05,CUST-162437,0.33,No,No,None,4,30.43,72.28,N/A,16.66,32,88.2,54.92,1.04,Bundled,19.12,48,1.52,0.22,East
1a5c0eda-45b8-423e-a85d-21dbf374a239,2025-08-22,CUST-239344,0.68,No,Yes,None,1,27.4,61.17,N/A,16.39,50,81.86,58.17,6.05,Data,48.98,44.42,2.24,0.49,North
a8a0c8c1-417a-4205-aa62-12c2122f1533,2026-07-07,CUST-924894,0.96,No,No,Downgrade,2,16.99,76.3,N/A,9.9,24,89.83,27.67,1.14,Bundled,10.19,35.77,9.17,0.23,West
13ca48ef-9aef-42b3-8ad8-9a406ca3b3c3,2025-12-28,CUST-901375,0.59,No,No,Upgrade,3,28.96,66.88,N/A,15.52,47,74.73,58.06,6.06,Data,8.78,13.26,9.87,0.48,East
ff3d7b46-981a-4670-a1ac-333b2dc70850,2025-10-29,CUST-936776,0.51,No,No,None,5,25.04,75.92,N/A,8.99,7,77.26,47.48,8.21,Voice,39.65,44.39,8.52,0.43,North
f040ede9-7c93-4125-b359-6a327edd9cc8,2026-06-17,CUST-326225,0.69,No,No,Downgrade,2,22.51,77.86,N/A,18.52,51,70.33,58.71,5.99,Bundled,33.7,20.21,13.08,0.31,East
c16e4acc-778b-4415-b45f-a5bcbd391812,2026-01-04,CUST-936118,0.77,No,No,Upgrade,1,23.21,89.6,N/A,17.45,63,84.33,24.42,9.61,Data,24.17,33.73,2.91,0.39,South
4d6aa605-b508-4370-84a6-8da86952061c,2025-11-05,CUST-730811,0.12,No,No,Downgrade,3,33.87,68.02,N/A,14.17,58,81.38,44.35,6.35,Bundled,21.91,33.44,4.96,0.28,West
28764649-8ec6-4ba2-a073-020f5195387d,2026-02-18,CUST-871878,0.65,No,Yes,None,2,32.09,71.65,N/A,9.32,12,74.08,21.74,8.41,Bundled,44.33,14.11,10.82,0.15,South
04e7ae64-6bc1-42c1-b3f1-a98baf983f06,2026-03-26,CUST-865254,0.4,No,No,Downgrade,3,18.73,82.83,N/A,18.86,52,85.71,45.03,3.43,Data,13.75,36.87,4.62,0.16,East
844ee453-44c0-40df-96ad-15641bd0208d,2026-07-05,CUST-823792,0.21,No,Yes,Upgrade,2,20.42,65.35,N/A,18.46,52,74.38,47.77,8.46,Data,23.87,22.26,14.58,0.1,North
836e8957-8727-4f3d-b918-fa87f04fff00,2026-06-13,CUST-355638,0.03,No,No,Upgrade,4,32.53,62.18,N/A,17.91,14,73.82,41.14,9.12,Voice,6.96,15.04,10.25,0.47,East
5b891e19-5108-449f-be4a-666b897f3432,2025-10-17,CUST-460752,0.27,No,No,Upgrade,5,31.33,76.77,N/A,10.79,37,76.09,51.5,2.05,Voice,31.26,45.92,6.68,0.1,North
1a7e1596-1396-44ad-86d7-428ab9fb9297,2026-03-26,CUST-478901,0.42,No,Yes,None,5,30.46,72.35,N/A,11.55,49,85.37,23.02,2.67,Voice,29.32,15,8.11,0.5,South
a1f4428f-cf97-4215-b2d2-b5ffe7896def,2025-11-01,CUST-752176,0.27,No,No,Upgrade,2,17.99,61.82,N/A,17.41,21,90.48,44.97,4.29,Voice,13.72,49.62,3.07,0.14,West
f50ff061-9ddf-48a8-8efb-61ba34a49f39,2025-09-16,CUST-522403,0.42,No,No,None,1,20.08,71.03,N/A,19.27,32,93.25,40.66,9.44,Voice,40.4,27.23,7.97,0.44,West
e2243b39-5428-4f40-b48a-bb97151d31d5,2025-09-11,CUST-686305,0.23,No,Yes,None,2,27.61,75.12,N/A,7.69,61,87.51,58.07,1.74,Voice,21.81,10.15,3.6,0.28,East
0181950c-d1fe-4bb0-9832-1f95aadce2cf,2025-11-21,CUST-605379,0.62,No,No,Downgrade,2,15.47,72.38,N/A,6.74,54,93.18,28.34,3.32,Bundled,17.76,20.48,6.9,0.17,West
043de248-bce5-41a6-ba12-29e562bbd312,2026-05-22,CUST-935800,0.13,Yes,No,None,2,31,83.51,Network Quality,8.96,38,90.9,58.19,6.61,Bundled,38.64,34.65,7.81,0.25,West
1d803d34-5435-4c91-b542-f1212eea304f,2026-06-04,CUST-127352,0.33,No,No,Upgrade,1,34.73,70.64,N/A,5.85,50,84.73,28.44,8.45,Bundled,40.76,22.66,14.66,0.17,North
eda985c8-5183-4081-9274-297822c84ebc,2025-11-17,CUST-217150,0.22,No,No,None,3,19.82,67.9,N/A,17.66,48,86.45,43.35,9.79,Voice,43.67,40.91,13.81,0.43,South
87d5fdab-6c3d-40f4-a17e-252e032e6923,2026-02-16,CUST-691771,0.35,No,Yes,None,2,21.18,88.1,N/A,10.81,58,79.87,57.57,9.21,Bundled,41.85,17.25,14.06,0.25,West
40494479-d35c-4958-9fe6-5e5c6b760381,2026-05-15,CUST-109828,0.95,No,Yes,None,1,31.96,65.15,N/A,14.53,40,83.28,58.71,4.82,Voice,17.84,12.43,11.72,0.31,North
fea7404e-a520-4ee7-8d71-33e938612f3f,2026-07-09,CUST-847293,0.87,No,Yes,None,1,13.35,76.48,N/A,14.76,17,93.98,50.93,2.43,Data,16.67,33.02,5.85,0.25,East
e6c33648-9c43-499c-a39b-10d9d67f634a,2025-11-11,CUST-884499,0.66,No,Yes,None,5,31.32,65.91,N/A,19.75,49,74.55,42.39,8.27,Bundled,16.34,19.68,7.35,0.44,West
f3916ee8-5117-4252-bba6-97d00aff1265,2026-05-29,CUST-638537,0.58,No,Yes,Downgrade,4,39.81,77.22,N/A,6.06,14,72.83,36.5,6.73,Voice,25.01,17.03,12.15,0.18,North
651b1112-281b-4bf4-84d7-214bf8a859c8,2026-04-01,CUST-937856,0.72,No,No,Upgrade,4,30.74,79.5,N/A,15.02,13,93.9,39.12,7.52,Data,36.92,43.1,7.57,0.4,South
44ad8fb8-9677-472c-80b4-7feec355775f,2025-08-24,CUST-376120,0.9,No,Yes,None,5,13.31,82.82,N/A,19.89,21,83.8,39.24,9.69,Data,46.79,18.21,6.65,0.49,North
e89a6072-02ee-4c2c-87a6-b4ef0f2ccbf5,2025-12-26,CUST-215073,0.96,No,Yes,None,0,25.62,66.54,N/A,17.78,61,90.3,25.1,1.09,Data,37.17,21.1,9.37,0.33,North
6b7a949a-cf75-430b-b053-e29bbfdfd5fa,2025-08-02,CUST-890283,0.81,No,No,Upgrade,4,30.62,83.88,N/A,5.46,6,94.47,21.06,7.18,Data,17.89,11.24,11.25,0.19,West
4285b06c-da4d-47af-bd07-36d02cddbc96,2026-03-15,CUST-910490,0.59,No,Yes,Upgrade,0,17.81,63.41,N/A,10.87,10,75.63,41.19,7.03,Bundled,33.98,11.41,2.3,0.42,West
8e672c42-3cf3-4840-9674-ae1d9968c3ad,2026-05-27,CUST-331171,0.01,No,No,Upgrade,4,19.92,73.89,N/A,14.18,9,91.16,44.94,7.93,Voice,41.79,49.2,4.98,0.26,West
2b617447-17f6-40ab-a988-3e02d5001b0b,2025-07-27,CUST-922158,0.78,No,No,None,4,12.13,72.53,N/A,6.25,56,80.35,34.26,6.79,Bundled,7.68,27.57,14.8,0.43,North
7d7b22cb-1ecb-41ec-ae75-0e1f125faf91,2026-05-10,CUST-572781,0.78,No,No,Downgrade,4,10.49,78.05,N/A,19.84,45,79.99,28.59,8.83,Bundled,40.1,25.34,2.43,0.47,West
6c0ab33c-a599-42a4-90e0-ef0087a9709c,2026-01-25,CUST-338014,0.31,No,Yes,Downgrade,2,10.83,77.75,N/A,14.55,47,92.26,27.28,1.86,Data,30.51,36.16,7.7,0.18,North
249154eb-a261-49c3-978a-b92d7e0a8617,2026-04-08,CUST-550962,0.08,No,No,Upgrade,2,39.39,84.16,N/A,19.12,35,70.66,57.25,6.49,Bundled,7.07,15.78,3.55,0.24,South
5d5107d6-e980-44cb-9c73-0ab12f25f617,2026-05-06,CUST-332828,0.39,No,No,Downgrade,3,26.03,60.43,N/A,19.61,21,74.97,49.91,6.96,Bundled,31.6,13.35,11.92,0.13,East
6f8db7e4-8ef6-48e3-9cf7-aa75a8f4a99e,2026-04-22,CUST-130656,0.23,No,No,Upgrade,4,33.97,86.95,N/A,11.95,22,92.6,46.39,4.79,Data,48.19,43.61,13.85,0.5,South
74ffb032-0329-4598-ab1b-d4b756acde73,2026-07-13,CUST-352375,0.75,No,No,Downgrade,2,19.84,81.17,N/A,9.09,13,74.12,35.62,2.75,Voice,39.26,39.55,9.33,0.42,South
703052e2-2205-4e63-acdc-c5f44aaf2d69,2025-08-23,CUST-505256,0.23,No,No,Upgrade,0,30.75,75.72,N/A,7.34,68,71.3,24.14,5.22,Bundled,17.12,12.94,9.7,0.23,East
e7a09ef8-4aeb-4afb-9fc0-c99098dbb679,2025-08-16,CUST-495059,0.86,No,No,None,5,38.59,85.29,N/A,9.83,21,84.58,50.9,4.77,Voice,35.23,37.31,2.7,0.4,West
334db51d-00ff-4304-8a2e-81d2c0ecb6e1,2026-01-02,CUST-388514,0.7,No,Yes,None,4,12.59,66.91,N/A,9.03,30,71.9,39.39,8.96,Voice,30.18,31.85,3.8,0.3,East
9f7e0ad3-f6b3-4e71-a36b-1bd72928a3e6,2026-07-01,CUST-115738,0.4,No,No,Downgrade,5,10.06,67.15,N/A,19.83,59,78.5,51.5,3.45,Bundled,7.6,36.88,13.5,0.4,North
390f11cb-0871-4f5a-b933-097dcc479a74,2026-06-06,CUST-182964,1,No,Yes,None,2,37.38,65.4,N/A,5.65,22,93.33,45.29,1.54,Bundled,16.67,37.07,8.67,0.5,North
8096c6f1-1f5f-4104-a4a9-1895e5dfe4b1,2026-06-16,CUST-630269,0.97,No,No,Upgrade,1,37.09,67.92,N/A,17.39,44,92.89,31.79,7.51,Bundled,33.35,27.82,1.57,0.26,North
71f01474-0212-4268-9d14-4204574c199b,2026-01-22,CUST-350021,0.69,No,Yes,None,4,35.12,67.73,N/A,6.75,13,94.13,55.96,7.14,Data,21.02,25.7,11.93,0.39,South
2e26236e-6231-433c-98fb-089cd602fa6e,2025-07-29,CUST-167581,0.3,No,No,Upgrade,3,33.84,81.42,N/A,6.47,54,73.09,27.17,8.81,Voice,22.81,18.71,12.95,0.49,West
ee7b86a3-0dc5-4c89-8d82-e06e35f83d1b,2025-08-09,CUST-693161,0.88,No,No,Upgrade,3,36.43,72.99,N/A,12.52,62,86.91,20.39,5.24,Data,5.24,25.9,6.66,0.29,North
0676d87d-fa90-4cd9-b138-5b0974658cfe,2026-05-07,CUST-141229,0.58,No,Yes,Downgrade,1,24.23,69.25,N/A,5.49,19,70.93,58.24,7.67,Voice,36.02,41.42,7.62,0.36,East
e022ea23-8355-42e2-9c65-e348a0a4c3f2,2026-05-25,CUST-738528,0.74,No,No,None,4,19.78,83.27,N/A,17.51,33,86.76,34.16,8.66,Bundled,39.33,21.57,13.84,0.15,West
2c2e90bd-d05a-47f2-b7e0-cea837a6457e,2026-05-07,CUST-132137,0.38,No,No,None,2,13.62,89.05,N/A,16.59,44,78.77,25.13,1.77,Bundled,21.77,41.58,1.81,0.4,South
03b17b9f-787f-4321-b33e-b2242cba6f08,2025-09-02,CUST-153249,0.27,No,Yes,None,5,34.01,63.4,N/A,14.84,15,76.56,31.96,3.18,Voice,40.48,42.29,6.62,0.42,West
a6659795-4926-46a3-8d11-a51045e20097,2025-11-10,CUST-292676,0.76,No,No,Downgrade,3,16.47,65.27,N/A,19.22,69,76.15,42.86,9.91,Voice,27.29,22.44,10.22,0.18,North
8f0348c2-b953-467c-8159-fa03ff3e8f4c,2025-10-19,CUST-563639,0.07,No,Yes,Downgrade,0,39.35,81.67,N/A,16.65,34,87.11,37.17,2.23,Voice,23.57,45.15,9.25,0.37,West
ea50f869-8595-4ec5-990c-261ab736423b,2025-12-31,CUST-716857,0.11,No,No,None,2,24.09,66.82,N/A,17.07,68,73.09,57.73,1.86,Data,22.75,47.26,5.77,0.48,West
48fd7161-4d15-47fa-a56f-57bff9364c88,2026-01-10,CUST-757160,0.99,Yes,Yes,Downgrade,2,18.69,63.1,Moved,8.7,22,71.4,23.37,1.19,Data,44.95,17.31,11.65,0.18,North
77cb7ae1-8c5f-459a-872e-2e2f5485a1ba,2026-02-26,CUST-376574,0.07,No,No,Upgrade,2,36.17,64.83,N/A,5.92,56,85.43,25.29,7.7,Bundled,45.87,48.6,6.79,0.12,East
776462c5-9878-4916-b176-cc43875b59c9,2026-04-24,CUST-741381,0.79,No,No,Upgrade,4,28.17,73.9,N/A,12.76,22,80.01,23.94,7.07,Bundled,23.68,20.2,2.97,0.31,East
6a221d46-ed9e-4808-b20c-3e3267368f87,2026-03-14,CUST-109343,0.14,No,Yes,Downgrade,1,26.28,77.12,N/A,15.29,69,92.72,33.03,5.43,Voice,31.99,20.35,12.17,0.38,South
fc25b715-200a-4ae2-a4da-244ea3ed812f,2025-10-22,CUST-628996,0.52,No,Yes,Downgrade,4,27.85,78.17,N/A,9.36,71,75.44,28.96,1.64,Voice,20.72,21.74,2.93,0.29,North
94482f4d-8001-4ff5-a0bb-f4b7de2fd10d,2025-12-27,CUST-702944,0.51,No,No,Downgrade,4,27.64,78.84,N/A,16.73,50,77.23,55.78,2.53,Bundled,44.3,23.65,7.46,0.28,North
de24122d-5e23-4cc4-b2d5-fee42302afc5,2025-12-05,CUST-818558,0.44,No,No,Downgrade,4,26.72,66.86,N/A,10.65,64,87.91,53.15,9.75,Voice,35.56,25.75,5.81,0.13,West
b93479eb-cfb3-4ea3-aef6-25db7c42e376,2026-07-03,CUST-446749,0.5,Yes,No,None,3,31,67.65,Moved,13.59,60,71.5,49.44,1.09,Voice,36.92,23.98,6.26,0.4,East
42e3a730-9e6c-4079-bb01-29ac50c415fe,2025-10-22,CUST-738882,0.29,No,No,None,5,30.15,77.88,N/A,12.97,9,74.78,24.75,2.88,Voice,8.53,34.4,4.34,0.21,East
ad8d46ce-ef67-4036-887c-a5545d0a64e6,2025-09-01,CUST-761936,0.44,No,No,Downgrade,0,26.01,64.44,N/A,14.37,64,89.13,40.71,3.78,Voice,33.77,32.81,1.16,0.38,East
bc6b79b7-7b56-490c-992f-bac86ac81e40,2025-10-03,CUST-589601,0.21,No,No,Upgrade,2,20.36,71.7,N/A,19.13,36,91.09,24.4,4.69,Voice,29.59,39.86,12.42,0.22,South
9cdc75bb-7a21-4d6b-9214-8d9ea2e67ac4,2026-04-29,CUST-342536,0.77,No,Yes,Upgrade,4,34.59,81.03,N/A,6.29,25,92.79,47.82,9.17,Voice,33.33,43.24,14.94,0.11,East
feb7f8e4-eda7-439a-bf5b-f0e5c85dd945,2026-03-08,CUST-225371,0.56,No,No,None,3,26.13,87.97,N/A,12.84,20,80.53,32.71,1.26,Data,44,45.77,5.32,0.3,South
424d4800-11ad-46e9-bfb0-6801593b72cc,2026-02-24,CUST-763854,0.11,No,Yes,Downgrade,3,39.39,64.44,N/A,13.5,8,88.8,47.33,3.15,Data,24.48,17.25,10.36,0.12,West
6b80b6c0-020f-4b68-b0e1-4f6eddbb072c,2025-09-09,CUST-947544,0.66,Yes,No,Upgrade,1,25.72,75.53,Network Quality,18.31,48,86.78,35.59,5.44,Voice,35.55,33.56,8.31,0.44,South
f5e18606-acfe-45f2-bd61-f4e67ff877cb,2026-05-03,CUST-520934,0.54,No,No,Upgrade,3,23.42,83.64,N/A,13.47,60,74.6,47.84,9.26,Voice,42.27,46.52,6.15,0.34,North
68e8c41f-6feb-4b62-897f-37d8ecff89e2,2026-01-25,CUST-798109,0.8,No,No,None,2,14.93,74.69,N/A,14.66,27,89.37,55.33,1.74,Bundled,33.58,25.44,12.24,0.25,South
61b826b6-3092-478e-8edd-2057d0fb682b,2025-10-07,CUST-562795,0.02,No,Yes,None,5,26.29,76.67,N/A,12.78,63,80.65,57.91,5.71,Bundled,40.85,30.89,2.67,0.13,South
3cb6e984-07de-4a92-a329-d334897ee6d8,2026-03-03,CUST-586967,0.63,No,Yes,Upgrade,2,26.32,83.1,N/A,14.62,54,94.8,53.72,8.53,Bundled,8.9,43.74,1.16,0.45,North
2ea89ac7-1577-4a96-abeb-53bbaff5f738,2025-11-02,CUST-199954,0.5,No,Yes,None,1,31.46,68.13,N/A,11.69,42,77.66,28.08,6.21,Data,15.87,47.75,14.88,0.33,South
56150910-9f23-4c0b-866b-9fa0be25c375,2026-06-20,CUST-911368,0.16,No,No,Upgrade,3,20.38,62.49,N/A,13.14,53,92.3,45.95,4.88,Data,28.73,43.07,3.28,0.47,North
c814fea5-7337-48d9-8e66-f68db526a599,2026-01-31,CUST-408921,0.87,No,No,Upgrade,2,12.04,70.1,N/A,9.97,6,93.94,27.59,5.64,Voice,37.84,28.86,5.42,0.14,East
3c2531da-3eda-4afe-aaea-8bf0def0922e,2025-12-12,CUST-465729,0.73,No,No,Upgrade,4,35.02,80.62,N/A,19.58,31,84.42,29.45,8.56,Voice,16.31,18.28,10.74,0.3,East
53584df1-ed8f-4f50-8392-7a2e72dad9fd,2026-04-30,CUST-205125,0.45,Yes,Yes,Upgrade,0,11.8,69.72,Moved,19.03,63,91.51,34.43,5.84,Voice,22.24,30.57,11.7,0.49,North
1479dada-fb48-4aaf-80ea-8388d56e6a90,2026-05-15,CUST-377944,0.89,No,No,Upgrade,2,22.08,60.49,N/A,10.09,61,70.04,32.77,8.2,Voice,22.1,27.78,5.91,0.44,South
c4fb3990-a852-49d9-9fc0-c16b2d7386d5,2026-01-11,CUST-631796,0.39,No,No,Downgrade,3,14.3,85.21,N/A,11.5,9,77.1,20.78,5.64,Bundled,41.1,37.11,12.61,0.39,South
04cf5d39-8bfc-4f53-b45d-e3d3e1f00215,2026-06-29,CUST-143070,0.93,No,No,None,3,36.28,63.08,N/A,17.96,15,92.17,31.75,5.46,Bundled,44.06,38.2,9.5,0.23,North
0347569d-476d-44d9-9d13-26899735fd7c,2025-10-17,CUST-172548,0.2,No,No,Downgrade,2,29.08,66.47,N/A,17.67,49,70.92,51.81,6.59,Bundled,42.33,44.67,9.56,0.16,North
bf9307cf-848e-4fa7-bfb9-1a5c77064882,2025-10-19,CUST-193284,0.67,No,No,Downgrade,0,30.98,67.89,N/A,13.23,62,71.69,43.01,5.85,Voice,46.57,27.03,6.1,0.22,East
a8b6f6b3-d21a-47d8-a951-ae829856d0b3,2025-08-07,CUST-242853,0.11,Yes,No,Downgrade,3,36.79,60.76,Network Quality,19.31,57,83.76,41,2.53,Data,7.07,41.95,5.22,0.3,South
12211159-3b76-458c-88f3-c3adf31cf1bc,2025-12-20,CUST-169923,0.77,No,No,Upgrade,1,23.97,80.95,N/A,13.65,13,82.15,52.43,4.36,Voice,41.61,20.49,3.11,0.23,West
0b5d14b8-06e6-47f9-8228-ec077c0f7505,2026-07-08,CUST-412363,0.6,No,No,Upgrade,2,22.99,62,N/A,18.24,57,93.96,34.97,9.03,Bundled,42.61,12.46,14.15,0.35,South
5a25c4b5-e971-478a-9d97-d95965c4bbb6,2026-03-15,CUST-159234,0.03,Yes,No,Upgrade,2,32.81,76.24,Other,17.12,38,80.17,52.8,8.83,Voice,48.03,39.24,13.02,0.15,East
20449ca1-e06f-4e28-825a-a1f59ba4b777,2025-07-29,CUST-396852,0.44,No,No,Upgrade,1,36.01,78.48,N/A,14.83,11,87.83,39.9,3.97,Voice,46.52,43.04,2.52,0.32,West
ee190495-2d4a-4b17-9b78-de18deaa12e0,2026-01-08,CUST-417311,0.43,Yes,Yes,Downgrade,4,16.92,78.39,Moved,15.88,42,87.88,55.3,4.61,Data,40.38,14.39,1.75,0.5,South
f45876f2-d329-4dcc-b9b8-a697587d48e3,2025-08-09,CUST-514921,0.78,No,No,Downgrade,4,24.91,60.68,N/A,13.95,55,74.18,30.44,2.85,Bundled,49.88,11.49,3.71,0.24,South
e22447bd-10b6-4b6c-ad6a-1bcedea28aba,2026-03-03,CUST-789680,0.88,No,No,Upgrade,1,35.83,73.1,N/A,8.13,31,93.34,25.26,1.4,Bundled,8.99,46.54,14.32,0.5,North
054947e3-ca9b-461a-be3a-ddf5a7735248,2025-08-10,CUST-103397,0.88,No,No,Upgrade,1,24.58,66.14,N/A,14.52,8,89.29,28.32,8.37,Voice,11.46,16.42,1.23,0.29,North
fe4c7f37-75f8-4313-aca5-4d0882551f8e,2026-06-07,CUST-374459,0.7,No,No,None,2,21.27,72.47,N/A,10.8,69,81.61,46.33,4.85,Data,21.41,29.6,12.46,0.36,North
e0b86945-d26b-4237-b269-146e8e047fcf,2026-01-15,CUST-574030,0.57,No,No,None,0,39.07,80.02,N/A,13.4,40,75.91,21.87,5.17,Voice,35.06,14.55,12.76,0.35,East
dca1391d-c4d9-4a34-9398-950e2249f604,2025-10-20,CUST-766935,0.27,No,No,None,1,38.96,83.05,N/A,7.37,19,94.64,47.53,9.72,Bundled,16.82,43.11,6.13,0.46,South
7bfd64c8-a1d1-4b11-b4ef-b9e4ac832e0c,2026-06-12,CUST-863193,0.94,No,Yes,None,0,21.62,79.27,N/A,18.11,69,72.02,55.71,1.34,Data,33.39,43.53,8.19,0.17,South
38fe9b7a-948d-4795-b4e0-7db939c11779,2025-10-09,CUST-903111,0.7,No,No,Upgrade,5,33.06,72.06,N/A,5.59,64,88.11,32.98,1.67,Voice,37.52,39.53,4.95,0.42,South
58791e60-129b-43ff-b650-6c71e2d74c6f,2025-09-26,CUST-501550,0.77,No,No,None,2,23.91,60.63,N/A,18.47,10,84.58,41.86,8.85,Bundled,25.88,28.39,10.32,0.44,South
0a9c8449-15ca-4ee0-8b9a-e985576722d7,2025-10-08,CUST-175462,0.99,No,No,Upgrade,3,23.01,87.42,N/A,17.6,62,82.42,40.71,7.34,Data,30.27,13.22,10.91,0.22,West
4b4bf068-5ff7-48a0-87f6-4246d4720387,2026-07-24,CUST-899817,0.01,No,No,Downgrade,2,29.07,71.64,N/A,16.47,24,80.36,54.66,7.46,Data,33.5,49.66,10.37,0.14,North
11f0bd79-a16a-46f3-b2a2-48fe6ae72c8e,2025-11-08,CUST-917869,0.52,Yes,No,Downgrade,1,38.37,85.19,Customer Service,13.33,31,92.46,50.49,2.47,Bundled,28.93,31.06,1.82,0.34,East
a6c174db-47d1-4dec-9e0a-0ef3c3bbae0e,2026-02-11,CUST-212183,0.76,No,Yes,Downgrade,3,25.98,80.23,N/A,19.58,37,94.07,35.61,1.5,Data,23.72,31.17,6.85,0.31,South
025d9f22-f6fe-4e44-bd21-14a67b056336,2026-04-24,CUST-409054,0.9,No,No,Upgrade,1,21.96,69.91,N/A,12.74,41,86.42,43.32,2.58,Bundled,8.21,21.29,8.05,0.31,East
938884a5-8cbd-4f84-a439-29c76b9f68ed,2025-09-05,CUST-490813,0.76,No,Yes,None,0,30.81,82.81,N/A,18.42,41,90.72,21.9,6.07,Data,25.27,16.15,8.7,0.4,West
f44e24c8-b952-4541-9eff-32f369152dff,2026-01-22,CUST-345318,0.86,No,No,Downgrade,1,14.23,83.94,N/A,5.57,14,79.87,20.4,3.17,Bundled,27.45,16.8,1.06,0.13,West
b20e6414-14bb-4be0-96cf-436c918bd504,2025-11-08,CUST-435432,0.4,No,No,Downgrade,5,35.63,85.89,N/A,14.67,16,77.06,30.41,2.89,Bundled,48.63,12.04,14.53,0.18,West
6d30adf7-dfc6-4ddb-bccf-1306972e5755,2025-12-30,CUST-173182,0.69,No,Yes,None,3,23.22,76.7,N/A,16.82,22,75.11,48.63,4.73,Bundled,35.48,30.46,4.72,0.45,West
0c1f1f14-ad83-4917-a635-8118f1ae13f4,2025-08-12,CUST-872650,0.51,No,No,None,1,25.97,73.32,N/A,5.1,45,91.47,30.41,5.51,Bundled,45.21,42.08,13.69,0.49,East
46e72e27-6587-4179-9799-0b041c2ad432,2025-12-07,CUST-332794,0.76,No,No,Downgrade,1,24.52,85.6,N/A,15.47,59,73.86,35.67,1.65,Data,37.53,43.61,3.14,0.3,South
fcf2e4d4-bb22-420f-80e1-36a5f94199e0,2025-12-22,CUST-153376,0.67,No,Yes,None,4,39.98,60.23,N/A,12.01,52,73.33,41.93,3.11,Bundled,6.8,42.8,10.98,0.36,North
c19e2226-84c2-46f7-bbaa-4bd3f6239094,2025-07-31,CUST-775747,0.92,No,No,None,0,17.52,63.39,N/A,7.58,33,85.42,39.34,3.59,Voice,20.48,48.27,11.84,0.48,North
b13421f3-0571-41b0-b3cc-ee2fff36ed35,2026-07-11,CUST-319158,0.43,No,Yes,Downgrade,3,33.6,85.34,N/A,15.36,6,83.34,23.41,4.44,Data,45.07,43.22,5.67,0.15,East
27a81e13-099f-47bb-893e-8b5c5f5f55b6,2026-01-09,CUST-146045,0.85,Yes,No,None,5,31.53,84.09,Price,14.11,15,89.84,58.82,7.14,Data,41.99,30.78,11.36,0.15,East
e2143da2-ecd5-4e2e-8208-3be7fb99b5da,2025-12-22,CUST-934905,0.59,No,No,Downgrade,1,22.62,86.82,N/A,8.63,58,87.65,49.95,4.82,Voice,25.03,49.35,9.07,0.15,South
6f619993-fad3-482e-911d-85d5736e40ad,2026-02-19,CUST-720582,0.68,No,Yes,Upgrade,5,26.26,86.32,N/A,16.5,28,72.54,58.48,3,Data,6.62,17.59,2.36,0.22,North
c8cd6920-43e3-47b0-a472-fc8920e8b802,2025-12-11,CUST-230564,0.07,Yes,Yes,Downgrade,3,12.82,60.86,Moved,10.77,6,75.01,20.56,7,Bundled,42.77,26.97,14.14,0.26,West
355a2953-245a-44b2-a112-eff2b698e43e,2026-07-16,CUST-786437,0.6,No,Yes,Downgrade,4,14,62.7,N/A,10.75,54,78.6,49.15,4.36,Bundled,36.69,16.88,5.13,0.44,North
2d226744-4571-41b2-ab10-c99e984a7712,2026-02-21,CUST-121890,0.07,No,No,None,3,14.41,78.07,N/A,8.85,25,80.98,50.52,4.47,Voice,28.49,10.43,14.55,0.32,East
4fff82cc-729e-491a-b1a8-6f3150046d30,2026-01-25,CUST-618941,0.86,No,No,None,4,37.85,84.62,N/A,19.04,55,78.51,34.61,1.03,Bundled,5.85,38.25,4.45,0.26,North
09e22a67-ed99-4afe-aefc-38a763fdf219,2026-03-02,CUST-597608,0.94,No,Yes,Upgrade,4,29.58,88.22,N/A,12.65,41,91.47,52.57,6.29,Data,33.72,40.37,14.44,0.15,West
3466f4d7-d59c-4c8f-adb3-eaae3b30150a,2026-06-07,CUST-587246,0.04,No,Yes,None,5,33.44,63.58,N/A,10.54,15,91.25,57.35,7.3,Bundled,38.22,40.06,8.98,0.22,East
db766373-bc4a-424f-b922-5efd29b23f58,2026-04-27,CUST-691219,0.13,No,No,Upgrade,4,34.86,64.06,N/A,15.14,23,91.13,38.34,4.16,Data,34.45,25.73,4.62,0.23,West
79febf9a-1628-40b4-a127-afa871ed6041,2026-05-05,CUST-448655,0.59,No,Yes,None,2,15.14,86.23,N/A,9.34,54,77.72,39.24,8.08,Voice,19.09,43.54,14.63,0.26,East
f5b3d1a9-72de-49cd-a493-599e86c86ef4,2026-04-17,CUST-581675,0.38,No,No,Downgrade,3,20.19,60.11,N/A,6.31,42,91.19,30.38,5.02,Bundled,12.87,33.41,10.89,0.33,East
d58c0fae-cf9e-436c-999f-884e721c1af5,2026-06-11,CUST-926108,0.48,No,Yes,Downgrade,5,34.33,88.82,N/A,11.86,16,80.76,58.31,8.26,Bundled,21.92,32.95,3,0.12,East
2eb9253d-40c2-41c5-9837-f0f548dc0e42,2025-10-13,CUST-285710,0.37,Yes,No,Upgrade,1,33,83.04,Network Quality,12.8,49,76.35,35.45,3.01,Voice,41.97,25.21,5.26,0.32,East
15ef3de5-da5b-4598-ba1d-a8342e8b3dba,2026-05-01,CUST-133445,0.03,No,No,Upgrade,0,24.25,74.73,N/A,18.73,7,76.77,35.09,5.89,Data,29.04,11.72,1.12,0.45,North
2b3e8395-04ca-4114-bed3-0ed84facd90e,2026-04-20,CUST-516972,0.17,No,Yes,Downgrade,4,19.87,79.42,N/A,9.49,57,84.15,59.39,6.39,Data,32.72,16.46,7.14,0.47,South
7f406aab-b201-493e-a065-69241d740431,2026-06-12,CUST-272154,0.68,No,Yes,Downgrade,1,31.08,88.6,N/A,11.36,15,77.43,39.85,8.39,Data,34.5,23.07,10.93,0.43,West
49889e88-ec74-483a-9d21-fdbb2deaad4f,2026-02-21,CUST-615310,0.06,Yes,No,Upgrade,3,15.82,74.21,Moved,14.15,58,93.91,25.43,1.59,Bundled,49.31,39.15,3.46,0.46,North
d08c64f3-2b40-4b9c-b7b2-d156469ed057,2026-06-09,CUST-865036,0.68,No,No,None,4,13.68,62.77,N/A,18.25,61,87.07,40.48,8.75,Bundled,26.56,31.22,5.57,0.21,North
d5ad9890-c93d-453c-833f-a5fd85f3c764,2025-11-12,CUST-934952,0.95,No,No,Upgrade,2,17.8,63.17,N/A,12.31,56,80.82,22.52,1.96,Data,26.92,43.84,6.58,0.31,North
709ff45d-13ce-428f-86f6-955b2789cc28,2026-04-17,CUST-141028,0.35,No,No,Downgrade,5,25.75,81.93,N/A,16.84,26,94.89,52.61,9.25,Data,16.28,35.46,2.67,0.48,North
3080e84c-520d-41cc-be92-559ff260bf19,2026-05-03,CUST-466200,0.02,Yes,Yes,None,2,27.02,70.19,Network Quality,5.41,37,82.46,36.33,8.56,Bundled,20.13,17.08,13.92,0.41,South
11ea9a41-e8ce-4ae9-acc2-dedf0d9fa7b1,2025-09-10,CUST-700614,0.98,No,No,Upgrade,2,31.28,67.27,N/A,18.64,38,84.63,42.36,4.95,Bundled,14.19,11.09,1.17,0.12,East
5f39cfd5-0eb2-46f9-8915-13a6f1f5cadb,2025-09-28,CUST-487826,0.24,No,Yes,Downgrade,4,13.36,71.1,N/A,5.14,15,91.79,54.18,7.69,Bundled,14.33,46.28,4.65,0.23,East
3ae3b467-0efc-4269-99af-2f8622e1c465,2026-03-18,CUST-322507,0.36,No,No,Downgrade,1,22.85,71.57,N/A,8.22,48,88.04,26.36,3.31,Bundled,12.56,40.73,3.66,0.4,West
0271378a-16cd-4580-84ef-d95fae98a69e,2026-06-02,CUST-307188,0.23,No,No,None,4,39,67.9,N/A,18.82,25,89.69,39.11,4.46,Data,36.49,32.31,2.73,0.32,East
4555896f-3376-4297-91dd-0e576dfb5084,2026-01-06,CUST-180141,0.96,No,No,Upgrade,3,13.85,64.67,N/A,10.53,42,86.18,52.74,1.24,Bundled,30.17,10.73,13.93,0.12,West
5b732e75-c5f2-4531-87b3-9d0d616a2d13,2026-02-15,CUST-342476,0.76,No,No,Upgrade,4,24.29,77.66,N/A,14.85,57,72.96,56.45,1.16,Bundled,40.96,44.07,8.99,0.35,North
9dba3ef7-16f9-4b8e-95f1-f0ebebbf86f7,2026-05-06,CUST-351556,0.22,No,No,Downgrade,5,23.79,69.56,N/A,7.5,49,80.21,46.38,9.27,Bundled,11.84,27.16,10.03,0.31,West
ce06fd04-91e9-4c8e-8a24-8b30ee7e77be,2025-11-18,CUST-722386,0.61,No,Yes,Downgrade,1,16.48,71.62,N/A,8.43,14,70.37,43.51,9.82,Voice,37.97,11.64,9.66,0.34,South
fa25f446-6553-4051-b761-f28aef33b1ec,2026-06-01,CUST-316017,0.8,Yes,No,Downgrade,0,23.29,77.63,Other,9.87,16,70.24,36.46,5.42,Bundled,20.5,17.77,1.49,0.5,West
a147e0d3-2dfd-477b-9a5d-c42c042771f9,2026-02-07,CUST-412434,0.34,Yes,No,None,0,37.72,73.63,Network Quality,14.87,55,93.64,47.59,7.72,Voice,7.97,49.07,6.52,0.22,East
fa46218e-cf1e-4a55-8618-337bc44758cd,2025-09-03,CUST-986377,0.19,No,No,None,3,21.46,63.35,N/A,6.59,62,73.57,20.5,7.32,Bundled,11.81,49.04,9.43,0.16,South
b37ea644-6d46-4dad-b7d3-8ccfce780ae2,2026-06-04,CUST-689055,0.9,Yes,No,Upgrade,4,15.53,63.14,Network Quality,8.66,67,85.22,33.56,3.56,Data,43.09,47.59,5.4,0.36,North
e8919af2-2c3f-45c8-8c61-973d2ca7f27c,2026-05-16,CUST-146950,0.1,No,Yes,Downgrade,4,10.28,80.68,N/A,7.14,27,81.92,54.36,3.51,Bundled,38.75,20.89,10.17,0.49,North
378fbf2a-ef7e-4414-83df-1ca76fa85500,2025-11-25,CUST-861803,0.37,No,No,Downgrade,4,39.64,75.03,N/A,8.74,55,89.96,38.59,3.99,Bundled,35.39,12.3,12.02,0.12,West
79c3ea10-a61f-4c75-b584-a55d01c1ec36,2025-10-05,CUST-102274,0.73,Yes,Yes,Downgrade,4,18.77,72.12,Moved,6.4,42,77.75,27.02,2.89,Data,31.23,23.57,12.8,0.25,West
7f9786c7-c710-4a09-b814-5378feb1f7e1,2025-12-24,CUST-695366,0.83,No,No,Upgrade,1,24.35,76.69,N/A,6.48,39,89.09,49.91,4.18,Data,44.74,36.56,6.68,0.15,East
6559dd9a-05aa-43e0-b04d-96d3ee2bf4f8,2025-11-15,CUST-191541,0.32,Yes,No,Upgrade,2,36.04,61.45,Other,14.01,61,86.18,48.68,5.47,Voice,47.85,48.81,7.5,0.42,West
075d42f9-fe8a-4eb4-8094-2b569e149045,2026-02-01,CUST-144080,0.18,No,No,Upgrade,2,26.57,83.24,N/A,13.59,31,85.05,23.23,4.4,Bundled,33.36,17.96,12.96,0.48,South
ddbdb896-bed8-4d3a-b5f6-a9c7a20f9dc7,2025-08-19,CUST-594383,0.12,No,No,Upgrade,0,24.94,62.24,N/A,9.49,41,88.57,59.22,7.22,Bundled,46.57,29.45,9.05,0.43,North
5bc3fcc0-a2a5-42c7-a85c-36fb41669530,2026-01-06,CUST-718567,0.76,No,No,Downgrade,4,13.19,62.91,N/A,9.45,70,80.03,24.47,5.84,Data,45.95,11.61,8.16,0.36,North
a6b6033c-301a-4e1f-9efe-d05cee5dc1bb,2025-09-27,CUST-709351,0.48,No,No,Downgrade,4,31.95,68.09,N/A,9.92,23,75.79,57.84,7.66,Data,34.73,31.44,12.86,0.27,South
7ed3b3b6-554c-484d-bdc8-f77ab16eda87,2025-10-13,CUST-956399,0.27,Yes,No,Downgrade,1,22.19,86.53,Competitor Offer,12.68,31,75.6,39.94,5.31,Voice,15.04,47.25,1.22,0.29,West
0b490323-1226-41a9-85e1-14cc25641fbb,2025-08-22,CUST-998194,0.56,No,Yes,Downgrade,0,14.16,80.94,N/A,13.86,67,90.96,47.27,1.45,Voice,28.76,18.4,7.91,0.37,East
2072e92e-c238-4c3b-8640-8ae0e0b7f24a,2026-07-17,CUST-130583,0.41,No,No,None,2,28.07,61.7,N/A,18.34,37,89.05,23.04,1.9,Voice,44.54,14.52,10.07,0.22,South
927f5294-edaa-4774-9365-25730f1627fb,2026-01-17,CUST-926043,0.66,No,No,Downgrade,1,36.81,76.08,N/A,11.02,17,90.58,30.58,5.11,Data,38.49,21.66,12.94,0.39,East
4b769308-61f1-48aa-b876-1356e305acfb,2025-10-28,CUST-430828,0.35,No,Yes,Downgrade,3,33.22,70.32,N/A,16.01,63,81.41,31,8.4,Data,29.09,32.74,8.34,0.15,East
e446ba58-28e6-45e5-8625-c6bb857a23b2,2026-01-26,CUST-365699,0.32,No,Yes,Upgrade,0,17.55,85.05,N/A,7.05,51,81.54,40.43,7.46,Bundled,35.02,30.14,12.71,0.44,West
4acfc20e-c4ab-4057-9aac-176bdb35ebcf,2026-06-01,CUST-416414,0.44,No,No,Upgrade,0,39.54,88.01,N/A,17.82,14,88.52,27.64,7.94,Bundled,18.57,11.27,1.78,0.27,North
0e7bed21-af26-47b0-8b68-f45f255bfb63,2025-08-17,CUST-841086,0.21,Yes,No,Upgrade,4,36.85,65.19,Moved,17.07,69,77.74,27.18,7.04,Bundled,12.89,38.76,8.8,0.23,South
59636ecc-6728-4d1b-bca4-c9a3599edb00,2026-01-02,CUST-610898,0.06,No,No,Downgrade,2,15.18,61.5,N/A,12.7,20,87.91,35.03,9.86,Bundled,42.89,44.91,1.6,0.37,East
d346bede-427f-4f30-a972-17880352bc7d,2025-11-03,CUST-680994,0.41,No,No,Upgrade,5,25.27,65.93,N/A,19.54,51,90.43,44.07,2.08,Voice,17.7,21.39,10.06,0.27,North
468230d5-2bc9-4dab-88c9-9e05d1b731ab,2025-10-15,CUST-222966,0.94,No,No,Upgrade,3,38.7,76.71,N/A,18.8,33,72.79,52.73,6.52,Voice,14.44,14.76,11,0.36,West
0dcf2e92-7d7a-409a-9fbc-a7ae277c6c4b,2026-02-10,CUST-792270,0.5,No,Yes,None,4,31.95,77.51,N/A,17.99,21,75.6,58.22,2.04,Voice,20.03,45.54,8.2,0.11,North
58c38349-bd9d-4316-8822-c781d2995230,2026-07-10,CUST-105871,0.72,Yes,Yes,Downgrade,3,12.11,85.28,Network Quality,13.53,12,72.47,21.68,8.49,Data,41.47,18.36,10.67,0.4,South
690613d9-8f0c-4f29-9db5-fd4b8a0eb960,2025-10-27,CUST-262429,0.29,No,Yes,Upgrade,0,27.53,62.84,N/A,10.07,61,75.33,59.26,7.24,Bundled,6.88,13.21,7.01,0.46,South
0b85ba59-68d1-46af-8903-9cf55dc2d4b9,2025-09-23,CUST-398101,0.38,No,No,Downgrade,2,35.47,89.97,N/A,19.07,60,79.63,52.36,6.15,Voice,48.39,41.33,10.1,0.35,East
c6030987-a129-428f-b1e6-bab3c0a77ecc,2026-03-30,CUST-574972,0.52,No,No,None,1,22.72,86.74,N/A,10.85,67,74.81,30.38,4.25,Bundled,38.07,34.81,9.35,0.16,East
f1602b03-2e56-4395-bf80-087f95c33e79,2025-12-05,CUST-814202,0.72,No,No,Upgrade,2,10.12,86.41,N/A,5.74,17,84.94,35.08,5.65,Bundled,31.64,40.6,2.15,0.33,East
9afc1a20-dbdd-42c5-a323-2f982d61d402,2025-11-13,CUST-458325,0.24,No,No,Downgrade,4,38.98,72.96,N/A,6.71,14,86.19,45.5,4.09,Data,41.99,41.02,14.24,0.15,East
55510bce-1c73-4fc7-9c39-7ea7b1a067a8,2026-01-27,CUST-145190,0.84,No,No,Upgrade,5,32.05,86.2,N/A,6.43,52,74.91,57.74,5.06,Data,36.34,39.98,14.17,0.3,South
20203ff5-6cb6-45f8-8924-269a441be16e,2025-09-23,CUST-104905,0.59,No,No,Upgrade,4,26.43,85.54,N/A,10.85,59,85.42,23.29,2.38,Bundled,42.09,11.38,7.76,0.24,West
43472cd7-49c3-48ff-b7a0-1d09adf8a17d,2025-08-08,CUST-458694,0.19,No,No,Upgrade,4,29.31,73.08,N/A,17.95,35,83.06,44.94,8.06,Data,9.58,43.1,7.64,0.46,North
f3697a87-419e-4c97-b3d5-4833e66603ea,2025-10-21,CUST-442982,0.95,No,No,Downgrade,3,38.47,89.8,N/A,8.8,50,80.96,25.56,4.7,Voice,49.7,44.63,13.87,0.45,East
eba854dc-6c0c-439c-82ac-e66b00539839,2026-04-29,CUST-404724,0.49,No,No,None,4,12.47,67.5,N/A,16.46,16,83.75,53.34,2.75,Voice,29.39,36.52,3.56,0.47,South
5cb2de70-b67b-4e0d-8e29-426604b997fd,2026-06-05,CUST-854458,0.69,No,No,Downgrade,2,21.61,73.18,N/A,11.06,15,74.38,36.02,4.6,Data,37.3,39.48,8.18,0.27,East
6cd8451c-d214-47a0-99de-9cde0a2efec0,2026-07-10,CUST-732462,0.8,No,No,None,0,35.08,85.34,N/A,16.16,35,81.58,56.63,6.45,Voice,6.71,32.24,2.03,0.1,South
b62232f9-5fd9-4b61-8620-c49c27fc7d06,2026-05-23,CUST-583982,0.31,No,No,None,0,32.09,60.02,N/A,12.07,19,85.46,38.59,3.27,Data,6.48,11.63,10.33,0.31,North
7b4ebe2b-d6a9-40d2-bea7-5f4bf66c24b2,2025-09-02,CUST-368778,0.51,No,Yes,Downgrade,3,16.25,67.19,N/A,9.25,53,91.8,48.32,9.06,Voice,42.31,37.71,11.21,0.23,North
614beacf-82a0-44f8-90d0-e9b8e64ae5cd,2025-12-21,CUST-108163,0.73,No,No,Upgrade,4,35.22,64.31,N/A,6.72,62,86.69,45.96,7.24,Voice,13.05,37.45,9.01,0.22,East
36778aca-2556-4c50-948e-ae385d5e8c69,2025-10-25,CUST-832025,0.08,No,No,Downgrade,4,20.54,77.1,N/A,15.93,62,89.81,36.36,7.87,Voice,6.47,33.02,4.91,0.23,North
de503cef-0a17-498c-b972-0c9fd29591f5,2026-01-20,CUST-525129,0.02,No,Yes,Downgrade,1,19.73,85.93,N/A,5.26,66,91.97,26.39,1.99,Voice,33.01,38.09,8.84,0.16,North
af9607a9-5c02-440e-9fd1-6781bdc74684,2026-05-29,CUST-544215,0,Yes,No,None,5,11.64,75.79,Price,19.36,58,81.92,40.76,9.74,Data,35.72,23.75,14.13,0.14,West
a1719e59-5f18-4645-9134-23edfc54b292,2026-06-10,CUST-337394,0.87,No,Yes,Downgrade,3,18.02,83.99,N/A,7.35,57,94.14,42.87,2.86,Voice,30.05,37.77,5.48,0.28,West
6fc925e4-41a5-4c80-858a-dbff65a68029,2025-11-04,CUST-451142,0.61,No,No,Upgrade,0,35.47,86.13,N/A,13.7,57,79.77,25.08,5.1,Voice,38.96,17.56,8.27,0.28,East
0d8a4eaa-8107-4db7-8c2f-619c276afeaf,2025-10-26,CUST-147226,0.11,Yes,No,Downgrade,1,20.11,63.11,Moved,18.91,7,92.1,54.33,8.52,Voice,10.48,32.74,7.66,0.14,East
2b68f898-ddd4-44a6-917c-d0925692385c,2025-09-25,CUST-813093,0.77,No,No,None,3,36.94,81.5,N/A,13.15,27,89.26,48.28,4.65,Data,22.09,46,3.69,0.42,South
c1af6714-9c21-48fd-8fb5-2467106e2531,2025-12-09,CUST-835602,0.3,No,No,None,1,30.08,82.42,N/A,11.11,20,79.77,26.93,7.95,Data,18.71,45.71,4.81,0.18,East
d8a1d88a-5f65-41ec-9012-c2a87a8ef0e8,2025-12-09,CUST-276507,0.63,No,No,None,1,32.24,68.3,N/A,13.13,24,77.17,48.58,3.37,Bundled,9.01,39.15,14.95,0.41,North
d709f163-679f-4ca3-97ff-cdff329dfdff,2025-12-12,CUST-901767,0.74,No,No,Downgrade,2,15.18,69.96,N/A,18.06,32,79.74,32.63,8.94,Data,35.98,49.55,7.6,0.29,North
627a82dc-b23a-44c1-adc7-0d476557a58d,2026-05-01,CUST-474219,0.56,No,No,Downgrade,4,21.42,69.63,N/A,17.9,14,93.97,54.52,8.04,Data,24.91,38.02,1.37,0.47,South
643a3560-91a7-4cab-bf6a-e32cced06a4e,2025-09-22,CUST-946856,0.37,No,No,Downgrade,2,24.6,80.17,N/A,11.1,14,70.82,52.78,4.46,Voice,6.21,31.74,4.18,0.24,North
ad51ba97-2134-4df1-be2a-bb6af110d9c3,2025-12-17,CUST-101636,0.57,No,No,None,2,23.19,61.35,N/A,13.68,35,84.17,51.98,5.88,Bundled,19.83,48.38,9.27,0.25,East
35afb2ec-b45c-4ff4-83c4-8fa9b128fe78,2026-02-11,CUST-656850,0.33,No,Yes,Upgrade,1,21.65,62.8,N/A,14.87,32,76.91,20.17,7.56,Bundled,45.54,31.7,4.93,0.35,West
48739d8f-e21b-40e6-a593-191c83b002cf,2026-04-10,CUST-972864,0.04,No,No,Upgrade,0,27.96,88.31,N/A,12.53,13,89.8,35.69,1.16,Voice,11.51,17.94,4.53,0.26,East
377bf39b-9a3b-4c22-ba63-d2d2bf405c4c,2026-05-13,CUST-576404,0.97,No,No,Upgrade,5,33.32,61.78,N/A,14.62,47,84.67,24.89,8.32,Data,38.87,44.59,3.12,0.14,North
3c5aed82-59db-4737-90d7-f663ff606441,2026-01-25,CUST-274132,0.27,No,No,Downgrade,5,29.25,65.58,N/A,5.97,8,77.96,27.62,9.16,Voice,11.51,39.91,7.44,0.27,East
6cc09fff-ed21-4950-bcfc-0866000b45d6,2026-03-23,CUST-775379,0.02,No,No,Upgrade,2,36.66,71.4,N/A,11.82,22,74.08,34.27,8.54,Voice,23.81,31.16,4.88,0.12,East
daa015d4-93de-4596-b631-c0a79ef41c3c,2026-05-10,CUST-540168,0.74,No,Yes,None,1,10.41,78.01,N/A,13.71,62,81.3,47.89,2.93,Bundled,17.06,21.09,11.91,0.2,East
66e673cd-c901-44cd-b584-4dfb47db7280,2025-09-02,CUST-951946,0.75,No,Yes,None,2,35.49,81.08,N/A,10.54,53,73.96,21.78,3.98,Voice,5.23,19.68,9.1,0.34,East
31835a73-d097-47de-98a2-574150f56e84,2025-10-03,CUST-971545,0.95,No,No,Upgrade,4,35.54,86.03,N/A,14.38,70,76.53,55.29,6.61,Voice,15.26,25.21,12.77,0.37,South
46bbc80b-5980-43d2-ad85-41cc10d40900,2025-07-25,CUST-428901,0.91,No,No,Downgrade,3,12.39,85.31,N/A,17.36,65,89.95,30.02,7.85,Bundled,39.16,44.21,14.21,0.27,North
2df631db-79cb-4c15-9b75-cbfa83d65131,2026-01-16,CUST-386336,0.71,No,No,Downgrade,3,25.37,60.56,N/A,19.36,62,89.61,59.54,1.12,Voice,17.28,41.96,1.02,0.21,East
ac1a1e87-6b33-41a4-a43f-e740e57ccb1c,2026-03-25,CUST-261721,0.65,No,No,Downgrade,4,33.39,87.15,N/A,6.53,13,70.01,24.77,9.06,Bundled,24.17,23.65,7.56,0.18,East
7ca58f74-9598-4703-9d09-16f46364a75a,2025-08-02,CUST-226675,0.77,No,Yes,None,1,33.2,63.61,N/A,7.88,8,92.83,43.3,7.4,Data,44.89,34.01,1.64,0.2,South
06767710-2e4a-4d4b-8dbb-f331981ca117,2026-03-07,CUST-565851,0.78,No,Yes,Downgrade,2,37.9,88.38,N/A,6.74,30,84.15,45.61,5.58,Voice,13.77,13.32,11.97,0.28,South
717ee668-b5bd-446a-8439-edd811003d9b,2025-11-15,CUST-720965,1,No,Yes,Upgrade,2,35.26,89.14,N/A,13.78,57,90.9,27.22,2.51,Voice,26.18,38.99,3.74,0.22,East
d8db4ac6-889e-422f-a5a8-fb72740eec0e,2025-10-15,CUST-625956,0.82,No,Yes,Downgrade,1,36.5,71.69,N/A,16.42,40,88.38,28.36,1.69,Voice,16.38,37.46,1.25,0.45,South
c3db00ee-e5b7-49c0-a2bb-b16fede9f14a,2026-02-17,CUST-842563,0.01,No,No,Downgrade,4,35.04,88.5,N/A,14.2,59,87.55,21.43,4.13,Bundled,35.97,17.97,3.74,0.48,East
03fe8e28-b748-4518-bac0-13fd7cced8bd,2026-03-13,CUST-741558,0.23,No,Yes,Downgrade,0,39.57,79.14,N/A,11.62,71,80.17,47.19,1.63,Voice,25.02,40.81,2.76,0.22,South
380168aa-de4d-4919-86de-eff4c3bb82c8,2026-05-16,CUST-217399,0.1,Yes,Yes,None,1,12.19,88.56,Customer Service,16.93,62,74.92,23.72,4.74,Voice,7.62,49.03,10.72,0.33,West
6e69e98b-b63e-463c-bc44-a09665088f4f,2025-10-04,CUST-332862,0.73,No,No,None,3,26.94,62.15,N/A,16.03,10,79.13,37.16,3.64,Voice,44.7,41.74,13.47,0.47,East
1c338260-ed5e-453c-82e0-276548c12951,2026-04-22,CUST-403213,0.33,No,No,None,4,25.52,85.72,N/A,11.29,66,86.98,47.53,8.82,Bundled,17.16,36.3,4.69,0.29,South
61bb349e-7968-457d-a5d6-bdffe4ea5074,2025-12-05,CUST-167279,0.16,No,No,None,4,31.74,77.13,N/A,12.32,46,77.44,42.54,2.63,Voice,38.37,10.87,6.16,0.39,North
689516c5-8d3b-4479-8499-20b717605889,2025-12-27,CUST-677408,0.65,No,No,Upgrade,1,29.86,89.83,N/A,6.94,21,85.66,42.44,5.56,Bundled,23.92,33.24,4.89,0.3,South
bef76153-ce3d-4792-b7b8-1e4fef7339e5,2026-06-18,CUST-172059,0.17,No,No,Downgrade,4,17.94,87.54,N/A,12.08,12,72.68,20.3,2.09,Bundled,17.82,45.04,12.79,0.33,East
e3ddd4f3-b8d4-49e1-a026-1a8632845536,2025-09-25,CUST-419493,0.34,No,No,None,2,35.12,86.61,N/A,6.88,20,77.72,53.32,1.96,Bundled,20.34,19.21,3.33,0.33,South
37fb4d3f-d3f1-4d16-b2b3-9f1876b81a47,2026-03-24,CUST-500424,0.17,No,Yes,Downgrade,5,24.14,89.35,N/A,14.49,64,86.61,35.73,7.42,Bundled,24.56,44.08,11.5,0.15,West
ef94e594-0e56-4f2b-a839-7570b20b0216,2026-02-08,CUST-829014,0.11,No,No,None,1,35.83,78.31,N/A,7.05,42,92.17,57.35,9.43,Voice,18.17,37.26,13.74,0.23,North
caa11ed5-3027-48be-b446-45cd58bcec66,2025-09-08,CUST-343007,0.94,Yes,Yes,Downgrade,4,38.18,82.93,Customer Service,14.34,71,81.56,49.77,1.01,Voice,6.55,21.53,13.64,0.4,East
b3448b13-b0b0-480f-879e-88b982e02cb6,2025-12-24,CUST-976443,0.64,No,No,Upgrade,2,32.78,85.05,N/A,15,65,72.09,30.55,8.08,Voice,15.56,20.87,11.17,0.28,North
285772ec-c028-4745-b996-404750e56393,2025-08-13,CUST-227813,0.82,No,No,Downgrade,1,25.36,79.14,N/A,13.1,9,90.76,54.79,7.67,Voice,10.79,29.8,9.98,0.4,North
7a839688-58e5-4ba1-927c-508ebccac6de,2026-01-15,CUST-356868,0.92,No,No,Upgrade,1,25.2,61.48,N/A,10.42,40,78.26,56.64,7.52,Voice,35.39,42.85,3.65,0.35,North
291b168d-7538-4a21-a536-332d396cea4c,2025-09-20,CUST-617571,0.38,No,No,Downgrade,3,29.37,75.37,N/A,10.05,28,91.65,35,4.15,Bundled,25.9,42.83,9.44,0.47,West
2bc48381-dd10-42b4-bf58-072bea4206cb,2025-08-12,CUST-334278,0.12,No,No,Downgrade,3,11.47,62.18,N/A,18.17,69,89.24,40.36,1.15,Bundled,11.84,18.24,9.43,0.38,North
53217f9d-8db5-469d-9493-5b52dcb53f10,2025-09-25,CUST-923007,0.2,No,Yes,Downgrade,3,11.66,73.37,N/A,12.43,11,93.46,35.97,1.19,Bundled,22.61,42.74,14.24,0.32,West
2b4d5695-bc70-4187-9c8e-b84fdbb28fd2,2025-10-03,CUST-197165,0.57,No,No,Downgrade,4,13.29,63.28,N/A,14.66,24,86.84,23.01,3.62,Bundled,41.38,48.58,13.9,0.42,West
30212130-c30a-46a8-9874-9402d49d6fcf,2025-12-27,CUST-339624,0.95,No,No,Upgrade,0,12.43,81.14,N/A,10.5,54,86.05,38.64,5.06,Data,6.59,11.53,11.76,0.39,South
92d9a386-b961-4498-bcbe-f4de3475bf0e,2026-02-06,CUST-107964,0.49,No,No,Upgrade,2,13.48,89.89,N/A,17.78,13,89.8,34.79,6.74,Voice,34.62,25.48,9.29,0.48,South
af391ea6-1c28-4239-bf65-f57b412619f3,2025-09-30,CUST-326920,0.62,No,No,None,3,27.3,84.68,N/A,14.45,12,90.76,37.18,7.76,Voice,40.44,45.74,5.5,0.44,South
f0325d6c-5217-4ca8-a247-e2bc41933402,2025-10-25,CUST-708260,0.75,No,Yes,Downgrade,2,38.34,71.9,N/A,19.33,13,70.72,23.15,9.5,Data,20.02,29.3,4.67,0.15,East
8550cfe8-6bbe-42a9-bd70-7bed0368ed79,2025-09-01,CUST-639354,0.76,No,No,None,4,29.56,79.95,N/A,12.6,66,94.47,21.75,8.75,Voice,23.81,49.38,10.67,0.32,West
9edace1f-6953-4abb-bff7-5ad5c6fcdf0b,2026-05-14,CUST-499991,0.81,No,No,Upgrade,3,13.26,69.81,N/A,18.53,39,94.7,20.85,8.17,Voice,33.81,49.38,3.43,0.16,South
c53a3e17-468f-4dad-91eb-4a687e12de5b,2025-09-15,CUST-481821,0.25,No,No,None,3,14.57,65.4,N/A,6.65,7,73.67,27.8,2.13,Voice,7.45,44.89,3.58,0.28,West
eb114899-fed9-4558-8440-3b5d8c65cc70,2026-04-26,CUST-555747,0.73,No,No,Downgrade,4,18.65,61.64,N/A,6.91,14,73.55,20.22,8.5,Data,21.46,17.46,4.57,0.36,East
8778dbb1-d0d9-41e1-a59a-d82040939a34,2026-07-12,CUST-492287,0.89,No,No,Upgrade,2,35.2,75.13,N/A,14.93,38,72.5,34.63,3.71,Voice,33.76,46.37,7.22,0.47,West
208f6899-7b7d-453d-a171-4116b2cb4bf3,2026-07-24,CUST-186768,0.46,No,Yes,Upgrade,4,24.01,64.95,N/A,18.6,43,80.7,20.46,2.56,Voice,24.21,12.81,6.74,0.27,North
ddca936a-8b1a-48be-b975-ad8b60fd8031,2025-09-21,CUST-507940,0.91,No,No,None,0,33.76,75,N/A,17.22,20,70.64,44.44,6.17,Data,37.47,45.53,4.1,0.18,South
8c86e4bc-a4cd-41df-a42f-70593805fc24,2025-11-26,CUST-658802,0.52,No,No,None,3,35.3,78.33,N/A,19.76,45,83.96,41.11,3.37,Bundled,14.37,15.48,14.29,0.33,North
bf3fb7c9-db3b-443c-b230-2fb3b58fa3f5,2026-01-15,CUST-796443,0.49,No,No,None,2,20.06,69.94,N/A,18.41,39,84.09,41.94,6.17,Bundled,44.13,33.22,3.02,0.2,East
a35f917d-ac81-46ad-af5e-aa1e2001c3f3,2025-11-22,CUST-165563,0.68,No,Yes,Downgrade,5,10.34,74.18,N/A,17.87,47,94,29.21,2.87,Data,14.41,41.27,11.47,0.36,South
db52d161-5333-4953-a3e6-6228adc46da1,2026-04-18,CUST-959349,0.57,Yes,Yes,Downgrade,5,32.15,81.33,Competitor Offer,12.79,49,89.86,37.77,1.94,Data,34.63,34.7,3.08,0.28,North
db4220cc-7898-4f8c-8510-a1263e7388ed,2025-08-29,CUST-174242,0.45,No,Yes,None,3,29.89,82.66,N/A,14.39,7,78.52,20.11,3.69,Bundled,14.99,28.46,6.56,0.28,North
454eaa12-efca-4038-bfa8-d8a34590376f,2025-12-12,CUST-165720,0.42,No,No,Upgrade,1,30.41,80.76,N/A,15.64,55,79.1,57.17,6.7,Data,31.76,23.47,1.9,0.36,East
f76cb44d-c5af-4896-96d7-ed13d7194bb4,2026-06-18,CUST-841440,0.19,No,No,Upgrade,3,23.2,65.58,N/A,15.42,16,78.66,57.04,9.64,Bundled,34.22,32.47,5.86,0.12,West
054e9629-99ef-4e4a-9719-2e905f77707c,2025-10-27,CUST-590653,0.54,Yes,No,Downgrade,2,21.56,71.9,Moved,15.08,61,71.2,56.89,3.24,Voice,23.26,47.93,14.78,0.32,East
59f16b73-a8c6-4a8b-8a20-57a4ceb890be,2026-06-12,CUST-264132,0.87,No,Yes,Downgrade,3,35.69,82.94,N/A,7.44,56,81.3,39.85,4.51,Voice,38.3,39.76,9.2,0.3,East
3ce73211-8cc8-460f-8d7e-1522fe0790d7,2025-11-01,CUST-130298,0.16,No,No,None,4,16.87,67.64,N/A,5.1,14,85.11,24.13,5.67,Voice,37.07,44,3.85,0.19,South
0cb3f37a-c07e-4f83-8138-23db2e52e8e9,2025-10-21,CUST-296983,0.59,No,Yes,Downgrade,3,34.71,86.17,N/A,13.54,30,77.64,25.96,9.14,Voice,30.12,49.88,8.11,0.47,South
4285e24f-11ea-40d5-aede-57e031762a16,2026-07-04,CUST-779706,0.87,No,No,Upgrade,3,14.71,80.06,N/A,8.83,68,91.39,53.25,8.71,Data,25.12,47.5,13.38,0.36,South
346b16cc-f369-4ad4-9ed4-ee51ee0b0a71,2026-02-13,CUST-576897,0.23,No,Yes,Upgrade,3,37.13,67.28,N/A,14.58,36,70.17,56.37,4.89,Bundled,39.56,39.97,9.82,0.2,East
477f48ec-2abb-4c4b-b373-03473f29fd86,2026-07-01,CUST-363270,0.7,No,Yes,Upgrade,2,30.03,69.41,N/A,18.05,46,76.73,54.31,5.39,Data,26.71,13.56,5.91,0.25,West
866c68c5-8533-4df3-bba8-5ec3b2361a4f,2026-05-02,CUST-765289,0.11,No,No,None,0,27.24,63,N/A,19.04,35,74.5,56.27,6.97,Bundled,30.17,13.01,13.76,0.38,South
b807a19a-feff-4530-8ce8-1efe8a9809b8,2025-09-23,CUST-992421,0.48,No,No,Upgrade,3,34.98,67.69,N/A,17.04,68,81.7,50.18,3.38,Data,19.46,14.78,5.54,0.45,South
5c928674-6b95-4cbb-bbac-dc886842a177,2025-10-24,CUST-345354,0.58,No,Yes,Upgrade,4,32.03,66.53,N/A,9.71,8,90.5,56.27,8.68,Voice,18.97,31.48,9.56,0.16,South
4a31a54d-c391-4780-8207-2b446d12f619,2025-12-16,CUST-600051,0.48,Yes,Yes,Upgrade,2,23.97,75.62,Competitor Offer,6.8,24,75.82,56.91,3.65,Data,24.75,48.57,8.5,0.11,East
17cadb08-047f-4a7a-9675-bac5727f5e8a,2026-05-21,CUST-400860,0.75,Yes,No,Upgrade,1,38.74,60.34,Network Quality,19.52,9,80.08,54.26,7.57,Data,12.88,16.17,6.26,0.13,North
e24b5ac1-c75d-4db3-9729-b01c9588dde6,2026-01-21,CUST-653207,0.77,No,No,Upgrade,2,34.7,63.73,N/A,8.43,18,87.38,27.97,7.71,Bundled,28.56,40.22,13.85,0.35,North
9960bee8-ca8d-48a4-81e0-a45ea303269a,2026-06-03,CUST-647522,0.37,No,Yes,Downgrade,1,31.24,87.5,N/A,13.41,57,71.47,38.22,8.51,Bundled,32.54,38.8,6.73,0.15,East
bc1016ca-feab-48b3-933f-7fcbb02f06f4,2025-10-23,CUST-677310,0.74,Yes,No,Upgrade,1,10.32,60.58,Moved,10.32,51,79.12,56.39,5.7,Bundled,6.07,21.67,4.27,0.12,West
2fb46c84-6632-4784-a2c0-e6aff9ee0f69,2026-06-02,CUST-910169,0.89,No,No,None,0,25.28,72.26,N/A,18.82,40,73.87,49.29,5.25,Data,38.9,16.92,10.48,0.27,South
2bc5c24d-fce1-47c8-aa2d-a49282ec8481,2026-03-30,CUST-227820,0.69,No,No,Downgrade,1,36.36,84.84,N/A,12.59,44,87.93,37.1,9.25,Bundled,33.68,18.05,6.23,0.1,North
6486013e-48a6-40cc-bcec-2a47771c50a1,2025-12-16,CUST-251708,0.35,No,No,None,5,37.09,73.51,N/A,15.52,43,80.05,45.97,4.76,Voice,31.56,27.32,10.32,0.34,East
c5ba1c08-140b-4632-906c-f212e35582b9,2026-04-15,CUST-119196,0.4,No,Yes,Upgrade,2,36.23,79.22,N/A,18.17,27,90.82,34.44,1.93,Bundled,45.45,19.51,6.28,0.48,South
cc679f80-0e4c-4176-848b-d4db9d290317,2026-07-10,CUST-965331,0.22,No,No,Upgrade,5,14.67,70.67,N/A,9.86,43,88.29,43.89,2.86,Voice,10.12,36.52,13.3,0.35,North
938f4b17-e105-414b-a79d-a6f0a11e1121,2025-09-04,CUST-127381,0.01,No,No,Downgrade,1,17.61,64.09,N/A,11.15,42,82.33,57.58,9.82,Voice,9.27,22.26,10.47,0.49,South
00996e18-6139-4c40-adb1-55a655ef0551,2026-01-12,CUST-461570,0.13,No,No,Upgrade,0,32.55,71.69,N/A,13.23,48,91.23,36.45,8.86,Voice,29.57,38.82,1.61,0.42,North
74045716-faf0-42e2-913e-b91b422a67de,2026-04-28,CUST-136706,0.96,No,No,Upgrade,2,37.46,77.83,N/A,7.6,48,80.19,30.24,5.61,Voice,34.87,18.59,5.34,0.31,West
9c90d496-d245-4800-91ca-1304b464e3ad,2026-02-18,CUST-635930,0.25,Yes,Yes,None,0,35.64,70.49,Customer Service,9.53,18,70.32,46.59,1.01,Bundled,19.8,12.09,1.52,0.17,South
1cd8962a-744d-4246-b763-481acd4f9d79,2026-03-09,CUST-219479,0.48,No,Yes,None,4,18.02,89.55,N/A,12.41,46,76.5,32.76,7.44,Voice,35.56,44.66,3.27,0.39,East
1548df71-5657-494f-833d-5916640fcbe3,2026-04-26,CUST-954464,0.43,Yes,Yes,None,4,29.26,67.08,Moved,6.89,57,83.01,32.52,6.89,Data,10.66,10.34,9.12,0.31,South
2a4cd586-37b6-4e1b-91ee-eef709f651bd,2025-11-06,CUST-921230,0.61,No,Yes,None,3,12.97,87.18,N/A,5.57,43,77.62,32.92,5.2,Data,13.99,27.95,11.42,0.39,West
842b9f95-578b-49fc-84d9-b47a575afea0,2025-11-15,CUST-172014,0.97,No,Yes,None,2,34.82,83.56,N/A,10.08,12,80.83,42.23,9.27,Bundled,7.23,42.87,9.63,0.43,North
9a5dcbdb-cd01-45d4-a121-856d42f5ab33,2025-10-10,CUST-601735,0.08,No,No,Upgrade,1,14.22,76.78,N/A,11.88,31,76.45,43.9,6.18,Data,26.46,31.02,1.12,0.14,North
b3f72d22-c6fb-4058-9d4d-a794aba85f77,2026-03-20,CUST-332216,0.3,No,No,Upgrade,0,18.18,77.93,N/A,19.53,47,72.43,35.46,3.94,Bundled,34.3,11.88,11.58,0.12,East
c75010ba-6691-4eba-ad93-f43105b51892,2026-04-21,CUST-764699,0.92,No,No,Downgrade,5,23.58,69.91,N/A,8.1,24,84.6,32.26,9.46,Data,43.28,28.52,10.09,0.37,West
5a3773da-056a-4879-85f9-bb389549059c,2025-12-10,CUST-568348,0.11,No,No,Downgrade,2,26.08,81.69,N/A,19.25,50,75.61,42.54,1.41,Bundled,5.61,36.66,13.51,0.47,East
16876907-524c-4b56-a0fb-d14921c4ab73,2026-06-03,CUST-143789,0.28,No,No,Upgrade,1,30.65,69.14,N/A,10.22,56,83.26,49.97,6.06,Voice,16.98,20.71,6.51,0.16,South
82fa9374-d05f-42cf-805f-977db40a3d38,2025-12-24,CUST-833746,0.73,No,No,Upgrade,2,17.67,86.95,N/A,8.37,38,81.85,37.69,6.25,Data,23.43,40.45,3.82,0.17,South
50d9f740-5b00-409d-ba70-34eddb783609,2025-07-29,CUST-754228,0.89,No,No,Downgrade,5,32.65,85.44,N/A,7.53,38,91.15,30.73,5.69,Data,29.99,44.01,6.21,0.33,West
aba0c195-9fb7-4f2c-8e14-e4a5e338695e,2026-05-24,CUST-375318,0.68,Yes,No,Upgrade,3,13.77,73.11,Network Quality,8.68,23,72.57,59.88,5.89,Bundled,40.62,18.74,5.54,0.3,West
dc4cbba3-bbaa-4d4c-9748-3b02cb044921,2025-09-30,CUST-287278,0.69,No,Yes,Downgrade,2,29.53,78.22,N/A,10.62,35,90.04,45.59,6.13,Data,9.85,30.33,6.35,0.46,North
57ab86e5-aaad-489a-a546-915ef679b64b,2026-05-24,CUST-907352,0.04,No,No,None,0,39,67.83,N/A,14.44,12,84.46,37.49,6.23,Data,6.45,46.08,8.59,0.22,East
9155484d-edb9-43e5-b191-7a8841273a0f,2025-09-20,CUST-783116,0.24,No,No,None,2,13.78,84.12,N/A,16.93,10,72.54,49.26,8.45,Voice,47.18,32.91,7.13,0.34,West
265ea20a-beac-44dd-b4ac-f342922bf1f4,2025-08-24,CUST-311003,0.06,No,No,Downgrade,1,15.76,79.87,N/A,14.59,44,79.42,31.1,1.65,Data,6.41,20.88,4.82,0.42,East
b055077c-ed5b-4040-95cd-6ac1f1983ede,2025-12-04,CUST-502896,0.44,Yes,Yes,Upgrade,0,26.19,89.41,Price,10.41,40,70.08,50.55,1.97,Bundled,27.6,15.02,2.89,0.21,South
8dba18b8-b9f3-4fe5-b559-5a0dd9f80e35,2026-02-17,CUST-264788,0.49,No,No,Upgrade,4,10.63,82.81,N/A,6.58,28,82.65,32.81,2.09,Data,10.49,33.05,4.77,0.26,West
31a7ff84-8667-4ee1-a15d-56035994d41f,2026-04-18,CUST-847460,0.1,No,Yes,Upgrade,4,18.13,85.16,N/A,15.87,17,83.35,47.18,2.91,Data,29.14,43.24,13.43,0.25,West
58845a66-71f3-43c3-b0ba-64fa8465d541,2026-04-19,CUST-584271,0.43,No,No,Upgrade,4,22.53,65.07,N/A,5.32,71,81.81,56.72,2.21,Voice,9.26,36.71,14.74,0.1,East
80f92613-908f-4cb2-9ddb-cf4efaa9a670,2026-04-03,CUST-309784,0.76,No,No,Downgrade,3,20.22,79.7,N/A,7.26,63,88.28,33.78,6.07,Voice,49.1,49.24,8.71,0.16,South
37321c24-79c2-4042-90dd-17c08a692ab2,2025-11-28,CUST-872939,0.56,No,No,None,1,23.88,74.51,N/A,8.27,60,76.21,21.33,7.81,Bundled,40.82,18.3,9.56,0.35,North
589ad284-1646-4bc0-a600-ec89590fdeba,2025-08-14,CUST-847712,0.5,No,No,None,2,24.97,80.22,N/A,17.27,46,71.76,59.85,9.71,Voice,39.24,45.96,5.35,0.21,East
ca6701b3-47e4-4386-adf6-a27ba7ff0e83,2026-06-22,CUST-619233,0.94,Yes,No,None,2,20.73,69.15,Price,13.29,8,88.79,59.06,5.19,Voice,48.57,43.88,14.52,0.36,East
a3a2e3f6-c00d-41ba-b575-34f6983aa07b,2025-09-03,CUST-951444,0.87,No,No,Downgrade,1,36.53,81.71,N/A,16.28,10,75.94,41.64,4.08,Data,20.64,15.96,7.35,0.32,South
afb467cf-daef-4f06-a96b-eab1729e6049,2026-03-31,CUST-399034,0.79,No,No,Downgrade,4,28.77,74.79,N/A,17.45,51,87.73,24.27,9.49,Data,19.63,40.26,1.8,0.39,East
ae1d4395-6c40-4579-9de7-228529d8389c,2025-08-10,CUST-308671,0.11,No,Yes,Downgrade,2,10.46,66.08,N/A,8.1,48,90.35,36.57,6.87,Data,48.87,12.86,5.99,0.42,West
55b11084-bbc6-4a5e-acfe-aa0663c37d38,2026-05-23,CUST-300503,0.37,No,No,Downgrade,3,22.43,63.5,N/A,5.39,26,92.1,60,5.86,Bundled,6.5,28.36,5.18,0.15,East
62d5b8d6-0df9-4f5c-8779-77b831d36985,2025-10-02,CUST-895966,0.81,No,No,Downgrade,1,17.16,89.46,N/A,19.26,33,87.18,30.87,9.85,Bundled,29.63,31.12,12,0.19,East
3c8e0c3d-0612-4114-9fed-91b54cbc17b6,2026-05-31,CUST-476905,0.35,No,Yes,Downgrade,1,26.24,68.19,N/A,7.65,37,70.8,24.32,9.98,Data,37.37,41.39,9.69,0.45,South
4ae7bd05-d1df-4f44-837b-bcd74fb90115,2025-09-16,CUST-140248,0.07,No,No,None,4,21,60.47,N/A,18.34,10,87.21,26.85,1.77,Bundled,45.99,33.32,2.1,0.28,East
5fd1550d-3643-475e-9e1e-644945b0c2f3,2026-06-27,CUST-161174,0.66,No,Yes,Upgrade,1,26.38,68.05,N/A,15.16,36,86.06,29.83,9.86,Voice,30.87,30.14,14.21,0.18,West
cc6858da-13f6-41d3-a04b-225449fdb169,2026-04-20,CUST-350220,0.77,Yes,No,Upgrade,2,17.55,85.81,Moved,11.33,41,88.33,24.11,9.73,Bundled,32.47,29.27,3.26,0.24,East
85193170-1baa-466e-ade3-d2a0d4c44b31,2026-02-12,CUST-138748,0,Yes,No,None,3,34.77,70.56,Competitor Offer,16.12,43,80.64,27.65,8.66,Voice,25.92,32.87,7.04,0.39,South
8d16842b-72fb-4d45-8137-d39ee112afba,2025-08-24,CUST-123766,0.57,No,No,None,2,26.8,86.74,N/A,12.61,26,81.53,35.43,3.25,Bundled,14.52,34.57,3.19,0.44,West
7a1e8c90-0716-4925-b387-d699ac5f37a1,2025-11-13,CUST-264686,0.75,Yes,No,Upgrade,2,19.7,75.17,Moved,8.01,72,76.1,54.11,6.03,Bundled,17.03,32.36,10.09,0.23,East
5193fdb0-c21d-49ae-9464-d311e95f9ecd,2026-05-28,CUST-925827,0.16,No,Yes,Downgrade,2,18.33,69.78,N/A,16.53,49,92.85,34.21,6.83,Bundled,8.54,27.73,7.31,0.11,South
b15f51fa-1d5f-4559-ae05-f4f107f065e7,2026-05-05,CUST-872695,0.97,No,Yes,Upgrade,5,39.01,75.37,N/A,7.31,46,79.77,51.87,9.24,Voice,25.73,33.1,12.48,0.11,North
b072cbe1-ae90-4bdb-afe5-f262f06adb43,2025-08-03,CUST-780864,0.91,No,Yes,None,4,34.18,89.23,N/A,7.42,27,94.9,52.93,4.79,Data,27.93,46.27,1.79,0.24,East
9d759c78-089a-4a62-833c-01aa8385634e,2025-10-16,CUST-132482,0.78,No,No,None,2,38.51,85.31,N/A,18.09,33,80.48,57.22,4.23,Data,25.96,15.11,7.62,0.27,South
24fec199-a81d-4b72-9b0f-8666591a09a5,2026-07-03,CUST-358204,0.43,No,No,Downgrade,5,10.68,69.08,N/A,19.42,26,73.29,28.61,8.72,Bundled,36.12,44.15,2.17,0.11,West
d35af2c1-70f7-49ed-8fda-f82d00aed7c6,2025-10-02,CUST-475223,0.99,No,No,Upgrade,1,31.87,70.17,N/A,10.23,32,76.94,58.36,9.38,Bundled,10.63,20.87,5.58,0.49,North
65e1de43-9368-43f7-83fe-59eeee36dee3,2026-07-24,CUST-797173,0.76,No,No,None,5,16.61,89.35,N/A,10.03,45,72.93,34.01,3.52,Data,41.26,25.87,9.6,0.35,East
0c3b2588-7cb4-400e-996a-65dcea6e01ab,2025-08-30,CUST-330495,0.9,No,No,Downgrade,3,38.89,76.21,N/A,6.82,58,73.47,54.39,9.62,Bundled,16.75,36.84,6.29,0.44,North
1645505f-6fc4-40e1-bdc6-249291c5d77f,2025-12-18,CUST-665144,0.42,No,No,Downgrade,2,14.32,62.92,N/A,19.22,46,93.58,45.19,3.06,Voice,9.38,35.53,6.5,0.21,East
2a5f5373-9380-4886-98ed-b473f4f025ca,2026-02-21,CUST-633686,0.48,No,No,Downgrade,3,11.33,89.65,N/A,6.17,41,83.67,36.68,2.12,Bundled,42.22,20.47,12.2,0.39,North
918ef594-e55c-40a5-9914-4a939c0b93cc,2026-06-26,CUST-477501,0.86,No,No,Downgrade,3,11.61,68.57,N/A,16.84,29,92.6,31.99,9.93,Voice,10.37,47.96,3.95,0.19,East
839d470e-5888-4fc7-a168-2c378dc54887,2026-06-05,CUST-982610,0.32,No,Yes,Upgrade,2,27.55,63.19,N/A,11.72,61,92.5,36.14,1.77,Voice,34.94,25.63,4,0.18,North
e102f691-3dfb-4fe9-bb00-5421d125df9b,2026-01-14,CUST-971949,0.18,No,No,None,1,31.58,84.93,N/A,11.84,23,88.96,51.83,4.18,Bundled,23.77,11.35,10.82,0.33,West
b69ee064-8fee-4898-b21c-a5f3d592e23d,2025-12-19,CUST-723775,0.99,No,No,Downgrade,4,21.41,89.76,N/A,18.27,52,81.14,33.66,9.41,Voice,10.18,26.01,4.17,0.34,North
18d1f2f1-ba49-4276-a52e-69d3fb5d8a5d,2026-01-28,CUST-760035,0.33,No,Yes,None,4,22.28,70.65,N/A,11.59,27,78.54,53.27,3.35,Voice,11.7,42.05,12.22,0.25,South
f8c5fcaf-315c-407f-86ce-5c73b526f4c6,2026-03-13,CUST-210232,0.06,No,Yes,None,4,23.61,81.82,N/A,15.6,29,87.71,58.23,3.17,Voice,18.41,18.4,12.82,0.48,North
aa69c9c2-5c85-4ad8-ba17-763c29c7bb32,2026-07-24,CUST-828528,0.32,No,No,None,3,22.84,60.15,N/A,17.37,45,76.93,26.04,4.4,Bundled,17.58,27.06,3.41,0.3,North
26ebe32f-87bb-40bf-8a26-caf7765b4a2d,2026-02-24,CUST-979490,0,No,No,Upgrade,4,14.08,81.34,N/A,18.62,52,79.99,47.18,2.21,Voice,16.18,27.76,11.79,0.34,West
3a3d16af-f8aa-4848-9028-5750d38bdc36,2026-06-20,CUST-164956,0.32,No,Yes,None,3,22.99,84.48,N/A,9.47,53,77.25,46.88,3.49,Voice,30.45,39.93,13.38,0.14,South
818383f0-820e-4ef6-8709-79fc755fe39c,2026-01-04,CUST-670260,0.12,No,Yes,None,3,36.84,65.61,N/A,5.27,64,78.03,45.36,4.69,Voice,40.13,25.23,5.67,0.49,South
5ddf5676-e48f-42bb-bf8c-6ecbe5638db9,2026-03-16,CUST-457104,0.18,No,Yes,None,3,35.38,84.84,N/A,11.78,12,75.19,36.46,8.53,Bundled,35.3,28.2,2.6,0.14,East
a2a44df8-c4bd-4aa0-ab1c-8591328a613a,2025-10-12,CUST-181326,0.16,No,No,Downgrade,4,23.34,69.47,N/A,6.59,20,89.12,41.92,4.22,Bundled,15.25,46.84,7.12,0.37,East
7a973b2c-b861-4dc5-9990-0ac7228639ca,2025-11-21,CUST-493466,0.61,No,No,Downgrade,5,12.73,69.47,N/A,16.35,42,91.63,32.71,6.88,Bundled,39.79,32.53,14.92,0.1,East
2c836924-680a-40a2-a650-249174d06c06,2026-05-24,CUST-308032,0.86,No,No,Downgrade,3,14.73,69.29,N/A,14.15,41,74.43,34.93,8.16,Bundled,10.55,27.83,1.14,0.1,North
d70ba683-8687-4f60-b883-485422c10f59,2025-10-09,CUST-890463,0.12,No,No,Downgrade,3,12.24,80.79,N/A,10.3,58,74.61,29.77,4.74,Data,21.19,20.05,6.65,0.29,South
b5ec1966-5019-4d8b-9681-1b225de6aa13,2026-06-30,CUST-652655,0.33,No,No,None,2,24.5,83.78,N/A,11.12,56,71.04,23.45,3.4,Bundled,14.74,30.21,5.29,0.13,East
88a34c80-c9da-4eb5-b743-3c407e91946d,2025-12-11,CUST-426344,0.56,No,No,None,1,25.99,87.31,N/A,15.49,60,89.44,50.39,9.21,Bundled,17.06,25.05,7.44,0.3,West
72a5c753-bbf9-49c6-85e8-29a058f018d4,2026-01-10,CUST-448127,0.34,No,Yes,None,1,29.38,65.01,N/A,19.77,70,94.8,22.23,9.99,Data,24.87,27.52,11.17,0.16,East
40d2d0af-d018-44b1-b319-4c378aa429d2,2026-02-24,CUST-300128,0.9,No,No,Downgrade,1,17.21,61.08,N/A,6.85,29,73.74,21.93,7.97,Bundled,48.96,43.4,4.15,0.3,North
cff96417-8a78-41db-8739-3e569a26b7b9,2026-07-17,CUST-568820,0.94,No,Yes,Downgrade,2,27.99,66.04,N/A,16.12,62,79.83,44.62,8.63,Voice,15.39,32.95,9.27,0.39,East
1fc976dd-176c-443c-ad67-651af4516aa7,2025-08-04,CUST-320395,0.56,No,No,Upgrade,5,10.17,88.67,N/A,17.3,42,93.94,57.95,8.2,Data,34.14,22.93,7.05,0.19,South
5a1fe7c1-63ac-4bd5-9bf3-14499e65b721,2026-03-07,CUST-986358,0.06,No,No,Upgrade,2,27.99,64.24,N/A,6.42,46,72.11,24.27,2.77,Bundled,17.32,26.99,9.08,0.38,South
b04dd413-b1a5-45ea-a59e-f4b9d7aeadfe,2026-01-26,CUST-744318,0.95,No,No,Upgrade,2,30.08,68.05,N/A,19.15,17,80.36,50.44,4.64,Data,14.37,25.97,13.69,0.49,North
85aafbfc-5ddf-415c-bb9a-e11f2a40a44b,2026-01-27,CUST-966918,0.49,No,Yes,Upgrade,4,15.79,88.05,N/A,13.77,25,91.63,49.7,5.42,Data,19.39,47.52,11.98,0.31,East
9cfe2824-d6c6-44dc-81d8-f489ea7f947d,2026-05-28,CUST-173717,0.6,No,No,Downgrade,4,32.52,76.55,N/A,16.52,65,81.29,22.96,9.74,Voice,7.74,44.5,4.05,0.34,South
be1d9ea8-f631-42f7-b176-edb39d5eaca6,2026-02-03,CUST-699450,0.28,No,Yes,Upgrade,0,15.98,83.89,N/A,19.29,48,79.37,31.52,8.78,Data,32.22,27.42,2.13,0.15,West
c096b573-f7ee-4a5c-85e3-5b19d6687b90,2025-11-13,CUST-912199,0.57,No,No,Downgrade,0,26.37,66.82,N/A,17.5,66,83.88,22.88,7.76,Voice,8.38,36.91,13.03,0.11,West
56e0bb81-05f2-4175-97b2-033b8cccfd40,2026-06-21,CUST-673304,0.2,No,Yes,None,2,39.88,67.86,N/A,19.68,69,84.59,25.31,5.99,Data,10.92,49.22,2.35,0.12,East
dbf1d3f1-bc6e-4229-b00f-226438de63f7,2026-06-08,CUST-832592,0.98,No,No,None,0,17.82,82.54,N/A,9.49,48,84.37,46.84,2.38,Voice,15.27,39.83,8.31,0.48,West
23524041-d15c-4ec9-9065-ff5ab68ceaaa,2026-02-15,CUST-814763,0.03,No,Yes,Upgrade,1,34.89,68.51,N/A,12.4,69,86.45,27.6,2.29,Voice,30,22.52,11.71,0.13,West
4eb5d72c-7a2f-4259-9be5-6771d36792fa,2025-12-22,CUST-271454,0.65,No,No,Upgrade,3,26.33,87.47,N/A,10.36,62,90.44,39.21,7.38,Bundled,39.06,14.3,4.59,0.19,West
426aa8b0-9237-460c-9597-812d7821c70e,2026-04-28,CUST-321860,0.7,No,No,Upgrade,4,22.97,65.03,N/A,13.53,65,85.55,37.67,8.8,Bundled,8.19,26.9,13.43,0.34,West
0c4bf688-9e57-47e9-9cf8-658363492995,2025-10-19,CUST-955581,0.13,No,No,Downgrade,5,22.34,68.28,N/A,14.68,15,79.55,47.1,8.1,Data,29.99,25.15,8.49,0.16,West
1e0e2709-7168-4d1b-adce-42fd488b7da8,2025-12-12,CUST-570679,0.24,No,No,Upgrade,3,13.57,84.96,N/A,5.5,58,83.64,23.25,4.02,Bundled,39.65,10.76,3.13,0.33,North
ba9b7017-b47a-4842-a04d-e60cac702bef,2026-05-06,CUST-254934,0.29,No,No,None,0,11.64,75.89,N/A,16.68,65,93.37,32.69,9.35,Data,19.77,22.7,4.26,0.37,South
b2669dc9-5fc3-49db-8528-36990535c8ba,2025-12-09,CUST-853608,0.91,No,No,Upgrade,4,23.23,79.89,N/A,5.54,65,84.78,28.89,8.23,Voice,21.46,27.43,6.64,0.37,South
c0e5f893-4327-4f82-ae50-c9bce53ccfec,2025-08-25,CUST-442622,0.43,No,No,Downgrade,2,33.73,83.2,N/A,17.34,72,89.06,30.11,7.75,Bundled,28.96,33.6,11.31,0.5,North
02fefe81-5d12-4b1a-8cc8-63a64ab436a2,2025-11-04,CUST-659696,0.27,No,No,Downgrade,3,39.84,69.62,N/A,15.03,6,89.04,43.73,2.71,Data,47.4,33.3,10.41,0.21,South
be785c73-eaf1-4b0b-857e-7d8364f6c6ea,2026-04-19,CUST-332445,0.52,No,No,Upgrade,5,21.99,73.15,N/A,14.82,16,93.44,31.65,3.32,Data,44.29,38.58,5.44,0.12,West
05b4409b-d30c-4e9b-890a-5fc0dbfde244,2026-07-06,CUST-301624,0.17,No,No,None,1,36.06,63.34,N/A,5.29,53,71.24,46.46,8.8,Bundled,8.53,48.51,5.34,0.28,West
09f9ab6a-1a2c-48ea-94a0-44330774c8b5,2026-01-24,CUST-256874,0.2,No,No,Downgrade,2,31.09,75.9,N/A,15.58,46,78.06,52.84,1.32,Data,33.63,17.55,9.31,0.26,West
fe7b5dbc-e6da-4329-bd57-c34bee450862,2025-11-14,CUST-556058,0.64,No,No,Downgrade,5,39.29,60.17,N/A,9.84,13,93.63,48.25,4.23,Bundled,47.55,22.74,7.69,0.19,North
6d74c7ef-43f6-4a45-9e9e-3cea46f103f7,2026-04-30,CUST-793218,0.79,No,No,None,3,16.68,88,N/A,13.9,10,94.22,38.54,3.23,Bundled,46.21,24.85,9.29,0.35,West
b075d271-dadd-4d0b-a83e-e82e31e50834,2026-05-07,CUST-448214,0.28,No,Yes,Downgrade,3,33.06,70.06,N/A,19.66,56,70.93,47.2,5.63,Voice,42.07,35.95,1.56,0.37,West
7fcc5d69-8f0b-4b3b-854d-7131031edec2,2025-09-16,CUST-142917,0.01,No,No,Upgrade,2,27.55,67.45,N/A,16.53,69,88.85,53.79,9.71,Voice,11.32,31.94,12.58,0.23,North
f4813a82-bcd2-4107-aa0f-94844816defd,2026-01-17,CUST-802604,0.2,No,Yes,Upgrade,4,21.76,70.11,N/A,9.78,41,91.46,28.05,3.49,Bundled,26,15.09,9.48,0.41,North
9cfa6396-96da-4488-9744-937f36785809,2026-06-13,CUST-654497,0.58,No,No,Upgrade,5,20.92,85.67,N/A,19.81,16,92.84,53.48,5.58,Voice,13.96,38.48,14.62,0.32,North
811c1f22-eeaf-499c-858e-0267a521da93,2025-12-28,CUST-849724,0.96,No,Yes,Upgrade,2,20.04,82.12,N/A,9.24,21,85.74,46.79,8.29,Data,38.84,35.06,3.71,0.43,West
be1a62a6-48d2-4791-a952-7c04a36a986c,2026-03-12,CUST-825420,0.07,No,No,Downgrade,3,30.4,88.27,N/A,10.85,60,77.46,38.08,4.72,Data,25.44,26.52,13.13,0.14,North
075748e3-8983-49f4-982b-e1fcb43142cc,2026-01-23,CUST-447390,0.29,No,No,None,1,14.05,73.18,N/A,5.14,18,91.33,24.93,7.62,Data,45.44,29.5,5.99,0.24,East
73b6f36f-f4bd-4c76-9f03-ed1ab31f181a,2026-07-04,CUST-294261,0.98,No,No,None,5,19.2,75.81,N/A,14.59,32,81.49,37.46,4.29,Bundled,49.49,23,12.73,0.11,North
f2acfbf5-f07a-45ca-8da5-cecd76510ec7,2025-12-30,CUST-519562,0.27,Yes,No,Upgrade,3,22.5,70.52,Competitor Offer,16.07,12,90.98,47.15,1.02,Voice,21.56,43.9,5.19,0.47,North
0e327f3b-ec45-4e95-8a0a-1e580913d179,2026-02-14,CUST-751393,0.19,No,No,Downgrade,0,11.46,79.73,N/A,18.69,13,87.91,27.46,6.52,Voice,20.91,47.91,7.32,0.42,West
170f04c8-45f6-4240-9267-a39f29224203,2026-04-03,CUST-815507,0.04,Yes,Yes,None,2,18.52,81.44,Network Quality,10.89,8,91.32,37.28,4.35,Bundled,32.55,22.14,12.63,0.44,East
a3274bb5-a5c0-405c-814b-41c21d9e1f3e,2025-08-26,CUST-438760,0.91,No,No,None,1,13.58,67.5,N/A,17.45,51,70.63,41.5,1.42,Bundled,7.88,19.28,2.38,0.39,West
26cfb429-9c67-44f2-82d7-9736c4405065,2025-12-28,CUST-871933,0.17,No,Yes,Downgrade,4,34.22,86.59,N/A,13.88,44,77.91,29.46,1.24,Voice,28.52,17.13,12.02,0.47,North
d0f723a2-e557-47a5-8d5f-43f09a0f685f,2026-02-07,CUST-518729,0.82,No,No,Upgrade,2,26.6,81.85,N/A,13.08,62,74.78,49.85,5.77,Data,37.32,29.47,4.57,0.18,North
adab3996-044f-46f9-8fec-3849a0a0a664,2025-09-19,CUST-881987,0.02,No,Yes,Downgrade,1,23.12,62.95,N/A,16.99,64,90.33,22.89,3.95,Voice,31.36,13.91,4.57,0.17,West
10a4a87a-3efb-4923-ae95-5c440437bc36,2026-05-31,CUST-748373,0.85,No,No,None,0,11.75,66.61,N/A,5.61,39,94.21,29.26,2.37,Data,38.85,41.24,14.41,0.11,North
50ebaeef-d091-4e1e-8095-28d25e4c46e5,2025-07-28,CUST-332436,0.31,No,No,Downgrade,5,35.88,74.48,N/A,9.66,35,80.01,44.52,8.38,Data,33.33,17.05,2.54,0.24,East
a5775be8-8ce7-4c7b-920a-a57529c3f8bd,2026-07-02,CUST-190587,0.05,No,Yes,Downgrade,3,11.71,82.69,N/A,12.14,16,70.11,36.56,2.75,Voice,18.79,46.35,14.21,0.3,South
d857ea6d-9d50-4ef4-b096-797cbb8642ad,2025-10-03,CUST-745463,0.03,No,Yes,Downgrade,4,20.93,61.91,N/A,19.42,62,77.39,25.81,8.59,Bundled,26.32,11.63,7.78,0.47,East
b69eb581-9ef5-4abf-b08c-9d3408f62c80,2026-07-06,CUST-282262,0.01,No,No,Downgrade,2,11.25,65.38,N/A,19.05,18,79.31,28.05,2.5,Voice,33.25,21.89,10.71,0.47,South
0e164a80-0650-40c9-b539-10d8d8aaad98,2026-05-10,CUST-597562,0.99,No,No,Downgrade,4,30.87,84.69,N/A,9.22,25,85.55,38.45,2.26,Data,9.72,46.57,11.29,0.47,East
f9feef17-12b8-462d-9a12-3a1346f8ce49,2025-08-18,CUST-227885,0.23,No,No,None,5,27.48,73.45,N/A,10.31,19,72.76,58.46,6.42,Data,41.61,48.62,2.48,0.21,West
7734e6d4-dcb1-4ca3-89e9-a0eb1cf2e4aa,2026-05-29,CUST-214510,0.29,No,Yes,None,4,12.64,69.33,N/A,5.8,17,82.25,44.01,1.55,Voice,7.53,29.47,12.78,0.23,South
42714333-5d50-4789-a3bf-60a8c6bb74ac,2025-09-27,CUST-130130,0.78,No,No,Upgrade,4,29.86,73.58,N/A,12.58,15,84.21,41.81,6.43,Data,8.78,18.42,11.89,0.16,South
5597d9ab-6ba0-46a8-9319-da201936e6b5,2026-04-30,CUST-609615,0.71,No,No,Upgrade,4,17.71,76.45,N/A,15.95,72,72.38,57.05,1.41,Data,19.85,22.42,9.8,0.32,East
7ad1c329-bc2f-4578-bee1-b9ef0f33f26f,2025-11-30,CUST-407344,0.53,No,No,Upgrade,3,18.16,67.38,N/A,19.66,54,92.01,34.53,8.41,Bundled,35.6,48.67,13.71,0.45,West
89d79c4f-512c-44b5-b56a-220e03a8aa48,2026-05-06,CUST-670645,0.63,No,Yes,None,2,34.35,68.22,N/A,13.85,13,91.58,50.97,5.02,Bundled,6.32,32.41,13.69,0.26,North
9c6917a9-de7b-4c23-8836-5a23f28c0427,2026-07-04,CUST-242144,0.12,No,No,Downgrade,5,37.08,71.19,N/A,9.49,31,89.98,29.9,9.54,Data,17.06,22.68,2.73,0.3,West
cd87b93a-e846-4d0b-afc7-580585e852f9,2025-09-29,CUST-781875,0.65,No,No,Downgrade,1,28.88,83.03,N/A,7.72,18,93.88,24.29,4.8,Bundled,33.87,49.31,8,0.38,East
2d3cb9a0-70f7-4793-88b0-bd3f864af3d7,2026-04-11,CUST-865520,0.83,No,No,None,3,13.12,89.74,N/A,8.61,50,76.21,27.86,7.45,Data,31.33,32.19,10.93,0.19,South
a0fddf15-9c13-4121-bcda-c5ca18b6e5c4,2025-12-31,CUST-153269,0.88,No,No,Downgrade,2,15.08,76.5,N/A,14.97,61,84.41,59.76,7.26,Voice,28.29,26.41,10.21,0.41,East
9ace7b8b-084e-46fa-a919-4a7bc9de7413,2025-08-12,CUST-169487,0.81,No,No,Upgrade,2,26.74,84.14,N/A,14.74,62,92.72,20.08,4.05,Data,18.58,27.72,7.01,0.39,West
ae4ee578-de95-4ec9-87cd-21477c395bda,2025-10-01,CUST-328253,0.7,No,No,Downgrade,1,21.83,85.51,N/A,18.56,30,88.56,56.66,3.13,Bundled,49.38,27.01,4.15,0.42,North
4e385108-87c6-4449-9ea3-b11db404abc7,2025-11-22,CUST-739642,0.32,No,No,None,3,36.53,63.63,N/A,13.71,70,75.67,58.68,8.31,Bundled,21.14,21.5,6.15,0.38,North
be4ddff8-b902-4356-8504-cd7361541a3f,2026-05-21,CUST-745004,0.61,No,No,Upgrade,1,28.41,80.51,N/A,8.33,19,83.79,42.98,3.9,Voice,36.33,13.52,8.79,0.49,West
0de452ae-135e-4dde-b95b-7d8448f9a2de,2025-08-21,CUST-492869,0.08,No,Yes,Upgrade,0,20.78,81.07,N/A,14.6,30,89.23,51.9,3.14,Bundled,31.03,28.11,6.78,0.3,North
148192a8-9e6f-4da0-b2b6-1a5e6ade5957,2025-12-09,CUST-141240,0.84,No,No,Upgrade,4,39.93,60.27,N/A,9.13,46,82.41,31.63,8.84,Bundled,41.28,16.96,4.64,0.4,East
9d75d103-db55-468b-9b92-1cdc2676c832,2025-11-14,CUST-297011,0.57,No,No,Upgrade,4,30.96,88.04,N/A,12.48,12,86.91,30.65,9.12,Bundled,30.38,32.89,1.68,0.3,East
fbb9b8a0-0797-4c67-8632-9c5534d682e9,2025-12-24,CUST-840796,0.79,No,No,Downgrade,3,21.49,84.89,N/A,6.14,70,91.07,57.37,5.25,Data,30.4,43.43,5.48,0.11,East
4bca54b0-3711-4d41-8bf8-dd64b922deda,2026-06-08,CUST-194245,0.32,No,No,None,2,31.09,82.28,N/A,17.86,63,72.71,21,3.59,Data,15.01,24.67,5.86,0.19,South
65e66b8b-4926-484f-bdad-0108b9324180,2026-06-02,CUST-402360,0.22,No,No,None,3,24.97,74.96,N/A,17.25,7,81.91,46.97,1.18,Data,14.79,49.13,5.19,0.5,East
6687205d-cb8b-49c7-8fab-405062ed5983,2026-04-30,CUST-967019,0.1,No,No,Downgrade,1,12.18,70.35,N/A,18.35,36,92.24,53.02,6.61,Bundled,5.13,12.18,2.08,0.13,West
f19bff6a-4380-4f40-a0a5-0da480c4e260,2025-07-28,CUST-805191,0.19,No,No,Upgrade,2,33.86,87.27,N/A,15.42,6,84.18,32.75,2.92,Data,10.56,22.07,7.87,0.4,West
abbc0193-f106-4fb3-a437-3bb90ae29b56,2025-08-16,CUST-526482,0.59,No,Yes,Upgrade,5,11.37,82.61,N/A,14.04,18,74.07,56.37,5.81,Bundled,8.79,13.12,6.5,0.24,East
85ac15c4-a759-4a15-af83-270f67499211,2026-05-26,CUST-773436,0.66,No,No,Downgrade,1,29.44,77.74,N/A,19.78,56,83.62,52.35,8.13,Bundled,22.71,13.02,12.86,0.43,North
33467ea3-31a8-40c7-8df0-07829cbba13c,2025-12-07,CUST-891258,0.58,No,Yes,Downgrade,1,39.5,74.9,N/A,12.18,61,84.23,20.66,9.1,Data,35.39,23.3,1.91,0.46,South
56cd25dc-7de7-4c82-bbfc-a3aabdfa0c45,2025-11-22,CUST-309658,0.91,No,No,Downgrade,2,37.77,80.98,N/A,17.5,21,71.82,32.73,1.93,Data,43.56,37.49,6.48,0.4,East
b1143af4-5843-4d26-bcbe-b06800dcfe5a,2025-09-19,CUST-226075,0.13,No,Yes,Downgrade,1,16.35,71.22,N/A,19.73,50,70.25,51.6,7.98,Voice,41.27,39.71,9.1,0.42,East
8193eb71-4f7d-4e6f-98fd-1139bdc68394,2025-12-16,CUST-277792,0.56,No,Yes,None,1,20.14,75.7,N/A,19.34,52,80.34,43.14,1.55,Voice,9.33,34.5,8.06,0.12,South
20ab12c3-ed0a-4ada-8cfb-328871e104f7,2025-09-24,CUST-591430,0.97,No,No,Upgrade,4,33.27,62.96,N/A,10.36,37,82.4,28.88,4.33,Voice,44.46,20.47,11.32,0.49,East
61a5bdb3-38ed-4fd1-a656-c5abf5b7aea7,2026-01-10,CUST-851902,0,No,Yes,Downgrade,4,15.18,80.2,N/A,12.34,66,85.16,25.56,1.56,Data,43.34,33.91,9.25,0.32,East
bcb7c626-d531-43f1-a2e4-5844d30f049d,2026-01-12,CUST-691694,0.16,No,No,Upgrade,0,19.9,66.54,N/A,7.58,50,79.85,49.53,3.11,Voice,10.62,21.73,7.42,0.33,West
66ec3301-80b0-45a4-8017-d0ee7a970267,2025-08-19,CUST-999252,0.27,No,No,Upgrade,1,37.78,72.76,N/A,13.77,43,88.2,33.73,6.35,Voice,11.62,17.06,14.23,0.14,West
e61b4004-59eb-4290-a586-77100b1b241e,2025-11-08,CUST-551497,0.02,No,Yes,Downgrade,3,11.84,63.78,N/A,12.47,18,81.97,24.52,5.16,Bundled,34.42,36.78,10.08,0.31,North
dc101216-02b4-4bbc-a8bc-e68925f1ff26,2026-06-22,CUST-972705,0.54,No,Yes,None,0,36.75,84.8,N/A,15.12,47,91.16,51.28,7.37,Data,11.75,22.87,6.49,0.37,South
2b48dba8-952e-478c-9966-4683a7a0551f,2026-01-23,CUST-825864,0.4,No,Yes,Downgrade,1,37.65,87.79,N/A,11.96,18,71.62,35.15,6.24,Bundled,44.38,30.52,4.12,0.39,South
7a9b4431-6f38-4cf6-acf0-2adde1fd03dc,2026-04-10,CUST-635492,0.28,No,Yes,Upgrade,2,29.23,70.04,N/A,6.97,54,78.05,22.89,7.1,Bundled,33.72,45.49,11.08,0.29,South
7975881f-f9fd-474f-88a0-e8841aeecfaf,2026-05-29,CUST-794684,0.89,No,No,Downgrade,3,27.65,72.03,N/A,8.36,25,79.32,37.33,1.1,Bundled,21.11,27.98,8.54,0.12,South
4be5b7e0-4a21-47c0-89f0-5d83cf06a420,2026-07-22,CUST-167154,0.38,No,No,Upgrade,2,11.58,73.44,N/A,14.7,36,88.94,59.65,6.88,Bundled,21.16,28.05,1.78,0.31,East
05a12eec-e9f2-44aa-ba08-3c2e3edc7f46,2025-10-24,CUST-117033,0.23,No,Yes,None,4,27.62,77.04,N/A,14.24,67,91.41,29.03,7.12,Voice,8.33,10.5,9.22,0.28,East
459318fb-02a8-4425-9c29-8ecdf94040c3,2025-09-18,CUST-296198,0.42,No,No,Downgrade,1,15.56,61.69,N/A,17.75,9,86.47,28.36,7.98,Bundled,34.78,33.37,8.47,0.32,North
2b2d8162-24dd-4440-91e2-635be2c6ae7c,2025-11-25,CUST-226020,0.1,No,No,Upgrade,1,32.87,67.64,N/A,16.9,21,91.23,55.25,4.99,Voice,5.69,24.88,4.12,0.12,West
be93956b-990b-49e0-9f7d-e8a737af6f1f,2026-02-11,CUST-397591,0.32,No,No,None,2,19.96,80.03,N/A,5.23,30,82.37,51.2,2.1,Data,23.72,30.23,3.72,0.34,North
47dcfaca-6c32-4891-ae6b-48a0d5c5c9e7,2026-04-01,CUST-371538,0.57,No,Yes,None,1,25.34,84.79,N/A,10.95,44,87.57,44,7.27,Data,20.53,39.37,8.99,0.12,East
fe3e8b2b-c8c4-4bf6-91de-94a2b9d832ca,2026-05-01,CUST-413903,0.4,No,No,Downgrade,0,18.6,79.47,N/A,8.69,44,83.1,54.05,9.76,Voice,20.76,14.28,14.81,0.14,South
86541792-1081-4ea2-8a6e-be41040af30b,2026-04-27,CUST-483622,0.74,No,Yes,None,4,26.99,88.41,N/A,9.6,46,70.63,27.24,2.96,Voice,21.81,38.02,12.92,0.27,West
33667a4f-0ba4-4fdd-8c08-0823b02ac5c2,2026-05-21,CUST-711520,0.79,No,Yes,Upgrade,4,15.13,63.56,N/A,6.01,39,74.69,36.26,4.79,Voice,39.53,29.7,14.16,0.33,South
1635edfb-7f2d-4ddc-9753-cf33b9ada34e,2026-02-17,CUST-444723,0.81,Yes,No,Upgrade,4,27.04,71.29,Customer Service,16.74,47,92.77,54.23,9.73,Voice,25.34,31.8,6,0.45,West
3df90df4-5894-40a8-b76a-c641dcc482d0,2025-07-30,CUST-934459,0.24,No,No,Downgrade,3,26.56,78.58,N/A,5.08,69,88.93,47.01,9.66,Bundled,37.65,31.05,8.12,0.45,North
b18a939c-bd9b-4af4-a4e4-b58dd9717735,2026-04-26,CUST-588127,0.89,Yes,No,Upgrade,1,39.41,88.65,Price,6.4,9,76.12,50.38,4.61,Bundled,8.22,19.04,12.71,0.22,West
4ae78821-b15d-49f3-a394-bdbe5d9372b5,2026-07-01,CUST-578888,0.64,Yes,No,Upgrade,2,16.37,83.22,Price,6.6,38,93.52,33.43,7.46,Data,39.09,33.89,2.73,0.32,West
29bad100-7b6c-41bd-81f0-4582737d1bfa,2026-01-24,CUST-552501,0.6,Yes,No,Downgrade,4,16.53,73.48,Customer Service,19.66,53,86.8,33.42,9.01,Bundled,12.85,37.01,4.99,0.46,North
a2d434b5-3cb5-4ad2-aee2-a3f5825482da,2026-03-03,CUST-423992,1,No,No,Downgrade,3,38.55,77.09,N/A,6.6,12,72.92,50.73,1.36,Voice,30.22,47.22,9.51,0.21,North
9fbfb3cb-3f0f-4974-959b-33c0624bacdc,2026-07-18,CUST-651925,0.43,No,No,Upgrade,5,32.68,87.82,N/A,6.51,53,73.03,25.09,5.89,Data,27.98,43.57,2.93,0.47,South
c8be425e-ecd9-45e0-a5bc-538b925f1b38,2025-10-15,CUST-290572,0.09,No,No,None,3,10.96,87.68,N/A,9.25,57,91.48,40.5,3.13,Voice,28.51,18.74,11.48,0.37,West
9b3266a5-1271-4d75-a3f2-f0ccbaecea31,2025-08-25,CUST-587230,0.88,No,No,None,4,35.5,80.2,N/A,9.14,33,94.57,28.33,4.18,Bundled,8.15,36.66,5.11,0.17,South
0d22bedb-3d33-4a82-96b9-6442923c9aa9,2026-06-27,CUST-409879,0.05,No,No,Downgrade,2,25.28,74.14,N/A,17.96,23,80.68,26.84,4.23,Bundled,46.38,48.3,10.65,0.45,North
a2987fb9-fc02-4295-bd0b-28512af93826,2025-12-24,CUST-468625,0.5,No,No,None,3,28.5,85.74,N/A,18.62,9,94.05,32.54,1.88,Data,24.3,34.88,9.02,0.29,North
9b0ffe07-23f7-4568-93f3-f3d7bccce6ed,2026-05-23,CUST-183648,0.42,No,No,Downgrade,3,29.14,82.97,N/A,17.85,10,92.13,56.52,9.09,Data,6.18,46.78,10.48,0.4,South
fa2d2bdb-6d8c-40bd-b9d8-c73b7eaf8f9d,2026-04-14,CUST-129904,0.98,No,No,Upgrade,4,24.8,81.14,N/A,13.77,28,79.23,22,6.53,Voice,14.82,45.02,4.61,0.34,North
8ca74b43-7cee-4733-97f8-11e01ff0e766,2025-11-18,CUST-534515,0.66,Yes,Yes,None,5,22.92,72.14,Customer Service,16.54,19,73.46,32.62,9.92,Voice,40.5,24.94,12.2,0.28,North
789c1a9a-b9a9-4e24-86a1-871f6ad5b0b4,2025-12-24,CUST-467070,0.32,No,No,Downgrade,2,24.47,63.24,N/A,14.54,21,81.11,54.91,9.81,Bundled,26.13,29.34,14.57,0.47,West
4514cfda-b03a-46a8-8ee3-cea2725a65b5,2026-06-09,CUST-525037,0.84,No,No,Downgrade,4,21.92,89.53,N/A,11.76,52,76.17,22.76,2.84,Bundled,16.8,32.1,10.98,0.46,East
2e4ec84a-c58b-4f7a-8925-02c8ffacb190,2025-09-08,CUST-802574,0.25,Yes,No,Upgrade,5,10.07,82.41,Price,17.97,60,78.83,50.97,2.99,Voice,26.75,13.88,11.99,0.25,West
62af861e-4f49-4eb6-8046-caf03220ea1c,2026-02-11,CUST-214934,0.77,No,No,None,0,27.92,73.99,N/A,17.85,66,77.79,21.94,5.51,Voice,37.17,19.55,3.69,0.41,East
e826225f-204b-4896-9079-79a90bad6236,2026-07-11,CUST-529265,0.24,No,Yes,None,3,25.5,86.59,N/A,9.41,37,87.41,50.35,2.94,Bundled,12.72,49.58,9.8,0.31,East
f242faf8-3d57-4800-8869-e8df11afacfe,2025-10-23,CUST-785314,0.35,No,Yes,Upgrade,4,38.85,72.38,N/A,18.1,42,84.2,58.35,6.21,Bundled,48.45,20.32,10.08,0.29,North
262fc8fa-78a8-481b-9857-0b12806d6656,2025-09-12,CUST-517412,0.59,No,Yes,Upgrade,1,32.68,83.91,N/A,6.66,66,88.69,49.41,5.44,Bundled,25.61,37.3,14.59,0.37,East
d82fe5db-5bb4-41e9-8b67-af1b4cc4f34f,2026-03-27,CUST-891453,0.37,No,No,Downgrade,1,30.49,84.33,N/A,14.94,21,73.07,22.81,4.67,Data,22.43,36.2,12.36,0.23,East
15d12b97-471d-44cb-abb8-46d122c83442,2025-11-18,CUST-638416,0.4,No,Yes,Downgrade,4,11.06,84.81,N/A,15.06,71,70.66,46.29,1.49,Bundled,41.93,19.54,14.6,0.3,North
687e50ce-c407-4361-afbf-81358b270da5,2026-03-04,CUST-939418,0.06,No,No,Downgrade,4,19.14,62.02,N/A,15.69,15,74.9,21.99,6.21,Data,9.1,30.55,11.86,0.17,North
e0d4cde9-1ece-4ef5-9e33-e0cf74850a55,2026-02-02,CUST-538941,0.25,No,No,None,5,22.66,75.1,N/A,16.22,59,79.7,55.93,8.85,Voice,33.81,10.98,9.44,0.19,West
5a93c068-5ba5-4996-83e7-d6a8ca146d29,2026-07-03,CUST-558241,0.57,No,No,None,2,11.64,60.71,N/A,9.82,24,79.9,31.96,4.87,Bundled,11.6,21.21,10.56,0.12,South
b83c9f00-2164-4091-ac58-2299138eea45,2026-04-01,CUST-620223,0.26,No,No,Downgrade,3,23.1,75.73,N/A,10.69,59,82.78,59.14,6.07,Voice,23.68,49.16,14.92,0.2,South
6edcb30e-8022-4245-9ef3-c1053c37419d,2025-12-22,CUST-522187,0.37,No,No,Downgrade,4,33.35,79.99,N/A,17.8,38,85.86,31.88,4.67,Voice,31.91,35.86,14.22,0.45,North
343338c8-2300-404e-aeba-32402d99cade,2025-11-04,CUST-851702,0.14,No,No,Downgrade,2,14.28,87.2,N/A,8.46,43,87.9,44.73,3.35,Data,25.98,13.77,11.74,0.35,North
5620dad1-d632-46d0-afeb-d4bbfbd5a48b,2026-04-17,CUST-510206,0.65,No,No,Downgrade,1,31.68,83.11,N/A,19.28,53,93.72,55.36,4.47,Data,26.44,47.2,9.39,0.21,South
bf2045a7-b18e-4286-a4db-ab03e25bd526,2026-06-12,CUST-130776,0.21,No,No,Downgrade,5,38.9,86.94,N/A,12.94,56,87.51,23.33,8.57,Data,36.33,25.94,2.99,0.48,East
e44b19be-a14f-4567-b0f5-b4857c11ce9d,2025-09-22,CUST-951364,0.75,No,No,Downgrade,2,35.44,89.11,N/A,9.42,34,90.42,50.32,4.98,Bundled,32.5,22.6,1.06,0.26,West
86ed4547-2381-4368-b7a5-13591823259c,2026-01-11,CUST-809444,0.04,No,Yes,Upgrade,3,32.89,88.44,N/A,11.88,63,91.89,35.37,7.93,Data,48.05,17.03,12.36,0.12,West
7a9bae9f-31eb-4b82-8ae9-ef21df493d8e,2025-09-06,CUST-588063,0.97,No,No,Upgrade,1,22.59,60.49,N/A,16.25,42,81.01,47.91,5.63,Bundled,27.32,44.08,14.86,0.35,West
7918595f-21fa-4c67-963b-34ec6ff63786,2026-07-03,CUST-808456,0.8,No,No,Downgrade,3,39.38,60.8,N/A,6.18,23,70.35,41.27,3.11,Bundled,10.18,29.1,14.85,0.43,West
4afd8a64-543d-4f77-b2ab-eb1f7e12e9b0,2025-11-28,CUST-575091,0.83,No,No,Downgrade,1,28.17,67.49,N/A,16.35,64,82.94,31.17,4.91,Bundled,38.22,32.13,11.2,0.34,West
75d0a75b-9d91-4333-917c-aa82b77227c3,2026-06-16,CUST-442605,0.55,No,Yes,Downgrade,1,13.93,86,N/A,12.54,25,88.77,23.66,6.83,Voice,32.54,27.16,4.46,0.18,West
be80f303-921c-45ed-aa51-3bd99a329b80,2025-11-08,CUST-495401,0.55,No,No,None,5,37.6,87.71,N/A,17.49,26,78.53,33.2,5.7,Voice,48.86,21.21,10.23,0.45,East
76da7e27-7b4f-4f5e-94cc-ee0da0ae44e7,2026-05-29,CUST-918138,0.09,No,No,None,5,20.89,68.26,N/A,7.11,30,72.96,31.02,3.47,Voice,8.05,34.55,10.65,0.16,East
24747e74-f092-4ae0-81f7-46b881c49bae,2025-10-03,CUST-746018,0.72,No,No,Upgrade,2,31.81,74.22,N/A,17.7,16,90.42,22.71,7.92,Voice,40.84,44,7.9,0.37,West
ba1fdcd1-4f1d-41d6-badf-1db26099a91e,2026-01-15,CUST-996090,0.15,No,Yes,None,4,20.17,64.35,N/A,15.38,27,82.29,43.06,1.86,Bundled,23,43.54,10.97,0.18,South
c51567fc-8c9d-4bb5-b866-7003ff5d1bad,2026-02-28,CUST-388088,0.07,No,Yes,Downgrade,1,38.53,86.37,N/A,16.35,9,84.9,31.8,5.33,Voice,47.79,29.6,14.45,0.45,South
ff3059a7-adba-401b-9ea5-58ba7d844637,2025-09-25,CUST-539971,0.34,No,No,Downgrade,4,27.61,84.3,N/A,16.47,40,71.19,43.94,1.23,Voice,31.73,22.74,14.98,0.45,East
6d7dc824-c2d1-4c31-b008-ca7ada3be59d,2025-10-07,CUST-874204,0.67,No,No,None,5,29.36,86.1,N/A,7.53,38,82.01,23.57,6.91,Voice,24.26,29.57,13,0.16,East
71c49cc1-b29b-4621-a593-3ebf02880d4e,2026-01-06,CUST-758505,0.29,No,No,Downgrade,3,37.26,63.22,N/A,17.83,34,89.1,50.72,5.58,Bundled,42.77,36.99,4.53,0.2,South
ea7b51f4-8518-471a-b34d-a84ec6d021a0,2026-04-10,CUST-577475,0.39,No,No,None,3,33.06,66.52,N/A,9.01,22,73.51,20.38,5.26,Voice,41.53,43.08,14.91,0.12,South
71cb2602-2ace-4efd-81ad-7c84fd433ea7,2025-08-02,CUST-800455,0.85,No,No,Downgrade,1,20.94,71.01,N/A,13.69,22,80.23,44.42,5.06,Voice,28.2,20.42,11.74,0.36,South
b27502ee-4615-4c05-a02a-69cef07ea7fd,2026-03-11,CUST-747490,0.86,Yes,No,None,2,23.4,86.18,Competitor Offer,13.01,17,82.08,58.96,7.42,Voice,43.83,10.95,6.83,0.32,North
30a45031-6ed0-4344-8d20-f880eb27d0e3,2026-03-17,CUST-581148,0.73,No,No,None,3,13.07,61.67,N/A,18.82,26,79.6,46.95,1.67,Voice,25.62,33.8,10.37,0.24,South
013902b5-b57a-4659-ae65-4c91cb61c0d6,2025-11-09,CUST-809562,0.11,No,Yes,Downgrade,0,14.73,83.45,N/A,15.69,62,94.81,25.33,2.42,Voice,35.36,42.24,14.19,0.22,South
e7b8450b-5dc1-48de-88df-a4b87f9585fd,2025-12-27,CUST-277129,0.42,No,No,Upgrade,5,30.32,70.78,N/A,18.07,17,92.32,40.07,7.8,Bundled,17.84,12.56,10.29,0.42,South
278c7f5b-eed2-470b-a1c1-4e7a6d36f46d,2025-12-28,CUST-681130,0.01,No,No,Downgrade,2,35.92,67.85,N/A,19.52,28,79.86,48.84,2.48,Data,46.27,15.57,7.4,0.1,West
f95518fc-651a-4a34-aef2-c8ecb926f105,2026-03-15,CUST-903162,0.09,Yes,No,Downgrade,1,31.69,60.73,Network Quality,15.72,44,83.5,41.37,9.72,Bundled,16.23,28.6,9.22,0.19,West
89bc81d9-5db8-46e8-aa85-b31bde5dd6c8,2026-01-04,CUST-838234,0.35,No,No,Upgrade,4,26.07,80.1,N/A,18.91,46,75.12,58.9,1.26,Data,40.96,29.6,9.86,0.38,West
e5097cb1-c747-40d5-8fc3-54543335b06f,2026-04-03,CUST-824086,0.54,No,No,Downgrade,2,38.94,84.94,N/A,12.25,54,77.69,36.43,9.97,Data,34.9,29.74,4.54,0.27,North
010bc4f0-e6d8-49e3-8310-eb5f890cacb8,2026-01-23,CUST-315227,0.21,No,No,Downgrade,2,10.46,61.26,N/A,12.38,64,89.85,28.27,8.13,Bundled,32.49,49.16,12.17,0.18,East
9793e829-bb6c-4eac-84fe-b4c363959d74,2026-03-19,CUST-436628,0.47,No,Yes,Upgrade,3,31.91,64.08,N/A,19.55,30,85.27,56.08,5.78,Bundled,19.61,12.87,7.8,0.1,South
cbfecf80-69d2-484a-8640-6dd0e6d83dd9,2025-09-22,CUST-597513,0.35,No,Yes,None,5,20.78,67.65,N/A,8.24,33,86.3,58.17,6.31,Voice,14.12,34.44,9.43,0.36,East
26e26a5a-15e2-44bc-ab36-b51caef4c31a,2026-01-18,CUST-487119,0.21,No,Yes,None,5,10.17,73.09,N/A,15.12,68,84.74,58.97,6.66,Bundled,30.84,25.52,14.63,0.28,West
fbdfc104-9b1b-4dc0-98aa-623f4d96459e,2026-01-27,CUST-948213,0.73,No,No,None,3,14.07,62.53,N/A,5.25,13,85.91,40.66,8.16,Data,49.65,44.01,13.41,0.16,East
ea127f37-42a8-499f-8b29-cfd153062ce0,2026-06-06,CUST-948163,0.43,No,No,Upgrade,3,29.03,81.94,N/A,18.3,42,88.3,34.4,4.35,Data,5.02,35.46,1.27,0.12,West
d479f229-aa35-4a38-ada0-82bad8d750f7,2026-07-23,CUST-947359,0.49,No,Yes,Downgrade,2,37.38,80.24,N/A,9.76,22,76.14,51.23,7.99,Data,49,49.04,13.72,0.49,North
448808ed-fdfe-4bb6-acf8-6e10a9e2bf01,2025-10-10,CUST-500151,0.8,Yes,Yes,None,4,14.63,60.05,Customer Service,8.78,21,94.49,37.92,4.95,Voice,44.38,32.34,10.41,0.33,South
d3ef0cc6-7008-4394-ac5a-6f2dcd53f9f7,2026-07-24,CUST-289230,0.26,No,No,Downgrade,4,37.74,81.93,N/A,11.32,64,83.02,28.65,8.01,Bundled,26.58,10.5,10.11,0.37,North
8e07c16b-e3be-4f3c-9a01-b069ac2e6a3d,2025-12-14,CUST-594298,0.54,No,Yes,None,1,20.33,60.47,N/A,17.1,8,94.35,57.43,1.18,Bundled,22.53,29.68,6.4,0.15,South
b3d33a8e-e518-45b1-8982-a2dc8938061c,2026-05-26,CUST-242215,0.2,Yes,No,Downgrade,2,21.59,75.31,Competitor Offer,5.97,6,88.82,23.83,8.92,Data,13.17,47.19,1.72,0.5,South
45561a01-d866-4ffa-a19b-ed76c130f169,2026-03-07,CUST-702353,0.71,No,No,None,1,16.85,69.77,N/A,7.45,20,82.03,21.16,6.55,Bundled,18.89,22.04,2.23,0.16,East
7538f8c4-604d-4cbe-a9e7-272c9a2cdb5c,2025-12-15,CUST-472875,0.21,No,Yes,None,3,15.77,83.73,N/A,7.27,45,91.49,33.81,5.19,Data,21.02,36.17,9.51,0.28,North
022d6c96-20bf-4804-9d0f-5995878ed68b,2026-01-11,CUST-804498,0.54,No,No,Upgrade,3,13.61,76.01,N/A,15.36,12,84.43,48.34,3.58,Data,40.33,48.05,10,0.18,South
0778ef47-0a1b-4139-9619-fc79c6bb0d27,2026-03-25,CUST-969918,0.43,No,No,Upgrade,3,28.14,66.54,N/A,13.16,52,79.03,40.83,5.7,Data,36.44,25.8,8.83,0.27,East
e46a7ec9-fcd6-4cf8-b6ea-e1b6307456f3,2025-08-02,CUST-161175,0.74,No,Yes,Downgrade,3,38.4,60.66,N/A,18.3,27,94.88,37.16,8.97,Voice,42.64,34.87,3.45,0.41,North
10c227a1-b50a-44ca-a802-7875fa0bdce1,2025-09-28,CUST-138186,0.23,No,No,Downgrade,5,14.95,78.29,N/A,8.71,43,76.86,27.37,6.27,Bundled,11.16,17.09,10.08,0.37,North
75db96f5-5db0-4867-9b97-f4bccce54c0c,2026-04-13,CUST-709519,0.39,No,No,Downgrade,1,14.52,72.07,N/A,5.91,6,94.3,25.61,8.24,Voice,8.64,30.66,1.64,0.12,North
58f1af2a-e500-48d9-a17d-7509c32c36e8,2025-08-29,CUST-109308,0.71,No,Yes,None,0,27.02,84.04,N/A,9.49,51,81.87,32.13,3.96,Bundled,8.93,37.32,7.25,0.37,North
43aef50e-5a61-4fab-8394-93f822dd749b,2026-04-26,CUST-410886,0.41,No,No,Downgrade,0,19.28,86.75,N/A,13.68,72,83.8,56.15,7.04,Data,9.18,41.18,14.43,0.16,East
3eb96ab1-0444-4d8b-baa6-98cf3a2ba011,2026-07-07,CUST-542561,0.32,No,No,None,4,12.2,83.72,N/A,11.82,66,74.85,39.96,6.52,Voice,28.4,47.02,2.67,0.48,North
ac46c73e-7cf2-4905-b918-63d3f098304f,2025-11-12,CUST-346635,0.2,No,No,None,2,21.15,64.07,N/A,7.96,29,92.17,20.62,6.91,Bundled,39.26,23.09,6.53,0.36,South
2869ef99-ef34-4041-9349-3451fb137549,2026-03-11,CUST-731509,0.64,Yes,Yes,None,4,15.78,76.29,Network Quality,19.28,46,94.9,35.2,2.33,Data,45.83,16.85,11.73,0.36,South
84334f78-e30c-48d7-b16b-11b292d8e221,2025-10-27,CUST-903601,0.78,No,No,None,4,26.73,68.4,N/A,6.38,42,81.75,47.93,3.73,Bundled,28.44,43.54,1.64,0.27,South
0f3597b5-2669-436b-9f7a-6a7209359b51,2025-11-03,CUST-183938,0.93,No,No,None,4,22.34,72.68,N/A,11.76,57,79.04,40.29,9.88,Data,40.22,27.23,4.7,0.41,North
568ed63e-035d-4b1f-9f12-2481d87611dd,2026-05-22,CUST-502100,0.46,No,No,None,2,39.97,80.84,N/A,9.87,45,92.57,28.39,5.53,Data,6.27,44.99,13.18,0.44,East
8c6f4fa5-d223-48bb-8fd1-1ca232c2672b,2025-10-08,CUST-533482,0.83,No,No,None,1,22.79,80.99,N/A,5.19,52,80.17,22.75,8.9,Data,10.87,13.77,8.15,0.41,West
32e39abc-8e35-42af-8368-b02ddb0005bc,2026-04-27,CUST-446132,0.9,No,No,Downgrade,3,38.14,63.35,N/A,17.53,47,87.33,28.12,9.02,Bundled,17.21,42.09,13.26,0.32,South
ba38472a-18ca-4312-969e-8ffaf18514a4,2025-11-09,CUST-201496,0.1,No,Yes,Downgrade,4,26.5,75.1,N/A,14.7,45,87.71,24.94,2.86,Data,32.87,13.55,12.68,0.16,South
b3968024-8105-4a62-8d69-81a76e75403d,2025-09-22,CUST-375858,0.73,No,Yes,Upgrade,5,30.67,89.68,N/A,19.31,53,74.96,37.32,5.59,Bundled,15.99,11.17,5.11,0.26,East
4e475291-a5f9-43a9-b9c8-ba46b176e549,2025-11-08,CUST-544966,0.77,No,No,Upgrade,5,23.22,73.33,N/A,19.81,11,92.9,56.06,4.75,Bundled,20.96,44.17,10.09,0.33,West
01802e03-2fa5-48a2-b761-00c1c1889baa,2025-08-20,CUST-788008,0.95,No,Yes,Upgrade,4,28.76,85.64,N/A,9.37,31,89.4,36.64,2.04,Voice,30.21,22.01,8.96,0.26,North
572dc306-5cdf-4359-a565-b8918e60514c,2026-03-03,CUST-428673,0.65,Yes,No,Upgrade,1,38.84,68.8,Network Quality,16.12,34,82.89,30.55,6.74,Bundled,14.13,44.46,5.02,0.17,North
11b2a0c2-fbed-4c73-9709-aeb711dd7ed4,2025-08-30,CUST-508839,0.94,Yes,No,Downgrade,2,26.92,79.74,Other,10.46,62,78.7,41.59,6.7,Data,40.78,31.94,10.94,0.12,North
9120a0a9-4eb4-4367-b41f-d55a50ccb0d7,2026-04-24,CUST-386574,0.64,No,No,Upgrade,4,18.93,77.06,N/A,7.77,71,72.47,54.81,3.25,Bundled,16.13,42.73,8.86,0.35,South
0254a838-d300-401b-9b0d-9c51dd468737,2026-05-10,CUST-804090,0.64,No,No,Downgrade,1,31.37,68.91,N/A,9.68,9,87.64,32.22,5.68,Data,37.89,47.92,8.39,0.27,East
7dc895bf-a113-486d-b4d6-0cfbdb98a9c1,2026-05-24,CUST-163475,0.61,Yes,No,None,0,14.99,88.28,Network Quality,9.98,49,92.37,37.99,3.65,Voice,25.77,14.23,13.33,0.38,West
19f81d8c-35a1-4dc6-89d8-c2de41467502,2025-09-03,CUST-587142,0.89,No,Yes,Downgrade,2,27.63,83.32,N/A,13.64,68,84.63,55.66,7.36,Bundled,12.11,26.43,14.77,0.36,East
dbe39233-99ce-4111-b5c9-f6ef2e0bf40a,2025-12-19,CUST-915513,0.74,No,No,Downgrade,0,32.44,64.36,N/A,17.08,29,83.22,34.82,6.15,Data,7.11,29.9,4.51,0.42,South
66d1bccc-6707-4609-86a5-df9d4f0803c3,2025-08-24,CUST-679008,0.89,No,Yes,None,4,11.36,67.76,N/A,8.83,33,80.96,44.35,4.77,Voice,8.13,49.84,2.27,0.39,West
e840359d-cd3a-4c3c-b0a2-2d027515519a,2025-10-01,CUST-468109,0.02,No,No,Upgrade,0,25.16,85.97,N/A,14.11,56,83.25,26.65,8.4,Bundled,10.64,32.05,5.34,0.17,South
066b6c66-5a25-445e-bf0c-2b1d26d5148e,2026-05-07,CUST-531675,0.74,No,Yes,Upgrade,1,29.96,78.25,N/A,5.01,43,86.32,51.81,1.94,Data,31.86,40.75,1.35,0.11,East
b38925e3-4c4d-422b-b8b1-ca946345a7db,2025-09-15,CUST-591335,0.65,Yes,No,Upgrade,5,12.7,78.05,Competitor Offer,9.64,69,74.34,51.95,3.87,Data,5.6,22.89,1.21,0.37,South
fb7d6757-b704-4958-9492-2c6c61317ddd,2026-06-27,CUST-991301,0.97,No,Yes,None,0,37.48,78.92,N/A,18.48,12,79.95,42.57,8.83,Voice,41.3,12.92,12.7,0.18,South
9d99650f-b576-4c10-ad24-1b5a27748ca2,2026-04-13,CUST-669111,0.39,No,No,Upgrade,4,31.8,61.55,N/A,15.19,68,94.14,45.93,5.94,Voice,30.43,17.96,14.42,0.2,West
c1761d40-41e7-4877-998d-150ed00ac464,2026-05-17,CUST-710325,0.06,No,No,None,3,10.16,66,N/A,14.26,64,92.02,46.84,1.65,Data,12.97,31.33,13.3,0.23,North
0ed3bbd9-604c-4eb3-96cc-1dd675166504,2025-08-02,CUST-212028,0.31,No,No,None,5,39.38,83.78,N/A,12.72,63,77.45,23.9,8.03,Voice,5.16,24.65,2.51,0.32,East
27b51b75-6e0d-4119-a491-242d32faf498,2026-05-31,CUST-504443,0.13,No,No,None,3,39.39,65.88,N/A,7.79,18,84.11,22.05,6.83,Bundled,40.28,42.16,1.25,0.36,West
e6e5d91e-2d2a-4d71-bc29-d1db52209f50,2025-10-31,CUST-550260,0.89,No,Yes,Upgrade,4,33.69,76.11,N/A,8.26,43,81.63,32.63,5.69,Voice,34.58,41.45,4.16,0.19,North
46470d58-08f8-4859-a0aa-5406c02ac110,2026-04-26,CUST-400984,0.74,No,No,None,5,30.64,80.08,N/A,9.93,40,94.41,57.8,3.46,Bundled,32.07,29.73,9.48,0.36,West
e20ad5d3-b289-46e5-b7ec-ab6367de52d8,2025-11-11,CUST-365846,0.69,No,No,Upgrade,2,28.59,66.34,N/A,13.21,40,82.83,22.99,7.12,Bundled,9.86,42.16,9.54,0.45,West
9d0eb66d-e7f7-4083-91b6-153bc77d973d,2026-05-10,CUST-968925,0.49,No,No,Upgrade,4,26.25,76.79,N/A,13.23,24,87.16,37.86,6.66,Voice,28.57,17.65,1.73,0.24,South
680b57d5-72fd-4026-acbd-5a5eea992274,2025-11-21,CUST-732207,0.39,Yes,No,None,2,25.13,60.32,Competitor Offer,12.92,41,71.99,37.97,3.92,Voice,36.04,39.09,8.08,0.35,South
136ee6da-c3ee-4e54-b793-18e0d7cd536b,2026-04-04,CUST-782613,0.48,No,No,Downgrade,4,19.27,87.96,N/A,19.14,63,84.89,40.02,9.73,Data,23.2,26.07,5.68,0.18,South
5f582cbc-5970-4153-b638-fb8ee3900ffb,2026-03-05,CUST-168435,0.17,No,Yes,None,1,16.55,75.84,N/A,7.85,70,77.3,57.91,3.18,Data,44.42,46,3.34,0.45,East
34be66e7-fc74-4de1-b776-9cdfd4ac3f21,2026-04-06,CUST-560209,0.24,No,Yes,Downgrade,0,30.11,67.82,N/A,16,41,92.23,23.83,8.76,Data,25.27,24.71,12.14,0.16,South
2caffc04-3ff9-4ed0-9f53-b19a2fb56799,2026-07-08,CUST-722860,0.13,No,No,Upgrade,3,36.37,87.97,N/A,7.41,13,84.75,36.22,9.45,Bundled,49.31,49.65,1.94,0.18,West
27af8fee-c63d-46fb-90f8-bf825643249b,2026-01-16,CUST-698369,0.88,No,Yes,None,0,38.11,88.34,N/A,5.85,31,82.19,55.41,8.09,Data,44.99,10.03,1.43,0.41,West
46efefa5-bba0-4dcb-808f-7023cc0364c1,2026-05-02,CUST-810700,0.75,No,No,Downgrade,3,30.36,60.48,N/A,15.3,57,72.79,38.6,7.35,Voice,23.1,46.82,11.39,0.31,East
4b7a2f97-3bf1-4c7b-b52f-aef69e62fd5a,2026-06-06,CUST-829204,0.57,No,Yes,Upgrade,3,18.67,79.38,N/A,8.04,58,93.99,24.72,5.34,Voice,5.92,45.25,7.85,0.48,East
95e7ae8d-22e1-4773-be98-9ef3a3e08d4b,2026-07-24,CUST-805119,0.37,No,No,Upgrade,3,11.51,73.2,N/A,5.15,9,77.97,47.15,6.54,Data,45.9,16.03,6.66,0.11,West
9f1c54e2-e923-45d3-a770-460369b88f4a,2025-10-08,CUST-903728,0.29,No,No,Upgrade,4,39.52,75.33,N/A,9.23,43,70.57,29.91,1.73,Data,24.29,26.76,7.03,0.23,East
f7458ac0-f0b9-4bc5-aa11-fb0bd1ea7974,2025-08-08,CUST-982638,0.65,No,Yes,None,1,23.45,73.51,N/A,14.91,43,83.44,46.22,3.28,Data,45.07,31.08,2.52,0.28,East
f738eb9c-d84b-4513-8a1d-22aa8cfdf7b4,2026-02-22,CUST-243416,0.72,No,No,Upgrade,4,37.66,70.1,N/A,12.89,48,89.33,38.33,5.01,Voice,28.87,23.19,3.15,0.11,South
cf113631-0697-4a1e-9ca8-45675a2ac17b,2025-11-29,CUST-954911,0.99,No,Yes,Downgrade,1,30.59,71.79,N/A,18.51,53,91.39,58.67,7.08,Data,10.72,29.22,1.77,0.11,North
af595693-721e-436c-a31e-90859759412c,2026-04-03,CUST-161629,0.41,No,No,Downgrade,3,27.66,74.54,N/A,6.67,66,78.44,39.05,9.05,Bundled,22.22,43.85,8.34,0.48,South
1822e9e8-ed30-4e3d-b7d0-00fd065d0a69,2026-01-02,CUST-391253,0.54,No,Yes,Upgrade,4,32.9,76.82,N/A,7.09,21,92.31,28.68,3.12,Data,32.53,11.26,11.94,0.43,West
a4e47b52-7d45-47fe-ac86-bf290068f904,2025-08-07,CUST-329632,0.19,No,Yes,None,5,36.65,62,N/A,5.25,70,84.62,57.57,7.77,Bundled,14.2,32.22,9.26,0.49,West
287c2d9a-e645-4b81-b61c-3aacc71d8195,2026-05-11,CUST-454105,0.63,No,No,None,5,14.02,72.12,N/A,5.4,36,94.12,29.11,4.51,Data,48.51,17.33,12.38,0.4,North
16e75803-5837-4e8d-ab28-ada8e7427cbb,2026-06-29,CUST-342755,0.57,No,No,Upgrade,1,32.56,85.04,N/A,8.38,8,94.09,49.51,1.05,Data,43.71,18.54,11.49,0.42,West
f1633bec-4067-4218-870f-81ed429c14a3,2026-02-06,CUST-297416,0.68,No,No,None,4,14.06,66.98,N/A,14.7,27,84.91,43.29,3.77,Bundled,6.24,35.66,14.03,0.28,East
0efa38eb-d3a6-4073-8b6b-7fbef61f4c71,2025-09-15,CUST-851724,0.15,No,No,Downgrade,4,24.03,80.62,N/A,5.11,28,92.51,36.34,1.81,Bundled,47.12,17.84,1.49,0.13,South
8ca87ea8-2dcf-4f90-ac45-a7725a150a27,2026-06-11,CUST-991408,0.11,No,No,None,3,16.13,62.14,N/A,17.14,70,87.09,28.63,1.51,Data,20.86,23.41,13.5,0.38,West
b6a7ab05-e2a5-4a0b-8156-2ac7ee8b3c22,2026-06-15,CUST-288605,0.73,No,Yes,Upgrade,4,24.81,74.94,N/A,5.74,53,75.78,36.16,8.27,Bundled,15.79,22.03,6.26,0.26,North
9719594c-5b09-49ea-82e1-3fd77b25ec10,2025-09-23,CUST-719173,0.99,No,Yes,None,2,28.8,62.07,N/A,19.09,34,82.06,37.72,6.31,Bundled,32.72,35.56,4.43,0.19,South
ef0c7522-bd58-4eb7-8dff-6011c527e149,2026-03-16,CUST-266193,0.66,No,No,Upgrade,4,36.33,75,N/A,15.7,51,85.47,52.73,3.99,Voice,21.02,41.74,6.22,0.19,West
f23415dd-445e-4dc5-8014-106e19e745ad,2025-08-09,CUST-914225,0.61,No,Yes,Downgrade,4,24.1,80.2,N/A,6.11,46,71.35,28.21,3.1,Bundled,41.23,11.02,7.27,0.25,East
8a943e00-b38c-4c12-8098-e78da98f5068,2026-04-15,CUST-513702,0.46,No,No,Upgrade,4,23.66,82.79,N/A,8.2,7,88.51,48.76,5.3,Bundled,41.94,27.6,12.26,0.19,North
7a3b0977-14e6-4a89-8d97-9317d389906f,2025-09-09,CUST-115636,0.67,No,No,Downgrade,4,20.09,80.75,N/A,14.13,52,70.47,22.46,9.92,Voice,41.89,44.86,9.97,0.28,East
ec68ac12-0ffe-4929-8624-0d098936ba15,2026-01-27,CUST-624530,0.23,No,No,Upgrade,2,14.18,66.74,N/A,15.16,26,86.33,20.1,4.19,Bundled,8.93,37.68,5.55,0.27,North
616b2816-b935-4a6a-8e77-0c9e07e9642e,2026-05-17,CUST-992360,0.08,No,Yes,Downgrade,2,33.89,69.65,N/A,17.86,60,79.44,52.49,6.62,Data,30.26,43.16,3.78,0.38,North
cf609171-034b-4e4e-96b2-3fd540e90d43,2026-02-03,CUST-722472,0.79,No,No,Upgrade,1,14.46,64.46,N/A,13.03,30,73.57,20.04,1.32,Voice,35.63,40.93,7.27,0.48,North
20f80592-f69d-48d7-8005-6f1f764a6e13,2025-12-31,CUST-684556,0.93,No,No,Downgrade,1,20.4,64.1,N/A,15.84,41,79.7,48.34,2.52,Voice,43.32,37.95,3.73,0.18,West
f9ce9668-cd2a-44ab-b53b-198cbe25b170,2025-11-18,CUST-987856,0.88,No,Yes,Downgrade,1,30.77,82.4,N/A,14.83,53,72.24,29.65,8.96,Data,25.22,31.64,6.76,0.12,South
933c8581-ca87-49ae-8c38-d0bc02e968fb,2026-03-17,CUST-963406,0.94,No,No,Downgrade,3,10.7,70.24,N/A,19.81,23,85.46,21.62,2.77,Bundled,44.4,32.19,13.85,0.42,North
ba100116-a77d-449f-b537-e1aca4e43aed,2025-09-17,CUST-905088,0.08,No,Yes,Upgrade,3,18.89,77.27,N/A,10.2,44,72.34,54.75,2.85,Voice,42.45,11.73,10.03,0.36,South
956b636d-53e7-45cf-8f6e-da4d27b466b7,2025-10-19,CUST-310297,0.77,No,No,Upgrade,1,27.6,75.88,N/A,14.17,44,85.3,20.63,3.59,Bundled,27.18,21.87,8.11,0.3,East
e2b707c7-8cdd-44ea-be3e-712799ec3815,2026-04-05,CUST-230522,0.21,No,No,Downgrade,1,10.02,78.21,N/A,12.55,43,91.13,25.52,5.6,Data,12.28,42.54,3.63,0.49,North
8308f4da-ca93-4f73-a955-3ae9cf01bafd,2025-10-02,CUST-182876,0.83,No,No,None,1,27.79,64.95,N/A,9.17,55,89.29,55.2,1.85,Bundled,28.75,33.65,12.97,0.31,East
6c680657-1dca-4984-9185-e9d44b0af319,2025-08-29,CUST-239188,0.65,No,Yes,Upgrade,4,27.14,89.31,N/A,5.2,34,89.15,34.73,6.77,Data,32.23,36.08,5.63,0.22,North
bb363938-f55c-4c69-9e2a-24db686fca80,2025-10-26,CUST-427314,0.36,No,Yes,None,1,14.94,83.63,N/A,15.89,10,91.57,48.86,6.15,Bundled,40.41,15.38,14.02,0.24,North
8edaa89b-9f48-4ba1-b212-093f44418db9,2026-05-08,CUST-478988,0.74,No,No,Downgrade,1,36.6,77.06,N/A,19.18,49,81.63,42.79,5.02,Voice,16.32,47.08,9.55,0.41,South
8067bede-4868-414b-a978-cc6dd9d39210,2026-06-08,CUST-130114,0.33,No,No,Downgrade,5,15.59,64.78,N/A,9.02,24,83.91,48.42,9.73,Voice,8.93,14.13,7.67,0.23,North
037d33df-f179-4985-bf0d-af2a39f9626c,2026-05-15,CUST-529050,0.53,No,No,Upgrade,1,14,63.63,N/A,9.8,8,90.24,58.91,2.12,Data,48.32,48.3,8.22,0.25,West
f900f38a-e289-414b-91b2-304bd0ee05de,2026-07-23,CUST-274521,0.35,Yes,Yes,Upgrade,4,30.92,66.65,Network Quality,7.07,10,79.99,36.7,4.83,Bundled,25.77,23.24,5.9,0.47,West
1fb56b96-420d-4ae8-a417-4d70d20d79b0,2026-01-31,CUST-560640,0.47,No,Yes,None,2,38.6,78.32,N/A,9.51,40,92.85,37.03,6.27,Voice,41.84,46.76,10.25,0.21,South
aece1c6f-772f-4251-99ec-6ccb9fb46ccf,2026-01-14,CUST-133181,0.83,No,No,Upgrade,0,14.71,69.94,N/A,8.69,45,88.2,59.62,8.37,Voice,38.94,32.59,9.07,0.12,West
3bcee716-464c-47e6-800e-c5bec920cb36,2026-06-25,CUST-635701,0.55,Yes,Yes,Upgrade,3,28.4,89.08,Network Quality,9.38,11,71.56,58.85,8.37,Data,40.23,39.05,14.46,0.2,West
5a7b0ba2-5b30-4a02-b149-f620192ba56f,2025-11-30,CUST-371334,0.3,No,No,Downgrade,0,10.55,69.93,N/A,5.85,36,87.55,38.84,2.38,Voice,23.82,46.8,13.95,0.2,South
3de645e6-6378-4989-afc9-632e8027e03d,2026-06-14,CUST-538380,0.99,No,No,Upgrade,4,28.37,89.7,N/A,17.64,50,73.36,47.48,2.31,Data,22.13,41.67,2.98,0.23,East
288c7b26-1e77-4cd7-954b-f9f80c736f60,2025-10-30,CUST-512565,0.62,No,No,Upgrade,2,39.85,84.74,N/A,5.19,23,90.03,49.52,5.02,Bundled,25.61,38.72,11.99,0.25,West
c6401336-dbcd-4088-8e15-7fb57dbb14ab,2025-12-06,CUST-970735,0.79,No,Yes,Downgrade,5,28.98,87.85,N/A,13.76,67,91.4,22.71,4.36,Data,21.01,34.05,3.79,0.25,North
aec51f93-67a5-4801-b84b-c76891cdfb4e,2025-11-08,CUST-145697,0.91,No,No,Downgrade,3,31.82,73.8,N/A,10.33,61,82.14,44.49,1.28,Voice,34.69,32.83,4.37,0.33,North
1536f6d4-fcb5-4ea4-8967-c69ab5bf006b,2026-04-20,CUST-339049,0.28,No,No,None,5,32.27,75.43,N/A,10.41,71,88.26,37.21,3.41,Voice,34.19,19.31,7.08,0.19,East
b2abf0b3-1695-41c0-ba63-43a84e20b940,2025-08-06,CUST-827043,0.29,No,No,Downgrade,1,33.3,82.72,N/A,19.39,66,92.53,42.52,1.74,Bundled,12.57,49.21,4.15,0.31,East
474199d2-b28d-4cc3-8fb3-4ebdfbf8d8c9,2026-02-26,CUST-912102,0.71,No,No,Downgrade,3,39.78,87.62,N/A,15.8,41,88.55,57.92,4.95,Bundled,42.28,19.04,7.76,0.38,North
648f6d0d-795a-4f31-93cc-08132d0378ec,2026-03-12,CUST-293680,0.74,No,Yes,Downgrade,1,24.59,86.7,N/A,6.93,8,80.86,42.02,2.57,Data,31.12,43.3,3.94,0.36,West
88f6a8ea-6cba-4804-abbf-d57ad6921fb4,2025-11-06,CUST-769585,0.9,Yes,No,Upgrade,1,12.23,71.22,Price,14.69,50,82.61,54.94,3.13,Data,16.77,45.34,12.08,0.21,West
09b00bcb-e31b-403f-9164-b113ae7db2ea,2026-05-31,CUST-435988,0.1,No,No,None,4,39.53,66.46,N/A,10.52,27,77.9,41.92,7.11,Data,38.16,26.81,11.36,0.2,North
a2efb63a-e4da-4537-8fa2-43d4271b1f44,2025-11-05,CUST-623154,0.71,No,No,Upgrade,4,15.87,70.64,N/A,18.96,21,91.07,27.19,8.64,Data,34.88,18.17,3.82,0.14,North
9cc5b23a-967c-435c-afda-afdf20f93d28,2026-03-19,CUST-199695,0.22,Yes,No,Downgrade,3,37.69,84.15,Moved,11.77,49,89.32,47.54,6.45,Data,41.56,29.55,12.19,0.32,South
8c12ec65-6634-4d79-9ca5-a9c2c8e6642c,2025-11-09,CUST-144416,0.37,No,No,Downgrade,4,13.46,82.04,N/A,7.33,58,82.15,27.5,9.33,Voice,20.28,32.71,7.84,0.48,West
3e683a99-a343-4409-9dbc-36438a47f713,2026-05-06,CUST-713243,0.38,No,No,Upgrade,3,32.89,74.05,N/A,18.24,15,72.73,45.39,8.16,Voice,24.3,31.13,10.87,0.26,West
1df3b4f5-8cfe-425a-a155-37a07fa2ac37,2025-10-26,CUST-852056,0.29,No,Yes,Downgrade,2,11.8,79.17,N/A,9.93,18,75.64,45.54,6.65,Bundled,37.14,30.84,8.22,0.17,North
e9289ee9-95a6-47fb-8f20-b4e4a924a1ec,2026-06-13,CUST-338292,0.29,No,Yes,None,4,24.79,65.09,N/A,5.33,18,94.97,43.35,8.46,Data,13.3,47.38,5.8,0.19,South
e8553056-07d7-487c-ae3b-428b7d15b601,2026-05-27,CUST-730998,0.28,Yes,No,Upgrade,2,23.57,77.35,Other,13.95,35,91.83,56.31,8.35,Data,40.77,17.22,10.27,0.15,South
e9381701-f2c8-44f7-b8d3-26f638bec633,2025-09-04,CUST-782463,0.72,Yes,Yes,Upgrade,3,10.86,89.45,Customer Service,5.71,35,88.36,55.57,2.67,Voice,16.79,35.44,12.29,0.41,South
2081cb07-fb77-4e0f-9648-b4dc8af14431,2026-01-05,CUST-578860,0.22,No,No,Downgrade,0,28.55,77.19,N/A,12.84,11,73.33,46.63,4.83,Data,15.34,21.46,9.23,0.34,West
3276dded-92e9-4dbb-9637-f1b387ea46e5,2025-07-27,CUST-175778,0.33,No,No,Upgrade,2,36.35,65.72,N/A,14.31,46,94.69,30.19,9,Bundled,26.36,31.28,12.59,0.28,West
b86a27c7-a795-4d0d-ad5d-189e757bfee5,2026-04-18,CUST-767878,0.13,Yes,Yes,Upgrade,0,29.41,88.63,Competitor Offer,15.05,17,82.58,55.56,7.99,Data,42.44,18.12,6.58,0.23,West
2597ca3f-71ea-45b6-8145-f9fb168245ca,2025-09-19,CUST-494491,0.95,No,No,Downgrade,5,32.68,89.65,N/A,16.13,33,82.04,20.12,8.58,Data,30.92,27.95,3.96,0.28,West
226f020c-89c5-4f24-a571-dc5f15969581,2025-12-11,CUST-900418,0.28,No,No,Downgrade,4,12.98,77.55,N/A,6.94,34,78.6,40.9,7.96,Data,37.41,16.03,2.2,0.31,South
0cbf8b53-3de9-473a-8195-40b4d6315bf1,2025-12-14,CUST-390762,0.08,No,Yes,None,0,34.14,68.62,N/A,13.31,51,75.3,22.51,5.46,Bundled,23.83,38.75,11.51,0.47,South
c2515736-0bec-40f5-a16a-e1a999004d58,2026-05-14,CUST-287606,0.78,No,No,None,5,21.2,87.36,N/A,16.94,62,90.29,44.78,4.96,Voice,41.95,29.08,1.04,0.12,South
a6364d68-fb0e-4542-9485-b7753f762ee7,2025-12-15,CUST-949194,0.45,No,No,Upgrade,2,11.69,86.05,N/A,10.45,27,85.27,49.19,7.86,Voice,5.54,22.57,7.81,0.49,South
0fba58e6-cdba-440a-99c8-5dd2091d7baf,2026-07-22,CUST-171630,0.87,No,Yes,None,4,28.5,69.59,N/A,11.72,60,90.61,20.08,1.82,Data,44.79,36.21,12.09,0.41,East
5af14d59-4285-4548-8dd6-d2b1c46b4607,2026-03-30,CUST-442319,0.61,No,Yes,Downgrade,5,16.41,75.41,N/A,6.14,9,84.47,33.86,4.16,Bundled,36.4,31.22,11.36,0.14,South
e5a54fc2-c4ae-4649-9a4e-6316c72435cb,2025-08-05,CUST-241618,0.47,No,No,Downgrade,2,11.92,79.31,N/A,19.34,57,91.39,54.05,7.99,Bundled,18.79,24.29,5.92,0.15,North
beac93f1-dc6b-46e5-bd3a-3f2e0be172b4,2026-06-07,CUST-756712,0.91,No,Yes,Downgrade,2,12.91,73.94,N/A,15.26,19,90.69,47.07,2.93,Voice,17.35,18.61,1.35,0.43,North
38a3b7bb-4847-4f06-a865-4d2f227fbc37,2025-12-13,CUST-639376,0.78,No,No,None,5,17.83,88.27,N/A,7.54,57,80.47,37.84,9.52,Voice,37.38,22.3,14.03,0.17,South
4d15f0e3-324d-4b59-bc03-86026f05ebfc,2026-01-27,CUST-871590,0.16,No,Yes,Upgrade,4,13.53,75.62,N/A,5.9,57,92.45,29.96,2.96,Data,30.76,27.98,2.01,0.41,West
4f12fddd-9903-48d4-a709-d3dceac1aa09,2026-04-24,CUST-989109,0.46,Yes,No,None,1,15.79,61.46,Price,18.31,32,75.16,52.12,4.73,Data,33.49,28.17,3.48,0.24,South
01e133c5-e502-4fd7-8ff0-ed8aef5d9eae,2026-05-25,CUST-370842,0.01,Yes,Yes,Downgrade,3,18.11,71.95,Network Quality,18.62,10,91.9,26.55,9.65,Voice,16.94,28.01,7.84,0.25,East
2edc2331-9a11-4a39-acd6-4890bb288370,2026-02-01,CUST-984627,0.4,Yes,No,Downgrade,5,35.01,80.94,Competitor Offer,12.26,27,73.39,24.98,3.06,Data,13.67,24.77,11,0.46,South
011ee14d-2de2-4db0-8181-4094bb3c0495,2025-11-20,CUST-364301,0.85,No,No,Upgrade,5,15.6,74.95,N/A,9.3,33,81.07,33.19,8.4,Voice,25.54,49.15,1.15,0.39,East
aa7b0741-6033-4cf9-a5b1-191a3e1f3f6e,2026-07-08,CUST-834935,0.98,No,Yes,Upgrade,2,36.63,65.12,N/A,11.42,65,79.06,54.03,9.79,Data,29.68,40.53,14.75,0.21,West
bc0f0504-a317-4a13-8c28-3ba4f05444e6,2025-07-29,CUST-576770,0.76,Yes,Yes,None,5,25.67,88.23,Price,18.54,60,73.81,45.14,9.19,Data,10.57,28.41,1.16,0.44,West
97484a4f-274d-4449-ba44-7ce0e327cd1a,2025-11-30,CUST-505232,0.18,No,No,Downgrade,1,33.86,86.11,N/A,6.6,72,87.51,26.17,2.06,Data,30.28,34,7.53,0.18,East
e935ef2a-d8ab-4bb1-9dc8-4b1a7935d07d,2025-11-19,CUST-653377,0.49,No,No,None,1,16.34,87.25,N/A,7.02,43,74.24,51.96,1.8,Bundled,26.63,12.31,11.19,0.33,North
1ae26e9a-1295-43c1-b5a9-f57f9a2d5385,2026-05-30,CUST-732351,0.17,No,No,Downgrade,5,21.35,85.75,N/A,9.63,41,85,33.2,7.46,Bundled,44.42,16.23,10.37,0.43,East
8af9e0aa-ddb1-4063-9324-0827669c423a,2026-02-08,CUST-990726,0.25,No,No,None,3,12.26,86.83,N/A,7.76,69,93.89,22.94,5.57,Data,32.87,47.59,11,0.44,South
956ea0f4-0607-4a77-936c-6bdea5f07452,2026-01-17,CUST-401792,0.76,No,No,None,1,34.34,79.96,N/A,10.73,22,75.22,48.2,6.36,Voice,12.13,15.68,14.68,0.29,South
c9663204-661e-4d49-9b84-b209413c2f55,2025-12-31,CUST-350829,0.94,No,Yes,Downgrade,3,18.54,75.26,N/A,11.07,31,72.46,31.78,1.97,Voice,34.54,18.09,7.84,0.37,North
b2b5e355-b24e-4f88-b8f7-2c9ddc159e9b,2026-03-05,CUST-798251,0.76,No,No,None,0,22.16,79.93,N/A,19.58,34,72.66,40.98,3.71,Voice,37.7,49.02,8.89,0.26,North
5c319f28-b92c-4c6f-aa5f-f9e1b302fb03,2025-08-28,CUST-330056,0.33,No,No,None,1,16.54,89.75,N/A,18.87,41,83,23.79,5.78,Voice,43.28,35.92,14.8,0.37,East
8681c228-36d0-4752-bd3b-4b78747569db,2026-01-01,CUST-669920,0.63,No,No,Downgrade,0,19.8,75.01,N/A,10.31,71,91.69,27.2,5.83,Bundled,35.45,20.18,4.42,0.41,East
6c956e7e-a880-4f85-84cf-7ca476423239,2025-10-19,CUST-644610,0.39,No,Yes,Downgrade,2,14.74,87.77,N/A,19.92,38,93.7,39.47,3.77,Data,16.51,48.43,2.61,0.43,West
0a9fad9d-794f-4753-bc57-0510ad2ca887,2025-12-31,CUST-142373,0.59,No,No,Upgrade,2,32.14,75.1,N/A,13.29,21,79.09,49.28,3.18,Voice,42.7,26.5,2.15,0.47,North
4334eacf-52fd-4d5d-bc76-36cc5434d8e2,2025-09-09,CUST-940278,0.66,No,Yes,None,0,33.1,81.98,N/A,5.05,21,90.51,20.79,4.01,Bundled,25.6,41.77,5.19,0.28,North
ac885b3d-4036-491e-b2d8-26e4ee0576ef,2025-10-29,CUST-356717,0.24,No,No,Downgrade,1,23.41,64.91,N/A,8.41,46,74.09,48.54,7.66,Bundled,25.04,25.73,10.77,0.13,South
43d5b231-78c6-4e8d-b8ef-c6bcdba47829,2025-09-15,CUST-619450,0.17,No,No,Downgrade,2,31.08,88.21,N/A,9.5,13,73.25,37.05,6.26,Bundled,44.13,34.12,4.45,0.3,North
e7c72dd0-3021-4d8e-80d4-79fce394704e,2025-12-11,CUST-769581,0.28,Yes,No,Downgrade,0,31.25,62.2,Moved,11.81,24,93.2,48.78,5.86,Bundled,19.86,18.14,8.1,0.28,West
3ab1c60d-7d1e-4221-ad2b-68ca5c7fc9e2,2026-03-15,CUST-666298,0.86,No,No,Upgrade,0,23.67,88.68,N/A,9.53,70,77.14,37.95,9.45,Voice,36.75,45.09,11.76,0.3,East
454dd4b2-ad47-4a43-8497-b342ca42fcee,2025-10-05,CUST-562589,0.51,No,Yes,Upgrade,2,23.42,63.92,N/A,11.52,47,83.96,24.23,8.8,Voice,25.69,31.28,6.7,0.5,West
cf10f657-5567-4984-9054-6f786cf0cd48,2026-05-30,CUST-149033,0.19,No,No,Upgrade,1,19.68,68.74,N/A,16.89,40,88.67,24.45,3.88,Bundled,25.81,34.19,2.25,0.46,North
5478e975-92e0-4af6-86e0-9a5da3ba615d,2026-03-13,CUST-254342,0.21,No,Yes,Downgrade,1,28.43,65.23,N/A,11.94,17,76.71,22.3,2.91,Voice,13.63,14.59,5.76,0.35,South
4ff06596-b243-4629-a1c6-b03ad9c08a15,2025-09-11,CUST-121987,0.99,No,Yes,Downgrade,4,38.06,83.21,N/A,6.77,70,77.85,40.27,2.26,Voice,8.54,18.58,12.47,0.15,East
f4f26320-f30e-4994-9742-cd8e1a56f3a8,2026-04-02,CUST-327899,0.71,No,Yes,Downgrade,0,32.91,72.42,N/A,16.47,51,82.34,20.5,4.52,Bundled,49.38,24.03,7.65,0.46,South
fac483de-4d6c-468a-8bd2-e37287307cb6,2025-10-02,CUST-660263,0.81,No,No,Downgrade,5,35.83,80.14,N/A,10.33,65,88.69,28.37,6.77,Data,35.78,42.47,8.9,0.49,West
8478d393-7eed-485d-9a1e-e7105c551063,2025-12-29,CUST-123739,0.15,No,No,Downgrade,2,16.65,84.41,N/A,7.94,58,75.73,20.65,3.92,Voice,8.43,43.59,11.18,0.5,East
4fca4877-754a-45ab-a285-867a49b393fa,2026-02-24,CUST-473973,0.38,No,Yes,None,3,13.8,69.47,N/A,13.6,46,85.2,21.8,4.13,Bundled,42.15,38.63,2.49,0.33,East
bfd6df96-7462-42f4-bd6e-a1be1a24ec9f,2026-04-14,CUST-533632,0.3,No,No,None,4,16.83,74,N/A,8.42,36,81.51,48.45,9.55,Bundled,21.04,13.18,2.51,0.41,West
d1f541cb-b75b-484d-9fe6-769bae511c74,2026-02-03,CUST-974323,0.53,Yes,No,Upgrade,4,31.82,89.21,Price,17.57,59,81.28,35.13,3.84,Bundled,41.97,47.61,3.14,0.24,East
d61fdc40-eeb7-49c9-84e7-89568c3c026c,2025-12-13,CUST-637438,0.62,No,Yes,Upgrade,3,24.68,63.92,N/A,5.34,41,77.34,34.28,4.48,Data,5.08,34.55,11.35,0.42,South
3545737d-dc61-46c8-8fd8-8bd386b7406a,2025-08-03,CUST-891221,0.47,No,No,None,2,34.77,78.04,N/A,8.35,15,86.15,44.1,8.89,Data,11.49,13.34,6.52,0.49,West
58e983d1-d2ed-4a99-b096-817b229e5d64,2026-02-02,CUST-275140,0.68,Yes,No,Upgrade,4,39.37,64.17,Price,16.87,39,85.29,50.75,5.89,Voice,31.14,39.47,5.07,0.4,East
6a563b0a-758f-4c18-b608-35dfccd0d6e6,2025-10-06,CUST-321400,0.64,No,Yes,None,2,19.97,80.38,N/A,9.36,31,91.5,31.3,6.71,Bundled,17.71,16.34,13.89,0.47,West
e4ddd19b-03f8-4a12-a2fb-44eccbf69272,2026-06-22,CUST-822125,0.76,No,No,Upgrade,3,19.52,82.69,N/A,11.31,40,92.21,26.71,4.44,Voice,29.71,23.8,7.56,0.31,North
47f71275-4d14-4303-a5df-6b7508fd7bd5,2025-11-12,CUST-974572,0.97,Yes,Yes,Upgrade,1,22.77,71.54,Other,19.29,46,94.67,28.16,4.42,Voice,31.4,13.29,11.95,0.24,East
49b96c49-1699-4395-bcca-263583045650,2025-10-24,CUST-378829,0.07,No,No,Upgrade,4,17.71,65.69,N/A,8.22,23,76.39,59.79,9.08,Bundled,22.41,20.58,10.81,0.35,North
b769cfc6-57d7-4a0c-8724-fb7f3cddad42,2026-01-29,CUST-384652,0.07,No,Yes,Downgrade,4,36.96,67.66,N/A,6.64,23,80.36,59,9.6,Voice,31.48,47.29,8.33,0.27,South
34f930da-c029-4629-aea0-6319b44da55b,2025-08-24,CUST-195661,0.4,No,No,Downgrade,3,34.18,60.28,N/A,15.91,50,76.75,44.66,6.31,Bundled,18.27,22.22,8.33,0.33,West
5a355078-b9f9-438f-be26-8afea306c194,2026-03-03,CUST-252942,0.38,No,No,Upgrade,2,18.21,82.24,N/A,6.43,26,78.52,21.18,2.73,Voice,44.15,10.22,7.08,0.24,West
e0b95130-07b2-4a07-8684-020322308649,2026-06-13,CUST-999706,0.1,No,No,Upgrade,5,28.26,73.22,N/A,8.27,16,92.13,28.42,10,Bundled,40.61,18.48,3.98,0.25,South
f4634016-7b48-48b4-9807-f8c8594d8cb2,2026-02-07,CUST-499084,0.38,No,No,Downgrade,3,37.19,67.77,N/A,18.13,10,88.41,52.54,3.95,Voice,36.95,37.5,8.58,0.13,East
15bef5ae-6929-4c82-9250-65b3b1ce8178,2026-06-24,CUST-638478,0.66,No,Yes,None,2,11.21,71.02,N/A,17.88,64,78.5,32.48,9.75,Bundled,42.73,47.33,1.6,0.23,South
9b336edb-38f6-469e-92ec-03aabab18b0e,2026-06-20,CUST-798513,0.48,No,No,None,2,31.36,81.24,N/A,8.93,40,73.64,37.17,9.04,Data,15.91,39.75,7.45,0.11,East
17655c03-2203-4211-9673-ad37135fcd90,2025-07-25,CUST-384555,0.54,No,No,Upgrade,2,19.26,88.22,N/A,17.34,55,91.32,39.75,9.33,Data,41.49,49.45,14.85,0.16,West
7568052c-a923-47c2-87cc-f7b9a8fc7396,2026-04-07,CUST-825907,0.94,No,Yes,None,4,28.46,80.1,N/A,16.56,29,78.27,36.94,7.47,Data,21.9,14,8.84,0.25,West
e6fdb9f7-2707-40b1-aaa7-1bbc4492a3e5,2025-11-19,CUST-341536,0.88,No,No,Upgrade,5,18.54,82.49,N/A,10.93,23,72.28,37.64,4.22,Voice,28.19,10.92,5.76,0.36,East
a7e888e6-a4b1-4ac6-aadd-76cba34756bc,2025-10-14,CUST-165175,0.37,No,Yes,Downgrade,2,22.4,89.26,N/A,9.51,56,70.21,29.87,5.7,Voice,43.27,39.02,11.04,0.1,North
32576e2e-7aa4-4c57-ab2d-91fcb0c86f2e,2025-08-24,CUST-328635,0.52,No,No,Downgrade,4,21.42,88.29,N/A,19.68,68,93.9,59.61,9.52,Data,25.55,44.19,8.86,0.2,South
a48c9938-dce8-48c5-ad0d-aad64c91df24,2025-10-13,CUST-789677,0.38,No,No,Downgrade,1,23.09,67.19,N/A,8.47,32,75.9,52.58,5.6,Voice,49.75,46.25,11,0.2,South
91550e71-754a-466e-9c56-e174d7eabd0b,2026-06-24,CUST-709477,0.56,No,No,Downgrade,2,11.81,76.63,N/A,6.95,58,80.49,24.5,2.26,Voice,37.43,37.16,12.01,0.29,West
42b398eb-20aa-4bc3-8c2e-5270cadf3c66,2025-12-11,CUST-907977,0.2,No,No,Upgrade,5,16.71,80.67,N/A,11.92,72,90.98,53.14,4.4,Voice,42.72,21.61,6.15,0.28,West
dbdac9b7-76a6-4984-b1c1-03981a3535db,2026-01-30,CUST-470754,0.37,No,No,Upgrade,3,21.08,73.23,N/A,19.2,36,72.06,31.89,4.57,Bundled,43.1,35.88,14.75,0.18,North
5805b1f5-497a-4312-bdbe-abe0e0f72761,2025-09-24,CUST-415300,0.28,Yes,No,None,1,32.88,82.67,Competitor Offer,13.56,19,83.22,22.45,2.16,Data,31.54,10.1,11.91,0.27,North
647d2984-5a65-4f8d-abea-fd3de446e12a,2026-06-23,CUST-792811,0.96,No,No,None,3,15.62,83.39,N/A,10.32,66,91.96,45.68,9.43,Bundled,37.06,48.16,10.15,0.19,South
0f37c7ec-ee08-429e-ab0a-f47246ad2880,2025-08-13,CUST-563499,0.52,No,No,None,5,19.86,75.38,N/A,16.31,36,74.76,29.7,5.01,Data,6.78,49.55,7.65,0.5,South
c5f3dbd3-3376-4337-9339-13e5750113a3,2026-02-07,CUST-133763,0.58,No,No,Downgrade,4,12.59,82.01,N/A,13.15,19,88.46,28.39,1.61,Voice,32.3,40.81,10.79,0.31,North
6a7b8eb2-3214-4e81-865a-1f3696536429,2026-05-29,CUST-470658,0.3,No,Yes,None,1,27.94,86.61,N/A,12.32,7,90.53,43.39,1.72,Voice,27.48,17.84,11.67,0.25,North
65f6609e-82a9-420e-979d-324fe652e925,2026-04-04,CUST-517457,0.25,No,No,None,4,30.96,71.62,N/A,19.38,50,83.22,45.11,7.15,Data,28.73,35.69,3.69,0.47,South
9a663bf0-376a-4d63-82ab-b60d8d100a50,2025-12-30,CUST-448083,0.28,No,No,None,0,29.72,81.11,N/A,12.17,65,94.04,32.4,3.23,Bundled,43.36,10.15,7.99,0.25,West
ea650a7b-390b-4b56-9e70-9f1f14248ba5,2026-05-04,CUST-876123,0.95,No,No,None,5,39.99,74.89,N/A,18.13,55,86.82,22.47,4.51,Data,39.6,20.63,9.08,0.11,East
c39dc6ed-d9d5-422c-9f4f-cb5fc70fd396,2026-05-16,CUST-708300,0.65,Yes,No,None,4,24.25,75.66,Competitor Offer,6.33,39,76.73,53.52,6.63,Voice,6.06,39.62,6.9,0.11,North
ccdc6b6a-d0b5-4c24-9ff7-c42ced1021be,2025-09-01,CUST-880745,0.49,No,Yes,None,1,33.12,78.83,N/A,6.21,71,73,41.64,4.92,Data,25.18,26.27,5.81,0.21,North
c116b5c5-4c57-4f62-869f-217318891c41,2025-12-18,CUST-907845,0.93,No,Yes,None,3,19.91,64.56,N/A,11.29,9,86.01,33.51,6.14,Data,7.14,30.42,5.96,0.41,West
0cff7575-0867-4ee2-9574-1ca0347ea419,2025-12-27,CUST-688559,0.11,No,Yes,Downgrade,3,21.99,87.18,N/A,19.64,69,81.01,39.51,1.03,Data,6.19,25.72,10.25,0.36,South
295b0cc3-8aef-42ab-871c-92c90c3f0278,2025-08-04,CUST-845042,0.15,No,No,None,4,13.01,73.02,N/A,7.4,39,77.86,28.24,9.23,Data,43.1,32.26,10.24,0.29,South
d01fd2ed-d575-4a16-be3e-6de1aaa510a0,2025-12-29,CUST-846519,0.24,No,No,Upgrade,2,19.13,84.82,N/A,9.39,51,87.32,38.55,8.08,Data,35.74,21.14,3.84,0.44,North
0f4c353c-71c9-4d9c-a9fd-52be214a9fd6,2025-10-29,CUST-203833,0.75,No,Yes,Upgrade,3,28.09,60.78,N/A,14.89,34,85.42,43.62,5.22,Bundled,31.33,41,13.45,0.22,South
895575e0-104b-45cc-830f-50d364531f61,2026-06-11,CUST-209893,0.76,No,Yes,Upgrade,3,27.41,78.14,N/A,7.3,64,78.09,55.53,3.83,Bundled,5.89,48.97,6.64,0.45,East
72faf237-f682-48c8-9daa-e18023323634,2026-01-11,CUST-884635,0.5,No,No,Upgrade,4,39.99,89.62,N/A,16.93,29,89.75,30.94,4.03,Data,43.7,24.5,14.71,0.13,East
15791dee-40fb-4359-82eb-0640f35cc2eb,2026-01-06,CUST-552850,0.44,No,No,None,3,24.48,84.14,N/A,6.59,56,88.11,30.63,5.58,Bundled,14.94,19.3,4.04,0.32,West
1671fe41-ba77-4c48-8b63-6e56e921bd32,2025-10-26,CUST-361206,0.16,No,No,Downgrade,1,25.75,69.03,N/A,18.46,70,92.32,21.91,8.14,Data,18.66,26.65,1.51,0.46,South
ef58a1d4-bb43-4cdc-9751-46f4c169ac21,2026-02-23,CUST-156655,0.26,No,Yes,None,1,29.49,74.98,N/A,5.87,8,85.38,22.29,9.03,Voice,40.63,12.48,5.15,0.27,South
aedb3511-d97f-4a78-8dac-b35b1fc55c69,2025-11-28,CUST-462719,0.48,No,No,Downgrade,4,31.1,74.56,N/A,19.27,16,89.29,30.19,8.29,Voice,49.13,12.64,13.87,0.49,East
9698ad98-c3de-4eea-942c-9fccfda12ee1,2026-04-04,CUST-516662,0.09,No,No,None,2,19.21,88.89,N/A,12.47,58,79.56,21.74,4.14,Bundled,44.02,47.15,1.03,0.38,South
c6470ecc-c4d0-4c4b-a838-717785fd34c7,2025-11-02,CUST-361204,0.76,No,Yes,None,4,15.95,61.04,N/A,16.62,20,75.4,47.35,9.41,Bundled,30.36,14.51,10.1,0.28,West
01766b7c-fb71-422a-bd3d-6490815b9820,2026-01-06,CUST-610193,0.24,No,No,None,2,12.12,83.03,N/A,15.68,70,91.2,21.33,5.2,Data,43.57,16.5,2.02,0.33,North
a0a4470d-a149-473d-a7fb-866126e8b911,2026-01-18,CUST-571445,0.71,Yes,No,Upgrade,3,36.08,73.87,Competitor Offer,6.92,64,75.32,59.01,6.54,Bundled,24.91,25.96,6.4,0.37,South
c8c76f4a-0845-424a-9c09-68724a17324f,2026-06-20,CUST-686109,0.84,No,No,Downgrade,5,33.73,75.34,N/A,13.47,21,72.63,36.76,8.55,Voice,17.93,30.92,13.84,0.37,East
d6546f94-6823-4459-b27b-14ab1be38bf0,2025-07-27,CUST-800959,0.26,No,No,Upgrade,5,23.95,86.88,N/A,18.55,64,91,51.51,4.96,Voice,19.41,31.02,1.81,0.48,South
4d464870-03db-4628-bb1b-2fdefe640c27,2026-06-05,CUST-766755,0.74,No,No,Downgrade,4,28.45,74.77,N/A,19.51,52,73.19,29.8,6.47,Data,24.99,13.5,2.81,0.11,East
f531f1b0-949d-4706-a44a-2d3e0113e6e6,2025-12-03,CUST-971961,0.97,No,No,Downgrade,1,16.22,82.11,N/A,12.53,59,79.55,59.19,3.66,Bundled,26.48,42.7,13.15,0.37,West
3c262311-5ff4-4fa6-9dc8-04316f95a3b5,2025-12-09,CUST-837291,0.46,No,No,None,5,16.91,76.3,N/A,11.19,16,89.38,58.97,9.49,Bundled,5.73,33.94,7.02,0.29,East
9852b338-32fb-4323-af50-125a28e04c0f,2026-02-26,CUST-199932,0.58,No,No,Upgrade,5,14.14,67.3,N/A,17.1,36,78.58,50.69,4.4,Bundled,25.26,23.41,11.25,0.36,East
ff3140c6-8d72-4f6d-a31e-2dc122ec0082,2025-12-16,CUST-416298,0.37,No,No,Downgrade,1,22.81,75.54,N/A,10.77,19,93.54,27.14,3.28,Data,23.65,16.67,10.27,0.17,East
66cd4c86-17df-4d6d-a4b1-be63892bbd33,2026-01-31,CUST-161200,0.28,No,No,None,2,28.07,85.18,N/A,11.78,46,94.32,28.64,4.05,Data,47.99,38.83,1.52,0.37,West
9969deda-d3d3-4041-8dc2-5808a044048a,2026-06-04,CUST-667136,0.54,No,Yes,Upgrade,4,34.97,61.56,N/A,16.21,69,86.51,45.83,4.21,Bundled,8.18,17.31,1.06,0.35,East
f3f3f847-d6de-4b0b-abff-b403bda7196b,2025-08-30,CUST-305444,0.8,Yes,No,None,5,15.93,60.35,Price,5.58,62,84.93,39.82,9.53,Voice,5.18,29.15,11.06,0.44,North
63848c39-44f2-406b-ac05-67eb8311d93d,2026-04-10,CUST-690153,0.29,No,No,Downgrade,4,24.06,68.22,N/A,15.65,29,73.98,52.82,6.52,Voice,7.62,27.17,10.12,0.35,North
eb89be7e-8b05-4155-9e40-81413c1ef96e,2026-03-22,CUST-948423,0.51,No,Yes,None,0,24.84,79.85,N/A,18.08,61,82.6,35.14,6.36,Voice,30.8,13.78,14.05,0.44,East
89197c48-7703-4e11-a2e5-91bc15a77804,2026-04-18,CUST-444745,0.31,No,Yes,Upgrade,1,36.94,79.94,N/A,16.03,62,76.2,50.95,4.18,Voice,49.11,20.12,13.46,0.43,North
6fa75be9-38c9-4203-9c31-ae3c30a5b3a2,2026-01-29,CUST-706576,0.66,No,No,None,1,13.79,76.68,N/A,18.87,48,77.67,29.84,7.13,Voice,7.8,28.56,13.03,0.36,West
d8ab73bd-641b-4298-8f7c-510f179ef0c1,2026-06-07,CUST-673068,0.83,No,No,Downgrade,2,17.82,65.25,N/A,7.62,13,85.32,40.6,8.76,Voice,9.98,41.47,2.14,0.46,South
05458b76-2ac2-480e-b6c3-2a1bf9873ccb,2026-03-30,CUST-230733,0.78,No,No,Downgrade,2,21.38,85.3,N/A,5.29,55,76.42,29.88,5.39,Voice,32.6,44.43,11.4,0.33,North
20698cc0-f66d-4690-861d-700ee865da1a,2025-09-09,CUST-104578,0.18,No,No,None,1,34.25,70.25,N/A,9.54,31,88.81,56.35,7.21,Data,49.56,49.92,10.12,0.34,West
05876d61-e6ae-4205-a639-a2da35416b98,2025-12-01,CUST-244816,0.63,No,No,Downgrade,4,39.99,69.09,N/A,9.81,53,85.37,26.18,5.78,Data,45.7,42.08,13.59,0.16,West
af184c46-07bf-463e-95d7-b536b2937b43,2026-02-20,CUST-457643,0.5,No,No,None,0,37.61,64.96,N/A,17.55,14,78.6,21.86,1.1,Data,20.55,37.84,11.68,0.1,North
87b9cdb8-8b6c-4080-bf99-ce23f4eeb28c,2026-05-03,CUST-618658,0.38,No,No,None,4,21.82,88.7,N/A,16.05,28,76,26.54,3.35,Voice,19.24,17.39,7.72,0.12,South
68af9594-90cf-4b0a-8fcd-e7e1bf6a0de2,2026-05-18,CUST-281469,0.76,No,No,Downgrade,4,18.64,60.35,N/A,17.12,25,85.04,26.95,2.6,Bundled,31.84,39.25,11.77,0.27,North
e2ded02b-49cc-4acf-a046-3886f326a46c,2025-09-08,CUST-460388,0.57,No,No,None,2,14.6,89.6,N/A,9.16,40,83.57,49.6,3.62,Data,31.36,37.66,14.57,0.47,East
bf75ab73-8fad-43d2-8828-7928da947938,2026-03-13,CUST-233009,0.02,No,No,Downgrade,5,11.93,64.93,N/A,15.79,40,94.68,50.23,8.98,Data,38.25,32.3,5.21,0.19,North
ef1baf94-e63f-4169-9886-68688de8fb57,2026-02-10,CUST-568570,0.53,No,No,Upgrade,4,28.46,62.81,N/A,16.36,21,82.42,32.21,4.52,Data,46.96,48.58,1.36,0.15,North
913de636-fd12-4ea9-972a-caa0c06c97f4,2026-01-17,CUST-652831,0.77,No,No,Downgrade,2,15.34,71.18,N/A,14.18,26,76.61,27.02,5.79,Voice,22.32,46.38,11.12,0.19,East
6c07d704-749c-4aed-a1a0-37416a79963f,2026-05-30,CUST-795838,0.84,Yes,Yes,None,3,25.52,69.71,Network Quality,13.12,12,89.42,52.11,3.06,Voice,8.99,33.05,10.2,0.12,West
b1e2d15f-5c83-4409-a84b-57b9432a91a5,2026-03-30,CUST-717130,0.26,No,No,Upgrade,0,16.27,63.64,N/A,10.51,33,87.92,54.11,8.3,Voice,44.62,41.03,1.92,0.43,North
f218f882-11dc-4af5-b3ac-9aafd8abd9f9,2026-07-04,CUST-657120,0.15,No,No,Downgrade,1,28.42,69.67,N/A,17.53,45,71.5,45.51,1.54,Voice,18.38,23.65,10.6,0.46,East
d31cbf68-e137-41f1-acd0-58304d10f3dd,2025-11-23,CUST-600329,0.4,Yes,No,Upgrade,1,13.93,89.05,Moved,7.77,54,75.58,52.32,3.39,Voice,11.74,11.35,2.24,0.41,North
15b0703e-eacb-4280-aeb6-a3ff5e08fe3a,2025-08-11,CUST-511869,0.94,No,No,Upgrade,2,26.3,61.15,N/A,7.29,29,84.57,23.29,4.96,Voice,34.43,28.57,13.03,0.18,East
23308686-5bbe-4f9e-b8ea-115e034deecd,2025-10-07,CUST-652914,0.59,No,No,Downgrade,4,36.52,63.1,N/A,18.5,40,84.87,43.43,7.19,Voice,38.15,24.52,4,0.28,East
9259f4ef-5952-44a6-9d68-37d42856e33f,2026-01-13,CUST-108538,0.95,No,No,Upgrade,2,14.25,77.8,N/A,7.8,27,79.33,22.64,9.4,Bundled,48.32,15.86,1.87,0.24,North
a19dc5a6-3728-459b-8be8-2ce74a5d29c7,2026-04-22,CUST-353100,0.49,No,No,Downgrade,3,16.98,83.71,N/A,7.32,63,75.22,38.92,4.36,Voice,25.41,19.85,14.4,0.33,East
0fbfca79-e9dd-4ec4-aa2c-623c8bab363c,2025-12-03,CUST-444890,0.64,No,No,Downgrade,3,35,62.1,N/A,8.64,61,94.13,20.71,2.86,Voice,6.36,37.17,8.7,0.48,West
63dfa375-301f-4350-b135-c242cd5714f8,2025-09-09,CUST-119961,0.54,No,No,None,1,37.12,81.78,N/A,8.22,32,70.65,49.97,6.94,Data,36.38,25.73,11.4,0.17,South
3d66f9a1-8093-4f48-bc36-021a0cf20e56,2026-03-06,CUST-457454,0.57,No,Yes,Downgrade,2,32.76,73.45,N/A,18.18,64,80.18,44.6,5.73,Bundled,11.14,32.94,2.15,0.29,West
f3b7818d-3b02-4d96-b2c9-1f78fef4f66a,2026-05-14,CUST-703195,0.34,No,No,Downgrade,1,14.24,81.26,N/A,15.22,9,76.48,38.45,5.9,Bundled,36.04,47.82,8.49,0.27,East
5d9929fb-899c-47d4-baaa-53538140c6a0,2026-07-22,CUST-645654,0.04,No,Yes,None,3,23.27,68.24,N/A,10.87,52,90.28,55.01,7.86,Data,9.15,36.59,5.39,0.21,East
7512dde8-aa78-4fe0-8dd3-9eb5f2c9fbfd,2026-07-16,CUST-560136,0.01,No,No,None,2,10.28,69.01,N/A,18.76,23,79.73,32.93,1.78,Voice,44.15,33.29,6.88,0.12,North
da2fe979-c8bf-4530-a03c-a2ccfea418b6,2026-06-11,CUST-973859,0.31,Yes,No,Downgrade,2,29,84.45,Network Quality,18.77,26,81.43,23.76,1.81,Voice,31.11,18.5,14.96,0.16,North
88cde451-b91e-4143-943d-7950651b537c,2026-07-13,CUST-620993,0.01,No,Yes,None,3,29.9,70.11,N/A,17.96,12,94.14,30.2,7.31,Voice,28.35,25.11,14.48,0.43,East
a599e3a7-a375-455b-b0a5-905d99838ac9,2026-04-01,CUST-970722,0.77,Yes,Yes,Downgrade,5,12.82,86.78,Customer Service,11.06,65,91.84,44.51,2.64,Voice,26.92,34.69,9.43,0.46,South
e35ddcaf-066a-45ba-a2ff-7477fd21a682,2026-02-15,CUST-736614,0.73,No,Yes,None,5,31.53,78.53,N/A,11.2,34,77.93,44.76,6.23,Bundled,6.61,21.9,10.29,0.38,North
864525cf-1275-4f56-92ef-8defb29505db,2025-12-20,CUST-399021,0.59,No,No,None,3,12.08,61.06,N/A,16.2,55,89.2,58.06,2.91,Bundled,47.89,41.57,5.69,0.15,North
69256808-cb54-4a3e-9dc7-f50aad73a0de,2025-08-02,CUST-414505,0.35,No,No,Downgrade,3,19.26,77.71,N/A,15.53,70,83.94,37.54,5.89,Voice,27.56,37.06,12.46,0.22,South
a0a0f5ca-4b98-4aec-8729-097da13645ce,2026-05-02,CUST-561596,0.75,No,No,Downgrade,0,32.9,69.1,N/A,10.41,39,91.29,29.13,3.15,Voice,15.17,32.12,7.47,0.34,West
e47bb2de-bd3d-40f8-9ffc-17de233063d6,2026-03-06,CUST-719863,0.71,No,No,Downgrade,1,12.85,70.01,N/A,7.84,10,74.27,56.28,2.07,Data,38.57,38.98,12.12,0.22,North
70a1e9d8-bdfa-4769-9d18-12e76d0501aa,2026-02-07,CUST-409475,0.17,No,No,None,4,38.23,84.33,N/A,12.24,43,90.51,58.05,9.71,Voice,41.76,17.82,10.28,0.49,South
986a5139-b29c-45ef-b566-379f2a9645a8,2025-08-24,CUST-194658,0.36,No,No,Upgrade,4,29.86,87.95,N/A,9.55,17,91.59,51.77,3.31,Bundled,21.44,45.01,4.62,0.2,West
c02b447d-7cbd-49ea-9bfd-345e06e002c7,2026-04-15,CUST-642078,0.63,No,No,Downgrade,4,17.87,86.01,N/A,14.94,26,82.66,43.63,3.68,Data,21.94,11.94,1.53,0.25,West
397a1c8f-b71b-411b-a806-e1c8a94caa96,2026-06-21,CUST-102375,0.4,No,No,Downgrade,3,14.92,80.97,N/A,5.8,10,75.32,30,6.87,Voice,35.16,35.05,4.75,0.49,West
8f11f8be-ca9e-43af-bc2d-3577af93ce61,2025-08-04,CUST-404922,0.4,No,Yes,Downgrade,3,40,60.93,N/A,16.04,33,76.45,56,1.09,Voice,29.12,48.79,14.08,0.38,North
f8da0222-bbfa-4cef-9162-3539c7419d5c,2026-04-07,CUST-866495,0.95,No,No,Downgrade,1,14.96,70.58,N/A,13.39,42,88.3,27.23,5.91,Voice,12,25.23,13.26,0.43,North
51e3bcab-cfac-43c6-b824-c9b124688bb8,2026-06-09,CUST-649221,0.82,Yes,No,Upgrade,2,37.16,89.22,Other,12.85,9,71.79,37.13,8.41,Data,29.17,45.64,2.71,0.13,South
0490c7ec-44b0-4606-b861-6ec5135629ca,2025-11-26,CUST-297977,0.78,No,No,Downgrade,4,35.69,89.37,N/A,18.76,52,75.61,45.64,9.16,Bundled,16.83,28.53,10.76,0.32,North
1a678b4b-788d-4636-be5e-831e5f2c1c36,2026-07-13,CUST-252911,0.85,No,No,None,1,35.13,62.22,N/A,15.06,54,86.76,39.3,7.33,Data,16.41,39.74,10.86,0.28,South
59e0163a-943a-4d35-9785-fe50aa1ab25a,2026-04-08,CUST-980189,0.47,No,No,Upgrade,4,15.7,88.23,N/A,5.66,71,72.71,41.23,4.03,Data,41.53,30.84,2.22,0.4,West
7bb9eb34-8fd0-4d99-9be5-9cfe77958f84,2025-12-29,CUST-496021,0.62,No,Yes,Upgrade,4,32,68.69,N/A,6.35,55,73.99,59.97,8.4,Data,17.5,32.92,12.8,0.12,West
4777aaa3-4c37-4fff-a797-d39ec5c260b9,2025-12-14,CUST-463043,0.31,Yes,No,None,1,37.88,65.08,Price,11.24,59,91.61,49.25,1.73,Data,19.17,39.3,3.44,0.41,East
58d79d85-0ebe-4c45-b62f-2f29cb3af181,2025-09-26,CUST-688519,0.6,No,No,Upgrade,3,34.58,84,N/A,6.91,70,73.57,23.3,9.74,Voice,47.53,45.05,1.13,0.44,East
979446c2-b480-4ece-8efb-b6f1812969ac,2026-03-21,CUST-655422,0.96,No,No,Downgrade,3,22.48,64.95,N/A,8.96,51,82.72,48.78,8.68,Voice,15.94,32.18,4.61,0.37,South
d6b1a2f8-a19a-4c9f-b84f-a0370d2c6bfb,2025-08-07,CUST-987248,0.38,Yes,Yes,Downgrade,4,31.77,88.31,Network Quality,11.89,10,71.1,46.03,3.51,Data,29.11,10.27,5.43,0.29,South
46addba6-5dd9-469c-b0da-1a7d8856d782,2026-01-22,CUST-834441,0.7,No,No,Downgrade,1,21.46,61.51,N/A,13.38,63,88.35,53.88,4.94,Data,27.59,44.25,6.25,0.2,North
710df4e5-f7f8-4e0f-b378-0e14ab324a78,2026-02-03,CUST-233526,0.88,No,No,Downgrade,1,33.71,83.77,N/A,9.25,32,70.48,38.36,2.45,Bundled,46.06,45.67,11.53,0.34,East
81213ea6-f2df-487c-aacf-1d945f362634,2026-01-21,CUST-583591,0.24,Yes,No,Downgrade,3,24.9,86.44,Competitor Offer,15.52,46,92.32,43.62,1.42,Bundled,33.21,44.55,6.75,0.34,South
97d6c7d8-6ab8-4851-bd14-b3440f68ef6d,2025-08-04,CUST-226406,0.7,No,Yes,Downgrade,1,16.87,80.8,N/A,13.39,39,71.92,47.89,2.74,Data,28.72,32.87,2.72,0.49,North
970607bf-7f23-4493-8a95-72beced566b3,2025-09-27,CUST-645093,0.21,No,No,Upgrade,4,20.57,71.96,N/A,8.62,52,88.47,56.76,4.6,Bundled,27.33,36.69,14.86,0.23,West
5c3fadc8-83bc-427f-80e4-ca0fad7dd817,2026-05-24,CUST-907422,0.39,No,No,Downgrade,1,35.06,66.02,N/A,11.44,12,90.02,20.51,8.33,Data,31.48,24.45,13.09,0.35,East
cd6b01a1-bb5e-4d69-9a83-a46de1a51a65,2025-12-24,CUST-325555,0.32,Yes,Yes,None,2,13.07,83.91,Other,17.86,23,72.41,52.6,6.27,Voice,29.33,44.17,14.48,0.49,South
a677c3d1-2795-4b42-8e1a-fb3511fd52f6,2025-09-17,CUST-283547,0.09,No,Yes,Upgrade,2,32.52,76.03,N/A,13.12,22,73.22,56.72,7.33,Data,43.59,42.97,7.36,0.26,East
75360392-0be9-43ee-8203-7612c6f2200d,2026-05-04,CUST-979558,0.14,No,No,Upgrade,3,24.58,87.71,N/A,17.96,49,78.72,25.71,2.25,Voice,23.05,35.78,2.87,0.25,North
55b97f6e-329f-4658-8b43-c8497d473564,2026-02-26,CUST-529876,0.93,No,No,Downgrade,3,32.51,76.53,N/A,18.1,54,86.15,44.1,6.34,Data,40.12,30.17,6.37,0.15,East
9696b40e-0231-44b8-8002-297222a5c1ca,2026-05-24,CUST-798089,0.06,No,No,None,2,36.56,69.02,N/A,17.26,12,80.15,28.51,7.54,Data,18.49,14.93,10.17,0.44,South
215c93c8-5cb2-4e62-969d-9eb7431f206d,2025-12-23,CUST-956826,0.56,No,No,None,0,32.73,88.64,N/A,16.46,39,79.91,20.51,5.2,Voice,43.9,48.24,9.57,0.43,North
da1dece9-e50d-4746-9953-bf82abcdb3f1,2025-08-01,CUST-993117,0.32,No,No,None,5,25.35,82.32,N/A,18.3,20,85.36,38.58,8.36,Data,20.07,19.23,9.17,0.32,North
d4214fa4-9338-4c33-a935-944135ccbe4d,2026-03-03,CUST-451528,0.58,No,No,Upgrade,0,36.28,75.99,N/A,6.92,30,71.76,21.7,7.19,Data,38.99,16.76,1.91,0.33,East
1e48acfe-4e5e-4268-950a-8c3745ba8389,2025-12-06,CUST-330562,0.73,No,No,Downgrade,2,20.4,62.68,N/A,14.33,36,94.12,57.35,7.45,Data,23.46,40.34,8.17,0.46,East
8c7e7eac-ed7e-4b23-8fd2-33004273c634,2025-08-07,CUST-111262,0.67,No,No,Upgrade,4,20.54,67.58,N/A,11.13,64,77.55,40.11,4.17,Data,9.32,45.97,10.33,0.25,South
dc4f2ac6-fcab-482e-8827-9af0604529f0,2026-02-01,CUST-226846,0.39,No,Yes,Upgrade,0,29.73,82.73,N/A,18.67,45,73.78,41.7,8.27,Voice,35.24,47.96,3.2,0.18,North
2e81e52b-9f0c-48a0-a1cf-e9bc9f58a1ff,2026-07-24,CUST-568014,0.58,No,No,Upgrade,4,31.06,65.12,N/A,9.21,50,72.36,55.39,3.36,Bundled,21.78,49.81,10.54,0.2,West
e060d31d-ca15-4f41-9c75-26becefbfad6,2026-02-16,CUST-243891,0.96,No,Yes,Downgrade,3,34.55,69.69,N/A,12.74,11,70.33,37.65,2.81,Voice,12.33,13.15,8.82,0.41,East
0110b758-7df1-443d-a82c-a5da7ec288ad,2026-06-12,CUST-401600,0.84,No,No,Downgrade,4,32.98,64.64,N/A,13,15,74.58,20.83,2.86,Data,23.53,43.79,5.78,0.15,East
be0396d5-0999-4b33-b4dc-51fe05b95c0e,2025-09-23,CUST-681173,0.11,No,No,Upgrade,1,37.52,68.21,N/A,18.51,64,80.2,28.43,8.89,Voice,34.28,46.51,12.07,0.12,West
6ec3e559-0a30-4438-95d9-1a7e2a072e87,2025-08-21,CUST-733350,0.78,No,Yes,None,3,15.81,76.04,N/A,10.17,22,74.91,21.89,8.1,Data,12.18,16.54,12.48,0.17,West
40676c73-3dd2-4c11-988e-b49c5685d2c1,2025-11-01,CUST-429550,0.84,No,No,Downgrade,4,35.46,80.03,N/A,6.66,15,78.44,53.74,9.01,Voice,6.6,42.42,5.74,0.22,West
fd182ebd-0d47-4eaf-87f0-ca61e425c022,2026-04-15,CUST-418084,0.02,No,No,Downgrade,3,26.23,81.03,N/A,15.47,65,82.64,39.06,9.43,Voice,39.12,27.73,2.15,0.26,West
37083638-90fb-487c-921a-fd009ac4b4e3,2025-10-29,CUST-931418,0.98,No,Yes,Upgrade,2,32.32,78.57,N/A,11.36,48,91.65,46.15,2.91,Bundled,11.48,35.19,10.45,0.1,South
b1417428-290e-44f3-ac66-c4e19f3136de,2025-12-05,CUST-890785,0.98,No,Yes,None,1,37.52,65.89,N/A,12.91,45,82.88,21.4,2.66,Data,40.53,44.39,3.63,0.44,North
811518b0-ae53-4a81-a257-5fe40fc4e05f,2025-10-20,CUST-280501,0.64,No,No,Upgrade,4,30.54,77.13,N/A,11.27,47,87.08,29.4,8.13,Voice,14.18,11.83,3.42,0.15,South
3c27aeb6-13b5-4a8c-8989-c108801c8ce4,2026-02-09,CUST-543919,0.65,No,No,Downgrade,2,22.48,61.01,N/A,14.73,45,84.45,23.98,4.26,Bundled,11.15,40.3,6.91,0.19,East
ce563451-4bac-4c54-88b7-c944ad6fbc16,2026-03-15,CUST-542537,0.04,No,No,Downgrade,1,22.64,79.84,N/A,16.41,56,82.83,52.45,1.17,Voice,46.28,10.74,6.97,0.27,North
11b7d21b-ef68-4950-b45d-b20d026284b4,2026-05-16,CUST-335856,0.35,No,Yes,None,1,19.89,73.77,N/A,11.87,71,90.68,46.23,4.48,Bundled,19.21,36.74,4.37,0.25,East
1bec27af-edd4-4a5b-abcf-870d7a744497,2026-06-28,CUST-327171,0.16,No,No,Downgrade,1,30.36,62.46,N/A,12.7,42,83.95,36.27,5.11,Data,47.55,19.72,2.99,0.32,East
6cc39e69-381d-4d0b-8778-fd6fcfc19d17,2025-08-16,CUST-459655,0.18,No,No,Downgrade,0,27.17,74.51,N/A,18.01,25,86.49,49.83,7.28,Voice,18.28,32.91,9.07,0.46,North
185aa9b8-c1f6-47af-9b86-31e5c9707c61,2025-11-30,CUST-922233,0.03,No,No,None,4,26.11,73.76,N/A,7.77,43,84.98,37.82,5.18,Voice,38.56,17.88,7.9,0.26,South
42e9bf9e-1ee7-47bd-8bd1-29c668c5faab,2026-04-10,CUST-435387,0.36,No,No,Upgrade,1,24.85,84.35,N/A,12.85,71,89.56,44.72,3.89,Data,42.8,39.92,13.39,0.19,North
a974a896-e02e-47e3-8a6a-e09873af027e,2025-12-25,CUST-666294,0.02,No,No,Upgrade,1,21.39,78.56,N/A,6.76,68,83.48,38.68,4.42,Data,20.62,13.39,2.94,0.32,North
6413ed5d-b87d-4105-9f5f-34a90464921a,2026-05-31,CUST-366767,0.24,No,No,None,3,16.81,84.81,N/A,9.31,43,70.69,34.51,9.45,Bundled,37.35,37.87,3.76,0.27,North
eb379bc7-3698-4cd4-b8e5-55b8b60067b4,2026-07-06,CUST-241384,0.84,No,Yes,None,1,12.54,69.92,N/A,6.18,9,72.81,55.9,5.41,Data,11.69,32.69,7.12,0.34,East
23d2d7dd-2e30-4a58-9533-4becd847cd3a,2026-03-16,CUST-808003,0.87,No,No,Downgrade,4,13.85,72.23,N/A,5.96,57,84.47,49.01,8.6,Data,15.26,27.16,5.37,0.41,South
ef84a18e-4307-4d52-96cc-4dd58522d4da,2025-11-29,CUST-945884,0.1,No,No,None,1,35.97,79.46,N/A,19.59,60,70.87,48.93,7.92,Data,11.18,28.54,9.51,0.35,West
8e838954-5d25-45d7-8695-bc3a6be81ad4,2026-05-31,CUST-541240,0.36,No,No,Upgrade,5,37.53,63.27,N/A,9.56,48,89.59,38.6,9.49,Bundled,24.63,14.25,4.13,0.16,East
d8383d53-a4d5-451d-b8b7-dfcfd6755910,2026-03-03,CUST-134960,0.38,No,No,Downgrade,4,33.75,88.26,N/A,7.47,62,72.41,59.77,4.19,Bundled,16.38,23.58,11.24,0.46,North
ef927a21-3379-46f6-8abe-e7bdfc8b20bf,2026-02-09,CUST-128783,0.44,No,Yes,None,1,30.36,73.09,N/A,7.41,24,79.61,44.77,5.03,Voice,5.31,11.15,14.2,0.11,South
ca1a5c5c-007f-4696-a0c6-2bec1d099224,2025-10-03,CUST-133397,0.05,No,No,Upgrade,5,17.25,65.24,N/A,7.69,13,80.05,43.31,9.35,Voice,11.09,28.48,13.08,0.35,North
c38c6344-4282-425b-8b2b-1aac519b7edc,2025-08-23,CUST-249776,0.37,No,No,None,3,28.46,87.63,N/A,13.13,51,87.68,25.77,2.01,Bundled,44.33,27.83,14.36,0.32,East
d32fd801-783d-4697-a973-0fa738df36c1,2026-02-05,CUST-722616,0.07,No,No,Downgrade,3,19.35,62,N/A,8.88,31,72.53,46.76,1.81,Voice,22.26,19.66,4.89,0.25,West
4cd65744-4cc0-4740-933c-bd5e8db19d81,2026-05-11,CUST-386552,0.11,No,No,Upgrade,4,30.22,86.25,N/A,6.25,29,84.84,30.32,7.55,Voice,37.55,34.66,8.38,0.16,West
9cbe30ee-ad4e-430a-882b-197de70b19ca,2025-12-28,CUST-850575,0.44,No,Yes,Upgrade,1,11.11,75.88,N/A,15.51,18,94.22,46.86,4.83,Bundled,18.98,23.79,13,0.13,North
b048f020-cdf2-4715-9b01-823b5d089060,2026-03-23,CUST-545732,0.69,No,No,None,0,14.58,79.81,N/A,7.27,53,91.17,43.39,1.98,Bundled,46.17,26.74,11.88,0.36,West
3b7a1a69-9110-4234-8ea6-3ced370c0c0c,2026-03-05,CUST-574179,0.69,No,No,None,4,26.23,62.46,N/A,11.12,30,89.73,37.13,9.88,Bundled,20.71,43.34,6,0.34,West
89e5b5af-f288-4fca-a234-04369fb539fe,2025-07-25,CUST-192882,0.28,No,No,Upgrade,1,13.42,84.05,N/A,6.17,11,75.29,41.73,3.74,Bundled,26.09,28.51,13.36,0.38,South
49a1aa93-3e4e-4c6c-9c1a-dbe45cd13afb,2026-05-24,CUST-609290,0.26,No,No,Downgrade,4,38.02,61.63,N/A,18.7,64,80.22,30.4,9.1,Voice,9.74,27.4,4.59,0.34,North
5297fc1b-daf9-4611-8be0-0b68a583da54,2025-08-26,CUST-251804,0.88,No,No,Downgrade,3,27.49,65.66,N/A,12.52,54,92.19,48.05,3.33,Data,18.88,15.72,10.92,0.45,West
4345a734-babd-450f-ab15-c31c45dffcca,2026-04-19,CUST-122090,0.26,Yes,No,Upgrade,4,14.87,63.88,Other,11.92,19,81.24,32.02,2.02,Voice,6.34,40.26,4.28,0.36,East
034b5715-0d55-4453-9f14-03cc9d1804a0,2026-03-01,CUST-339464,0.01,No,No,Downgrade,0,10.56,85.72,N/A,8.31,51,71.23,23.28,1.43,Voice,10.5,16.96,7.14,0.25,East
04141840-80db-4471-9a78-7800e80e077f,2025-12-02,CUST-953207,0.24,No,No,Downgrade,5,25.94,82.77,N/A,6.06,55,73.12,34.32,9.25,Voice,41.67,19.08,6.6,0.38,South
c3cbc2b6-0bff-42f8-9c23-a5576a64f813,2025-09-29,CUST-963036,0.47,No,Yes,Downgrade,1,29.63,67.67,N/A,15.68,49,80.67,25.42,3.91,Voice,7.44,24.72,7.09,0.3,East
e29a2f38-d33a-4b46-8700-e576d13ab1ac,2025-08-11,CUST-294956,0.49,No,Yes,None,1,34.35,83.07,N/A,16.3,7,83.44,27.37,8.78,Data,43.4,48.86,10.84,0.4,South
423b303a-352f-402e-9873-379e338af546,2026-03-04,CUST-235032,0.59,No,Yes,None,3,17,68.03,N/A,11.91,6,77.82,42.29,9.73,Data,9.66,23.78,6.7,0.33,West
14818077-b113-4afc-97f5-c1e53064798d,2026-05-27,CUST-745570,0.73,Yes,No,Downgrade,4,38.7,76.37,Network Quality,8.77,46,91.54,49.34,2.37,Bundled,25.58,25.94,13.8,0.42,South
c441b245-962e-459e-8466-55eadaf54ad0,2025-10-12,CUST-714984,0.66,No,No,None,4,32.84,84.52,N/A,6.71,69,81.17,55.94,7.31,Data,27.63,24.19,13.92,0.21,East
a50656d5-c21d-4ea1-aad3-1866fa7b7539,2026-07-16,CUST-750642,0.63,No,No,Upgrade,3,24.11,72.52,N/A,14.47,19,85.81,37.01,9.77,Bundled,48.12,30.94,12.79,0.49,West
96cf8d5c-b178-46e2-88c7-82d1957a6102,2026-03-05,CUST-885034,0.46,No,No,None,5,35.44,89.84,N/A,12.49,43,83.72,29.98,5.7,Voice,33.44,18.93,13.22,0.23,East
24365bf4-2001-4556-9acd-ff7b6ad3614f,2025-10-15,CUST-116381,0,No,No,None,0,34.93,83.38,N/A,17.42,25,93.67,26.71,6.93,Bundled,23.85,28.3,3,0.37,West
a2c5da42-2526-479c-99b6-bde2bc937915,2026-04-03,CUST-575346,0.36,No,Yes,Downgrade,1,19.19,72.39,N/A,15.84,12,79.18,59.69,7.88,Data,26.49,21.34,14.73,0.33,South
3904b786-1b9a-4f23-bf32-fe0a8106935a,2025-11-13,CUST-780770,0.76,No,No,Downgrade,5,14.53,64.8,N/A,9.68,38,94.81,29.4,8.28,Voice,17.75,19.59,11.03,0.16,West
46f34bcb-d00c-477b-a7b3-e252f791ee83,2026-03-19,CUST-276513,0.75,No,No,Downgrade,4,34.21,75.2,N/A,9.23,30,79.5,45.13,3.31,Voice,47.11,20.58,7.1,0.38,West
062772b8-1eed-4833-bc26-ee886ed97364,2026-06-11,CUST-797012,0.1,No,Yes,Downgrade,3,28.68,76.63,N/A,7.11,51,85.04,32.06,9,Bundled,37.02,22.46,4.98,0.29,North
eb023fd6-f017-47da-88fa-74413c873585,2025-10-16,CUST-126661,0.98,No,No,Downgrade,1,32.59,77.82,N/A,15.05,24,91.42,50.91,3.51,Data,7.85,32.9,5.08,0.35,North
726a60d7-f5be-40ae-a411-adec6fbb38ec,2026-05-16,CUST-735701,0.27,No,No,None,4,26.93,84.1,N/A,15.46,70,79.85,41.39,3.44,Voice,40.94,36.6,10.28,0.11,North
069e0b4a-e170-44b7-90bd-387768a6c5fb,2026-05-22,CUST-649837,0.17,No,Yes,Upgrade,0,11.08,60.46,N/A,18.99,10,94.32,59.25,1.1,Bundled,19.45,14.56,9.22,0.14,North
09a392fc-8c8f-4420-8423-b393a2b2507d,2026-04-08,CUST-672324,0.01,No,No,Downgrade,1,13.59,84.39,N/A,7.53,25,73.05,21.64,3.39,Bundled,20.26,42.85,6.41,0.11,East
