Record_ID,Date,Customer_ID,Customer_Satisfaction_Score_CSAT,Net_Promoter_Score_NPS,Support_Tickets_Raised,Support_Ticket_Resolution_Time_Avg_Hrs,Complaint_Type,Customer_Sentiment_Score_via_NLP,App_Login_Frequency_Per_Month,Self_Service_Usage_Channel,Unpaid_Bills_Count,Average_Billing_Delay_Days,First_Contact_Resolution_Rate,Customer_Effort_Score_Ease_of_Interaction,Complaint_Escalation_Rate,Self_Service_Abandonment_Rate,Customer_Feedback_Submission_Rate,Social_Media_Sentiment_Score,Customer_Loyalty_Index,Channel_Preference_Shift,Proactive_Support_Engagement_Rate,Billing_Clarity_Satisfaction_Score
37b4fb34-51cc-4b4d-b1c8-dcda0aa1a7c4,2026-03-08,CUST-927998,4,-60,2,7.7,Network,0,26,App,1,13,60.42,3,1.2,17.74,11.55,0.83,0.89,None,9.49,1
ff13656e-120d-4407-828d-382d71b1baf0,2025-11-26,CUST-695320,2,-83,1,33.3,Network,1,15,App,1,13,68.08,3,9.64,39.38,4.2,0.42,0.59,None,10.12,4
2898805a-5482-4b40-a5ed-1d0f0c471764,2025-12-30,CUST-722341,3,36,1,50.7,Service,-1,19,Web,0,14,93.41,4,8.86,11.29,8.25,0.98,0.83,None,6.31,2
1ed899af-4d52-4dfe-a388-4fbc8c67866f,2025-09-06,CUST-944311,5,-93,2,69.2,Network,0,17,App,1,9,86.2,2,4.42,11,16.96,0.2,0.97,None,27.86,2
48da256f-e3b5-4bb6-b8e8-42b9fbbc36b1,2026-01-26,CUST-780197,4,76,2,21.8,Service,1,16,Web,2,11,67.3,4,7.96,12.78,11.01,0.85,0.8,None,19.67,4
a2bb2781-b2bd-4579-a59f-2f596945ea97,2026-07-07,CUST-482583,5,-23,2,63.2,Other,-1,27,Web,2,11,80.97,2,1.29,25.95,10.24,0.34,0.94,Web to App,27.83,1
dc8cad86-b27a-4759-8539-02b79e5ca24d,2025-08-12,CUST-966594,2,-98,5,1.7,Other,1,29,App,2,2,84.44,2,2.68,17.87,6.91,0.22,0.64,None,29.23,2
7ec6e358-146f-4f8a-aea9-7a8de201b121,2026-06-03,CUST-520192,1,67,1,35.3,Service,1,23,Web,0,4,79.81,1,1.05,35.12,4.66,0.59,0.8,None,24.96,4
8194fdc7-b6b2-424d-8f7d-b3eccfcdf1a1,2025-08-17,CUST-141785,1,74,5,64.8,Other,-1,5,App,3,12,67.15,4,6.83,37.36,19.72,0.6,0.91,Web to App,26.04,1
e909c3ed-6e68-4574-8cbc-12ae567f8cb8,2026-06-27,CUST-262778,4,52,3,64.8,Network,0,3,Web,2,7,66.65,2,6.51,30.81,2.85,0.13,0.73,None,9.73,4
4cc64c8d-4b5e-4610-9188-ec311dc1e8d3,2026-05-31,CUST-378503,3,-74,1,61.5,Billing,1,28,Web,2,0,71.98,2,3.38,13.47,18.29,0.52,0.54,None,20.22,2
bf65bb32-4223-4a35-ae66-6783910fce3d,2026-04-12,CUST-656897,2,-2,1,12.9,Service,0,19,Web,3,5,61.53,1,5.47,38.77,18.95,0.45,0.83,None,12.16,5
5c140a22-300a-4347-98a8-e52c430d0a14,2026-03-12,CUST-489562,5,-91,1,12.9,Technical,0,20,App,3,5,81.2,2,7.57,37.6,14.74,0.53,0.92,None,10.35,5
d4a0adcc-5dca-43af-ab53-657e3c08fe90,2025-09-13,CUST-828858,3,35,4,12.4,Technical,0,2,Web,1,3,66.15,3,6.79,8.2,12.82,0.9,0.68,None,22.26,3
162c3598-6eda-4783-8ac6-1608804c708d,2026-07-06,CUST-613790,4,87,5,13.3,Service,1,22,App,2,7,79.62,3,5.38,7.66,2.09,0.32,0.7,None,28.79,3
a59a2d3c-8ce0-43ff-87aa-2324d86a82f0,2026-04-22,CUST-701913,2,-85,0,15.5,None,-1,6,App,1,1,87.64,3,6.52,24.3,3.07,0.68,0.99,None,13.76,2
77f96113-c475-47fb-9877-580a4d0be8fd,2026-07-23,CUST-869660,1,12,5,38.4,Technical,0,5,App,3,6,66.95,2,2,13.33,5.59,0.72,0.95,None,13.84,1
8ca82a06-2d64-42a4-8c16-0f16de821f33,2026-03-14,CUST-276379,2,66,1,10.5,Billing,1,3,IVR,2,2,87.1,3,7.26,25.76,6.04,0.82,0.83,None,15.74,2
72942563-ecc8-4428-97e4-b3c393f89786,2026-04-04,CUST-340052,1,-44,4,33.4,Service,1,18,IVR,2,2,74.09,3,4.35,25.75,2.25,0.74,0.98,None,19.64,2
2d8737bf-1907-4bd9-8aca-b8aaf0faed30,2025-08-31,CUST-694119,2,-72,1,18.2,Technical,-1,27,IVR,0,13,78.53,4,6.33,7.28,13.14,0.36,0.51,None,22.67,3
33ca0154-8df0-427d-96c7-d1ba83aaf4ba,2026-07-08,CUST-390651,2,37,3,47.2,Other,1,1,Web,2,4,90.37,3,1.71,19.98,6.31,0.32,0.95,None,27.61,5
41f0415b-6a7d-4cd8-8056-55b664d541a5,2026-06-16,CUST-169351,3,58,4,53.6,Other,0,13,IVR,1,10,77.24,3,2.3,31.23,5.59,0.7,0.65,None,24.19,2
24c46be2-e1db-4226-bf58-53f10fbb672d,2025-09-06,CUST-827734,2,89,2,44.6,Other,-1,3,Web,2,6,81.12,3,8.66,23.27,19.19,0.96,0.88,None,22.69,4
d038956b-ec16-40d5-b2f8-45a0da1e938a,2025-08-11,CUST-241248,2,-63,4,32.9,Network,-1,20,Web,1,9,71.88,3,0.55,8.93,14.14,0.35,0.73,None,11.78,3
4968d6b5-d010-4527-bfa5-99760afef67e,2025-10-15,CUST-674409,1,95,3,34.9,Technical,1,11,App,3,1,86.02,2,6.8,39.13,4.95,0.62,0.77,None,17.93,2
e12a7db4-cbce-4af8-8be5-c0c74e6a56c7,2025-07-31,CUST-819278,3,-73,4,18.8,Billing,1,30,Web,2,2,74.9,3,0.72,10.13,18.97,0.19,0.74,None,11.96,2
d9ea470f-800c-4f40-8537-8516c8145ef5,2025-11-25,CUST-811235,2,-25,3,57,Service,-1,19,IVR,2,3,67.12,2,1.97,7.89,4.03,0.75,0.67,App to Web,16.7,3
93589275-b51d-44d2-9385-558a29118095,2026-02-28,CUST-906396,2,10,3,4.3,Billing,0,23,App,1,13,80.01,2,4.43,25.51,4.84,0.55,0.91,None,8.94,2
cd59cf4e-7a8c-45a8-9780-2b7a6e4ac9a8,2025-10-14,CUST-627432,2,72,3,42.5,Network,-1,28,Web,2,6,76.11,2,8.73,34.75,14.58,0.61,0.82,None,19.58,2
c8a20d0a-2ef6-4f2d-b033-4b7ff6894350,2026-03-05,CUST-603923,4,63,4,38.8,Technical,0,8,App,1,1,81.92,4,3.06,21.42,16.34,0.82,0.62,None,21.14,2
d4cfb990-60b1-4979-8be7-b78cbafb22f3,2025-12-05,CUST-325190,4,-3,1,27,Technical,-1,10,App,1,8,71.74,3,3.76,5.78,5.52,0.96,0.75,App to Web,20.6,2
3e74d360-3cda-43e8-a755-7b16068789fb,2026-01-13,CUST-608774,4,21,5,15,Billing,0,3,Web,3,2,69.64,5,4.75,35.06,19.7,0.48,0.89,None,18.66,4
3d9bf8c5-bfdd-4b25-bb84-440b54e2cc34,2025-11-21,CUST-654391,4,29,1,32.3,Service,1,19,App,1,10,61.33,3,2.5,17.73,12.61,0.56,0.84,None,18.74,3
3d8c42d2-46d5-42e8-87a1-2c678dbdf91e,2025-09-13,CUST-896457,3,89,3,60.1,Other,0,13,Web,3,3,71.3,5,8.13,39.58,18.04,0.2,0.82,Web to App,25.7,1
c02bf5fc-0175-47a8-a7c2-42c4f55286af,2026-01-26,CUST-534221,4,-2,2,1.8,Billing,-1,29,Web,1,8,75.76,4,6.22,14.11,2.07,0.86,0.63,None,22.07,1
bcfaec95-516a-4767-995f-2b843ca80725,2025-11-26,CUST-502513,4,-79,3,63.9,Service,-1,8,Web,3,12,77.2,1,8.48,11.76,2.73,0.1,0.71,None,18.99,3
edd87d3e-7153-44d4-a1f3-512f8e0b529b,2025-12-11,CUST-973825,3,-35,1,24.4,Network,0,22,Web,2,11,70.82,2,5.65,7.19,14.55,0.91,0.68,None,26.49,3
692a7552-b651-44e1-b6ff-14e3148c380b,2025-08-16,CUST-350322,2,91,4,56.3,Billing,0,19,Web,2,11,82.28,3,3.33,19.38,17.7,0.28,0.83,None,8.39,3
a4517ceb-ed1a-432c-865d-ea7df5565c42,2026-03-12,CUST-386376,2,-18,2,6.6,Billing,1,23,App,2,11,81.5,4,9.97,11.3,5.35,0.23,0.62,None,10.77,5
c4d0588e-4e8e-431a-b137-c59202f7cefc,2026-04-04,CUST-594721,4,-31,4,60.8,Service,0,28,App,2,11,84.79,1,3.96,14.1,14.78,0.46,0.97,None,12.76,5
8c9e95eb-d327-484a-96c7-f33aef5c4a96,2026-01-08,CUST-781638,4,-33,1,60.2,Other,1,24,Web,2,2,92.81,2,4.21,23.29,17.1,0.29,0.77,None,16.64,2
72f5e96b-3eb3-4b69-9b28-2b910aeebd68,2025-11-26,CUST-694297,4,-77,2,19.8,Other,1,18,App,0,11,81.31,5,1.2,35.27,8.54,0.85,0.53,None,16.98,1
9886260c-fef2-49a9-acef-498bc1d0fdee,2025-12-27,CUST-310128,3,-57,0,63,None,1,16,IVR,1,12,69.8,3,8.02,38.7,9.35,0.77,0.54,None,13.43,2
d267deec-5ad0-4b90-a552-4bc106dd09d2,2025-12-02,CUST-371817,3,91,2,57.1,Billing,1,14,App,3,7,89.78,2,3.42,26.73,15.38,0.64,0.8,None,14.73,2
eb7ae786-9da2-4c39-9739-a9eed3e13f63,2026-02-04,CUST-494566,3,-16,4,8.4,Network,0,10,Web,1,8,79.08,3,4.62,15.67,11.83,0.86,0.52,App to Web,20.59,3
76b79faf-8348-4ecf-b0dd-34d7416c243a,2025-12-08,CUST-684108,5,79,1,61.5,Network,0,29,IVR,1,1,60.72,3,6.15,30.41,10.21,0.62,0.64,None,29.6,2
b26910be-a8f1-4218-9dfb-458686d0ab8e,2025-09-26,CUST-654774,4,59,0,26.9,None,0,20,Web,2,8,87.34,5,0.77,17.63,12.69,0.29,0.64,None,10.7,2
19cec65d-8297-489c-a25d-8b75a975094b,2025-12-20,CUST-901410,3,-22,0,26.1,None,1,29,Web,1,14,81.11,4,9.17,26.69,3.56,0.93,0.89,None,8.52,3
5fb4adc4-3a3f-43d8-970f-bc9c73c08fea,2025-09-07,CUST-829317,2,-34,2,31.1,Other,0,7,App,3,6,90.3,2,4.2,28.74,13.57,0.45,0.67,None,21.93,1
d8c74138-eeee-443a-a58a-039a98fa88c2,2025-09-24,CUST-820887,1,69,2,21.2,Network,-1,6,Web,2,14,72.92,2,1.36,5.5,19.65,0.73,0.56,None,22.8,3
619b6b62-b5bc-431e-a3db-9504e8100c08,2026-02-18,CUST-694594,2,-56,1,17.7,Network,1,11,App,1,9,66.53,3,8.04,21.99,1.4,0.76,0.7,None,23.39,4
dbff8600-a83b-4483-aa38-6e48e6dfe03a,2026-07-13,CUST-761382,5,63,3,58.2,Service,1,24,Web,3,8,60.42,5,2.55,39.83,4.08,0.24,0.99,None,7.84,3
e06d3f14-7822-47ae-a5f9-6a49389436c6,2025-10-17,CUST-356847,1,4,3,58.1,Network,-1,18,Web,2,1,90.23,1,5.27,16.4,1.58,0.99,0.72,None,22.91,2
32dee637-9076-4371-88c0-95479eff07a8,2026-02-14,CUST-591638,3,-25,1,28.9,Service,0,18,App,1,1,79.72,4,4.35,6.98,8.95,0.15,0.89,None,9.41,5
2ac27d07-b45e-44c8-97fd-1526b9a65152,2025-11-02,CUST-127496,3,11,2,37.9,Technical,-1,18,IVR,2,12,65.13,4,3.04,17.39,3.23,0.44,0.99,None,6.42,5
a61af814-1b1d-4746-a406-b12c2dc5292c,2026-04-06,CUST-621989,5,-66,2,3.4,Network,-1,18,App,0,11,65.39,2,1.59,22.35,4.69,0.64,0.54,Web to App,11.61,3
916918fa-db6b-4efc-af30-3cb7744b3660,2026-02-16,CUST-302881,4,-23,2,33.3,Technical,1,15,Web,3,10,67.31,4,9.31,13.9,13.38,0.49,0.8,None,24.47,1
68d14151-eea7-4d9b-8095-64659bafb288,2025-12-25,CUST-834240,2,76,4,56.5,Network,0,29,Web,2,10,72.58,4,9.04,14.28,7.18,0.33,0.93,Web to App,29.78,4
20679b54-b523-49fd-bd07-5888dca09080,2026-06-22,CUST-495213,2,-95,1,43.8,Billing,0,19,IVR,2,4,69.52,4,8.14,36.12,17.98,0.31,0.77,None,6.34,2
c2b9071e-25e1-4c6c-8277-ef479988abf4,2025-12-19,CUST-874138,4,-57,1,65.1,Network,0,2,IVR,2,12,65.33,2,7.64,27.69,7.36,0.41,0.92,None,6.78,3
e27709df-a39c-421e-a119-c3d86604dff4,2025-10-19,CUST-234439,2,33,1,71.9,Network,1,14,Web,1,7,76.72,2,6.25,26.78,6.62,0.7,0.53,None,15.73,5
5157cbb4-609d-420d-a270-595ee9085836,2025-11-01,CUST-156819,2,-64,5,9.1,Technical,-1,20,Web,1,0,69.95,2,5.78,39.72,18,0.9,0.86,None,11.16,4
6aa80339-ad00-4c81-928e-601215957157,2025-09-03,CUST-155220,5,96,4,40.7,Other,0,11,App,0,1,86.42,5,3.63,22.49,1.23,0.87,0.68,None,17.91,4
6d43c596-a6db-4a91-8d9e-37e889933edb,2026-01-24,CUST-287385,3,91,3,39.5,Other,0,27,IVR,2,7,90.17,1,5.5,28.53,10.86,0.91,0.82,None,18.55,2
fa335c13-ddae-46c1-9ea1-c1b13cd9046b,2025-07-27,CUST-181217,3,3,2,15.4,Network,0,13,Web,2,13,84.1,3,7.04,5.49,14.41,0.68,0.64,None,24.93,4
8d390e00-8cc8-41c0-940d-18227c1e9890,2025-07-26,CUST-815654,5,83,4,13.9,Service,1,21,Web,1,6,90.43,4,4.51,32.3,19.2,0.77,0.71,None,20.79,3
4e6c3a2b-84c8-4718-9fa8-fc46a6dc64d8,2025-11-19,CUST-554090,2,-83,1,10.2,Service,1,25,App,2,13,83.75,2,4.63,6.09,7.4,0.67,0.58,None,24.62,4
cae39815-c7c3-43a9-814e-d3e47e1c4682,2026-06-21,CUST-259019,4,36,1,1,Other,-1,10,Web,1,3,93.24,4,4.84,8.48,14.62,0.86,0.86,None,5.79,2
48729b36-0567-414c-b168-2f67b595eca5,2025-09-11,CUST-520455,2,94,1,43.5,Billing,1,14,Web,2,2,94.87,4,9.95,23.03,3.2,0.47,0.56,None,25.98,1
475d6f36-8835-4308-8757-637ab52e4c0d,2025-11-14,CUST-415179,5,-23,4,66.6,Technical,-1,18,App,3,6,62.24,2,0.19,34.97,1.87,0.57,0.95,None,9.01,4
66aec161-4db1-4526-aff3-b7d67c227e97,2026-02-08,CUST-533281,2,81,1,18.9,Technical,1,5,App,2,3,93.07,1,4.09,23.4,1.19,0.55,0.63,None,24.09,1
a3e2aa86-867e-48e8-ac96-9db835e1f62b,2026-03-30,CUST-681578,5,-81,4,69.1,Service,0,3,IVR,3,4,92.64,4,9.25,39.77,14.65,0.95,0.67,None,14.15,3
f9577ec3-4e1c-4ef9-a9c2-98c60b6760df,2025-08-14,CUST-606218,1,-65,4,21.7,Other,1,19,App,1,6,66.6,2,4.15,37.51,5.04,0.37,0.78,None,8.6,2
abb6403c-e5de-44ea-8dfb-2aaaca3b9d7f,2025-08-13,CUST-191881,4,-34,4,66.5,Other,0,25,Web,1,13,83.23,4,4.36,27.71,6.06,0.7,0.9,None,16.67,3
b3efadc0-29c0-4ea0-be5a-100fca32e120,2025-07-26,CUST-842103,3,-54,3,61.4,Service,1,14,IVR,0,5,73.18,3,9.11,32.74,9.02,0.23,0.75,None,16.53,2
cbb8d586-ac58-4c71-938f-b8b8d99326bd,2025-11-14,CUST-651345,1,69,2,24.8,Service,-1,28,Web,1,0,77.68,4,2.64,17.07,6.9,0.49,0.99,None,27.56,2
9fff95f1-be97-43dd-83be-e8f96a345551,2026-06-11,CUST-435679,2,-70,2,71.9,Service,-1,21,App,0,14,74.47,4,3.08,22.37,14.42,0.91,0.6,None,8.37,5
19f62f45-e41e-4aab-97a3-0f0fe2506298,2025-12-21,CUST-752314,3,-89,4,44.4,Other,0,28,Web,0,14,62.64,2,7.52,23.16,14.72,0.71,0.63,None,17.18,3
38420fe8-2698-4401-a9a4-3ec976eda195,2025-08-24,CUST-366374,3,-23,2,71.7,Billing,0,6,Web,1,8,76.69,2,0.56,28.14,18.44,0.8,0.9,None,6.25,1
c4ab3a9a-8b2c-4e40-9ed9-7851da9f309d,2026-06-26,CUST-176074,2,89,5,63.3,Service,1,24,Web,3,12,75.58,5,8.11,32.8,7.11,0.19,0.85,None,8.17,4
e1d6ee59-b608-453a-a724-ae37a583133a,2025-11-07,CUST-444576,2,-50,1,4.2,Service,-1,13,App,0,13,74.52,2,5.9,38.69,9.85,0.61,0.96,None,26.18,3
05a443c6-6cd1-428c-b3b3-e3a6c555de6f,2026-02-15,CUST-145611,5,-35,2,57.4,Network,-1,5,Web,3,0,78.42,3,6.23,27.35,11.23,0.28,0.77,None,29.14,3
0eab3fff-09c5-4944-8887-dc75e0a93b18,2025-09-26,CUST-764580,3,-11,1,27.8,Service,0,1,App,1,1,74.89,2,3.78,23.85,16.39,0.79,0.92,App to Web,23.46,5
da786661-edf1-440b-a2e7-40361feed137,2026-06-01,CUST-258851,3,16,4,5.7,Billing,-1,19,App,2,5,74.9,2,5.73,34.92,18.06,0.96,0.93,Web to App,5.14,2
73b4d613-7bde-4a0f-bd32-0d8fa8a3ada7,2026-05-14,CUST-369737,2,-62,0,43.6,None,0,2,App,2,5,75.79,2,3.2,29.85,7.7,0.89,0.82,None,11.14,4
0e2098c8-7f09-41e7-b795-a72b55c04021,2025-11-03,CUST-687169,4,-17,2,67.7,Other,1,7,IVR,1,4,77.66,1,8.13,30.49,3.48,0.67,0.94,None,10.17,3
b464b1cf-4611-4277-a041-ff59a6a00597,2026-03-12,CUST-665017,3,8,2,66.2,Other,-1,29,IVR,0,11,62.33,2,5.05,36.31,4.77,0.56,0.98,None,12.52,2
8f96d5ac-8895-4a17-ab94-7256200e0bf2,2026-04-23,CUST-688055,2,-96,1,59.8,Technical,0,28,App,1,5,86.38,3,9.89,39.26,18.8,0.45,0.67,None,16.73,3
13d55829-5333-4c48-88c0-348482f7aa4a,2025-11-10,CUST-266814,1,-43,3,16.9,Billing,-1,26,App,2,1,65.95,4,8.12,13.86,7.3,0.14,0.6,None,11.04,4
77cf9388-1779-4ceb-a998-64869a207178,2026-05-19,CUST-780274,3,18,4,2.4,Network,1,22,Web,1,12,65.16,4,3.93,9.05,18.97,0.64,0.58,None,15.77,3
97f71242-a34d-443e-a93f-cc196fe4fce6,2026-06-27,CUST-691694,3,-2,4,62.6,Billing,0,25,IVR,1,13,90.66,4,3.82,39.12,12.01,0.86,0.92,Web to App,5.43,4
ab5b94a9-019a-4781-be03-6a6f044ff777,2026-07-02,CUST-978024,3,-7,2,44.3,Billing,-1,22,Web,0,9,65.55,3,2.01,25.06,5.63,0.91,0.69,None,23.04,4
f3cfa40d-c7d7-4331-8c64-34bcdd1b8e6e,2026-06-01,CUST-695402,5,78,3,44.2,Network,-1,12,App,0,6,64.88,3,0.99,13.17,19.88,0.34,0.87,None,22.95,5
16a98aef-2d7a-462e-b07a-21e2701cd769,2026-05-15,CUST-418824,3,56,1,54,Other,1,29,App,3,8,76.71,2,9.47,31.74,18.22,0.73,0.92,None,14.11,1
2d93c4dd-72a7-43c5-9877-53cce6f52190,2025-11-24,CUST-898354,5,-11,3,65.5,Service,0,16,IVR,2,4,76.41,4,6.37,39.63,3.12,0.5,0.58,None,26.89,2
4e972043-b116-4da7-a3e7-4d1b379fd435,2026-03-25,CUST-110430,3,-89,5,64.4,Billing,-1,11,IVR,3,7,75.56,4,8.74,29.91,5.09,0.78,0.66,None,7.32,2
e09aa367-e7f0-47fe-9d38-009f7e909412,2026-02-14,CUST-130298,3,-53,1,12.7,Service,-1,10,Web,2,14,82.01,4,3.83,9.91,6.99,0.81,0.97,None,24.8,5
39c830f8-845e-4577-b117-63b953a91105,2025-09-17,CUST-951503,2,97,3,59.4,Service,1,13,Web,3,7,79.42,1,1.41,39.33,17.74,0.25,0.54,None,15.37,2
97ea921b-ecab-489b-8d58-6159ea59197b,2026-07-06,CUST-101511,3,-52,4,36.5,Technical,1,2,App,0,2,67.73,2,7.77,37.17,6.43,0.43,0.79,None,26.47,4
2199a8e2-7dab-4a80-8cc3-e569a01bdbba,2025-11-11,CUST-401420,1,33,1,30.6,Network,0,25,Web,1,4,89.13,4,7.07,31.11,19.91,0.55,0.79,None,24.66,1
007a496c-c8f3-461d-95e5-e391c14e938b,2026-06-21,CUST-725500,2,-66,4,3.5,Other,1,23,IVR,3,6,73.17,3,4.69,19.22,5.04,0.61,0.77,None,15.14,4
26735296-bde5-4bea-9125-ef5faf2965aa,2026-05-20,CUST-536173,3,43,1,9.6,Technical,-1,26,Web,3,0,83.03,2,0.29,5.95,13.02,0.9,0.75,Web to App,10.77,1
06920238-3d0f-4c45-af3a-65536eb8e0c4,2025-12-12,CUST-674891,2,-91,5,3.6,Other,-1,2,Web,1,11,77.23,4,2.03,29.7,9.24,0.52,0.93,None,10.08,4
96726806-f398-406c-b660-afe111579de6,2026-03-01,CUST-965772,4,58,4,60.9,Service,1,16,App,1,14,87.75,3,8.82,12.37,18.77,0.87,0.51,None,16.93,5
d43c9461-ae31-4dd7-880e-5a7441dbb935,2025-12-23,CUST-649158,3,91,0,64.2,None,0,3,Web,3,13,63.16,2,3.11,31.21,19.11,0.42,0.86,None,25.81,2
759ce57a-41ea-46e7-bd60-97d5aeaead17,2025-10-11,CUST-873551,3,-9,5,25.1,Network,0,9,App,1,11,74.35,4,5.43,30.9,13.26,0.5,0.63,None,14.83,4
4ae91e93-31c8-41b4-821f-d0d9a1667609,2026-01-19,CUST-127404,5,89,1,59.5,Network,-1,12,Web,2,3,76.87,1,5.16,7.5,18.27,0.66,0.96,None,8.99,3
45e2de87-8a27-436d-8030-3565a4758d02,2026-06-24,CUST-414189,3,-48,2,41.8,Network,1,1,App,2,5,92.78,2,1.7,32.62,12.44,0.66,0.52,None,17.92,3
8ee98ce0-bff6-4032-a8d8-64fe028397d6,2025-09-25,CUST-969816,3,-20,2,28.4,Billing,1,12,IVR,1,4,65.5,2,9.42,36.49,9.87,0.18,0.72,None,11.02,3
9ac692d0-b140-4ce4-8ff1-f046f802579c,2026-04-02,CUST-435887,1,-13,2,12.5,Other,0,3,Web,1,1,75.57,2,8,29.78,15.54,0.91,0.97,None,17.02,4
6ddf2827-bc9f-4076-9287-9a55439ed48a,2025-10-24,CUST-235012,1,32,3,18.9,Other,-1,22,App,1,3,73.08,4,5.29,16.43,12.28,0.11,0.54,None,27.41,3
396212dd-1b14-485b-b1df-955d42114ee0,2026-03-05,CUST-549213,3,-77,2,25.2,Network,1,11,IVR,3,11,75.14,1,5.66,28.95,5.69,0.45,0.64,None,16.21,4
00b26760-ef94-407c-808f-bbb6130d320d,2025-09-03,CUST-928852,2,-58,1,61.6,Service,-1,7,IVR,2,9,77.72,1,9.09,33.89,15.78,0.61,0.53,None,24.35,2
a4aba4fe-6a9e-4045-a355-e277c2838f23,2025-07-28,CUST-228209,4,-10,1,53.8,Service,0,19,IVR,1,6,76.46,4,1.15,14.14,2.86,0.24,0.73,None,9.49,5
e5787519-04d0-48e9-96d8-e04f82514419,2025-10-05,CUST-974594,4,-82,1,43,Other,-1,16,App,1,7,75.23,1,8.7,24.37,19.22,0.61,0.59,None,26.78,1
6882b82f-26dd-41b1-aa6d-63e4ff277331,2025-10-03,CUST-278528,2,8,2,51.4,Billing,1,7,Web,0,5,93.63,1,8.72,15.11,14.85,0.26,0.7,None,5.18,3
311c0265-bc2d-4f67-aca9-4d34254912aa,2026-06-23,CUST-997858,3,-13,5,49.2,Service,0,25,App,1,12,90.02,4,6.84,29.31,5.46,0.93,0.96,None,10.32,2
4c360e0f-d175-467b-8207-38aaee3b9226,2025-10-05,CUST-241508,2,-17,3,6.3,Technical,0,1,App,0,5,72.97,5,1.76,35.41,4.5,0.4,0.56,App to Web,19.69,2
dc7c0f9f-e22e-4fc8-9190-85884b4531e6,2025-12-31,CUST-633835,2,-3,0,63.5,None,1,23,Web,2,6,94.8,3,3.19,9.76,12.85,0.56,0.95,None,11.27,4
54f68580-917a-4b3e-a363-862dd07315a5,2025-12-13,CUST-764356,3,27,2,65.6,Technical,0,4,IVR,2,11,92.89,4,9.54,13.63,15.67,0.79,0.85,None,8,4
e2d8edda-05b0-42e2-809f-1c0422adb124,2026-05-23,CUST-394124,3,65,2,64.2,Technical,0,20,Web,1,9,91.77,2,6.41,29.72,9.87,0.54,0.65,None,12.77,4
50b56d61-e5d9-4c5f-b7bd-40a9c4bf37bb,2026-06-04,CUST-857371,2,48,2,27.9,Network,0,26,IVR,1,0,72.08,4,2.39,24.46,17.27,0.62,0.87,None,18.93,3
d38e06be-24e0-44ec-8b29-9c3592f01237,2026-06-20,CUST-533428,2,-48,1,11.1,Network,0,8,App,2,12,74.68,4,3.33,7.95,10.76,0.99,0.5,None,21.22,4
e8d3b69a-6478-48a8-83e9-7126d9b58d07,2025-11-29,CUST-924907,4,-76,0,27.5,None,1,10,Web,1,3,84.44,1,7.65,8.07,14.51,0.2,0.98,None,20.12,3
dc200f54-f21b-4435-952b-7cf84d7d844d,2026-04-01,CUST-799214,2,26,2,32,Network,0,17,IVR,0,13,91.46,3,2.04,27.14,8.47,0.96,0.83,None,26.16,3
d8e16545-e4e4-4231-bd2d-b5b7a28c32ba,2026-01-03,CUST-815684,2,37,1,5.4,Billing,-1,4,Web,3,1,70.73,3,2.72,20.98,2.11,0.16,0.76,None,10.64,5
424f95e6-f464-4d55-8b48-7dc38ee62dbf,2025-11-28,CUST-780340,3,-15,5,27.8,Other,1,14,IVR,1,6,69.08,5,6.29,34.89,3.78,0.14,0.62,None,7,2
ec55723a-aa9a-45c7-91b9-7afb18106747,2025-10-01,CUST-757676,3,-68,4,45.7,Other,0,11,App,3,11,75.87,4,7.12,22.71,2.95,0.7,0.99,None,18.33,5
023b9cbf-49a4-4454-866c-331e660c1f57,2025-09-03,CUST-143918,4,-58,5,67.5,Technical,1,26,Web,3,12,71.74,3,3.51,29.11,5.33,0.33,0.68,None,27.93,2
7b2285c7-0e95-48b7-989f-580e34bd5fb8,2026-01-04,CUST-237899,3,25,1,8.4,Network,1,13,Web,1,14,71.45,4,2.44,21.73,10.6,0.48,0.86,None,25.89,3
1729b306-687d-4462-b55e-1350ebdcea87,2026-06-21,CUST-185997,2,-55,5,41.6,Other,1,29,IVR,2,10,67.99,2,3.79,19.52,1.9,0.52,0.79,None,24.72,3
fe202460-556f-4587-b6fd-bb5e44299cd6,2026-03-27,CUST-235443,3,-99,2,8.2,Other,0,21,Web,2,9,82.96,4,3.54,27.4,14.05,0.49,0.52,None,7.34,5
06dc06c6-8563-4d8e-9bae-2284822f3191,2026-04-11,CUST-156820,3,-51,0,5.7,None,-1,9,Web,0,14,93.85,2,8.92,13.25,6.85,0.6,0.81,None,27.49,1
841ae972-dee0-417e-a61c-3ba4b3b43eb3,2026-07-21,CUST-776501,3,91,1,66.5,Network,0,11,IVR,2,5,67.67,1,2.7,16.13,17.3,0.99,0.91,None,13.92,2
87d6abaa-be6f-4e66-8a3d-bef94673ff10,2026-06-15,CUST-721265,4,68,4,15.5,Billing,0,5,App,3,0,64.84,3,6.33,7.42,1.3,0.46,0.76,None,11.75,5
4e20ed34-693b-46d6-a183-24059816c3eb,2025-12-22,CUST-256363,1,-68,1,53.7,Other,0,23,Web,3,3,76.04,2,7.03,16.84,7.02,0.14,0.91,None,13.78,4
85cee97c-be9d-4aaa-87ba-0498c65fe6c6,2025-11-18,CUST-232158,4,26,3,12.7,Billing,0,29,App,2,4,65.63,5,0.37,8.84,2.31,0.68,0.69,None,8.26,1
88d42493-921c-4cd6-8678-3366e793a4ce,2026-03-16,CUST-996559,3,-65,2,27.3,Service,0,21,App,0,12,63.94,4,4.78,25.94,4.3,0.75,0.74,None,20.7,2
cd4d765f-92d0-45b9-88b8-255216c0e4fc,2025-09-14,CUST-329635,5,-3,3,44.7,Service,0,26,App,0,9,83.31,1,8.63,6.04,7.87,0.96,0.83,None,26.91,3
cd0692db-51e0-4b75-bc71-118e0e01af9a,2025-08-04,CUST-585434,5,73,2,36.4,Service,-1,4,App,3,3,83.27,4,5.25,18.28,1.61,0.26,0.82,None,9.57,4
aa6c9245-1dd3-4049-bc3a-6582ea89b354,2026-01-27,CUST-346294,2,33,4,7.2,Network,0,16,App,1,6,90.1,2,1.1,9.4,9.79,0.76,0.89,Web to App,20.61,2
b825a41a-02c5-4f91-a604-97903a6b8924,2026-01-07,CUST-336986,2,91,3,2.5,Network,0,2,App,0,8,91.78,1,2.08,7.68,4.57,0.39,0.77,None,24.21,3
4fa4fac9-bc19-42a6-babf-a4645e698b66,2026-01-22,CUST-369755,2,-60,1,6.1,Other,0,15,App,2,2,71.38,2,6.1,29.79,13.29,0.38,0.9,None,16.8,2
3ee83e23-a4ba-4eb8-8264-a624e1ae550e,2026-01-09,CUST-327448,4,9,2,66.7,Service,1,2,IVR,2,1,85.47,1,4.69,21.55,17.35,0.53,0.94,None,11.45,2
08a64692-0ea1-495c-85c5-446fb7399c8c,2026-07-03,CUST-390784,5,-5,5,55.8,Other,0,14,Web,1,6,75.53,2,9.45,9.57,1.84,0.42,0.79,None,11.3,3
c809c72a-3609-4702-98a6-cc675e7e0ffc,2025-10-27,CUST-805048,3,93,1,68.9,Network,-1,17,IVR,1,7,69.08,2,9.82,34.72,12.42,0.14,0.79,None,16.94,1
35f4f455-e60e-4e60-bcf9-565919c76ded,2025-12-11,CUST-438211,2,-22,4,26.2,Service,0,20,App,1,3,65.64,2,1.15,34.7,6.68,0.96,0.56,None,11.82,5
6da48070-a3e7-4aaa-a375-5ec4cec25732,2026-06-13,CUST-934503,2,26,1,5,Other,1,30,App,0,8,88.02,2,9.95,14.85,3.32,0.4,0.96,None,21.44,3
3d36a576-a956-4be1-b387-6085a99bb359,2026-03-29,CUST-499996,4,43,5,26.4,Network,-1,1,Web,2,7,92.88,1,5.18,15.99,7.04,0.43,0.68,None,10.34,3
322146f8-df12-429e-b0c0-e81909210666,2026-03-08,CUST-953066,1,22,2,68.4,Network,1,11,Web,2,4,70.16,1,3.33,13.06,7.2,0.89,0.94,None,16.4,5
167fb421-906d-4b0a-86ea-00cebca2bf05,2026-04-10,CUST-843462,1,61,1,36.9,Other,1,4,Web,2,12,82.51,2,2.3,21.85,19.08,0.33,0.6,None,22.69,2
6b9c20c4-049c-46b3-aff6-b975d1a9ddbb,2026-04-20,CUST-590853,4,-18,3,40.1,Other,0,20,IVR,0,3,74.4,1,7.68,6.27,15.35,0.89,0.7,None,11.27,4
796953cf-9144-4316-b8f4-16ab16f44553,2026-02-09,CUST-983938,2,-49,4,14.5,Technical,-1,19,IVR,1,9,63.03,5,3.82,23.58,15.36,0.15,0.55,None,13.52,3
9e20a481-9562-4b39-8a52-ff9f5a33a1f8,2025-10-03,CUST-797320,3,70,4,17.2,Network,0,28,IVR,0,10,89.98,3,9.61,15.91,1.5,0.73,0.54,None,15.33,4
26dc78e7-fc3b-4044-a8da-5eb2b4a66a83,2025-08-01,CUST-727304,2,49,3,16,Technical,1,13,App,2,8,79.27,2,7.42,17.2,2.64,0.42,0.72,None,9.71,2
74826fcb-c7c6-4827-b484-60318618b28d,2025-10-12,CUST-839750,4,-48,1,71.9,Other,-1,8,App,0,3,61.88,4,3.44,14.3,17.87,0.18,0.66,None,21.63,3
29a01fe1-e2f5-4f4a-afa0-7c24e09bb107,2025-08-28,CUST-633933,1,38,2,69.6,Billing,0,5,Web,3,13,71.13,3,2.93,28.67,8.97,0.46,0.8,None,20.42,1
9a8e41d7-246d-4911-9a45-7818d92ce30c,2026-03-12,CUST-181192,4,-13,4,44.2,Technical,1,29,App,1,11,86.62,3,9.88,13.14,19.31,0.72,0.68,None,9.81,4
4544a330-317d-4b2d-897f-5e81e8a4530a,2025-11-13,CUST-659669,3,-8,1,6.8,Network,-1,15,App,1,14,60.43,4,5.06,30.06,15.13,0.2,0.94,None,16.89,1
1cc7adca-26ac-46e4-8729-d5864606926a,2026-01-14,CUST-670016,1,71,0,25.5,None,-1,23,IVR,2,13,61.39,3,6.65,13.27,9.55,0.92,0.56,None,26.14,2
5c7a484f-e770-4c4f-b94d-3cb1f639df79,2025-10-17,CUST-270467,4,10,1,19.7,Network,1,23,Web,3,1,64.44,5,4.14,21.54,17.25,1,0.62,None,29.83,3
5114fd68-4a34-4e53-b4c2-e2ad06bb8469,2026-01-22,CUST-287818,5,-41,1,66.1,Service,-1,25,Web,1,11,85.43,5,3.17,34.86,19.66,0.76,0.58,None,8.65,3
c00f671d-92a8-4f8f-ac5d-33ae9e2da366,2025-10-03,CUST-602398,2,-9,1,69.8,Billing,-1,6,IVR,1,4,68.99,4,2.96,38.16,15.37,0.65,0.6,None,22.7,5
22af3ba1-5983-4506-89fe-d46b8e59d5c9,2026-02-17,CUST-530474,4,-94,1,10.3,Technical,-1,15,App,2,9,71,5,8.1,8.5,2.87,0.46,0.68,None,24.4,4
79918d91-e005-4337-b0d0-f0081e618287,2025-11-02,CUST-323787,3,83,0,37.3,None,-1,8,Web,3,2,94.11,5,2.34,5.52,15.63,0.42,0.67,None,29.38,2
7c6eab74-9618-44b5-bc78-006a73ddd834,2025-12-01,CUST-937576,2,-73,2,18.4,Technical,-1,20,Web,2,8,94.97,3,1.19,30.36,7.81,0.92,0.88,Web to App,21,2
fe46056b-084e-4047-ae92-bf29b813dd11,2026-05-29,CUST-365850,3,50,1,19.7,Service,-1,7,IVR,0,5,85.62,3,5.46,27.59,15.71,0.33,0.96,None,12.91,2
c2cde982-45fc-430f-ae98-e361799334f3,2025-09-24,CUST-668171,4,69,3,26.8,Service,0,23,IVR,2,10,69.35,2,0.11,38.79,9.04,0.24,0.95,None,9.64,4
e632db70-7de7-4dc9-9862-9eeadf2eabb1,2026-03-24,CUST-505933,3,78,1,22.8,Network,1,22,Web,1,8,75.4,3,5.26,18.29,4.81,0.12,0.75,Web to App,5.75,3
3216a805-1c29-4115-b073-21fc21245b76,2025-09-29,CUST-469616,5,-45,0,58.8,None,1,23,Web,2,9,64.88,3,7.23,39.99,8.61,0.86,0.62,None,12.01,4
06e3f445-5895-4968-8de4-d9feeebed515,2026-06-24,CUST-728881,2,34,1,27.2,Billing,-1,4,App,2,13,89.48,5,1.55,22.02,16.31,0.81,0.85,None,25.32,3
347e08f8-b828-4463-b2a9-438ef425f825,2025-10-10,CUST-918550,1,-25,1,55.7,Technical,1,7,IVR,1,5,61.02,4,3.77,16.3,14.12,0.33,0.92,None,22.11,3
28ee3162-5b65-4360-969e-88edca0ed315,2026-06-05,CUST-881728,3,82,4,58.9,Technical,0,21,Web,2,5,84.01,2,5.1,24.08,9.9,0.71,0.89,App to Web,13.99,3
dd73fc47-1999-43ce-87d8-ebe359859fac,2025-10-23,CUST-883259,2,92,0,2.7,None,0,28,IVR,1,3,69.43,3,6.47,14.58,17.25,0.32,0.92,None,25.71,3
0a7440b8-338e-4b07-9712-dd4aa00ec3be,2025-09-05,CUST-579865,4,-79,5,54.7,Other,-1,18,Web,0,12,67.34,2,4.68,32.43,6.28,0.94,0.69,None,13.84,2
a13ad8da-50e1-49a3-8f29-99b374516919,2026-05-08,CUST-523695,3,-26,2,17.3,Technical,0,20,IVR,2,13,75.84,4,8.5,27.49,5.88,0.4,0.79,None,27.58,3
3dd175e0-d70c-4ab7-aa54-e8df2e4646c4,2026-01-03,CUST-362815,2,-16,2,5,Other,-1,18,App,3,10,84.75,3,0.76,19.88,19.08,0.67,0.66,None,22.01,4
759cd4d7-206d-4e05-9737-e6ba721499f9,2025-08-04,CUST-458705,4,78,0,49.7,None,0,25,App,2,5,65.44,2,5.81,28.87,12.84,0.67,0.68,None,15.94,2
f997ffca-988b-44ae-90ad-1825eefab56e,2025-09-20,CUST-633857,1,66,4,51.4,Network,1,27,App,1,8,93.46,3,0.47,17.6,15.29,0.25,0.61,None,14.13,5
131d2178-2183-4f26-8731-b96ca0794141,2025-08-19,CUST-821915,3,4,3,13.5,Service,1,22,IVR,1,1,63.45,2,0.93,30.17,4.03,0.14,0.64,None,9.58,1
c5ba7df2-de63-4844-b240-2c5da49f32c6,2025-12-18,CUST-536140,3,47,2,28.6,Billing,-1,21,App,0,10,88.9,3,5.62,17.56,18.95,0.77,0.96,Web to App,26.15,3
6596eb18-5f84-4c7f-a96d-807941c17e04,2026-02-08,CUST-388134,2,-49,3,12.6,Billing,-1,15,Web,1,10,62.28,1,1.84,18.16,18.79,0.95,0.84,Web to App,5.27,5
04a23d20-c983-4d10-952d-c7fc6071595c,2026-01-12,CUST-404847,3,-38,4,63.8,Service,1,4,Web,2,1,71.26,1,3.87,18.42,19.74,0.34,0.8,None,15.51,5
c4eb2a39-3db6-4b14-a2b2-259ad0f77973,2025-09-28,CUST-961069,2,-34,4,62.9,Network,1,22,App,1,7,61.77,2,6.65,14.21,12.37,0.9,0.67,None,17.65,1
fdcec989-a144-41b7-86e0-1a4ad6cb7d84,2026-06-11,CUST-804762,3,73,3,37.9,Other,0,21,IVR,2,14,90.58,3,0.84,7.05,15.45,0.55,0.64,None,14.18,4
11bb49e8-c314-49ba-b9f5-8894b67c1170,2026-04-18,CUST-618432,3,53,2,18.5,Billing,-1,17,IVR,1,13,87.63,2,8.56,36.3,19.31,0.4,0.81,None,5.69,3
782c5baa-10fe-4493-ae9f-fed940d16dad,2026-03-23,CUST-740303,3,-17,2,50.5,Billing,0,4,App,1,7,68.51,3,1.17,20.04,17.78,0.44,0.87,None,13.7,3
3cacf897-0861-45b3-89f7-0d7fea21df6a,2026-07-07,CUST-956383,2,-57,1,15,Other,1,8,App,2,0,94.69,3,0.63,37.69,19.54,0.87,0.83,None,29.23,4
6d901d9c-ffcf-4153-abf8-9a4b7a432f6c,2025-11-18,CUST-832397,3,-26,0,21,None,0,13,Web,3,14,85.18,2,1.7,29.83,1.29,0.78,0.51,None,26,4
a11afb64-6e05-4eb6-9e9c-aae4735c3347,2026-03-18,CUST-728281,2,75,2,68.5,Service,1,11,IVR,1,13,76.83,2,1.39,27.4,15.85,0.6,0.76,None,15.54,4
3cb1bd64-d9c7-4fa3-b3e0-8bcffea83fb1,2026-01-13,CUST-969316,1,82,5,37.3,Service,-1,20,App,1,11,73.12,4,2.42,12.19,10.4,0.72,0.95,None,25.22,2
a42316da-023d-457e-8eed-e6f465b708fe,2026-07-07,CUST-163760,2,-24,0,52.9,None,-1,28,IVR,2,8,72.45,1,7.19,32.59,2.84,0.6,0.73,None,14.06,4
1751dfd0-3f52-4f6c-834d-80336bdd3490,2026-03-18,CUST-269676,3,-90,3,29.5,Other,1,22,IVR,3,7,68.95,2,8.28,21.36,5.13,0.89,0.73,None,16.44,3
ebfbb296-a7ab-483f-aa60-8022e31009d4,2025-08-07,CUST-552174,3,-61,4,58.1,Network,1,9,IVR,2,11,74.39,2,9.88,37,3.09,0.72,0.78,None,26.54,4
410330f9-e34e-4d6e-8a20-09c389ff7a65,2026-04-08,CUST-706037,5,-31,1,39.4,Service,1,28,App,3,5,67.91,2,9.73,23.73,8.87,0.52,0.9,None,10.68,4
c937290a-a53e-4746-9a75-eaa9db1f7f93,2026-03-04,CUST-288146,5,-51,0,27.5,None,1,4,IVR,0,12,72.62,1,1.84,28.98,14.61,0.24,0.78,None,13.29,1
861a4c6e-f4b1-416e-946b-8f01b1ba1116,2026-01-21,CUST-738818,2,50,1,59.5,Technical,-1,8,Web,0,12,92.68,3,9.22,7.07,11.18,0.73,0.71,None,23.12,2
53272d2e-e36c-4439-950b-2931c87181a9,2026-07-01,CUST-701445,4,-55,0,61.6,None,1,20,App,2,9,85.97,3,3.28,34.15,6.84,0.71,0.52,None,26.49,4
7ec580f3-2f46-4758-b9ed-4608a4974b56,2026-04-29,CUST-479971,4,-18,1,33.7,Billing,0,29,IVR,2,10,77.15,4,3.76,30.2,1.37,0.98,0.95,None,12.02,5
e54e7834-afc2-496f-8405-5233f553cde8,2026-06-26,CUST-416702,2,-71,2,27.8,Network,0,10,Web,0,1,70.13,4,9,16.49,18.54,0.25,0.7,None,11.18,3
451ba63a-05fd-41ab-911c-bdf926e90021,2026-01-13,CUST-246636,2,-64,1,41.8,Billing,1,15,IVR,3,2,80.88,5,6.67,35.39,18.78,0.18,0.57,None,29.26,2
51f63b94-084e-4f33-9238-53a573cbb895,2026-02-11,CUST-962033,2,-37,0,61.6,None,1,16,IVR,1,4,68.85,3,9.23,12.44,11.72,0.33,0.7,None,27.3,3
7d9442d2-4cb1-4387-ada6-b5f0bdd30cf9,2025-12-27,CUST-533254,4,80,1,13.7,Technical,0,3,Web,1,13,83.9,5,8.69,13.2,2.99,0.1,0.62,None,10.69,4
67593e99-5af9-4d61-8aab-ac48c81c9324,2026-05-14,CUST-132528,1,-31,1,14.2,Service,1,26,Web,2,12,64,3,4.33,6.42,7.4,0.56,0.58,None,21.04,4
05c5ec0c-7c6f-4a3e-9dbc-62e030cb7dae,2025-08-27,CUST-855515,2,6,4,33.4,Network,0,0,IVR,1,0,89.31,1,1.23,19.2,13.53,0.98,0.78,None,28.27,4
84a19ddb-0b07-4e35-bf53-e5c01b35eec2,2025-12-18,CUST-107062,4,-33,3,21,Other,0,28,App,2,4,71.52,5,1.42,9.38,19.06,0.5,0.71,None,16.33,4
d6a6afb2-5e22-4fcc-ba51-f23346dd6d30,2025-09-07,CUST-826746,2,-31,2,10.7,Service,0,1,IVR,1,9,85.49,1,2.32,19.91,15.62,0.31,0.58,None,22.96,3
bcd34e1a-574b-4dc1-a536-c25c7cdb503a,2025-08-05,CUST-130557,2,-67,4,35.9,Technical,-1,11,App,3,4,92.61,5,3.86,14.38,11.61,0.88,0.6,None,12.5,2
ffea68db-5c3b-4d28-b606-fd568ffe6128,2025-12-11,CUST-711713,5,-45,0,4.2,None,0,20,App,2,3,71.04,1,2.49,22.52,1.17,0.73,0.68,None,17.9,2
9dec652f-5463-47b7-8a49-5425cc18ecf3,2025-09-24,CUST-300373,2,52,1,37.6,Technical,1,22,App,2,3,86.33,2,0.47,21.76,8.84,0.57,0.63,App to Web,18.9,5
bb35a6ce-8f76-4185-861f-e87b4dc95508,2025-10-05,CUST-196279,2,56,3,70.9,Other,1,11,App,2,14,63.07,1,1.71,19.19,7.97,0.38,0.77,Web to App,21.77,3
fc4d517e-9222-45dd-a847-70530c6769ea,2026-04-25,CUST-183832,2,77,2,66.2,Other,-1,24,IVR,1,5,60.93,5,4.28,19.41,16.43,0.83,0.87,None,26.24,3
07f7a04d-406a-4e3c-bdc4-593f4f6a8e96,2025-09-28,CUST-881535,3,93,4,68.4,Service,1,24,Web,1,8,73.46,4,2.88,10.37,1.38,0.24,0.66,None,15.25,2
efbbf1a7-2369-4c25-af80-d5f7dcd6e7b9,2026-05-14,CUST-461879,2,-34,3,48.8,Service,1,3,IVR,2,1,83.75,2,5.99,12.37,4.64,0.53,0.83,None,18.93,3
a481bd74-229f-4599-b1fa-f35927ab36ed,2025-09-04,CUST-706446,4,72,4,2.1,Billing,-1,6,Web,2,3,89.66,3,5.45,24.37,1.09,0.97,0.91,None,8.3,4
da67d747-3a43-4a62-8447-0c9efa352fd9,2026-01-02,CUST-169450,5,34,3,41.3,Other,-1,18,App,0,12,80.09,2,8.45,34.92,16.19,0.19,0.83,None,7.45,1
609a166f-faab-40be-8fd8-ef8a789657f8,2025-09-04,CUST-595776,1,78,4,46,Network,1,22,Web,0,4,80.6,2,7.44,12.97,14.1,0.87,0.76,None,19.01,4
09ecf9c7-05c2-44a0-98ba-c05309d8579a,2026-02-02,CUST-317279,4,-2,5,7.8,Technical,-1,5,Web,0,3,78.71,3,5.03,38.21,17.91,0.96,0.76,None,28.95,3
345f85f7-7143-4c00-ac39-7bfa677c0eee,2026-02-17,CUST-344126,4,-10,3,48.7,Billing,1,3,IVR,2,1,66.25,5,1.09,33.91,12.9,0.24,0.88,None,20.99,4
50f8ebd3-02fc-4fae-9163-51d06c63428c,2025-11-08,CUST-943955,2,-23,1,22.3,Service,1,12,App,1,0,65.95,4,9.74,22.7,17.01,0.27,0.53,None,11.42,2
b06dde2d-ca0e-4191-9bf9-06532c7ecf7b,2026-03-14,CUST-953247,5,-28,2,47.5,Billing,-1,15,Web,2,2,73.26,4,7.18,23.07,3.37,0.53,1,None,14.14,5
27f58364-522b-4c1f-b0a6-142404d72b47,2025-08-09,CUST-272535,5,-7,2,56.1,Network,0,19,Web,0,9,70.99,5,6.85,5.07,2.08,0.17,0.59,None,27.26,4
1fca91a8-7def-421e-8df3-58d357824478,2026-01-28,CUST-977064,5,-2,4,7.3,Technical,0,2,Web,2,4,82.05,4,8.58,15.41,17.4,0.24,0.91,None,12.41,5
f63c3c26-3e3d-4214-8735-a36e9bd3ac9c,2026-04-08,CUST-645721,1,28,0,2.9,None,-1,12,Web,0,10,75.68,1,3.25,34.32,7.83,0.64,0.85,None,27.22,4
b2fcfd0b-ce81-4472-b518-3c21248be10e,2025-08-04,CUST-829577,4,37,4,15.9,Network,0,22,IVR,1,9,88.18,3,0.32,16.31,19.1,0.17,0.83,None,10.42,5
2be8a2e3-c0ba-4052-a584-f3d4376403eb,2025-08-14,CUST-783551,2,83,0,38.9,None,-1,4,Web,1,0,90.94,4,3.13,37.08,8.04,0.78,0.61,None,8.65,4
542d36e1-98d3-45e9-a836-80ce9eba4a3a,2026-02-04,CUST-976649,3,34,3,12.9,Billing,1,6,IVR,2,4,87.47,3,8.91,27.3,15,0.2,0.67,Web to App,27.74,3
8acc7a59-5a57-47f1-8e05-c12c5c3e9bdf,2026-06-01,CUST-107721,4,75,0,44.5,None,0,19,Web,2,10,65.79,5,4.16,27.54,19.9,0.19,0.75,None,7.41,1
928e24e4-7305-4f23-9853-dc3080044111,2026-03-11,CUST-767349,4,39,3,51,Technical,1,30,IVR,1,12,67.39,1,8.97,36.06,2.55,0.12,0.91,None,9.97,1
27c33695-0413-4b5f-a3cc-6a32558c1e71,2026-03-15,CUST-438523,2,-74,0,59.4,None,-1,22,Web,3,9,89.74,4,1.82,34.98,18.33,0.85,0.96,None,13.48,3
33b218b4-1e75-4879-a105-549baeb8d4a2,2025-11-19,CUST-197922,2,48,2,36.4,Network,1,10,Web,1,11,80.4,4,5.62,8.82,9.52,0.91,0.63,None,16.2,2
dbda5bd3-cd80-4a38-b8f2-b2593632f0cd,2025-11-20,CUST-674532,2,40,5,62.3,Other,-1,3,IVR,0,1,79.14,3,7.46,15.02,15.92,0.64,0.75,None,9.16,5
fee612b5-2881-4b2b-b7cf-dcc0c5962113,2026-02-25,CUST-298802,2,-94,4,28.7,Service,-1,26,App,3,10,90.24,4,5.37,14.53,2.32,0.95,0.53,None,8.9,4
4017d5db-de15-4910-a3f4-5cae80015ad9,2026-03-04,CUST-832752,2,66,4,21.6,Technical,1,10,IVR,2,6,66.43,3,8.33,12.3,13.11,0.84,0.77,Web to App,28.62,2
29b5857c-f3b4-4b4b-b580-ac97ecc60daa,2026-01-01,CUST-776795,4,57,2,14.7,Network,1,28,App,0,6,80.41,3,4.89,5.59,19.84,0.26,0.61,None,17.94,1
5970376d-7515-4351-8717-d14a2c5c735c,2026-03-20,CUST-780473,4,67,2,23.5,Billing,1,11,IVR,2,2,62.9,5,3.03,37.81,2.39,0.28,0.72,None,25.96,1
ddb3d5a3-b868-47c6-9c2e-6975995a8599,2025-11-29,CUST-376474,3,-10,2,48.8,Network,1,21,Web,2,12,89.15,4,2.2,9.06,4.73,0.11,0.95,None,29.32,3
ed90231d-e1fe-4fa1-9d34-d1369efc3cd9,2026-03-17,CUST-746977,2,-60,3,61.2,Billing,1,16,IVR,2,3,86.76,5,6.34,11.73,1.18,0.69,0.89,None,7.29,5
88e077e3-211f-4fce-b576-9ee49798f507,2026-04-20,CUST-720142,1,-39,4,11,Other,0,22,IVR,2,6,63.15,3,3.75,22.94,7.71,0.7,0.64,None,17.47,4
b7adfc49-b2fb-4d0e-94d9-183219360fc2,2025-11-17,CUST-954095,4,-63,3,62.3,Network,1,26,IVR,3,7,82.79,3,2.78,7.72,3.05,0.53,0.86,None,9.28,5
7800ec18-8038-4d98-9796-41fb0b70435d,2025-10-02,CUST-392549,4,-6,2,52.2,Network,0,16,IVR,3,7,80.72,2,9.78,16.56,14.27,0.93,0.87,None,17.63,1
000e1928-7801-4d30-88a9-bb72b341378c,2025-11-11,CUST-648156,1,32,1,4.3,Technical,0,27,IVR,2,4,75.18,1,6.78,24.03,14.32,0.74,0.6,None,11.14,2
8bfb4e8a-cc70-47e1-90ae-4ddd0361ba62,2025-10-07,CUST-328784,3,-34,3,18.8,Technical,-1,1,IVR,2,5,68.21,2,6.98,25.72,7.3,0.17,0.78,None,17.59,4
c2d208cd-8664-470d-a10e-eecb03c46dcd,2026-06-20,CUST-479998,4,-63,1,16.7,Billing,0,18,Web,3,12,90.93,4,2.97,14.85,14.15,0.28,0.92,None,20.38,1
3947b1d3-8021-4597-b57d-74dde67aaa47,2025-11-11,CUST-638352,2,-30,3,32,Network,-1,29,Web,2,7,73.15,5,5.51,28.64,18.3,0.27,0.84,None,11.55,1
4b19c926-78a4-49f4-b588-f17f18001b9e,2026-02-23,CUST-459064,3,-68,2,31.1,Billing,0,14,App,1,2,77.83,3,2.52,22.25,2.76,0.77,0.68,None,10.71,1
067f45d8-467d-46ca-bde4-89835b8c4fd6,2026-05-24,CUST-506539,2,-39,1,29,Network,-1,4,Web,1,8,69.13,3,8.6,27.46,18.52,1,0.83,None,28.12,4
600dd4b3-e380-4c8d-a3ce-360956a41bf1,2026-02-12,CUST-667792,2,32,0,40.1,None,-1,12,IVR,0,6,62.37,3,4.96,34.15,9.64,0.44,0.82,None,8.17,4
0bbdc155-8079-4a72-9a8e-dc8af96a1b31,2025-11-11,CUST-829711,5,-45,1,71.2,Technical,1,30,App,2,9,79.57,2,9.29,31.99,17.98,0.3,0.86,None,17.31,3
c6081a9c-ef4a-498b-8bd7-0fb06a11b188,2026-07-06,CUST-717479,5,4,4,22.5,Network,-1,18,Web,0,6,91.49,2,0.51,15.32,9.48,0.12,0.59,None,15,3
f04315a2-f13c-4871-baa4-be7b4d050d03,2026-05-28,CUST-743729,1,-82,1,54.3,Network,0,22,Web,2,12,75.57,1,8.34,9.76,5.61,0.75,0.86,None,10.33,4
b92e47be-75ca-4860-a160-07c8928e3de8,2026-05-25,CUST-791756,4,44,3,36.4,Billing,0,5,IVR,1,7,91.47,5,1.52,32.68,7.89,0.88,0.64,App to Web,17.58,5
f72caa8f-4975-4c83-ac94-8080e9986ae3,2026-06-20,CUST-650316,2,9,1,34.2,Technical,0,9,Web,2,3,67.89,3,0.44,10.98,5.01,0.9,0.58,None,20.02,4
d8daa70e-3b42-4939-a40b-570050a6f6bc,2026-01-30,CUST-536281,3,86,1,59.3,Other,0,21,Web,0,7,68.92,3,4.05,18.08,5.22,0.13,0.85,None,19.55,1
45b1a0f5-0b15-4d3c-a7ed-7fbaccaa2c3c,2025-08-07,CUST-188134,3,-34,1,50.3,Service,1,1,IVR,2,6,66.99,1,7.41,32.19,14.22,0.32,0.61,None,28.29,4
b9b387b6-3421-45ef-91c4-56c6a037bbb5,2026-02-16,CUST-199246,2,-71,1,33.4,Network,1,21,IVR,1,13,61.87,4,2.89,20.47,17.04,0.83,0.61,None,22.66,2
d1d841df-dd44-4661-93e8-fd8765f8273a,2025-12-17,CUST-666109,1,4,3,46.1,Technical,1,27,IVR,0,9,67.54,3,2.91,20.03,3.95,0.42,0.8,None,29.28,1
7047018f-291c-4607-89ff-53a49cde9d59,2026-02-17,CUST-231166,5,31,0,3,None,0,21,Web,1,12,69.26,4,7.96,27.95,5.6,0.9,0.93,None,25.98,1
d8f0cc08-a69e-4728-b8dc-88087df67c3d,2025-11-14,CUST-355246,3,-65,3,29.7,Other,-1,17,App,2,14,85.43,2,9.94,10.67,17.63,0.91,0.64,None,27.43,4
207dab26-101c-4118-9102-8d9c3175336d,2026-05-06,CUST-421304,1,-27,4,51,Billing,-1,29,Web,0,3,89.86,3,3.28,37.69,8.29,0.83,0.94,App to Web,14.16,3
5a349dbd-9836-4b7d-a4e7-b4fa187a906e,2025-11-20,CUST-923376,3,-26,5,68.3,Technical,1,18,App,3,2,76.45,5,5.27,36.82,19.8,0.41,0.6,None,25.33,2
1260f10b-1750-4c62-a18a-5ff414483b12,2026-03-12,CUST-105711,3,-49,5,45.9,Other,1,21,IVR,1,10,87.89,4,5.07,19.9,19.25,0.4,0.53,None,13.3,3
b801d4f6-e44c-4602-8442-5adf9553e8c6,2025-12-26,CUST-295484,1,82,2,13.8,Network,-1,13,App,2,13,61.68,2,0.36,19.12,17.39,0.13,0.84,None,24.43,3
3777fcac-f084-4c17-99a7-cc32d04939e2,2026-02-19,CUST-901854,3,-40,2,52.4,Technical,1,21,IVR,1,5,74.55,3,0.84,13.88,17.38,0.38,0.65,None,6.57,4
38c193b7-4f9d-4b26-bcd3-621e22c3ce9b,2026-05-22,CUST-677352,4,-69,4,11.2,Service,0,20,App,2,11,84.23,2,4.56,29.4,7.88,0.91,0.55,None,6.21,4
cd31f469-0c80-4491-8086-70abb65327c7,2026-01-23,CUST-861689,2,53,4,6.2,Technical,0,23,IVR,3,1,84.14,3,4.95,27.76,18.42,0.76,0.55,None,20.51,4
029cb7cf-eac9-44df-bb5f-5382de3579fc,2026-01-21,CUST-435819,1,-90,3,15.3,Network,1,4,App,3,11,88.16,4,4.48,25.01,13.36,0.56,0.94,None,20.85,2
66946b57-efe3-468d-b1a2-c3282c49bdca,2026-07-02,CUST-198036,3,-84,4,45.4,Network,0,22,App,2,3,80.87,3,6.08,15.33,19.96,0.52,0.93,None,21.36,5
389641cd-b181-4b89-9132-69e7da8794b6,2025-10-09,CUST-133698,1,-30,1,68.1,Service,0,9,Web,0,13,90,4,5.76,16.43,14.09,0.77,0.9,None,8.64,4
9617197c-da79-4c53-81ce-5d17d4c77314,2025-12-16,CUST-985986,2,91,1,41.3,Technical,1,12,IVR,0,13,91.15,3,2.34,23.08,10.15,0.92,0.76,None,22.33,4
7c601c71-731a-420d-ab9f-c43041add7df,2025-10-09,CUST-163629,4,14,5,46.2,Billing,1,20,IVR,1,3,89.5,5,8.99,30.51,4.31,0.11,0.75,None,17.53,2
c3b61d1f-be39-4d23-a2f6-a11e54a2bb9d,2026-01-17,CUST-266049,1,-18,4,48.7,Billing,-1,8,IVR,2,2,73.4,5,4.02,29.37,4.01,0.27,0.57,None,28.1,5
12b04ebb-598a-414f-9a15-da1723a2759f,2025-08-06,CUST-746903,4,18,2,29.3,Technical,-1,14,App,2,13,83.04,5,1.75,12.46,16.17,0.74,0.52,None,21.44,4
d7340f65-9520-461b-bb25-9b5869681d19,2026-03-20,CUST-201384,3,87,0,65.4,None,-1,24,IVR,2,3,93.22,4,0.43,32.08,13.76,0.48,0.82,None,10.68,3
dc828d71-10b1-45d8-9005-e56eb2fb6e7d,2026-01-05,CUST-305263,1,-97,4,36,Billing,-1,5,Web,1,7,94.67,5,6.35,35.13,10.95,0.5,1,None,9.64,3
88d77b59-b541-4b2d-898a-9328177be048,2026-03-18,CUST-599986,1,-1,1,2.2,Other,0,20,IVR,1,13,92.19,4,2.94,13.18,13.48,0.53,0.87,None,8.32,1
48f56ed9-7061-41b0-9506-aed4b7cb8e8e,2026-04-27,CUST-166282,3,-98,5,36,Service,-1,10,IVR,2,10,61.06,5,7.98,25.55,12.71,0.64,0.84,None,19.4,2
70cd7f4d-8fc8-4131-820e-628f804e51a3,2025-11-01,CUST-548710,3,-79,4,65.8,Technical,1,2,App,1,5,60.22,2,3.61,12.92,8.93,0.76,0.58,None,6.34,3
014db40e-7dd5-4c0a-8110-e071e34f9cd4,2026-06-26,CUST-646725,3,2,4,26.5,Billing,1,21,App,0,6,65.16,5,4.95,16.05,14.96,0.5,0.78,None,15.57,1
6b69abe6-d24a-4924-a588-abe0ee996f15,2025-09-24,CUST-927754,2,97,2,10.8,Technical,-1,7,App,2,14,94.1,5,9.12,36.69,14.37,0.43,0.64,App to Web,27.37,5
a3529d8e-a5ef-4c81-b31c-1f39b5eafdc1,2025-10-19,CUST-371900,2,7,4,36.4,Billing,-1,10,App,3,8,86.09,2,6.56,38.68,18.14,0.92,0.7,None,6.05,2
1e138f1c-e212-45e5-beaa-5ec22b1ab305,2026-05-28,CUST-393180,4,-5,4,71.3,Billing,1,18,App,1,1,65.5,2,4.49,17.29,12.49,0.79,0.94,App to Web,19.78,2
d1b9ebb1-6726-4944-b554-ab046d4e8ee5,2026-07-15,CUST-606109,5,-17,1,25.1,Other,0,20,IVR,2,5,66.95,3,9.85,12.79,11.17,0.32,0.71,None,17.38,2
548bcba8-2f8a-4c2f-846b-ed3a3dd108d2,2025-10-23,CUST-748210,4,37,2,31.1,Technical,-1,0,Web,2,1,84.03,4,4.77,12.25,14.5,0.24,0.84,None,16.38,3
266b6ce2-605f-4149-935c-fe2e5db36be7,2026-02-19,CUST-760697,4,40,4,49.8,Technical,-1,19,Web,1,3,87.05,5,4.33,33.58,12.6,0.32,0.89,None,18.51,2
f5af8576-a186-48d5-bc2a-4128ce0305cc,2025-10-25,CUST-976187,5,-3,4,63,Billing,-1,27,App,1,6,77.37,2,4.87,7.45,16.5,0.29,0.97,None,8.6,3
e91ee0f1-ab01-4e54-8f3e-e3f35b409275,2026-03-10,CUST-982934,2,20,1,17.9,Technical,0,17,IVR,3,9,71.5,3,6.57,35,12.52,0.73,0.9,None,10.5,4
d418b535-8fb8-424e-aec7-30ecdca08dbb,2025-08-11,CUST-172208,1,53,1,21.7,Other,-1,11,App,1,5,78.28,1,3.42,14.33,9.54,0.81,0.91,None,26.7,1
eefdc466-9624-4cb4-82ba-ce1d7bb574d8,2026-06-06,CUST-322978,4,26,4,43.1,Other,0,18,IVR,1,3,60.43,3,9.41,29.87,11.15,0.77,0.73,Web to App,11.62,4
42555c60-d149-43cf-9301-44d7eab8729d,2026-03-02,CUST-372542,2,-58,5,24.2,Service,0,9,Web,1,10,91.41,4,5.12,17.88,12.62,0.36,0.79,None,10.23,4
9b517551-768d-49ca-9dfd-f25ea941c807,2026-06-13,CUST-735279,2,8,1,20.2,Service,1,11,App,2,7,87.52,2,6.58,20.88,7.18,0.86,0.71,None,18.92,3
09db980b-1968-45ec-970c-cfc0d8bcbc94,2026-03-18,CUST-208357,2,-31,4,64.1,Other,1,26,Web,2,6,88.26,2,9.99,15.87,18.93,0.8,0.81,None,23.77,3
24a91e7e-60be-44f1-ae9b-f913519d68be,2025-12-29,CUST-711529,1,-73,3,35,Service,-1,11,Web,3,9,62.91,5,1.08,38.36,8.21,0.91,0.96,None,9.42,5
b2e9e85e-7d23-4ec5-a22f-74343fa46e1e,2026-05-02,CUST-836467,2,-70,2,42.5,Network,1,14,Web,2,12,71.01,2,8.63,30.36,17.38,0.72,0.75,None,18.74,5
baf50dd7-0ca6-42dd-bd03-4340836d8376,2025-08-06,CUST-661932,1,-57,3,62.6,Other,1,23,App,3,6,87.24,1,4.87,19.3,11.78,0.84,0.57,None,6.64,3
d59afc97-0595-4251-9d1f-2627977f4d45,2025-11-11,CUST-882790,2,22,4,50.8,Network,-1,22,App,2,3,89.72,3,0.34,38.24,19,0.33,0.65,None,6.2,4
cd79c782-c791-4110-a2df-0affddeba986,2025-12-06,CUST-163045,3,57,3,43.6,Service,0,23,Web,1,10,94.85,1,2.98,11.65,12.05,0.86,0.63,None,20.03,3
73ecad65-a21f-4bff-9ea1-ba3841b566e2,2025-08-12,CUST-223474,5,87,3,21.1,Technical,0,7,App,0,2,69.1,4,2.96,36.48,18.24,0.72,0.86,None,23.71,4
df8cab47-be7c-4fc3-a742-247583f32883,2026-03-28,CUST-424414,5,96,4,37.6,Other,0,3,IVR,2,11,75.97,4,7.16,34.75,18,0.51,0.85,None,22.15,3
43735ade-18c5-4d45-8662-33e71d8f4288,2025-11-04,CUST-270342,1,42,4,49.8,Network,-1,30,Web,2,2,79.4,2,2.25,21.07,9.96,0.19,0.85,None,27.18,2
ba22a106-cdb8-4c3c-968f-05fdb5807c15,2026-06-18,CUST-862227,4,-95,4,14.7,Billing,0,11,IVR,2,5,86.47,3,7.82,37.34,9.11,0.72,0.67,None,21.41,4
997e9cc4-4cde-4d2b-8878-b91c08f3523a,2025-12-30,CUST-242997,4,-92,2,42.4,Technical,1,6,Web,0,2,86,4,4.36,19.19,10.68,0.76,0.59,None,12.31,5
20c69258-e0de-4120-b5a1-7f7385863f49,2025-09-02,CUST-806732,1,38,3,59.2,Other,0,22,App,1,10,87.42,2,1.48,29.03,7,0.49,0.71,None,14.9,2
fd83eae7-4778-4202-a020-9986f8c176d9,2026-07-06,CUST-345844,4,-93,2,67.2,Network,1,24,App,3,11,83.63,5,9.79,14.25,9.1,0.67,0.52,None,6.08,3
e4504b8e-d1e0-4d7e-8567-4cd5c0ec2d52,2025-08-01,CUST-682115,3,34,2,25.2,Service,0,15,App,2,2,63.64,2,0.45,14,6.65,0.69,0.77,None,12.34,4
514c5be1-1ad3-497c-944a-6055e5c7a7ca,2026-07-21,CUST-933693,5,16,2,8.1,Technical,1,28,Web,2,5,79.49,1,7.9,16.08,13.22,0.46,0.6,None,11.97,5
aabd20f9-dff2-4e73-86cc-20dbc38ed9df,2026-06-17,CUST-768902,5,91,1,17.4,Technical,1,2,Web,1,4,63.42,1,5.59,14.16,3.58,0.54,0.76,None,8.04,3
e3627dba-2e82-4f19-8901-569862ac928a,2025-11-10,CUST-118634,4,55,3,71.7,Service,0,25,IVR,0,1,77.53,3,3.09,21.32,13.49,0.67,0.87,App to Web,9.03,4
1b6e3734-c945-4f67-9a34-5883fd24bb11,2026-06-05,CUST-146145,3,10,5,36.5,Other,1,20,IVR,1,5,87.94,3,5.15,14.75,6.76,0.75,0.87,None,29.02,3
a2aaa1b5-968a-4d61-bdcf-52e8e81688d4,2026-01-07,CUST-689548,2,-13,2,15.3,Network,-1,11,Web,1,2,89.07,5,9.57,12.76,4.24,0.22,0.56,None,21.07,3
8dc0df09-3491-4f08-9f67-895756b9b91a,2025-11-18,CUST-424282,5,-51,3,7.1,Service,0,16,IVR,0,10,70.48,5,1.43,33.63,16.59,0.46,0.88,None,25.74,1
f8e9451a-5d3c-49a9-bcd1-2be06f4bab1d,2026-03-23,CUST-122017,2,-59,4,63.3,Billing,0,16,IVR,2,1,83.24,2,3.29,25.48,4.08,0.82,0.76,None,15.36,2
d967a843-c5ab-42b6-9ac9-aaa65bb0cd74,2026-03-11,CUST-936401,2,-26,4,68.7,Other,1,23,App,2,0,78,5,7.11,14.12,17.13,0.54,0.98,None,7.37,2
d1e8e107-404b-4e91-a65d-f491d1cf901e,2026-02-01,CUST-341646,3,-12,1,46.6,Service,0,14,IVR,2,12,90.55,4,2.62,19.65,19.69,0.75,0.58,None,22.28,4
bc102af0-e609-47fd-a332-49c6dfa9215e,2026-05-11,CUST-282745,5,39,3,28.5,Technical,1,20,App,0,8,71.34,4,0.75,24.54,3.34,0.25,0.65,None,11.63,1
e43c06e8-e400-4573-887d-6a23b66f6389,2026-05-09,CUST-624766,4,43,1,53.7,Network,-1,11,IVR,2,8,73.85,4,1.2,30.49,12.36,0.78,0.99,None,22.96,2
eadaedc8-73eb-47ff-95f1-f8aa0c3b8be0,2025-09-03,CUST-117874,2,-54,3,3.6,Technical,1,14,IVR,0,3,84.28,5,2.53,16.39,12.22,0.7,0.76,None,20.37,3
9e4d5c86-5d3e-4414-a8c5-b03852d1fdbd,2026-01-27,CUST-482937,5,-10,2,25.3,Technical,1,19,Web,3,10,65.59,5,0.4,6.04,9.93,0.66,0.72,None,24.4,5
af1b82ae-59ed-44cf-9e4f-70958b4c9455,2025-08-07,CUST-770222,4,66,0,36.3,None,0,15,IVR,1,12,75.63,5,8.42,6.81,1.02,0.35,0.64,None,24.09,2
a88b7178-077a-4fbf-9740-e960e86e27ab,2025-12-29,CUST-392129,5,50,1,63.2,Network,0,21,App,1,1,85.56,4,2.13,17.18,4.09,0.17,0.63,None,5.1,4
15a566ef-b798-4d18-b430-955910727eee,2025-09-20,CUST-514148,3,23,3,63.9,Service,-1,21,App,2,9,84.42,1,3.32,30.12,10.19,0.69,0.81,None,9.19,1
88a0bcbb-259b-40ea-9987-54ea74b4f6f4,2026-03-10,CUST-217323,5,61,4,55.8,Network,0,9,Web,0,9,80.46,5,9.65,16.47,10.78,0.62,0.86,None,7.45,3
c4559546-3565-42f6-a3fe-c14f3629e96b,2025-11-08,CUST-435945,3,89,5,9.4,Service,-1,24,App,2,9,89.12,3,9.8,8.21,15.61,0.56,0.75,None,12.38,1
c0ea3238-013f-4158-a95b-4468ae74e96d,2025-09-30,CUST-677369,2,74,3,35.2,Technical,-1,8,Web,3,1,73.08,3,5.37,26.94,7.07,0.96,0.53,App to Web,10.97,2
aa76cc45-c689-41f6-be7d-279eef6db4a1,2026-03-16,CUST-261318,4,-67,1,55.9,Technical,-1,14,IVR,1,5,86.01,2,8.87,5.75,6.12,0.52,0.98,None,8.44,4
6ae3f6db-0a80-41e6-bc30-e95e94ccf29f,2025-08-09,CUST-878251,4,-72,2,65.9,Service,-1,27,App,3,7,63.69,4,9.48,34.82,16.04,0.76,0.69,None,26.25,2
810c0b46-a82f-49d9-b877-6c2d58388d48,2026-06-21,CUST-330717,3,54,1,45.2,Technical,1,13,App,2,1,67.46,1,7.31,16.86,18.13,0.15,0.52,None,5.28,1
76268276-e5b5-4a3f-b4ab-9657bc0211d7,2026-01-28,CUST-272422,2,10,1,6.5,Other,-1,29,Web,2,7,94.57,4,7.25,11.57,12.28,0.97,0.93,None,27.67,3
64f18d10-8a54-4fb5-963d-e4c182d18b18,2025-11-14,CUST-734762,4,-77,3,15.5,Technical,0,19,IVR,2,8,69.09,2,2.4,6.52,19.93,0.35,0.85,None,22.87,2
8cbd0feb-f085-4028-a929-bd80412dba3d,2026-02-26,CUST-302328,5,-50,3,67.4,Service,-1,2,App,3,8,88.51,2,2.67,10.72,1.85,0.73,0.72,None,14.91,3
ef5769c9-cd0d-4257-9544-b3274464cede,2026-05-25,CUST-809523,4,-73,3,11.6,Other,-1,8,Web,2,5,86.17,2,8.2,12.93,3.83,0.2,0.73,None,7.02,4
d937e1f8-a5f4-4e31-98e3-3f5f081d8ff2,2026-05-21,CUST-655154,4,-79,4,32.6,Other,-1,19,IVR,1,13,74.86,4,0.99,26.93,12.03,0.29,0.8,None,29.19,4
0ca9cf8b-ef4f-4e4d-bf6d-64724550870b,2026-01-23,CUST-442738,1,-60,3,34.7,Network,1,15,Web,2,1,63.13,3,1.66,13.38,4.38,0.31,0.96,None,21.79,2
05bc3430-69e5-4a49-973e-5beab4a6bec7,2025-07-29,CUST-412523,3,-40,4,49.6,Service,0,6,IVR,1,14,61.59,2,2.77,26.91,16.79,0.56,0.8,None,24.83,1
87a1dcac-471c-4903-b97c-49fc6244a7c4,2025-11-10,CUST-562707,5,-57,4,24.2,Service,1,4,App,2,12,64.82,3,6.2,9.88,10.3,0.3,0.9,None,27.2,5
96209036-b1a4-4771-a5c4-faef6f6833f0,2026-07-12,CUST-865784,2,51,3,55.7,Network,-1,11,App,0,8,75.31,2,4.8,16.12,18.64,0.78,1,None,26.56,4
0d1460d4-9e60-4b63-820a-322bbe39e65a,2025-12-15,CUST-145998,1,-76,4,61.3,Network,-1,3,App,2,10,66.46,2,5.85,29.23,11.68,0.64,0.61,None,12.81,2
2640346e-5243-4d1b-b222-54c937d98c19,2026-02-07,CUST-246439,1,-50,1,14.6,Service,1,24,Web,2,4,60.07,4,7.76,34.19,11.57,0.77,0.53,None,26.92,3
727a7621-2f71-4111-80f2-90a02fad57e9,2025-10-10,CUST-144089,1,-31,5,47.2,Technical,0,4,Web,2,5,77.39,5,3.71,5.06,4.82,0.54,0.53,None,15.48,3
2ab09ce6-2645-4937-92ec-13f2af6b991c,2026-01-06,CUST-761565,4,-71,3,58.1,Network,1,3,Web,2,8,76.48,3,0.63,35.85,14.15,0.19,0.97,None,10.7,4
3ae28b1f-82e2-451f-8f82-d5749ec190f7,2026-02-14,CUST-960192,5,-15,3,8.7,Other,0,7,Web,2,9,85.3,3,7.82,8.12,1.04,0.89,0.61,None,5.7,1
d7bb996a-0ee2-4b22-a788-e21955dfdffd,2026-06-07,CUST-339827,5,30,5,30.7,Technical,-1,3,Web,1,0,64.28,5,6.55,21.27,15.09,0.43,0.85,None,13.22,4
c04f2a3d-0810-460f-83ef-9abbf068dea4,2025-08-14,CUST-340077,4,-91,1,58.3,Service,1,29,Web,1,4,66.36,3,7.63,14.96,15.49,0.51,0.99,None,9.58,3
871000e9-c9e8-4be0-938a-bb440f69d5fd,2026-03-25,CUST-511504,4,77,0,2.2,None,-1,4,Web,2,6,94.55,4,1.01,13.49,10.53,0.67,0.5,None,28.68,1
8d565cd0-bf39-4e18-ba1b-808a946eab40,2025-10-05,CUST-804826,5,36,0,60.4,None,-1,24,IVR,2,11,85.58,3,1.58,24.19,9.44,0.98,0.73,None,19.82,5
3f338197-d260-4ada-800a-3b8f54b07db3,2026-01-14,CUST-918566,5,55,1,63.3,Network,1,2,App,2,3,93.77,4,8.13,14.76,8.24,0.59,0.96,None,15.15,4
4c126053-f0dd-48fd-b5ea-93b2630e120f,2026-03-06,CUST-271758,2,-72,4,49.4,Network,-1,15,Web,3,4,93.77,5,7.83,10.34,3.03,0.81,0.99,None,16.91,3
b87c9eec-7bc6-4786-a9b4-9c4743c1afec,2026-02-11,CUST-290134,2,-5,1,20.4,Network,1,6,App,1,5,63.51,5,6.37,37.42,8.67,0.34,0.81,None,16.36,5
c0f9cfbf-e2a1-4585-b6f8-5db0c3935a90,2025-11-13,CUST-765364,1,31,1,59.9,Network,1,17,IVR,2,11,69.32,2,7.72,26.25,9.71,0.95,0.66,None,26.01,4
c246c3e5-8392-4f59-9833-11c1412a0913,2026-01-25,CUST-735941,4,27,4,58.4,Other,1,12,IVR,3,7,72.8,2,3.42,9.44,16.97,0.86,0.56,None,27.46,2
425739f0-4677-4596-800d-b24a0d46df79,2026-01-31,CUST-276394,4,-48,1,57.1,Network,0,5,Web,1,2,67.9,2,3.24,6.59,3.91,0.81,0.77,None,7.71,1
2b63310d-c7d0-4f6c-a95f-67a045bb057f,2026-06-11,CUST-281434,4,-15,3,53.1,Network,1,25,App,2,6,73.79,4,4.98,5.51,1.66,1,0.69,None,29.15,3
be886be7-88c6-4aa1-8399-0f244f0bd2a8,2026-07-04,CUST-105960,5,82,2,12.8,Technical,-1,15,App,3,3,93.84,4,8.67,24.02,13.22,0.55,0.64,None,19.47,2
3ba9c30d-f62e-446b-a657-936b7f4d1a64,2025-11-15,CUST-492667,1,-38,5,43,Other,1,19,App,2,8,80.55,5,4.63,23.12,7.62,0.71,0.82,None,8.08,2
4972a344-8719-4ed2-a1cc-80fb5ddeb23f,2025-12-16,CUST-913771,1,-83,4,28,Billing,1,29,IVR,0,13,65.14,5,9.76,26.51,8.89,0.38,0.5,None,8.78,2
ddc50007-b2d1-403e-b661-bc8cace0cdc6,2025-12-19,CUST-831111,2,-13,1,44,Other,-1,13,IVR,1,10,71.29,4,9.99,29.43,3.91,0.84,0.57,None,23.12,5
9ab0fae5-e972-43e7-b5bc-010f0845d69e,2026-03-16,CUST-149154,2,50,0,26,None,1,17,Web,1,8,88.05,5,3.71,26.55,10.32,0.6,0.66,None,29.52,2
f9434e4c-d9ab-4025-bda8-0b51143060e6,2025-11-12,CUST-790628,3,57,4,56.5,Billing,0,17,IVR,1,8,93.9,3,8.98,15.54,4.03,0.86,0.6,None,20.85,2
2120e5fb-8748-44ee-b6bb-dfad0a09850f,2026-02-26,CUST-941234,4,20,0,50.5,None,1,27,App,0,12,62.37,5,8.46,13.98,8.68,0.14,0.69,None,13.4,4
551d679a-7ff4-42bd-b85e-ba34242b9b17,2025-12-07,CUST-134361,5,44,5,37.4,Billing,-1,10,Web,2,7,82.92,3,3.39,12.12,16.75,0.41,0.58,None,18.68,5
3f5bee5b-6562-4037-9a64-e8aa4b0b4100,2026-03-20,CUST-542535,2,-91,1,56.1,Billing,1,10,IVR,0,11,90.87,1,4.3,31.19,11.94,0.14,0.85,None,25.53,3
dff1a274-7e75-431e-b2da-9a9f72df2793,2026-02-19,CUST-503497,4,89,3,38.3,Other,1,20,Web,3,12,64.99,3,2.42,18.6,1.01,0.11,0.99,Web to App,8.27,5
dbe3aa6e-c171-4ce9-9c2a-90f8024c3b13,2025-12-26,CUST-541367,5,19,2,56.4,Service,1,21,Web,1,3,94.03,2,5.28,33.75,5.29,0.46,0.91,None,9.33,3
66734bbc-f422-4f3f-9835-247231e50d87,2025-12-25,CUST-491389,4,-65,1,55.9,Technical,-1,11,IVR,1,5,72.82,4,5.59,15.76,1.14,0.22,0.94,None,25.41,2
aff250ab-9fc7-4bd6-8fef-e1f164962649,2025-08-23,CUST-973930,3,81,5,43.6,Service,0,25,App,0,8,91.35,4,5.05,12.88,8.29,0.8,0.91,App to Web,6.45,1
4d87a9b7-251c-4b40-b973-8b48361fc612,2026-02-17,CUST-758942,1,-1,2,22.6,Network,1,17,Web,0,3,77.02,5,7.22,27.83,9.83,0.13,0.76,None,22.58,4
c8b68bc1-6698-45bd-8bbb-8a4b190d78e1,2026-06-27,CUST-797340,2,-4,1,23.8,Other,1,8,Web,2,9,69.62,3,1.03,16.47,8.8,0.61,0.7,None,28.09,4
52a3abe2-82e2-4dca-b4a0-59c678a6da07,2026-02-16,CUST-814536,4,53,1,30.7,Service,0,5,App,2,3,84.33,3,3.53,38.12,3.42,0.2,0.72,None,15.58,1
26b51213-782b-4d85-b5c3-9feac403518e,2025-11-24,CUST-308936,4,-81,2,18.8,Technical,-1,4,IVR,2,7,93.99,2,5.86,38.72,13.58,1,0.63,None,10.38,3
6255b212-6a48-420e-837c-86865849719f,2025-10-30,CUST-791078,2,-35,3,22.7,Network,0,28,IVR,0,2,84.54,3,4.41,6.96,2.65,0.97,0.8,App to Web,18.57,4
9f83e56e-8a34-4604-8ee7-6a53ccab9fa4,2026-01-17,CUST-781364,2,-63,3,67.9,Service,1,11,IVR,0,13,67.08,4,1.87,29.06,14.28,0.23,0.72,None,11.34,5
8c018ad8-68c3-483e-b198-d66d9caac094,2026-07-11,CUST-592420,2,-47,2,6.3,Network,0,25,IVR,2,6,66.15,1,7.53,23.89,15.53,0.18,0.55,None,21.8,2
6935a663-1841-4f9d-b0f5-e4957d99f9b7,2025-09-22,CUST-202033,2,48,4,45.5,Network,0,26,Web,1,14,86.69,2,7.65,31.07,8.6,0.5,0.87,None,24.35,3
222b6759-7f9d-4626-976a-cb24206f6f43,2026-03-21,CUST-540848,1,-44,5,43.2,Other,-1,27,IVR,1,3,69.89,4,6.52,12.96,19.87,0.88,0.6,None,13.81,5
1f454f8e-4ed1-4682-9bf5-704a8201f7ed,2026-05-16,CUST-104188,4,74,1,1,Other,-1,28,Web,1,14,71.73,4,8.12,13.29,1.64,0.86,0.95,None,21.34,3
42113e31-bb76-48f0-ad62-1234cf8cd1bc,2025-08-21,CUST-311580,2,-11,2,24.3,Technical,1,2,Web,2,3,79.24,3,5.04,20.8,15.57,0.46,0.64,None,27.55,2
65346106-7375-48fb-9b0a-f8518c40713c,2025-10-11,CUST-404112,3,-4,1,4.9,Billing,0,0,IVR,1,10,60.6,3,5.13,25.59,12.69,0.85,0.97,None,27.8,2
c315b57d-d76f-4e18-b3f3-63d0a8df2b2c,2026-03-19,CUST-341407,4,-97,1,64.9,Technical,0,0,IVR,0,10,93.21,3,5.91,36.37,11.84,0.87,0.84,None,21.59,2
5674accd-ccfc-4dac-a292-72af86df2a0a,2025-08-18,CUST-622451,5,-11,1,55.8,Other,1,6,IVR,1,11,71.58,4,6.77,23.67,3.15,0.46,0.84,App to Web,24.63,5
28b36920-c8b1-4d64-b39e-edddf1ac3cbd,2025-12-18,CUST-487892,1,-68,4,52.4,Other,-1,19,IVR,1,6,89.15,5,9.77,36.42,8.26,0.15,0.85,None,9.32,4
fb98c693-e6bf-441d-8f7a-17a51817993f,2025-10-09,CUST-775031,2,-8,5,57.4,Service,1,6,App,1,5,94.92,1,0.91,27.46,4.68,0.85,0.78,None,11.62,2
137cf041-1a6f-458c-9b9b-e61d1ad1bd98,2026-07-01,CUST-872613,4,95,0,2.4,None,1,10,App,2,12,85.53,2,0.82,5.84,14.87,0.87,0.62,None,10.85,2
b0f16a77-f76b-4af9-b3f3-31966abb0be9,2026-03-16,CUST-216093,3,-40,4,1.5,Other,1,8,App,3,6,70.18,2,9.29,30.12,16.86,0.75,0.76,None,10.7,4
d59e7f39-7128-4666-b120-fba0c4265ae8,2026-03-14,CUST-246585,2,78,2,36.2,Billing,0,3,Web,2,11,91.73,4,4.59,15.2,17.73,0.18,0.63,App to Web,7.72,3
422b9876-cfe9-4417-a64b-fe85b67c5ed8,2026-03-16,CUST-529478,5,50,5,37.1,Technical,1,25,App,1,13,90.07,3,6.32,20.56,18.52,0.34,0.92,None,28.11,2
a980ec6e-fd5c-46fd-9141-e507ee8d7955,2025-08-14,CUST-384249,4,13,3,38.5,Billing,-1,4,Web,1,7,85.82,2,7.16,26.63,17.96,0.68,0.67,None,11.27,5
97467b58-ad48-4367-ab52-b75b3597197e,2026-07-20,CUST-868941,2,62,3,51.7,Technical,1,28,App,1,12,86.83,5,6.7,32.99,4.55,0.25,0.91,None,22.38,2
84da4539-4da4-4571-bf68-1ecb65778d7c,2026-05-13,CUST-735016,3,18,4,49.4,Billing,0,28,App,0,2,77.88,4,9.77,19.19,7.06,0.4,0.6,None,9.44,1
34e441fe-9c58-4e19-aaef-963a759ab91f,2026-05-12,CUST-596494,2,-75,1,50.4,Network,-1,25,Web,1,6,75.06,3,7.03,20.72,3.23,0.15,0.92,None,26.82,3
c5615960-8c65-433d-ac1f-eb3cdf09f0cb,2026-03-21,CUST-722979,3,-82,0,11.2,None,0,28,Web,3,5,87.43,5,0.62,34.38,3.26,0.49,0.7,None,26.03,3
47f04b22-4de2-47aa-8cdb-624261def2e1,2025-11-16,CUST-983016,3,29,1,41.5,Billing,-1,21,App,1,3,73.51,3,9.33,19.14,13.74,0.64,0.5,App to Web,24.07,1
ec8632ff-d87f-4d72-9abd-8aad6af47018,2026-06-26,CUST-290002,3,-36,3,14.8,Other,-1,23,Web,2,10,82.55,4,9.55,24.19,6.75,0.76,0.61,App to Web,17.31,2
a69d479a-659b-46f4-9807-2720e8902a0d,2025-10-24,CUST-259964,5,-58,5,62.7,Other,0,14,App,1,9,92.16,2,9.9,30.45,11.03,0.34,0.82,None,21.53,3
882a974c-f15b-4c6e-86e9-23a7cce60426,2026-05-16,CUST-266783,4,-28,2,67,Other,0,21,App,0,8,81.32,1,6.73,7.15,1.29,0.15,0.85,None,5.57,2
c9d71465-5357-4a3d-91e2-e41fca3462b7,2025-07-31,CUST-978203,3,25,4,4,Service,-1,17,App,2,7,65.01,4,3.14,7.74,6.57,0.88,0.5,None,17.03,2
62f5acae-0b20-4371-85b7-836f232bf077,2025-10-15,CUST-561727,5,-76,4,9.9,Billing,1,12,IVR,0,6,71.65,2,9.25,36.53,6.04,0.12,0.71,None,5.99,4
d4dfd16c-34f9-40db-a485-c95963a5814a,2025-09-03,CUST-419164,5,4,0,49,None,-1,29,App,1,4,92.96,2,5.94,27.55,5.16,0.1,0.73,None,13.29,2
2de45616-147a-4731-86fc-40099fa078a2,2026-03-05,CUST-811342,3,-62,4,15.2,Technical,0,21,Web,1,4,72.17,3,0.38,32.05,16.42,0.81,0.96,None,24.6,4
e089aff2-f3a7-4b01-bdda-5e3c95b530d9,2025-09-10,CUST-418183,3,36,4,49.5,Technical,0,11,IVR,1,9,67.74,1,5.19,10.06,7.72,0.8,0.8,None,27.39,2
0e17d4ee-b2e8-402e-a243-2d5d149ca2d3,2026-07-11,CUST-439306,3,-95,5,60.5,Billing,1,22,App,3,12,62.59,4,4.27,31.74,5.74,1,0.58,App to Web,13.26,1
47e31e43-67dc-44a7-a475-3d9366bca534,2026-06-04,CUST-379592,2,-41,1,8.7,Technical,-1,27,IVR,1,5,63.96,5,8.93,29.02,13.31,0.34,0.59,None,6.52,5
7a31bf15-bbf1-428d-9fae-8abc1e874ae0,2026-02-01,CUST-757820,3,-65,3,43.5,Network,-1,10,App,3,11,77.6,3,2.36,29.07,2.39,0.77,0.79,None,25.62,2
327f07c3-7eb7-48fa-b1dd-fd4a420d162f,2025-09-29,CUST-924249,4,29,0,18.1,None,-1,3,Web,1,12,71.32,2,2.82,33.78,11.84,0.13,0.68,None,7.96,4
44f54315-887c-423a-8463-75950021e1ce,2025-12-17,CUST-331498,3,73,0,61.7,None,-1,7,IVR,3,9,80.55,5,6.86,16.82,18.51,0.61,0.51,None,20.49,5
b25b8151-b552-48e9-9420-84f3be636180,2026-04-11,CUST-412042,1,-87,5,63.3,Other,-1,1,App,2,4,67.97,4,8.48,20.49,3.2,0.7,0.73,None,26.73,2
98c0dcf8-87fc-47a9-992c-1817364e6ca6,2025-08-19,CUST-325940,4,-4,3,25.7,Other,-1,9,Web,2,10,63.45,3,1,11.8,11.39,0.77,0.9,None,17.29,3
6dde75cd-ba4f-417b-84e3-0219b423bcfb,2025-08-29,CUST-922888,1,46,4,26.2,Billing,-1,18,App,2,1,62.01,4,0.84,9.44,17.32,0.12,0.93,None,26.23,2
58c3b541-8d40-49ff-84c7-b06049240f45,2025-10-11,CUST-418987,2,29,4,5.8,Billing,0,1,Web,3,12,65.83,3,7.7,6.43,3.05,0.48,0.91,None,27.74,5
f3a3c751-85a8-4abd-b4b9-0cdf7538b999,2026-05-08,CUST-876352,2,17,4,61.1,Technical,1,20,Web,2,12,72.82,3,1.29,36.84,4.59,0.29,0.68,None,5.11,4
651ff17f-f07b-4a54-8757-1cf0c8d4ace2,2025-10-02,CUST-438719,2,32,3,58.6,Other,1,12,Web,1,3,90.5,2,3.04,28.68,18.58,0.99,0.9,None,29.53,2
081afa0e-9cd3-430f-8080-fb56c6f2409b,2026-02-25,CUST-130640,2,-25,2,58.8,Billing,1,22,Web,1,4,70.24,3,5.79,10.25,2.08,0.84,0.61,None,12.94,1
b47c32ed-0c14-482d-88e8-d7aebd7b7c3f,2025-10-31,CUST-684976,1,48,2,21.1,Network,1,19,IVR,0,6,93.7,2,1.72,20.69,4.15,0.26,0.58,None,22.47,2
89f6d79f-fa12-4feb-9baf-db5b1ce10965,2026-07-24,CUST-243806,4,60,3,43.9,Technical,0,4,App,1,4,85.44,3,0.34,32.89,14.2,0.44,0.65,None,22.2,2
fcce5a1a-d151-4390-ab61-2dc86e479262,2025-10-02,CUST-739030,4,-11,4,57.2,Network,-1,29,App,2,10,82.92,2,7.13,25.57,3.27,0.28,0.95,App to Web,16.85,3
cb992c7b-ab0a-44d8-bb93-2ff46abbd080,2026-04-27,CUST-484686,4,43,3,10.5,Billing,1,6,Web,1,1,60.41,1,8.18,22.32,6.62,0.2,0.73,None,26.84,3
23afb711-6c1e-48b3-a1bc-a346c1a0058f,2026-02-06,CUST-719585,4,51,4,38.3,Billing,-1,21,Web,2,10,92.11,3,2.2,15.64,1.17,0.18,0.8,None,20.32,4
1855620e-26ac-4d54-8f32-122ad564090b,2025-12-29,CUST-414643,4,29,5,18.2,Technical,1,12,App,1,12,94.92,2,9.5,22.12,3.98,0.99,0.79,None,23.43,4
8455e896-17a3-4989-81ac-1275d6b0d4c4,2025-12-29,CUST-875203,4,45,5,68.6,Other,1,11,IVR,1,5,91.27,2,4.48,24.03,11.46,0.45,0.87,None,5.5,3
e2985518-26fb-4bc5-ad1b-a73335c05257,2026-05-08,CUST-548465,2,49,4,37.3,Billing,-1,12,App,1,7,76.69,2,3.44,39.65,4.58,0.76,0.76,None,17.69,4
511d6d4b-a901-4d37-9268-cbed5766ac6a,2026-01-16,CUST-463024,4,69,3,32.3,Network,1,21,Web,0,9,80.68,4,1.96,7.99,19.54,0.66,0.69,None,25.26,1
00d060c3-f73b-43c7-a33b-27e414bf2faa,2025-07-25,CUST-860681,3,-34,3,61.5,Network,1,7,App,1,6,81.49,4,0.44,6.26,8.14,0.55,0.52,None,23.67,5
7fad8c92-8dcb-4d7b-a32a-3952c95a4df7,2025-07-27,CUST-188018,3,91,4,14.3,Other,0,12,App,2,11,94.5,2,4.82,15.43,11.93,0.83,0.68,None,26.31,1
f4f30040-d76e-4699-810b-262446525072,2026-05-02,CUST-894503,2,-93,4,17.4,Technical,0,30,Web,2,13,77.97,2,5.39,17.47,6.1,0.67,0.6,None,25.58,4
b7581431-7e7a-4073-ab7a-61b3ce276d3b,2026-04-15,CUST-376052,2,-99,1,60.8,Billing,-1,15,Web,1,0,85.36,1,9.31,13.01,19.3,0.42,0.86,None,22.94,1
ea1fa666-3171-4977-814f-d9d9f4bbb6fa,2026-03-23,CUST-318021,3,-29,3,20.1,Network,1,10,IVR,1,2,92.41,5,3.8,36.22,5.95,0.84,0.9,None,19.88,2
91734b7f-eb2a-4045-a5e0-a0db260c8793,2025-12-28,CUST-877126,5,-26,0,60.8,None,0,23,Web,2,7,82.89,1,1.46,37.5,7.3,0.97,0.98,Web to App,25.6,2
644fadc2-6a09-4b17-8724-121844b72afa,2026-06-06,CUST-820766,3,67,2,40.8,Technical,1,7,IVR,1,6,71.49,4,2.49,35.71,16.77,0.75,0.77,None,20.49,3
0a3ffb5c-d3c8-4a6d-af22-25eaa2edb375,2025-11-04,CUST-760804,3,14,3,10.3,Network,0,25,Web,2,8,67.56,4,7.91,28.14,1.65,0.44,0.63,None,12.54,4
d5adc683-fbee-4ac2-9d3f-73ce052c9639,2026-03-11,CUST-427848,4,82,5,55.7,Other,1,24,Web,2,3,71.4,1,9.37,9.2,18.16,0.24,0.55,None,27.65,4
c3de88b0-0286-4c14-aa5f-9f7ee40bcdc1,2025-12-10,CUST-443633,4,-60,4,16,Billing,1,20,IVR,3,3,79.93,4,8.97,33.13,4.26,0.84,0.73,None,15.17,5
d99f77f9-8021-44ce-bff0-a6b9f4a544e2,2026-07-05,CUST-666928,3,31,2,59.9,Billing,0,15,Web,1,1,60.45,3,6.77,20.74,14,0.94,0.96,None,13.84,4
72130d27-6dfe-41dc-85b9-9110d6f6faef,2026-04-03,CUST-673962,2,-74,4,60.4,Technical,1,29,IVR,3,3,84.8,3,2.08,23.3,4.14,0.54,0.98,None,27.56,2
bbf22400-32fd-4ec9-9a6a-70c8f24bb330,2026-06-19,CUST-516560,3,-81,4,59.1,Billing,-1,16,App,1,7,72.03,5,0.61,21.02,5.85,0.31,0.99,None,18.69,3
da0c5e41-1d98-48a3-ba5c-2b428137604e,2025-10-10,CUST-768373,4,-51,4,14.2,Technical,-1,15,Web,1,10,76.98,3,2.21,23.69,11.81,0.17,0.58,None,14.03,1
09dba37a-01c7-4c64-a9b3-51a6ff36eb83,2025-11-13,CUST-501225,4,-12,1,47.4,Network,-1,4,IVR,0,6,63.61,5,7.9,18.06,14.94,0.68,0.96,None,8.35,5
2713ac5b-59cc-43af-8dd6-710bb40a411c,2025-11-06,CUST-794464,4,14,0,69.5,None,-1,9,IVR,2,2,81.06,2,8,28.68,7.48,0.84,0.61,None,23.24,2
82f1c630-a6d4-4ea5-9da9-d15897dfee1e,2026-02-13,CUST-163563,2,66,3,36.3,Service,-1,3,App,2,0,80.76,5,5.57,6.46,2.31,0.15,0.91,None,9.32,5
2ebaec16-ecc2-4089-8c10-772b299940d4,2026-04-12,CUST-786361,4,48,4,69.1,Service,-1,22,Web,1,1,68.71,2,7.02,35.76,1.18,0.34,0.77,None,21.69,3
c27c0e44-af41-4ead-8089-10558cc71eeb,2026-05-08,CUST-651128,4,23,1,10.5,Service,-1,10,IVR,3,13,94.38,3,8.54,9.16,10.26,0.25,0.77,None,5.89,4
bf452367-16ce-4a9b-b352-919ff8a0f285,2025-10-13,CUST-335243,2,53,1,61.4,Technical,1,25,IVR,3,4,61.49,2,1.77,11.7,2.68,0.54,0.68,None,9.85,3
4b4d1dd8-f6d5-4760-bb39-8c90f0892e1b,2026-06-27,CUST-682537,2,-61,4,36.4,Service,-1,30,Web,2,2,68.66,4,2.97,38.33,6.16,0.97,0.91,None,24.29,3
91d2bac0-8216-46d6-ab92-ce991b5a3148,2025-10-11,CUST-299085,4,47,1,61.7,Service,-1,11,IVR,0,0,74.5,1,2.65,13.5,7.99,0.62,0.7,None,19.54,3
e5e088e8-7246-4834-826b-3c5ad702a247,2026-01-10,CUST-140775,1,-94,1,35.4,Technical,-1,3,Web,0,12,74.48,4,4.83,22.52,19.2,0.36,0.53,App to Web,26.54,4
2f6bf6b0-e9d8-4435-966b-3f0137887736,2025-12-23,CUST-723202,3,51,3,59.5,Service,1,26,App,1,3,65.5,3,3.45,35.62,9.97,0.53,0.59,Web to App,16,1
fd05b5d6-7c46-4c8b-b035-afac1df4f030,2025-11-19,CUST-709232,4,39,3,29.4,Other,-1,11,App,1,6,70.82,4,1.62,16.33,1.48,0.39,0.86,None,8.18,3
a7387587-b15c-4e8c-acd8-21b30e02e02e,2025-09-07,CUST-458302,2,-37,1,13.8,Network,-1,26,App,2,13,84.41,5,7.09,33.02,14.52,0.72,0.84,None,13.15,3
e1404b5c-dd43-4239-9f19-f2e56e4117a2,2025-09-19,CUST-822113,4,5,5,66,Service,1,16,IVR,2,8,61.43,3,5.17,36.65,18.83,0.65,0.95,Web to App,23.84,4
bc6a8e01-9743-4f52-b80f-499f04125227,2026-02-12,CUST-502531,1,8,2,34.7,Technical,1,21,Web,0,4,73.26,1,2.86,35.72,3.92,0.3,0.87,App to Web,21.62,2
cc550e6f-7d95-4059-b133-bf93bfbf3095,2026-07-23,CUST-668457,2,61,2,10,Other,0,1,Web,3,9,81.23,3,8.39,32.59,17.58,0.33,0.88,None,24.67,2
e47991c7-d336-42fd-8d5c-02579c9c3642,2025-09-20,CUST-453350,3,47,4,26.7,Service,1,24,IVR,2,1,86,2,6.18,24.32,10.19,0.19,0.96,None,21.75,4
a2850da1-eea7-4910-a4ad-c8866ceed9cd,2026-04-13,CUST-886226,5,21,2,28.9,Network,-1,19,App,2,1,93.44,2,3.91,33.81,17.65,0.95,0.76,Web to App,18.62,4
2ca3e126-21cf-48c1-8ac3-bee6ffebf1a8,2026-04-27,CUST-414240,3,-20,4,66.1,Technical,1,12,Web,0,10,84.41,2,3.79,27.52,9.93,0.86,0.98,None,9.18,3
d947f0dc-f1b0-4f85-af24-1867967f0676,2026-06-23,CUST-411715,1,31,0,65.8,None,0,25,App,2,5,66.12,4,8.31,16.31,9.75,0.58,0.98,None,28.09,3
29ddfafe-8f97-4e30-84b1-4f5ed4038561,2025-12-15,CUST-623692,2,86,4,14.2,Service,-1,29,IVR,1,8,87,2,6.02,35.13,11.44,0.39,0.88,None,19.56,3
45161356-ac54-421a-ae1d-35f45802fe55,2025-08-11,CUST-110882,1,73,5,20.6,Technical,0,6,Web,3,4,74.09,5,3.97,17.84,1.89,0.16,0.69,None,12.16,4
883aa08f-2db5-4da6-adfc-aa1c5d696c48,2026-01-29,CUST-215433,2,-34,4,41,Other,0,1,App,0,8,77.62,5,8.17,31.99,18.88,0.84,0.75,None,12.83,4
e78a3135-f692-4705-9f7d-677a07677346,2025-11-27,CUST-712421,4,-77,5,47,Billing,-1,21,App,2,11,86.25,4,7.46,26.29,19.85,0.81,0.96,None,5.13,4
251ddf76-09e3-4e6d-8a53-496b90365c72,2026-05-15,CUST-253510,5,-20,0,48.6,None,1,2,IVR,0,0,81.68,2,3.53,22.69,12.25,0.22,0.63,None,24,3
79072cd1-5966-4c07-a72a-b90a12e83013,2026-01-29,CUST-393822,3,8,1,7.9,Billing,0,5,Web,0,4,82.89,3,6.76,38.76,17.72,0.53,0.8,None,21.27,5
e13b94ae-ea10-4b3b-8429-982a4caacb4c,2026-03-14,CUST-349210,4,-25,0,71.6,None,-1,23,App,0,10,78.38,3,1.58,36.58,12.97,0.48,0.84,None,18.03,1
2ea48e89-0717-4916-99a2-dfbaa6750b7e,2025-12-08,CUST-232765,2,-9,5,23.3,Other,0,25,Web,3,9,70.41,5,9.18,35.42,12.05,0.56,0.96,None,29.68,3
b626b278-e69e-4f57-a5a5-856dbba4499e,2026-07-11,CUST-870066,3,-39,3,7.7,Technical,0,28,IVR,2,5,74.83,2,0.87,29.47,8.21,0.75,0.85,Web to App,26.27,3
2b458b6b-b118-4efd-b73b-d7433c449bb4,2025-09-29,CUST-643824,2,48,1,40.6,Network,1,26,App,2,1,88.42,5,3.07,8.86,19.4,0.47,0.77,None,26.55,2
b0dff705-db74-4cc2-8c89-ecbc0479b751,2026-06-11,CUST-417491,5,2,1,9.9,Network,0,16,IVR,0,1,71.91,5,7.67,28.24,17.5,0.74,0.55,None,6.06,2
b50c0d1e-b7a2-417c-8823-7e6ceecba640,2026-01-02,CUST-714543,3,86,3,21.8,Service,-1,22,IVR,1,9,94.34,3,3.93,10.35,16.12,0.16,0.73,None,23.8,1
c5edc23a-d21e-4146-85dc-d0a3f777a102,2026-05-15,CUST-671634,3,-70,4,63.3,Network,-1,24,Web,2,7,71.28,5,4.06,38.51,4.66,0.63,0.74,None,16.26,4
cba36dee-2440-4807-bfea-39dc112a6378,2026-07-06,CUST-395275,5,-34,4,60.7,Service,-1,1,IVR,2,9,88.45,2,6.56,12.69,6.39,0.13,0.66,None,20.47,4
5924b709-d602-4127-8068-14b5e511e155,2026-04-23,CUST-478811,1,14,3,66.6,Other,-1,15,App,3,10,61.95,3,7.72,32.4,14.32,0.79,0.73,None,19.26,3
40501721-7e17-4367-842a-717ab8e8d470,2025-09-26,CUST-904192,2,-19,1,29.5,Technical,0,29,App,1,1,92.66,2,8.37,29.98,13.63,0.15,0.55,None,25.05,2
ea832412-87bb-45e8-9b94-bfd2daf342e4,2025-12-24,CUST-237957,5,-70,1,40.8,Other,1,15,Web,1,14,67.77,1,7.64,31.16,3.71,0.95,0.52,None,21.54,4
6447cff7-ca7c-4ebe-90de-715ea8df0a10,2025-10-28,CUST-153617,3,84,1,25.4,Other,-1,29,App,2,12,88.69,2,3.97,36.27,16.63,0.85,0.55,None,19.76,1
662e7ef0-7fa2-4c53-a733-6f1fd8deadf5,2026-04-20,CUST-342542,2,-66,3,52.4,Technical,1,24,Web,3,5,91.54,4,5.3,10.49,5.76,0.23,0.78,None,8.69,2
bfea9b00-d694-4bfa-8683-4948df3b0c7a,2026-05-13,CUST-765126,2,47,5,46.6,Service,-1,26,Web,2,8,73.67,3,4.92,22.46,1.33,0.65,0.61,None,28.44,2
aa4b1af8-b00d-4a7d-a9b3-452a924a2e98,2026-05-12,CUST-554674,5,13,1,62.9,Other,-1,23,IVR,1,11,79.79,4,3.99,6.22,8.52,0.85,0.93,None,7.68,4
3c54edc0-841a-4eea-8ded-1a0bd0d0c117,2025-11-24,CUST-338843,2,3,1,71.4,Network,1,7,App,1,3,88.57,5,2.07,39.53,17.83,0.68,0.67,None,5.12,4
ace37bae-23cf-42bf-bdeb-854c5cac7248,2026-02-08,CUST-589044,4,-95,2,5.8,Service,0,6,App,2,2,85.9,2,8.7,35.18,12.78,0.72,0.97,None,24.51,4
ed1b1653-a9ed-4bba-9f80-0b23bda1a85c,2025-09-15,CUST-417848,1,45,4,50.6,Service,1,7,App,2,6,89.35,2,3.8,15.08,15.02,0.98,0.74,None,17.13,4
e7bb64df-d1cc-4d9f-86a7-41e6b806642d,2025-10-02,CUST-610070,2,-88,4,33.2,Service,1,24,App,1,3,62.55,4,1.27,37.5,8.89,0.8,0.86,None,13.23,2
673b215e-d17f-45ea-84f4-41bbc611bd10,2026-04-16,CUST-241941,3,-67,5,55.5,Technical,0,8,App,2,6,70.95,4,9.24,28.51,13.44,0.85,0.66,None,22.62,2
7bc37a58-c760-471a-9d77-d558e27dad1f,2026-06-25,CUST-768367,5,77,2,21.8,Network,0,2,App,2,2,77.78,5,3.35,30.35,6.45,0.77,0.74,None,9.65,2
1165ebfd-1b3a-4c7a-8bdb-a17212394936,2026-04-12,CUST-543500,2,78,3,11.6,Network,0,15,App,1,2,92.56,4,0.73,20.86,7.02,0.91,0.72,None,23.59,3
eb1a6485-c69f-4425-8500-f2705128dfb8,2026-02-08,CUST-863478,5,-77,4,42.3,Technical,0,29,Web,0,10,77.87,4,8.94,18.69,8.72,0.95,0.54,None,29.59,1
73517969-f0b4-4ae1-ab60-614ab17de13a,2026-02-19,CUST-131823,5,-34,3,48.1,Technical,0,28,App,0,6,91.29,3,1.63,18.7,12.81,0.66,0.96,None,5.6,5
35772d2f-816a-4f7d-8c39-7cd8e94a71e5,2025-11-03,CUST-894384,5,9,4,21.8,Network,0,11,Web,1,7,71.5,1,3.38,20.94,16.66,0.63,0.73,None,10.92,1
d7dccee5-ad1b-4676-ae30-3746859c820a,2025-11-25,CUST-280937,2,-54,3,15.7,Technical,0,19,App,1,6,68.63,3,9.1,35.34,17.34,0.61,0.94,App to Web,22.78,4
4598506a-e3b9-4b97-b5c8-be1e25d0dacf,2026-06-21,CUST-653394,2,77,3,51,Other,-1,24,Web,1,2,94.58,3,3.62,36.7,18.05,0.6,0.6,None,16.31,2
73a84105-e8cf-4c3f-a8fc-074f87c01097,2025-12-29,CUST-743565,5,-47,4,16.1,Network,0,29,App,2,5,89.46,1,9.66,11.36,4.2,0.33,0.93,Web to App,19.91,5
9b0a0ede-a9da-4bb8-a532-b640333dae5b,2025-10-15,CUST-950026,4,45,1,71.1,Network,1,26,Web,1,8,82.13,3,7.61,23.74,17.03,0.49,0.9,None,20.48,5
0b60f28d-0717-46af-a67d-d517783c9f15,2026-01-31,CUST-158828,5,-87,3,41,Service,0,5,Web,3,7,72.59,4,5.8,19.02,18.15,0.84,0.88,None,19.28,5
d1f4d19b-60e1-43c5-8324-c958129b76e2,2026-01-31,CUST-501294,5,-42,3,28.3,Service,1,4,Web,1,11,75.1,3,4.89,37.33,8.93,0.56,0.53,None,10.9,4
00bccd87-32c4-4255-9790-d9bf722d24cf,2025-10-10,CUST-203979,1,81,4,3.6,Service,-1,25,IVR,1,9,73.19,1,1.02,34.38,1.11,0.65,0.94,None,28.79,5
4cf48f3b-2e89-4355-a009-eb912fc54f96,2025-10-01,CUST-395790,3,65,0,31.9,None,1,25,Web,3,8,88.14,5,3.73,29.63,2.88,0.53,0.74,None,12.87,3
8ca8df42-eb59-4c87-8211-134a7d572ffd,2025-10-18,CUST-303642,2,-39,3,27.7,Other,0,15,Web,0,9,78.62,1,1.41,17.95,2.6,0.79,0.87,None,20.48,1
daa51f8c-750b-47df-99b4-24d6ceb136b4,2026-05-13,CUST-647882,2,-31,2,69.1,Technical,1,22,App,2,12,82.13,2,7.57,29.42,11.26,0.45,0.69,None,8.46,4
2ef336bf-cbf5-4699-81bc-6a707384c8dc,2026-03-14,CUST-598400,3,79,4,54.1,Network,1,28,App,1,3,91.42,1,2.85,11.02,1.84,0.78,0.5,None,10.57,2
bdc2c5d9-85c0-4205-b70c-4ba53e2c181e,2026-02-22,CUST-778122,4,76,1,7.7,Billing,0,28,Web,1,5,75.97,1,7.4,8,4.35,0.91,0.69,None,5.71,3
015b1743-d999-4855-a581-97a6dd5d8455,2026-06-07,CUST-579118,3,61,1,63,Billing,1,24,IVR,1,5,61.09,2,5.29,32.99,6.52,0.69,0.69,None,13.24,2
0d879374-5b03-475e-a193-aa4ebe27002e,2026-07-03,CUST-467743,2,-15,0,35.8,None,-1,2,IVR,2,9,69.8,3,6.33,30.48,2.03,0.61,0.77,App to Web,5.27,3
af5f7133-597a-48d0-a8ee-89c6d1b26588,2026-07-19,CUST-752910,4,-66,4,43.3,Network,1,16,App,1,3,66.83,3,9.49,28.42,15.5,0.9,0.59,None,25.9,1
0259218a-a2a7-4917-bcd7-e37aa69afc24,2026-04-14,CUST-401924,3,-8,5,63.5,Service,0,3,App,2,7,88.39,2,3.57,27.78,3.11,0.48,0.61,None,7.62,1
2c5c10c0-fc2c-4c60-b9b7-6d8356bf7cb2,2026-02-08,CUST-614447,5,66,5,68.9,Billing,-1,17,IVR,1,1,61.99,2,5.04,39.19,11.01,0.43,0.52,None,23.5,3
927aa792-7131-4f78-9df4-b5eec8624367,2025-12-07,CUST-597320,5,-46,2,14.7,Network,0,22,Web,0,12,85.99,2,6.09,39.59,2.75,0.55,0.82,None,9.84,1
44ae312d-d0ef-4fa5-919b-7bdb7f9c598e,2026-07-12,CUST-337097,1,45,2,61.6,Service,1,14,App,1,7,74.28,2,1.46,36.2,7.9,0.94,0.67,None,13.17,3
f5978642-d1df-416f-97f8-1d7ab6c3ad54,2025-08-02,CUST-520228,2,19,1,50.2,Technical,1,9,Web,1,8,85.68,2,0.4,7.46,7.78,0.41,0.59,None,17.75,5
d81b75c3-bc35-4b49-8322-434104d07521,2025-08-14,CUST-720209,3,82,5,11.7,Service,0,13,App,3,13,70.45,3,8.67,24.96,18.1,0.98,0.61,None,5.48,2
7220741a-45d9-4ef3-b363-86fdf6094662,2025-12-16,CUST-595345,4,-38,2,27,Billing,1,1,IVR,1,5,74.02,4,4.06,12.61,3.69,0.61,0.8,None,12.97,1
1bd9ec11-34fd-432e-8644-dfa626562aa0,2025-11-11,CUST-939957,2,-62,3,37.1,Service,1,27,App,3,13,62.15,3,9.15,35.08,11.12,0.61,0.86,None,15.53,3
0d755600-3925-40b6-97b7-4a406aa102d5,2025-09-23,CUST-980471,4,-48,0,41.8,None,0,4,Web,1,5,78.44,4,3.63,12.54,7.24,0.82,0.94,None,7.57,4
8241b5d4-cdb5-4575-b07d-7de4e6796e9e,2026-06-07,CUST-908951,3,5,5,50.6,Technical,-1,3,Web,1,12,64.28,1,1.87,6.68,1.77,0.77,0.56,None,22.31,4
9e9728fd-e32e-4b8a-915a-032b1696d89c,2025-12-01,CUST-693426,3,-67,1,60.9,Billing,-1,29,IVR,1,6,66.3,1,2.7,23.47,14.02,0.59,0.9,None,6.08,2
a56a34d8-99cf-4de1-aa7d-623813d5b51d,2026-04-26,CUST-174147,5,-55,4,26.4,Billing,-1,22,App,1,8,81.42,3,6.18,38.83,15.53,0.4,0.88,None,16.68,2
a618976d-f8ca-403e-b8fc-ad769580180a,2026-04-07,CUST-598013,2,91,3,7.1,Billing,-1,9,App,2,10,80.28,3,9.65,18.49,11.03,0.35,0.67,None,26.05,3
3a938e20-b064-43e5-a815-99cf1cfd5e0b,2025-10-12,CUST-552733,4,50,1,17.3,Technical,0,17,App,0,6,63.34,2,5.96,11.79,19.94,0.19,0.87,None,6.39,1
4c8bcf89-da97-4733-9f69-08bc0bed2fcc,2025-11-18,CUST-633578,2,79,3,31.6,Technical,-1,28,IVR,2,7,62.2,4,5.22,25.58,17.1,0.43,0.97,None,23.17,2
3b895895-f654-4ba1-a70a-54cedfafdb73,2025-11-16,CUST-962394,3,-20,5,62.2,Service,0,24,IVR,1,6,76.74,2,4.98,24.22,12.56,0.52,0.66,None,25.22,4
36d0bca0-e133-4ece-b085-f0e2fa572a84,2026-03-14,CUST-694407,4,89,0,49,None,-1,18,IVR,2,5,88.82,4,7.82,37.16,11.75,0.9,0.55,Web to App,12.11,4
bddd3bbe-083a-461c-ae43-5cdbd041f698,2026-03-17,CUST-157729,1,12,4,30.2,Technical,0,25,Web,2,6,60.73,4,4.86,13.33,11.44,0.6,0.53,None,8.41,1
f2e61386-cafc-4c8b-8068-77fb4e9a170a,2025-08-05,CUST-859880,2,87,1,15.5,Billing,0,18,App,2,5,76.77,3,3.84,10.13,9.95,0.4,0.88,None,6.13,1
e7ad9d31-bb75-4f0b-b72a-026fdd59dbe4,2026-05-15,CUST-249723,4,20,3,59.7,Technical,1,23,App,0,0,69.84,2,4.64,36.24,7.07,0.37,0.97,None,13.82,3
1b172e24-165e-40f2-a1e5-38061f7f5037,2026-03-17,CUST-341009,2,59,3,12.2,Network,-1,4,Web,3,12,76.14,2,8.5,5.62,18.39,0.75,0.73,None,7.25,3
ff1fc550-2908-4238-8ed9-244e13c00613,2025-11-10,CUST-888551,5,37,3,21.2,Billing,1,12,IVR,2,9,74.86,3,5.51,37.21,17.93,0.37,0.56,App to Web,28.06,4
d869da01-4667-4ff5-a03c-fc31ad37e8ab,2025-12-24,CUST-863106,3,-53,0,30.5,None,-1,2,Web,2,6,74.15,3,6.78,29.32,8.72,0.6,0.55,Web to App,16.65,1
841a98ac-a064-4497-a899-e1cd9a78fc2b,2026-03-10,CUST-146588,4,57,3,27.4,Other,-1,4,App,2,3,79.58,3,7.41,6.2,18.8,0.64,0.73,None,19.13,4
4a2faecc-0ad6-48f1-b761-9b7203ecaed3,2025-11-14,CUST-510743,2,-87,3,6.7,Network,0,1,IVR,2,9,68.12,2,4.73,32.23,12.3,0.56,0.96,None,28.54,4
a99ed8ec-2139-49b3-8562-ef32c648e423,2026-01-08,CUST-826206,5,49,4,42.6,Other,1,2,IVR,0,8,94.92,3,1.29,6.36,6.66,0.47,0.67,None,13.64,2
c685a888-af0c-4327-9f95-71f231b21989,2026-05-29,CUST-989128,3,68,2,60.8,Billing,1,25,Web,3,10,66.23,3,7.12,27.01,11.32,0.64,0.76,None,22.95,4
27f1c49d-4f75-4cc4-841a-b1f998610269,2026-01-28,CUST-296809,3,95,2,50.6,Service,0,24,IVR,2,2,68.48,2,9.91,28.45,11.85,0.53,0.59,None,26.99,3
3eac3bba-f5b8-45fb-90f1-25203cbf84f1,2025-09-29,CUST-321163,2,18,3,3.5,Billing,-1,16,App,1,6,63.47,2,8.28,35.89,3.29,0.31,0.73,None,23.03,1
3e58b3c2-4c49-49eb-be6d-81666d75d551,2026-05-23,CUST-885875,2,-44,3,20.5,Other,1,7,App,3,6,92.32,3,2.94,8.08,2.49,0.41,0.73,App to Web,23.42,3
5b5c69c5-cdcd-43cd-9593-e6cab77257b3,2025-12-24,CUST-691302,2,-65,5,9.8,Technical,0,8,Web,3,10,60.91,1,0.59,21.72,2.59,0.5,0.94,None,11.18,5
a56511f9-d470-4dae-835e-b6fa28a17cdb,2025-10-08,CUST-160030,4,-38,2,70.2,Service,-1,19,IVR,2,10,85.16,2,7.94,8.8,3.63,0.33,0.54,None,15.85,4
61f8c304-e664-4931-9c8c-95c54993ad44,2026-03-21,CUST-689228,4,86,0,2.8,None,1,16,IVR,3,3,64.83,2,4.88,38.78,8.51,0.24,0.94,None,20.32,3
841e4e27-36d2-4fdc-9818-b83bcc8cd5cb,2026-01-16,CUST-910033,1,57,4,30.4,Billing,0,19,IVR,2,2,80.15,5,2.78,22.45,3.79,0.88,0.69,None,29.69,4
78567f2c-6955-4579-8645-4112a2194fd1,2025-10-24,CUST-660713,3,23,3,42.1,Other,0,5,App,0,10,60.66,4,2.33,35.01,18.41,0.22,0.59,None,20.16,4
f8f739a2-fe07-48b9-8bca-97e227bdfb40,2025-09-18,CUST-488105,5,-98,0,70.9,None,0,11,IVR,1,10,84.75,3,9.45,36.22,13.21,0.17,0.61,None,20.72,3
cc4e57ae-cdac-4472-bfb4-412938e567e2,2025-09-11,CUST-734211,5,-22,3,48.3,Billing,0,12,IVR,1,13,89.02,4,1.22,27.34,6.7,0.16,0.81,None,17.19,5
a38225f6-3a6c-4899-adff-6facc7352a0e,2025-12-21,CUST-153349,1,81,3,67,Other,1,17,IVR,3,3,62.76,3,1.15,27.75,4.11,0.26,0.8,None,13.05,1
4e41af39-ddf9-4276-9bc7-6ec7cb76c22c,2026-07-09,CUST-988073,2,29,1,63,Billing,-1,9,IVR,3,5,93.19,2,6.63,7.93,11.08,0.34,0.87,None,16.7,4
a0b12161-4a4b-431b-b56b-d30cc09a4d2e,2026-04-07,CUST-813827,2,-82,5,2.5,Other,0,25,Web,1,2,60.42,1,7.66,8.45,16.3,0.44,0.86,None,7.35,4
3f8d50cf-6f3b-481b-a151-df1538a0ae1f,2025-12-22,CUST-435795,5,66,2,63.4,Billing,1,24,IVR,2,6,73.94,2,3.24,17.04,11.94,0.39,0.53,None,6.83,2
8588fbb0-6252-4018-94e1-eafc6c0bce01,2025-08-17,CUST-225559,2,-81,2,30.5,Technical,1,10,Web,1,8,74.71,5,1.65,6.72,14.4,0.41,0.85,None,20.31,3
c6debbaf-798d-4606-b716-225005e8dfdd,2025-08-27,CUST-330188,4,16,5,58.7,Technical,0,19,Web,2,5,85.39,2,5.43,31.52,3.94,0.71,0.69,App to Web,17.28,4
c9c33ea8-0632-4fca-a4b6-d0c8ce08e70e,2025-08-26,CUST-490422,3,8,2,47.6,Technical,0,22,IVR,1,0,92.38,1,3.59,9.87,19.03,0.2,0.7,App to Web,23.6,3
c3e7ed3a-3fb8-4708-8359-65dff3dda776,2026-06-22,CUST-969202,4,-58,4,15.3,Billing,0,5,IVR,1,11,86.21,1,9.57,22.02,10.58,0.32,0.96,None,11.17,5
bb087bd2-4413-4d83-b427-49ec37de658b,2026-02-28,CUST-257703,4,-57,3,27,Service,1,17,IVR,2,12,81.27,4,7.45,5.34,3.2,0.1,0.78,None,20.47,3
3df791b6-f612-4a59-94bf-a78815f9321a,2026-05-25,CUST-504840,5,94,5,21.5,Other,1,4,IVR,3,9,74.02,2,4.7,5.42,11.46,0.21,0.52,None,25.49,2
e93fab3d-7b2b-4e5a-b941-a626b08a9e8e,2026-04-15,CUST-451948,3,7,1,36.5,Billing,0,1,IVR,2,11,93.47,3,1.82,11.08,15.33,0.74,0.74,None,24.47,1
c39c4f9a-7d99-4f00-b632-f30005a9f388,2026-01-20,CUST-253010,4,-11,4,17.3,Billing,-1,30,Web,2,8,63.36,3,5.65,6.91,16.45,0.65,0.53,App to Web,21.03,4
df696048-89b4-45a5-bd40-33b99cb47b68,2026-04-01,CUST-937247,4,-63,4,6.2,Technical,-1,27,App,1,8,85.8,3,4.93,19.43,11.01,0.52,0.88,None,12,3
e129d699-7cd0-4ec8-83ce-01034704f2d8,2026-06-07,CUST-763461,1,-4,3,9.1,Network,1,17,Web,0,11,93.92,5,2.08,29.85,5.84,0.79,0.96,None,14.52,3
10cf14a5-2d74-4ef8-8e14-271254e6bf96,2026-01-05,CUST-576152,1,-33,4,38.2,Billing,0,0,Web,2,1,70.88,1,5.77,16.76,19.69,0.54,0.93,None,27.74,2
a51e61b7-5311-4f80-a440-bfe808172a76,2026-03-22,CUST-681873,3,72,1,41.7,Technical,-1,13,Web,0,13,90.7,2,0.38,29.84,15.73,0.48,0.72,None,18.77,4
50c3b86b-d24c-4262-abfd-dff90b1512de,2026-04-02,CUST-852713,1,-14,1,66,Service,0,18,App,2,10,91.08,2,9.22,5.57,5.16,0.27,0.92,Web to App,17.08,1
800afc2d-9e23-4057-b8cf-b273385ca320,2025-11-24,CUST-680432,1,-78,4,6.2,Billing,1,22,App,1,8,63.94,1,1.47,30.85,8.9,0.64,0.71,None,26.6,3
0451762c-d089-4540-a671-89b2c47eb70d,2026-03-08,CUST-295430,4,2,0,38.6,None,0,12,App,2,5,64.43,5,1.19,24.77,2.58,0.96,0.7,None,5.94,3
c94b1600-ee47-4000-8c92-3c8e1c3d0a69,2026-07-07,CUST-366671,3,69,3,49.3,Other,1,22,App,0,1,88.07,1,0.64,33.34,4.36,0.17,0.94,None,13.3,3
fee10e45-0e5c-4255-9163-014d5f5e087a,2025-12-11,CUST-402309,3,-84,2,52.8,Service,1,28,IVR,2,9,80.7,2,9.14,25.51,2.07,0.92,0.86,None,13.38,4
5e43c9f7-7468-46b3-a02c-3c52e7fc8a60,2025-10-04,CUST-472384,2,-19,2,2.4,Service,1,5,Web,0,1,68.87,2,9.15,14.41,16.47,0.48,0.68,None,20.16,1
d51cdb14-3a7a-4df7-9ffa-f5f30853e654,2026-06-02,CUST-150655,2,-89,3,5.7,Other,0,7,IVR,1,9,81.05,3,0.42,26.53,13.87,0.63,0.51,None,9.3,1
040624e7-84e1-44b2-882b-381de207f9a2,2025-08-23,CUST-704578,3,-7,3,28.9,Other,-1,16,App,0,2,67.31,5,8.73,29.03,10.9,0.6,0.69,None,7.23,2
38a604cf-9c6a-4b8d-80b2-d85d71c7f0f6,2026-03-25,CUST-432828,5,30,5,35.2,Billing,0,6,App,2,10,61.81,4,2.06,24.74,1.43,0.83,0.99,None,13.15,5
89e5e107-f76e-43a1-b5fd-4bd9f63c44ec,2025-11-10,CUST-213332,3,-38,1,8.4,Billing,-1,4,IVR,1,1,71.15,1,5.93,32.67,6.69,0.63,0.51,None,16.19,3
b11774b6-5b8a-42db-b0d4-a223c8198b1e,2025-10-04,CUST-389061,3,-18,2,47,Network,-1,1,Web,0,11,84.27,4,9.14,38.81,18.44,0.36,0.73,None,9.5,3
51c9b1ff-c6df-4b9c-99df-a36ecce4c531,2025-09-16,CUST-198448,1,-16,0,43.1,None,0,24,IVR,2,12,64.19,5,9.91,27.92,18.26,0.23,0.92,None,7.29,2
88eff2d7-a6d9-4a75-9ba7-1fdd90bef915,2025-11-21,CUST-129133,3,-44,2,54.8,Technical,0,24,App,2,8,63.64,4,4.79,14.19,18.12,0.99,0.69,None,9.98,2
62f509a0-d54c-4f80-951f-4938bbb399cf,2025-11-20,CUST-146554,2,56,1,43.7,Service,-1,19,Web,0,3,93.04,4,9.72,37.35,4.47,0.23,0.91,None,24.18,1
ca45a210-078c-4d9f-9f5d-72e663f22f28,2026-04-03,CUST-937900,1,13,4,49.7,Technical,-1,2,App,1,2,81.85,5,2.69,39.97,18.66,0.32,0.88,None,25.76,5
d93c8af5-fad6-4900-a400-2881958c4e69,2026-03-08,CUST-333784,2,52,4,37,Network,1,29,App,3,10,65.78,3,2.78,17.64,3.17,0.77,0.71,None,9.08,2
e8956817-1603-4ce6-867b-bac8346d26c4,2026-02-26,CUST-670282,2,44,0,60,None,1,29,App,1,12,93.18,2,7.2,31.96,12.01,0.75,0.9,None,15.36,1
1f916efb-12c6-4546-9f2e-4abb03132535,2026-01-05,CUST-292794,3,20,0,44.5,None,-1,11,App,2,14,92.56,3,0.86,9.18,2.2,0.25,0.75,None,11.01,3
43393982-5a93-491b-8deb-a387a37be3d6,2025-08-05,CUST-332501,2,-99,1,45.5,Billing,1,4,IVR,2,12,65.95,3,4.71,30.17,5.44,0.75,0.74,None,13.45,5
d634352b-6505-48de-98ea-cba8098e3a1b,2026-04-24,CUST-515999,4,12,3,7.2,Billing,0,19,Web,2,13,62.5,1,1.59,27.12,16.13,0.72,0.55,None,6.05,2
5e2c327d-c755-487a-bd1d-048ad27295b2,2025-08-04,CUST-747066,2,71,3,24.7,Other,1,5,Web,1,7,93.04,3,7.53,33.67,15.92,0.42,0.76,None,20.31,4
93e279ac-5f71-4a49-b0b8-e7e7f6936b73,2025-11-20,CUST-162346,3,-67,1,55.4,Service,-1,8,Web,1,2,79.73,3,5.22,36.84,19.55,0.87,0.92,None,7.89,3
70a560ce-72cd-44c8-b92f-942a21bf2490,2025-11-22,CUST-682045,3,-22,2,39.1,Network,0,24,IVR,0,6,67.26,3,9.78,8.95,14.32,0.18,0.68,None,23.26,3
f41442d9-cd0d-4114-82a5-76ae4efe11ab,2025-08-10,CUST-802238,2,23,5,57.8,Other,0,6,IVR,3,10,87.55,1,3.2,11.31,5.76,0.19,0.95,None,15.16,3
cf8d7ddf-717e-43c2-98c2-b88c226ac998,2026-04-28,CUST-733693,5,51,3,55.5,Technical,1,28,IVR,2,6,62.26,3,8.92,21.33,1.06,0.47,0.91,None,15.01,5
762990c4-1623-4e66-a4ea-6ec840566327,2025-07-31,CUST-314171,3,-28,1,39.7,Technical,0,25,App,2,12,88.91,4,9.91,9.34,6.86,0.51,0.86,None,16.73,2
ea06a40d-f6e6-4560-81e7-e1e7e9a64ec9,2026-06-21,CUST-321082,3,90,2,43.2,Technical,1,28,App,3,0,93.55,2,6.79,8.02,19.59,0.33,0.99,None,28.78,3
355f2fc4-6a7f-4661-bdb2-d25c9ab8dd5a,2025-09-30,CUST-711344,4,-50,2,30,Network,1,25,Web,1,11,93.58,1,2.02,37.02,16.9,0.18,0.67,None,20.97,4
5ee036a2-93d5-4bde-aeca-dbcdf0249ce1,2025-08-29,CUST-820063,1,-60,4,44,Network,-1,21,App,2,1,69.6,4,7.06,13.18,13.4,0.6,0.6,None,19.13,4
a293e428-95d8-4200-adcd-ba0e39ddf507,2026-05-24,CUST-594903,2,71,3,3.7,Other,-1,26,App,2,11,65.81,4,8.83,9.43,8.75,0.39,0.54,None,6.45,4
71e3cbd1-b1e1-4afd-987c-9910b1472b23,2026-04-17,CUST-527464,3,30,2,40.2,Service,1,11,Web,1,5,90.41,2,8.11,25.7,6.81,0.1,0.78,None,12.23,3
81b0a2f7-905c-4280-920a-6fdac3808756,2025-09-03,CUST-494043,5,21,3,40.2,Billing,1,16,App,0,7,75.28,4,3.66,9.06,19.93,0.67,0.64,None,6.36,5
72a528e4-d654-4dbf-9208-8350fcae8c64,2026-05-27,CUST-766280,2,-92,4,70.7,Other,1,10,App,1,8,63.38,4,4.25,28.78,11.21,0.54,0.72,None,26.91,4
3b74d73f-9c63-4310-b3ea-18fa7ae60871,2025-11-18,CUST-753775,3,-75,3,13.6,Network,-1,19,IVR,2,4,92.09,2,9.44,17.95,1.26,0.41,0.64,None,15.06,3
9b70b46a-d047-4bb4-9c0d-94150113606c,2026-02-21,CUST-512806,4,-10,1,30.4,Network,0,27,App,1,4,76.33,3,9.29,10.25,18.31,0.3,0.71,None,8.39,3
edc5e224-d391-448a-9ff4-00fc11ad6f4f,2025-09-28,CUST-744322,4,-38,4,47.6,Service,-1,18,App,0,9,68.05,4,4.66,29.23,1.23,0.23,0.9,None,17.65,2
7be471e9-4612-49ca-be05-1217c7383e75,2025-12-02,CUST-981372,2,19,4,66,Billing,0,13,App,1,8,76.3,3,5.06,17.37,19.69,0.7,0.79,None,22.52,3
92c99f01-f31e-4573-8664-408b47aebc14,2025-10-21,CUST-714154,3,10,1,6.6,Service,0,16,Web,3,3,81.88,4,9.52,15.66,10.33,0.17,0.92,None,22.91,4
6dc302a4-0312-4e1e-928d-c0d0d2f7bf17,2026-03-30,CUST-677177,3,84,5,56.6,Technical,0,15,App,1,12,94.16,5,8.24,25.46,10.15,0.65,0.95,App to Web,10.03,2
596e34d6-fe0c-47e1-ba0c-f6d5d5fde3f4,2026-01-19,CUST-727208,2,-79,3,1.8,Billing,0,7,Web,1,11,66.79,5,4.68,38.36,9.93,0.28,0.97,None,18.35,2
65d2e437-5cef-43cc-a86b-256c403a950c,2026-07-07,CUST-795146,2,40,3,38,Network,1,26,App,3,3,84.14,3,6.18,33.51,1.11,0.37,0.87,None,24.63,3
adefb5f5-390a-442d-9978-928dd8e6395d,2026-05-22,CUST-327575,4,98,1,49.8,Other,0,20,IVR,1,10,94.27,3,8.62,12.6,16.88,0.37,0.84,None,24.13,1
876d2a5a-537e-407a-b2bf-cb377fc875e8,2026-07-14,CUST-240083,1,-69,4,63.3,Network,1,18,App,1,12,60.58,3,6.18,12.61,6.97,0.71,0.96,None,8.36,4
b11a3380-3de9-4fd4-976a-40360e4d773e,2025-10-30,CUST-230500,2,64,4,24.2,Service,1,22,App,1,9,76.49,4,9.31,26.24,18.16,0.63,0.95,None,6.97,4
e93f47b0-a8a9-46ac-ac83-03f17b647ead,2026-05-16,CUST-549904,2,-41,2,37,Billing,-1,14,Web,2,13,79.23,5,4.24,21.29,19.24,0.24,0.57,None,5.38,4
cc5a721f-9a2f-49c9-bf96-fd3a3b2351eb,2026-03-25,CUST-665397,5,70,1,25,Billing,0,20,IVR,0,4,94.27,2,4.3,25.38,6.19,0.82,0.54,None,21.19,5
a4e125ce-9113-4563-ad0a-6269b81cb2f6,2025-12-20,CUST-947335,5,-83,4,69.2,Other,0,21,IVR,2,12,79.82,2,9,5.77,14.06,0.29,0.88,None,22.67,3
46b6395e-30ad-4173-bb74-e6b8befb0ab4,2025-10-23,CUST-195529,1,-46,3,63.7,Service,1,2,App,1,5,83.08,2,1.75,7.58,6.7,0.54,0.82,None,8.68,2
3f0b1c44-087d-4c47-aa96-06f79fb6659b,2026-03-03,CUST-100470,4,0,2,24.5,Other,0,19,Web,0,7,66.03,1,2.67,35.44,11.81,0.77,0.75,None,26.71,2
7c1d3b71-ec2b-413f-b4df-fe2c8f51f613,2026-01-16,CUST-549267,5,12,4,32.4,Service,1,18,Web,0,2,72.91,1,5.64,12.3,4.11,0.26,0.92,None,21.61,4
6125e90f-70f2-4f61-831f-c96d2da38132,2025-08-25,CUST-140838,3,16,2,64.6,Other,1,6,App,1,14,68.09,3,2.76,26.01,4.16,0.81,0.85,None,13.7,5
14b4da4a-ee42-4d47-9f89-f726959e7175,2026-03-16,CUST-680471,4,-12,5,45,Other,0,25,Web,2,2,60.79,2,7.41,9.2,10.98,0.26,0.93,None,13.79,2
e4504c21-beea-42c8-8bfd-1ed8d72c42c5,2026-06-18,CUST-470270,3,66,2,33.6,Billing,0,15,Web,2,3,90.28,5,2.12,9.89,1.07,0.72,0.92,None,29.24,5
35f37165-e540-4069-8e38-11f2049ce635,2025-10-15,CUST-441727,4,75,1,21.5,Billing,0,17,App,0,5,68.88,4,1.38,15.55,11.35,0.73,0.75,None,29.56,4
e616c542-b392-43c2-ab07-6e8ec1cc9b69,2025-11-26,CUST-827779,4,67,1,23.9,Service,0,17,IVR,3,3,82.09,1,0.45,35.89,9.91,0.21,0.91,None,23.03,3
cb431282-3ffe-4f54-ab23-fe98577a12f1,2026-05-18,CUST-320427,4,-57,1,47.6,Billing,0,12,IVR,1,14,60.69,4,5,31.17,16.33,0.78,0.81,None,27.01,4
e756e209-ff8c-4fcf-b1b0-117eea4317b4,2026-07-08,CUST-351067,2,49,0,23.9,None,0,16,Web,2,4,93.59,3,4.8,16.74,1.5,0.95,0.57,None,27.54,3
fe4e5572-80f7-4e78-ab65-1a9467a0aa71,2026-03-31,CUST-562799,5,-80,2,27.9,Service,1,11,Web,1,14,86.96,4,2.26,32.25,5.74,0.12,0.8,None,24.76,5
d079e696-577c-4131-afa9-f038cf12da92,2026-06-14,CUST-559974,4,-6,2,12.8,Other,0,4,App,2,12,67.74,2,8.42,33.05,9.51,0.23,0.55,None,14.15,3
17835f8e-a3cd-4d1c-b702-a3a331556fd7,2026-01-29,CUST-483061,4,24,0,12.1,None,-1,22,App,0,2,69.09,1,0.81,11.09,5.96,0.26,0.56,App to Web,27.35,4
03d5a1c5-55f7-4812-b989-1b892b95c532,2026-05-25,CUST-339437,1,-13,1,17.5,Network,1,1,Web,2,14,73.17,5,7.57,28.86,7.09,0.95,0.58,None,28.94,1
77211618-b1ab-4e8a-9130-1c426c033947,2026-06-10,CUST-980514,5,-53,3,68.1,Technical,0,13,IVR,1,6,86.11,4,5.28,6.98,18.42,0.87,0.52,None,11.24,1
13c4986c-b6da-4314-9059-84ac18e95ac0,2026-06-24,CUST-768653,1,-25,3,50.5,Technical,1,29,Web,2,2,72.67,1,7.77,8.63,7.39,0.91,0.83,None,19.37,3
6d09f824-c865-4ef6-aab8-ae699b6edd1f,2026-05-08,CUST-899139,3,26,3,47,Other,0,25,App,1,4,91,3,6.4,18.08,8.49,0.27,0.76,None,5.49,3
2015df22-1b16-469c-b3ea-821f319bb3a8,2026-07-19,CUST-665787,2,8,3,46.1,Billing,1,10,IVR,2,10,61.11,3,3.53,18.79,3.24,0.26,0.67,None,19.22,3
ef15d76c-13c1-4b86-92cf-873d2498947e,2026-03-16,CUST-364873,5,-86,4,63.4,Other,1,16,IVR,2,7,76.79,3,9.52,34.98,8.37,0.97,0.57,None,5.22,5
e7c63365-f618-4928-b9c4-00a0185be094,2026-02-20,CUST-598674,5,9,4,24.6,Network,1,10,App,1,6,75.62,4,3.25,34.23,11.62,0.14,0.67,None,6.28,2
7ff5b05a-1276-4928-812f-af1f0861f400,2025-10-31,CUST-539671,4,-33,3,18.2,Other,0,26,IVR,2,3,88.86,1,2.44,32.4,13.28,0.85,0.65,Web to App,21.37,3
795c86fb-076f-4903-be9a-40bd9df65c0c,2026-06-20,CUST-156084,4,-37,2,7.9,Technical,-1,8,IVR,2,8,66.66,1,8.98,36.22,16.62,0.18,0.78,None,7.24,1
f663ada8-6f98-49df-b5d3-110bd7eecd30,2026-06-21,CUST-331623,1,-32,4,59.3,Other,1,25,App,1,13,82.4,2,5.47,10.73,11.64,0.69,0.62,None,27.56,5
61777601-d170-4d36-a2de-2ba7432a28ce,2026-02-10,CUST-105185,5,16,2,50,Other,-1,9,App,2,13,82.78,4,8.07,21.09,12.86,0.12,0.6,None,14.35,1
697e9f9e-1d57-4fcc-b924-ef449a5eeed6,2026-04-08,CUST-322302,4,29,2,17.9,Technical,0,29,IVR,0,1,71.16,1,5.77,39.47,5.78,0.3,0.62,None,28.22,5
8b7ffbe2-77ad-4cd1-8e29-a52a2335109d,2026-07-07,CUST-605059,2,-31,3,4.6,Technical,0,6,App,1,10,90.34,4,2.25,20.8,15.2,0.36,0.67,None,9.4,5
94c9f9a0-95b7-4aef-85b2-caef43d6f534,2026-04-13,CUST-421078,3,-62,4,65.7,Billing,-1,23,App,0,13,92.86,2,5.38,10.23,18.5,0.48,0.61,App to Web,9.54,3
307e5aa8-ca00-4399-a3f2-be2450177f5c,2025-10-13,CUST-895381,4,78,1,9.4,Other,0,10,Web,3,8,87.25,2,7.49,5.68,15.67,0.82,0.57,App to Web,15.03,3
a4331eae-f6f4-405f-af8d-6c4a4f3a93fc,2025-08-13,CUST-314340,1,14,3,54,Other,0,20,Web,3,10,72.1,4,5.5,7.59,9.97,0.9,0.65,None,28.39,3
89be15ef-e4b6-4232-b427-3dd8c23ebf2d,2025-09-08,CUST-939735,1,-43,4,48.2,Other,-1,21,Web,3,4,66.71,4,7.7,5.09,3.59,0.29,0.88,Web to App,6.17,2
b81ca477-3052-442e-ab40-7780c585af92,2026-05-28,CUST-410665,5,49,4,20,Technical,0,21,Web,1,3,69.93,3,4.55,22.12,12.08,0.36,0.97,None,7.4,4
09665f0a-c0fb-4e7d-b422-5b5efb8165c7,2025-12-14,CUST-925373,5,97,4,10.5,Network,1,9,Web,3,9,69.3,3,2.8,16.35,10.55,0.91,0.86,None,23.42,3
0ad9fcff-f9a6-47c6-a858-a4fa90bea1b5,2025-09-14,CUST-821606,1,-91,4,66.7,Network,-1,18,IVR,1,12,91.97,4,0.31,26.1,10.02,0.16,0.79,None,18.87,1
8e85ecc6-e9c2-47a2-a693-4b0c7b9bcf77,2025-10-23,CUST-178679,4,-60,0,20.2,None,0,14,IVR,2,10,67.74,5,4.14,10.78,18,0.39,0.58,None,20.39,3
472c8a63-8a6b-43bc-a6a3-b4d5a2092f06,2026-02-16,CUST-784741,5,-94,3,57,Network,1,18,IVR,2,7,71.01,4,6.87,7.51,4.48,0.51,0.63,None,21.5,3
09ff690a-7fd4-4750-b46d-e1003ff4504c,2026-04-30,CUST-520164,1,53,1,24,Billing,1,13,IVR,2,7,89.32,4,8.33,11.91,18.02,0.64,0.76,None,26.65,4
2f4d8c60-096e-49f0-8e92-c3d8b88123b7,2025-11-14,CUST-231949,5,-91,4,62.3,Billing,0,21,App,1,6,83.62,4,4.96,12.8,18.03,0.48,0.71,None,22.11,2
cb0651a7-fe2c-4acb-9483-4c4be35a01dc,2025-08-03,CUST-641182,4,22,1,25.6,Other,0,25,App,0,7,90.31,1,6.68,32.95,3.94,0.67,0.93,None,26.84,4
051bd855-f011-42d2-96b0-ecc2308e3cf1,2026-07-24,CUST-468415,1,-26,1,32.9,Other,1,5,IVR,1,1,74.94,4,1.47,31.45,14.46,0.18,0.65,Web to App,26.52,4
225d5748-3f40-4658-bd1e-758b6747605f,2025-11-11,CUST-590344,2,4,2,58.9,Network,1,26,Web,1,8,60.48,4,9.52,5.15,14.14,0.27,0.96,None,17.3,3
15504785-30f1-4a0d-9766-b26ed729f7ec,2025-10-18,CUST-446822,4,29,1,53,Other,1,26,IVR,1,13,65.94,3,3.87,17.75,14.74,0.31,0.76,None,29.3,4
da2ee692-abac-4ce2-b377-18b239c5d2f0,2026-06-14,CUST-834739,2,-4,4,10,Other,-1,17,IVR,1,1,78.38,4,4.62,33.95,19.34,0.65,0.92,None,18.73,4
bcc25172-9117-47e0-ac15-bbd29e52016e,2025-12-27,CUST-307133,2,-48,5,16.5,Billing,1,24,IVR,1,13,91.03,4,1.31,34.31,6.74,0.91,0.73,None,24.96,2
481f2f7e-4fb4-44cb-8984-3a0a24332288,2025-10-29,CUST-360063,2,93,2,31.9,Service,1,28,Web,2,1,68.76,1,0.94,16.69,3.02,0.98,0.67,None,21.84,1
a54e7de8-c900-4e78-9149-226c38647277,2025-12-29,CUST-133937,3,69,0,18.5,None,-1,15,Web,2,5,69.14,2,9.06,39.66,7.12,0.98,0.94,None,8.91,1
5bad9709-04b0-40f5-b23d-c2b7ba7b99f6,2026-07-10,CUST-894455,1,50,5,6,Service,0,15,IVR,1,7,60.81,2,7.1,38.25,7.81,0.67,0.89,None,5.07,4
4ee41d5f-db88-4333-84a5-61b9c89c8315,2025-08-30,CUST-347462,3,20,3,26.1,Technical,-1,7,Web,2,14,88.71,3,5.39,25.04,17.7,0.13,0.7,None,22.25,1
fab92e16-4d63-47b1-a822-628799ca5595,2025-12-16,CUST-754517,4,41,3,12.6,Technical,-1,14,App,1,13,77.5,3,2.35,20.57,15.17,0.87,0.85,None,19.4,1
768d43a1-941b-4097-adb1-afbb10a2cbf6,2026-04-17,CUST-349194,2,-66,3,20.6,Service,1,7,App,3,2,91.14,4,0.2,36.73,4.07,0.13,0.58,None,22.5,3
86f0884f-446f-4b0d-ab2c-cc6f29b4593a,2026-06-12,CUST-134079,3,23,3,61.1,Network,-1,18,App,3,5,91.19,5,9.22,26.76,5.74,0.81,0.98,None,7.61,1
46cbdc1f-a273-4245-8db1-bf58705d2f31,2025-08-02,CUST-990823,1,86,4,44.7,Other,0,24,Web,2,14,64.69,1,0.52,30.52,5.14,0.88,0.96,None,29.38,5
edae0ef1-a8a7-4ea4-b5f8-9a7c2013a41b,2025-09-18,CUST-491343,2,-17,2,23.5,Service,0,7,IVR,2,5,61.68,2,2.96,16.46,8.72,0.28,0.53,None,19.52,2
4f5cbfa6-bf44-4f14-baa3-22e405460f19,2026-01-24,CUST-738499,3,75,2,2.8,Technical,1,5,Web,1,7,66.34,4,8.07,31.83,9.94,0.74,0.94,Web to App,16.42,5
a372f162-dedc-4cf6-8b95-2ea64b521ca1,2025-12-22,CUST-407867,4,88,3,14.1,Billing,1,11,Web,2,2,76.14,1,6.69,29.81,15.8,0.39,0.71,None,19.09,4
928aa3c8-39a0-4bec-b932-5caccdc78052,2026-01-29,CUST-870129,1,61,2,44.1,Service,1,4,IVR,1,1,64.69,3,0.78,20.06,2.35,0.39,0.81,None,23.95,2
5c6956c6-0181-4276-9dc8-5d0ed2628d47,2026-02-08,CUST-420718,4,73,1,16.1,Billing,-1,9,IVR,2,7,92.47,3,0.83,16.7,12.3,0.74,0.76,Web to App,15,3
f63dc2bd-cd67-468d-a2e6-83e1bc65555b,2026-01-30,CUST-628711,3,-61,5,11.7,Network,1,26,App,0,8,83.8,3,5.5,6.23,5.05,0.36,0.6,None,29.75,3
0d59fd85-6781-4f79-bf23-ba081d662e44,2026-07-17,CUST-352118,2,33,4,65,Service,0,13,Web,1,12,70.24,3,9.08,33.3,2.62,0.56,0.86,None,7.75,2
d44a4449-1bab-40cf-92b2-f3f14491b2ea,2026-04-28,CUST-298935,5,-77,2,11.6,Network,-1,17,Web,1,7,86.58,5,8.93,10.5,3.51,0.61,0.59,None,15.27,3
f051eaac-5ab5-410e-89b6-41d78f252d96,2025-10-02,CUST-710747,2,-81,3,33.4,Technical,-1,13,Web,3,4,86.31,4,0.26,36.4,3.91,0.18,0.51,None,18.76,3
a754699d-d58a-41b3-8d35-5ac759a48a53,2026-03-23,CUST-861888,2,10,1,16.5,Technical,1,0,App,1,3,86.52,2,7.49,36.93,13.99,0.11,0.65,None,7.95,5
346b11ef-bbf5-491b-9c79-713f54f328c6,2026-03-10,CUST-144306,4,-42,2,43.2,Service,1,14,Web,2,1,90.2,2,4.87,32.74,6.57,0.31,0.99,None,9.12,5
0e4c94d0-85d3-4344-8ba6-d1e7d9abeb8e,2025-12-16,CUST-767939,2,99,1,3,Network,-1,20,IVR,1,10,81.14,5,7.94,27.66,2.46,0.75,0.72,None,14.41,5
98b7cba9-fcc8-404c-9e2e-7c7ddeb78827,2026-01-19,CUST-144125,4,-41,3,31.9,Other,-1,4,App,0,8,64.58,2,1.69,9.08,1.27,0.34,0.8,None,29.32,3
20cfb5a8-74f8-4be2-ae66-395dfd3054f6,2025-10-13,CUST-456891,3,23,5,11.2,Other,0,18,App,3,11,74.83,1,6.42,22.85,4.91,0.52,0.57,None,9.26,1
e2be57de-dcd0-4417-b36f-4e7e5b981d89,2026-05-31,CUST-395419,5,-75,1,66,Network,-1,22,App,2,0,79.12,5,8.15,11.48,4.84,0.66,0.57,None,25.47,3
2ffbc66f-a478-42ea-8aab-c1156312eddd,2025-12-31,CUST-704411,4,24,3,13.5,Other,0,27,IVR,2,6,74.19,4,1.59,26,3.53,0.1,0.53,None,8.42,4
48bcbf8d-3eb7-4b1b-b3f9-88755150849d,2026-04-03,CUST-172487,3,18,3,67.5,Technical,-1,22,Web,2,13,70.37,2,2.57,34.89,15.62,0.93,0.83,None,29.28,5
ace5a4cb-d36f-4a83-bbe3-158b4a92e1f5,2025-11-05,CUST-884270,4,-78,3,10.4,Billing,-1,0,Web,2,8,71.63,1,6.15,23.42,18.87,0.29,0.93,Web to App,20.99,2
21925452-2db2-4cce-b703-db2191df7277,2026-01-28,CUST-108595,2,-55,1,21.9,Technical,0,30,IVR,1,8,94.66,4,6.18,6.05,1.58,0.68,0.65,None,18.3,4
443d53c4-e1af-495c-9fff-1f0c025bdf23,2025-10-09,CUST-477249,3,-99,0,9,None,-1,13,Web,0,3,68.17,3,2.08,9.69,3.33,0.71,0.53,None,29.63,5
a2bd617e-28a2-46ec-b48b-babee7b92b53,2025-09-01,CUST-858845,3,-73,3,37,Service,1,22,IVR,1,9,80.45,2,9.87,31.9,8.9,0.33,0.8,None,19.64,2
ca508c85-260a-4790-8950-7fe49867b9ba,2026-01-10,CUST-976570,3,18,3,53.7,Billing,-1,2,App,3,4,86.52,4,8.83,34.25,6.26,0.22,0.54,None,29.93,3
03e9b3bf-0012-443f-b7ce-ce4a2e7eee4a,2025-10-02,CUST-449882,5,-56,5,56.2,Service,0,6,App,2,5,87.69,4,5.78,27.69,19.44,0.54,0.83,None,14.52,3
65939c59-ab58-48eb-b0d6-dc317d6e8c39,2025-07-30,CUST-758730,5,-43,4,15.6,Technical,0,18,IVR,1,0,78.16,3,2.58,34.07,10.63,0.58,0.51,None,14.56,4
f6dd33a6-c816-48a3-b56a-a69f370f2ee4,2025-10-31,CUST-135885,2,72,2,7.1,Technical,1,15,App,1,6,84.22,5,0.37,23.64,3.14,0.41,0.97,None,24.55,2
34f3a575-3d96-4bbb-a693-f4f202deb9bd,2025-08-30,CUST-249240,4,-89,5,37.4,Technical,-1,28,Web,2,13,90.35,4,9.02,18.69,2.24,0.79,0.79,None,20.75,2
a4e7e3b4-0c2e-40d1-8a94-ff13d09990aa,2025-12-28,CUST-369503,3,-2,5,67.8,Network,-1,2,IVR,1,1,60.49,4,4.09,18.17,3.36,0.36,1,App to Web,13.87,3
6cb5953e-987f-4890-a629-6960063783db,2026-07-10,CUST-869277,4,77,2,25.8,Billing,0,0,App,3,4,81.28,1,9.25,28.09,7.22,0.29,0.95,None,10.34,3
c13c48b9-da93-45a3-9fde-327f33f7c10c,2025-10-12,CUST-310787,4,33,4,26.9,Technical,0,28,IVR,1,7,65.15,3,9.13,11.44,1.07,0.7,0.72,None,24.49,2
b22839f3-d106-4b02-bca5-3a7d4bbf3793,2026-04-05,CUST-299034,4,-24,4,7.2,Other,1,15,Web,2,1,65.79,2,3.48,15.08,15.35,0.82,0.57,None,5.72,4
4e9d61ea-8773-415d-9acf-3bd01a7ba21d,2026-04-10,CUST-941431,3,-29,0,62.4,None,1,24,Web,3,13,90.47,3,6.53,8.63,14.14,0.99,0.74,None,9.3,2
7974952f-fd20-45cc-8d90-e31e20b91218,2025-11-30,CUST-565626,4,22,5,39.6,Technical,1,11,Web,1,3,63.78,2,3.17,17.3,9.12,0.34,0.96,None,5.39,5
23907d2b-13f3-4513-a2a2-a719b267837b,2025-10-03,CUST-483070,5,-31,2,65.2,Service,1,8,Web,2,3,74.24,4,5.83,16.86,15.7,0.74,0.95,None,12.4,4
f4f82fa4-9707-40ba-94de-7d39c0a1c236,2025-08-27,CUST-765768,2,-7,4,45.5,Technical,1,10,IVR,2,8,77.57,4,6.99,33.97,15.46,0.66,1,None,29.47,4
36c7a065-9d00-48d3-9ed5-a010f5bf2af2,2026-03-12,CUST-368164,2,53,3,64.1,Billing,0,10,IVR,0,8,67.95,3,1.08,34.82,17.49,0.26,0.76,None,12.54,4
7b4d443f-37e4-4567-a447-d6974358d969,2026-04-03,CUST-679490,1,-39,0,35.7,None,1,13,App,1,12,88.39,1,6.24,8.21,18.55,0.64,0.85,None,22.18,3
78d8cbb3-4aaf-462b-807e-6a6937be5417,2026-04-17,CUST-572744,5,58,1,29.8,Service,1,1,App,3,5,79.34,2,2.66,27.68,10.05,0.32,0.72,None,24.18,2
34628365-3db5-4fb0-8853-4ac4b8c3c69e,2025-12-24,CUST-988804,5,18,1,68.9,Technical,-1,13,App,1,4,91.15,4,1.44,15.98,6.94,0.79,0.9,None,17.19,4
6fa3f8b9-dbf0-4cad-9377-09275806028d,2026-07-06,CUST-430325,3,99,4,31.1,Billing,-1,20,IVR,1,5,74.72,5,3.55,11.28,9.28,0.68,0.57,None,26.37,2
82bd3c91-cc42-4cc8-9341-2a7f66108cce,2026-06-20,CUST-504523,1,47,3,11.5,Billing,0,6,IVR,1,14,83.32,5,1.55,18.52,7.12,0.37,0.83,None,18.83,2
60a6a5af-5f00-4128-b79e-b4fc46ce23e9,2025-08-24,CUST-122706,2,76,4,43.1,Other,0,7,App,1,4,64.84,4,1.42,35.85,19.84,0.87,0.66,None,7.92,5
da64ec09-22d4-4e59-8b3a-6f9299b6b39f,2026-07-12,CUST-702228,2,-64,2,51.9,Service,-1,20,IVR,2,13,79.86,4,5.16,38.04,18.93,0.91,0.99,None,26.66,2
357395c5-bd3b-43f0-85f7-deb4e22e504e,2026-03-10,CUST-747854,4,-88,2,44.2,Technical,1,27,App,0,12,85.33,4,8.64,32.06,19.79,0.33,0.65,None,11.4,3
f468638a-42e1-4a7f-9ef0-709436306403,2026-05-18,CUST-111532,1,68,1,56.6,Service,0,19,Web,2,8,81.59,4,7.69,24.56,6.13,0.16,0.5,None,16.1,3
5da7cfcd-0e89-4158-a50b-4a1c19b5e3b6,2026-03-31,CUST-788085,5,-11,1,51.2,Other,1,23,App,1,12,88.27,3,7.85,14.56,12.43,0.5,0.62,None,29.44,5
827756f1-42ed-4935-b470-efd06a37c6b1,2025-08-28,CUST-568117,2,-60,4,46.1,Technical,0,17,App,0,3,64.05,4,6.94,28.14,9.97,0.96,0.74,None,16.55,5
5d378b46-5f56-44ec-a436-da70527ea8c2,2026-06-25,CUST-349712,4,59,2,7.5,Other,0,26,IVR,2,3,77.11,3,8.8,29.74,18.3,0.39,0.53,None,23.29,2
a4e35414-0e4a-432f-8641-b68d6d1c5e20,2025-11-10,CUST-303916,5,-31,4,26.1,Other,1,17,IVR,1,13,91.9,4,0.17,37.18,5.79,0.45,0.8,App to Web,24.13,3
acd0712b-7ff3-4618-9b43-1c1c9b4e497e,2026-02-08,CUST-403533,3,13,3,4.9,Service,1,26,App,1,3,65.69,3,1.27,35.8,7.13,0.85,0.72,None,24.57,5
d660c776-3eba-466b-96fa-b524e3163a14,2025-08-15,CUST-540717,5,82,4,29.2,Network,0,7,App,1,4,61.33,5,0.84,33.38,18.08,0.72,0.52,None,29.68,3
8b4ca222-874e-40ba-aea2-45ec45432a17,2026-03-09,CUST-342219,5,85,2,49.1,Service,-1,2,App,3,2,90.1,4,2.81,12.66,4.67,0.76,0.66,None,16.23,3
c671a64d-d344-4930-ae53-a6427550c96c,2025-11-07,CUST-957706,2,40,1,52.2,Technical,1,16,Web,2,6,70.69,4,9.32,23.37,15.72,1,0.57,None,10.42,2
44f1ab84-a5a8-4879-be4d-f62be38440f9,2025-10-26,CUST-442669,4,-9,2,60.9,Technical,0,21,App,1,4,82.16,4,4.07,32.31,10.67,0.16,0.94,None,25.43,4
640383e2-2a8f-4cf6-bfe3-76bd838eba1b,2025-12-31,CUST-109739,2,9,3,51.6,Network,0,6,IVR,1,8,86.91,5,6.99,21.43,1.99,0.79,0.54,Web to App,5.28,1
bd42b8ce-55a8-46ba-8c12-b71037510251,2026-05-29,CUST-850486,1,-79,3,20.6,Service,1,0,App,2,11,73.97,4,5.21,22.52,15.03,0.93,0.65,None,5.4,4
7a785662-05bc-4092-bddc-f56d2b4acdcb,2026-05-23,CUST-572256,4,52,3,4,Technical,0,21,IVR,1,12,90.16,2,2.07,35.89,17.15,0.87,0.85,None,19.43,3
e086fe18-a7a0-47c2-a730-4ee70b9d7f65,2026-05-05,CUST-101534,2,-56,2,66.3,Service,1,27,IVR,3,6,76.3,5,5.81,12.97,3.17,0.22,0.99,None,7.68,3
47739f8a-eae9-4f1a-b5e7-b0fac506aaa7,2025-10-29,CUST-296288,4,-60,5,40,Network,-1,13,IVR,1,12,75.11,1,9.37,9.5,3.43,0.48,0.82,None,19.98,4
3d90f9bc-380d-4f69-b1b7-6ff29c17bc4d,2026-06-26,CUST-981892,2,76,1,52.4,Technical,1,17,App,1,11,91.22,4,3.56,8.45,18.49,0.58,0.82,None,20.98,3
dd683619-3141-4f44-bf70-f7fcbe716d38,2026-01-30,CUST-474974,4,-17,3,66.3,Technical,0,26,IVR,2,10,91.62,3,2,15.31,1.43,0.71,0.74,App to Web,24.36,5
ab2b6ec7-54fa-4472-bb5b-0958a47bfc02,2025-11-28,CUST-245801,5,48,4,57.9,Service,-1,15,IVR,1,12,85.51,2,1.98,17.24,2.69,0.76,0.76,Web to App,10.24,2
47b9c4dd-f99a-4f0f-b0b7-39266bb5920f,2026-02-14,CUST-652600,2,-41,4,20.5,Network,1,22,App,1,0,64.4,2,3.63,35.74,18.28,0.83,0.56,None,25.99,2
4d43cfee-7c44-4833-8743-04800a588d57,2026-01-06,CUST-591823,2,-13,2,28.4,Service,0,11,IVR,1,9,66.75,3,9.27,36.18,4.42,0.83,0.53,None,23.53,2
86fe54fd-7db1-4df8-b9d4-494224aa7543,2025-08-13,CUST-773224,2,-35,4,36.4,Billing,1,12,Web,3,6,70.21,3,2.28,23.65,5.42,0.68,0.55,None,23.44,2
e94bf7d7-e0f5-457e-adaa-8c19c1c00206,2025-09-18,CUST-488709,3,32,2,7.4,Billing,1,3,App,1,2,77.17,4,6.89,32.9,6.17,0.13,0.96,None,22.3,2
dc056a40-b31b-4735-8136-af9d67f7d693,2026-06-20,CUST-149019,1,-77,1,41.4,Service,0,5,IVR,2,0,91.94,5,1.74,25.43,9.77,0.22,0.71,None,26.78,2
afc2a3c0-fbd1-4bac-b048-9963dcfa702e,2025-08-27,CUST-530828,4,-20,2,62,Technical,0,7,App,1,8,88.33,4,3.13,9.62,2.89,0.71,0.78,None,19.23,4
7fcb6aa0-25e5-4d40-92ea-d17d470fecdd,2025-12-30,CUST-223964,4,53,4,37.2,Billing,0,3,Web,1,10,76.82,2,3.26,35.65,15.87,0.62,0.85,None,21.28,3
8863f30e-d945-4b5c-99e3-91e02111dbfb,2026-07-20,CUST-884936,4,79,2,30.2,Service,0,1,Web,2,5,73.81,3,1.7,32.85,11.72,0.79,0.65,None,13.05,2
a6d0cfc3-8814-402c-bb80-f8cafb6d1b02,2026-06-21,CUST-290104,3,-70,3,32.1,Technical,1,12,App,1,10,93.47,5,0.87,10.77,4.39,0.87,0.92,None,26.71,3
7e172b5d-dac8-442e-9c8a-6cff984c9c43,2026-03-09,CUST-727895,4,15,5,9.3,Network,-1,25,Web,1,8,93.79,4,3.77,25.66,9.89,0.54,0.51,None,9.52,4
25c998d1-db42-4764-8523-1431f2c5366c,2026-07-17,CUST-126356,4,85,4,54.3,Service,0,4,IVR,0,13,70.23,5,2.69,32.71,8.3,0.5,0.75,None,13.81,4
d3e2b1ab-36cc-4ad7-a4d4-448bfd506574,2026-05-06,CUST-190253,5,21,2,25,Other,0,4,IVR,1,3,71.14,5,1.56,18.53,13.25,0.94,0.52,None,9.11,5
3d4cdf77-9325-4495-a796-b34758646019,2026-05-29,CUST-915411,2,-15,1,16.4,Other,-1,0,IVR,2,1,87.28,4,4.36,31.04,12.71,0.99,0.76,None,12.38,4
4dd51313-0263-48d6-916a-31ae1afd508f,2026-07-03,CUST-171455,2,-59,3,48.1,Billing,0,1,Web,2,9,78.6,4,6.54,6.78,16.18,0.34,0.82,Web to App,12.09,2
b7235402-d482-4d6b-96f7-6e32ec636370,2026-06-20,CUST-786784,4,-64,1,50.1,Service,1,2,App,1,2,90.04,4,5.75,36.78,4.62,0.4,0.95,None,12.48,3
28776a4f-278a-47ae-bb1d-d058dcd67fd8,2026-03-20,CUST-875125,1,68,1,39.6,Technical,0,23,Web,2,6,84.81,2,6.67,15.66,8.34,0.18,0.64,App to Web,7.4,4
9209d793-97fc-46b5-a518-bb697733d27c,2026-01-03,CUST-187540,2,-54,4,62.2,Other,1,11,IVR,2,2,93.63,4,3.82,24.77,16.99,0.44,0.77,None,29.5,2
709ea8f9-f219-4120-9e9a-0ef1e7a128be,2026-01-01,CUST-741621,4,30,4,43,Service,0,4,IVR,0,8,82.58,2,9.62,5.53,9.89,0.78,0.8,None,19.6,4
c197055f-fc91-467b-bc44-3fe81eb39574,2025-08-26,CUST-211864,2,13,1,17.4,Technical,0,8,App,1,1,69.31,2,8.7,33.25,16.38,0.39,0.78,None,9.95,1
5969a948-fe34-4fbf-847c-3f3b346801af,2025-09-28,CUST-661992,1,-73,4,33.2,Billing,0,26,App,2,5,75.16,4,6.29,14.45,1.43,0.68,0.51,None,12.53,3
b081d14a-8cb3-4ddf-9bb4-f1fe4416520a,2026-02-16,CUST-142864,4,1,1,43.6,Billing,0,19,Web,0,5,64.51,2,8.99,9.62,5.57,0.34,0.53,Web to App,5.06,2
99750854-7190-4639-a31b-0fcdf9d6f0c1,2025-10-17,CUST-303775,3,33,1,3.5,Other,0,10,Web,0,1,80.72,2,8.74,15.02,19.34,0.36,0.94,None,21.6,3
4c0db437-6843-4633-9ae5-78a190de6ea5,2026-01-21,CUST-783438,3,-54,2,67.9,Service,0,10,Web,2,11,77.17,3,4.17,36.37,10.21,0.62,0.85,None,9.99,3
f3896c9e-0d03-4c9f-9e6e-b531607f3956,2025-08-11,CUST-877971,4,-24,2,58,Technical,0,12,App,1,13,76.4,3,1.78,36.67,10.82,0.71,0.51,App to Web,18.53,4
c9c502f7-31ca-4255-aada-698f7df7ab6d,2026-02-28,CUST-363170,5,-83,1,65.5,Billing,0,16,Web,2,6,72.71,3,3.98,27.36,10.09,0.4,0.97,None,28.4,4
b3b1af6e-62f8-4bc1-bb5d-f9dc7e6b6b47,2025-08-26,CUST-181175,4,-88,3,29.1,Service,1,1,Web,2,9,80.68,3,0.61,9.81,14.03,0.25,0.75,None,26.82,5
1eb2f932-4b4b-439a-8d0b-1927874efd1b,2026-02-11,CUST-642885,5,45,2,2.7,Network,-1,19,IVR,2,3,67.62,1,3.89,29.53,3.41,0.78,0.65,None,8.22,1
a999cffa-8b08-4c0d-a21e-e8f01cb5b2c8,2025-12-24,CUST-209246,3,-26,2,43.2,Network,-1,24,App,1,3,79.58,1,9.08,19.61,17.52,0.16,0.96,None,13.04,2
efdb8ea7-cfa4-4524-9a43-00e73a71ed8d,2026-04-18,CUST-660334,5,-29,0,19.4,None,0,16,Web,0,6,75.03,3,1.3,28.75,6.96,0.67,0.65,App to Web,28.72,3
6874a025-d43b-457d-b05b-d3ecc90c84f4,2026-07-21,CUST-138102,3,-92,2,24,Other,0,29,App,2,10,76.94,3,0.7,34.25,7.73,0.42,0.85,None,26.35,2
d299474f-c6f1-48dd-97e7-04dd1f733372,2025-10-26,CUST-794509,4,34,5,26.5,Other,0,29,Web,1,2,70.98,4,0.75,23.5,4,0.2,0.98,None,28.06,3
bdc9759d-bc99-44ad-85b6-02dd78e6439c,2025-10-03,CUST-212307,5,25,0,52.3,None,0,11,Web,3,6,61.64,5,7.24,10.86,15.38,0.51,0.54,None,10.5,4
498853de-5754-4414-b0a6-acede0bc77af,2026-07-12,CUST-392684,4,58,4,40.8,Technical,1,6,IVR,1,5,90.89,2,5.39,23.87,11.65,0.94,0.87,None,29.68,2
81a92dc3-8c20-43ee-9e51-5cfaae8b3240,2026-04-07,CUST-131234,5,42,0,24.6,None,1,5,IVR,1,5,62.04,2,9.14,37.93,3.16,0.94,0.77,None,19.76,5
91de5b51-2c3d-4b4a-b9e7-ff36698f8ff0,2025-08-18,CUST-485237,4,-1,2,30.4,Network,1,7,Web,1,12,94.06,2,3.95,5.13,16.68,0.16,0.73,None,29.27,3
3a546817-2ff7-4367-9af0-cb950dfd43e7,2026-06-25,CUST-374709,4,-49,1,39.7,Technical,0,8,App,3,3,73.55,2,8.86,20.11,4.39,0.39,0.68,None,6.56,3
deca0356-ee7a-4ed5-a7da-ddf367c71ca6,2025-10-17,CUST-780337,2,55,0,57.6,None,1,23,IVR,1,12,69,5,8.48,13.49,11.22,0.3,0.6,None,7.83,5
c3d28135-4d80-44d6-bc3d-f1157e673662,2026-04-15,CUST-653068,3,18,2,6.8,Technical,1,26,App,3,8,66.19,2,4.59,23.48,2.79,0.94,0.75,None,27.73,4
59b5137f-39a7-4128-beee-2f5a37c89e0e,2025-08-23,CUST-285973,5,-67,3,36.6,Network,1,3,IVR,2,5,64.23,3,4.24,21.53,11.15,0.41,0.88,App to Web,8.86,4
1dea4db5-a218-4b71-b830-5b64302c1a6f,2026-03-05,CUST-860967,2,-80,4,21,Technical,1,28,IVR,2,11,78.61,4,0.88,32.56,16.7,0.21,0.69,None,17.23,3
51a0744d-3d37-43b6-a9ec-3036d1b12e52,2025-07-31,CUST-146155,5,5,0,7.5,None,1,8,Web,0,9,74.83,3,9.65,32.42,2.05,0.52,0.54,None,22.57,1
d8f2bbbb-a243-4b0f-b00f-6bfd0304830d,2025-10-04,CUST-516547,2,-8,3,8.1,Service,0,27,Web,1,12,90.59,4,9.4,7.81,5.02,0.28,0.76,None,23.57,2
8f150788-9ace-4000-95b5-a5eb1877d528,2026-03-13,CUST-551644,3,31,1,63.5,Billing,0,20,IVR,1,9,90.87,2,7.93,29.42,11.6,0.67,0.71,None,5.86,2
70b8c096-0e1d-40af-9f84-7a4a3f156d8e,2026-04-06,CUST-565987,5,-59,4,6.7,Network,0,9,IVR,2,0,82.29,5,1.5,31.5,10.73,0.97,0.8,None,23.95,2
a270e277-5fe5-43fd-a057-444f3d843514,2026-04-21,CUST-490632,4,42,2,1.6,Billing,0,14,App,1,13,73.05,3,3.15,27.24,9.1,0.69,0.78,None,23.49,3
fe27e2d8-9ed1-42e6-8fab-50889a28a70d,2025-09-05,CUST-153292,2,-89,1,47.6,Network,0,1,Web,2,4,75.95,2,9.04,19.44,10.47,0.96,0.77,Web to App,28.93,5
e7c5784c-d6cb-4139-8319-a216f501dcf8,2025-08-17,CUST-262104,3,43,2,38.7,Other,0,1,App,1,11,73.78,3,7.06,29.36,14.53,0.84,0.86,None,29.81,4
7d56f275-5922-48fd-a7b6-61caf7d840a3,2025-11-02,CUST-200780,3,-82,5,41.1,Service,1,15,IVR,1,2,86.25,3,3.36,12.86,13.45,0.59,0.65,None,24.42,4
1890ee42-7efb-4d9c-946c-34ffe2f82f22,2025-09-16,CUST-249382,2,86,4,65,Technical,0,20,App,1,8,88.78,3,0.69,39.46,8.07,0.85,0.81,None,22.07,5
238b6790-9694-4010-af93-45cf8192a836,2026-02-20,CUST-938539,1,99,5,23.9,Network,1,19,App,1,7,90.29,5,5.08,35.99,17.14,0.82,0.88,None,13.34,4
ffff3161-4758-4c4c-a09e-3b05968c0bad,2026-07-03,CUST-168984,3,74,2,64.1,Service,-1,3,Web,0,8,92.25,5,2.48,34.44,3.94,1,0.91,None,27.95,4
8b771cf0-b0d4-4ec0-8e8b-3df190f1d755,2026-05-03,CUST-254170,2,-45,1,33.2,Other,-1,8,Web,3,4,69.91,2,7.3,23.58,12.92,0.11,0.58,None,29.31,5
935a5121-741f-4d6f-9799-edcb04593816,2025-10-11,CUST-385379,4,-73,3,25,Network,0,2,IVR,0,1,91.37,2,9.54,17.42,10.49,0.27,0.92,None,18.41,5
bb76d288-d852-4359-a85a-e7895b82117a,2025-08-30,CUST-487396,1,-32,4,19.4,Service,0,4,App,3,2,73.02,5,4.62,34.9,14.99,0.66,0.94,None,15.43,4
aba74e09-315b-4b98-af26-c6f5ba6fae35,2025-10-09,CUST-342780,4,2,1,17,Billing,-1,27,App,0,10,70.08,3,1.48,13.49,8.05,0.75,0.66,None,19.53,2
41a3b95f-1df2-4d7e-b9ad-b5080789796b,2026-06-22,CUST-783429,4,42,4,30,Technical,-1,28,App,3,11,61.33,1,8.9,25.92,11.68,0.75,0.64,None,16.33,4
e471af35-e4f0-4220-afba-7c79210d838a,2026-03-21,CUST-778611,4,-59,0,11.2,None,0,4,IVR,3,8,85.82,5,1.88,6.37,2,0.78,0.71,None,8.23,4
a2c6886f-d23b-4e7a-9f10-e9ecf8d858fd,2026-06-03,CUST-125264,4,-96,3,31.7,Network,1,8,App,1,8,67.07,3,5.56,32.22,15.63,1,0.86,None,5.67,1
5c44059e-5d77-4685-9961-a910eabccdbe,2026-04-09,CUST-533449,4,78,2,65.9,Service,0,17,Web,1,12,64.2,2,9.62,17.21,8.03,0.18,0.83,None,12.04,2
8bd43437-f115-4272-8a03-8516c7239bd5,2026-04-02,CUST-359311,5,91,2,70.2,Service,1,8,Web,1,12,81.08,3,5.52,32.79,7.95,0.63,0.51,None,22.92,5
f034a2a7-28b7-4854-8b49-66eae622b635,2025-12-22,CUST-961456,4,-69,1,13.9,Service,-1,8,IVR,2,8,73.24,2,6.49,9.29,19.64,0.9,0.58,None,18.63,3
f155c981-b22f-4964-a1b6-c8794dc6c3f7,2026-06-13,CUST-372422,3,-85,5,48.3,Network,1,2,Web,3,4,86.63,3,3.2,9.46,8.21,0.91,0.66,None,16.33,4
d617c204-faa8-43da-87a1-e9192ae2958d,2025-09-02,CUST-510132,3,-99,1,21.3,Billing,-1,2,IVR,1,2,67.64,3,7.48,17.87,9.61,0.85,0.89,None,26.61,2
28eef3a4-c8ef-49ab-9466-a18574a08f75,2025-11-11,CUST-892177,4,-33,4,67.1,Other,1,13,IVR,1,11,76.24,3,4.76,32.78,9.51,0.76,0.53,None,7.26,4
16ec7117-dff4-4593-af7a-aac4c2a45c77,2026-06-01,CUST-262547,3,21,0,33,None,0,25,Web,1,1,88.44,5,5.5,16.35,16.02,0.73,0.6,None,8.6,1
b27e35b3-e365-4a27-a24b-d56ebfd9bd03,2026-07-16,CUST-312621,5,12,3,22.3,Billing,0,6,Web,3,12,73.59,2,1.83,33.75,13.65,0.19,0.69,None,10.59,2
c9a3d52a-c48f-4ad8-8dcf-f6145310d152,2026-05-21,CUST-571565,4,-55,5,2.2,Technical,1,2,Web,2,7,85.9,5,0.74,18.68,16.32,0.68,0.86,None,15.94,4
4515a19e-a3bc-4a24-b30c-b637a4c766a7,2025-11-10,CUST-962807,4,76,4,59.6,Service,-1,12,Web,0,6,89.04,3,9.6,13.18,1.51,1,0.82,None,13.69,4
d0aabc8a-527f-40bd-9e5f-d56ad414f917,2026-03-31,CUST-535197,4,87,1,38.8,Service,1,16,IVR,1,0,91.74,4,2.29,34.22,4.15,0.71,0.64,None,18.09,2
34921a07-d95c-4046-818f-7bf6f4841608,2026-07-14,CUST-553689,2,16,4,39.8,Service,-1,24,App,2,10,77.24,3,7.1,36.86,5.73,0.63,0.54,None,20.49,3
7213c016-6d06-4da3-ad17-642b7b888683,2025-10-10,CUST-706476,3,-2,3,35.3,Other,0,4,IVR,2,8,78.69,3,7.7,21.45,5.6,0.75,0.51,None,21.8,3
d9ffc83d-32cd-45c7-8fd7-5f1f54a3115c,2025-08-22,CUST-644311,3,51,1,16.8,Network,-1,21,App,2,4,61.34,1,1.89,16.06,6.25,0.63,0.56,None,15.02,4
e1f1fa74-3786-4394-bb2f-c0d6bf1aa1a4,2026-04-08,CUST-340625,2,91,1,5.2,Network,-1,17,Web,1,3,87.77,4,2.34,29.8,14.76,0.66,0.82,None,21.38,5
21e070b0-97c7-4cf3-8e4c-256b5bcb8885,2025-09-21,CUST-760121,2,-31,3,13.9,Other,-1,29,Web,2,12,63.92,2,3.03,9.23,6.41,0.91,0.57,Web to App,27.08,3
4fb43575-f1b4-41e9-aa5d-a02d6f9a2326,2025-11-10,CUST-549949,3,34,3,59.8,Network,-1,16,IVR,2,11,94.26,4,6.59,37.82,3.87,0.23,1,None,17.81,3
d18f795d-6697-4699-b4d7-cfaddf6d3f83,2026-07-13,CUST-424144,1,-10,1,27.2,Billing,1,29,App,3,4,60.59,4,7.93,16.55,17.49,0.96,0.73,None,24.69,1
1d17586b-1e92-4110-9be8-914b20566147,2026-06-09,CUST-228175,5,-7,4,50.7,Network,1,29,IVR,1,3,69.81,1,5.72,29.24,1.37,0.1,0.7,None,9.96,4
ed1af0fd-90ae-4f1b-856b-6bd67d83c8af,2025-08-14,CUST-613085,1,-69,2,15,Service,0,8,IVR,1,11,77.13,5,0.59,14.68,3.72,0.45,0.83,None,6.84,2
abfdaa6c-adca-4a0e-850d-96f286f1259e,2025-09-20,CUST-745828,1,-99,3,12.5,Network,0,20,IVR,2,12,89.16,2,6.59,39.5,15.5,0.49,0.9,None,26.21,5
226b33a4-f547-414c-8122-36c8e5ab66a1,2026-02-27,CUST-770725,4,-67,5,60.7,Technical,0,13,Web,0,12,78.77,5,9.56,18.23,16.6,0.2,0.66,None,23.72,2
cd7ce660-7f6f-4eaa-b4bf-200ea6b4e518,2026-04-27,CUST-972515,4,38,3,56.6,Network,1,14,Web,0,14,70.08,2,9.08,11.3,6.06,0.99,0.82,App to Web,25.83,2
a00b801c-2d3f-4694-9821-553759b64a84,2025-10-31,CUST-621888,5,-21,5,10.1,Other,0,19,App,1,4,93.5,4,3.49,29.62,15.8,0.85,0.65,None,6.47,1
ec8ecb36-b07f-4703-a3e6-5e70212aada4,2026-07-03,CUST-170768,3,-17,5,56.3,Other,1,15,App,2,11,76.42,2,9.1,33.45,3.96,0.3,0.8,None,14.13,4
22c418a4-986e-4e9e-8fb9-15bd918ccb22,2026-06-16,CUST-841293,3,51,5,56,Network,0,29,Web,0,6,88.6,3,1.12,11.28,1.93,0.55,0.74,None,5.41,3
7e1f4a5d-9f26-4497-8b17-a6a13a2e5d76,2025-11-18,CUST-254520,3,-44,1,45.2,Billing,1,25,Web,0,10,91,2,1.88,39.17,18.74,0.73,0.68,None,6.44,1
d26fcc61-fd24-4325-a9b5-9cc753b0c3e7,2025-12-24,CUST-370069,4,25,0,19.4,None,0,12,App,2,0,60.64,5,3.78,29.55,4.81,0.56,0.84,None,19.39,2
f009c5ba-cf3a-49fa-884c-e592f5b332b1,2026-03-24,CUST-434408,2,55,0,50.8,None,1,10,App,1,1,70.48,2,9.89,16.95,7.61,0.24,0.83,None,18.57,4
9cf1fb5a-2bf1-4e02-b0fb-b62988ee0358,2025-09-12,CUST-868233,1,2,4,58.3,Network,1,1,IVR,1,11,63.43,2,9.96,16.93,3.56,0.46,0.76,None,20.11,4
d1067d34-a18b-40c6-a248-4c280927dbda,2025-12-11,CUST-107338,2,17,2,69.8,Network,1,6,App,2,4,61.02,1,1.63,37.87,18.55,0.33,0.53,None,13.75,2
9ceefb0c-e9bc-477c-b9ce-392bcdba7a13,2026-05-25,CUST-652453,5,-54,4,31.7,Other,-1,10,IVR,1,9,88.77,5,1.46,23.45,9.24,0.5,0.84,None,7.56,3
1f85490c-54cd-4e3c-824a-9a6ac5bf6864,2025-11-23,CUST-113523,3,54,3,71.4,Billing,0,17,Web,1,10,68.8,4,5.07,23.11,13.42,0.58,0.54,None,29.92,5
f789ab72-b4a9-4531-bcc5-9d6a0167e092,2026-01-27,CUST-228760,5,57,2,42.2,Service,1,5,Web,2,6,73.54,2,3.91,31.27,10.6,0.44,0.56,None,19.89,3
4b21d80b-bc2b-4d5c-b4c2-54151bf7b498,2026-03-17,CUST-766382,2,-95,3,44.3,Other,-1,11,App,1,5,60.54,2,5.85,16.48,13.79,0.91,0.61,None,8.09,1
6d6359af-c5db-42bd-b1ee-b198138e3432,2025-10-24,CUST-416250,4,-73,1,2.9,Other,-1,19,IVR,3,12,76.57,5,5.37,13.97,4.51,0.56,0.62,None,20.62,2
624ecfe7-3a28-4012-b144-692729f9a2cc,2025-12-12,CUST-342030,4,-41,1,52.1,Service,0,13,Web,2,3,80.58,2,1.27,39.63,11.05,0.72,0.82,None,27.6,4
8176d68f-1470-4faf-95e6-bee0c8086a90,2026-06-02,CUST-149095,2,12,2,62,Service,1,8,IVR,1,8,61.06,4,4.05,20.62,2.48,0.11,0.99,None,19.3,2
c1029716-4e54-4065-bcaa-599cfad605dc,2026-01-08,CUST-495746,1,-29,4,70.4,Technical,1,16,Web,3,14,61.96,4,9.16,30.01,14.43,0.94,0.53,None,22.19,3
1077ae63-2f6f-4a6a-a238-b224cd0816e9,2026-06-03,CUST-890124,4,-31,1,20.6,Other,-1,22,Web,3,5,84.41,3,7.51,38.45,7.34,0.3,0.58,None,10.26,2
ba683115-c140-4923-8927-30e013aa8c8b,2025-08-20,CUST-768436,4,81,3,57.1,Billing,1,27,App,2,0,63.64,2,7.3,11.54,18.53,0.88,0.66,App to Web,12,3
5855b089-6d62-4bee-b10c-9570689de694,2026-01-02,CUST-173875,3,94,5,62.5,Service,0,19,IVR,1,6,74.77,2,2.08,33.92,10.63,0.87,0.79,None,8.08,3
c069b9bc-b0ac-45ab-b671-4bfacf07dd23,2026-06-14,CUST-574208,4,-71,1,34.8,Service,0,4,App,2,4,76.87,4,7.67,16.79,19.77,0.35,0.62,None,22.59,2
03aa6fbb-3e8a-4a18-b33e-986f410a6433,2026-02-25,CUST-639217,3,87,1,29.7,Billing,0,3,IVR,3,7,80.05,2,6.21,18.57,19.41,0.58,0.85,None,11.79,4
e57a9837-e465-4513-8a89-c46acaa28bf6,2026-07-21,CUST-150154,4,99,3,58.5,Other,0,14,IVR,1,2,62.5,4,3.24,29.34,8.71,0.43,0.71,None,23.66,4
d829a62c-6e98-49ad-9829-e959a15f93d9,2026-06-27,CUST-195299,3,22,1,14.2,Network,-1,6,Web,3,8,70.39,3,4.31,5.87,12.03,0.63,0.67,None,29.56,4
86bd7950-499d-4241-a843-a5ece190ba52,2025-12-15,CUST-377244,3,-1,4,50.3,Technical,0,3,Web,0,11,92.48,1,1.45,8.03,9.3,0.48,0.8,Web to App,6.54,2
90220cad-08e9-404f-aab4-98114fffab78,2025-08-27,CUST-688114,2,-30,5,4.7,Billing,-1,17,Web,1,3,60.63,2,8.62,21.46,3.67,0.51,0.69,App to Web,20.13,4
57124c1c-667c-42da-b9df-de65a75c40b6,2026-04-19,CUST-125385,1,-67,3,38.1,Network,0,13,Web,1,8,85.51,4,9.53,28.19,17.78,0.84,0.56,Web to App,8.14,4
16b34efc-2f8b-4285-9345-26d2f0fe32d5,2025-08-13,CUST-733492,4,-91,4,63.3,Technical,1,1,Web,3,2,64.15,4,9.27,33.3,13.07,0.24,0.79,None,13.48,4
52c2ef40-fca7-40f5-afdf-2ad10c28f006,2026-02-17,CUST-489230,1,56,2,58.4,Service,-1,1,IVR,2,7,92.21,1,0.94,25.95,17.8,0.28,0.66,None,14.17,3
c3859c41-3133-459e-b522-a48aabbda6ae,2025-12-10,CUST-489763,5,-97,0,43.1,None,-1,19,Web,1,6,94.32,3,6.5,21.03,11.27,0.59,0.78,None,25.91,3
aae13ff7-35e8-4720-a0ae-a346c42c0a77,2025-12-30,CUST-718556,2,-86,4,33.8,Network,0,27,App,0,6,89.63,3,9.56,26.38,2.78,0.85,0.56,None,15.39,4
7e0ee121-9f28-42ac-953f-7f90d9f0ea49,2025-12-27,CUST-637378,3,16,1,23.8,Technical,-1,1,IVR,3,7,75,2,1.43,12.11,14.1,0.3,0.72,Web to App,28.12,5
af089812-2343-4c0c-a011-2ee4bb5bfd7c,2025-07-28,CUST-863328,5,-65,2,33.1,Technical,0,1,Web,0,13,72.21,3,4.8,37.86,19.56,0.22,0.67,Web to App,6.3,3
89473cb7-0825-4c38-96c4-5696f6f7a439,2026-02-05,CUST-580147,3,30,3,69.4,Technical,1,5,IVR,2,4,64.62,4,1.85,6.03,14.34,0.39,0.76,None,29.97,1
a4dc1b2f-e982-4aed-a007-368cfbc2ce15,2026-02-05,CUST-146348,3,3,1,48.6,Technical,1,11,App,2,6,62.97,3,8.34,17.35,9.19,0.52,0.54,None,12.08,2
90e5b54f-3c50-42db-ab20-e4e515531855,2026-06-28,CUST-592884,3,-47,1,39.1,Technical,1,26,Web,1,7,86.15,5,0.37,22.46,11.83,0.61,0.81,None,29.42,2
a54c9685-36c9-4358-8f98-bb2db9997741,2025-10-27,CUST-982149,2,14,0,46.2,None,1,5,App,3,5,93.38,3,5.23,6.35,9.55,0.88,0.73,None,13.68,1
d5029916-4d7e-496c-8aba-b2a4f48cee8c,2026-07-12,CUST-537312,3,-51,4,34.3,Billing,0,15,IVR,0,14,64.46,1,9.54,13.08,18.99,0.16,0.66,None,17.06,3
010f83bf-2dad-452b-a848-2c2dbac699e4,2025-10-11,CUST-524785,2,51,3,21.5,Other,1,9,Web,3,8,61.37,2,4.89,37.67,10.16,0.2,0.56,None,28.87,4
34ecc575-d198-44ce-855f-d608b5a707b8,2025-07-26,CUST-859058,2,-88,2,12.8,Other,0,0,App,3,8,84.27,3,7.14,22.39,12.65,0.69,0.91,None,5.52,4
f6647e01-f750-44cf-bb15-56d981c2b47d,2026-07-14,CUST-903690,3,57,2,58,Technical,-1,11,IVR,3,7,89.2,3,8.77,11.21,8.11,0.45,0.51,None,8.46,4
436209c6-2af0-4994-a602-799df93948e5,2025-08-08,CUST-319154,3,-6,0,60.4,None,-1,19,IVR,1,3,92.75,3,3.36,6.98,5.55,0.97,0.76,None,13.45,1
77eee158-e3ac-459f-b229-3e8fe2d88ee1,2025-12-08,CUST-493695,5,97,3,26.8,Billing,0,11,IVR,1,0,70.21,4,2.17,34.55,5.18,0.54,0.72,None,24.48,4
a9180a5a-8c67-4b24-bca1-4a2b5afa1cce,2026-07-18,CUST-792694,2,-26,3,58.1,Service,1,22,IVR,3,10,69.47,2,5.46,5.6,6.04,0.32,0.78,None,23.01,4
5ea86f05-48e5-452c-83a1-bbea220d27b1,2025-12-10,CUST-901431,4,11,2,17.8,Other,1,23,App,1,7,83.99,4,6.05,28.87,13.98,0.91,0.78,None,27.62,3
649d13dd-b20e-426f-9c03-8e62b33ce178,2025-10-13,CUST-392638,3,-48,4,13,Service,0,19,Web,2,11,87.4,3,8.87,15.4,12.37,0.51,0.51,None,22.87,2
2c6d96de-0cff-4688-afbf-099e9db3a454,2025-07-29,CUST-968963,3,-75,0,17.6,None,1,23,IVR,1,6,61.31,3,7.15,18.01,1.32,0.15,0.6,Web to App,12.3,1
0fb42a2a-b8e3-479a-b0e0-d0ca16a08c56,2026-06-02,CUST-460231,2,84,4,28.8,Technical,-1,18,Web,1,3,89.05,4,7.1,7.95,7.13,0.8,0.82,None,15.18,4
f9c74e4f-7da7-48b5-8c34-03586ee18e5d,2026-02-05,CUST-299413,3,-11,1,64.6,Service,-1,13,Web,3,12,60.56,3,2.34,20.77,15.93,0.66,0.64,None,17.19,4
a1198903-de7c-44b5-b7ea-f3c9061c9eb7,2026-01-03,CUST-477741,4,-79,5,20.6,Billing,1,14,IVR,3,5,71.06,3,9.35,34.82,17.23,0.15,0.9,None,12.39,4
329aee26-dadb-4b54-b10e-d9c6e6061961,2025-11-17,CUST-869679,3,60,0,68.9,None,1,10,App,1,13,78.71,4,3.43,26.02,13.85,0.16,0.57,None,11.03,5
f6884f99-3c2d-403f-9111-bb5468760bf9,2025-11-04,CUST-809841,5,12,1,56.8,Service,1,28,Web,2,11,71.95,2,7.48,25.97,7.73,0.65,0.87,None,17.42,3
03fac456-d98e-442c-9916-222edab92133,2026-04-14,CUST-567628,3,-78,3,48.4,Service,1,21,IVR,2,6,82.48,3,1.46,31.34,18.6,0.76,0.77,None,5.56,3
743430bf-31c9-4671-b8ee-12bec94761ba,2025-09-24,CUST-862165,5,71,0,39.6,None,0,25,Web,0,4,89.25,3,9.08,13.83,16.87,0.36,0.98,None,18.18,1
ad09e90b-b1fe-450b-90ef-9ffbdeceb67c,2026-01-02,CUST-944455,3,-23,2,12.2,Technical,0,24,Web,1,13,62.55,5,3.24,9.54,16.11,0.69,0.95,None,19.79,5
9ecb0df6-eba4-4627-bd6e-7d72fc8787bc,2026-03-12,CUST-973823,1,-66,3,43.7,Service,1,2,IVR,1,12,73.69,1,8.13,34.93,16.77,0.86,0.57,None,28.75,3
9d95f99f-e817-46d0-b508-ac388bdf3863,2025-07-30,CUST-670649,4,63,1,41.3,Service,1,29,IVR,3,9,92.14,4,3.95,39.77,18.74,0.84,0.82,None,10.95,2
8ce1ff5b-2eb8-4d51-9207-f727948fba98,2026-01-13,CUST-575362,3,-5,2,50,Network,1,14,IVR,2,10,70.85,4,4.71,30.12,18.22,0.9,0.68,None,25.85,2
7af089e6-1cb5-48ba-ae89-617aa06a09fe,2026-02-10,CUST-214408,1,-97,4,21.5,Billing,1,14,Web,3,14,60.22,1,3.04,10.2,2.43,0.89,0.68,None,28,5
519942f6-01bd-4050-bc3c-aed0d4ef068b,2026-06-20,CUST-667368,1,-80,4,37.5,Other,-1,23,App,2,8,71.33,3,5.52,12.2,10.56,0.48,0.85,None,21.02,5
3a12d0c7-c5a6-4b5a-9a02-356ce1a4b62c,2026-03-28,CUST-311436,1,-55,2,61.6,Network,0,13,Web,1,8,84.45,3,7.29,11.08,15.03,0.45,0.98,None,14.57,2
17afb2d0-841e-495e-a7d7-9bb15b34c387,2026-06-15,CUST-214205,5,20,1,30,Other,1,4,Web,3,12,63.91,1,7.79,26.19,19.57,0.8,0.66,None,5.27,1
0b284612-9590-46c4-8563-a79beabdb11e,2026-01-31,CUST-781696,1,32,4,16.4,Billing,0,6,Web,1,10,72.04,1,1.76,11.47,2.21,0.84,0.53,None,24.92,2
9a432190-00f3-419c-ae5e-f9c13ecc3ff4,2026-01-18,CUST-723692,5,7,4,55.2,Technical,-1,0,IVR,1,5,89.6,3,7.93,11.86,18.82,0.9,0.57,None,17.34,4
6d7ab4e5-8751-4544-b11f-7ce6504823ef,2025-09-12,CUST-447852,5,-1,1,38.6,Technical,1,10,App,0,7,92.59,4,0.5,8.41,6.38,0.89,0.67,None,9.22,1
efd030c9-1aa4-48c9-b4b3-f6e3ee544fa7,2025-09-12,CUST-128701,4,56,3,3.4,Billing,0,19,App,1,1,66.21,5,3.97,33.78,1.13,0.17,0.67,None,5.24,2
b70d8542-34ac-4ba5-a0ff-1da78871deb0,2025-10-21,CUST-343837,4,-56,1,39.2,Billing,0,18,Web,2,6,80.76,2,2.07,35.14,13.11,0.13,0.56,None,18.01,5
6de0f07f-9959-486d-851e-bd48a1e9e5e5,2026-07-16,CUST-270601,5,-92,0,50.7,None,-1,7,App,1,9,71.6,2,6.86,32.08,2.46,0.74,0.77,App to Web,6.56,4
5d0d8516-c3b1-445a-9833-013d3bdc2c6a,2025-09-08,CUST-178143,2,-22,5,48.1,Service,1,29,IVR,2,3,70.99,5,2.08,5.79,1.26,0.18,0.78,None,17.88,2
88731482-5a51-4512-b7d5-d45e7302180e,2025-09-22,CUST-148495,3,93,4,27.2,Technical,1,16,Web,1,12,81.39,3,2.56,23.78,13.7,0.96,0.65,None,19.42,3
838c23b4-a10f-4070-a97a-e1d2a6b62845,2026-05-02,CUST-105182,3,13,2,60,Billing,1,10,App,1,10,74.99,5,1.3,36.41,18.94,0.34,0.55,None,28.6,2
01a8480e-8269-4580-ac3b-3ae0bc031854,2025-11-14,CUST-352355,4,51,3,31.7,Network,1,23,IVR,2,1,85.2,2,7.53,39.9,19.17,0.4,0.76,None,5.55,4
a461ec38-61ac-47df-9f0d-a5816d5dfd82,2026-04-21,CUST-855015,2,51,2,70.9,Network,1,27,App,0,2,84.73,4,5.8,23.36,13.78,0.43,0.98,None,18.02,4
21dba590-359c-4f14-8489-5b8575995ea6,2026-02-15,CUST-384007,3,-22,2,52.2,Service,0,29,Web,1,0,86.03,4,0.49,32.2,11.82,0.32,0.73,None,22.08,5
1cd17144-c769-44df-8ba7-0a181449f486,2025-08-31,CUST-751846,3,49,4,61.1,Billing,0,13,Web,1,5,68.06,1,0.24,37.23,10.72,0.52,0.89,None,11.93,3
451cbe64-5cf8-4968-9d09-accd71f95eb9,2026-04-06,CUST-976963,2,82,5,33.7,Service,1,20,IVR,3,11,60.5,2,5.21,39.53,5.21,0.93,0.84,None,5.73,4
1425a1c0-c4b0-4a3c-9e25-9565048bb400,2025-10-29,CUST-335765,4,-65,3,38.2,Network,1,20,App,0,8,94.44,4,8.82,6.87,14.21,0.84,0.93,None,16.92,4
ab87dcf0-e7e0-460e-a360-eea2640ea25b,2025-11-14,CUST-275422,4,85,0,30.6,None,0,2,IVR,2,8,86.33,1,5.46,17.89,13.84,0.37,0.86,None,14.67,4
4ffb2dde-09f7-4e6a-8c6c-e95359b835f8,2026-02-27,CUST-484168,3,53,1,37.4,Other,0,30,Web,0,3,86.2,2,3.55,38.62,2.53,0.86,0.67,None,16.93,3
c8455144-f28a-4250-bcc3-0d27d2059de9,2026-05-25,CUST-395832,3,-27,3,35.1,Network,-1,22,Web,3,7,94.04,4,4.27,10.8,7.69,0.21,0.76,None,16.85,2
7b08c61b-2205-4656-9405-7091257f0ff0,2026-02-24,CUST-425220,3,59,0,10.5,None,-1,1,App,0,8,64.42,3,2.04,13.81,1.73,0.86,0.66,None,28.99,5
a5282391-f5d6-4bb3-8abd-1adace55ec9d,2026-02-01,CUST-574576,3,66,4,3.3,Service,0,14,IVR,2,8,64.93,2,3.6,32.86,15.98,0.37,0.58,None,18.87,2
65efb611-8697-4fd3-a9dd-583a9c29ad87,2025-07-30,CUST-946184,4,94,4,29.7,Network,0,24,App,0,9,83.81,3,0.38,17.45,4.61,0.49,0.85,None,19.11,5
624b7cdb-e9eb-4dc7-b35f-7512e764a9a4,2025-10-22,CUST-934436,2,-42,4,21.3,Technical,-1,16,IVR,0,10,61.04,2,4.96,30.58,3.57,0.92,0.73,None,29.33,2
f4a0c8f9-9d2a-4c9f-86e5-c383e9fbfc6b,2026-07-05,CUST-228415,3,7,2,40.8,Network,1,4,IVR,1,10,76.01,1,6.18,30.68,8.79,0.89,0.83,None,21.48,5
8ccb5940-179a-4a2e-9d9b-3623c9fe433e,2026-07-24,CUST-356804,1,-23,3,42.7,Billing,0,11,IVR,3,3,79.25,4,8,26.92,16.78,0.67,0.98,None,19.05,3
30861b8c-1e65-47d5-8fab-edb865f73b77,2026-06-20,CUST-300908,3,-69,2,45.5,Billing,0,7,Web,2,5,88.57,4,3.04,23.07,12.82,0.66,0.53,None,26.24,5
7f88bae2-329e-47c2-bc23-f2bf95d82619,2025-09-20,CUST-840840,4,81,2,18,Other,-1,20,Web,1,10,73.17,4,4.15,13.89,2.49,0.29,0.52,App to Web,27.39,1
db6d434b-31a9-4c57-83b5-1976f173eebc,2026-05-07,CUST-450702,4,13,0,7.1,None,0,2,Web,0,6,72.02,3,4.28,28.6,3.49,0.58,0.83,None,28.47,2
e563809d-3785-4fab-b175-63296b481f46,2025-11-06,CUST-470242,1,95,4,47.4,Other,-1,18,Web,2,10,62.13,2,5.01,31.57,12.04,0.87,0.52,None,20.75,5
5fdc6b75-a620-45ba-8ecd-e99caa24aa90,2025-10-29,CUST-458686,3,78,4,1.8,Billing,-1,20,Web,2,8,80.95,4,1.26,21.38,3.55,0.92,0.62,Web to App,5.19,2
d8eec5c6-c590-4b73-b2d5-48af8d6061ca,2025-12-21,CUST-375039,3,16,5,37.2,Service,0,30,IVR,3,5,70.42,3,9.11,10.49,7.24,0.52,0.91,Web to App,26.24,2
33328ca9-b2f4-4d3a-88b4-de62bd04c07a,2025-09-05,CUST-641434,4,-39,0,71.1,None,1,3,Web,1,8,79.29,3,7.63,34.92,13.02,0.93,0.99,None,27.47,4
8fb93741-e9ed-4444-acd5-d2f10a2338e9,2025-09-27,CUST-971561,5,-99,0,15.9,None,1,3,App,1,14,75.32,3,4.45,24.07,18.46,0.75,0.73,None,26.34,3
95c3ced0-3222-4d58-9c20-a681792eb28b,2025-08-06,CUST-106953,2,-58,1,46.2,Technical,1,23,Web,3,9,79.71,4,8.07,5.83,12.91,0.93,0.61,None,24.1,4
b30bbf88-4cae-4426-b647-264e4ff8669e,2025-08-12,CUST-703296,5,-100,1,2.3,Billing,1,16,Web,1,12,89.4,2,9.93,15.06,18.65,0.66,0.85,None,27.29,3
36fb86e4-6577-4494-8f4c-09179a08cd02,2026-04-04,CUST-161971,5,67,0,48.1,None,0,7,App,2,11,91.41,5,7.47,9.47,16.65,0.7,0.94,None,13.87,3
95e0bf45-ef99-4905-90bb-21d2eebc7b48,2025-09-11,CUST-691161,2,14,4,7.3,Network,1,15,IVR,1,14,75.34,2,7.92,21.26,16.11,0.4,0.86,None,5.25,2
f9b3aeb5-29cd-4ebd-a290-80b14eee245f,2026-07-07,CUST-373481,3,64,1,60.8,Technical,0,26,IVR,2,3,89.6,2,3.74,19.85,9.59,0.45,0.91,None,14.54,2
4c0add89-0741-437b-86fa-6e724b4d03c7,2025-08-31,CUST-531775,1,79,1,60.5,Other,0,18,App,0,10,67.79,4,6.31,19.19,10.19,0.43,0.73,None,6.56,3
770f93da-ce3a-41d1-b6e1-ab9d0071aa68,2026-02-10,CUST-759929,3,-17,1,64.9,Billing,0,21,App,2,6,90.52,3,3.82,21.42,9.96,0.96,0.93,None,14.83,2
09d233a7-c73f-4078-b61d-7edc880498a0,2026-02-28,CUST-329725,5,23,2,66.9,Network,1,4,Web,1,14,67.68,2,6.73,37.73,17.01,0.78,0.89,None,27.77,2
cfc7705f-9de7-4586-829e-0e64a99dadb1,2025-12-11,CUST-310831,5,-36,3,25.8,Billing,0,18,IVR,2,11,67.43,3,1.6,35.76,13.24,0.14,0.55,None,16.72,2
2c737966-b6de-4c70-955b-9b5fd978bc16,2025-10-22,CUST-339804,2,-87,1,33.4,Network,0,4,Web,2,4,67.14,4,6.44,7.44,2.6,0.73,0.52,Web to App,26.79,5
2b95ee68-b0c1-48e2-a29a-d995307814b4,2026-03-25,CUST-149022,4,-62,0,5.5,None,0,27,App,3,12,80.09,3,4.17,26.42,5.65,0.52,0.91,None,22.37,3
da02b44c-280a-4213-9aa2-67548cd82a91,2026-05-06,CUST-915927,4,-32,1,13.5,Technical,0,10,Web,1,11,94.82,1,1.86,21.79,14.33,0.2,0.68,None,28.69,1
544694ce-826f-4d49-a2ed-99916781b976,2025-12-02,CUST-846871,4,-29,0,23.5,None,-1,2,IVR,1,7,88.63,1,2.73,23.3,17.03,0.42,0.91,None,6.06,3
43487b09-9ac2-432f-af3b-cfed6066d6f5,2026-06-04,CUST-132802,1,-78,1,71.7,Network,0,22,IVR,1,1,68.46,4,0.44,16.33,7.25,0.38,0.98,None,10.3,2
0b334b98-2cdf-41e0-98f0-825cc8c9d844,2026-02-05,CUST-432812,2,36,4,11.4,Service,-1,6,Web,2,5,92.92,4,8.11,20.27,14.05,0.9,0.64,None,23.83,5
dd7ee22d-a8b4-4f41-a8ac-4a06dbacb880,2026-03-29,CUST-902183,4,46,3,61.1,Technical,1,5,App,1,2,88.52,4,1.7,18.57,5.21,0.63,0.6,Web to App,11.17,3
5fde8f52-90cf-441e-b4d4-6315f07d8de2,2026-07-23,CUST-952327,3,65,1,70.2,Technical,1,2,Web,2,6,92.32,3,6.01,14.53,7.1,0.88,0.75,Web to App,19.8,2
5bab83a7-7df5-454c-b4ac-bf27ab727da7,2026-02-11,CUST-839687,3,-10,2,51.2,Billing,0,20,App,1,13,76.51,2,2.9,24.42,1.84,0.89,0.97,None,14.04,3
12ee7fc2-5de4-4e94-a9e6-f048a027d296,2025-08-27,CUST-453277,5,-41,5,7.7,Technical,-1,5,App,3,8,67.29,3,7.57,14.06,9.34,0.49,0.75,None,20.7,1
9d404ea5-8bf4-451a-9437-56b3e9240b97,2025-12-08,CUST-908439,4,-67,5,32,Other,1,20,IVR,2,12,78.75,1,9.19,36.58,18.03,0.72,0.66,None,10.76,1
efac65ee-2645-4ed3-b976-c7306a9ad41b,2025-08-12,CUST-810607,2,-43,3,32,Service,-1,6,Web,1,12,89.76,4,7.65,9.09,19.82,0.36,0.54,None,8.39,4
d75813e9-e36d-4965-aded-d1a52ec63f4a,2026-06-06,CUST-404324,3,-22,3,70,Other,-1,11,IVR,2,10,72.69,2,7.37,30.45,14.25,0.41,0.62,None,14.95,5
1df35c4b-4bbe-4040-b41e-63246a8bcabe,2026-06-25,CUST-598934,3,-78,3,36.5,Billing,0,26,App,2,2,66.57,3,3.76,6.98,13.41,0.81,0.6,None,17.62,1
4390aa63-be80-4190-9c7d-0275acc5d908,2026-05-30,CUST-387064,3,65,0,37.4,None,0,7,App,0,10,62.01,2,1.21,12.02,10.85,0.83,0.85,None,25.46,2
5ebad629-6a06-4cd9-83de-b32a2f955222,2025-10-16,CUST-706101,3,-92,4,62.7,Network,-1,23,Web,2,5,72.33,3,7.83,17.32,18.5,0.48,0.54,App to Web,27.98,4
e423739d-0f17-408f-b74f-66a0fc151871,2026-07-06,CUST-166510,2,89,0,10.2,None,-1,28,App,3,11,92.29,2,9.16,18.33,5.03,0.16,0.68,None,29.46,2
222c8275-86d4-4599-8c51-08e32e9fd839,2025-12-19,CUST-792204,3,-9,3,68,Network,1,21,Web,0,3,69.44,1,5.27,9.73,13.9,0.88,0.89,None,21.14,2
05ba0835-11fe-4424-84c7-b733c6320b64,2025-11-18,CUST-595051,5,49,4,50.5,Technical,1,9,App,2,7,94.23,5,0.71,29.27,9.88,0.2,0.76,None,29.52,2
56a9d92e-a53b-45b9-a34c-3fb86b0d7797,2026-06-29,CUST-542386,3,10,5,9.8,Billing,-1,6,Web,0,4,65.95,2,7.11,29.11,9.35,0.73,0.53,None,21.32,3
0aa081ac-d581-4070-af6c-eda253e9a73e,2026-03-18,CUST-432265,2,39,3,3.7,Technical,-1,27,Web,3,5,79.66,5,8.08,16.37,5.76,0.86,0.85,None,10.2,2
47904971-8373-467e-9ce1-0283c7879883,2026-07-15,CUST-982114,2,33,3,64.5,Network,0,30,Web,0,10,63.65,3,9.67,33.18,7.52,0.25,0.87,None,7.43,4
cff6e2ac-bdd7-462b-8002-b827fba35700,2025-09-19,CUST-697264,2,54,0,51.5,None,0,7,Web,0,4,92.5,1,3.87,15.73,13.89,0.62,0.67,None,26.71,3
443e0fa9-da78-4644-92f1-d89e4a8fab13,2026-05-25,CUST-274144,4,10,2,38.2,Network,0,28,App,2,4,68.74,3,2.24,26.55,6.34,0.62,0.52,None,21.65,2
3f90bfb1-c996-4666-8951-476ed04fc456,2025-10-22,CUST-927168,2,78,3,43.4,Technical,0,29,IVR,0,7,76.61,3,4.74,37.07,17.79,0.63,0.9,None,17,4
ea0b952b-007b-4326-8fda-a2f50f3a3370,2026-03-26,CUST-668103,3,-94,4,32.1,Service,-1,16,Web,1,11,90.33,3,2.58,27.25,10.58,0.48,0.92,None,21.95,2
3afa5cf7-26ca-4dd3-a6c3-f1a317134a74,2026-05-31,CUST-226048,3,35,3,22.9,Service,1,21,IVR,2,2,94.96,2,4.41,11,18.96,0.51,0.64,None,6.47,3
498c2ef2-4dae-47fc-870b-e4cc5cdb9ddf,2026-07-03,CUST-479302,2,-68,5,62,Technical,-1,20,Web,2,7,94.7,2,9.41,30.75,11.7,0.32,0.98,None,27.66,3
cddcae02-f83a-40e8-903f-0f3b4ec0ce0c,2026-05-18,CUST-265839,5,87,0,42.8,None,0,23,IVR,3,13,69.88,2,8.38,36.33,5.79,0.46,0.54,None,9.37,3
7db6532f-0f66-4be4-9402-a64a5b8c1d6b,2026-06-07,CUST-852075,1,27,4,17,Billing,1,6,App,2,4,88.64,4,3.86,29.96,18.29,0.18,0.71,None,13.5,2
a677267c-99f5-4f69-a92c-c655e7fd009f,2025-08-21,CUST-552710,2,58,3,19.8,Network,-1,28,IVR,3,12,77.89,2,8.71,17.4,11.52,0.31,0.6,None,21.69,5
0824f168-3dd4-4bf5-a879-f9a799379617,2025-10-11,CUST-584653,3,39,3,8,Service,0,29,IVR,1,0,89.46,2,3.55,39.84,17.12,0.33,0.95,None,16.12,1
70c456bd-1e32-453b-aaf4-e812aed50e49,2026-04-09,CUST-896115,2,49,2,69.4,Technical,0,9,IVR,2,1,78.96,3,7.87,16.49,1.43,0.23,0.75,None,7.78,2
5dd0d573-b4ad-4763-94af-5071b269307a,2025-08-19,CUST-620732,5,26,5,13.2,Billing,-1,5,App,2,3,68.46,2,7.4,14.51,15.71,0.73,0.51,None,16.58,1
41bb3c71-dd64-49f0-a45c-457580c1e738,2026-03-03,CUST-878342,2,-36,1,10.9,Network,1,17,IVR,2,0,86.09,3,3.86,15.22,13.33,0.82,0.76,None,19.44,1
348512e0-ce67-4930-b703-48202275baa4,2026-02-09,CUST-336017,2,90,0,2.1,None,0,28,IVR,2,6,62.98,3,5.31,14.05,4.57,0.66,0.54,Web to App,9.64,3
b5877b53-8847-4ef1-b729-6e4aefce16f8,2025-12-17,CUST-590971,4,77,3,46.5,Technical,0,4,Web,2,2,71.24,4,7.3,15.16,17.02,0.54,0.95,None,7.54,5
008df952-77ed-43de-addc-c65eb8d46b2f,2026-07-05,CUST-756118,4,89,1,46,Network,1,27,Web,2,3,72.46,5,8.98,33.37,6.18,0.93,0.6,None,13.99,1
9379fe00-852b-40db-abc2-507fa056085c,2025-09-16,CUST-644584,3,65,4,6.1,Service,-1,0,Web,2,9,80.3,4,3.37,16.75,2.98,0.89,0.68,None,11.24,4
17b8869f-c682-4409-a874-ef495aac050b,2025-08-08,CUST-632410,4,2,1,51.5,Technical,-1,18,App,0,12,71.79,4,0.81,18.53,18.02,0.65,0.84,None,20.06,5
e51fd355-6b22-4488-b9ae-bd0ad06cb96c,2025-12-03,CUST-229865,2,-70,2,28.6,Technical,1,4,Web,3,1,65.67,4,6.83,26.06,19.07,0.65,0.67,None,14.52,2
9360a1fc-f1ee-4aec-a708-99453d201988,2026-03-09,CUST-659144,1,70,3,32.6,Network,-1,25,IVR,2,12,64.34,5,5.36,17.08,5.65,0.55,0.86,None,7.19,1
83fcf8e8-1fa7-4408-a438-3123ada2d73a,2026-04-16,CUST-379553,1,32,3,36,Service,-1,11,IVR,2,12,91.66,2,7.09,39.12,9.52,0.45,0.94,None,21.21,4
2a170525-c5ec-434e-98ac-015f09da5e61,2025-10-04,CUST-881366,4,77,2,7.9,Technical,-1,15,Web,1,13,71.03,1,3.73,16.32,5.66,0.89,0.84,None,5.42,3
78186af4-1de3-4f5c-be54-ec965834e095,2025-08-14,CUST-366190,4,74,3,64.1,Billing,-1,29,App,0,3,60.08,2,8.11,12.53,4.38,0.89,0.91,None,8.15,1
6a7609a8-de96-4086-9e24-299c24522ad5,2026-02-12,CUST-667055,2,5,4,26,Network,0,27,App,1,12,61.32,3,1.61,17.26,9.45,0.34,0.85,None,16.42,2
682929d7-6dde-4163-9465-70d06dd2fa43,2026-02-02,CUST-898134,2,5,0,17,None,1,8,Web,1,11,93.03,5,9.6,15.74,9.58,0.5,0.75,None,13.57,4
f7128a57-5305-472d-8bb0-6544fc9fa06e,2026-07-05,CUST-604066,4,-85,3,55.4,Service,0,30,App,3,3,79.89,3,2.83,30.1,8.11,0.18,0.63,None,14.65,2
e45ce208-4f16-42fc-96ab-e2592bd7ccfe,2026-06-24,CUST-943183,4,-34,2,15.9,Technical,-1,21,App,1,2,79.69,3,5.22,39.77,4.62,0.95,0.76,App to Web,24.54,2
cb915df4-ffe3-4b6b-8ae6-e5043764c575,2026-05-07,CUST-786655,3,6,2,7.6,Service,0,3,App,2,3,88.09,4,5.86,6.75,12.43,0.26,0.8,None,28.57,4
7cbc0c93-94fb-418c-b9c3-f1fce0640857,2025-11-06,CUST-641498,4,60,4,52.5,Other,1,22,App,2,12,81.45,5,5.16,5.55,16.29,0.78,0.98,Web to App,21.76,3
43736ab8-8912-4653-a785-a9bf8a784b82,2025-08-12,CUST-603665,4,46,4,65.4,Network,1,29,Web,2,13,76.14,4,7.69,31.56,6.27,0.22,0.8,App to Web,25.65,4
1cddb055-a2c2-4b15-950b-56535d3dab0b,2025-11-24,CUST-957480,2,-46,5,19.6,Other,0,14,IVR,2,8,78.4,3,1.43,31.88,12.87,0.14,0.55,None,13.72,3
858c4c6d-71e0-43f3-83f8-c7860cd16f26,2025-12-02,CUST-599181,3,-42,4,15,Other,-1,12,IVR,2,2,81.86,2,7.52,39.89,1.12,0.19,0.65,None,14.41,5
32ef928c-3ced-4a84-80bb-edb03456d3df,2026-03-01,CUST-773448,3,-48,3,49.8,Other,0,10,Web,0,4,67.33,2,0.67,26.08,19.93,0.53,0.82,None,17.46,3
8b55e854-983e-4527-b7ba-034b210c3de0,2025-09-06,CUST-381165,3,81,5,23.8,Other,1,0,App,1,8,89.72,3,4.44,10.69,19.86,0.62,0.64,None,14.7,2
250f0102-8ed4-4fc4-aaa8-9f5b3d8b48ca,2026-06-22,CUST-589286,2,17,5,71.5,Billing,-1,6,App,1,13,85.56,4,3.57,33.05,8.64,0.9,0.53,None,22.66,2
8777f47b-87ec-4c3f-9e92-c3a9607a357e,2026-07-04,CUST-120560,3,-4,4,3,Billing,1,28,IVR,2,6,92.48,4,6.06,11.85,3.19,0.74,0.53,None,15.79,1
373b047b-6f54-4cc4-ab68-a61335f428aa,2026-03-24,CUST-496518,1,4,4,14.5,Service,0,27,App,1,11,71.81,3,2.37,23.15,13.17,0.35,0.54,None,20.11,4
124fede2-6da7-4b2c-9724-1e1fd08873e2,2026-05-26,CUST-202096,4,-59,4,18.6,Technical,1,6,App,1,5,91.8,1,2.66,38.31,12.04,0.95,0.68,None,6.62,4
1f2df174-a48e-4069-9814-553803c6cc2e,2026-03-31,CUST-378760,3,-81,1,49.6,Other,0,10,App,2,0,74.57,4,5.62,27.56,4.63,0.55,0.97,None,14.26,2
2373e76a-5f4b-4152-bdf2-67a7c8960420,2026-01-18,CUST-722840,4,1,3,31.5,Service,0,8,IVR,0,9,73.45,3,0.18,8.86,9.58,0.73,0.56,None,12.84,4
980f3091-2fc5-4f87-9435-4ac8b5fc4ec4,2025-12-16,CUST-616778,5,-84,2,32.7,Service,0,8,IVR,2,4,68.96,2,0.88,39.66,13.49,0.57,0.78,None,10.34,4
269d08d1-ce14-492c-9873-9a728bb37006,2026-05-29,CUST-761611,1,15,4,51.8,Billing,-1,15,App,2,1,80.73,3,0.74,15.19,4.56,0.84,0.9,None,9.86,4
a469f11c-210a-41ec-9e24-314fc782e260,2026-04-02,CUST-224086,4,-63,1,68.5,Other,0,23,Web,1,6,93.4,4,4.07,25.54,16.45,0.11,0.81,None,24.46,3
10add8d8-e952-4790-b0dc-7153b793a226,2026-04-27,CUST-749072,3,69,1,13.6,Technical,1,10,App,2,3,67.03,2,6.05,39.16,11.55,0.14,0.63,None,10.18,3
2fdb256d-4225-4378-936c-51eebfe747bb,2026-04-12,CUST-327680,3,23,0,3.5,None,-1,17,Web,2,10,65.41,3,8.95,34.92,9.6,0.12,0.68,None,20.6,3
2325c68d-20d5-4e52-95b4-0ca872dfa23f,2026-05-26,CUST-909428,4,-7,1,34.7,Billing,1,2,IVR,2,9,69.78,5,1.18,25.52,3,0.36,0.72,None,12.25,4
1b0b90f1-29a4-413d-a99d-84cd0ba9528a,2026-05-01,CUST-558573,5,-33,2,44.5,Billing,-1,8,IVR,1,10,89.44,5,9.38,13.41,18.55,0.99,0.51,None,16.77,3
becffbae-2e3c-49c5-b5cd-1da4bf304df8,2025-12-07,CUST-984790,4,-5,1,47.4,Technical,1,25,IVR,2,13,68.16,2,7.78,10.93,4.59,0.93,0.75,None,14.03,2
3b61fc14-0631-4ec6-bb3f-0b9967cb9552,2026-01-20,CUST-263170,2,76,3,45.1,Billing,-1,17,IVR,1,6,62.08,2,9.65,28.8,1.94,0.98,0.86,App to Web,5.29,4
76b72d04-d2bb-4619-8dcc-ac014358ed46,2026-07-10,CUST-511354,3,-1,5,35.4,Network,-1,30,Web,2,3,70.07,1,7.94,14.35,18.86,0.26,0.66,None,11.63,2
09953fcd-4938-4861-9fe3-73b076f83d7a,2026-01-01,CUST-925670,5,-79,2,60.6,Network,-1,19,IVR,2,12,64.06,3,9.66,38.67,14.98,0.81,0.54,None,14.14,3
e01c92f3-8b3d-460a-ad89-ed07e78ca34f,2025-07-29,CUST-139565,3,-92,3,40.2,Billing,0,18,Web,2,8,71.51,5,6.71,28.44,1.8,0.4,0.66,None,29.19,4
abd7f354-c6a3-4ccb-b701-eee4e45b94c1,2026-01-08,CUST-918873,2,69,1,62.8,Other,0,15,IVR,2,6,72.89,2,9.15,22.06,17.86,0.72,0.66,None,20.63,1
0139dde0-be6c-4655-9471-faec621f22b6,2026-07-03,CUST-187596,5,-36,0,52.7,None,0,27,Web,1,8,70.35,3,1.35,17.8,6.54,0.34,0.79,None,22.61,2
f84911a5-569e-4a00-ad31-112646d2d251,2025-10-27,CUST-455192,3,41,5,5,Billing,-1,18,Web,1,9,87.24,4,6.33,14.16,11.05,0.47,0.79,None,8.8,5
f52aa433-5f56-45f8-9475-24f5ba77078a,2026-01-12,CUST-620308,1,81,3,23.7,Network,-1,6,IVR,2,3,78.76,4,8.68,19.76,9.83,0.76,0.78,None,19.83,5
6497399d-14eb-40b9-9d36-95a371150bee,2026-03-17,CUST-200116,2,-95,0,15.5,None,0,27,App,1,4,84.49,3,3.11,7.14,2.07,0.36,0.88,None,20.53,2
a6fcbdf6-9f69-4cbf-8643-8708ec8742ad,2025-12-09,CUST-762571,2,26,1,32.5,Network,-1,25,Web,0,4,92.22,2,3.42,16.98,18.9,0.64,0.58,None,14.36,3
5c40f4e6-cba7-4899-86c5-91f18b085c7a,2026-03-20,CUST-684715,2,69,2,58.8,Technical,-1,21,Web,3,0,85.75,4,3.26,26.78,3.11,0.55,0.9,None,8.39,3
937489ee-6279-4d07-9219-a7bf12eef575,2026-03-24,CUST-651283,3,-20,3,71.7,Network,1,12,IVR,2,4,66.26,2,6.81,37.51,1.42,0.88,0.76,None,28.24,2
fc9cd8d4-030d-4bf6-9924-b94f8ee95536,2025-11-17,CUST-116671,1,-42,2,50.4,Billing,0,23,Web,2,2,72.83,4,0.15,18.29,2.39,0.28,0.94,None,17.17,4
3cc646d3-42ba-4db2-8e39-66eddd987da8,2025-11-22,CUST-807252,1,-45,3,58.7,Service,0,24,IVR,1,13,92.07,3,8.67,34.97,17.87,0.36,0.55,None,19.03,5
2fb0bdc3-533a-4dc5-b7ee-73c71d798fc9,2025-10-08,CUST-516917,2,-99,3,8.4,Other,1,8,IVR,0,7,81.61,3,5.67,38.13,18.43,0.98,0.9,None,11.94,4
29422995-0c19-4f25-8166-e3d01bed2d34,2025-09-23,CUST-460365,1,18,0,37.3,None,-1,1,Web,1,13,86.12,3,6.28,13.18,18.65,0.38,0.64,Web to App,9.44,3
2b227cd3-58aa-4a73-be6d-f1d77504a4b8,2026-03-19,CUST-145150,3,86,2,24,Service,0,10,App,3,2,61.53,3,2.32,35.09,7.26,0.49,0.98,None,16.15,1
578ab01b-8ded-485f-8fb6-a45584f19c59,2026-05-30,CUST-106413,3,70,2,35.6,Other,0,26,IVR,1,9,62.56,4,0.39,22.29,13.9,0.11,0.88,None,11.06,5
c92f221a-21a8-43eb-afa8-1db54ff252ec,2025-12-17,CUST-306947,4,-86,1,46.7,Technical,1,17,IVR,2,6,86.47,3,3.36,9.74,14.78,0.52,0.55,None,18.51,2
3f0702a1-e9c5-4a1c-b996-019e31edde88,2025-08-09,CUST-956272,2,-24,5,14.5,Service,-1,17,IVR,2,10,83.05,1,7.93,11.98,18.66,0.34,0.53,None,18.09,1
38e899da-1068-4673-b477-f0d6247afad6,2025-08-03,CUST-497791,4,98,0,24.4,None,0,3,App,3,7,88.99,2,4,27.44,17.92,0.88,0.71,None,28.24,2
c636bc6c-9473-4c6b-af93-ecc8a5f538ff,2025-10-12,CUST-501730,4,91,1,59.1,Billing,-1,2,Web,1,11,84.75,2,5.09,10.12,13.77,0.77,0.64,None,14.67,3
84e5682d-2982-4963-8469-83d543c8c651,2026-04-25,CUST-490038,4,-1,1,25.8,Billing,-1,29,Web,1,2,63.55,2,0.85,7.95,4.51,0.49,0.52,App to Web,10.5,2
92868b44-6e26-4187-8d31-7b181f2f5b01,2025-08-26,CUST-648967,4,4,1,65,Technical,0,5,App,2,0,76.69,5,1.88,26.52,13.3,0.31,0.71,None,6.92,4
2fade164-6010-4d62-b7e5-a336586f5279,2026-03-31,CUST-175630,1,77,5,46.6,Billing,0,2,App,0,2,82.4,2,7.88,39.47,4.58,0.21,0.54,None,23.61,4
125552d1-1d87-4702-b4aa-8f8b6ec076b7,2025-12-11,CUST-872093,3,-98,4,8.3,Service,-1,0,IVR,0,10,63.76,4,8.72,7.35,14.63,0.8,0.81,None,23.55,4
d41c8342-b013-4e3c-af48-874995572a68,2026-07-14,CUST-389167,4,-25,2,30.7,Service,-1,23,IVR,1,9,67.17,2,2.11,15.22,1.44,0.19,0.57,None,5.4,2
9eac7002-5728-4f42-9871-7446c4d4e77f,2026-07-05,CUST-643392,1,-38,4,41.2,Service,0,17,Web,0,7,86.33,2,6.8,39.02,1.25,0.5,0.89,None,8.99,2
29a85b68-69c2-4f89-b188-264d66522e3c,2026-04-29,CUST-869171,3,-10,3,31.1,Service,0,29,App,1,1,81.67,3,0.65,9.34,8.94,0.99,0.83,Web to App,6.4,5
dcf9bbf0-460a-4a5e-b792-5e01ae0e59b8,2026-03-09,CUST-792192,5,-53,2,31.8,Billing,1,27,App,1,0,67.26,4,1.52,13.08,17.25,0.52,0.57,None,27.42,1
725e6354-1387-4362-9d2d-7ad74ac794b3,2026-06-19,CUST-885564,2,31,4,25.9,Network,-1,8,IVR,2,0,65.73,1,8.44,37.51,9.91,0.99,0.92,None,15.98,2
8cffc8e8-ffe8-4c5b-9149-3e4ade558896,2026-03-31,CUST-106724,3,-2,3,30.6,Other,0,5,App,3,10,87.87,3,5.18,8.81,14.84,0.81,0.72,None,27.36,2
23316a26-36da-4bdf-b1ea-7624bf52bad0,2025-10-19,CUST-305707,3,4,2,68,Technical,-1,25,App,1,2,79.66,1,0.34,9.28,3.24,0.65,0.96,None,5.11,2
91c3c13e-eb22-4fe4-8d47-381473bec1fe,2026-07-18,CUST-768689,3,-95,4,17.2,Technical,0,12,Web,0,6,81.65,3,4.66,7.35,14.11,0.47,0.61,None,27.84,4
cd0a75bf-ef4d-4cea-b973-49b2c8f701bf,2026-07-13,CUST-295678,3,-6,4,44.7,Technical,0,3,IVR,2,0,62.91,2,5.3,19.43,15.24,0.12,0.59,Web to App,24.36,2
3522059e-9b82-4e16-a246-5429b2bc76f2,2026-02-04,CUST-905623,3,73,2,19.4,Technical,1,19,Web,1,12,72.91,5,2.53,27.56,3.86,0.52,1,None,22.84,3
6cf51be8-9918-4121-930a-2066fda93b63,2025-07-28,CUST-751147,2,97,4,64.6,Network,0,6,App,1,11,79.09,2,6.51,14.27,3.97,0.12,0.71,None,27.17,4
c8e84dde-91e2-4106-8544-148b06710aec,2026-05-22,CUST-726733,4,65,4,12.5,Service,-1,1,Web,2,11,80.63,5,6.16,13.89,8.27,0.39,0.53,Web to App,6.29,4
8b95840d-edcb-4f76-a3ad-9832fa1058ce,2025-08-16,CUST-991862,3,63,4,34.7,Network,0,24,Web,2,8,76.82,1,0.5,24.74,3.52,0.26,0.9,None,17.97,2
6dd553e6-6bca-424f-828d-924f1709ad51,2025-08-12,CUST-155799,4,-5,3,32.6,Other,1,12,Web,3,0,80.04,1,1.41,33.75,15.96,0.88,0.78,None,27.95,4
d5fddd15-a91b-4dbc-bd6c-2ba7cbe227fa,2026-04-12,CUST-730547,1,95,4,55.6,Service,1,15,Web,1,8,93.27,5,2.9,33.76,2.1,0.13,0.67,None,12.61,3
9e870c41-e00b-4edc-bc37-d52082669d8c,2026-06-30,CUST-550201,3,-39,3,58,Billing,1,23,App,3,13,90.88,4,2.2,25.94,8.4,0.46,0.9,None,24.23,1
35ea3209-0386-470a-a2ee-9d8e671df201,2026-01-01,CUST-407332,2,83,1,8.2,Service,0,27,App,0,11,67.24,2,4.64,35.54,12.28,0.97,0.83,None,5.07,5
53ed07b3-895e-4e89-9600-6c3a832ed95f,2026-02-24,CUST-301356,1,-2,4,58.6,Service,-1,1,App,1,13,71.27,4,1.95,34.32,1.84,0.16,0.95,None,27.28,5
d6b54bee-1b69-4c9f-8943-d77fd5938fed,2026-01-18,CUST-963175,3,55,3,17,Network,1,8,Web,1,9,91.3,3,2.85,5.04,3.13,0.81,0.79,None,12.92,4
c7fba81e-c0cf-4269-a54b-fa264828f8ed,2026-02-14,CUST-249700,2,75,1,28.4,Service,0,9,Web,2,6,86.46,4,9.75,35.48,12.16,0.26,0.74,None,8.33,5
6e080c87-eb91-44d0-86ed-0bac718badf8,2026-03-27,CUST-739965,5,-35,4,38.6,Service,-1,28,Web,0,6,92.07,5,3.16,31.46,9.65,0.13,0.77,None,26.68,4
35b46419-b2f2-4980-baaa-ddd81d6105cc,2025-12-03,CUST-248799,2,-11,5,26.1,Technical,0,26,IVR,3,9,81.05,4,2.28,15.18,1.96,0.6,0.96,None,7.02,3
db19a3ac-e627-4d2d-b680-3bf64d684833,2025-10-30,CUST-325859,3,-30,4,49.6,Service,-1,19,IVR,2,5,94.31,4,6.27,14.18,12.55,0.87,1,None,9.41,4
3584c4d8-6914-4ed3-803a-bf2f515256fb,2026-05-28,CUST-162724,2,-40,2,36.1,Billing,0,28,Web,0,10,92.93,2,4.11,11.48,10.79,0.19,0.77,None,11.32,4
686550e9-b6ae-44b5-91fb-42c70a7f6083,2025-12-15,CUST-984341,4,11,2,2.7,Network,0,18,App,3,13,88.82,4,3.06,20.83,7.12,0.78,0.86,None,29.42,3
416e924c-5db7-4872-9452-87fc1fd3d099,2025-09-29,CUST-825549,4,33,0,25.5,None,1,24,App,1,1,66.79,3,8.41,27.69,6.66,0.1,0.92,None,20.55,3
e4ad164a-1df9-4b19-aa2d-b5d5a3467806,2026-06-11,CUST-299480,1,-95,0,32.2,None,-1,4,IVR,2,1,68.8,4,6.7,36.76,18.84,0.78,0.79,None,27.87,5
5e0a754d-3c45-4dd0-ac15-60886d5ba594,2026-07-18,CUST-420731,3,15,5,52.8,Billing,0,3,App,3,10,72.61,3,5.51,5.29,12.45,0.58,0.96,Web to App,28.21,4
5117c67a-7e7f-4489-a06c-ac36222c6ecb,2026-06-21,CUST-148563,2,-67,5,58.4,Billing,-1,11,IVR,1,14,63.53,4,6.18,9.56,4.27,0.46,0.7,None,17.44,4
9d4976f3-e840-435c-a96e-e9e563e55ef3,2025-08-13,CUST-222960,5,-5,2,54.6,Billing,0,9,IVR,0,3,88.19,1,1.65,12.84,2.81,0.47,0.76,None,7.85,3
55fc4cb4-d39b-40b5-95d7-90efe4b16b61,2026-02-08,CUST-567662,5,59,4,43.8,Network,0,30,Web,1,4,90.56,2,5.78,30.73,12.45,0.11,0.91,None,26.79,3
992e225e-248a-4943-9567-e1d855b65461,2025-12-29,CUST-833341,4,77,0,47.3,None,-1,4,Web,1,13,79.73,4,2.57,26.07,11.97,0.96,0.77,None,19.46,2
24e16fe4-331b-44b7-8b30-302b6fd2b37c,2026-03-07,CUST-815554,1,36,4,26.7,Other,0,28,IVR,1,3,88.66,1,7.6,33.41,16.39,0.26,0.51,None,16.23,3
55108a7a-f5e8-48b2-880a-e8107a1bc55c,2025-10-12,CUST-371377,3,58,4,25.5,Technical,1,18,App,1,13,83.44,4,6.11,20.43,1.71,0.48,0.77,None,6.19,4
ccfa30db-211e-4b39-aaeb-e822fcdeca56,2025-12-31,CUST-634453,3,19,1,41,Technical,-1,2,App,0,14,70.28,3,8.44,37.47,7.9,0.9,0.94,Web to App,14.59,1
a3acc7fc-6271-4683-9d67-1df990764878,2025-12-15,CUST-207088,3,-66,1,24.8,Billing,-1,12,IVR,3,6,61.06,3,5.35,9.39,18.61,0.79,0.8,None,9.06,1
8f696eab-c6b3-4efd-a36b-ea32a77032c0,2025-08-15,CUST-747849,4,-45,4,62.6,Network,-1,26,App,0,2,86.68,4,1.37,29.26,5.87,0.29,0.92,None,15.05,4
7ea7e2cc-ad7e-49bb-a749-b272b530e7aa,2025-09-29,CUST-762670,2,-84,4,26.2,Billing,1,1,IVR,3,4,75.55,4,5.55,14.22,1.53,0.44,0.93,None,23.7,3
d7e877ce-9a5d-4c32-a408-9bf431a34da9,2026-01-24,CUST-465986,2,29,2,38.7,Billing,1,22,IVR,1,4,72.8,5,4.88,28.16,3.55,0.4,0.63,Web to App,22.2,2
df07393b-b40b-411a-994c-fe1d4bb65f96,2025-08-31,CUST-576965,3,31,5,17.5,Service,1,21,IVR,1,0,78.36,3,1.51,16.16,7.67,0.13,0.56,None,18.32,1
aa648e09-66cd-4c28-91b6-87378f439994,2025-11-08,CUST-887776,3,-78,1,36.7,Service,0,23,IVR,2,5,74.39,3,7.84,20.33,14.89,0.15,0.9,None,10.02,3
78d614ba-0dc0-4b4f-bb35-ff918d7fdc99,2025-08-29,CUST-632303,4,9,3,51.4,Technical,-1,9,IVR,2,4,62.87,3,8.59,11.92,19.27,0.72,0.81,None,20.08,4
8742431d-a5af-4115-89ed-45ef8130d25c,2026-04-20,CUST-837266,5,-37,0,44.6,None,-1,28,App,3,6,77.88,1,6.49,18.66,5.47,0.67,0.77,None,5.38,3
2d988abe-7357-4e31-b39c-9ed90ea40ea4,2025-12-03,CUST-657478,2,-86,2,33.1,Other,0,27,IVR,2,12,74.65,3,2.72,13.1,13.2,0.16,0.53,None,26.31,3
38a85db3-d1e6-4b74-8516-84e7c16cbafe,2026-04-14,CUST-688888,2,-40,2,5.2,Billing,0,25,App,2,6,70.66,5,1.07,25.92,6.3,0.84,0.72,None,21.88,2
caf6f427-3c54-4b41-b3a9-24216be887ad,2025-09-16,CUST-995975,3,85,2,6,Service,1,30,Web,2,2,82.55,3,9.82,14.36,16,0.11,0.85,None,17.5,2
eb8d7f46-87ed-4c11-8034-47d9c770cdd9,2026-07-14,CUST-463246,2,-44,5,5.9,Network,-1,9,App,1,4,80.56,2,9.99,7.09,19.95,0.79,0.69,None,12.2,2
c184ddd2-a179-4eb5-98d7-9e5ee421db13,2026-04-17,CUST-477640,2,68,4,30.3,Service,1,19,IVR,3,5,94.07,2,1.02,38.45,8.37,0.83,0.72,None,14.65,2
d097a666-0155-4b56-846d-110564e1fa10,2025-11-20,CUST-686722,4,-86,4,59.3,Technical,-1,9,IVR,2,8,62.58,2,8.46,27.15,9.7,0.83,0.62,None,8.09,2
86f61925-c7e4-407f-9508-ce0a878f70c1,2025-10-05,CUST-611936,2,70,0,30.1,None,1,29,IVR,2,12,75.17,5,1.67,12.47,10.98,0.93,0.79,None,11.42,4
03463084-dcc7-48a0-a24d-dc5a1a590eea,2026-01-17,CUST-471330,4,-54,3,20.7,Service,1,19,Web,1,4,71.66,3,3.19,35.21,13.49,0.37,0.96,None,11.19,4
06ba1e19-0edd-4c5f-b212-1ccfdccff747,2025-09-07,CUST-251442,2,-96,0,33.8,None,1,6,App,2,9,73.51,2,3.47,8.19,13.4,0.34,0.66,None,21.65,4
665d80a3-fee7-46e8-900b-7eaa72766afe,2026-01-10,CUST-306016,4,34,2,10.6,Billing,0,20,App,1,3,64.54,3,9.56,6.87,7.16,0.93,0.97,None,9.03,2
023987e4-a89c-4d0b-bfe8-1fd524b2a3a1,2026-02-09,CUST-190329,4,56,4,38.2,Other,-1,15,App,1,14,66.08,4,3.73,7.2,16.4,0.38,0.87,None,13.81,4
3304f705-e2fd-4a41-967f-2fc8b17bc9c7,2025-10-06,CUST-929200,3,97,3,57.3,Network,1,21,App,0,0,79.16,4,7.71,38.34,19.93,0.82,0.73,None,23.71,4
21f12341-8c09-4195-b9a6-067d443176fc,2025-09-19,CUST-769810,3,32,1,34.2,Service,-1,14,IVR,1,2,94.56,2,9.82,34.41,4.3,0.66,0.83,None,15.37,2
869d60cd-77b8-49ba-a563-aeed04ce0a31,2026-02-24,CUST-958865,2,-12,0,22.5,None,1,28,App,2,13,62.15,2,1.47,36.93,18.06,0.72,0.64,None,24.52,4
ff2f63b8-559c-483b-8226-37aa5350077e,2025-12-02,CUST-783499,3,88,1,15.7,Network,-1,28,Web,3,12,81.39,5,9.08,15.34,7.12,0.43,0.74,None,6.34,4
1e026abf-bbdd-440a-a659-0bc9c8bd5087,2026-02-16,CUST-268241,4,7,3,71.2,Other,0,25,App,1,11,87.59,4,7.33,26.82,17.73,0.86,0.76,None,19.01,4
2ae2e2d6-9f6b-425e-a211-a083129112ac,2026-03-04,CUST-456699,2,91,5,27.6,Network,0,7,IVR,1,10,89.2,3,5.26,36.03,17.06,0.56,0.75,None,20.57,3
252627d9-2675-438a-aed0-38319112d1cb,2025-12-04,CUST-160485,5,38,4,50.4,Billing,0,21,IVR,1,3,82.42,3,9.33,21.77,10.8,0.26,0.8,None,21.13,1
a49f0cf2-5b87-418e-9691-8e65c4e78e34,2025-09-30,CUST-600435,2,63,2,20.8,Other,1,11,Web,2,1,79.99,4,9.57,27.34,16.19,0.57,0.95,None,17.69,1
cc3b47d5-fcb6-49e3-85d5-de22ea3191ac,2026-04-25,CUST-719517,5,6,3,66.8,Technical,-1,6,IVR,1,7,76.32,2,1.94,31.78,11.14,0.74,0.75,Web to App,13.27,3
8c3cf3d3-adcd-47c3-a221-223da12d9da5,2026-07-01,CUST-535239,3,48,1,66.9,Service,-1,19,IVR,1,5,86.08,4,1.07,12.62,2.87,0.98,0.7,Web to App,27.34,5
ff783c76-b8ff-4040-9dcb-aab5fe69f570,2026-01-03,CUST-758344,4,41,4,55.1,Network,1,17,Web,3,9,60.84,5,3.53,24.02,1.61,0.81,0.77,None,10.58,2
9d9b8640-487f-4e00-bc9c-3295ab894998,2026-06-26,CUST-236358,3,79,5,54.4,Service,-1,15,App,2,8,71.32,3,0.8,33.49,9.93,0.61,0.52,None,27.35,3
7b1a5e07-859d-4709-8bce-fdc8266f0674,2025-08-28,CUST-260467,3,30,3,23.2,Technical,1,8,IVR,1,2,83.33,4,1.36,19.79,4.34,0.59,0.55,None,6.35,2
ee64095d-250d-4441-a60b-ac163e0ac8c6,2026-01-07,CUST-185064,4,14,1,65.8,Billing,-1,23,Web,1,10,73.78,4,1.1,32.98,7.33,0.82,0.78,None,20.07,2
9df6ff4f-f72b-4a74-a675-7a821e8358c2,2025-09-05,CUST-248050,2,61,4,39.3,Billing,1,26,IVR,1,11,70.72,4,3.73,25.54,14.54,0.31,0.65,None,17.6,4
ff32b8ea-ef75-4425-9975-3fe12f2ca8ef,2026-02-16,CUST-559898,3,69,3,62.3,Other,0,27,IVR,1,7,91.28,4,6.23,6.1,10.41,0.46,0.67,None,21.26,4
4584bca8-8609-4dd2-b8e6-44cb8ab037c2,2025-09-09,CUST-394853,4,55,1,7,Billing,-1,26,App,3,7,89.36,5,4.6,15.24,2.13,0.45,0.6,None,7.72,3
5682efdf-1a2a-4c27-9b59-3392d8e3c802,2026-06-25,CUST-271028,4,-12,5,31.9,Other,-1,1,App,3,13,91.81,2,7.67,15.38,13.02,0.32,0.72,None,18.09,2
bace65da-7dd2-4445-96a0-c6c1972203aa,2025-10-06,CUST-555802,2,-38,3,19.3,Service,-1,10,Web,2,5,73.64,2,0.99,14.68,14.46,0.41,0.73,None,27.36,3
3f55f089-067a-4974-9efb-e3d585207710,2026-03-18,CUST-135261,5,-98,0,34,None,1,5,App,3,5,91,5,2.02,31.66,3.09,0.57,0.52,None,22.56,2
e34fad3d-1919-4252-b360-cd4cbd1a01c8,2026-01-04,CUST-255435,4,40,2,22,Technical,0,28,IVR,1,11,78.93,2,6.03,6.51,15.2,0.29,0.99,None,24.23,2
878e7072-60f0-4f69-8488-24a458539cd5,2025-12-07,CUST-914129,3,-60,1,2.6,Network,0,12,App,1,11,89.13,4,3.99,6.2,12.25,0.16,0.67,None,15.76,3
b895f522-04ee-4acc-be69-672cbc983883,2026-03-21,CUST-195300,4,-98,4,60.5,Other,0,22,App,1,11,88.28,4,3.34,29.99,12,0.54,0.51,None,19.26,5
b2893e39-0390-422d-9c85-443f87b3e82e,2026-01-12,CUST-241265,5,-16,2,67.2,Billing,1,0,App,1,6,70.26,2,5.62,23.78,3.9,0.62,0.85,None,14.64,4
231dba4b-c31f-46cd-9b25-17dff02ff6d8,2026-04-02,CUST-245047,2,-56,1,55,Other,-1,16,IVR,0,8,81.6,4,9.87,13.12,14.09,0.51,0.97,None,18.89,4
89516743-7b88-4256-a080-bd168f5108a3,2025-12-19,CUST-570233,4,89,4,56.4,Technical,1,8,App,1,8,61.58,1,1.12,30.8,18.08,0.83,0.95,None,16.24,1
9c42aeaf-a1fe-4aef-b7a6-5f91609d6c30,2026-05-30,CUST-754433,4,-99,2,30.3,Service,1,5,App,2,2,80.45,1,4.83,12.19,10.46,0.65,0.85,None,19.7,4
0fb88753-d4f2-45bb-8106-8763d2173ae9,2025-09-01,CUST-190473,4,-67,4,47.5,Billing,0,8,App,0,1,70.58,2,7.95,14.23,13.39,0.8,0.92,None,22.69,2
a3b3922f-5e1d-4f08-9564-8828cc676ee3,2025-08-22,CUST-464653,3,-70,3,5.5,Service,-1,6,App,1,3,82.78,2,0.9,6.27,13.91,0.15,0.78,None,18.79,4
e4da9aa2-323f-4763-b091-043c35f5dc18,2025-11-19,CUST-654126,2,-55,0,2.6,None,0,26,App,2,12,68.96,5,6.79,32.49,9.2,0.76,0.63,None,19.94,3
5705a9fd-062c-439b-b890-b296d469b1e1,2025-11-05,CUST-875554,4,19,5,33.2,Technical,-1,12,IVR,2,14,65.3,2,4.78,10.94,5.67,0.11,0.89,None,8.7,2
ae3d04a0-24fe-40e2-99f1-e1556cd12007,2026-03-08,CUST-984888,3,-50,3,4,Service,1,11,App,1,2,86.13,4,6.74,32.29,3.57,0.83,0.61,None,24.1,2
ea4353b7-7219-452b-a817-c20426b239a0,2025-08-17,CUST-354019,4,-15,3,67.4,Technical,-1,26,IVR,1,5,82.64,2,5.72,36.62,7.63,0.83,0.81,Web to App,23.83,4
e83ac9cc-90e9-4248-b08a-a391fadcb71c,2025-11-13,CUST-300996,2,72,1,22.9,Billing,-1,27,App,3,8,83.44,4,7.99,33.86,5.93,0.51,0.95,None,24.24,2
a36c8e79-ace9-4d4f-9c3b-def788143d9b,2025-10-29,CUST-118975,2,78,3,69.5,Service,1,16,IVR,1,4,69.1,2,3.2,33.23,3.35,0.65,0.74,None,14.72,2
78b9a346-8a3a-4533-8a4c-f68377c388ea,2026-06-03,CUST-616473,5,90,4,21.9,Service,-1,16,Web,2,12,88.52,2,4.53,7.52,11.16,0.65,0.75,None,12.47,3
25b69f5b-832f-4e40-8bf6-7a104917b67a,2025-11-09,CUST-123303,2,-90,2,28.5,Other,0,23,Web,3,3,90.6,2,4.1,19.88,6.91,0.92,0.54,None,9.99,1
0fac51d7-6c18-4e93-b2d8-c647f3407d6a,2025-09-27,CUST-882043,2,-45,1,5.8,Network,0,25,App,1,9,74.96,1,5.97,8.89,14.64,0.38,0.88,None,8.79,2
cd18461a-90d6-40da-bef4-854f66e3db2b,2026-01-11,CUST-198024,2,-18,1,9.7,Other,-1,3,Web,1,12,67.42,5,9.87,7.19,16.51,0.57,0.81,None,24.48,1
4aa4397b-b3db-46a3-b3fb-0ff92cfc77ab,2026-03-10,CUST-373980,3,98,3,51.1,Service,1,20,App,2,1,73.13,2,9.81,6.05,2.88,0.67,0.63,None,27.14,2
736b815a-c34f-431b-b990-ae9a3a3c71c2,2026-05-16,CUST-858990,4,38,3,1.3,Technical,-1,26,App,1,11,80.1,1,2.33,27.75,11.96,0.57,0.82,None,20.06,2
61c25ce3-3eb7-42fc-8ede-3f12ab24d1c9,2025-08-19,CUST-185263,4,-73,5,5.3,Network,-1,20,App,3,4,60.62,5,3.17,30.54,9.12,0.35,0.77,None,25.43,3
96c990af-5dda-41f0-9864-e73491d55867,2026-07-02,CUST-947230,4,-45,3,1.9,Technical,-1,23,App,2,6,74.07,5,2.1,20.36,15.03,0.22,0.79,None,29.08,2
d2b7971b-514f-4a45-b7fe-834e59c01584,2025-10-24,CUST-177658,5,6,3,12.4,Other,1,11,Web,1,6,78.63,3,3.17,27.82,7.42,0.53,0.7,None,22.86,3
46a52108-a00a-49e1-8b03-ab783ce4279a,2026-02-07,CUST-950780,1,-65,1,22.8,Technical,-1,24,IVR,1,1,73.06,5,5.64,26.97,12.97,0.68,0.74,None,23.07,4
a81da640-be63-4591-a8c9-cb8071dd5a99,2025-09-17,CUST-931025,1,-75,2,67.1,Service,1,27,IVR,2,3,63.82,4,8.11,29.96,1.26,0.18,0.63,None,8.37,2
0d074d3b-1f19-43cb-b66f-e04492a61cde,2026-06-24,CUST-840265,2,-44,2,15.1,Technical,0,25,App,1,1,87.44,5,5.42,12.05,3.96,0.27,0.59,None,19.12,4
3a9f63c5-cf42-49b5-a15f-25a223b6ddb0,2026-07-12,CUST-822191,5,83,2,15.1,Other,-1,24,App,1,14,70.54,2,0.74,36.59,2.2,0.88,0.68,None,7,1
c102d8f3-f767-4210-a349-1a029f994ab5,2025-10-28,CUST-676268,4,-15,2,40.8,Billing,0,11,App,2,6,92.7,4,4.39,16.6,5.33,0.98,0.93,None,23.91,3
3f26bd68-6fc1-41d1-b831-3991dd0e39a3,2025-08-24,CUST-980541,1,73,4,23.5,Technical,1,2,IVR,1,2,63.62,3,9.2,9.35,12.15,0.49,0.82,None,20.07,1
929751d1-0792-4e10-998e-0ac7d51b7cce,2025-09-02,CUST-963232,5,64,4,51.2,Network,0,8,Web,3,4,76.14,1,2.28,12,7.06,0.17,0.98,None,16.5,4
3bba7f10-f30c-4012-ac52-a72e7186f63d,2025-11-07,CUST-997993,2,18,4,45.3,Network,1,16,App,1,8,93.57,4,7.86,36.45,6.67,0.13,0.65,None,26.23,3
0de58b33-68bd-4344-8fc5-4902eb681cc0,2025-12-17,CUST-358382,2,66,4,5.8,Service,1,29,IVR,1,12,65.11,4,5.04,20.86,1,0.67,0.86,None,16.49,2
20c6e7ac-990c-4115-af4b-9e7a095ef3bc,2026-06-01,CUST-148863,2,77,3,68.8,Billing,-1,20,IVR,2,7,62.21,3,5.46,7.02,12.36,0.1,0.7,None,18.26,1
228f57f2-9e8d-4a81-9faf-c6c6603f461d,2025-08-09,CUST-464887,3,-55,4,61.6,Billing,1,5,Web,0,12,81.41,2,6.4,36.18,14.8,0.89,0.69,None,13.1,2
4278fc28-bfa0-430b-8ad7-22112c599ff6,2026-07-09,CUST-383297,1,-11,1,61.8,Service,-1,26,IVR,2,3,67.6,4,4.12,15.26,9.3,0.64,0.87,None,19.28,3
8544c27f-5dc0-4dbc-9577-50ddb40cac38,2025-12-01,CUST-405305,3,-51,4,48.2,Billing,-1,15,App,1,2,87.86,5,9.15,24.3,8.18,0.28,0.99,None,24.22,2
71f7252c-4ac8-43d4-9faf-10409dcb9a06,2025-08-27,CUST-969300,2,-17,4,12.2,Technical,0,2,IVR,2,10,79.64,2,7.82,23.26,13.76,0.59,0.71,None,26.32,5
e243717c-d110-47cc-b613-891770119661,2026-02-18,CUST-348203,1,-33,4,60.1,Technical,1,30,App,2,12,85.87,4,5.21,13.32,3.47,0.11,0.57,App to Web,10.16,3
c3898a17-466d-4b69-9d99-9d288919fcb1,2026-04-07,CUST-848975,2,-7,3,14,Billing,1,10,Web,1,9,74.31,4,2.02,31.01,14.5,0.36,0.74,None,14.32,1
ffdb5a66-b98d-41c5-be73-b2e799a22b65,2026-01-27,CUST-973647,1,63,1,49.2,Technical,1,28,Web,1,6,93.75,4,7.9,6.13,5.16,0.92,0.77,None,10.77,4
3c4b600a-759f-491f-a3e7-4488ce5b6ff5,2025-10-09,CUST-849982,5,-40,2,47.1,Network,-1,26,App,1,3,71.52,5,7.25,31.85,15.23,0.21,0.7,None,25.37,4
79e5b03f-61f6-4be1-a6f2-8ef8d2c106b1,2026-07-02,CUST-904054,2,15,1,22.1,Service,-1,21,App,3,5,79.21,2,2.97,21.88,19.75,0.16,0.67,None,18.61,3
cdd1b8f0-10a4-4fa5-9d25-a9648531e641,2025-08-05,CUST-959968,4,85,5,19.8,Network,-1,23,Web,1,5,80.82,5,5.61,15.17,3.92,0.79,0.72,None,12.9,3
c3fe7ead-dc9e-40f0-9c03-1acaba6fab47,2025-10-08,CUST-309371,3,-6,5,25.3,Service,1,21,App,2,11,64.75,4,4.14,14.01,3.37,0.23,0.69,None,5.29,4
aa1cffa4-26f5-4445-b81f-bd138e740a8b,2026-01-14,CUST-504556,1,0,4,12.6,Service,1,18,Web,0,2,62.23,2,5.63,29.76,11.41,0.94,0.54,None,17.65,4
2eea0e82-3627-4192-8fea-ef5571c423cf,2025-09-04,CUST-346040,2,80,3,35.5,Billing,-1,9,IVR,3,8,89.99,3,8.83,20.81,18.43,0.76,0.89,None,7.78,1
0c23db06-51c7-452e-8864-3b8966e2a990,2026-03-25,CUST-432473,1,-75,3,48.8,Technical,0,19,IVR,3,8,63.22,1,6.65,6.45,6.3,0.18,0.65,None,17.41,3
0a525705-5779-401e-a622-ac1d29d5a417,2025-08-22,CUST-730114,1,90,4,41.3,Network,0,17,IVR,3,11,86.97,1,8.68,7.13,7.42,0.78,0.71,None,29.16,3
9d4a4713-9170-4856-af68-4d3ccab9f878,2026-04-12,CUST-571391,2,29,0,12.9,None,-1,22,Web,3,12,62.9,4,6.92,19.75,2.26,0.79,0.87,None,16.97,1
97482515-9786-4ccd-a306-11fd9a346b16,2026-01-14,CUST-198887,2,18,2,46.7,Billing,-1,23,Web,3,6,92.03,2,5.57,24.47,5.4,0.2,0.72,None,11.96,4
f183000e-5f57-4539-85e0-53c8a4e1ffc9,2026-01-07,CUST-378815,3,77,1,20.3,Other,1,20,IVR,0,0,82.12,3,3.24,18.45,4.48,0.95,0.8,None,24.85,3
e9816fa9-fbf6-4f75-a958-2a09458e4448,2025-12-21,CUST-137150,2,-42,2,36.5,Other,0,4,IVR,1,8,70.79,3,1,12.41,13.12,0.2,0.79,None,12.57,2
87e74bd4-0ada-4b50-a73f-d31ce18b2709,2026-05-28,CUST-857892,4,-37,0,71.1,None,-1,27,App,1,10,92.24,4,6.23,20.96,2.04,0.13,0.53,None,19.89,1
59b0d004-ab50-4c91-ad5b-abe5583b451f,2026-04-19,CUST-307808,2,50,3,7.1,Technical,-1,24,Web,1,9,87.62,4,5.71,17.58,11.87,0.96,0.82,None,29.62,1
0bd949cb-b223-407c-a796-3a3235734b3c,2026-01-01,CUST-811859,1,6,4,15,Technical,0,14,App,1,6,90.27,4,6.52,25.24,17.59,0.97,0.73,None,15.18,5
b93593d4-89b8-4698-8c63-6855b160aa9b,2025-08-01,CUST-806698,4,-55,4,6.1,Other,0,27,Web,1,11,76.96,3,1.66,36.54,2.39,0.23,0.67,None,29.27,5
022f58ea-e3f8-48cd-a564-8f8532def08a,2025-08-04,CUST-308311,2,20,2,29,Billing,-1,19,App,2,12,80.44,5,0.66,29.91,8.49,0.42,0.76,None,26.54,2
9e0e0a88-0dcc-40b3-9b57-ac04f6fac65b,2026-07-09,CUST-213126,4,47,2,51.9,Technical,1,9,Web,1,5,91.79,5,6.8,24.41,11.58,0.88,0.71,App to Web,18.57,3
9024d3b4-7a60-404f-9626-9118daee016b,2025-11-19,CUST-151192,4,-50,4,43.6,Other,0,21,Web,2,3,60.98,5,4.32,26.08,5.56,0.78,0.86,None,29.76,4
7b6bdc3e-6e06-4d62-844b-e90870e240af,2026-02-17,CUST-699250,5,-61,2,47.3,Technical,1,17,App,1,11,72.58,5,5.55,32.06,19.52,0.9,0.62,None,13.8,2
5bfcdf9f-316f-4b0c-b34b-df59fdb27790,2025-09-23,CUST-868503,5,70,4,64.5,Service,-1,3,App,1,12,80.09,3,7.27,22.23,6.79,0.33,0.66,None,29.71,1
9271b547-427e-417e-ab0c-e9529fff998b,2025-10-22,CUST-238224,3,73,2,32.8,Billing,1,22,App,1,7,75.63,3,2.66,24.34,17.87,0.55,0.81,None,12.8,3
28c9d278-f31a-466a-bfc7-cb73fbfdac0b,2025-08-12,CUST-409185,2,5,0,60.9,None,1,21,IVR,1,14,89.22,2,6.39,17.07,18.1,0.85,0.81,None,25.83,4
08a54e03-d735-4c10-93cc-2368159671b6,2026-01-13,CUST-210544,3,32,1,25.1,Network,0,12,App,3,13,89.68,3,8.36,13.84,10.07,0.4,0.54,None,20.44,2
7b3edbbe-50f1-4b06-af40-776138cf2b66,2026-02-02,CUST-223485,4,34,1,19.6,Other,0,26,App,1,14,79.37,3,1.31,17.91,2.03,0.29,0.56,None,26.45,3
0ccfb7a2-932d-4ed8-bbf6-3361bd40a0c3,2025-12-17,CUST-624872,4,79,5,18.7,Network,1,13,App,1,0,67.11,2,4.43,27.1,19.6,0.76,0.67,None,27.63,4
cf47b91d-7ade-4b65-8d20-3859db18373f,2026-02-05,CUST-460979,2,-16,4,15.8,Technical,0,3,App,2,7,65.69,3,3.09,29.57,6.54,0.31,0.52,None,6.06,3
9d4e1a91-f17d-4524-997c-8965eb20dfd4,2025-10-20,CUST-376989,5,-85,1,33.5,Service,1,20,Web,3,5,88.9,3,2.05,24.18,11.94,0.94,0.69,None,10.46,4
a2c6895c-aa69-4b07-9f9b-2082c937cb6f,2026-05-27,CUST-994919,4,36,1,23.7,Service,-1,7,App,0,8,67.94,1,5,17.54,16.8,0.46,0.68,Web to App,5.51,4
49501e31-ff25-4fc5-a7f1-678db483ee8c,2026-07-01,CUST-676225,3,-30,3,48.3,Billing,1,2,IVR,3,12,83.02,4,8.09,23.29,18.56,0.96,0.68,None,22.85,4
d4274541-c15d-497f-a0cf-43f1de2b1994,2026-06-19,CUST-678858,3,100,3,62.8,Technical,0,8,IVR,2,12,93.84,3,6.03,39.47,12.22,0.18,1,None,14.14,4
cee04a41-4976-44a2-bf87-6096feececff,2026-07-06,CUST-892756,3,-7,3,52.9,Billing,1,1,IVR,1,2,67.22,2,0.95,18.41,6.16,0.83,0.96,None,16.23,2
23f9b4da-2d45-4e31-bd98-cbf7465b41b7,2025-07-27,CUST-333034,3,38,3,68.8,Network,1,21,Web,1,9,83.31,4,5.74,10.51,10.87,0.49,0.84,None,5.03,4
3b967457-ef50-4053-a447-2f45f925ff67,2026-03-28,CUST-826472,1,55,4,43.4,Network,1,25,App,3,12,83.4,4,9.79,34.05,15.37,0.55,0.64,None,7.9,4
8f03d4ea-ed86-40d1-9026-d840497367a2,2026-04-07,CUST-601692,5,36,0,45.6,None,0,20,IVR,2,4,63.24,5,2.04,36.29,19.09,0.37,0.97,None,13.55,3
4804e73a-34d4-4514-bdf3-c5ae3137f5d8,2025-10-13,CUST-926294,5,96,2,69,Other,0,1,IVR,2,10,72.68,5,0.86,22.48,10.02,0.31,0.57,Web to App,15.32,2
f3d67992-3bc2-43b3-9201-6d8daff44a5c,2025-09-08,CUST-366722,5,-30,5,59.8,Other,0,20,IVR,2,13,66.67,4,8.81,27.39,4.26,0.59,0.9,None,28.04,3
8b59b5ce-cc9b-4b4c-8fb9-7f4c3a68aa07,2026-05-07,CUST-626127,2,-3,3,51.1,Service,-1,23,App,1,3,93.84,1,2.99,26.7,19.42,0.35,0.95,None,20.2,4
fb193843-900f-4355-b604-62c5a914cb49,2025-11-06,CUST-899304,3,49,3,59.7,Technical,0,26,IVR,3,10,93.75,2,2.26,18.9,8.93,0.4,0.6,None,21.65,3
31cc5a57-b2de-4bcc-96d5-ffa79730bb01,2025-10-17,CUST-434490,5,-93,4,5.9,Other,-1,4,IVR,2,3,70.17,2,6.68,38.98,19.74,0.78,0.88,None,17.29,4
0abfa6ea-9c18-4b4c-b52b-475591cdf6c4,2026-01-22,CUST-331145,4,72,1,46.9,Network,0,13,Web,3,12,63.68,2,6.33,6.68,2.28,0.62,0.65,None,24.68,2
8c4b5bf1-6129-43ee-9855-0174b9ddf177,2025-08-24,CUST-744031,4,-38,1,16.9,Billing,0,21,IVR,1,12,93.05,1,0.8,9.54,16.54,0.79,0.58,None,27.36,5
37770e7b-2f01-461f-b2ee-d818f0c17ac7,2026-04-19,CUST-923641,4,80,1,3.6,Network,-1,16,IVR,2,4,77.73,4,8.75,9.61,4.04,0.56,0.87,None,19.8,4
a8efca85-4ac5-49d9-9209-b1b6b762d620,2026-07-20,CUST-123288,3,2,2,56.8,Technical,1,7,App,3,10,93.16,5,4.15,6.59,10.21,0.33,0.94,None,23.93,3
b38e494c-70d3-4bd6-ab67-fad18a63d739,2026-06-16,CUST-669075,2,-17,4,63.3,Service,-1,26,Web,2,4,60.42,1,6.47,26.36,19.37,0.95,0.63,None,21.96,3
c9d751ea-2200-407c-845b-aff0b505005f,2026-03-18,CUST-789394,1,-51,3,49.6,Service,1,10,Web,2,7,78.19,3,8.99,21.65,2.88,0.22,0.84,None,13.14,3
a7d2ad92-6445-4450-8c0e-091802a5e566,2025-09-04,CUST-757517,1,-90,5,30.1,Service,-1,24,App,0,4,70.28,3,8.22,11.57,17.65,0.62,0.58,None,23.96,1
c1849d81-bf4a-4f24-8a16-7fb23e392f2a,2025-10-15,CUST-108282,2,-50,3,55.2,Billing,0,13,App,2,11,76.78,4,9.66,13.3,8.87,0.44,0.71,None,6.14,3
f02b2c0c-686a-4269-89d8-86388a33a1ea,2025-11-03,CUST-781901,3,-13,1,12.9,Network,-1,16,Web,2,9,83.93,3,4.55,18.91,13.3,0.35,0.59,None,19.23,2
676c85ef-2fed-4ef6-8d96-d80d5c80540d,2025-12-11,CUST-413863,4,23,2,7.7,Billing,1,3,App,0,5,70.43,3,0.91,34.29,3.83,0.61,0.52,None,11.9,2
0106622a-9305-4c41-9f02-a728d6049e00,2026-04-29,CUST-404534,4,-22,3,18,Billing,-1,8,App,3,4,81.22,5,1.09,11.13,3.64,0.13,0.52,None,20.76,3
d22426b6-981e-4101-b11c-318a3b9ad988,2025-12-08,CUST-825004,4,37,0,35,None,0,16,Web,2,4,86.67,5,2.31,7.62,1.84,0.99,0.57,None,23.45,1
cc05a5e5-f5e4-45ff-906c-97f2f71a3d86,2026-01-02,CUST-170662,3,-45,4,29,Network,-1,5,Web,3,9,81.89,4,3.84,23.26,9.4,0.32,0.55,None,17.23,2
7a17fdcc-4fb0-4ac9-9a10-54101b6b788a,2025-12-14,CUST-535270,3,70,0,11.1,None,1,14,App,2,7,73.6,2,3.78,24.5,11.01,0.84,0.9,None,22.18,3
9ced421c-ca8b-40ae-a872-aea23cf2ada8,2025-11-26,CUST-174006,3,11,3,12.9,Billing,-1,18,Web,1,10,61.98,1,7.98,31.97,4.92,0.33,0.84,None,6.25,4
83084247-488e-477c-a1d1-ccfcccab23a1,2025-07-29,CUST-187830,1,-27,3,70.7,Technical,0,28,IVR,3,6,87.27,3,5.23,12.16,11.92,0.55,0.71,None,27.82,3
aa415ea2-7653-4ef8-a7ff-5f108ff48988,2025-12-22,CUST-715331,4,35,3,15.3,Service,0,19,App,3,10,79.06,4,8.11,27.49,16.15,0.81,0.78,None,29.16,1
d290cf1f-15a4-42ff-a205-98962f15c09b,2025-11-11,CUST-692386,2,-54,1,66.7,Billing,0,4,IVR,2,3,71.24,3,9.02,32.73,18.81,0.45,0.53,None,21.69,4
0e66e3f9-b1a3-4de4-8923-a9731361b8db,2026-01-30,CUST-823067,2,75,0,15.6,None,-1,2,Web,2,8,69.16,2,7.49,6.18,18.02,0.73,0.78,None,10.28,4
82a3dd1b-ff09-4526-aa42-9011d87abb52,2026-02-01,CUST-218124,5,27,2,31.7,Billing,0,2,Web,1,1,85.35,3,8.83,13.62,5.93,0.58,0.6,App to Web,6.25,2
5d1530db-c868-4c88-963e-06444e3833c1,2026-06-27,CUST-183052,4,75,4,38.7,Other,1,23,Web,0,6,92.48,2,0.24,31.48,12.93,0.19,0.86,App to Web,5.35,5
8b3e4fa4-584f-44d1-ac35-6fa40346a5c8,2025-10-30,CUST-560932,3,-90,4,66,Billing,1,24,Web,1,9,80.54,4,2.36,8.2,1.19,0.77,0.69,None,26.02,4
56d88b63-f4de-43de-a601-7d5a76330575,2026-05-30,CUST-204053,2,-5,4,11.8,Service,1,9,IVR,2,11,92.71,2,4.24,38.88,18.09,0.41,0.86,None,14.56,3
b50e6647-33c5-4c10-b3d9-ca37c4c58fd1,2026-06-20,CUST-813962,4,-31,2,58.6,Technical,1,5,IVR,3,7,79.36,3,6.85,30.22,12.22,0.86,0.77,None,23.96,2
1f7aecdc-1800-4a4b-8b01-340118a02fb8,2026-07-12,CUST-161369,2,-32,2,1.7,Billing,-1,1,App,2,1,62.05,2,8.43,39.97,8.48,0.16,0.73,None,19.2,2
cb825bb5-692e-4409-8145-b6bcd11db3b7,2025-08-05,CUST-867323,2,-64,3,56,Billing,0,4,App,1,8,89.47,1,4.03,23.77,6.75,0.23,0.52,None,15.25,3
2064f894-8ce2-48b9-bf79-312815898a4e,2026-04-20,CUST-611400,1,60,0,38.6,None,0,30,IVR,3,5,67.67,4,2,25.82,14.09,0.78,0.62,None,21.05,5
50dfca46-4f5c-4758-8be0-0f63bf209777,2025-10-24,CUST-262402,2,63,2,66.8,Network,0,3,App,1,14,92.36,2,0.92,20.34,12.2,0.99,0.68,None,29.34,3
2b074536-5bac-473b-abed-1086b49a9181,2025-11-14,CUST-830434,4,-85,2,15.6,Other,0,0,IVR,3,5,78.72,3,8.61,14.29,4.19,0.39,0.93,None,19.15,5
2935e3a2-7b14-4d55-8da0-1c6cbdcce04c,2026-01-13,CUST-868555,3,-61,0,19.2,None,-1,25,Web,2,5,61.46,3,9.69,10.99,4.03,0.54,0.65,Web to App,13.64,3
32405b83-994c-44f8-b0a9-85b4b594936b,2026-02-06,CUST-865190,2,-56,4,4.9,Technical,1,11,IVR,0,5,91.83,4,2.99,11.42,1.14,0.45,0.61,None,17.99,2
e10d5402-3260-4964-99eb-9554197aabac,2025-08-27,CUST-438580,4,50,2,16.8,Service,1,11,IVR,2,13,60.46,3,9.47,29.15,4.08,0.16,0.76,None,23.04,4
f0e49b78-d36c-4501-839c-7fa66498246c,2026-05-11,CUST-469302,4,5,2,42,Technical,-1,22,IVR,0,11,79.47,3,7.22,19.24,7.65,0.22,0.53,None,13.06,3
7ae29197-5d8b-4dd9-a771-c3b8361a509f,2026-05-14,CUST-254064,4,14,2,8,Other,0,7,App,2,4,68.26,5,0.68,22.69,10.52,0.18,0.94,None,18.81,5
bde00258-9dd2-4210-b374-b69944f081a4,2025-09-24,CUST-599201,5,-3,2,57.2,Technical,1,1,IVR,1,1,69.17,4,6.45,15.64,14.27,0.33,0.64,None,16.72,3
f707ab5b-6064-4f71-b649-d5bb15753891,2026-03-16,CUST-992016,4,36,1,26.8,Service,-1,23,Web,2,0,82.12,5,0.57,28.99,9.09,0.79,0.9,None,20.57,1
5b6ea691-86bd-4639-900d-949177ff167a,2025-12-22,CUST-297200,3,-19,3,59.9,Billing,0,22,Web,2,1,75.74,2,4.74,32.27,14.58,0.54,0.53,None,26.82,3
460d9b77-9488-467a-a3df-ffd27d05be80,2026-07-12,CUST-446154,4,72,0,11.2,None,1,8,IVR,1,5,86.13,2,2.12,8.55,16.16,0.87,0.74,None,25.26,1
14aad198-17cc-4bf6-9894-e6b5439997dd,2026-06-17,CUST-742314,1,-83,2,32.5,Service,1,24,IVR,1,9,87.23,2,4.89,35.06,10.53,0.61,0.82,None,13.77,4
00502376-3b18-4081-a53e-02de63199fd9,2026-06-02,CUST-705455,4,45,3,29,Technical,0,14,IVR,2,6,72.68,4,4.17,38.31,9.28,0.98,0.86,None,27.15,5
c99992d4-1361-4c90-8c52-efbbfcd2493f,2026-01-04,CUST-758695,5,0,3,63.8,Billing,-1,12,App,1,12,71.33,4,1.09,30.76,11.58,0.38,0.78,None,17.38,1
49bd4765-17f5-4eea-8bcc-db0a5d488301,2025-11-19,CUST-127994,1,11,3,4,Billing,0,16,App,3,4,79.13,1,7.96,18.37,14.76,0.57,0.92,None,28.8,4
6944ac6f-81ae-42cb-ac3e-8d84686b5fd5,2025-11-10,CUST-712107,4,-42,3,33.5,Service,0,15,IVR,1,5,68.3,1,5.52,30.16,4.86,0.56,0.57,None,7.74,2
1e498dc1-0288-4cbc-9e42-f19787c17637,2026-01-02,CUST-274113,3,69,4,17.3,Technical,0,11,Web,1,12,72.18,2,6.56,15.58,10.84,0.18,0.85,None,11.74,3
6e0879cb-fa59-4ee1-9453-edc5fff9316c,2026-01-26,CUST-526360,4,17,2,62.1,Technical,1,11,App,1,8,79.68,2,6.72,8.46,4.49,0.47,0.67,None,18.31,4
edd695b5-cb13-4507-b0d5-cc9b22e15112,2026-05-01,CUST-879456,4,-11,1,30.5,Other,-1,22,App,2,2,84.08,2,0.96,33.63,10.03,0.66,0.51,None,5.1,2
10a71932-c905-4d7a-89c7-5ead436e74a6,2025-09-24,CUST-860799,4,-26,3,37.7,Other,1,20,IVR,1,0,69.55,4,6.09,33.59,5.09,0.85,0.98,None,17.3,2
f0e0e5b7-3298-41ed-b507-d2cf84efc0f7,2026-03-05,CUST-870507,2,63,0,4.3,None,-1,15,Web,1,6,65.76,4,1.18,34.28,1.07,0.49,0.6,Web to App,23.3,2
bf58a09e-feab-4b36-b097-d1293814a843,2026-05-30,CUST-827264,4,-48,1,4.9,Service,-1,10,Web,0,7,80.59,2,6.38,30.25,10.59,0.36,0.92,None,11.74,2
df3a1ee1-a53a-4387-8f67-0b8159ffe049,2026-07-21,CUST-395369,2,89,2,8.7,Other,0,16,App,2,12,81.16,1,2.35,7.99,11.58,0.36,0.89,None,23.89,2
2fafffc8-92d5-41f3-bf6d-baf5a33afcab,2025-09-01,CUST-725644,3,-43,3,46.6,Network,1,27,App,2,12,70.23,3,1.85,19.31,4.26,0.48,0.97,None,19.08,3
88c54b8f-b838-4e1e-bf98-310861d93ffa,2026-05-25,CUST-909824,3,-47,2,3.4,Service,1,22,IVR,2,3,90.77,1,3.41,24.03,18.1,0.61,0.98,None,23.37,5
15a7c589-1b5e-40bd-9dd2-329e29a7782e,2026-03-21,CUST-813340,2,62,3,10.2,Billing,-1,11,Web,0,9,90.05,5,6.25,33.99,16.89,0.31,0.65,None,21.65,2
009add08-de55-4acd-9cc7-bbcbcb56bbd5,2026-01-19,CUST-736785,3,-43,4,37.7,Network,-1,6,Web,2,3,70.57,4,9.43,11.03,4.56,0.98,0.81,None,15.55,3
d5d43c25-528f-44b9-bc0c-5c930f4c6081,2026-04-01,CUST-499399,1,91,2,33.4,Technical,-1,10,IVR,1,1,65.29,3,6.37,18.62,17.53,0.8,0.62,None,21.02,4
d4dd5bf6-4a1c-4d54-8646-79428c6d8581,2026-07-12,CUST-603012,3,16,0,53.9,None,-1,19,Web,1,9,76.92,2,1.39,27.91,7.64,0.43,0.93,None,24.69,5
45f64ead-02b0-45df-a87d-8c37dd72b152,2026-03-10,CUST-569733,4,-64,2,1.5,Network,0,2,Web,1,9,82.55,2,1.82,5.93,15.47,0.59,0.58,App to Web,11.36,5
245d5757-5606-4bd7-b276-8fb75eec1e56,2025-08-22,CUST-445128,1,46,3,45.7,Technical,0,24,App,2,8,93.28,4,6.2,23.14,16.45,0.67,0.75,None,7.14,3
7d52a844-075f-4e09-bd7a-e4a64c3f9169,2026-01-27,CUST-983057,2,-65,0,64.5,None,1,17,App,1,4,70.31,1,2.78,24.86,7.96,0.94,0.66,None,17.22,3
2ec22c16-5fc8-40a6-8226-4995b4bc9cb0,2025-10-16,CUST-792308,3,-76,3,53.1,Technical,0,18,Web,2,11,60.02,2,8.78,36.68,10.23,0.52,0.94,None,5.64,5
7ef04629-427e-4bc7-94c0-6b3ec2fe4e7b,2026-01-07,CUST-775828,4,93,4,17.2,Service,1,2,Web,1,12,65.4,4,5.33,30.57,1.42,0.5,0.88,None,25.3,5
851acb7c-e2ce-4f72-81c6-9052cfb0ea11,2026-03-28,CUST-181844,5,46,3,43,Technical,1,1,App,2,4,78.94,4,2.07,17.56,18.17,0.33,0.92,None,8.35,3
7503620e-bfca-4dfa-9bd1-1e85d2e1faff,2025-10-20,CUST-260237,4,-57,4,60.6,Billing,-1,11,IVR,3,11,80.97,3,4.01,7.5,8.56,0.14,0.96,None,24.65,3
d1a8e7f4-8eda-4acd-a6cc-d925cb1fe080,2026-04-07,CUST-930121,2,42,4,58.1,Technical,-1,11,App,3,3,64.07,3,4.07,5.57,6.04,0.35,0.58,None,10.07,3
337ee2af-05f5-43af-b16c-31bf2cc06367,2025-07-31,CUST-420516,3,35,3,46.6,Network,0,28,Web,0,6,63.14,5,1.3,14.88,13.54,0.62,0.84,None,20.22,4
8fa75f24-88d2-43d6-8280-785ea7765ede,2025-09-20,CUST-828642,4,61,3,37,Network,1,27,App,2,14,64.72,3,3.34,31.83,2.54,0.46,0.54,None,8.88,4
e28471be-7fbb-4407-b915-25c4b3c2bdfe,2026-05-09,CUST-329604,3,58,5,47.2,Network,1,1,IVR,3,3,85.65,3,2.69,36.14,6.66,0.75,0.66,None,11.08,4
981f5b4a-4784-4415-b82a-b24535276164,2025-08-29,CUST-872355,1,-85,3,33.2,Other,1,6,App,1,12,68.7,3,2.11,30.36,6.91,0.17,0.82,None,8.23,3
a807d603-495a-47de-b0fa-862306a8d289,2026-05-26,CUST-425090,2,45,2,56.6,Other,1,27,IVR,2,11,74.18,5,0.98,16.48,3.11,0.39,0.97,None,23.36,3
b7f3aa13-97ad-4dfb-ada6-fe279675a988,2026-06-21,CUST-373209,2,13,1,64.7,Billing,1,26,Web,2,11,83.11,1,3.71,24.41,5.69,0.13,0.69,App to Web,24.8,4
e277fe77-4b55-402b-a0a9-5cdbc68d6efe,2025-09-25,CUST-417995,2,52,3,19.2,Network,0,17,IVR,1,14,91.2,5,7.85,28.15,16.98,0.17,0.62,None,10.12,2
3a078d2a-46c0-4819-94c4-bc15efedc435,2026-02-07,CUST-330503,2,48,0,5.1,None,1,25,Web,3,0,86.67,4,9.4,30.55,14.13,0.75,0.69,None,15.2,3
4f51c098-bbce-403f-9492-c004a0bfda7e,2026-01-08,CUST-995680,3,94,1,68.8,Billing,1,10,Web,3,11,83.14,5,9.32,16.54,8.4,0.29,0.73,App to Web,14.38,2
bd7bf035-77fb-433d-86db-d2dba359d8bf,2026-07-07,CUST-995321,5,34,1,9.9,Network,0,28,IVR,0,1,90.32,2,0.78,32.46,1.88,0.82,0.76,None,16.57,5
d0e60aba-ee16-4b3a-a3b2-9259cfd7f4c0,2026-05-06,CUST-184518,4,-87,3,42.2,Technical,0,2,IVR,1,12,87.74,4,2.72,27.42,6.99,0.47,0.9,None,9.87,5
cb121970-0285-42df-a416-18b79a63abf2,2026-04-16,CUST-749025,3,-13,4,11.7,Technical,-1,28,Web,2,3,93.73,3,2.99,6.99,14.99,0.84,0.57,None,16.12,3
a218daee-3e27-40d8-be8b-b1bcd4b2a3aa,2026-01-05,CUST-411764,2,98,5,32.2,Billing,1,3,IVR,1,7,74.73,3,1.4,24.27,13.12,0.89,0.64,None,25.42,4
0e56f6ee-fbff-4ef7-97cf-d60666337a69,2026-05-27,CUST-305741,5,-48,0,52.5,None,0,19,IVR,1,11,75.61,3,1.36,26.89,8.86,0.14,0.81,None,21.69,2
ec47249c-c4d7-4123-94e8-d877b3d438ab,2025-10-03,CUST-451523,2,-66,3,26.6,Service,1,11,App,2,12,78.49,2,9.3,13.71,15.17,0.67,0.6,None,24.22,3
ab23e3be-9269-47d6-b256-dcf378a3b34c,2025-08-11,CUST-233216,2,-48,2,7.3,Network,-1,13,App,1,8,82.66,3,2.92,35.58,10.32,0.7,0.91,Web to App,21.95,4
d0a5eeac-d9a3-4d35-bdeb-375fe66a5f48,2026-02-17,CUST-892458,4,18,1,69.3,Technical,-1,12,Web,2,6,89.05,2,6.2,32.98,8.39,0.5,0.85,None,17.69,3
9138a9f0-e1f7-45db-b011-21dd5ceeddba,2025-09-22,CUST-270602,5,48,0,49,None,0,21,Web,2,4,69.86,2,4.38,10.59,8.67,0.33,0.69,Web to App,12.14,4
5ac56dec-06d9-4417-b9d0-03aa4bacf59c,2025-08-01,CUST-238157,2,-47,2,3.2,Service,1,6,App,2,1,63.22,4,9.08,27.74,2.51,0.76,0.58,None,19.11,4
94108547-a9f8-40df-a6ba-924605318489,2026-06-17,CUST-717546,1,-86,0,36.6,None,1,20,Web,1,3,91.03,5,7.83,5.52,18.51,0.81,0.58,None,10.11,2
54a07a24-906f-40e7-be9c-aa02811e9933,2026-02-22,CUST-350479,4,-34,4,54.6,Service,0,6,App,2,13,77.66,2,3.07,35.1,15.39,0.85,0.62,None,19.16,3
16491d05-3163-45cf-ab6e-d6e727aec06a,2026-03-20,CUST-596734,3,27,2,34.9,Service,0,8,Web,1,1,82.36,5,5.02,34.96,10.05,0.86,0.51,None,13.14,4
368afc3c-b5a3-4794-897f-2005f7b5e077,2026-02-01,CUST-260312,5,74,4,3.8,Other,0,16,IVR,1,12,84.42,2,0.89,21.46,3.73,0.37,0.53,None,17.72,2
b14e8dc8-4d95-4cb8-8efa-36cb5e410d52,2026-06-27,CUST-660898,2,47,1,27,Billing,0,9,Web,2,1,68.55,5,4.78,10.78,12.74,0.63,0.56,None,27.48,3
8f7db3d2-7dcd-4559-b310-39efd16d563c,2025-10-06,CUST-174083,2,36,4,48.7,Other,1,8,IVR,1,13,78.54,3,3.4,18.65,8.68,0.43,0.87,None,23.45,2
95bb1a1d-bed3-4001-8dbc-e1a205b8a92f,2025-10-11,CUST-380777,3,-15,4,68.1,Technical,0,6,IVR,2,11,91.12,1,8.94,9.5,16.8,0.62,0.51,None,7.75,1
a4f5f54a-85ce-42ee-bb7b-bb1bd149908a,2025-08-06,CUST-302524,3,-12,1,25.1,Other,-1,5,Web,1,7,80.48,3,5.97,32.11,4.72,0.77,0.54,App to Web,5.27,2
89040291-a668-41db-b31e-41da3255d36c,2025-11-20,CUST-864448,5,-4,4,69.9,Other,1,14,App,2,12,89.78,3,3.01,31.99,8.24,0.16,0.76,None,20.13,2
eee94d47-58a3-40ff-91a1-dedc07fc9f8a,2025-11-28,CUST-158976,3,79,0,63.4,None,1,6,Web,2,3,89.94,5,0.16,28.02,13.13,0.6,0.51,Web to App,9.33,1
a79e0469-7183-4033-a6b7-5b0fd9397b78,2025-08-05,CUST-778218,1,19,3,8.9,Service,0,1,Web,1,4,68.56,1,6.02,30.15,16.04,0.87,0.69,None,28.5,2
fde6811f-2607-46fd-826f-8c08b0421d2d,2025-10-01,CUST-105414,5,13,1,34.5,Network,0,28,App,2,10,94.65,2,3.85,9.63,11.03,0.38,0.93,None,26.39,2
0dc5f44f-9ff8-4bd3-ae34-a3ff8f7d43d7,2025-12-18,CUST-562026,4,30,3,37,Billing,0,21,Web,1,1,64.81,4,9.89,14.87,16.48,0.33,0.83,App to Web,18.1,2
e9e7dac1-03ed-4521-b76a-0b67c06534c0,2026-03-30,CUST-503550,3,-76,2,45.1,Service,1,3,IVR,1,4,79.45,1,7.5,8.9,14.3,0.82,0.76,None,17.47,1
a0514b00-6c8a-4208-8fcd-9621d552e3be,2026-06-24,CUST-178690,3,-90,3,43.5,Service,-1,14,Web,1,12,67.93,3,4.97,28.11,7.67,0.38,0.74,None,27.75,4
0e8fc048-b928-4d19-be54-08e765f75627,2025-11-12,CUST-532270,2,-10,3,46.7,Billing,0,3,App,1,1,88.68,5,0.93,38.25,11.39,0.48,0.63,None,10.47,3
f5756642-56c5-4c3f-8018-37cf76fe66af,2026-02-17,CUST-598185,3,-1,2,65.2,Network,-1,21,App,1,7,82.1,1,9.39,28.25,16.54,0.67,0.63,None,20.73,3
5e98d689-f15c-4d3d-abe2-cb2aeea8760a,2026-06-08,CUST-111054,5,16,0,1.6,None,-1,29,App,2,9,90.94,4,2.33,7.77,9.7,0.82,0.96,None,8.49,2
39e52183-bc7f-4bb6-a74d-6f7a752295e3,2025-08-17,CUST-716721,3,26,3,21.2,Service,1,29,Web,0,8,84,2,3.04,21.17,19.25,0.48,0.6,None,16.19,3
ce31c6e6-8c8a-4d2f-b35c-e93affb95fec,2025-09-15,CUST-468672,1,27,2,34.2,Technical,0,17,IVR,2,3,77.23,5,3.22,35.8,13.28,0.21,0.92,None,29.31,5
491da983-f44a-4476-ba10-854988a51d3f,2026-04-18,CUST-529248,5,6,0,28,None,0,20,Web,1,1,73.84,4,7.44,20.92,8.12,0.21,1,Web to App,20.2,5
8f1884e4-aa6b-4660-92a0-b3d12f1b6e3c,2026-05-11,CUST-564114,3,-51,3,54.6,Network,-1,10,Web,3,13,91.26,3,2.44,34.79,9.61,0.73,0.92,None,6,1
950eaf93-7e27-4539-8d5c-501641b47481,2026-06-23,CUST-110296,2,-91,3,37.5,Other,1,14,App,1,14,87.72,5,0.52,11.04,14.45,0.14,0.6,None,28,1
fc04f742-53ba-4939-a4b0-9318f6abf2be,2025-10-03,CUST-328386,3,38,3,37.8,Network,-1,3,App,2,5,92.6,4,3.53,31.47,2.09,0.69,0.76,None,22.94,2
75821550-8579-4382-91f5-c5973f1fdb53,2025-07-31,CUST-449999,3,76,3,66.9,Other,-1,22,Web,1,8,70.61,4,5.43,32.42,11.86,0.47,0.53,App to Web,27.21,2
f1620d8f-a467-46e5-8c82-91091210f8dc,2025-08-19,CUST-457287,5,6,4,60,Billing,0,28,App,0,11,87.63,3,9.28,10.99,14.86,0.61,0.87,None,21.64,5
532d5572-d7bc-4902-a39b-9a9f86160e27,2026-05-04,CUST-514485,4,81,3,57,Technical,0,7,App,2,8,74.52,2,4.43,36.47,1.29,0.46,0.6,None,12.24,4
342385f4-2141-4c80-bce3-b20665b4e3d8,2025-11-11,CUST-728514,3,-77,3,71.2,Technical,1,18,App,2,10,84.63,2,4.55,29.3,12.17,0.83,0.57,None,5.5,3
21ee678f-c430-4f6e-b8ea-704074b56882,2025-12-21,CUST-567657,1,85,1,61.7,Service,-1,15,Web,3,3,90.06,3,1.36,39.58,3.07,0.13,0.81,None,20.81,3
d8d50d6c-c6e5-464d-823e-9eae9abed845,2026-01-25,CUST-535414,3,-65,3,55.6,Other,1,21,App,2,8,66.37,2,3.61,22.84,18.47,0.87,0.59,None,24.75,1
f64913a4-d31f-4fcc-8543-aa7eb8cc0dbe,2025-08-14,CUST-457116,4,-1,1,15,Service,0,22,Web,0,0,77.22,3,5.33,7.58,1.82,0.45,0.84,None,6.16,3
492fc05b-723b-4dfa-8f45-87d6dc4e784f,2025-12-28,CUST-317385,3,-65,3,64.7,Service,1,19,App,0,10,77.6,5,1.53,31.33,1.27,0.61,0.94,None,26.49,4
6d725e84-0c1c-4db1-be04-e0aed8ad55f3,2025-09-27,CUST-738324,4,53,3,10.3,Network,-1,29,IVR,1,12,72.63,4,8.68,14.31,15.31,0.42,0.54,None,20.43,5
401198bf-253f-49d1-a420-d69e13daadaf,2025-12-04,CUST-948796,2,72,2,3.3,Technical,1,30,App,2,9,63.45,2,6.45,39.58,17.64,0.16,0.78,None,27.04,4
51086d84-36d2-4e1b-9eb3-f5e5c4784640,2025-09-26,CUST-286670,3,-37,3,66.6,Network,1,19,IVR,1,1,67.43,4,5.67,23.55,5.47,0.97,0.81,None,5.29,1
549502d9-8f6a-4164-bba4-01275098df57,2026-04-10,CUST-372949,3,14,2,44.1,Service,0,13,IVR,3,4,60.98,3,4.75,15.35,2.35,0.11,1,None,11.73,4
4392c59a-4766-4a44-93b8-c2db6faa30bf,2025-08-18,CUST-873874,4,53,0,38.3,None,0,11,IVR,1,6,90.34,5,7.45,8.15,6.15,0.48,0.93,None,18.48,3
f02e721c-fd01-47b5-b9cd-79504cef469a,2026-03-07,CUST-498444,4,97,1,47.7,Network,1,29,App,1,13,80.84,1,3.4,30.23,11.07,0.77,0.82,None,7.67,3
dcfbd6c2-27ce-4857-b200-78f947ee30aa,2025-08-30,CUST-678375,4,54,2,31.1,Billing,0,14,IVR,2,6,60.74,3,7.69,13.36,18.09,0.64,0.57,None,17.67,1
7b4e190c-b0d0-450c-85e4-c8a180b95f8c,2026-06-23,CUST-582153,2,82,2,5.1,Network,-1,9,Web,0,9,71.36,2,4.91,20.15,10.61,0.39,0.97,None,24.07,5
f413aeb1-cee5-4bf3-b517-f255c528bca7,2026-02-20,CUST-723148,1,23,2,70.7,Billing,0,10,App,2,3,86.83,4,2.93,29.38,7.9,0.86,0.99,None,23.72,2
2995c48f-a424-4007-875c-d3136ca6fe0b,2025-10-13,CUST-372135,3,25,2,67.8,Network,-1,30,IVR,1,1,90.37,4,4.71,13.77,6.05,0.1,0.91,None,23.8,2
2311eae9-809b-40aa-9d50-13742db1ba3d,2025-12-09,CUST-361993,1,82,3,8.6,Service,-1,15,App,1,2,75.05,4,0.77,5.94,4.8,0.2,0.86,App to Web,12.41,3
6699151a-3f95-4333-abdf-af680e090aa0,2026-02-01,CUST-418246,4,-30,1,35.8,Other,1,19,IVR,1,1,62.17,4,2.07,25.5,10.57,0.83,0.7,None,7.27,2
98bc1a9c-732f-4720-871d-3c5b614b8611,2025-12-12,CUST-243958,3,41,5,50.9,Service,0,15,App,2,8,71.75,4,4.87,38.35,17.24,0.96,0.86,Web to App,28.87,5
314c7de6-fe98-4540-929e-12bbd095c9f7,2026-06-08,CUST-374415,4,5,5,43.8,Service,0,6,Web,3,4,76.66,4,9.53,13.46,10.5,0.5,0.71,None,20.03,2
49d4eb21-e39d-4d7e-b88c-d8b05718e549,2026-05-30,CUST-505592,4,73,4,49.7,Service,0,6,IVR,1,2,91.15,3,8.52,33.17,2.73,0.54,0.91,None,24.72,4
5434f246-13ec-4faa-9172-a3fc7542cbdd,2026-03-12,CUST-101595,4,-86,3,49.5,Technical,0,4,App,1,2,80.25,5,0.84,23.1,17.95,0.5,0.58,App to Web,13.07,2
e89dfb37-09d4-4d93-be05-29811b0e3a1c,2026-04-13,CUST-386953,3,0,2,56.6,Network,0,19,App,2,1,94.17,5,8.98,12.57,1.44,0.75,0.94,None,20.04,3
92c974a9-1f30-497e-96e1-5c53a12b63c4,2026-01-09,CUST-274480,4,75,3,28.5,Service,0,2,IVR,3,11,84.9,3,6.45,8.16,2.26,0.33,0.56,None,18.97,3
51e75acd-8c62-4283-996f-cd827cf63230,2026-05-14,CUST-715432,2,57,4,42.1,Technical,1,16,App,1,11,70.73,2,0.55,13.43,3.25,0.24,0.99,None,5.71,3
9b623c6e-7d9a-48a2-95ab-0c13b7af9baf,2025-10-26,CUST-254677,4,70,2,32.1,Billing,1,5,Web,1,14,64.84,4,3.66,39.51,11.41,0.51,0.57,Web to App,17.01,2
dd7221f1-ef2e-49d6-94b8-a8bdb59ae3c0,2026-05-29,CUST-750083,4,-7,3,63.1,Other,0,7,IVR,1,13,91.98,2,4.84,13.78,10.58,0.93,0.57,App to Web,16.92,4
d8f1781c-6d80-4942-8e7e-773361641b05,2026-04-19,CUST-107111,4,19,5,35.2,Service,-1,5,IVR,2,13,92.2,4,4.63,23.34,16.29,0.26,0.99,None,19.64,2
6afeabb8-3410-483e-97be-c6c605e18435,2025-09-30,CUST-443336,1,-67,3,65.8,Network,1,26,App,1,9,80.83,3,10,11.16,16.96,0.39,0.9,None,6.22,2
cf5f91bf-5784-403a-be28-56762374e07b,2026-06-28,CUST-895086,2,63,3,28.9,Service,-1,18,Web,2,3,82.01,3,1.24,10.91,12.31,0.4,0.73,Web to App,6.14,2
8e7ee851-5098-4944-8bfd-ac2e62c37e0e,2025-08-26,CUST-224713,4,30,5,36.4,Technical,-1,26,Web,0,0,91.48,5,0.75,38.68,3.53,0.88,0.99,None,12.79,3
7dcfc125-c328-4dc3-81fc-4c7e2695832e,2026-01-04,CUST-571345,3,-38,3,27.9,Technical,-1,24,App,0,11,84.24,5,3.69,6.36,6.43,0.78,0.6,None,9.03,2
f9a3679c-83a9-4b88-8945-ce3c31ebc8ca,2025-10-23,CUST-540959,5,16,4,14.4,Technical,-1,22,Web,3,10,84.18,4,7.14,16.48,9.54,0.57,0.58,None,18.38,5
8f22133d-127f-4119-a5f5-a3710f2f970c,2026-03-15,CUST-384552,4,85,5,44.1,Other,-1,27,Web,1,11,73.61,2,1.37,7.29,16.88,0.6,0.74,None,27.03,5
a005bbb9-99f1-4c6d-a4e3-dc0f7792844f,2025-09-10,CUST-424406,4,-30,0,66,None,1,12,Web,3,10,94.79,4,2.35,14.54,15.57,0.71,0.53,None,13.81,3
2105b3ec-22f7-42ac-a657-e43ee1bec7c8,2025-11-19,CUST-940383,3,93,4,52.3,Service,-1,26,Web,2,7,65.32,3,7.62,7.36,10.61,0.44,0.83,None,28.63,2
349ece28-ff8b-42fb-9ad1-905d5e523101,2026-03-09,CUST-376415,2,-11,0,71.2,None,0,27,App,0,0,64.83,4,4.29,28.19,5.54,0.9,0.63,None,22.48,2
30ca502a-3e42-4366-9dec-9b4d8748eae7,2026-02-08,CUST-246955,4,-69,3,58,Service,0,3,Web,1,6,94.51,2,4.1,19.25,14.55,0.71,0.67,None,7.73,2
e1a33798-9c26-4644-8120-ba7c70b8b019,2025-10-12,CUST-737782,4,-76,0,38,None,0,11,IVR,2,6,92.16,2,7.89,9,6.19,0.49,0.81,None,11.86,3
1cfbdd83-f159-45f6-a530-9ad2b8cd1d48,2026-06-29,CUST-599843,2,-41,3,40.9,Network,0,12,IVR,2,6,79.38,1,1.54,28.92,11.21,0.72,0.98,None,19.82,1
929ac875-f6ce-46f7-8631-7316bd8678ab,2025-11-22,CUST-946495,3,97,0,3.6,None,-1,26,App,3,5,69.88,2,9.27,16.8,2.64,0.82,0.88,None,6.27,3
9c3855be-ae09-4c64-877f-9979037b628e,2026-03-01,CUST-582854,4,-63,2,19.8,Other,1,22,IVR,1,9,85.75,4,8.06,31.38,16.01,0.89,0.86,App to Web,13.19,3
81f0e8eb-e8ff-4e4c-9f4a-e37c88e1cb29,2025-08-23,CUST-493564,5,81,2,58.4,Service,-1,13,IVR,3,2,63.31,2,0.34,25.84,2.76,0.29,0.79,None,27.1,4
f00a7269-e8d4-4614-9d6f-31186ec56ec4,2026-01-25,CUST-547754,3,14,2,41.5,Billing,1,30,Web,3,2,78.49,2,4.31,32.05,14.04,0.27,0.89,None,15.34,1
3f1aa8dd-8415-428f-9268-d2a221782b8e,2026-05-23,CUST-968030,4,60,2,17.4,Technical,-1,6,Web,0,0,74.61,2,0.88,16.3,5.18,0.48,0.55,None,25.2,3
543e1b74-c299-4d6b-9500-7a323da46cb8,2025-11-17,CUST-682578,2,32,1,15.9,Network,0,0,Web,2,10,85.77,3,5.98,22.73,5.19,0.28,0.85,Web to App,9.25,5
66cae6d1-cb41-4b6d-ab4f-c23a2effc2d5,2025-11-05,CUST-875053,4,92,4,53.2,Billing,0,8,Web,0,7,68.21,4,3.04,25.2,9.44,0.13,0.81,None,20.14,1
284e3857-fd59-44c3-91f3-0a9b088694e7,2025-09-03,CUST-317908,2,-93,2,11.1,Network,-1,29,IVR,2,6,62.57,3,9.53,23.08,10.41,0.74,0.92,None,16.85,4
28f8312f-6961-465b-a118-3e2c2821b0fd,2025-10-31,CUST-356833,1,30,0,37.5,None,0,21,Web,1,5,87.74,3,4.49,15.08,15.08,0.81,0.51,None,22.1,2
a35c0a7a-7d8c-4715-9375-f85d4413beb1,2026-01-17,CUST-213068,1,9,5,31.6,Billing,1,21,App,2,4,72.87,2,2.81,26.56,2.08,0.55,0.77,None,24.9,1
8cb30a15-341f-49ad-9677-cc4a95c981b1,2026-04-05,CUST-816769,3,-31,4,25.9,Technical,-1,27,App,1,9,88.13,5,6.12,21.98,12.14,0.73,0.75,None,17.21,5
d9883163-233e-410d-a042-08ab2b3cdf9e,2025-12-15,CUST-574685,1,-24,1,55.2,Other,-1,26,Web,1,13,94.24,5,8.8,9.61,4.76,0.41,0.85,None,17.37,5
4607298d-3e8d-4308-a1a3-99c3e34f5f70,2026-04-04,CUST-772233,2,3,3,30.2,Network,1,3,App,1,14,74.92,4,5.49,13.18,12.34,0.36,0.77,None,20.04,1
303b02f1-8ca4-4502-95ed-1a311d3a5328,2026-05-13,CUST-275855,2,43,3,46.2,Technical,-1,24,IVR,1,1,82.81,2,6.98,19.22,11.7,0.64,0.8,None,22.51,4
e5357575-0a64-48d1-9733-b17bd0549fd6,2026-05-14,CUST-688734,5,-59,1,41.1,Billing,0,21,App,2,5,86.37,3,2.45,23.07,1.77,0.85,0.93,None,12.13,4
c2ebcbd1-7cf5-4908-9eca-a67ae585bdfc,2026-01-24,CUST-242407,5,-96,3,8.9,Service,0,19,App,1,12,88.88,2,2.06,33.84,2.06,0.62,0.67,None,6.06,4
fbe63081-f3e6-4d4c-9c0b-1c5dbc397f18,2025-11-06,CUST-630045,5,23,3,56.6,Technical,0,22,App,0,2,84.52,5,7.88,21.17,15.19,0.1,0.89,None,29.3,2
92854f46-68d8-4594-a279-a75cc98f1ad8,2025-10-18,CUST-278258,1,-10,1,18.9,Technical,0,27,Web,1,1,93.52,4,2.51,25.71,6.64,0.31,0.77,None,11.42,4
22b7b9c0-75d9-409a-9e7f-bea2f9d5f9de,2026-05-21,CUST-441551,3,44,2,54.8,Other,-1,15,App,0,5,91.67,2,2.33,38.6,3.06,0.79,0.61,None,7.1,5
f5622bac-5d5b-4b5b-8a20-7937f90091bc,2026-05-25,CUST-203667,3,-5,2,31.1,Billing,-1,20,Web,3,11,65.36,3,9.96,22.02,9.73,0.23,0.79,None,28.3,2
3fef0285-f521-4b8e-a8ac-1bba74e06cc0,2026-01-01,CUST-941948,3,-89,0,49.9,None,1,23,App,0,4,76.48,4,9.53,5.51,19.01,0.18,0.65,None,13.3,1
8c11a593-ad3a-4fd4-b3df-5de581f8ca49,2026-04-21,CUST-261380,5,79,5,6,Network,0,19,Web,0,7,89.16,4,8.94,13.11,7.71,0.95,0.7,None,11.45,3
fed17e49-6ac7-4767-84ac-21581a88d47e,2025-11-03,CUST-212128,2,-79,1,41.5,Billing,-1,22,IVR,0,1,62.84,2,2.31,19.6,8.28,0.76,0.85,None,22.79,4
1074e374-c58c-400c-ac78-8f53915015c1,2026-01-28,CUST-572025,2,55,3,26.9,Service,-1,3,IVR,1,7,66.53,2,8.09,16.73,3.69,0.55,0.85,None,9.63,4
489d2b5f-95fa-46e2-84a5-83b5b7d25e2b,2025-10-06,CUST-803569,5,12,1,69.6,Technical,-1,18,IVR,1,3,69.43,1,6.47,16.68,7.33,0.34,0.93,None,10.4,1
05fa2209-0577-41d1-91c0-13f846b6efff,2026-05-19,CUST-942989,3,80,2,18.2,Network,1,1,App,1,7,64.57,1,8.33,17.75,17.58,0.46,0.68,None,19.09,2
22c5a5c0-ea1d-462d-a8c7-6a0e972aae1c,2026-02-11,CUST-898105,2,44,4,21.4,Technical,-1,22,Web,1,9,60.49,2,1.09,33.2,10.18,0.7,0.91,None,29.49,5
420cf9f6-9710-4239-add7-7a0a374e2db8,2025-09-11,CUST-695250,1,36,3,67.4,Service,1,25,Web,1,6,88.24,3,2.06,24.84,5.42,0.45,0.8,None,8.85,1
aed6ed09-1d9e-4f6a-a890-aa1e56a82f85,2025-08-11,CUST-365902,3,-35,2,44.9,Billing,0,20,Web,2,6,62.73,4,3.03,17.89,17.91,0.77,0.92,None,13.16,2
04149d25-bc56-4e4c-83e9-644dce90eb63,2025-10-14,CUST-203798,1,-15,1,66.6,Service,0,2,App,2,1,77.12,1,8.59,10.51,2.17,0.78,0.89,None,6.74,5
5e687a52-550d-47ce-832a-fd8efce3ed54,2025-09-21,CUST-649929,4,-17,1,2.8,Technical,1,22,Web,2,12,71.54,5,5.46,18.42,16.81,0.8,0.87,Web to App,10.27,4
ab8758c7-cb92-439c-bbbf-6716365d0165,2026-03-14,CUST-600421,2,-96,2,47.8,Technical,0,15,Web,2,4,91.58,4,1.43,13.19,9.26,0.27,0.68,None,10.19,4
00f544e2-71a8-49b4-800a-bf695243b94b,2026-04-11,CUST-920945,3,-22,4,25.9,Billing,0,0,App,0,12,64.3,2,2.79,10.93,5.92,0.38,0.96,None,25.65,4
a84e3a23-0e91-463b-8bb8-c8c300f1e280,2025-12-23,CUST-618773,3,-79,1,25.3,Technical,0,20,Web,2,1,90.59,5,6.28,16.33,13.5,0.74,0.63,None,22.32,3
21f1661f-a206-41aa-9d0f-a2383a28d033,2026-04-30,CUST-294532,5,93,1,54.2,Other,1,22,App,3,2,67.65,2,9.65,6.05,3.91,0.9,0.59,None,15.67,2
1a979f07-e172-4a9e-b072-e1b58537b4d3,2025-10-04,CUST-729908,3,86,0,44.1,None,1,23,IVR,2,2,91.31,4,1.32,15.84,11.36,0.81,0.66,None,26.7,2
e680dd0d-cec2-49f2-812d-22527fe0832d,2026-04-29,CUST-191937,5,-27,3,32.7,Network,1,30,Web,3,8,67.23,4,4.32,35.26,12.26,0.96,0.51,None,16.26,3
162d68aa-6d3b-4b6f-945a-becc96868ae9,2025-11-11,CUST-470214,5,23,3,7.8,Technical,0,16,Web,3,11,91.34,2,8.32,29.46,2.02,0.83,0.58,None,10.23,4
3c890d27-581e-43c7-b679-5456aaed7a67,2025-08-24,CUST-720787,4,-9,1,60.1,Service,1,27,App,0,8,73.37,3,9.58,27.6,9.61,0.33,0.63,None,23.06,1
6e2c6db0-0e3d-4bdd-b84a-bf68fd4985b0,2026-05-07,CUST-187329,1,-6,3,46.5,Technical,-1,4,Web,0,0,78.54,3,4.01,30.71,15.93,0.95,0.51,None,18.01,3
5dc646a6-dc22-4f48-b4ac-9c462fae7df0,2026-04-24,CUST-469347,1,-33,0,33.5,None,-1,15,App,0,7,68.97,2,8.96,14.34,14.45,0.64,0.83,None,9.81,4
e8e7847b-6882-43a3-b0ba-9c6131d48a1a,2026-05-30,CUST-858014,1,-21,4,22.8,Service,0,22,App,2,5,82.33,5,5.94,39.79,18.08,0.69,0.88,App to Web,24.13,3
0da232d6-f681-40fa-b8a9-c5ef099cf26f,2025-10-23,CUST-354745,5,-39,3,49.6,Technical,0,3,Web,0,8,65.17,2,6.8,5.36,14.12,0.13,0.58,None,14.01,3
70fc8295-d2e5-4521-8aa9-fbbd73e35b31,2026-04-05,CUST-157966,3,-83,2,8,Service,0,9,App,3,1,67.02,4,2.05,11.01,8.85,0.67,0.79,None,15.87,3
b8b25ec2-e8c2-450d-9781-f193153640f4,2025-11-12,CUST-606724,1,29,1,22,Network,1,13,App,0,11,90.25,5,9.54,29.43,13.57,0.82,1,None,6.35,3
ea9bec16-98e8-495d-bcee-c34ed8b5962c,2025-12-27,CUST-283142,4,-83,4,43.5,Other,-1,19,Web,0,14,79.92,2,3.78,24.87,7.33,0.73,0.71,None,26.16,2
51eff005-9b43-4c25-b562-4b80cbe3f209,2026-05-23,CUST-230190,3,-64,4,29.4,Other,0,21,Web,1,9,83.34,3,2.44,10.19,11.16,0.24,0.81,None,25.71,2
fee5e10b-4550-44dc-ac1f-5806acf954a9,2026-06-17,CUST-899339,3,27,5,3.6,Billing,0,10,Web,3,13,93.89,3,1.24,10.84,11.06,0.63,0.9,None,24.48,5
add5b362-ea6b-4057-87fe-e27dd659a80d,2026-01-19,CUST-292944,2,25,2,67,Other,-1,30,Web,1,3,77.16,2,2.36,39.34,10.23,0.61,0.83,None,19.7,3
5ad8b02b-d198-49bf-96b2-49fc99289aaa,2025-12-28,CUST-586063,2,-52,4,71.8,Technical,-1,27,IVR,2,5,92.85,4,5.66,6.43,9.54,0.83,0.76,None,18.04,3
cf40967c-93ca-408f-8918-72a20bf11adf,2026-01-17,CUST-670124,4,-68,4,20.9,Service,0,7,Web,2,11,77.76,2,6.98,38.39,13.53,0.85,0.57,None,18.53,2
78ff3186-b379-4859-8afc-7e55267b9dea,2026-04-16,CUST-369760,3,60,3,62,Other,0,30,Web,2,4,69.58,1,4.08,15.43,6.42,0.67,0.66,None,10.47,5
bcbb9c25-f650-4cb6-8a3b-28a23be3b3ec,2026-06-20,CUST-334059,5,-96,4,11.7,Network,0,9,IVR,2,1,67.74,3,4.17,29.13,15.46,0.89,0.91,None,29.74,4
46a76a9d-5815-4729-abd2-38f920255fed,2025-08-01,CUST-415206,3,4,5,65.9,Other,0,12,App,0,4,90.77,3,1.41,16.86,11.58,0.26,0.51,Web to App,5.76,3
695887ea-1efe-4193-905c-3a3b60427047,2026-04-14,CUST-458028,3,-59,3,21.8,Technical,0,2,Web,3,1,64.98,2,1.13,21.14,15.64,0.74,0.84,None,22.42,2
440d0c44-6367-4dca-ab81-ec77c0f69155,2025-08-05,CUST-519728,4,-75,1,62.3,Other,-1,6,IVR,1,6,64.16,2,4.79,35.62,19.55,0.22,0.69,None,25.83,1
f4c71307-3064-4f28-ae33-292e00a41731,2026-04-26,CUST-264151,2,-58,2,37.6,Other,0,3,App,2,7,90.44,4,1.83,22.94,9.23,0.29,0.58,None,11.63,4
30620630-c036-4fe1-a80f-b655ed5c1e46,2025-10-20,CUST-858235,1,90,3,17.7,Network,0,21,Web,3,13,90.26,2,2.29,37.73,16.85,0.16,0.57,None,12.17,3
90ada377-4aa6-4a9f-a551-e91487d41c72,2026-07-06,CUST-913701,3,-54,3,61.4,Billing,1,6,Web,2,2,64.22,4,9.39,17.43,14.62,0.27,0.73,None,20.31,4
5c929ec9-afc5-424d-bc6e-58cc614e7347,2025-08-27,CUST-310522,5,45,1,69.7,Billing,-1,25,IVR,2,5,70.91,4,7.06,26.18,2.4,0.66,0.93,App to Web,9.37,4
27a39ff7-2b76-46b2-a570-e946438e6c3f,2026-06-20,CUST-330699,2,-81,1,12.6,Network,-1,6,Web,0,9,85.66,1,5.83,28.07,15.45,0.55,0.71,None,8.95,4
dd41e3a6-72fb-495d-8d5c-e707a488c5ee,2026-03-17,CUST-122907,2,-64,2,37.7,Service,0,30,Web,2,11,83.98,3,6.87,13.58,16.13,0.71,0.83,None,28.04,2
6ff3df6d-e593-4d42-a6eb-84511de35a61,2025-12-13,CUST-742642,1,56,2,21.1,Other,-1,7,IVR,3,6,88.23,4,3.17,7.66,11.97,0.8,0.66,Web to App,15.39,5
47e16f0b-438f-42a8-86f2-c86f06cfe56c,2026-06-18,CUST-828907,1,-69,0,70.6,None,0,2,IVR,1,8,92.68,1,3.2,39.77,14.69,0.4,0.72,None,14.84,2
ebf00495-ad2b-4834-ad18-87969df68bc7,2025-09-04,CUST-263169,5,-3,4,32.6,Other,0,3,IVR,3,4,63.26,4,6.7,6.45,7.14,0.24,0.87,None,22.62,3
0cf00d7a-d84d-4bdb-8599-c0ba83a4932d,2025-11-16,CUST-941696,3,99,2,41.8,Technical,-1,4,IVR,0,13,86.39,5,0.94,22.27,12.37,0.92,0.95,None,24.28,1
772871bc-1a98-4fb2-a14c-ca30049231a2,2026-04-16,CUST-312481,2,-7,3,12.6,Service,-1,18,IVR,3,11,75.08,3,1.59,34.85,7.89,0.53,0.91,None,21.19,3
d5b2542e-d209-4da1-99ce-f722aa7d60ab,2025-08-29,CUST-720573,4,-95,2,59.9,Network,-1,27,IVR,3,8,83.64,3,5.31,19.84,13.39,0.3,0.94,None,7.89,3
c8d5be23-1a4e-4441-9773-cca18bf42067,2026-05-23,CUST-387273,3,-49,3,40.8,Billing,1,16,App,3,0,80.88,2,3.09,30.12,5.09,0.83,0.64,None,10.16,3
6ae2d85c-1eb8-458d-952d-c3e9afdc001a,2026-04-16,CUST-137864,5,20,3,45.9,Network,1,14,Web,1,11,82.97,2,3.76,27.78,4.51,0.29,0.55,None,11.17,2
47167556-a954-4d80-aebe-89b3bc9bb7f3,2026-05-26,CUST-565539,2,-64,3,52.5,Service,0,18,App,3,7,72.77,4,8.06,11.16,10.73,0.53,0.67,None,12.56,4
cc13598c-42c5-4dfc-b658-f778fbd6c6e6,2025-09-09,CUST-463396,5,79,4,46.7,Service,-1,14,App,0,10,62.15,3,4.92,36.57,17.26,0.21,0.82,None,11.6,2
3c8da8aa-b8d6-4dd3-aa45-d1ff3b9af516,2026-04-08,CUST-107551,2,76,1,28.8,Network,-1,10,IVR,3,11,70.15,5,7.62,14.6,16.87,0.17,0.77,None,12.5,1
c78170b6-63fc-47c7-ad04-b2fbc695d99a,2025-10-20,CUST-447131,3,-71,4,56.3,Network,1,14,App,2,5,69.75,1,0.11,39.82,11.82,0.74,0.68,None,21.69,5
f83e9336-c865-43f8-87a2-4a6a48fc89d4,2026-07-11,CUST-906835,3,-38,4,60.1,Billing,0,29,Web,0,14,82.97,3,5.59,18.59,2.2,0.44,0.91,None,5.48,5
5d4331fa-5f77-4550-a31b-1d9824af47f0,2025-09-08,CUST-198533,2,-11,3,56.1,Technical,-1,18,IVR,2,5,71.48,5,6.92,25.76,4.64,0.89,0.7,None,28.61,2
d4adba62-bd4b-4255-8e88-b62c236098a6,2025-09-06,CUST-866229,1,-48,1,53.9,Technical,0,6,Web,2,11,70.72,3,6.37,13.85,13.08,0.49,0.97,None,11.17,4
3496bfce-6147-4300-b218-dbf8429ab452,2026-01-17,CUST-513603,5,-82,4,13.7,Other,1,1,Web,3,3,92.18,2,8.71,26.45,12.55,0.54,0.76,None,10.67,2
abd745b7-973a-484d-9f73-a1eb249f847c,2026-02-01,CUST-171879,5,-34,0,35.8,None,0,7,IVR,2,11,71.06,2,3.56,13.59,9.61,0.62,0.58,None,22.25,5
f4cb9dfe-7c36-4a0e-a140-6d42f4810545,2026-03-10,CUST-412300,5,-15,0,60.3,None,1,23,App,0,1,91.77,4,9.87,28.57,4.32,0.81,0.61,None,16,5
c10b1657-83c8-43db-9fcd-95f347e7a9a2,2025-09-08,CUST-909875,1,5,0,40,None,1,27,Web,1,14,81.34,3,7.28,10.15,3.45,0.45,0.71,None,8.74,2
eab2da38-82a8-4a52-afdf-2bd594338a82,2025-12-03,CUST-644967,4,48,3,17.6,Technical,1,14,App,2,1,75.67,4,8.13,37.26,12.84,0.98,0.94,None,23.53,2
153b4456-b059-4bb0-8af5-ea31bcb10030,2026-07-02,CUST-252389,4,95,4,11.4,Billing,0,26,App,0,10,72.79,4,4.62,28.6,16.07,0.9,0.74,None,23.23,2
73296df1-5859-4a21-94d9-f0d08f48dad3,2026-07-20,CUST-615831,4,-19,3,70,Network,-1,5,Web,1,9,85.1,2,5.45,23.11,2.45,0.46,0.94,None,27.67,3
d34c3221-8730-4b06-af18-92deba5c053c,2026-03-07,CUST-498377,2,20,2,49.3,Other,1,28,App,2,8,85.39,5,4.7,22.97,18.93,0.52,0.71,None,11.18,1
b01423df-eded-4a41-8298-206e07854018,2026-07-11,CUST-686393,2,2,4,43.5,Service,1,7,Web,2,10,91.85,4,7.82,16.54,4.44,0.52,0.6,None,11.42,2
828dbb77-3008-4676-bbf0-6916f7456a4b,2025-08-12,CUST-702690,4,75,0,20.9,None,-1,1,Web,1,5,67.26,2,7.12,10.66,17.92,0.29,0.72,None,28.77,4
2f42cd0b-d89b-4195-9175-4d6315d8bc0e,2026-03-22,CUST-768198,4,-93,2,32.1,Other,0,26,IVR,0,2,67.49,2,5.64,33.52,12.97,0.31,0.9,None,22.79,3
53439cf6-c489-48b2-82c6-9bb015562bdc,2025-11-22,CUST-330578,4,87,4,49.5,Technical,0,10,App,3,13,88.22,4,8.72,9.28,2.16,0.16,0.7,None,26.22,1
f6fe57d7-2591-4f0b-91e3-1d68c4730304,2026-05-09,CUST-925991,3,-66,0,24.5,None,0,13,IVR,1,3,69.86,2,8.28,28.24,7.42,0.24,0.6,None,13.35,3
923fbe4a-a467-4239-9e19-23f88791b281,2025-09-25,CUST-496004,3,19,3,13.1,Technical,1,5,IVR,0,12,75.65,2,7.49,12.77,16.49,0.3,0.52,None,22.47,3
834553a3-b0ab-4dcd-82d0-4454fd5be9d5,2026-06-27,CUST-827664,3,-46,1,55.9,Other,0,26,App,2,11,91.92,5,3.94,7.83,8.78,0.15,0.53,None,20.93,1
672ed921-1011-43f2-ae74-18009ee18cd5,2026-03-26,CUST-562899,4,68,1,32.6,Technical,1,28,App,1,2,65.48,5,9.93,7.89,7.94,0.73,0.95,None,5.51,2
924c0e75-c714-49e1-84d1-bd7f02b9caea,2025-08-19,CUST-114836,3,-30,2,36.2,Network,0,17,App,0,3,91.84,2,2.41,26.82,10.58,0.78,0.59,None,16.2,3
31688fd8-616d-43be-9cb0-526b045bc560,2025-09-08,CUST-698579,5,82,0,68.4,None,1,8,App,3,7,74.68,4,3.31,7.11,15.11,0.16,0.73,None,9.98,1
8cba4b55-f0c1-4a26-9956-d3755a6404fe,2026-01-01,CUST-732100,5,31,1,51.8,Service,1,14,Web,1,1,63.37,3,8.54,6.74,12.45,0.23,0.63,None,28.89,3
816a25f2-496c-4026-b6c8-bf3c76bac097,2025-09-05,CUST-762700,2,-79,5,6.4,Service,1,4,IVR,2,3,75.43,4,8.28,19.55,19.17,0.84,0.72,None,10.39,4
3c69319e-f5e2-4eee-8fd4-1c6ccc66ca0a,2026-07-10,CUST-177073,4,15,3,55.3,Billing,-1,29,IVR,1,10,73.84,1,3.92,28.44,3.25,0.13,0.67,None,18.29,1
affebbc5-83ab-4e53-9374-ad741f11dfa2,2026-02-09,CUST-640804,5,-75,3,15,Technical,0,1,Web,1,2,78.48,4,9,28.82,9.26,0.93,0.98,None,29.57,2
9bee1524-5261-484e-a546-b98dcdb6a611,2025-08-28,CUST-195988,4,-41,3,68.1,Network,1,6,App,2,8,64.23,1,2.99,23.91,10.64,0.18,0.91,None,6.36,2
73d6eaf9-8b82-4942-bc92-9eca6bc863bc,2025-09-25,CUST-647171,2,63,4,41.6,Billing,1,2,IVR,0,12,94.96,5,8.95,5.17,17.05,0.14,0.88,None,12.51,5
c59cbcd0-ba2b-401e-924a-cc205748d39f,2026-04-21,CUST-392880,3,7,1,53.7,Technical,-1,10,IVR,0,13,70.25,2,4.78,19.8,3.3,0.31,0.83,None,13.82,3
30df72e6-5422-4d27-b8a6-6774ad2e123f,2026-06-25,CUST-235746,3,73,0,58.1,None,0,15,IVR,1,7,76.41,3,7.22,9.02,9.46,0.33,1,None,27.39,2
7c34eefa-1b63-4afb-b657-925a8c879bf7,2025-08-08,CUST-803676,2,-79,0,7.7,None,1,27,Web,3,5,78.15,2,8.29,18.7,2.15,0.16,0.8,None,14.07,3
0ca073d2-4e38-4b2e-8169-04430631d89b,2026-02-23,CUST-126069,3,-28,3,2.1,Billing,0,28,Web,1,5,63.77,5,6.68,15.28,2.72,0.49,0.96,None,6.4,2
0c3093a9-4de8-4c4d-b6ed-6f25719f9b3b,2026-01-05,CUST-115802,2,97,1,35.5,Billing,0,23,App,3,8,91.75,4,4.73,26.92,4.66,0.87,0.73,None,27.49,2
05c967e3-c66b-4fde-b6df-6245aadd243e,2025-09-11,CUST-992501,1,11,3,7.5,Network,1,16,Web,2,14,91.03,4,2.4,39.66,3.62,0.28,0.51,None,18.1,4
7b4af69d-f566-4563-b493-1ed488b9b2ed,2026-02-06,CUST-745564,4,-20,5,55.2,Network,1,23,IVR,1,14,79.31,4,3.99,23.98,8.96,0.27,0.62,None,6.73,4
db7b95cb-b4cc-40a5-aa83-bc6d52a78e01,2025-10-23,CUST-347000,4,20,2,12.8,Billing,1,25,Web,2,9,79.25,3,7.53,29.77,6.44,0.77,0.66,None,9.25,3
ecb5e5a3-f8cc-4fb5-8524-0e1fc7e6df88,2025-10-27,CUST-766274,2,-89,2,7.5,Billing,0,8,IVR,3,5,84.78,3,0.9,23.36,3.12,0.43,0.58,App to Web,6.07,2
6cbeafc1-34ad-4a48-9f63-c93017fcbb47,2025-10-18,CUST-974679,2,25,5,41.3,Other,-1,10,Web,1,2,87.95,3,3.19,39.13,12.39,0.44,0.63,App to Web,28.92,3
3680e241-770e-42ab-bd23-3fc38dfc2cd4,2026-03-20,CUST-240814,4,89,0,22,None,-1,9,App,1,13,93.9,2,4.65,14.57,14.64,0.39,0.74,None,27.15,2
702049b2-ee35-4404-a644-5c458362706d,2025-11-11,CUST-474102,3,10,1,51.8,Network,0,23,App,3,0,90.96,3,5.21,18.49,16.11,0.14,0.84,None,7.98,3
5e730277-98fe-475d-af58-29d72782f9ca,2025-11-18,CUST-755643,2,64,3,11,Technical,-1,28,IVR,2,8,72.55,4,9.61,28.97,11.57,0.4,0.68,None,23.32,1
1ae07495-1670-47cc-b631-0b29006feec1,2026-06-13,CUST-776362,2,-79,0,5.4,None,-1,27,App,2,7,64.8,4,2.45,25.95,13.82,0.35,0.64,Web to App,9.82,4
dc4dedee-9b29-415a-8af2-914c6d25c910,2025-09-17,CUST-365207,4,78,3,19.2,Billing,0,15,Web,2,11,90.77,4,4.96,23.38,18.02,0.32,0.56,None,18.78,2
4d439291-79ae-4818-a646-0e4229e55b74,2025-07-25,CUST-227086,5,-21,2,61.8,Technical,0,5,Web,1,2,69.92,2,1.17,35.59,15.93,0.26,0.93,None,11.28,2
67cf45e6-5b17-4ad6-b368-21571776073b,2026-03-23,CUST-212431,3,85,2,54.3,Network,-1,9,Web,1,4,91.06,1,3.79,5.95,2.13,0.31,0.8,None,7.27,2
af98dfab-fc52-4c98-9c79-a8a6c9e9ce22,2025-09-30,CUST-722164,3,92,3,39.7,Service,0,9,App,2,1,89.23,1,7.76,14.1,11.22,0.99,0.83,None,9.9,1
05faa5a4-7734-4f9a-863a-f40e40bd48c0,2026-07-13,CUST-357468,2,36,3,2.2,Network,1,18,Web,3,10,63.04,2,3.82,24.57,14.44,0.22,0.55,None,26.24,2
16908871-f539-4104-9ff6-f6d5f8fa14f9,2025-11-02,CUST-942638,3,-68,0,24.8,None,0,24,App,1,9,69.78,3,7.07,23.31,17.79,1,0.68,None,7.05,3
9d2ef417-507f-4326-9e03-277b075cffc4,2026-01-20,CUST-534834,2,-68,2,57.9,Technical,0,30,App,0,11,86.6,2,6.58,5.08,4.93,0.37,0.91,None,6.29,2
7cab0aba-07c2-471b-9e56-77687030e9a3,2026-01-18,CUST-884626,1,-47,1,17.3,Billing,0,16,App,2,3,86.34,3,1.46,33.81,14.96,0.63,0.75,None,10.27,3
99bc11b2-6fc8-4151-8b61-743ad9569ee9,2026-07-22,CUST-723872,1,69,4,49,Other,1,18,IVR,1,1,86.62,5,4.15,9.78,2.28,0.41,0.9,None,13.61,5
59387c8a-5f24-42bd-b91f-098ca25f249b,2025-12-06,CUST-433688,2,-56,4,15.3,Network,0,2,App,3,4,89.04,1,2.36,5.49,5.49,0.94,0.53,None,8.55,4
25fab9dc-bbe8-4486-b8bc-8d78113aacae,2025-12-05,CUST-618032,2,93,1,58.3,Technical,1,30,App,3,12,68.59,1,5.99,28.65,19.88,0.93,0.95,None,6.74,5
491fe162-8fc8-47f3-81c0-3d0e5ae34fea,2026-07-24,CUST-866880,3,-42,2,60.2,Other,1,16,Web,3,14,88.45,2,4.04,10.22,12.93,0.65,0.56,None,18.95,4
92f10796-0b2d-46f1-b713-a61b811df282,2026-02-27,CUST-340253,2,-68,3,70.1,Service,0,27,IVR,3,14,74.54,3,9.88,9.56,16.5,0.15,0.54,None,25.81,4
d857923e-93a3-4659-a429-64209cb82f19,2026-03-28,CUST-562810,3,-12,4,4.4,Network,-1,15,Web,2,3,85.24,3,2.5,33.74,9.41,0.39,0.69,None,9.04,2
392bff56-9356-40ab-a9d6-27fc7c81407c,2025-12-22,CUST-718562,3,-21,4,5.5,Technical,-1,3,Web,0,13,72.03,2,3.76,31.84,13.77,0.91,0.55,None,11.54,1
daf8014a-0f81-44ed-a70f-4ee4060e5d49,2025-11-25,CUST-777988,4,32,0,71.1,None,1,28,App,0,7,85.85,2,1.71,31.33,9.5,0.32,0.67,None,21.41,3
cf66ca5b-d95e-402b-b8b3-48527746904e,2026-07-19,CUST-842209,2,-49,4,29.5,Other,1,26,App,3,1,75.7,1,8.78,33.17,16.04,0.22,0.66,None,29.77,5
41835276-d808-46aa-8354-124643d75804,2026-05-30,CUST-199060,4,70,4,39.6,Network,-1,22,IVR,2,14,82.47,1,7.19,34.84,11.13,0.81,0.76,None,7.19,2
8d79eaea-d894-47b1-90b1-c0657a0f9fad,2026-03-30,CUST-777903,2,-49,2,43.2,Technical,0,23,Web,1,6,72.73,5,7.18,10.68,2.05,0.12,0.6,App to Web,16.94,4
369f4a2a-4a88-4b49-bbbd-ef637f5af2e8,2025-09-30,CUST-406619,3,-82,2,62.6,Other,-1,6,Web,2,6,89.19,4,5.75,19.49,11.5,0.38,0.56,None,7.38,2
869250b7-e882-4294-9b5a-5ea6bdd8ad2b,2025-10-25,CUST-409528,4,59,2,20.8,Service,1,9,IVR,1,2,94.59,2,4,34.82,3.21,0.3,0.81,None,23.49,2
41312d6a-28a9-4f6e-9f8d-67f1d6287780,2026-07-14,CUST-405617,5,-38,4,45.8,Network,1,24,IVR,1,9,70.85,5,5.55,19,1.83,0.85,0.76,None,6.57,2
ef5f54f5-78ce-4906-87ab-96a8dd356ef4,2025-09-18,CUST-582118,5,-28,3,48.2,Technical,1,28,IVR,0,9,90.85,3,0.96,34.62,9.95,0.56,0.7,None,22.59,3
a609e45a-7110-49ae-9f19-c07e69ad1769,2025-09-16,CUST-554060,3,-7,4,14.7,Network,1,18,IVR,1,6,87.68,5,0.17,21.24,6.84,0.67,0.69,Web to App,6.16,1
a4cd489e-e665-4039-9189-7c80e39805dd,2025-09-18,CUST-509565,3,-93,4,18.8,Network,0,8,App,0,7,68.58,5,4.87,24.47,7.6,0.49,0.96,None,29.1,3
07d89a5e-9d5f-4f3c-a6dd-22f037c66e15,2026-04-08,CUST-997970,2,5,5,19,Network,0,1,Web,2,1,82.53,3,2.98,8.31,5.38,0.67,0.64,None,10.88,1
826655a4-b5f8-49f1-ba4f-e739d1bb7eab,2026-01-13,CUST-466817,2,-52,0,38.5,None,0,14,IVR,1,9,82.94,1,5.62,30.95,8.62,0.95,0.81,None,13.19,2
985d3776-07ef-41f9-8ce5-e21980821db7,2026-06-16,CUST-400911,3,53,4,33.8,Network,-1,13,Web,2,7,81.88,2,9.36,25.34,7.14,0.36,0.53,None,21.75,4
a668de8c-ca47-4f58-bc98-74e136dbb822,2025-09-12,CUST-579712,4,-27,1,32.4,Other,1,19,Web,2,9,68.46,4,4.64,7.05,8.18,0.69,0.77,None,26.46,2
6aa38364-1fbd-4c9e-b557-5ed262a0c42d,2026-03-24,CUST-481250,2,-3,3,49.7,Billing,-1,18,IVR,2,7,93.05,4,1,13.75,18.49,0.42,0.88,None,14.07,4
71c86194-8f31-42bc-a362-d22ee37fa2e5,2026-01-13,CUST-531701,5,-42,1,52.7,Network,0,19,Web,1,10,76.04,2,7.43,15.06,5.95,0.84,0.98,None,28.98,3
5322ab45-d61b-439b-b3ee-ddc0e160c5b9,2025-08-16,CUST-721375,2,75,3,19.4,Network,1,29,IVR,2,9,64.76,4,2.65,22.48,3.5,0.3,0.94,None,24.68,5
c4f18473-a4de-4495-80b1-4c70fca20367,2025-09-07,CUST-509449,4,14,2,49.5,Technical,1,24,Web,1,1,79.57,2,6.95,22.75,11.1,0.96,0.53,None,28.88,3
09948d9c-29c2-4624-9d4a-0a248600ab06,2026-07-15,CUST-573031,2,74,0,25.4,None,-1,25,Web,1,12,74.55,3,5.23,16.74,6.31,0.75,0.59,None,7.38,4
31987353-aa47-468c-aea4-e2994f64a61d,2026-07-11,CUST-470870,2,53,1,63.8,Network,-1,21,IVR,3,0,92.35,2,5.93,16.26,18.88,0.21,0.73,None,10.02,4
67321d29-2bc0-4281-bd5d-4426cb8d7735,2025-12-15,CUST-141482,4,72,4,52.9,Service,1,18,IVR,3,7,75.06,2,0.98,24.05,19.04,0.55,0.75,None,17.3,4
5aeeb5e5-a730-46b6-8ae0-b4f302fbe5f3,2025-09-15,CUST-632732,4,-66,2,7.3,Other,0,9,App,3,6,77.07,1,1.98,31.8,7.03,0.97,0.85,None,7.88,2
3739f371-8137-41e5-bab6-a9d63a6d1106,2026-05-26,CUST-409637,3,82,2,25.3,Other,0,1,App,1,14,70.37,3,5.23,36.28,12.17,0.68,0.86,None,7.43,2
9ee73eb5-c598-4bc8-86f1-78adcbe220e0,2025-11-01,CUST-711767,3,90,5,3.8,Network,0,11,Web,1,4,89.72,4,5.59,34.1,13.29,0.12,0.87,None,12.6,3
412ff8b6-f9c2-469d-a204-8a181051a3da,2025-12-18,CUST-978534,3,-94,4,71.1,Network,1,7,App,2,12,93.78,3,6.31,22.21,4.19,0.27,0.98,None,10.67,4
10867471-a1e6-4027-ac3e-5de40f48d78a,2026-02-01,CUST-786339,4,-17,2,18.5,Other,-1,5,App,3,8,60.92,4,3.34,16.25,15.3,0.64,0.75,None,13.02,4
f42dd19b-ab8d-49de-a435-e16c2e4d2255,2025-10-13,CUST-428263,2,-24,2,18.7,Billing,1,8,Web,1,11,81.5,3,0.56,8.11,15.49,0.48,0.55,None,26.97,2
506b9fd1-7bdf-4b39-99fd-facba7f40b0b,2025-12-08,CUST-495599,4,75,3,64.9,Billing,1,2,App,3,7,79.46,4,1.09,23.82,14.89,0.79,0.61,None,18.83,2
8578912d-3ac1-4d18-84b7-f64840a98490,2026-04-09,CUST-814551,4,-69,1,68.7,Technical,-1,8,Web,3,10,89.72,4,9.17,33.26,7.41,0.17,0.91,None,19.89,2
0b550009-078d-497c-a32f-f62a2af6a7f8,2026-03-29,CUST-419973,3,-64,1,56.8,Technical,-1,19,App,1,1,73.39,2,2.23,34.22,6.39,0.18,0.56,None,17.86,5
1ccda1b5-76eb-4761-b21a-ea9d3c29d486,2026-07-01,CUST-220239,4,-44,1,64,Technical,-1,14,Web,2,4,67.45,2,4.55,33.04,7.03,0.76,0.69,None,8.09,4
7b452ad5-1675-4fc9-9842-9562480f7323,2025-11-26,CUST-145879,1,85,0,61.2,None,1,19,IVR,1,4,70.51,1,6.71,8.15,7.67,0.64,0.8,None,9.93,5
73fdeb92-c6f3-44cf-ad73-2738a439cdb0,2026-02-01,CUST-243381,5,-62,4,48.2,Technical,0,13,IVR,2,1,71.3,3,3.94,20.54,4.96,0.39,0.98,None,11.77,5
c90ed944-08b8-4415-84d6-24301bad8782,2026-05-19,CUST-972286,4,-26,4,36.6,Other,0,2,Web,1,6,74.74,2,4.77,36.12,14.05,0.83,0.74,None,12.72,3
8410530f-4dac-4d44-8954-7be3247a790a,2025-08-17,CUST-864809,2,85,1,51,Billing,0,13,Web,3,8,90.55,5,6.79,11.66,19.08,0.56,0.96,None,12.85,4
d533f873-fe26-4028-8e6c-21cd5a79ba74,2025-08-26,CUST-621405,2,-76,2,23.3,Other,1,12,IVR,2,5,63.14,2,1.75,35.97,13.35,0.19,0.68,None,5.5,3
5bf08e4e-c4bc-4e6a-8b53-a4b45f7fbbef,2026-05-27,CUST-161689,4,-36,3,19.4,Service,1,12,App,1,12,81.69,1,9.95,6.42,16.35,0.3,0.84,None,10.32,4
3f17b2da-5ac3-4429-911c-7ebb13e63d2d,2026-03-04,CUST-766310,2,-36,0,62.9,None,0,20,App,3,4,65.73,1,6.27,19.47,1.59,0.29,0.96,None,20.63,2
ca9dd10d-9fc9-42f5-9470-21babfcb545b,2025-11-03,CUST-818910,3,68,3,9,Billing,0,27,App,1,12,90.06,1,4.96,39.8,19.35,0.61,0.89,None,15.22,2
84e0c4a7-db2e-494a-b4a9-e48e122ea47c,2025-08-01,CUST-258156,2,51,3,67,Network,0,29,Web,3,13,82.44,4,9.41,6.17,16.38,0.1,0.87,None,9.9,5
28117beb-e60b-47c2-a8d2-2d024827b0ca,2026-06-07,CUST-943836,5,-45,1,63.8,Other,0,7,IVR,1,13,79.18,3,0.41,31.94,6.79,0.79,0.57,None,17.41,3
66d381e1-25e1-4908-b751-5c9daf6e57bb,2025-08-02,CUST-942406,4,-58,4,61.6,Other,0,12,IVR,2,11,73.17,4,6.35,13.13,17.41,0.87,0.8,None,15.14,3
df6f9bb5-92c8-4cd0-b99b-a72eae979e9b,2025-12-09,CUST-602047,4,-37,5,28.6,Billing,1,30,IVR,1,7,84.43,2,0.97,12.15,7.3,0.57,0.61,Web to App,9.7,4
b837bada-9a97-407a-8215-aa7fa5703ad3,2025-07-28,CUST-943972,1,31,2,44.7,Other,-1,22,App,3,11,61.29,4,2.64,33.66,15,0.9,0.76,None,5.41,4
daca9a21-5d62-4cc8-81fd-02a425356275,2025-10-31,CUST-492192,4,-36,3,47.3,Billing,-1,10,IVR,1,14,66.34,3,3.23,12.64,12.33,0.42,0.7,None,7.06,2
9b92fb68-5a96-4fc7-8b9f-74a3a1c01577,2025-08-20,CUST-994303,3,-87,3,30.2,Other,0,3,Web,2,1,78.02,5,1.68,29.25,12.63,0.33,0.7,None,24,3
bf34824a-201d-48eb-bd0b-dbe5dcdc0846,2026-01-11,CUST-380006,4,-60,0,11.3,None,0,0,App,2,6,92.62,3,2.64,5.87,18.18,0.82,0.57,None,10.77,1
829646d8-aabc-4e04-8314-c7209eb14bfb,2026-06-05,CUST-114444,3,-19,2,4.5,Other,0,7,Web,1,5,69.76,5,8.04,28.32,16.86,0.29,0.56,None,6.18,1
6fcdeaee-28a1-4b00-b759-79ba171fdee5,2026-03-17,CUST-908723,2,-100,2,7.2,Service,0,28,App,3,11,89.54,4,1.91,24.12,13.4,0.71,0.93,None,22.48,1
5424688e-90c6-43ab-bdd7-98fe46967349,2026-05-28,CUST-373592,5,15,3,69.3,Billing,0,28,App,2,13,82.37,3,2.9,19.54,15.04,0.55,0.51,None,26.48,3
987c935a-aa26-4f6c-91b4-686692587797,2026-04-26,CUST-925156,2,-15,2,68.5,Billing,1,20,Web,1,7,68.44,3,1.95,35.15,4.6,0.42,0.82,None,9.15,4
53035f71-0bde-4347-afd3-8a435c293291,2026-05-25,CUST-839760,1,81,4,66.8,Service,1,3,IVR,2,5,60.87,3,4.89,17.45,7.22,0.72,0.94,None,17.37,3
46c793a2-fa26-47a9-9924-938bf8de49c8,2026-05-10,CUST-798303,3,38,2,27,Billing,-1,12,App,1,2,82.06,4,6.22,5.11,6.26,0.36,0.84,None,17.82,3
637c6c1e-ddc0-4a94-aadf-ea0a361cdab7,2026-05-20,CUST-472350,5,47,0,67.5,None,-1,10,App,2,7,91.83,2,7.18,23.71,4.1,0.76,1,None,12.51,2
73a5be0c-bc54-42ac-a770-59029f4e6d09,2025-09-20,CUST-801180,2,60,1,24.6,Technical,1,16,IVR,2,3,81.05,5,4.58,6.58,19.2,0.3,0.75,None,29.81,2
b83fb9d8-c892-4e14-a876-16788c71032c,2025-08-03,CUST-886635,4,93,0,42,None,-1,23,App,2,10,80.14,2,9.8,15.13,4.47,0.85,0.81,None,14.29,2
9c79dd4b-8293-479c-b9c2-5e0328aeed98,2026-03-22,CUST-421804,2,82,4,19.7,Service,0,21,IVR,2,8,60.31,1,9.4,13.69,14.71,0.53,0.6,Web to App,19.54,5
44fcab76-4c40-49d4-9056-16ca3d9d93b6,2025-08-27,CUST-330829,3,7,1,24.8,Technical,-1,20,App,0,1,68.23,1,5.42,31.96,17.52,0.24,0.57,None,17.27,4
97687948-8e6a-4c85-b6f8-c68fff0c3a59,2026-05-14,CUST-566434,4,75,1,5.9,Billing,1,21,App,2,10,86.02,5,8.27,33.84,10.25,0.45,0.8,None,6.61,5
6363f99a-8048-466b-9140-66ebcc71c6a2,2026-04-12,CUST-241288,3,-92,5,51.5,Billing,-1,15,IVR,0,4,88.39,2,1.61,21.78,11.44,0.66,1,None,13.73,5
e43fee6c-bbce-4ff8-b439-14c21c84287d,2025-10-07,CUST-698630,1,-19,5,19.8,Network,1,3,IVR,0,1,69.07,4,8.57,16.1,4.41,0.25,0.58,None,5.41,2
30af0b41-4a6d-4fae-8798-d8119f91991b,2025-12-29,CUST-565629,4,32,3,64.8,Service,1,24,IVR,2,9,68.61,5,5.16,15.36,1.56,0.69,0.61,None,13.86,3
026a13b8-bb48-4278-9340-23065a622721,2025-07-25,CUST-770685,4,-49,1,43.5,Network,1,26,App,2,1,77.4,3,9.92,14.42,2.57,0.89,0.66,None,25.86,4
7f25a3c0-319c-4f04-ac5c-251a60433cbf,2025-09-08,CUST-541907,3,36,1,23.5,Billing,0,23,IVR,2,7,71.83,5,8.55,7.01,7.66,0.11,0.63,None,25.94,2
76652fba-a6e4-4810-a0d8-32792adf8e13,2026-01-13,CUST-993634,4,-14,5,52.6,Network,1,12,Web,0,4,77.43,4,8.47,18.2,4.1,0.18,0.64,App to Web,16.23,1
020621d3-15f2-4bae-ad7b-c6b91ba78824,2025-10-15,CUST-583756,3,-81,0,31.8,None,-1,17,Web,0,14,89.3,1,8.56,16.62,9.54,0.29,0.75,None,19.72,2
6fe65b2c-b899-4d06-aa72-92ef78a86d8c,2025-07-30,CUST-386552,2,22,1,57.8,Other,0,25,App,3,9,63.54,1,2.98,20.41,18.3,0.98,0.83,None,25.51,3
037c8f1c-05ee-4b2e-ae06-6df6f6c9b418,2025-07-26,CUST-876535,3,-4,2,16.9,Technical,0,4,IVR,2,7,64.62,2,8.78,13.9,4.38,0.72,0.69,None,23.39,4
09140718-7f66-470c-98ca-5ef7b3b5e327,2026-04-12,CUST-890668,3,-56,3,58.8,Technical,0,19,Web,1,14,81.75,5,4.68,23.68,9.32,0.1,0.83,None,25.1,1
87c3095f-b372-43d2-8ad3-01f4ebbc65d6,2025-10-13,CUST-691689,3,-23,4,67.3,Billing,0,8,Web,1,1,63.85,4,9.79,18.23,2.4,0.85,0.72,None,27.98,3
f79a3367-33cf-4081-83e3-b4eb726d677c,2026-03-24,CUST-508609,3,-59,4,55.4,Network,1,1,Web,1,5,62.96,1,9.06,27.37,11.04,0.97,0.88,App to Web,22.24,3
82bcb83d-8795-4e85-90e2-0f4f17d443eb,2026-04-08,CUST-510114,4,2,3,26.8,Network,1,13,Web,1,5,94.66,1,6.18,18.1,7.89,0.43,0.72,None,9.77,5
46aa442d-b41d-4233-a904-30a74c84dbe1,2026-04-29,CUST-258869,3,2,3,34.4,Other,1,10,IVR,2,14,88.18,5,0.4,39.92,10.12,0.15,0.54,None,13.88,3
14a02bbc-59de-41de-90a6-69238b7d2b6e,2025-07-27,CUST-871978,3,-73,3,50.1,Technical,0,8,IVR,2,10,62.13,2,3.88,37.01,10.84,0.29,0.98,None,18.78,2
a720ceed-bedd-4d01-9093-99336e019e00,2025-12-16,CUST-882442,5,81,1,15.9,Billing,1,24,IVR,2,1,78.24,3,0.5,31.92,3.14,0.16,0.87,None,23.22,3
c5954ca6-ed14-4055-9538-88fd2dfa82d6,2026-05-27,CUST-494585,3,-66,1,2.3,Other,1,26,IVR,3,13,90.95,2,7.89,26.35,12.71,0.74,0.66,None,16.45,1
c5d30e1c-0c99-498d-b124-ef59ad39f66b,2026-05-02,CUST-807387,2,-67,1,46.2,Other,-1,6,Web,2,13,79.98,2,7.35,36.04,1.8,0.19,0.74,App to Web,8.59,2
9f107407-0aff-4db8-a36e-3823f15adca6,2026-06-22,CUST-404555,3,99,5,41.5,Billing,-1,26,IVR,3,8,71.95,1,1.96,7.85,10.39,0.79,0.95,None,6.18,4
33385dde-71c4-47b5-8a84-ace0c845fad5,2026-02-13,CUST-913688,2,65,3,60.2,Network,-1,3,IVR,2,14,67.21,2,0.54,14.88,17.4,0.42,0.78,None,22.77,1
c972c16f-853e-49ae-9daf-cfcbb12cf5f6,2025-10-30,CUST-652855,2,74,1,67.8,Service,0,24,IVR,2,6,87.65,4,9.68,38.73,12.06,0.1,0.57,None,27.85,1
a6a6dd04-bbe4-4aac-98d3-d12fdfc4dc98,2025-07-26,CUST-346151,4,-13,2,68.7,Service,1,13,Web,0,8,86.59,5,9.96,20.21,14.76,0.26,0.71,None,18.9,1
6438a588-2812-4307-85bc-0d469c606ed7,2026-04-27,CUST-726097,2,-48,4,3.8,Billing,-1,3,IVR,1,9,72.6,1,3.38,20.22,17.19,0.3,0.65,None,17.61,1
7ef3e120-7cfb-44ed-aa5e-efac34d9b837,2026-06-20,CUST-440366,4,74,1,3.6,Network,1,27,IVR,1,5,64.93,5,2.86,7.47,16.13,0.19,0.63,None,18.86,1
9c43c5ca-3492-4cdb-93a5-2461230dfd72,2025-11-19,CUST-816816,2,-7,2,15.8,Billing,0,14,App,1,1,89.58,2,5.36,14.19,6.79,0.39,0.9,None,24.97,2
ad3674ac-dafb-4264-b293-aa67fa263e59,2026-02-23,CUST-543396,5,81,1,53.1,Technical,0,17,App,1,12,84.32,5,8.18,15.01,4.6,0.68,0.67,App to Web,19.56,4
ec97d127-0396-4f8c-b367-50ff0eacf4ad,2026-01-21,CUST-303398,2,27,2,22.2,Network,1,6,App,1,12,93.06,1,8.94,25.34,8.91,0.26,0.93,None,28.4,4
f6f377a9-c1b1-463d-8a24-1bd5feb9178d,2025-08-21,CUST-914388,2,2,2,63.8,Network,-1,27,IVR,2,1,73.24,5,3.38,18.86,7.18,0.12,0.58,None,11.36,2
dfbb4502-2a88-4945-99ed-d93bf02e6496,2026-03-11,CUST-869975,4,-72,3,14.9,Network,-1,25,App,1,9,64.27,4,9.04,30.22,19.11,0.13,0.58,None,21.04,2
b924fa75-49ab-406a-abc7-320d2224c578,2026-04-30,CUST-659443,2,-83,1,57.1,Billing,-1,8,App,3,13,72.46,4,9.63,21.5,3.54,0.14,0.58,None,29.83,3
ca75904a-eb28-468e-98ec-6d1804ab1660,2026-04-27,CUST-139646,3,-57,2,27.2,Other,1,21,Web,1,11,94.79,2,1.73,28.45,10.56,0.42,0.82,None,14.55,5
545f111c-5fdb-408d-a50c-77f1eaf67b32,2026-04-23,CUST-483717,4,-90,2,4.1,Service,0,13,Web,2,11,67.59,1,5.25,14.82,8.9,0.36,0.99,None,5.56,2
2ec81f4a-1150-4ea7-8324-38d67a05275f,2026-04-06,CUST-496621,3,-80,4,40.2,Billing,0,21,App,1,8,72.74,4,4.05,38.92,3.88,0.38,0.51,None,20.45,4
ad08d667-afed-4314-a1bd-45376c8e644b,2025-09-15,CUST-587370,3,8,0,55.4,None,0,0,App,3,9,66.14,1,7.7,15.59,3.59,0.62,0.66,None,14.09,3
cdb99315-b338-40f2-bb58-79fa29ebb78c,2026-03-24,CUST-697312,3,38,1,53.1,Network,-1,15,Web,3,8,77.15,3,0.8,31.44,9.71,0.79,0.71,Web to App,21.84,2
56dfa8c0-148a-48c7-b9ca-1ed9e7b2aec5,2026-07-13,CUST-847372,2,14,4,16.7,Billing,1,4,IVR,2,6,89.49,4,5.53,7.27,4.98,0.98,0.67,None,11.79,3
b316c3c4-851a-446a-a2ac-8d3a3bd24277,2026-03-27,CUST-910322,3,27,5,57.7,Technical,-1,13,Web,3,12,82.09,2,7.53,8.65,13.38,0.54,0.72,None,12.24,2
b7f86f52-0217-4686-8c5c-5ba5a21f9d69,2025-09-02,CUST-332733,3,-53,5,13.7,Network,-1,20,IVR,2,12,79.78,2,5.09,39.24,1.35,0.92,0.8,None,5.28,4
f46ffb74-fdb8-4d2a-9353-a46a59979ee7,2026-06-22,CUST-699546,3,-57,2,65.5,Other,1,4,IVR,1,13,89.66,4,7.32,39.5,2.08,0.73,0.8,None,8.45,4
44dc5b8e-f755-4f18-aa18-993e286c6842,2026-03-08,CUST-325008,3,52,4,12.4,Other,-1,11,App,2,9,80.04,5,1.53,35.49,11.92,0.16,0.73,None,8.36,1
32ad1f37-652a-489a-9b81-60fdbb2a2431,2026-04-17,CUST-714249,3,17,5,52,Technical,-1,14,App,3,8,61.86,4,7.25,37.58,13.48,0.12,0.78,None,10.79,3
147fe14a-ffb7-411d-8e44-b2c9d7acfbeb,2026-04-20,CUST-614335,3,15,2,32.5,Service,0,6,Web,0,10,73.29,4,8.13,35.05,11.57,0.15,0.8,None,28.61,2
bf4b1591-33cd-4505-90e1-e21d0037a24a,2026-03-04,CUST-600284,1,-56,2,30.5,Service,0,6,Web,3,12,86.63,3,8.64,8.35,19.3,0.59,0.87,None,8.26,1
25a5d1db-d6cb-4f23-98dc-854132eb8499,2026-02-26,CUST-524845,1,-41,1,61.8,Network,-1,24,IVR,3,14,70.26,3,9.73,13.36,7.25,0.19,0.91,None,28.25,4
835a8a49-a5be-4e3a-83b2-6bf1836de2fe,2025-11-06,CUST-924437,3,-64,5,1.7,Network,-1,6,Web,0,9,76.18,3,2.23,33.94,17.33,0.52,0.94,None,29.89,4
89ed2da3-e772-46e4-8d59-dccfe4f3214a,2025-10-08,CUST-717080,4,-26,4,40.9,Billing,1,13,IVR,3,5,89.78,4,2.65,31.71,16.21,0.6,0.92,None,17.55,3
84e8008b-9c2a-4d0b-bbfd-766b48ccf3d4,2026-04-19,CUST-738311,4,-23,4,16.3,Service,1,19,App,2,8,76.9,2,9.37,7.57,18.43,0.37,0.96,Web to App,13.53,5
0bcb1ab2-631d-4f38-ae8a-1360584f2e56,2026-01-25,CUST-624086,1,77,1,60.7,Other,1,2,App,2,7,71.89,3,1.66,24.25,4.47,0.34,0.63,None,14.35,2
b43417e9-062c-415a-84fa-52abe912d88b,2025-12-12,CUST-509903,4,50,0,31.5,None,-1,13,App,0,4,67.16,3,9.17,9.43,13.15,0.5,0.92,Web to App,15.82,3
46fa9c59-553b-4dac-b48f-87b541d078e9,2025-12-28,CUST-328840,4,56,2,71.6,Technical,0,2,App,1,5,80.82,5,3.7,13.13,17.21,0.64,0.8,None,19.18,4
23e08a93-c50c-45e7-9fe6-1c01929f09b4,2025-12-03,CUST-194365,1,-96,2,30.6,Billing,1,5,IVR,0,9,72.25,3,9.08,38.74,16.51,0.89,0.7,None,9.07,3
162eda16-2341-4418-a297-4d5842dc0e19,2026-07-20,CUST-363691,3,97,1,6.8,Other,0,29,Web,0,2,89.9,3,4.79,28.63,7.17,0.37,0.74,None,6.17,1
d96cb055-5a55-484f-92ab-80a98e9c6379,2026-03-25,CUST-480772,4,-70,1,62.8,Billing,0,26,Web,3,14,86.94,5,0.41,23.14,6.05,0.89,0.82,None,12.96,3
9665e23d-be78-45a8-bb74-a660f1d9beeb,2026-04-25,CUST-550462,4,-65,2,59.4,Network,-1,6,App,1,1,78.31,1,6.66,15.13,3.79,0.34,0.98,None,15.48,3
74daaf3c-5d72-4e84-bfbf-e1ee68b1f96a,2026-03-23,CUST-102145,2,-64,0,18.1,None,0,10,App,3,3,63.42,4,2.9,36.54,13.99,0.9,0.95,None,13.08,4
4a0ef03c-d7b8-4085-8362-4c7a26e597b7,2026-05-16,CUST-335439,3,-42,5,14.1,Service,-1,9,App,1,4,73.89,3,4.15,23.98,12.59,0.52,0.73,None,25.49,1
7619aca1-0878-4070-af88-8c8d81f96d58,2026-01-29,CUST-632505,3,-85,3,46.4,Service,0,13,IVR,1,6,70.25,2,1.5,37.6,10.85,0.82,0.52,None,22.19,3
6b203136-51fe-4924-8e98-9e7118e32dc2,2026-03-20,CUST-950109,4,59,1,57.8,Billing,-1,20,App,0,3,82.86,5,6.64,9.41,1.06,0.31,0.78,None,12.56,1
f5593e35-0af4-4048-800a-e37d9a134274,2026-01-03,CUST-702911,3,49,4,29.7,Other,1,4,IVR,3,0,60.99,4,6.13,10.36,3.05,0.48,0.9,None,5.49,2
29d6d24d-cb15-4998-a408-80fc90d3620c,2026-07-23,CUST-196982,2,19,5,69,Billing,1,13,App,3,3,82.34,4,7.48,34.56,11.28,0.18,0.9,None,25.97,2
5765d68c-13c7-4982-af94-32c7f2e99d95,2026-01-20,CUST-432629,2,5,5,46.9,Technical,1,8,App,3,10,74.94,5,7.63,28,2.49,0.75,0.72,None,17.09,4
8d9440ea-f188-44d8-af38-bae9a2447d23,2026-03-31,CUST-636950,4,73,3,52.5,Network,1,2,IVR,0,11,84.65,4,6.81,33.27,6.86,0.71,0.57,None,27.36,1
59c98ef2-091e-4706-80a9-9ed84077a84f,2025-12-22,CUST-418780,5,67,1,31.7,Network,-1,23,App,1,2,71.42,5,5.17,32.01,10.48,0.98,0.79,None,17.73,4
c65b9265-9361-4e4b-bac6-b4ff017fdf43,2026-03-07,CUST-415753,3,-90,2,38.9,Technical,-1,22,App,2,3,61.81,3,9.02,27.78,4.79,0.64,0.79,None,26.2,4
d6649c8f-7d24-4785-bf13-ba61c5c7ff88,2025-08-23,CUST-834580,1,57,4,4.6,Billing,1,0,App,0,11,92.02,1,2.25,33.22,3.79,0.54,0.85,None,20.34,4
219c088f-3bbc-48dd-a25e-593137dba382,2026-04-24,CUST-570581,2,42,1,52.8,Service,-1,20,App,2,3,86.07,4,3.3,39.04,6.71,0.1,0.59,None,28.6,5
adb7da43-929d-4952-a685-b8b9758b9089,2025-08-13,CUST-613683,1,37,4,17.5,Billing,1,21,IVR,2,0,87.82,3,0.3,14.16,15.72,0.38,0.97,None,21.5,4
4ae0722c-c16b-4e46-ae67-83ad2d1c5032,2026-05-08,CUST-705334,2,61,0,1.1,None,0,22,Web,3,13,90.11,2,1.12,35.25,3.91,0.81,0.99,None,17.26,4
a5126d96-2c38-453f-b792-c7225be9e274,2025-12-18,CUST-371757,2,69,1,69.8,Other,0,5,IVR,2,11,86.01,2,9.81,23.59,8.84,0.36,0.82,None,15.02,2
ebbb6b2c-2578-4d1a-83ee-7827f597d995,2025-09-30,CUST-290263,1,-69,3,13.3,Other,1,29,App,0,1,60.29,4,5.96,12.24,13.84,0.52,0.63,None,9.05,4
6fe87274-4ec6-4fdc-b61a-65a917e12b94,2026-05-13,CUST-174523,3,-37,4,55.3,Service,0,4,IVR,3,1,74.84,3,5.27,11.85,17.12,0.95,0.67,None,28.67,4
d9f69fe1-3448-4559-8359-3c478eea854f,2026-05-29,CUST-339759,1,-97,0,40.5,None,-1,13,Web,1,12,82.05,4,2.3,21.91,9.37,0.63,0.82,None,25.71,2
aa631245-9857-470a-a5a8-66ce414e963d,2026-05-05,CUST-771276,4,69,1,48.3,Technical,0,17,IVR,2,12,94.27,4,5.01,15.86,1.82,0.89,0.52,None,12.95,5
7280e2c8-4d98-4842-aed0-ee76e88ae708,2026-05-06,CUST-133985,3,13,2,62.6,Billing,1,10,App,0,1,62.87,2,4.7,13.62,10.76,0.3,0.83,None,17.91,1
15f6af41-db10-4272-abd8-79655144ae2d,2025-09-21,CUST-634061,3,-75,1,31.9,Technical,1,14,IVR,1,11,89.37,5,1.43,27.21,17.25,0.46,0.99,None,7.68,5
7e43ea10-273d-4415-b424-09462413e2f0,2025-12-03,CUST-411515,4,55,1,52.1,Technical,1,2,IVR,0,2,92.72,4,8.21,22.57,4.36,0.9,0.73,None,13.77,1
67e3a008-69bf-44ef-9539-c16e00c0ffd4,2026-03-26,CUST-619650,2,-62,4,35.9,Technical,0,1,App,0,13,70.12,5,1.76,11.67,14.3,0.76,1,None,10.57,2
d39718ac-d7ad-464f-81e7-fb9f5e2b2e22,2026-05-05,CUST-877211,5,28,2,8.3,Technical,-1,22,App,0,8,75.62,4,9.16,27.58,12.45,0.77,0.58,None,14.96,2
16e994bb-ec64-465e-b0e2-ac3bac76e6f2,2026-07-16,CUST-859371,2,91,1,8.4,Technical,1,29,Web,0,8,88.38,2,1.62,6.15,16.36,0.99,0.9,None,22.93,3
ebe0c6ee-1d57-49ee-9992-6598a89d95a1,2025-08-25,CUST-679674,4,-73,3,44.5,Technical,1,6,IVR,2,3,69.68,4,6.61,27.45,12.77,0.19,0.96,None,26.92,3
3d8b2746-421e-4833-8754-9a9cba2c924a,2025-11-14,CUST-832313,4,-65,1,65.4,Other,1,3,App,1,7,87.9,3,1.64,22.82,8.42,0.13,0.81,None,11.43,4
8033d11c-912a-469a-a7c8-57d5a64b6b6e,2026-06-27,CUST-991565,2,-88,0,33.9,None,0,5,IVR,1,11,90.71,5,6.84,31.94,8.98,0.72,0.78,None,23.05,4
155b5a9a-81cc-4d3f-970f-b8987ae49a62,2026-01-10,CUST-771328,3,5,0,34.3,None,0,20,IVR,2,14,84.28,2,3.54,10.74,8.06,0.52,0.65,None,14.3,4
a932717e-face-4809-8692-a9891133a17e,2026-04-22,CUST-609440,2,-79,5,13.6,Other,-1,13,App,2,11,89.41,3,3.23,5.21,18.99,0.79,0.8,None,26.82,2
668d5921-5407-4b47-a578-4fc4222b676d,2025-11-14,CUST-690171,3,24,1,14.7,Network,1,27,App,3,5,75.57,3,7.98,21.94,12.85,0.52,0.76,None,12.86,2
d6a87a70-5a63-4dff-afa2-e615780722d7,2026-02-24,CUST-762636,5,-84,0,59.5,None,-1,7,App,1,5,63.5,2,0.78,38.86,13.83,0.88,0.8,None,8.3,2
19676cfe-a104-44a6-82f4-713a06357919,2025-12-13,CUST-980043,1,-67,2,58.6,Network,1,6,App,2,12,83.4,2,3.43,5.76,16.41,0.36,0.56,None,9.43,2
0b214eba-50f3-49bc-a218-8a97f1d5c4d4,2025-12-15,CUST-887329,2,30,2,49.7,Other,1,0,IVR,1,6,91.59,4,1.33,17.67,11.04,0.95,0.9,None,23.67,2
757b1ff9-854e-4945-bb50-54729fd082aa,2025-10-23,CUST-631541,3,7,5,19.2,Service,-1,20,Web,1,8,69.66,2,0.32,36.3,14.07,0.71,0.74,App to Web,29.52,3
6364ef0d-e8c6-460a-9830-87720dca461a,2026-03-10,CUST-327891,2,9,5,59.3,Technical,-1,15,IVR,2,4,76.3,4,5.13,26.98,6.95,0.72,0.7,None,5.26,3
fa69b202-0c65-4e0e-958d-182c918bf724,2025-08-26,CUST-294597,4,60,4,26.9,Network,-1,8,App,0,12,63.1,3,0.14,5.99,10.87,0.26,0.81,None,28.18,1
ead08c01-d9cb-4869-87f3-129079811fc9,2026-06-10,CUST-619486,3,60,0,21.5,None,0,28,Web,1,3,81.63,5,1.89,33.7,15.17,0.33,0.68,None,19.17,2
00726c5e-e376-46a1-a0ed-5c968462a32b,2025-12-19,CUST-690705,3,-59,3,54.9,Technical,0,8,IVR,1,11,74.82,2,1.22,33.44,3.36,0.88,0.62,None,25.33,3
d8e1023a-9160-4de4-b1c9-2287ba4496b8,2026-02-24,CUST-836087,4,-55,4,33.8,Other,0,15,App,1,9,73.34,5,8.32,32.79,9.15,0.15,0.92,None,14.82,5
5575a152-2257-4e5e-bb55-5d28fa63dd80,2026-02-22,CUST-276650,3,60,1,23.5,Other,0,24,App,2,3,71.74,3,7.06,39.94,18.2,0.53,0.79,None,9.55,3
ab7d1178-71e7-4d09-9646-0c713fd98271,2026-02-06,CUST-111306,2,50,4,8.6,Other,-1,24,App,2,13,69.59,1,5.23,20.57,12.63,0.88,0.8,None,20.15,3
2fca7b57-5931-43d5-9ea0-d96ca61f4417,2026-04-09,CUST-410363,3,38,5,16.7,Technical,0,20,App,1,0,62.28,4,5.58,39.15,12.19,0.55,0.7,None,10.46,4
fcbe31cb-10e1-491d-b23f-98e3b5782138,2026-06-26,CUST-723163,3,61,4,32.4,Service,1,0,Web,2,9,61.73,2,4.93,8.44,6.33,0.52,0.52,None,6.26,4
e2dce027-e20b-4e99-92b7-fa77a98c4e46,2026-01-30,CUST-856234,2,-29,2,56.3,Service,1,12,App,1,2,69.27,4,1.47,33.24,16.46,0.9,0.95,None,11.95,3
757f7cf8-7b2d-42d4-a542-fbcbd547322b,2025-08-05,CUST-694180,3,-80,3,58.4,Other,0,11,App,2,2,93.58,3,6.02,16.01,19.59,0.72,0.89,None,21.7,1
d904a2a4-dbb6-43c5-a3e3-c26fc5698895,2025-08-29,CUST-889768,4,-4,2,49.9,Other,-1,14,IVR,2,5,63.82,4,5.62,8.54,18.11,0.36,0.55,None,11.07,3
84be09ef-2b89-4a51-bc7f-93d2da8c22c7,2026-03-16,CUST-563541,3,85,1,51.2,Service,0,23,IVR,3,2,79.1,5,6.22,24.29,7.98,0.5,0.75,None,26.63,1
23c4fcfb-54e5-434c-85de-480e2f573188,2026-07-22,CUST-190465,4,100,2,46.4,Network,-1,5,Web,3,2,85.41,2,4.68,33.47,15.53,0.7,0.51,None,5.72,3
54ab3ce1-a93b-43bd-9b51-867c92ae2222,2026-06-07,CUST-934116,1,25,4,45.3,Technical,0,11,Web,0,1,78.87,3,3.82,14.6,18.51,0.67,0.84,None,29.3,3
fe017395-1fc3-425a-aa3d-55a096296a48,2026-05-06,CUST-397973,5,-39,3,46.2,Network,0,4,Web,3,13,85.2,3,9.95,20.35,12.36,0.55,0.69,None,11.07,4
ef323205-9c95-4758-9b4c-c23bd826f58a,2026-06-07,CUST-724893,5,39,2,12.4,Other,0,15,App,1,5,72.54,4,3.13,33.35,3.16,0.44,0.56,None,14.09,2
9ec22ef6-d608-41ce-a5d0-fe6e07b85e60,2026-06-25,CUST-608468,4,-100,2,62.2,Service,-1,27,IVR,2,12,61.86,5,4.8,5.86,17.19,0.33,0.5,None,5.34,3
6a41a9bc-4d28-479d-b483-549ebd429824,2025-12-20,CUST-985113,4,-31,5,60.1,Billing,1,11,IVR,3,12,75.65,4,1.66,6.86,4.19,0.49,0.72,None,20.11,3
0b1db810-2b18-4472-971e-91d3f813fe5d,2026-07-03,CUST-680158,4,75,3,50.7,Network,1,27,IVR,3,10,72.93,3,2.71,26.84,8.97,0.58,0.81,None,22.39,2
b7b8c74a-ea6c-41ad-ae46-844fcb7a75c5,2025-11-24,CUST-689364,3,96,5,14.1,Billing,0,24,Web,1,12,88.5,3,3.6,7.23,7.07,0.44,0.6,None,18.74,1
095a4914-ffb9-47b4-81c8-817704839109,2025-10-29,CUST-246784,3,-67,3,31,Other,1,16,IVR,0,1,69.98,3,5.84,25.77,11.21,0.87,0.91,None,5.58,2
44d44cec-1ef1-4532-a0b3-c991da531d9a,2026-07-12,CUST-222972,3,-32,1,6.9,Network,-1,3,App,1,1,81.05,2,6.91,28.8,1.68,0.42,0.54,None,16.13,4
819dd0be-37f8-49ba-bb97-d6d17281f6fd,2026-04-12,CUST-720846,2,18,1,69.4,Other,1,26,IVR,2,10,65.57,2,2.77,10.56,5.63,0.21,0.75,None,23.4,2
ab9b0354-1a95-4cf8-ace3-15b9fd022dd2,2026-04-27,CUST-114493,2,23,4,64.2,Billing,0,7,Web,2,0,80.89,3,2.9,24.16,2.78,0.95,0.87,None,26.76,2
7379452a-be3f-4ed0-b4f3-9e339a857c0a,2026-03-18,CUST-153102,2,-48,1,18,Service,-1,4,IVR,0,10,82.26,2,5.89,17.72,4.67,0.68,0.63,None,11.73,1
d9e6edad-0a84-4efe-88ef-1260b4cd5085,2026-07-06,CUST-907813,3,82,1,66.4,Network,1,20,App,3,11,81.57,4,4.3,25.46,18.72,0.86,0.6,None,20.23,4
67bd1b23-4773-409c-b403-5ee2196f0e49,2025-12-19,CUST-410350,2,68,2,60.4,Service,1,26,Web,1,4,86.72,2,6.16,5.22,10.57,0.62,0.72,None,28.7,3
e8de7efe-21c4-40d0-83e8-6f9505832375,2026-04-24,CUST-130012,2,-82,1,17.6,Network,1,29,Web,1,13,64.42,4,3.53,29.95,6.85,0.26,0.54,None,14.04,3
7e240280-470b-4f3b-a356-d97327055cd4,2026-01-16,CUST-300258,5,93,1,62.9,Technical,-1,21,Web,2,6,91.65,2,2.89,32.1,18.84,0.85,0.56,None,15.7,4
d9d32bf2-012d-443e-8c73-3a71c5caad27,2025-09-05,CUST-278077,2,47,5,24.4,Network,-1,10,Web,2,5,90.74,2,3,16.84,9.48,0.62,0.5,None,9.22,4
5f343155-b910-452c-a784-d3ec17ad42e4,2026-05-05,CUST-724471,1,-81,4,69.2,Billing,1,24,App,0,7,61.13,3,0.25,21.37,8.16,0.78,0.96,None,15.35,2
9465161e-dfd4-4bf7-8a4a-3da27e315f92,2026-06-26,CUST-851995,2,-15,3,50.3,Service,-1,25,Web,3,10,71.69,3,8.42,13.16,17.31,0.98,0.62,None,19.3,3
777f5ea0-9abf-45ef-bb92-b280f05b9d0b,2026-03-25,CUST-820541,4,-5,1,14.8,Other,-1,12,App,3,14,78.23,4,3.96,6.94,1.63,0.9,1,None,21.16,1
33fc0d64-6c05-4fff-a26f-967ccae43e4e,2025-10-22,CUST-370968,1,54,1,71,Network,0,18,App,3,10,63.11,1,3.91,22.41,4.34,0.29,0.75,None,5.01,4
2338cd33-37e2-4d73-9eff-88bedb755edd,2025-12-20,CUST-684503,4,26,4,44.3,Network,0,5,IVR,2,3,64.71,3,9.73,15.15,9.6,0.65,0.93,None,26.75,2
8502f882-0c8c-4b0a-868b-94ececb35af8,2025-12-23,CUST-276407,2,84,3,56.4,Billing,-1,20,App,0,2,76.03,4,7.16,6.5,18.45,0.39,0.72,None,27.37,4
9fe98f90-cd48-4f5a-88a7-041df4bcd362,2025-09-17,CUST-837020,3,26,4,45.6,Network,1,12,Web,3,9,83.33,2,3.32,12.54,7.51,0.15,0.66,None,14.81,2
11f63d03-c587-45fe-a558-68c7b7c0ab84,2025-10-07,CUST-863037,4,-89,1,29.8,Service,1,21,Web,1,3,71.6,4,5.5,9.1,2.48,0.2,0.76,None,9.95,2
591c7085-39bf-4b63-bfbf-39e0f1317839,2025-10-06,CUST-845608,2,-86,1,9.2,Billing,-1,11,App,3,0,73.88,3,8.05,34.28,10.28,0.93,0.92,None,6.79,1
59cb7605-a222-4b0a-a1c4-43eaddab3db8,2025-09-21,CUST-760460,3,85,5,53.1,Service,-1,15,IVR,2,4,92.71,1,0.43,30.06,4.72,0.31,0.62,None,24.29,2
7b69a531-410f-4deb-885f-7e39933f3d1d,2026-01-23,CUST-497117,5,36,5,10.3,Service,-1,15,Web,2,13,84.25,4,4.63,7.7,13.66,0.84,0.77,None,10.13,2
578a1c82-49c0-4ceb-818e-f65fc052cf45,2025-11-11,CUST-911999,1,95,2,35,Service,-1,2,Web,1,0,87.08,4,3.44,24.33,10.31,0.4,0.65,None,25,1
e8c2a666-2361-49d8-ae37-fea80d323de7,2025-12-20,CUST-783941,4,-34,1,12.8,Service,-1,9,App,0,12,68.19,2,1.27,37.24,14.95,0.25,0.53,Web to App,6.32,2
0417b85f-4b7d-4c4f-b7e2-085a58124c48,2025-12-24,CUST-306345,4,5,1,19.4,Other,-1,10,App,3,8,80.92,5,9.29,7.09,18.38,0.7,0.8,None,15.02,3
0e341a03-2a16-4988-8e0e-009088926781,2025-09-04,CUST-381890,1,-70,3,53.7,Service,-1,22,IVR,1,3,79.69,3,0.21,32.66,2.51,0.42,0.66,None,15.71,2
0ae3054b-9292-4eb5-a066-a1166b7ecde3,2026-02-18,CUST-202455,4,98,5,61.1,Billing,0,15,App,1,12,84.89,2,9.75,34.81,10.44,0.47,0.77,None,14.37,2
0b5c7616-2739-4188-84db-342249582026,2025-11-28,CUST-541162,1,96,5,30.7,Billing,1,23,Web,3,13,72.31,4,5.92,18.44,17.18,0.79,0.82,Web to App,20.79,2
231f125a-865b-4cb9-a1d8-a309b838d758,2025-10-18,CUST-849443,2,-73,4,34.9,Network,-1,4,IVR,3,8,79.65,4,5.95,16.05,7.47,0.92,0.77,None,12.65,4
1165d790-eb6b-4df8-875a-12d80583789a,2025-09-08,CUST-720248,4,42,3,10,Technical,0,13,IVR,1,9,84.83,4,8.96,11.61,14.73,0.4,0.88,None,26.75,4
d9fcf653-9ac7-4972-9ef2-7f95106ce361,2026-07-18,CUST-383756,1,75,3,49.2,Network,0,6,App,1,10,65.28,3,2.76,12.31,17.3,0.4,0.95,None,8.95,2
a3bf4dda-12b4-4524-a46a-b507ab8d9f33,2026-02-15,CUST-993053,5,-9,0,50.2,None,0,20,App,1,10,81.56,4,6.83,36.36,14.49,0.69,0.67,App to Web,17.04,2
3523bcc7-cb66-4f4e-8a16-91c66fcd0e46,2025-11-29,CUST-901851,3,-9,3,42.2,Technical,-1,5,App,1,5,72.73,4,0.68,21.21,1.14,0.34,0.51,None,14.02,1
48bef777-9f6f-4b3f-be33-270dcc02b619,2026-04-28,CUST-411977,2,87,4,39.4,Service,-1,8,IVR,0,1,63.26,3,1.11,18.36,13.56,0.23,0.56,None,18.33,2
03fdae43-7aaa-4f1b-9bce-1f114721ddfe,2025-09-04,CUST-494610,5,-33,1,31.2,Technical,-1,27,Web,2,2,94.11,1,1.05,9.12,10.66,0.68,0.88,Web to App,18.73,4
0c8b8a89-07e6-4981-a862-7cbb0d56e791,2026-06-20,CUST-986046,3,36,3,49,Billing,-1,15,IVR,2,5,75.12,5,6.07,38.5,17.58,0.92,0.74,None,12.26,1
fbe3141a-5f55-4f78-8af8-822dbf04f000,2025-12-12,CUST-259244,4,78,3,23.4,Technical,-1,26,Web,2,4,86.54,4,4.09,39.21,15.4,0.46,0.9,None,25.89,3
2b2f058b-1ecf-481c-aefe-54c94e46b639,2026-04-28,CUST-993091,2,-25,1,23.8,Other,1,16,App,0,3,74.49,2,6.54,9.34,2.92,0.91,0.58,None,26.7,5
0fa0c5c8-6ed1-454e-8137-32a4f5a0b45c,2026-02-26,CUST-992522,4,-23,2,54.2,Network,-1,18,IVR,2,1,71.41,4,3.69,39.43,1.35,0.85,0.57,None,19.79,5
f3f46deb-9e4a-4914-8576-f913a5e65fd4,2026-04-18,CUST-490228,4,-47,0,10.8,None,0,27,IVR,2,14,77.66,2,4.22,13.32,5.57,0.94,0.55,None,13.97,3
b88a26c7-7d89-4ac6-b4be-cb3ed5e80628,2026-04-27,CUST-936967,2,35,4,43.5,Technical,1,2,Web,1,13,93.72,1,4.7,26.73,19.91,0.87,0.7,None,19.08,2
4bf62743-4302-449b-b1e0-5ff1e9785c4e,2025-08-25,CUST-533269,1,-12,5,62.5,Billing,0,2,IVR,3,8,61.88,5,9.07,37.41,15.41,0.81,0.82,None,23.73,5
b3d21a41-8fad-4896-9e4c-e30a6e2a05ad,2026-07-08,CUST-609238,5,-39,4,10.5,Network,-1,24,Web,1,13,92.3,2,3.32,21.09,17.93,0.97,0.96,None,26.9,5
106663aa-84a8-412b-a870-211ec2e1dfa8,2026-06-13,CUST-445019,1,-63,1,46,Technical,-1,6,Web,1,10,91.17,4,9.4,32.3,18.13,0.39,0.75,None,23.81,4
0e0f871c-1446-430b-96f2-012958fdbaae,2026-01-07,CUST-394808,1,-1,2,50.5,Service,-1,22,IVR,3,8,68.92,4,0.62,19.1,6.63,0.21,0.56,None,10.74,1
4df84dab-632c-433f-96b9-5259777a8146,2025-11-26,CUST-369663,5,-26,3,25.5,Other,0,16,App,1,7,60.98,5,9.38,14.76,19.2,0.61,0.85,None,26.37,5
2a6d84c0-5ed1-47f7-8633-ba0285125e22,2025-07-25,CUST-533555,1,32,4,56.1,Technical,1,26,Web,1,10,87.98,3,5.1,33.63,13.42,0.55,0.92,None,5.21,2
6de12ae3-ff82-46bc-8c2c-a2d628162e2c,2026-02-12,CUST-200812,4,10,2,24.2,Network,-1,29,App,2,11,76.31,3,9.62,30.49,14.68,0.37,0.75,None,5.43,2
5fb713b1-7f3c-46c2-935f-95f5d9295930,2026-06-18,CUST-826940,3,19,3,41.3,Technical,0,20,App,3,12,87.95,2,0.24,31.4,9.61,0.22,0.86,None,25.96,2
fbd9655e-d1a9-4e7f-ab98-e329a54cc0a7,2026-06-08,CUST-266307,2,-14,4,71.3,Service,1,14,Web,2,4,89.82,2,0.73,14.77,19.13,0.38,0.98,None,17.27,5
9d4213ad-3eb4-4287-aad7-d984ffe54da3,2026-03-27,CUST-827260,4,92,3,25.4,Service,1,22,IVR,2,9,83.43,3,6.85,29.36,8.42,0.62,0.75,Web to App,27.59,4
efd1b1af-ae39-4981-b189-16c8c65195ec,2025-08-15,CUST-681946,2,-44,4,38.2,Other,1,13,IVR,0,2,92.65,3,9.99,19.71,12.01,0.47,0.97,None,15.15,5
31ac735c-1f23-4651-8d00-233c83ab0efd,2026-01-29,CUST-224999,2,87,3,31.5,Network,0,23,IVR,2,2,66.25,1,4.46,24.98,11.31,0.85,0.92,None,20.8,3
5e0b4d41-757f-41f3-8ecb-f03acf83a81e,2025-12-11,CUST-440985,2,-99,3,36.2,Other,0,22,IVR,2,4,65.37,5,5.72,30.04,16.33,0.65,0.73,None,29.54,3
dc763d47-740a-42f1-b2a3-f8c43c32c046,2025-12-11,CUST-177865,4,-63,4,43.8,Service,0,23,IVR,3,7,64.14,4,0.55,22.45,6.02,0.85,0.92,None,9.23,3
ab01b880-5fd2-4841-9d98-d03dc453850c,2026-03-07,CUST-566167,2,20,1,10.2,Network,0,9,Web,2,8,66.35,2,0.54,25.5,3.04,0.37,0.86,None,9.7,2
86afd4fd-f848-41b9-8741-44b64912d044,2025-09-17,CUST-860492,2,14,3,52,Other,0,28,Web,3,1,91.33,4,2.12,38.19,1.3,0.51,0.6,None,6.92,3
09544761-8d6c-4067-bfd1-b0dc4c59b2b5,2026-03-22,CUST-172042,1,8,0,55.6,None,-1,26,Web,2,7,70.44,5,3.3,24.61,11.14,0.96,0.77,None,23.16,3
ea6e7ed3-572a-4de6-886f-ceae8540b7d2,2025-10-07,CUST-470703,4,-96,1,13.8,Network,-1,17,App,2,6,62.76,3,7.19,19.17,12.51,0.92,0.85,None,10.99,4
ffbfc475-1246-4dbe-a0d6-28805eb94323,2026-03-01,CUST-999343,2,50,4,9.2,Service,0,22,Web,0,8,65.45,4,7.61,19.13,12.4,0.51,0.99,None,9.12,4
34667c20-1b5c-44f1-ba9a-da0654c5ca9a,2025-12-30,CUST-320364,2,-65,5,1.9,Network,0,10,App,3,13,85.94,2,4.07,27.21,9.56,0.85,0.96,None,8.42,4
a656f831-8621-435f-8792-431b7723b4a9,2026-06-12,CUST-550785,3,-25,3,39,Other,1,15,IVR,2,4,65.66,4,9.91,11.07,10.62,0.34,0.84,None,20.13,3
06a306d2-fa61-4505-9267-cd59f59b92a2,2026-04-16,CUST-473261,2,72,4,29.3,Service,0,12,App,2,8,64.22,5,9.72,25.59,3.03,0.66,0.8,Web to App,5.67,3
6edf1855-b1c5-4b89-824e-e6d4716518d6,2025-12-08,CUST-206850,3,11,3,70,Technical,-1,20,IVR,2,7,85.44,4,6.92,7.48,9.45,0.64,0.89,None,28.43,2
de2611c1-31b8-4b36-bd1f-85490d936197,2026-02-09,CUST-811373,1,26,4,17.9,Other,0,16,Web,3,1,78.07,4,7.05,33.06,1.11,0.52,0.5,None,13.44,5
67e8d116-7e16-48e2-93fe-c3646dd4d83d,2026-02-17,CUST-211769,1,-82,4,68.3,Technical,0,1,Web,1,8,82.9,1,4.47,18.3,14.71,0.91,0.58,None,22.64,3
5b441652-0a27-471c-9548-f79b25970873,2026-04-09,CUST-364856,3,-90,3,15.6,Billing,-1,1,IVR,3,11,76.78,2,6.61,33.3,3.74,0.48,0.76,None,21.53,3
cc89b9a7-98c3-4edc-819b-5952f0c2f99e,2025-11-29,CUST-874147,2,-39,4,43,Network,0,2,IVR,2,11,66.6,5,1.83,32.49,8.56,0.85,0.54,None,20.79,4
716d67f2-1bc2-4fae-98cc-286c169acbb3,2026-05-12,CUST-735297,2,58,3,21.7,Network,-1,6,IVR,2,0,72.98,3,4.53,18.37,16.92,0.21,0.56,None,13.16,2
1889133e-85ec-470c-b71a-cbe3cab5825e,2025-12-10,CUST-910401,1,-29,4,5,Network,0,13,IVR,2,2,67.74,1,3,5.52,8.44,0.42,0.72,None,9.46,4
231c1ee8-f5bb-4cd8-9404-a6f3be980108,2026-02-12,CUST-725370,3,-72,5,41.6,Network,1,19,IVR,2,11,84.78,4,2.26,8.9,3.16,0.81,0.57,None,20.4,3
08809174-1a94-49f3-8a27-78e7945b4b21,2026-02-12,CUST-256177,4,-58,3,2.8,Other,-1,9,IVR,2,10,79.98,4,7.81,16.9,15.24,0.35,0.66,None,13.32,3
12c1f0eb-414c-4514-bb39-c40b9be4a890,2026-06-26,CUST-505275,2,-24,3,27.1,Technical,1,14,Web,1,13,65.7,2,1.27,5.54,10.22,0.24,0.78,None,23.66,1
eefb7e39-94cc-4257-9470-c75af114cbee,2025-11-02,CUST-845498,5,-82,3,55.9,Service,-1,25,App,1,8,89.7,3,7.31,7.48,2.04,0.48,0.97,None,27.66,4
556dfb73-3b0a-4ebe-8044-982cb1f5b34d,2026-04-22,CUST-396900,1,45,1,31.4,Other,0,20,IVR,3,12,69.15,4,7.25,27.19,18.28,0.78,0.84,None,15.72,3
aacb3277-c60e-4f18-913c-b481e69c1056,2026-01-21,CUST-363241,4,31,1,37.8,Billing,-1,18,IVR,0,3,84.11,4,8.04,34.57,13.19,0.58,0.59,None,22.21,2
ff7da0c7-636d-4a92-b1b5-bd05c626074d,2025-10-19,CUST-728400,4,-28,3,36.5,Other,-1,8,Web,1,4,77.71,3,1.3,24.98,7.82,0.27,0.93,None,11.93,1
a85414ba-619e-469a-866d-4a410788f387,2025-08-03,CUST-270576,2,-37,0,35.2,None,0,21,IVR,2,1,93.56,1,4.65,6.84,6.17,0.88,0.66,None,15.51,2
9ff3846c-2d91-4f99-bf17-da69b8c75fc0,2026-06-06,CUST-783696,2,4,2,1.5,Other,1,12,IVR,1,6,92.07,2,2.23,39.01,17.68,0.34,0.98,None,25.18,5
358e9627-45c5-4268-8db0-db32a46ee03e,2026-03-31,CUST-318997,5,82,1,7.3,Other,1,27,App,0,4,90.23,1,5.58,16.5,15.36,0.71,0.99,Web to App,21.94,1
360115e2-9754-4d72-acca-82c79d753f05,2026-01-29,CUST-532063,3,-8,3,6.3,Billing,-1,7,Web,2,14,92.56,5,6.55,21.23,15.24,0.76,0.99,None,24.8,4
257e87ad-49ee-4de7-8c8b-55cf7810b0f8,2026-05-02,CUST-602557,3,-1,0,13.7,None,-1,25,Web,1,5,74.34,4,1.85,5.6,8.23,0.37,0.77,None,23.1,3
04f98fb1-513d-4467-b746-7f4522b295c9,2026-01-20,CUST-605381,4,-63,3,68.7,Billing,1,2,App,1,12,91,1,4.76,35,8.66,0.6,0.58,None,6.32,3
39569ecc-9316-4891-b56a-875b69aba598,2026-04-29,CUST-490607,4,3,1,49.8,Network,1,3,Web,1,7,90.45,3,0.84,26.12,18.23,0.35,0.81,None,11.59,3
07b418d2-af0b-4b59-ac95-869383b62920,2026-03-28,CUST-964633,5,-32,5,17.9,Service,0,1,Web,3,9,75.17,2,6.04,15.21,13.69,0.45,0.94,None,9.12,5
ebde5455-fa92-4954-9854-eb871fc92cad,2025-12-02,CUST-794827,1,88,1,56.7,Network,0,28,Web,2,4,79.19,1,8.58,17.59,8.93,1,0.69,None,29.55,3
b43af5af-ef91-456f-81a8-6ddb371cf487,2026-03-15,CUST-829483,2,-91,4,20.5,Technical,0,4,IVR,2,13,92.62,4,6.97,9.63,8.38,0.52,0.99,None,17.87,5
711434f9-6ebb-448a-a348-262f625bd255,2026-04-07,CUST-600936,4,-51,2,18.9,Service,0,11,Web,1,4,89.31,5,5.41,19.74,16.48,0.19,0.68,None,5.78,2
13ee9a81-f7ac-48ad-883c-e575d8a08253,2025-12-28,CUST-980821,3,21,3,66,Network,1,22,Web,1,7,69.24,3,1.1,28.37,18.44,0.56,0.55,None,15.48,3
0b2f3a0b-ffb0-4412-9805-a674033a3487,2025-10-24,CUST-220992,1,91,3,9.2,Service,0,1,App,0,2,62.34,3,3.62,36.05,19.37,0.75,0.75,None,21.9,4
77234d24-2dbe-4da5-bb7a-f9645e773607,2026-07-14,CUST-782243,4,-7,1,69.1,Billing,-1,5,Web,0,3,79.94,2,9.24,7.95,16.66,0.9,0.64,None,21.09,3
4dfa41c0-d311-4d85-a38f-a24019884315,2026-05-30,CUST-949462,1,-47,4,58.9,Network,0,11,IVR,0,12,83.44,2,4.34,17.09,16.78,1,0.65,None,14.46,2
fb15e78e-6233-436a-a8eb-498ddd2ba750,2025-10-25,CUST-752943,5,-29,2,40,Service,1,13,Web,2,7,74.56,2,6.49,36.46,6.62,0.26,0.64,None,19.09,3
b98c8b40-64d7-4993-b590-153041bc133b,2025-12-04,CUST-273153,5,-75,4,68.3,Billing,0,19,Web,1,1,79.82,1,0.59,37.53,13.01,0.73,0.8,None,16.11,3
aa7bb895-3ffa-45ac-b99e-f217113c1d17,2026-06-09,CUST-628613,1,-91,2,64.6,Network,0,14,Web,3,1,93.32,2,6.05,24.19,13.12,0.59,0.83,App to Web,5.63,5
8e698522-7b50-40ad-8aad-bfdead9652c9,2025-11-29,CUST-552588,3,-4,4,47.4,Other,-1,20,App,1,1,88.23,4,4.92,20.23,13.55,0.48,0.9,None,24.98,3
ffdf16fc-e37e-4f05-980b-de6b61bced92,2026-04-13,CUST-933763,4,84,2,49.6,Service,0,4,App,2,5,61.3,3,8.15,35.22,15.84,0.39,0.97,None,14.37,2
ca8246dc-c0df-4246-bc7b-0e2c01cac82f,2025-11-26,CUST-535901,2,-95,4,70.6,Technical,1,22,Web,2,12,67.01,3,9.7,30.51,17.02,0.27,0.93,None,25.28,3
f99d0981-2d2e-4d34-9a25-e2932ce942b8,2026-05-27,CUST-785101,5,-56,2,58.1,Network,1,13,App,1,2,72.05,1,9.63,37.45,6.68,0.64,0.59,None,19.97,3
ae9491d8-2949-4891-a3a6-4b867bc7f420,2025-10-01,CUST-938634,2,-79,5,53.5,Network,-1,18,Web,1,3,73.58,3,7.7,23.72,7.62,0.33,0.86,Web to App,16.64,4
a4326394-8192-42d3-a2ef-3a99dc7db11e,2026-06-16,CUST-195580,2,17,0,48.9,None,-1,13,Web,0,1,80.36,3,6.35,39.35,2.81,0.9,0.91,None,11.94,3
f9560670-470d-4159-973e-3a167dd5864e,2026-01-19,CUST-633186,2,-91,3,70.3,Billing,-1,16,IVR,1,2,82,3,0.88,12.89,18.93,0.43,0.89,None,19.8,2
9a6fd064-c483-47c9-9e78-6d4494d70da5,2025-09-20,CUST-719833,3,20,5,15.4,Other,-1,7,App,1,7,69.35,3,1.52,13.68,19.76,0.27,0.96,None,21.49,2
4492bb74-6972-440a-885e-33cdad441466,2026-05-04,CUST-301617,2,8,1,39,Technical,-1,22,Web,1,3,65.84,4,9.63,21.56,5.07,0.16,0.93,None,22.09,3
f99f6ec4-dfa4-446a-8115-bafa6c13ed3f,2026-06-06,CUST-778822,2,-87,3,16.6,Other,-1,21,App,2,13,94.53,5,1.55,34.86,19.15,0.92,0.97,None,19.46,5
92df9dd6-9d63-42ff-987d-cdb537b6a692,2025-08-25,CUST-179661,4,-77,3,33.8,Billing,0,2,IVR,0,10,64.08,4,3.96,29.45,2.63,0.99,0.88,App to Web,17.44,2
20cfd319-e275-44e6-b13f-c49a9aced205,2025-09-25,CUST-741642,1,-47,2,58.7,Other,1,7,App,2,13,84.47,2,8.97,19.07,12.53,0.66,0.99,None,23.48,5
b2c90742-702c-4424-8752-90f2becefaea,2026-06-04,CUST-601716,3,0,1,33.8,Network,-1,29,IVR,1,3,65.08,4,2.47,32.5,4.77,0.8,0.76,None,16.14,4
9e808151-0728-4cab-9a64-a569a4938ffc,2026-03-23,CUST-262027,4,-46,3,47.5,Other,0,7,IVR,1,12,80.74,2,0.95,32.59,8,0.37,0.73,None,9.51,3
54d3bc97-70c9-4790-886e-94bc26e4cc27,2026-04-29,CUST-802047,1,-28,1,39,Other,0,13,IVR,1,11,82.06,4,2.19,27.3,16.07,0.88,0.57,None,27.84,5
3110775c-aaab-4e67-b85a-3590183b50c1,2026-03-28,CUST-578970,4,42,5,69.3,Network,-1,24,IVR,2,6,76.43,3,6.16,5.09,9.86,0.61,0.86,None,28.01,1
7d54aaaf-a789-48f2-962d-3eab87c425db,2026-02-28,CUST-765675,3,-71,2,49.7,Service,-1,15,IVR,1,8,81.28,5,9.13,16.4,2.73,0.2,0.54,None,22.81,4
5ccb9bbf-8e02-42cf-8958-555ed219ed34,2025-08-12,CUST-648477,5,24,3,65.1,Billing,0,4,Web,0,6,70.72,5,7.19,5.79,16.33,0.37,0.58,None,25.06,2
41d7469c-216f-45a5-bb23-3fcca45a4b32,2026-02-23,CUST-845110,3,-63,0,14.9,None,0,4,Web,1,4,66.08,5,9.36,12.69,6.17,0.96,0.98,None,10.55,3
72bcd0c8-56f1-4b1a-a97e-780483a100aa,2026-03-02,CUST-602863,4,17,4,10.1,Network,1,21,IVR,2,10,88.89,4,1.42,22.55,6.47,0.79,0.6,None,7.37,4
b3a73ff4-c62e-44a8-885e-261a3638ac9b,2025-08-16,CUST-545819,3,47,1,15.8,Technical,-1,3,Web,2,2,90.39,3,1.74,32.14,13.52,0.62,0.84,None,29.68,2
17f93997-5cda-409e-abc9-5db3142c2e98,2025-12-29,CUST-406032,5,95,4,52.7,Technical,0,2,Web,0,13,72.81,2,0.2,39.13,4.46,0.68,0.63,App to Web,7.29,2
37c7a763-d662-4fb0-984b-4ce8897b8d4d,2026-03-06,CUST-592746,4,72,2,16.7,Network,1,1,Web,1,2,78.02,3,2.99,19.58,6.82,0.71,0.67,None,6.95,2
b1005fd3-06b3-41b1-aa2c-c005789f9ef6,2026-03-12,CUST-606590,1,-54,2,31.3,Network,0,14,IVR,1,6,76.65,2,4.1,28.58,4.68,0.32,0.89,None,18.81,3
6e11965a-c7ad-49a8-9abb-a929d38ab5fa,2026-01-20,CUST-179431,5,-50,0,64.2,None,0,21,Web,2,9,60.7,4,6.65,14.28,11.04,0.14,0.77,None,27.06,1
b3387bf3-26ad-4ac6-9e8f-5e74d1537bf2,2026-06-15,CUST-587704,3,13,4,18,Other,0,8,Web,1,6,66.89,3,9.5,27.39,8.32,0.47,0.92,None,11.35,2
a759500d-6f13-46fb-9676-728da77b0620,2026-05-28,CUST-671916,3,13,1,44.2,Network,1,24,IVR,2,3,68.33,5,7.78,11.09,16.03,0.44,0.72,None,28.67,4
a8760f54-6e69-4ceb-b18f-b04a23a605e9,2026-03-10,CUST-693567,3,-44,1,21.4,Billing,0,10,IVR,0,13,80.48,4,3.97,33.52,4.9,0.53,0.71,None,16.08,1
3d419a17-d878-4623-8fb1-cc40a823e841,2026-04-26,CUST-305809,2,-58,3,20.8,Billing,-1,7,IVR,1,12,65.01,5,9.62,21.96,7.68,0.59,0.91,None,7.43,3
d6068cb2-85e0-4f64-bdd3-e83057ebe7ad,2025-10-26,CUST-577930,4,-55,4,64.1,Network,-1,9,IVR,1,1,83.46,4,9.94,12.7,14.9,0.34,0.83,None,12.31,4
e0397f68-189b-46ba-8fe8-8b7a4cbfcaba,2026-06-15,CUST-560541,3,1,3,44.9,Service,-1,30,App,0,9,65.45,3,5,18.99,19.28,0.19,0.9,None,20.36,3
a3fddb7d-418c-4c70-8d58-c7d77f130380,2026-07-21,CUST-495556,4,-20,3,13.1,Other,0,17,App,1,9,70.03,3,0.85,37.25,12.04,0.75,0.89,None,17.14,4
bf763f54-0c02-46f4-8f3d-fb29f111f79c,2025-10-21,CUST-743243,5,-64,4,22.8,Network,-1,8,Web,2,1,79.74,3,4.56,32.57,19.54,0.72,0.86,None,16.62,2
e0974010-b42f-4cde-8673-4b148bd38008,2026-05-09,CUST-418438,5,-72,2,46.1,Technical,1,27,App,2,2,91.01,4,3.69,15.9,12.41,0.81,0.55,None,19.72,3
834c10b1-69a4-4a69-8178-aee043152b63,2026-02-13,CUST-260059,4,-60,5,60.4,Network,1,23,Web,1,5,89.73,3,0.99,13.56,6.77,1,0.68,None,5.88,4
c7470ad5-4466-4d56-8d4e-501651cf7a14,2025-08-07,CUST-455432,3,56,5,2,Network,1,28,IVR,1,11,77.45,5,1.63,8.6,3.06,0.66,0.91,None,28.92,2
ec08f8f3-5a7a-450d-8b65-1f14f2d32678,2025-10-11,CUST-502270,3,-4,1,21.4,Service,0,20,Web,1,2,76.93,4,5.03,22.43,11.74,0.95,0.8,None,12.44,2
4434b277-e450-4677-9308-eddcf4e2369e,2026-04-14,CUST-241867,3,82,2,41.2,Billing,0,18,Web,1,4,76.07,3,4.61,18.6,4.53,0.74,0.9,App to Web,10.87,3
9dd51f6c-e45a-49c0-8826-8868830ebf57,2025-09-01,CUST-704959,3,-31,0,39.4,None,0,11,Web,1,9,69.05,4,6.21,29.21,17.89,0.79,0.9,None,24.13,3
3127c876-d459-4053-b5e2-5ac643de2064,2026-07-01,CUST-185313,4,40,3,21.3,Other,-1,9,IVR,1,8,74.58,5,3.33,30.44,3.4,0.85,0.6,None,23.96,2
e1c896e2-db2a-4299-80f2-1f654a2bf9bb,2026-04-08,CUST-814738,3,-22,4,36.2,Billing,0,18,App,0,7,60.51,2,3.84,29.22,13.01,0.46,0.59,None,13.51,1
bfbbaa6f-b673-4134-8f76-1486d1bbf9ed,2025-10-10,CUST-445103,5,37,2,48,Network,-1,5,Web,1,4,78.07,3,6.5,37.52,16.16,0.75,0.84,None,22.58,5
6fba8fd8-ef5f-4bcd-96e8-714649e461fe,2025-08-01,CUST-292971,5,19,2,31.5,Billing,-1,3,Web,2,3,79.54,3,8.06,18.1,18.05,0.34,0.65,None,20.39,4
5a7013b9-6f45-4708-8c6e-8efb9aadf29f,2025-10-17,CUST-309873,2,23,3,43.6,Other,1,20,App,1,10,60.31,5,0.99,35.52,6.37,0.31,0.5,None,22.73,4
ed165194-24e7-498b-85df-51ab874f412e,2025-09-27,CUST-880767,5,6,5,7.7,Technical,0,8,IVR,2,8,65.76,4,7.4,12.7,12.29,0.83,0.71,None,21.08,5
c4109674-6baf-4d34-9d0d-9d7c2c47a856,2026-01-31,CUST-328163,3,-34,3,63.9,Billing,0,21,Web,3,8,70.95,4,6.24,18.2,11.18,0.43,0.5,None,7.16,3
c0e368c6-3827-49f7-bc9a-7b4b68bd0b09,2026-03-23,CUST-248068,3,-76,2,5.2,Service,0,2,IVR,2,8,61.24,3,3.82,27.07,5.93,0.27,0.55,None,27.37,2
88e7e817-f69a-4dc3-a4ec-e3d57ad53a30,2026-04-15,CUST-339894,3,-95,4,41.1,Other,0,17,App,2,14,90.44,5,1.86,19.41,15.61,0.43,0.55,None,11.03,3
71e92b47-a31d-46a8-9ea8-d3a6420daaa0,2025-08-20,CUST-317651,4,-88,2,18.8,Technical,0,8,IVR,2,10,71.24,1,2.59,7.29,4.58,0.25,0.65,None,29.88,1
e91210a7-ec2b-48c3-9812-bb8ab5930241,2025-12-14,CUST-464722,2,69,4,1.7,Service,-1,5,App,2,1,74.18,4,7.66,14.27,5.18,0.68,0.56,None,23.15,1
9c8bd5a4-6b37-4a6c-b846-d34b5da4a698,2025-10-31,CUST-471646,3,-72,4,33.2,Network,-1,23,IVR,0,1,88.22,2,4.84,23.44,11.08,0.44,0.52,None,28.36,1
a04a3679-8056-428e-9ad2-bace3ad4f4b8,2026-03-11,CUST-108744,3,-80,3,11.7,Other,0,10,App,1,11,69.72,5,2.49,28.05,4.86,0.86,0.89,Web to App,13.12,2
a14f758b-3d3f-417e-b942-15322ccba89f,2025-09-17,CUST-175179,1,-77,2,15,Network,-1,16,IVR,0,1,64.03,3,8.04,21.61,12.39,0.44,0.99,Web to App,6.57,3
e242875c-2410-4441-a251-2122191f44c6,2025-10-08,CUST-168357,2,74,4,59.2,Billing,0,21,Web,1,5,68.95,2,3.89,9.97,9.14,0.52,0.61,None,10.09,4
561607bf-1d88-49b4-98d6-b438b3239abc,2026-06-30,CUST-908776,3,-56,0,10.1,None,1,19,IVR,0,7,93.98,5,4.18,31.44,3.22,0.65,0.9,None,25.22,1
9589edb0-06ba-48e4-8423-69dd08113b7a,2026-02-08,CUST-659333,3,56,2,6.6,Network,-1,4,App,2,0,89.17,3,7.83,30.6,19.87,0.96,0.74,None,22.5,1
8ff60756-47e0-4b43-87ef-8c657662e829,2026-04-20,CUST-385533,2,82,4,53.3,Other,0,7,App,2,10,66.65,5,8.87,12.83,6.23,0.53,0.66,None,25.16,5
bdf23849-1195-48c0-b491-2c56cc2cbc11,2026-02-16,CUST-174654,4,47,3,42.7,Service,1,5,App,2,0,85.84,3,8.86,8.16,12.69,0.71,0.5,None,26.94,4
f0d67f9a-834b-447d-a025-44b24cb5edac,2026-02-03,CUST-262939,2,-16,4,13.4,Network,1,1,Web,0,5,84.29,3,1.38,34.49,18.83,0.29,0.76,None,22.6,1
c1f93a52-7f20-4ea8-9709-19282c07d728,2026-03-08,CUST-529155,4,6,3,33.3,Technical,0,28,IVR,2,3,66.36,3,9.19,14.58,12.26,0.65,0.78,None,24.26,2
90589c8e-2f0f-4c93-b488-5a0ca361591e,2025-08-06,CUST-918638,5,16,3,3,Billing,-1,24,App,1,13,94.99,5,3.83,29.61,2.36,0.74,0.78,None,26.48,2
e2dbad19-2045-433a-af78-a910f71091b0,2026-05-02,CUST-826486,5,32,3,42,Technical,0,19,Web,3,4,66.81,2,7.43,27.59,9.27,0.86,0.87,None,20.5,2
5246c019-b188-4e38-a6fd-a4f6173a16fe,2026-02-15,CUST-889134,1,93,4,69.4,Network,0,16,IVR,3,12,70.23,3,8.09,8.83,3.02,0.17,0.7,None,11.29,3
30da2ec9-28c7-4472-a131-7e349bd0fab7,2025-09-10,CUST-577213,1,-92,1,21.5,Service,1,7,IVR,2,4,85.26,5,3.81,7.93,3.41,0.28,0.84,None,6.24,2
9e4aed31-7fd4-47dc-a9af-2b2dd3be2f7f,2026-02-01,CUST-916975,3,95,4,63.6,Network,1,1,Web,1,3,69.82,1,3.71,20.68,18.79,0.45,0.8,None,16.03,3
0cb131f3-f908-40b6-83da-541fc1fc92f4,2026-03-25,CUST-144470,2,-98,2,32,Service,1,27,Web,1,12,83.1,4,5.21,23.05,7.53,0.16,0.57,None,13.85,3
24e1f736-829a-4a56-9aca-084c96715f02,2025-09-25,CUST-799619,1,86,2,7.9,Technical,-1,1,IVR,1,0,62.32,4,3.67,23.01,18.97,0.15,0.59,None,12.22,3
f91d39ee-fabe-4a51-97d3-c5f8b93bc1f8,2025-08-12,CUST-812833,2,41,3,2.7,Network,1,27,App,2,1,76.31,5,3.02,29.38,5.04,0.57,0.76,None,21.2,2
eb4bc0e8-6601-498a-9ccd-c19b2b624de6,2025-12-04,CUST-865595,1,60,0,58.8,None,1,23,IVR,2,13,89.44,4,4.44,21.48,18.88,0.8,0.53,App to Web,26.33,5
486b5ae3-df28-4a7e-bb75-92e7f46dcd59,2025-12-16,CUST-656634,5,-85,2,46,Billing,0,25,App,3,1,67.43,5,0.66,21.65,1.72,0.75,0.68,None,18.47,3
2ee35a57-3a49-414b-ae39-e05e79d6e59b,2026-02-18,CUST-366499,3,36,2,66.6,Technical,0,16,Web,0,12,65.25,3,4.2,23.3,10.96,0.84,0.54,Web to App,7.97,4
5a27260f-0a78-4701-a448-8c538135821b,2026-06-27,CUST-439612,1,-5,4,63.4,Service,0,13,IVR,2,9,94.8,5,5.82,22.11,14.58,0.57,0.93,None,21.17,2
5111af13-af55-4502-aa73-77c009d06abc,2026-03-14,CUST-470203,5,78,3,57.4,Other,0,1,IVR,3,4,80.7,1,0.27,18.88,14.87,0.32,0.9,None,21.21,3
b845d90f-f03d-4bf1-96ef-c7f2469a11ce,2026-01-07,CUST-979911,4,85,4,42.1,Service,1,21,Web,2,0,91,2,4.08,11.29,18.63,0.98,0.72,None,9.36,2
dd3730da-4969-43cf-9c9c-574422373d2c,2025-09-02,CUST-248370,5,-57,3,39.5,Service,1,20,IVR,0,13,71.33,3,5.77,20.67,8.09,0.99,0.66,None,12.1,2
0c02f914-fa78-489c-a62d-617c303e6840,2025-10-19,CUST-386947,3,72,3,64.7,Billing,1,25,IVR,1,1,66.02,2,4.62,32.45,5.24,0.44,0.8,None,27.52,5
506d4a36-4194-42d5-b135-d1b8c348cb71,2026-01-09,CUST-131386,1,58,1,5.9,Service,0,27,Web,0,14,61.43,4,3.19,8.2,12.71,0.81,0.91,None,24.73,2
a80be697-f795-4351-bd74-eb53e51c0ea0,2025-11-09,CUST-336908,2,27,4,9.4,Other,0,14,IVR,1,8,94.82,4,6.47,21.44,7.48,0.88,0.7,None,17.47,4
129e4ad2-3378-4e97-a417-8e7028e3ff86,2026-04-19,CUST-970390,2,95,4,13.6,Other,1,12,IVR,0,7,62.11,3,7.13,17.16,18.98,0.52,0.9,None,22.91,1
c9a3831d-843f-4144-a053-b8323897e655,2026-01-06,CUST-197512,2,43,0,32.2,None,1,25,App,3,5,76.2,4,5.81,25.17,9.78,0.19,0.73,None,22.64,2
ef5b6268-fe84-48eb-b336-e7dc165e2918,2026-01-08,CUST-151573,1,48,1,24.5,Billing,-1,20,Web,0,11,83.85,4,6.24,31.84,16.21,0.58,0.56,None,23.93,1
a71cf962-cb08-492a-a683-905c0915e181,2026-03-28,CUST-268167,3,60,1,7.3,Service,-1,27,App,3,1,86.6,4,8.31,25.31,5.87,0.18,0.61,None,19.39,2
ba032bb4-a9ec-4c07-842c-2ba44214d762,2025-10-06,CUST-769097,4,66,4,6.7,Technical,0,24,IVR,1,10,94.54,2,2.66,21.77,14.14,0.48,0.72,None,14.69,2
4812c59b-6c35-43c9-ae25-554a583ccf83,2026-03-09,CUST-321302,2,50,2,26.6,Network,0,12,Web,1,7,74.01,2,5.6,7.86,5.25,0.51,0.87,None,5.31,1
38bfe144-8387-418e-a34e-9bd190e0e155,2025-09-11,CUST-393028,5,44,0,60.8,None,1,2,Web,3,1,69.45,5,9.71,36.42,10.63,0.37,0.65,None,6.43,4
9e8ec92d-9adc-492d-80fb-9b38156869b7,2026-05-29,CUST-428758,1,22,5,44.7,Service,1,26,Web,2,13,83.08,3,9.7,10.44,14.81,0.93,0.6,App to Web,19.56,3
4fd3feca-247d-442b-bf58-54479fff70ff,2025-11-26,CUST-742349,3,-24,1,3.7,Other,-1,4,IVR,3,11,83.66,5,9.3,36.81,17.61,0.34,0.67,None,13.29,1
a3b88a7e-9f74-49a3-8c0e-119e1cee5a7d,2025-08-17,CUST-618035,2,69,1,13.8,Other,0,18,App,1,10,77,4,9.29,23.74,16.73,0.63,0.74,None,17.05,3
c42c1382-5506-4275-9d5b-ebc042a78c9e,2026-07-08,CUST-113607,2,-37,4,9.3,Other,1,5,App,0,9,80.36,3,4,16.49,12.65,0.55,0.65,None,26.63,4
d5b0d462-45b1-4343-a018-13f044f01411,2025-10-05,CUST-926496,4,75,2,45.5,Service,0,24,IVR,0,12,91.8,4,9.51,16.04,16.22,0.13,0.63,None,19.05,1
e57d800e-995b-4062-b25c-1108d21034c2,2026-05-14,CUST-774336,3,-34,4,9,Network,1,3,App,1,10,93.52,3,5.79,24.61,8.56,0.38,0.78,None,29.84,2
17724240-9424-4ad6-9139-e8f84c5ff4ec,2026-03-12,CUST-599802,2,-77,3,56.9,Network,1,26,App,0,11,65.28,1,2.25,22.66,5.34,0.47,0.9,Web to App,5.51,2
9b09b16c-d911-4e2d-a523-92c897bdafd1,2026-02-05,CUST-349620,1,44,4,31.1,Billing,1,0,IVR,1,7,70.34,2,7.12,34.19,17,0.52,0.71,None,19,2
ed9d9a1c-6c42-4dab-a53b-2fd496cc302e,2025-11-17,CUST-416498,3,30,2,21,Other,-1,21,IVR,2,7,79.26,3,6.58,29.16,16.52,0.59,0.88,None,16.31,2
3ecdec41-5a20-4718-a32c-1e53ae0ab807,2025-12-19,CUST-456770,2,47,2,44.2,Technical,1,29,IVR,3,5,85.39,2,6.76,35.44,10.66,0.96,0.9,None,28,5
b5d9b108-b802-4cf9-ba11-08be08ac994a,2025-08-15,CUST-457138,4,-9,4,60.8,Technical,0,14,Web,2,12,81.96,5,4.87,22.3,17.08,0.18,0.67,None,22.35,1
46514d02-4f4c-493a-8378-f044faca92a0,2026-04-17,CUST-676394,5,-18,5,36.6,Technical,0,25,IVR,3,8,83.57,3,7.03,8.6,16.77,0.95,0.85,None,19.28,4
a22ebcb1-e7ba-48a7-bd52-bd460648921b,2025-08-05,CUST-713773,5,-20,0,3.9,None,0,11,Web,0,7,66.93,3,4.33,16.13,19.89,0.79,0.56,None,11.22,4
bcf23025-fb60-4d7f-9887-62ca8e3efa41,2026-04-26,CUST-312521,3,21,2,58.9,Other,1,9,App,0,5,70.25,3,0.33,38.02,16.7,0.14,0.62,None,23.1,1
767836f1-1d25-4101-aecc-7d96c00c2bfd,2026-01-17,CUST-303697,1,-81,1,43.1,Network,-1,5,IVR,0,10,61.76,3,9.75,32.3,7.14,0.82,0.59,None,14.2,2
ca7ca818-a55c-4de7-af81-62d63167c54d,2025-10-22,CUST-905121,3,-12,1,3.4,Billing,1,0,Web,0,2,65.07,1,0.61,10.79,15.26,0.78,0.98,None,22.17,5
526614ea-ec7e-4844-bcca-fcfbab313883,2025-11-29,CUST-101639,1,-88,3,1.8,Billing,0,26,Web,1,5,91.79,3,5.66,33.4,8.89,0.34,0.5,None,22.76,3
7d91ae0f-f02c-4e40-8011-a1a4be6a2848,2026-01-28,CUST-544578,5,-89,4,45.8,Network,0,5,Web,2,4,93.14,4,9.34,17.09,11.11,0.63,0.67,None,26.54,2
d666a44d-55a2-4650-ad8e-bbd565bfd584,2025-09-03,CUST-876396,4,-18,1,38.1,Billing,-1,21,Web,2,9,65.62,1,2.97,32.34,5.44,0.88,0.81,None,18.19,2
3d18bef2-aaa7-414f-ad60-bc06add0baba,2025-09-24,CUST-379427,1,54,3,68.9,Billing,0,22,IVR,3,0,80.01,4,4.89,37.03,10.14,0.85,0.62,None,29.19,3
815ea44c-e6bb-42b6-b064-06bef6821cc7,2026-05-23,CUST-550532,1,-62,5,48.3,Other,0,24,IVR,2,4,81.39,4,8.88,17.36,17.71,0.78,0.72,App to Web,29.62,2
1ce286f6-a5fa-408b-8f6d-9b27a4ca5fd8,2026-07-19,CUST-364458,4,61,5,65.4,Service,-1,6,App,0,6,70.29,3,6.1,26.17,9.21,0.96,0.57,None,28.43,3
036c3a5f-ee55-42c1-b880-0379edbd166d,2026-05-30,CUST-403570,2,71,4,58.8,Technical,0,15,Web,1,5,65.87,5,4.47,14.83,3.86,0.46,0.92,None,20.16,2
b1cef596-5693-4a18-8bc6-245379d7356c,2025-12-28,CUST-812660,4,-44,3,46.3,Other,1,30,App,2,1,77.9,2,6.77,37.59,19.35,0.49,0.83,App to Web,6.04,4
c0db85c2-8293-48e9-867c-9f20a3057aae,2025-09-15,CUST-813311,4,18,4,28.2,Other,0,8,IVR,0,12,78.74,2,9.49,21.31,16.88,0.92,0.68,None,29.92,2
d8c9f91f-3d7e-4e47-815e-1e127c714688,2026-01-08,CUST-359163,4,-38,2,51.9,Billing,0,4,Web,2,7,80.01,2,8.97,18.35,11.22,0.24,0.95,None,22.9,1
7c5e00d5-fe74-4360-99dc-772c7c95f588,2026-07-05,CUST-595720,5,31,3,9.4,Network,0,2,App,2,1,85,2,2.06,8.86,18.65,0.55,0.65,Web to App,18.84,3
3dcde75e-361e-473b-97fd-6e76564f7d8f,2026-05-01,CUST-433212,2,97,4,10.6,Technical,0,1,IVR,2,4,61.56,3,8.06,24.15,10.91,0.72,0.64,None,29.48,5
daba3008-c85f-4cf6-aa96-f49c3567858f,2026-06-29,CUST-989005,3,15,1,13.7,Network,0,14,IVR,2,3,82.33,1,8.7,15.8,7.66,0.31,0.56,None,20.85,2
5a9b1a25-c97d-4346-97ef-50fdc4200a1e,2026-05-27,CUST-475709,4,-51,2,31.9,Other,-1,1,Web,3,8,89.61,2,1.36,15.77,3.06,0.45,0.59,None,13.88,5
9654659c-7634-4122-b905-1236d0db8fe3,2025-09-28,CUST-892166,4,54,1,27.3,Network,1,27,App,2,7,88.16,4,2.94,37.67,8.29,0.62,0.5,None,20.06,2
5c6507b2-5d33-4ec5-9885-c4080cde669b,2026-02-15,CUST-529794,4,79,0,13.8,None,1,22,IVR,0,7,60.52,2,7.55,19.57,15.28,0.17,0.97,None,24.12,2
ae7db3b7-7a21-41a0-82aa-0f21a4cb8543,2025-12-30,CUST-360246,5,57,1,25.5,Technical,0,1,IVR,1,1,75.02,1,1.77,5.63,7.52,0.89,0.71,None,15.55,4
d63f5585-8697-47e7-85e6-0db938487f57,2026-01-08,CUST-977916,3,-23,0,38,None,-1,9,IVR,3,9,62.17,2,9.77,24.86,6.53,0.4,0.75,None,11.02,3
0f373e70-346e-48ed-922c-a8c5bdbff8a6,2025-12-07,CUST-163925,1,67,4,34.9,Other,-1,21,IVR,3,13,92.35,3,1.95,7.33,1.75,0.24,0.54,None,26.31,2
ad733ab4-3d65-478d-8c87-0e8f6ce67f79,2025-09-30,CUST-741247,4,-10,3,31.2,Billing,-1,6,App,3,2,78.71,3,7.27,20.88,7.15,0.12,0.6,None,6.42,3
065e2bc4-ebb0-424e-98ad-28419556af6b,2025-09-10,CUST-797656,4,29,4,33.2,Service,1,26,App,3,4,61.1,5,7.62,29.35,4.95,0.5,0.61,None,27.59,1
d1ce1b08-22c8-4c97-9af3-847fedc4424c,2026-07-23,CUST-156996,2,-54,2,70,Billing,0,10,Web,2,6,85.52,3,6.84,14.66,17.37,0.57,0.92,Web to App,24.18,3
d6845cac-053c-4981-8b68-9490d9fc1cc3,2026-06-10,CUST-365988,4,75,1,38.4,Other,1,13,App,1,5,66.6,4,6.44,22.48,13.35,0.14,0.76,None,5.81,4
6e86e8af-fb9f-43c5-9120-2773e4c80f73,2025-11-13,CUST-741540,2,40,5,19.8,Technical,0,21,Web,0,3,93.4,3,4.59,21.62,17.17,0.36,0.54,None,8.48,2
06f467b4-08ec-4d91-9559-8e42a694d566,2025-07-27,CUST-530058,2,97,1,20.8,Network,0,26,IVR,0,6,79.18,3,2.01,20.87,8.7,0.62,0.69,None,11.12,3
647e6f60-9a43-452d-bfa8-6b56abf12e99,2026-01-27,CUST-979308,2,56,1,6.7,Other,0,16,App,2,12,78.27,5,7.51,18.81,6.66,0.62,0.77,Web to App,15.86,2
0dbc16b9-29c1-43ab-9f24-e652e50617c1,2026-02-26,CUST-378154,3,-8,1,26.8,Technical,0,6,IVR,2,11,61.19,2,5.1,29.77,7.97,0.29,0.88,Web to App,13.95,2
b85e7780-2217-4cec-9aac-ad0a4b687f10,2025-08-28,CUST-998226,4,-69,0,37.1,None,0,11,Web,0,14,81.57,2,4.99,38.02,15.42,0.24,0.91,None,15.21,5
49ae6204-40e4-441a-95d1-65ed3407d3b2,2025-11-29,CUST-513623,2,-47,5,3.8,Network,0,13,IVR,1,13,86.7,2,0.78,26.94,14.27,0.55,0.67,None,28.9,2
e6d90f60-d194-43b5-8dbe-ea0917eaac97,2026-03-09,CUST-441916,4,62,3,67.5,Other,0,28,IVR,2,13,90.87,4,5.1,24.42,8.96,0.17,1,None,21.42,5
33b6036b-f497-4fb7-9e4b-094a2c21eeff,2025-11-22,CUST-566867,2,-61,0,30.8,None,0,2,Web,3,10,88.17,4,5.44,21.13,7.74,0.22,0.81,None,25.53,2
76063c4e-79d2-4266-846b-fcfae854d3ff,2026-02-11,CUST-564321,3,32,3,44.4,Other,-1,14,IVR,1,12,61.82,4,2.74,37.04,13.95,0.12,0.93,None,15.71,4
f26f3246-8ba2-4721-bc22-b3866ab6e892,2026-05-06,CUST-354304,4,-58,2,9,Service,-1,25,App,2,10,94.3,4,8.05,37.19,4.9,0.42,0.95,None,21.02,5
a513f774-f234-47aa-bf9e-e8a9b96a2160,2026-07-07,CUST-872913,3,31,2,13.8,Network,-1,29,IVR,2,10,91.42,5,0.67,26.66,16.96,0.29,0.67,None,29.9,3
9c93f499-7ef3-4809-90d3-7480778a369f,2025-09-13,CUST-499175,2,-11,1,26.6,Technical,0,4,App,1,5,62.43,4,9.16,31.61,14.02,0.79,0.86,None,5.25,2
7630aa94-4563-4abf-b92d-d9b8a2e5d915,2026-03-05,CUST-502121,4,-63,4,49.5,Service,0,27,Web,3,9,91.74,1,3.81,39.38,8.31,0.34,0.83,None,21.89,4
a5d99d71-7d70-4ae4-be52-ede5f9605ac0,2026-02-23,CUST-639993,5,-97,0,49.5,None,0,9,Web,1,1,62.27,2,1.79,17.46,2.72,0.57,0.64,None,12.27,5
c55038fc-eb1d-402f-ae51-f714f0ec3884,2026-02-20,CUST-611550,4,-51,2,5.7,Billing,0,23,IVR,3,11,78.62,5,7.25,22.9,12.68,0.85,0.73,None,7.53,2
77f823f1-cc26-4008-aa9f-2e3c74b50015,2026-04-21,CUST-586019,3,-18,0,29.6,None,1,27,App,0,2,61.89,3,8.41,11.25,3.56,0.48,0.9,None,29.59,4
b5815dfc-9c58-44e0-ae74-99c0fe50aefb,2026-01-07,CUST-914712,2,29,4,67,Other,1,5,Web,3,2,85.12,4,5.15,34.27,10.11,0.31,0.97,Web to App,12.5,5
0996f780-c6b1-4707-a75e-84dda58626cd,2026-03-17,CUST-169946,4,-38,5,53.1,Billing,0,26,App,2,0,64.18,2,8.5,6.49,16.94,0.31,0.91,None,12.71,4
9f03293c-1fec-4750-b617-5e4b8b234fad,2025-09-26,CUST-640967,5,98,1,21.9,Other,1,12,Web,1,12,90.8,4,5.75,21.02,13.12,0.16,0.76,None,19.55,4
094a7dd0-b712-4c8b-bfbe-44cd755263b5,2026-01-03,CUST-205537,5,25,5,16.2,Billing,0,7,Web,1,3,75.31,3,0.24,31.07,10.92,0.38,0.54,None,9.87,5
405c65f9-9509-495c-a15c-72e685a747d4,2026-07-17,CUST-202172,1,84,1,15.6,Service,1,8,App,2,1,84.1,4,2.25,29.12,6.86,0.39,0.78,None,29.08,3
645daba6-0960-4a38-9682-cf520f3c0a12,2026-02-18,CUST-502691,2,38,2,67.2,Other,-1,26,App,2,6,71.07,1,1.12,29.09,3.35,0.51,0.7,None,8.44,5
7dfc5b04-b522-4687-9771-aee7037710c8,2025-08-04,CUST-934786,4,-45,3,64.8,Other,1,27,Web,2,12,66.31,1,5.6,11.07,18.92,0.45,0.59,None,6.89,5
9a7e8caf-5042-461d-85e7-be4149172276,2026-03-25,CUST-524937,2,-65,1,19.2,Technical,-1,7,App,2,4,92.59,4,2.01,14.87,10.57,0.19,0.89,None,21.19,3
d9fd5800-125a-41c6-ac75-e4e4ece52bfb,2026-07-07,CUST-515831,3,-26,3,10.8,Technical,1,26,App,2,3,84.79,3,2.33,23.08,4.92,0.88,0.84,None,7.06,2
20840af9-b002-4178-a6c7-c834036a7f99,2026-07-11,CUST-273467,4,71,3,2.9,Technical,0,8,Web,1,1,66.16,4,1.87,29.47,10.09,0.18,0.58,None,22.71,2
9a46a65b-f774-46a6-8bdd-2ef0da7c4349,2025-08-02,CUST-973003,3,-67,2,37.7,Other,0,28,IVR,3,11,71.63,2,2.86,26.86,13.72,0.11,0.58,None,17.3,5
0575af8d-46b8-48fe-ac6a-d7a486ef63eb,2025-09-24,CUST-588819,3,62,2,61.2,Technical,1,11,App,2,3,61.7,4,4.94,15.44,18.9,0.64,0.57,None,19.13,2
696aa4b0-69d4-4598-84af-37f8782ee92c,2026-02-26,CUST-341489,4,44,4,18.3,Service,-1,20,App,2,13,94.72,2,0.94,39.4,4.41,0.56,0.52,None,29.21,5
0654cb99-ba0d-4910-9480-b026a4b6f5b7,2026-02-13,CUST-729649,4,23,5,60.6,Network,0,2,IVR,3,13,82.99,4,9.91,22.65,12.02,0.59,0.97,None,27.34,5
4391c6c3-19d5-497a-a025-cef4e2ba344e,2026-02-27,CUST-416609,4,84,5,7.7,Other,1,15,IVR,1,6,78.87,2,7.53,14.19,17.05,0.89,0.94,None,27.13,2
fd93d611-3b05-4220-aee2-af636cedf4af,2026-01-24,CUST-899699,5,51,3,7.2,Billing,-1,25,IVR,3,0,72.49,2,2.94,32.43,7.29,0.13,0.73,None,22.07,2
e7bfe0b2-6480-4bca-8b8f-72889ef5ea55,2026-03-27,CUST-491245,5,94,4,47.8,Other,0,18,App,2,7,94.35,1,3.1,29.44,13,0.38,0.99,None,21.1,4
374979b9-389d-4a70-a003-da271b6b5fdd,2026-01-06,CUST-902686,4,2,3,17.1,Other,-1,7,App,2,9,75.42,1,2.54,15.26,4.9,0.59,0.83,None,5.9,2
50cc5c09-aceb-45ec-86e0-abf68569db75,2025-11-01,CUST-332669,5,-73,1,52.4,Billing,1,9,Web,1,12,82.43,4,2.79,11.55,10.92,0.73,0.99,None,24,5
c2d4a056-9e4f-496d-a8eb-bad993c55112,2026-03-20,CUST-721484,2,91,3,53.6,Other,1,20,IVR,2,3,70.05,3,2.65,20.49,19.93,0.91,0.75,None,18.7,5
5b405990-4eba-4ce1-9ad0-ce324470bc35,2026-03-10,CUST-820725,4,94,1,51.8,Billing,-1,10,IVR,2,5,87.12,3,5.82,18.42,12.58,0.37,0.56,None,16.35,3
2985d1c7-d72a-4c1e-a69a-1ea16fac1874,2025-11-08,CUST-286053,4,3,1,21.1,Other,-1,18,Web,1,6,61.2,3,7.77,17.99,6.39,0.48,0.62,None,10.68,3
f4edc007-d575-45d0-b716-413a1a444e60,2026-05-31,CUST-781057,4,88,0,13.9,None,0,4,App,0,10,60.76,4,4.61,26.91,3.24,0.85,0.76,None,7.66,1
0cefdcce-6ef8-4ec8-acea-138e07f11e7b,2025-12-26,CUST-788104,3,-28,1,70.2,Other,1,6,App,2,9,71.21,2,5.1,26.3,18.32,0.55,0.93,None,15.57,1
487ffc2d-0701-42fb-9740-21f1dace8d11,2025-10-13,CUST-951904,3,-15,4,42.1,Network,0,28,IVR,2,4,61.06,4,6.98,12.31,12.21,0.33,0.62,None,8.8,2
8c6ff572-f19a-450d-a94f-990cca7a0118,2025-11-14,CUST-654110,3,16,0,48,None,-1,6,IVR,2,1,79.74,2,7.59,39.6,19.42,0.65,0.85,None,29.93,5
c280d8c0-16b1-411a-9cab-1ed21aa772ec,2025-10-08,CUST-878918,4,69,3,28.6,Other,1,27,IVR,3,10,60.63,5,5.21,25.97,16.96,0.55,0.74,None,11.65,4
75285275-8de7-4948-9ea6-18cd68f760fb,2026-06-21,CUST-631081,1,-77,3,45.2,Service,-1,5,IVR,1,13,70.12,3,0.8,23.15,13.54,0.8,0.87,None,21.78,3
213498ac-f59c-419c-8f50-fc4fbf0a9773,2026-04-10,CUST-522960,3,-37,4,61.6,Service,1,19,App,2,14,76.42,5,2.51,11.28,8.73,0.53,0.76,None,20.95,4
b8fab9f9-97a9-4e99-88bf-251c81eb3f18,2026-03-15,CUST-927741,3,17,2,36.6,Service,0,28,Web,2,8,60.67,4,2.39,28.73,8.46,0.66,0.87,None,29.51,1
25f72180-1b4b-4fec-9243-9be776b2086b,2026-06-30,CUST-726106,4,-55,1,55.8,Technical,0,23,Web,1,3,78.12,4,1.57,22.9,5.9,0.5,0.63,None,15.53,4
b82ba63c-6a24-4b07-aa82-529714f5e4bf,2025-12-13,CUST-728959,3,87,3,63,Network,1,23,IVR,0,6,72.07,3,1.03,37.64,3.68,0.42,0.92,None,27.32,1
5305b87f-7a30-41ab-a8ef-fb228d2dd051,2026-05-06,CUST-160646,2,82,2,20.1,Other,-1,6,App,1,6,76.89,2,5.8,7.25,13.32,0.6,0.89,None,19.6,4
1c8ded58-4218-465c-8fc3-f1691c34e822,2025-08-27,CUST-156797,3,-58,5,27,Network,-1,2,IVR,0,10,74.14,4,7.24,37.21,11.67,0.89,0.62,None,9.48,3
b018e88e-b6d2-4c1e-b20b-7b544756e659,2025-08-06,CUST-352095,1,3,5,67.2,Billing,0,6,Web,3,13,76.52,3,0.91,8.79,19.93,0.76,0.58,None,10.85,4
800c8739-8738-4098-99cb-7b178c221c3f,2026-03-17,CUST-181983,1,54,5,14.9,Technical,-1,8,IVR,1,10,79.77,2,5.42,37.19,5.17,0.86,0.89,None,24.03,4
9831ca41-f00e-4b1e-8480-54e9b7ae639a,2025-10-13,CUST-941193,3,-29,2,41.5,Service,1,13,IVR,1,8,75.17,4,9.57,32.6,11.75,0.68,0.57,None,24,3
c9921f57-5ea1-459d-9526-6b37acf89470,2025-12-21,CUST-592758,4,-75,3,8.8,Network,0,9,Web,0,3,61.81,2,8.21,18.49,12.83,0.9,0.73,None,7.4,5
ecf46981-b0ff-4c4a-9699-fae76f4464f2,2025-09-21,CUST-142273,1,-24,1,47.6,Network,0,29,App,1,6,85.1,5,2.54,14.15,9.79,0.79,0.78,None,5.9,4
95eacf09-5e7c-4ef6-b1c2-53690a39fd65,2026-03-03,CUST-959281,1,46,2,13,Network,-1,3,Web,2,4,78.75,2,8.34,18.94,13.64,0.46,0.68,None,25.57,3
82e96dac-a0c1-42fb-bdd3-aad9f4cd4d60,2025-09-22,CUST-623589,2,25,4,69.5,Technical,-1,1,App,3,10,69.65,4,8.49,5.76,19.45,0.43,0.7,None,9.49,3
ac0050f1-bc2b-4b7a-b9ee-b71ff4157597,2025-07-28,CUST-224294,2,89,1,41.7,Billing,-1,2,IVR,1,9,85.39,4,6.2,33.89,2.01,0.56,0.6,None,24.13,1
9db14fae-9d22-44ea-9448-aa4f1d57d50b,2025-10-03,CUST-892889,4,-68,2,25.4,Service,-1,9,IVR,3,1,75.26,3,9.28,18.93,13.51,0.57,0.69,None,19.68,3
b5326cd0-47ed-4f39-b5ac-75dc69abe059,2026-01-08,CUST-427335,3,2,1,25.2,Network,0,13,App,3,4,80.72,1,9.64,38.21,9.63,0.87,0.81,None,5.38,4
73205c67-dd6c-4d07-bcc8-1d4cbd2825b9,2026-07-17,CUST-563012,3,64,2,12.3,Billing,-1,5,IVR,0,2,60.7,4,7.88,39.6,12.32,0.38,0.78,App to Web,22.17,3
d96c3f1f-fcb8-48fb-ba4a-ff280ba34c5c,2026-07-03,CUST-665651,2,16,1,71.3,Network,-1,29,App,1,2,71.65,4,4.16,38.06,4.41,0.83,0.97,None,15.73,1
259b3fef-9dd1-4509-8877-d8bb0dee192f,2026-05-11,CUST-761512,3,-68,0,5.7,None,1,28,Web,1,8,93.47,3,2.68,15.68,16.35,0.96,0.53,None,20.17,5
b2e8c9e0-de6f-4dc2-9509-214e478d05b4,2025-11-13,CUST-817647,4,-88,1,28.2,Network,-1,22,IVR,1,11,84.37,2,5.76,23.27,17.16,0.75,0.75,None,9.96,1
4ddf032f-f8c2-4709-84a1-08b8578ba8fc,2026-06-18,CUST-977882,2,31,1,45.6,Service,-1,10,App,2,8,82.45,1,0.2,9.4,13.11,0.95,0.67,None,21.87,4
41c8066a-794b-4140-bca9-82516e6d90d6,2026-06-30,CUST-625224,2,-80,4,25,Network,0,27,IVR,1,7,74.09,5,2,31.93,8.82,0.9,0.85,Web to App,23.13,2
2d9c9acd-787c-4712-84be-3a5548b549a6,2025-09-13,CUST-877066,5,53,3,1.6,Network,-1,29,Web,2,10,86.59,5,9.96,23.6,18.87,0.73,0.77,None,14.93,3
253c5f5e-74d5-4001-8b2b-05bd09033150,2026-05-04,CUST-202617,3,57,0,31.1,None,0,26,App,0,0,74.37,1,9.61,36.86,11.67,0.43,0.96,None,5.59,3
4fb2eff1-a601-4892-8b5c-f6d981886249,2026-05-30,CUST-336925,4,61,4,63.8,Service,1,13,IVR,3,0,82.11,3,1.1,25.05,6.35,0.88,0.82,None,14.77,5
cfcc5b90-1917-44ff-8f7c-cab93446bafa,2026-06-11,CUST-588450,5,100,3,40,Technical,0,5,IVR,2,1,74.76,3,9.62,26.7,9.48,0.58,0.53,None,5.28,4
a017b5a9-9cb5-43b0-9889-3320c782e812,2026-01-12,CUST-262101,4,-99,3,44.8,Service,1,28,IVR,1,13,75.88,5,5.7,23.54,15.06,0.84,0.83,Web to App,26.29,1
0d7ae20f-51e4-4026-9884-23a04ae3fcd7,2025-12-25,CUST-789867,4,62,2,15.9,Billing,-1,12,Web,1,10,63.32,3,7.83,36.22,5.39,0.69,0.55,None,22.91,1
56d70700-94f3-4393-a082-5a2e5101b84b,2026-06-01,CUST-926721,2,68,4,23.3,Other,1,17,App,1,11,64.19,3,2.47,14.97,12.85,0.44,0.58,None,15.29,4
eb654dfc-8ebd-467f-aa78-40744e407a9c,2026-07-20,CUST-626635,2,42,4,23.6,Service,0,1,Web,0,14,70.41,1,2.92,31.67,16.23,0.5,0.88,None,22.09,2
c8799b73-b90d-407a-aba9-83d6aa6ac1c6,2025-11-08,CUST-344975,2,-86,2,65,Other,-1,11,App,1,5,81.38,2,5.74,17.29,12.29,0.2,0.82,None,13.72,2
a2c6f553-031b-4c1e-b222-24a299cbd530,2025-09-10,CUST-311797,3,32,4,6.8,Technical,1,18,Web,3,3,79.77,1,0.67,34.2,14.69,0.54,0.64,None,10.02,4
981ab629-7147-49bf-b9a7-5b04ce138fb6,2026-02-22,CUST-958504,4,46,4,28.9,Network,0,12,Web,2,5,93.23,3,4.18,35.26,9.03,0.5,0.56,None,16.51,4
70b8369d-1d9d-4af8-9841-696c654ff2a2,2026-02-13,CUST-249030,4,-44,4,23.5,Billing,-1,2,IVR,2,5,90.69,3,3.29,33.53,3.56,0.35,0.95,App to Web,14.08,2
520b8a1a-2df0-45a6-a6f5-a02224c8c67e,2026-03-28,CUST-578217,2,16,3,30.1,Other,-1,20,Web,2,4,64.91,2,9.34,21.42,5.18,0.64,0.51,None,28.51,3
99a299cf-d2a5-41e4-a892-c9aa64a86bab,2026-02-26,CUST-725866,4,5,3,6.9,Service,1,0,Web,1,5,80.3,3,5.71,35.41,10.29,0.4,0.97,None,10.66,2
68d18f3b-0302-4681-bf8e-205510b7b3cf,2026-05-21,CUST-230819,5,23,2,41.2,Billing,-1,9,App,0,9,62.51,5,0.77,27.66,19.25,0.21,0.9,None,25.8,4
6b00f641-cb31-472a-84ea-98ca804fb545,2026-01-05,CUST-483003,3,-97,4,23.2,Technical,-1,29,Web,0,7,90.59,4,1.79,34.32,17.45,0.88,0.6,None,23.78,3
d385caa3-7962-42c6-ae84-2c5512d70834,2025-12-02,CUST-115261,1,-53,0,15.7,None,-1,15,Web,0,10,65.44,3,6.41,27.75,12.95,0.55,0.79,None,7.43,4
96f54f3d-1190-4ba6-ad85-4df945a1213e,2025-08-21,CUST-545017,4,-98,5,26.9,Billing,-1,12,App,0,3,80.34,1,6.14,10,6.75,0.11,0.76,None,15.81,4
9b16f49a-f0c9-4cfb-bcb9-222907a6451f,2026-07-04,CUST-316486,2,-68,4,4.6,Network,-1,8,IVR,3,0,86.12,3,8.87,13.72,11.13,0.38,0.67,None,23.53,2
c3bb0ea9-daf5-4514-a06f-036ee1675f6e,2026-03-30,CUST-129293,3,57,1,47.3,Network,0,4,Web,1,1,91,4,8.56,27.93,8.22,0.3,0.64,None,7.3,2
eb63fe9e-0465-47d4-8f08-b88fab166f9d,2025-11-17,CUST-483016,5,71,1,6.6,Network,-1,17,Web,3,11,65.61,5,2.44,32.67,2.47,0.98,0.81,None,20.78,4
ebebabe0-990f-4074-8efa-fb3ce5a39eca,2026-01-07,CUST-501649,5,51,3,24,Network,0,12,IVR,1,6,72.6,4,4.35,34.51,6.35,0.58,0.78,None,28.71,2
7914fbb6-4388-4964-8688-26aeedaec790,2026-06-29,CUST-418527,4,17,5,38.5,Other,0,21,App,3,3,86.25,1,3.75,14.01,4.95,0.55,0.91,None,12.51,5
cb38b8c2-4e76-4ade-a365-10e6abd9b7a1,2026-04-10,CUST-585850,4,-45,1,30.2,Service,-1,19,IVR,0,5,88.2,5,6.55,17.38,7.93,0.41,0.79,None,9.49,2
169151fa-61d8-4df0-8328-9f86e38f47ad,2025-12-05,CUST-111137,2,-15,4,24.5,Other,-1,29,App,1,13,78.4,3,7.12,20.7,13.42,0.32,0.97,None,22.82,4
9fd0ee66-1c62-49df-99a5-d79d48558f1b,2025-08-04,CUST-269909,4,29,2,62.6,Service,1,0,Web,2,0,73.94,4,9.24,5.55,11.31,0.1,0.99,None,22.44,5
56fb9942-0203-4b77-b8e5-d370090b069d,2025-11-22,CUST-340872,3,-59,2,34.7,Technical,1,10,App,1,5,82.03,2,9.14,25.73,15.26,0.58,0.88,None,25.32,5
bd036f84-6970-4461-9d73-19d05804b871,2025-12-19,CUST-181647,3,-23,4,14.7,Other,-1,17,App,2,3,72.34,3,6.64,7.04,12.33,0.91,0.99,None,21.58,3
aae14a7a-1dd7-4f01-a3fa-7d65c236f7ee,2026-01-07,CUST-885717,3,-34,4,26,Network,-1,20,App,2,5,64.9,2,3.63,29.35,10.82,0.71,0.74,None,9.03,3
80a5c5f3-fe71-4c37-ae47-77a94100c438,2026-02-02,CUST-599198,3,-80,3,17.6,Service,-1,18,App,0,5,85.11,3,5.98,31.99,17.42,0.69,0.95,None,13.33,5
cfa89f53-8a0f-47f6-b181-f6d9c637002d,2025-12-09,CUST-770565,1,81,1,38.1,Network,-1,11,Web,2,11,89.71,3,4.15,18.21,12.08,0.81,0.95,None,17.53,2
83702a5d-5e73-432e-8f8d-4d795a991ec1,2025-08-16,CUST-232784,5,100,4,50,Technical,-1,15,App,0,0,77.88,3,3.73,33.22,6.47,0.97,0.7,None,17.39,5
33ac8d87-1b04-454c-a83d-1ef18f435816,2025-09-28,CUST-104976,2,-86,4,13.1,Network,0,14,App,0,2,77.84,3,7.42,13.32,1.57,0.86,0.64,None,5.01,2
2d22aeef-4330-4375-aaea-004329b90350,2025-12-30,CUST-672035,5,-19,4,2.9,Service,1,30,IVR,1,2,83.48,2,5.89,35.57,4.39,0.73,0.66,None,5.41,2
05e114fe-09bb-4e22-ae60-8e26536db8f3,2026-01-05,CUST-414765,3,-54,5,62.1,Other,0,4,App,2,11,69.55,2,6.78,29.52,12.62,0.56,0.58,None,12.32,4
28aac4e4-fb69-454d-be96-2e7eac86e8b6,2026-05-10,CUST-469059,1,67,3,69.7,Service,-1,29,Web,2,1,61.06,3,4.95,32.68,15.75,0.24,0.86,None,5.53,4
e4945a04-a3e3-4775-b8e4-09a8a77aa1c4,2026-02-11,CUST-114026,5,66,5,16.2,Other,1,27,App,1,6,79.16,3,1.44,12.74,18.13,0.64,0.9,None,23.81,2
7c3569da-eadd-437c-b53a-65bddd619b45,2026-01-21,CUST-191446,3,-65,4,4.6,Technical,0,30,Web,2,8,87.36,5,3.78,32.96,7.87,0.59,0.53,None,27.81,2
af87bbe3-be33-48b6-b115-941e77616e4b,2025-08-25,CUST-108681,3,-83,2,21.5,Billing,0,15,App,0,1,94.57,1,5.49,28.14,1.55,0.91,0.81,None,26.63,3
5f7f85f4-bbad-409d-8d93-c39517847b96,2026-05-14,CUST-232668,4,35,2,35.4,Service,1,24,App,2,9,65.76,4,9.56,5.41,5.5,0.16,0.77,None,20.39,3
fd9db1b7-3fad-4f0c-99bc-b1f9991842bf,2026-04-11,CUST-759891,4,49,2,57.8,Service,1,29,IVR,1,4,67.32,3,6.69,9.55,9.41,0.45,0.86,None,14.54,1
cb779168-432d-4f60-b1d1-004da46569b0,2026-03-18,CUST-598269,2,-97,1,46.5,Other,-1,20,App,1,4,71.07,3,9,7.04,10.71,0.46,0.9,None,5.29,3
9b9bf9ae-9cf0-4012-873a-4e7d3363fd1e,2026-03-08,CUST-850131,4,82,1,51.8,Network,-1,2,App,2,8,62.17,2,3.97,5.2,18.47,0.33,0.63,Web to App,10.17,3
a1997fe6-1aba-4bc4-9e9e-80cace5c9775,2025-12-10,CUST-378790,2,7,0,67.8,None,1,28,IVR,1,2,60.19,5,1.86,10.81,14.28,0.46,0.73,None,25.32,3
8acb1a7f-3a4e-4f16-8cb1-a304f3935d93,2026-01-19,CUST-215406,3,-54,3,61.1,Billing,1,27,Web,0,11,88.29,4,5.92,5.88,11.3,0.54,0.67,None,21.04,3
bdba6330-2f01-4084-a0b6-e4f892c2f483,2026-02-10,CUST-157222,4,84,2,68.9,Technical,1,26,App,2,13,70.07,3,8.75,35.02,7.5,0.32,0.86,None,16.85,4
a698796e-be4e-431d-83b0-24f536762b05,2026-03-07,CUST-945115,5,-72,5,35.9,Technical,0,20,App,0,6,63.82,3,8.75,32.71,12.45,0.44,0.9,Web to App,20.02,5
91720fd0-7487-415e-938c-14aa03a98ab8,2026-02-28,CUST-174989,4,5,5,41.9,Service,1,11,IVR,2,12,65.28,5,5.63,18.03,12.13,0.33,0.84,None,25.51,3
90360993-e872-434f-8e7d-4c4070febe1f,2025-08-28,CUST-246901,2,-55,2,26.6,Technical,-1,5,Web,2,1,65.24,5,5.89,38.91,8.8,0.8,0.73,None,19.31,4
7e6cf087-1fcb-433a-85e3-750ff4d244df,2026-03-04,CUST-959469,3,-16,2,41,Network,0,2,App,1,7,81.63,2,3.84,20.81,10.46,0.58,0.63,Web to App,13.18,2
61c22040-dc6b-4061-b818-29030388040f,2026-03-12,CUST-985614,3,1,5,14,Technical,-1,7,IVR,2,2,85.11,3,7.65,34.59,7.48,0.94,0.81,App to Web,19.62,1
cc21ae55-8390-4c68-8ad2-a6e71cb4cc34,2026-02-18,CUST-709351,3,-30,1,1.3,Technical,-1,20,App,2,9,90.26,4,0.82,35.67,6.99,0.71,0.88,None,28.37,2
ad2c8c06-e960-4965-b7cf-a05dbe921e61,2025-08-25,CUST-434885,5,-6,5,57.1,Technical,1,18,Web,1,10,61.19,2,4.11,7.57,13.8,0.15,0.78,None,8.54,2
8801a9e3-5e9c-4c80-bf2e-83663a154ca6,2026-05-03,CUST-411915,4,67,0,11.8,None,-1,16,IVR,3,4,60.93,2,2.41,33.41,3.98,0.67,0.87,None,14.4,2
8d1ddeec-2bf3-4c1d-ba9c-6970ec99c5a4,2025-10-12,CUST-667542,3,93,1,32.5,Network,-1,23,App,2,6,69.06,2,9.32,23.9,6.38,0.28,0.99,None,22.19,5
26a276f7-0cb1-4429-a221-4bc9e2a62f91,2025-10-03,CUST-625454,3,54,5,28.6,Technical,0,16,IVR,2,5,88.26,2,4.16,24.02,17.82,0.7,0.78,None,18.3,2
a79b3632-eb36-470d-9beb-d04a77bc0f6e,2026-05-29,CUST-277480,3,69,0,53.9,None,1,9,IVR,1,11,79.28,1,0.12,34.99,1.93,0.37,0.63,None,26.11,2
488c5175-c84b-4d53-bc09-55edc808491b,2026-03-24,CUST-544990,2,54,0,34.9,None,0,1,IVR,2,2,66.86,2,2.43,34.8,12.53,0.4,0.65,None,13.93,3
ee9df9f1-4a65-4820-9f74-bbba819f52b0,2025-11-22,CUST-587116,3,-61,1,33.5,Technical,-1,5,Web,1,13,83.41,2,2.99,35.19,5.16,0.52,0.52,None,5.56,3
0fc29de4-2ac4-450f-a7a0-97947f43870d,2025-11-01,CUST-639423,3,-97,4,63.5,Other,-1,26,IVR,2,12,72.2,1,7.38,14.84,16.96,0.49,0.54,None,5.66,2
e5a4b041-9f9d-4fe0-8aa7-81063ec6d834,2025-11-15,CUST-591171,3,-99,1,56.1,Technical,0,21,IVR,2,9,66.33,2,0.18,20.66,14.05,0.78,0.53,Web to App,6.12,3
52051bab-6096-427e-99c6-ceb5a2291223,2026-05-06,CUST-413089,2,-35,2,33.8,Technical,1,19,IVR,3,6,76.95,4,1.44,29.23,9.38,0.56,0.73,App to Web,25.93,1
a1d42a02-a62e-4bf0-b1e4-e5e81f2fcd08,2026-07-24,CUST-106989,2,-79,3,5.8,Technical,-1,7,IVR,1,6,87.68,5,2.69,30.11,17.42,0.2,0.74,None,16.63,2
c418434a-9e77-4bbc-9811-b32680204b45,2025-10-23,CUST-387422,3,-94,3,50,Technical,0,16,App,0,9,62.49,5,2.79,5.71,4.07,0.45,0.54,None,23.15,4
222b7b9f-0616-4ced-baf4-0150e3b4e8ea,2025-09-15,CUST-775954,3,96,5,45.5,Technical,1,5,App,1,5,80.49,3,6.66,9.89,1.21,0.19,0.97,None,5.14,3
00b15c3b-9aa1-425c-8604-87a243cdb14f,2026-06-10,CUST-325723,2,36,3,34.6,Service,-1,16,IVR,1,2,61.04,5,6.23,25.85,18.87,0.92,0.71,None,24.26,1
829b993a-b404-4637-b277-008bcfeb0ff1,2026-01-05,CUST-794612,3,58,1,31.3,Other,1,18,IVR,3,0,67.19,1,2.02,21.78,7.13,0.51,0.63,None,13.63,1
cf67259b-4be0-4b0f-b49e-7b04f2e0b8c1,2025-08-20,CUST-172572,1,-11,1,26.6,Billing,-1,0,IVR,1,1,94.32,5,0.37,30.05,11.63,0.44,0.84,None,9.29,2
ace0bc4f-1df9-4350-9686-afa68b6db645,2025-12-12,CUST-340290,4,71,4,54.5,Service,0,7,App,0,4,65.26,1,1.68,16.55,6.36,0.77,0.65,None,27.23,2
c1fc4995-f5f0-42a1-8e4c-7486aa41ad6d,2026-03-05,CUST-119934,5,-4,2,4.8,Other,0,2,App,1,11,79.65,5,9.57,32.54,2.78,0.92,0.63,App to Web,17.87,4
5cac5800-9584-41f1-83f1-f6af4d7b6003,2025-12-31,CUST-604360,4,36,4,57.8,Billing,0,12,IVR,1,7,74,4,0.14,37.36,10.71,0.75,0.8,None,19.44,4
0684d1c7-e26b-4e13-b7b1-4d32ab6f2348,2025-12-11,CUST-947713,2,23,2,38.3,Billing,1,24,IVR,1,8,75.61,1,8.25,17.13,8.38,0.97,0.57,None,9.4,4
124b3310-a345-43b7-bd41-4ae374910c6f,2026-01-03,CUST-915805,2,75,2,15.2,Service,0,17,App,3,2,75.01,5,8.74,23.53,16.39,0.25,0.55,None,25.95,4
be628298-5adc-4e4a-a829-666a152575f9,2026-05-26,CUST-998223,4,14,3,60.8,Technical,1,6,Web,2,3,77.9,2,0.42,31.99,5.89,0.21,0.77,None,22.23,3
bb804dd5-fb65-41b9-bce7-7ca45d7a1750,2025-08-23,CUST-208762,4,-35,1,58.1,Technical,1,5,Web,3,1,88.5,3,0.41,27.73,3.19,0.45,0.65,None,29.51,1
1f03c368-10b3-4da5-8a71-b09a73525368,2026-06-14,CUST-926788,4,40,1,25.8,Billing,0,1,Web,2,12,85.42,2,7.3,28.58,9.85,0.33,0.68,None,20.17,3
f326d367-2439-44ac-a09a-32834b22f2dc,2026-06-30,CUST-364018,5,2,4,33.1,Other,1,21,IVR,1,14,64.61,2,0.48,24.2,12.1,0.95,0.68,None,25.22,5
a9d8999d-20ab-424a-925d-f606478b64aa,2026-05-19,CUST-842714,3,11,4,58.3,Service,0,13,Web,2,11,89.99,3,0.84,24.15,13.67,0.49,1,None,17.43,3
2481f07c-ed8a-4757-be24-9302f1cf71d2,2025-10-15,CUST-595989,2,-54,5,56,Other,0,4,IVR,2,5,94.18,5,2.53,9.86,9.11,0.39,0.52,None,18.42,2
e5c5f5fa-d65c-40b1-8aa6-c5e8123c6972,2025-10-10,CUST-788216,4,1,3,6.7,Service,-1,12,IVR,0,8,86.96,5,3.56,8.3,7.13,0.46,0.68,App to Web,22.25,2
d2b95272-a6b8-4d4e-aaa9-c6ca67ac940c,2026-06-19,CUST-263787,3,22,2,44.3,Billing,1,21,Web,2,2,89.09,4,3.71,36.14,14.49,0.94,0.93,None,16.59,5
41c2bebb-5a1e-4daf-9150-255eff08d4ce,2026-07-11,CUST-197104,3,88,2,18.5,Service,0,28,IVR,1,3,72.07,5,3.41,33.08,15.9,0.88,0.55,None,10.03,2
7202a570-9a0c-46e0-b2f4-b2f90aa6521b,2025-07-28,CUST-878267,5,57,3,15.4,Network,1,27,Web,3,11,85.22,3,3.34,23.18,15.72,0.67,0.99,App to Web,16.85,4
c9c6de2e-e5a2-41b5-863f-a42cb34aee25,2026-02-02,CUST-355646,3,-8,3,67.1,Technical,-1,19,IVR,2,12,74.46,4,4.5,18.63,1.25,0.43,0.71,None,21.15,2
72274428-9ac0-4570-bc93-77a5d9622622,2026-02-12,CUST-545546,5,90,1,41.6,Service,-1,11,App,0,9,71.02,3,7.99,27.56,19.07,0.25,0.96,None,20.86,3
9ec7cce3-b1f1-4f65-89b4-a2667d3a9993,2026-03-15,CUST-491509,4,60,0,27.9,None,-1,9,Web,2,13,87.64,5,4.57,18.81,4.96,0.68,0.68,None,23.73,2
f53538cf-af62-4b69-a375-758524220a47,2025-10-21,CUST-488774,1,63,2,8.9,Billing,1,29,Web,1,9,82.54,2,3.56,17.38,12.13,0.8,0.98,None,25.74,2
2ef62a2c-fea8-4919-99f1-0e5ee947ee37,2026-04-07,CUST-780660,1,4,2,43.1,Network,1,7,App,1,11,76.13,2,0.78,7.89,19.33,0.29,0.96,None,16.09,4
a7893234-8d49-4bbb-bc29-4179e7ca3aac,2026-06-17,CUST-102200,5,-61,1,55.6,Other,1,29,App,2,1,91.96,2,1.71,29.53,1.86,0.95,0.82,None,25.64,2
0af99551-2be4-4169-b1ee-f12b14f4eb7c,2025-10-05,CUST-738292,2,47,2,32.1,Billing,-1,12,IVR,1,13,77.27,5,7.24,38.58,8.61,0.37,0.73,None,16.59,4
1ca822bd-e9a9-4f71-ba82-acf33b4c864d,2025-08-14,CUST-646796,3,-92,2,46.7,Other,0,26,IVR,0,5,66.52,5,8.46,31.66,8.18,0.91,0.74,App to Web,16.31,3
e1350a79-1eea-4364-87bf-417871328b42,2025-09-24,CUST-340309,4,-28,3,68.2,Service,1,4,IVR,2,9,61.42,5,8.82,20.5,18.06,0.11,0.54,None,29.43,1
ad46c5ca-17f5-407c-a5e9-d93d19ccb38d,2025-08-28,CUST-820074,3,-21,2,13.8,Other,-1,6,IVR,3,5,92.14,3,6.13,15.11,11.86,0.95,0.93,None,9.65,5
356d1d89-c48e-40b5-808a-e371e645191c,2026-05-29,CUST-349946,2,-97,2,2,Billing,-1,2,App,2,2,80.66,4,8.58,21.38,9.28,0.97,0.56,None,20.44,3
f99e68d6-71e7-4c44-b4d7-2fc55dd0bf2f,2025-11-23,CUST-930563,2,10,3,48.8,Network,0,12,Web,2,12,91.16,3,6.87,17.05,14.79,0.89,0.76,App to Web,6.39,2
9710e165-177f-4304-a48e-212884377f6e,2025-07-26,CUST-165024,1,41,2,11.3,Network,0,10,IVR,1,14,94.6,3,1.26,9.26,6.39,0.42,0.87,None,19.71,1
b626f698-f24d-443a-b83a-a4b02e33bfbf,2026-03-15,CUST-209418,4,15,0,5.6,None,-1,13,App,0,2,70.86,5,7.43,20.17,15.45,0.52,0.6,None,6.93,2
cafe9302-7781-458b-bbdb-ce507390e498,2026-01-11,CUST-462608,5,94,4,37.5,Network,1,19,App,3,3,61.86,4,8.1,19.68,6.41,0.16,0.69,None,29.96,3
feb182d6-0851-463d-87f8-db7dab7a22de,2025-08-26,CUST-652512,4,19,3,57.4,Service,-1,29,IVR,3,5,68.27,3,7.59,34.91,8.22,0.8,0.99,None,22.94,2
e61925e9-2604-4c84-918b-e68267736fad,2026-07-06,CUST-483171,2,2,0,70.5,None,1,13,Web,0,0,63.75,2,3.33,9.47,6.46,0.93,0.96,None,6.92,2
602fb33d-87c7-4054-8062-97fb5213f614,2025-10-11,CUST-628656,4,23,4,6.2,Network,1,5,App,1,2,82.36,2,2.71,12.25,16.58,0.44,0.7,None,23.68,1
628c7f32-7777-495d-97b4-b4ebd53f5872,2025-10-30,CUST-388674,3,-79,4,12,Other,-1,16,IVR,2,1,89.27,2,2.8,27.46,6.99,0.63,0.57,None,27.66,4
5d270113-7c5a-4d36-8ee7-9652f8bfdb2e,2026-05-24,CUST-910964,3,7,4,9,Service,1,25,IVR,1,13,80.61,3,4.34,32.79,11.62,0.69,0.71,None,27.1,3
72fc81c2-6f70-40a5-984a-1d0823facfeb,2025-09-27,CUST-718207,3,-52,2,47.7,Other,1,25,Web,1,5,60.94,2,2.26,9.27,13.23,0.89,0.56,None,18.93,5
cc5dbe94-1d31-43e7-ae73-e52c6974befc,2025-12-15,CUST-948342,3,24,2,21.8,Billing,-1,3,Web,0,3,69.08,1,6.97,31.81,8.72,0.82,0.92,None,10.54,3
ca210ada-ecf8-4e98-b124-286bbd8be6b9,2025-09-30,CUST-531144,5,8,1,46,Network,1,29,IVR,2,0,84.35,3,5.59,5.6,19.17,0.33,0.54,None,19,2
f4e97c3f-858f-4696-8c1d-da0840ed3262,2025-12-13,CUST-925537,3,16,1,20,Billing,-1,29,Web,3,4,63.25,3,1.91,29.77,13.14,0.43,0.69,None,25.12,3
5a275f74-4482-4ad1-a4f4-c376b53e1b61,2026-01-01,CUST-464147,3,78,2,63.4,Service,-1,22,App,0,2,90.13,4,7.03,30.02,10.11,0.42,0.61,None,9.78,5
c065e2b4-4427-4982-8077-3b4a53cd5e4d,2026-03-14,CUST-702407,4,90,1,10.8,Network,0,4,App,2,1,88.44,3,0.8,27.82,8.87,0.54,0.89,None,27.11,4
67720315-040b-486c-994d-32f492321613,2026-03-05,CUST-756188,3,78,3,23.3,Service,-1,28,Web,0,9,88.99,2,9.27,24.97,5.04,0.34,0.93,None,6.53,3
8c9101b0-280a-43b1-8978-2fdf18a60771,2026-07-09,CUST-296722,3,-30,0,66.4,None,1,30,App,3,8,91.77,5,0.25,34.58,17.31,0.57,0.53,None,21.54,1
e1ae5997-53a3-4be5-a4d9-635c7db0ffe4,2026-01-08,CUST-530692,3,-4,1,35.6,Service,0,11,App,2,2,85.94,4,5.26,14.47,13.22,0.22,0.94,None,27.09,4
eaac97cb-7dc2-481a-9316-a853cc35bf41,2026-02-06,CUST-801696,2,-86,1,42.2,Technical,-1,14,App,0,1,60.52,4,0.34,8.78,6.91,0.76,0.65,None,20.18,4
5106c400-2dbd-4dc9-aa76-72d3b0e3d3d4,2025-08-13,CUST-189853,2,-48,0,31.9,None,0,25,App,3,12,66.44,1,4.62,6.1,16.74,0.72,0.91,Web to App,21.22,5
1b239a36-062a-4501-9a17-dc4366d67fa4,2025-12-20,CUST-320533,4,-16,2,14.5,Network,1,2,App,1,11,78.1,1,9.46,39.59,5.09,0.99,0.73,None,10.91,3
5f2cb0a3-b080-4adf-b8ce-e84ef83d4842,2026-01-30,CUST-662945,4,35,1,52.1,Network,0,9,IVR,1,1,89.7,4,6.72,18.8,4.36,0.87,0.69,None,17.18,2
4dc734fe-fabe-462a-87ce-a35f7d1e0a32,2025-11-30,CUST-672056,4,74,3,42.3,Billing,-1,11,IVR,2,10,77.73,4,1.02,33.12,2.45,0.26,0.61,None,24.66,2
d4eb0f0a-ee0e-4446-a146-7a0b09c1c6ef,2026-01-04,CUST-440981,3,78,4,64.5,Other,1,17,Web,1,3,76.44,3,6.46,32.9,18.86,0.24,0.8,None,10.94,4
776bb39c-c3e5-408a-9614-5188d0bada38,2026-01-21,CUST-362402,2,-86,4,59.2,Network,1,5,IVR,3,14,66.03,2,7.74,24.12,16.04,0.47,0.78,None,26.58,2
770f3601-8fc9-4c92-8c84-17b7358c84b8,2026-02-19,CUST-729913,2,-86,3,29.7,Billing,0,13,IVR,2,2,89.68,5,9.61,9.73,2.94,0.25,0.96,None,23.79,4
1fba8a63-4be6-40f9-9e8d-a6042316c95b,2025-08-14,CUST-870244,3,19,3,26.4,Service,1,23,Web,1,4,77.09,4,5.91,16.37,7.55,0.96,0.93,None,29.7,5
a42cb46b-a4e2-4ec9-afe2-045e0266cdd9,2026-02-08,CUST-956670,2,-29,5,68.9,Service,1,3,App,3,13,60.03,2,3.43,27.76,9.44,0.26,0.63,Web to App,20.5,1
4c9fdbac-fcd5-41f8-83a1-f304166e4672,2025-11-02,CUST-648614,3,25,1,36.9,Technical,0,5,IVR,1,1,62.59,2,3.65,23.23,15.88,0.4,0.59,None,15.02,1
b36c2eed-f9ec-419e-bcca-d51ce77c0125,2025-08-30,CUST-923428,3,36,4,43.6,Technical,-1,22,App,3,13,76.37,2,7.15,37.27,5.4,0.84,0.84,None,10.66,4
9db359bb-6731-44c8-a779-65963fd67cbc,2026-05-17,CUST-231275,4,31,2,3.8,Network,1,24,App,2,1,93.11,4,5.96,8.54,6.96,0.35,0.7,None,14.8,3
08438c23-28ee-4eb8-aca4-8836c504fae1,2025-11-11,CUST-628461,2,-75,4,21.9,Network,-1,10,App,2,7,72.55,4,6.22,12.79,7.04,0.23,0.6,None,10.49,2
a714ce9b-b642-41e1-9dfa-3f9935d96342,2025-10-11,CUST-588613,5,-4,5,43.1,Billing,-1,5,App,3,7,63.7,4,6.86,8.08,8.1,0.76,0.63,None,23.78,3
834392cd-c6f9-494d-af47-8d78fe2ed3b1,2026-01-31,CUST-989875,2,10,5,45.1,Technical,-1,17,IVR,1,13,73.7,4,0.96,14.24,5.51,0.46,0.59,None,17.89,5
d2583679-d3ad-4a69-969f-cd1fb81ef827,2026-06-18,CUST-161439,5,-37,3,21,Technical,1,4,App,1,11,61.81,1,9.99,22.77,14.17,0.98,0.58,None,22.21,4
0d4bb984-a3fa-4314-9257-eab83c9cf77f,2026-04-23,CUST-281868,5,-30,0,19.9,None,-1,10,App,2,14,76.79,2,4,5.28,4.79,0.14,0.54,None,6.2,5
8072452a-c9d0-41c6-85b3-5605be94a002,2026-07-18,CUST-814592,3,-62,1,14.7,Technical,-1,11,App,3,11,74.58,4,7.34,19.12,2.69,0.7,0.71,None,6.17,1
91303467-a56d-4b53-8a11-72d5e7cfb539,2025-12-29,CUST-325433,3,41,1,51,Billing,-1,17,IVR,3,8,74.11,4,2.08,8.04,6.39,0.38,0.58,None,14.87,1
1e88dfa0-61c3-4db6-bf89-21aa131d097b,2026-01-03,CUST-373061,5,-19,4,7.1,Network,1,26,IVR,1,8,75.38,3,3.35,38.01,11.11,0.17,0.77,None,24.08,3
2c0eb2b2-7735-42c9-9deb-382792efc297,2026-03-28,CUST-939365,3,64,4,37.9,Network,-1,10,IVR,0,2,73.15,4,8.21,8.13,9.09,0.33,0.84,None,7.15,4
d21e42d0-f520-4be7-bcd5-35a9893e965f,2025-10-21,CUST-204431,2,55,3,26.7,Technical,0,17,App,0,14,79.98,4,3.84,29.79,18.43,0.14,0.93,None,15.29,2
deb0e72d-2b6b-46a8-af70-5eee20440e4a,2026-06-12,CUST-545813,5,-97,2,26.7,Technical,0,17,Web,1,8,66.65,1,8.11,29.89,18.4,0.49,0.77,None,15.62,5
4a1719f4-64f0-4eb6-9310-9ad5b9b2ef03,2025-10-21,CUST-125698,4,18,0,55.4,None,0,1,App,2,4,83.23,5,7.03,33.45,8.01,0.49,0.9,None,23.59,1
dc88fc19-4953-4469-be66-b96f6eec5d26,2026-03-30,CUST-676550,5,46,2,15.6,Service,1,15,Web,1,6,60.77,3,9.38,25.87,6.18,0.86,0.5,None,16.35,4
6c8ecf1a-8377-4f63-ae94-cb8e4851d3a6,2026-04-16,CUST-226357,4,63,4,6,Billing,1,29,App,1,11,84.45,1,6.05,37.96,15.76,0.1,0.65,None,10.32,2
af594618-f0a4-4856-a263-145ffe232ca0,2025-08-25,CUST-964392,1,4,4,9.7,Network,1,18,IVR,3,13,60.95,5,8.57,10.21,1.27,0.79,0.52,None,10.34,4
a2daaa1f-9889-46d2-aec0-b8a63d20e87c,2026-03-27,CUST-638434,2,-13,1,6.5,Service,1,3,IVR,2,13,88.4,1,4.16,35.78,2,0.64,0.89,None,7.4,1
a49daf0d-2b4b-4dd3-ad12-6d74b21ea4ef,2026-06-03,CUST-879536,2,-77,4,35.6,Network,0,5,IVR,2,1,94.07,2,1.16,36.31,13.5,0.62,0.62,Web to App,21.8,4
09e1fa67-da9a-4ab2-9941-b64f3d6dd29e,2026-02-21,CUST-554574,2,-78,4,45,Other,1,7,App,1,4,83.34,2,2.54,30.61,12.01,0.42,0.89,None,11.48,4
ddf1e9d1-447f-4c9b-9865-dee8f269697f,2025-11-29,CUST-234538,2,88,2,12.5,Network,1,19,Web,2,11,93.15,4,0.7,11.75,16.52,0.35,0.73,None,10.39,3
6d1b3afe-12f6-410f-bf90-03fbca25b37b,2026-02-10,CUST-583449,1,64,4,15,Other,-1,20,App,0,2,93.33,3,3.72,38.62,17.95,0.92,0.59,None,18.8,3
5a0c00ab-84da-434a-995a-68a770f9d89d,2025-12-01,CUST-403840,3,-71,3,30.9,Service,-1,7,Web,2,9,68.09,4,2.51,15.65,8.63,0.16,0.94,Web to App,10.2,4
85defce7-cc2b-45c6-b569-ff869f5372b9,2025-11-27,CUST-327749,4,-16,1,59.3,Billing,-1,8,IVR,1,1,61.35,2,2.74,38.94,5.19,0.17,0.6,None,24.85,4
6394b47c-f9ff-4902-b2ba-f17f18efb686,2026-05-23,CUST-220905,2,23,3,13.3,Other,0,2,Web,2,5,94.49,1,2.7,26.57,1.79,0.58,0.8,None,17.12,3
826afe83-bb37-4924-9f31-e9200ccffc23,2026-06-04,CUST-881659,5,29,1,13.5,Service,0,3,IVR,0,6,76.54,1,5.6,16.77,19.86,0.45,0.87,None,6.03,4
d605d698-bacf-468a-b86e-00f850d52e92,2026-01-23,CUST-829821,3,36,1,49.1,Billing,0,25,App,2,13,60.35,1,0.74,30.2,12.32,0.71,0.8,App to Web,13.32,3
fc38f81b-0873-442a-b2b7-a8aac26a4027,2025-09-30,CUST-947192,2,-67,0,50.6,None,-1,12,App,1,5,84.67,3,4.43,17.19,17.24,0.78,0.66,None,16.22,3
0e749ed4-5ea1-423e-a50a-a0fd9c2b8c95,2026-05-13,CUST-369268,4,-72,0,57.8,None,0,20,Web,0,9,93.02,5,1.33,34.24,9.52,0.9,0.64,None,19.98,1
5fd83453-cad1-4731-ac9d-47d214e7f07f,2025-11-21,CUST-666262,5,68,1,30.3,Technical,0,28,IVR,2,4,77.53,2,9.11,20.84,2.27,0.44,0.82,None,8.48,3
fc9fc482-e1d0-4a6f-8337-eb9349864f3a,2026-02-07,CUST-515370,4,-49,2,38.1,Technical,-1,27,IVR,3,6,87.2,5,6.04,16.37,5.36,0.69,0.53,None,16.31,4
07a3a13b-36c8-42c8-9568-b16625dbd7e4,2026-06-22,CUST-727086,2,26,2,48.7,Billing,-1,8,IVR,2,9,84.92,5,1.77,27.12,15.31,0.59,0.72,Web to App,19.26,3
e0a27397-2667-40cb-b094-e5c8d8cf5fa2,2026-03-23,CUST-309144,3,-10,2,58.4,Network,1,18,Web,0,11,69.45,3,6.38,5.67,19.89,0.11,0.83,Web to App,15.96,4
44ae5769-e9ff-49cd-987f-64a8c6bafd91,2025-10-07,CUST-670877,1,-40,1,67.2,Technical,0,24,Web,3,2,60.88,2,4.83,11.91,19.47,0.76,0.6,Web to App,8.84,2
f467e74c-79d1-4303-940e-26c669de3f96,2026-03-15,CUST-719317,3,-24,5,26.1,Network,-1,5,Web,1,5,60.04,5,5.29,16.14,19.84,0.64,0.75,None,10.31,4
942f07c0-fd43-4646-8093-9723a4d5284a,2026-03-05,CUST-338264,1,-43,1,16.4,Technical,0,20,IVR,1,8,74.28,5,6.09,9.57,17.62,0.95,0.97,None,9.81,1
201c1761-1249-4dac-8984-1a1873dd7d72,2026-06-08,CUST-179414,3,-70,1,38.8,Billing,0,15,App,1,10,77.65,3,3.12,24.02,18.83,0.58,0.87,None,16.81,4
ba7ad0df-b154-42e1-be73-96520fa2c4bd,2025-08-26,CUST-713667,2,-8,2,29.6,Service,0,21,App,2,13,68.39,3,3.89,11.22,4.21,0.36,0.6,None,7.97,4
9f488362-69ce-4b8c-8817-eac3f8614719,2025-08-05,CUST-202788,2,-75,2,26.7,Service,1,2,App,2,3,78.96,3,5.62,35.98,3.21,0.26,0.85,App to Web,19.98,3
b990a7ef-ef0e-42c1-8ef2-a386aa71dfd5,2026-01-04,CUST-729992,5,38,3,68.6,Billing,1,11,App,1,11,69.73,5,2.88,6.03,10.19,0.17,0.75,None,10.54,1
ec74296c-53b6-4f2b-ac54-0443f01e8a0f,2026-01-11,CUST-989296,2,-65,4,22.2,Technical,0,7,Web,2,5,71.73,3,6.67,9.77,7.41,0.23,0.59,None,16.09,4
a9376545-9244-45f2-825c-cac452eb640d,2025-12-07,CUST-120114,4,25,2,23.6,Other,0,13,Web,3,11,79.62,4,2.92,15.14,2.58,0.84,0.99,None,15.28,2
01aa3f6f-f9b9-40ed-9fe6-57a456b1a2f9,2025-08-29,CUST-306365,3,18,4,15.3,Other,-1,3,App,2,5,84.67,2,3.99,30.4,7.24,0.39,1,None,21.98,3
8b52e105-5de0-4339-9e74-8ffce7250f07,2026-01-06,CUST-125556,2,-65,4,12.7,Billing,0,4,Web,0,14,65.63,2,7.08,30.42,4.07,0.89,0.8,None,15.58,2
03e7266e-38cd-4d0c-b57a-da0f47eb503c,2026-03-04,CUST-814952,2,69,4,16.9,Technical,1,16,App,3,12,60.07,4,7.44,30.11,17.42,0.25,0.67,None,12.07,4
f48d4435-085f-4e93-8898-2abd3d815639,2026-04-05,CUST-831035,2,-68,3,2.2,Other,1,16,IVR,1,2,92,2,9.01,15.31,19.54,0.88,0.52,None,27.02,4
d769a7de-5be7-4ade-bd6b-e270ac513bef,2026-01-09,CUST-968967,5,60,4,25.1,Technical,0,24,Web,2,4,64.76,2,3.52,20.31,5.78,0.2,0.76,None,22.82,5
d098d198-293c-4c61-bb83-45e70497cc7a,2026-07-09,CUST-399984,2,97,3,16.1,Billing,-1,16,App,1,6,61.85,2,7.51,13.71,3.13,0.88,0.61,None,16.88,4
7efac08d-e05e-49b8-af82-56e3c0089862,2026-04-24,CUST-303717,2,35,3,23.6,Service,0,27,IVR,1,3,93.45,4,2.42,16.95,15.07,0.49,0.77,None,15.93,3
4c5c2fd6-5e3b-454c-b227-45a4a8b5a717,2025-11-05,CUST-951077,3,13,2,6.6,Billing,-1,4,App,3,1,92.48,1,1.17,23.79,2.22,0.3,0.51,None,8.67,1
bf67f67b-be9d-429a-bf74-f406b9915280,2025-12-07,CUST-297655,2,-5,4,47.9,Billing,-1,7,IVR,3,11,66.4,3,8.66,32.43,15.05,0.39,0.83,None,22.81,3
7408c7d9-d190-47f4-b239-cf45c1de3513,2026-02-27,CUST-564853,4,62,2,4.9,Billing,1,8,IVR,2,13,83.46,1,1.53,11.79,18.52,0.49,0.71,App to Web,21.25,5
c915caad-ec7e-4cf3-bde7-fafa3d979822,2026-04-10,CUST-575712,4,38,5,24.9,Network,1,26,Web,0,7,94.1,1,1.77,30.07,13.49,0.84,0.52,App to Web,6.83,4
6a9e493d-5fa8-4d15-a4c1-f7342e95197b,2026-04-06,CUST-128681,3,82,2,44.2,Billing,0,9,App,1,5,63.95,1,2.19,31.03,4.6,0.31,0.89,Web to App,15.41,3
aab9f0d5-df4d-4be2-a36c-c8c81d7f7118,2026-06-10,CUST-681119,3,39,4,10.8,Network,-1,16,IVR,0,11,78.15,5,6.95,35.28,9.01,0.13,0.74,None,27.59,3
20eaa664-a224-4057-b446-251e5803f95d,2025-08-04,CUST-889349,4,-94,3,54,Billing,1,13,IVR,0,9,92.7,4,9.94,32.02,2.54,0.97,0.74,None,28.95,4
e7d73497-6c4d-452d-80fe-b08ac0c9ab97,2025-11-12,CUST-220482,2,11,2,6.6,Service,-1,17,IVR,1,3,73.14,2,3.74,17.32,15.04,0.23,0.72,None,7.4,4
cef1abba-5af4-4e39-af5c-96236008d7e2,2025-12-03,CUST-511368,4,-28,4,56.9,Billing,1,22,App,3,5,80.33,4,7.69,38.18,3,0.21,0.63,None,12.29,3
c8174729-78d4-44b8-bc34-0d6a73b0bdb9,2026-05-23,CUST-505039,4,62,1,69.3,Technical,1,30,IVR,1,2,81.25,5,9.81,35.82,13.22,0.26,0.85,None,17.28,3
20b2292d-e80e-4436-9169-d540583c4a9d,2026-04-03,CUST-382098,2,71,1,49.8,Billing,0,27,App,0,7,92.38,2,5.36,33.61,19.26,0.99,0.64,None,14.8,5
a9311457-3fc5-4e31-9cb2-60da9dc800a9,2026-02-12,CUST-946791,3,12,4,43.1,Billing,-1,6,Web,1,9,73.24,3,0.64,15.38,2.17,0.46,0.69,None,22.45,2
4009fd69-c777-4186-ab7c-de9b4b79aedb,2026-04-05,CUST-634109,2,-94,4,35.9,Other,1,1,IVR,0,11,71,1,1.95,37.03,7.87,0.16,0.56,None,26.2,4
45255dd2-83cd-4a08-ac02-5d0874213083,2025-10-21,CUST-986622,3,46,3,20.5,Billing,1,14,Web,2,3,75.38,4,5.72,5.65,16.61,0.12,0.9,None,11.79,3
2fedd941-66cf-4bdd-8150-c0a89639af90,2026-04-30,CUST-364451,5,20,3,19.3,Network,-1,12,IVR,1,1,62.45,4,4.34,19.09,11.43,0.15,0.6,Web to App,17.73,4
e68f39e1-2bd3-461b-9cf8-898fe4450bee,2025-12-07,CUST-505635,1,82,4,56.1,Billing,0,20,IVR,2,12,76.97,4,5.84,26.8,6.26,0.44,0.92,None,16.14,2
d08f8a20-4c77-4ff6-aaf5-e696a543b97f,2026-07-03,CUST-963265,3,-6,4,66,Other,0,24,Web,0,4,93.03,4,2.09,9.71,8.29,0.17,0.95,None,26.87,4
14e9cff4-196b-4052-b3dd-b9f85b1848d7,2025-10-24,CUST-637750,1,-90,4,15.1,Service,-1,4,App,2,4,67.95,2,5.37,28.28,15.25,0.35,0.62,None,13.11,2
840ea0a4-f593-4533-9827-2e92fec83acf,2026-03-10,CUST-687727,4,-89,5,26.7,Other,0,19,IVR,2,2,89.68,4,3.76,9.05,18.89,0.81,0.72,App to Web,20.31,2
f5596305-e917-4b02-bd91-4ea7440f1b5d,2025-12-07,CUST-871251,4,-43,4,38.1,Billing,0,6,IVR,1,5,88.83,1,0.8,34.06,19.48,0.85,0.58,None,19.82,3
1a23925d-783c-416b-aa0a-bb53430ccd04,2026-03-27,CUST-804730,3,36,4,52.9,Technical,0,4,Web,1,7,90.2,4,1.82,20.41,13.65,0.96,0.72,None,13.78,4
904ad317-91bb-4936-9602-964968547b65,2026-06-05,CUST-321908,2,22,3,55.9,Other,1,25,Web,3,2,91.73,1,0.65,35.12,2.37,0.31,0.86,None,28.39,2
48b77f46-bb00-4c51-9d1a-5507391936b5,2026-03-30,CUST-163402,3,-24,4,8.5,Network,1,5,IVR,1,7,84.83,3,4.5,27.25,15.72,0.97,0.85,None,22.65,5
85a448f0-9b64-413e-84e9-5b3620a80165,2026-05-07,CUST-127306,4,70,1,31.3,Billing,1,17,App,2,2,92.95,3,3.31,13.11,10.71,0.16,0.75,App to Web,17.69,4
857f810a-9253-4b59-85dc-89a462b07f54,2025-09-12,CUST-715830,3,-4,2,20.7,Billing,-1,25,IVR,0,9,67.28,4,1.02,6.39,12.68,0.75,0.95,None,7.57,2
77ad0fa1-979e-4168-81c1-39b659c4d337,2025-09-15,CUST-137997,3,55,2,20.2,Billing,0,22,IVR,1,2,89.9,4,2.6,16.17,6.34,0.89,0.83,None,24.11,2
9139b9c7-3f0b-45c4-ab83-48532dc7629c,2026-01-01,CUST-710954,2,94,1,53.5,Service,-1,21,Web,3,7,67.83,2,6.69,5.79,15.04,0.31,0.96,None,16.29,5
2e09f89b-03df-4d82-b946-9696ebd1d8bf,2025-11-23,CUST-691365,3,77,4,15.6,Network,-1,11,IVR,3,5,77.94,4,5.41,5.53,18.21,0.46,0.55,None,7.34,3
a37d3b9f-ac40-4950-95a5-215f96ec3f52,2026-07-11,CUST-585196,4,-76,4,48.6,Network,-1,14,IVR,2,5,90.67,1,7.15,20.77,19.15,0.21,0.58,None,11,4
d739d13d-f85e-4df6-9a37-372162668653,2025-09-03,CUST-231418,4,-14,1,12.6,Technical,0,24,Web,2,4,86.06,3,2,11.02,15.46,0.19,0.6,None,27.84,2
67048369-825d-4417-b102-edd7acfaf035,2025-12-21,CUST-883421,3,-32,2,66.5,Other,-1,30,IVR,2,13,93.75,5,6.68,30.87,10.61,0.11,0.85,None,19.45,4
b8a71c3c-33e0-4fcf-915c-50c03da24485,2026-06-09,CUST-781476,4,-33,1,55.4,Network,1,1,IVR,3,2,64.95,3,0.61,34.02,7.1,0.64,0.89,None,7.66,3
fe8ebb9b-be41-46dc-ae46-c215a1ab76a4,2026-07-14,CUST-300823,2,-65,1,70.9,Technical,0,12,Web,0,5,79.37,3,2.46,33.77,9.29,0.94,0.75,None,5.33,1
61229685-7ff8-48dc-9454-42093ffa16ae,2025-09-20,CUST-782804,3,99,2,53.8,Technical,0,14,Web,1,3,84.75,2,4.53,26.08,7.92,0.4,0.71,None,27.21,2
7ed7cdc0-8440-419c-b9de-815d37b57539,2026-01-10,CUST-649720,2,27,5,36.6,Billing,0,9,IVR,3,13,84.23,2,2.21,7.52,18.75,0.41,0.75,None,5.98,3
f89b59df-473f-41a3-8a13-0638d19e22bc,2026-06-23,CUST-895664,3,-82,1,34.1,Billing,1,6,IVR,0,9,63.44,5,1.34,38.49,13.9,0.87,0.62,None,14.35,4
0ec513ed-f419-4ba4-8471-4977431dc417,2026-05-15,CUST-225382,3,78,3,11.2,Technical,0,30,IVR,1,5,84.22,4,0.57,20.66,3.64,0.28,0.52,None,29.39,2
d1759b65-950b-40d6-867e-da7fc35385e3,2026-02-02,CUST-291368,2,-27,3,33.7,Billing,-1,7,IVR,1,4,90.88,1,4.91,31.19,1.1,0.12,0.95,None,10.63,5
377aa002-2b62-49eb-afc8-de3aa520b85b,2026-03-20,CUST-186724,4,75,2,66.3,Billing,-1,23,Web,3,12,75.58,2,6.41,8,12.15,0.85,0.99,None,7,3
dd107ff7-9c83-4e22-9f4d-0f32dafe55d9,2025-10-15,CUST-526826,3,-23,5,50.6,Service,-1,17,App,1,2,86.35,3,7.32,13.68,15.93,0.77,0.55,None,24.93,4
2918994c-9b45-4b43-a453-708a88d80fd9,2026-06-05,CUST-839595,2,9,1,56.7,Service,0,28,App,3,12,85.13,2,4.45,13.32,2.4,0.63,0.91,None,12.24,2
8f2a8ed9-bd83-4720-a519-016debbf4715,2025-12-17,CUST-487012,4,24,2,20,Other,0,7,Web,0,7,80.43,3,8.27,11.18,11.62,0.62,0.93,None,19.49,1
3c0d6858-5081-4152-ad57-56100d614986,2026-01-22,CUST-701227,4,60,1,70.6,Other,1,9,IVR,3,2,86.01,5,2.05,34.91,13.61,0.83,0.89,App to Web,18.12,3
472432a2-756f-4e3a-bad7-921af8f7644c,2025-08-05,CUST-574763,3,54,3,57.9,Network,-1,4,IVR,1,9,85.13,3,4.03,10.78,2.92,0.7,0.75,None,20.13,4
7d9ec281-12b1-4fd1-b846-8d411a68c0fc,2026-05-04,CUST-606447,3,40,1,33.6,Service,0,17,Web,0,5,63.52,3,9.02,39.53,10.58,0.8,0.92,None,30,5
a4516f3f-4795-4c72-9e57-5e7446c5823b,2025-12-12,CUST-886612,4,-82,4,32.8,Network,-1,4,Web,0,5,61.15,3,2.81,21.98,1.7,0.91,0.63,None,11.07,3
02478875-4065-44b9-a7d4-47819d4af8d2,2026-07-21,CUST-872998,5,15,2,2.7,Billing,0,9,App,2,12,70.4,1,6.82,39.54,4.99,0.52,0.69,None,20.21,3
cc9b80e4-e599-43a1-b471-85cf8c161b0c,2026-01-18,CUST-389249,5,49,1,62.6,Service,-1,2,IVR,1,12,83.56,3,4.39,24.3,1.33,0.58,0.99,None,24.57,3
83c35a6a-d610-478f-b1b8-d46ad66e1ed7,2025-11-24,CUST-452106,2,-4,3,38.3,Billing,-1,24,Web,2,2,78.26,3,6.61,14.63,12.65,0.15,0.79,None,11.51,4
6e1da8a4-6515-4ff1-87f9-f27333c0a78a,2026-07-15,CUST-384394,2,-52,2,53.6,Other,-1,28,IVR,1,10,72.01,2,6.19,33.3,15.64,0.4,0.84,None,15.44,2
03c20b46-3c0a-4775-bf83-26e2a56a2e90,2026-03-08,CUST-809677,2,43,3,70.4,Other,-1,21,App,1,3,65.48,3,7.41,31.59,12.74,0.66,0.78,None,10.1,2
86ffb50f-a4f7-47ed-aca4-c3b8dbd61c38,2025-11-21,CUST-357975,2,-68,4,41.3,Other,0,17,IVR,1,1,85.44,2,1.38,38.85,14.9,0.43,0.93,None,18.21,4
9927ed85-3869-4215-a11f-11f432bb450b,2026-06-26,CUST-325304,4,20,2,31.3,Other,-1,28,IVR,2,7,68.07,1,8.16,11,13.83,0.66,0.96,None,12.76,4
6c4f7b43-6e23-4c82-860e-3ec8804be11c,2026-04-03,CUST-884663,5,30,1,49.1,Billing,-1,24,App,3,0,73.53,2,9.88,19.2,16.84,0.99,0.93,None,27.29,3
40fd5268-be0b-494d-8fb4-5edef8c61ed1,2026-04-29,CUST-388155,3,2,2,48.6,Network,1,19,App,1,5,73.9,4,1.72,10.07,10.59,0.38,0.73,None,7.73,3
d76aed46-e6ef-4eeb-acc7-e55bb719f68a,2025-11-05,CUST-523992,4,-86,3,45.2,Billing,-1,7,Web,0,2,71.32,1,8.23,30.77,18.61,0.78,0.75,Web to App,21.53,3
a84a7ee0-568a-4af4-9b33-c77145b67a30,2025-10-26,CUST-500512,5,-14,1,53.7,Billing,0,10,IVR,0,2,92.62,2,3.6,32.48,3.95,0.45,0.62,None,11.5,3
0ff8e0f8-6543-414e-b784-74f99b7966b1,2025-11-06,CUST-155878,3,-28,5,22.2,Billing,-1,14,IVR,2,2,72.95,5,1.5,9.09,7.3,0.87,0.51,None,13.09,3
11cabd30-3643-46fb-b36a-e16daad86665,2025-10-17,CUST-815701,1,62,5,4.1,Billing,1,22,IVR,2,2,65.06,4,6.58,36.33,8.47,0.73,0.87,None,17.32,4
f35d7152-1200-43ca-9f27-e52afe6323a3,2025-07-30,CUST-271058,3,-2,3,30.6,Billing,1,16,Web,2,10,77.93,3,9.44,11.62,18.6,0.2,0.7,None,9.93,3
9da20459-e2ef-4856-82ad-1efdef02dafb,2026-01-06,CUST-428250,1,54,2,5.2,Billing,1,22,Web,2,8,60.63,2,2.72,27.64,14.49,0.48,0.89,Web to App,26.1,1
a1c153a7-489c-47a2-991a-58e8abb6dceb,2025-10-10,CUST-697647,1,3,5,53.1,Service,1,26,App,3,3,67.65,4,9.11,14.23,14.78,0.71,0.88,None,26.94,3
abd6ad26-dfec-4b85-9101-27c55325f54d,2025-07-29,CUST-353692,3,100,1,2.7,Technical,0,16,Web,3,5,62.43,3,9.87,31.58,16.63,0.69,0.75,None,8.75,4
2b202000-fea4-4d64-be78-1417a35a2171,2025-09-27,CUST-413605,4,32,4,2.8,Network,1,24,App,0,11,76.95,3,3.44,11.61,2.69,0.83,0.9,None,29.27,2
627df6ed-ffe3-4fdf-bc6b-cba83238a371,2026-03-12,CUST-953673,3,-97,3,5.7,Service,0,12,Web,2,1,75.88,4,5.12,28.89,8.14,0.3,0.57,None,10.12,1
ef30d31d-b6c6-487c-bb0c-951766f32d20,2026-07-10,CUST-223839,3,-45,2,47.8,Other,-1,11,Web,2,5,73.34,3,3.3,16.27,1.43,0.98,0.89,None,26.13,2
185e460d-621e-45f0-9a8d-50b3fef16138,2026-04-25,CUST-582701,3,-48,4,56.7,Billing,1,9,IVR,0,13,82.18,2,8.2,11.35,8.34,0.51,0.82,None,10.2,4
377b45ba-57fd-41ba-9f55-2673e4204af8,2025-12-17,CUST-143967,5,83,0,70.7,None,1,0,Web,1,6,72.66,4,8.9,32.42,10.52,0.67,0.6,None,5.8,2
02d3fca8-c4e8-4fce-8db5-437ae9966438,2025-07-30,CUST-233603,5,68,5,34.4,Technical,1,17,Web,1,8,65.01,3,8.7,12.47,8.04,0.86,0.51,None,29.21,3
3f12e12d-0a9c-4364-89a5-722878f0ffd8,2026-03-16,CUST-707060,2,7,3,34.2,Other,1,24,Web,0,12,85.88,4,5.23,31.33,18.3,0.95,0.68,None,21.71,3
bfb7d1da-f31d-49f7-8ea2-a3d7b9a3d283,2026-06-29,CUST-591750,2,-50,3,23.6,Other,-1,15,App,0,0,65.9,4,3.59,18.48,4.52,0.43,0.84,None,21.26,4
23e3b1fc-dce8-4928-9f3e-7bb0b772b52a,2025-12-23,CUST-797657,1,-41,0,41.4,None,1,12,App,1,1,92.77,4,8.23,36.73,19.83,0.52,0.91,None,18.01,2
e2994743-8217-4c26-9003-c639396bc34d,2026-02-19,CUST-127193,4,38,4,7,Service,0,12,IVR,1,10,60.6,1,1.84,9.44,1.67,0.3,0.57,None,8.37,5
8413a605-a356-4be2-8d01-2c888828ec8c,2025-12-07,CUST-935006,3,92,1,69.1,Billing,-1,23,IVR,0,13,83.09,2,9.15,13.39,10.93,0.85,0.5,None,10.15,1
6830f14f-279a-4406-9601-fd880726c48b,2026-06-28,CUST-486831,2,58,4,19.5,Technical,1,11,App,3,3,81.67,3,3.76,30.84,13.86,0.75,0.63,None,21.05,3
197cb406-78b4-486c-8abb-2d9d8b76f745,2025-12-01,CUST-857408,4,89,3,6.6,Billing,0,0,App,0,0,83.49,5,7.41,10.9,5.6,0.23,0.91,None,15.75,2
0e5bd843-1078-4c5f-aca4-34583adf31a4,2026-01-22,CUST-636039,4,-15,2,5.7,Service,1,6,IVR,3,13,72.51,1,8.35,14.3,19.44,0.83,0.61,None,7.34,4
7614b375-0d73-4991-8624-2ce89731e460,2026-02-07,CUST-612791,3,-44,4,24.7,Network,0,22,IVR,2,12,77.84,2,3.45,38.53,1.64,0.81,0.65,None,16.61,2
ce64b558-a36e-4b66-9821-7f33a1289575,2026-05-09,CUST-251820,2,-20,0,45.4,None,-1,18,Web,0,12,85.5,5,4.38,9.51,3.22,0.77,0.89,None,12.11,1
20e8ad1d-1261-4e8c-bf33-68d1f270dc68,2026-03-23,CUST-545361,3,-58,5,57,Billing,1,16,IVR,0,4,94.18,4,3.37,23.62,6.64,0.45,0.99,None,25.49,2
2e681f6e-ff03-4401-bd1c-9be2b1262fbe,2026-04-20,CUST-735137,4,-95,5,33.7,Billing,-1,13,IVR,0,1,89.1,2,0.55,5.04,5.68,0.97,0.58,None,5.32,5
1fb89f8a-e294-494b-aa70-0615587aa742,2025-10-05,CUST-792884,3,58,4,52.5,Technical,1,17,IVR,3,3,87.49,1,1.68,9.27,7.44,0.78,0.93,None,26.09,4
cbd1da48-350d-48a3-9cfd-2da64de66bf4,2026-01-14,CUST-390301,3,87,4,18.3,Other,0,1,IVR,2,3,91.63,2,9.79,17.31,4.92,0.51,0.77,None,26.3,3
e51ff116-6a5c-4ffe-86b7-21e5387914f8,2025-08-19,CUST-218928,1,-64,5,10.8,Service,-1,27,Web,1,3,84.78,3,8.36,22.9,1.11,0.32,0.55,None,7.96,2
c358f5e5-2116-474e-a14b-322fdda1fb9b,2026-02-12,CUST-370525,3,-79,1,65.9,Billing,0,11,Web,1,3,82.27,2,8,25.56,6.66,0.97,1,None,25.27,5
f4e5e008-659b-4a41-be72-55634eef514c,2026-06-08,CUST-312938,4,-86,4,18.6,Network,-1,12,IVR,1,9,75.25,3,1.28,18.79,19.02,0.54,0.93,None,7.11,1
6b773153-1107-46bd-8e63-1b84065f7159,2026-01-11,CUST-711610,4,78,4,35,Network,1,4,App,2,5,63.87,2,2.86,9.29,12.26,0.41,1,None,13.71,2
1d5a06bd-061c-4d34-88df-2b9a4df429b2,2025-12-06,CUST-678345,3,79,1,35.4,Billing,1,18,App,3,5,66.61,4,6.57,24.71,5.32,0.38,0.71,None,16.52,5
9acc47ef-84ef-472d-8dd5-49393a1f29e5,2026-02-11,CUST-101993,1,-33,1,57.7,Service,1,29,Web,2,13,66.39,2,8.05,30.52,17.48,0.91,0.8,None,29.64,1
23d3b3ce-c451-4a87-8cf9-c9c10e28499e,2025-10-31,CUST-117475,5,-5,4,21,Technical,-1,5,Web,0,5,74.31,4,9.17,16.89,15.86,0.51,0.6,None,7.94,4
7e95b399-eb49-46f0-b179-d55b42cb3217,2025-10-14,CUST-446413,1,8,5,13.8,Billing,1,29,IVR,1,3,83.87,2,4.09,21.12,10.1,0.94,0.99,None,12.75,2
75fc9f4e-0326-4f2d-8a0a-9aa0ce1da0c2,2025-09-06,CUST-607239,4,59,4,50.8,Technical,0,17,App,2,9,83.59,4,2.37,14.7,9.27,0.97,0.63,Web to App,9.3,3
f4583019-20b1-4b8f-8e60-b58e35a9ad82,2026-01-08,CUST-164452,4,43,1,43.1,Billing,1,25,Web,2,1,90.98,3,1.17,10.46,15.37,0.68,0.56,None,27.43,4
11d91123-4adc-444f-8f74-e834ce543f70,2025-08-21,CUST-235010,5,-30,1,8.2,Service,0,15,IVR,3,6,80.57,2,2.29,28.41,12.38,0.29,0.71,None,5.89,2
fe700203-8fa9-43be-830d-40215097e8c7,2025-11-20,CUST-836409,2,31,3,2.7,Other,1,4,Web,1,13,70.04,1,6.77,19.63,5.38,0.9,0.53,None,10.28,2
998f9551-9220-4a1b-b6a1-1979db97eda0,2026-01-07,CUST-337141,3,-72,4,39,Service,1,19,Web,0,12,86.6,4,0.9,28.13,3.46,0.33,0.88,None,29.69,2
6ece6c1e-b6ba-4ae4-ab07-063177434b08,2025-09-30,CUST-993343,4,-31,3,10.6,Technical,-1,13,App,1,3,61.06,4,9.89,26.42,6.62,0.11,0.6,None,21.21,5
9c2266c3-cf90-4b84-b412-d8f4eee390be,2026-03-24,CUST-638367,3,-52,4,7.8,Billing,0,11,IVR,3,6,90.3,2,7.42,17.73,7.25,0.37,0.65,None,20.66,4
9042dc21-a72e-49a2-8369-473b5e9da3e4,2026-01-17,CUST-379551,4,52,2,62.6,Service,0,5,IVR,2,10,87.14,2,7.23,31.67,8.27,0.68,0.98,None,10.17,4
3fdeb51d-d5cd-47af-a93b-c0141c8e4faf,2026-06-11,CUST-610435,5,-62,2,46,Technical,0,20,Web,1,7,93.22,3,6.08,28.57,17.85,0.62,0.83,None,6.15,2
63084c8f-ae22-4c99-9b60-360df7ca5b1a,2026-04-03,CUST-909560,2,-6,0,71.8,None,-1,12,IVR,3,7,68.88,2,1.13,11.7,1.64,0.8,0.86,None,7.05,3
6c45a39b-4421-4430-aefa-e8a63650f4fe,2026-06-29,CUST-548794,1,-62,2,29.1,Service,0,8,Web,2,7,66.48,2,5.41,13.49,1.35,0.85,0.54,None,20.42,3
36344fa2-8bdc-464f-b3de-16689418fcca,2025-08-10,CUST-887020,3,-97,4,61.8,Technical,0,3,App,2,9,77.02,2,8.13,20.53,13.31,0.99,0.94,None,20.35,4
d0ecd2f5-89c1-45d6-8e46-c36ab3d8a787,2025-10-17,CUST-154542,4,9,3,14.5,Service,0,24,App,0,6,83.55,4,8.08,15.73,3.99,0.21,0.8,None,24.04,3
6f490258-a006-443f-9da2-72c58e265b87,2025-08-10,CUST-380438,5,-93,3,34.2,Technical,1,23,IVR,1,13,89.2,4,9,9.42,5.95,0.5,0.71,None,5.2,2
4e9f5c66-66bf-466e-a375-21d107f0397f,2025-11-03,CUST-956556,5,85,1,42.8,Network,-1,6,IVR,3,14,91.08,5,1.79,33.3,2.07,0.19,0.57,None,22.99,4
6fb90426-4bb3-4971-b41a-9ebd93ecff11,2025-10-01,CUST-196911,2,-79,2,64.4,Other,-1,12,Web,3,3,67.14,4,8.61,28.9,13.42,0.45,0.9,None,6.63,1
df130007-5512-4b8b-864e-998fe448e735,2025-10-03,CUST-482692,2,-97,1,39.7,Billing,0,11,App,2,6,66.72,3,6.21,6.6,10.48,0.97,0.88,None,10.21,3
5fe739dd-9970-4abc-a2e0-e954b2e3368b,2025-12-17,CUST-329816,2,69,3,15.5,Billing,0,2,Web,1,5,86.18,2,0.29,24.45,17.38,0.47,0.82,None,10.48,2
b036a9b4-89b8-44e4-80e7-6d08822c5313,2026-04-28,CUST-687677,4,-37,5,31.8,Technical,0,17,IVR,1,11,60.07,1,9.38,30.8,11.7,0.39,0.96,None,5.27,1
3a92bd53-0d3d-413e-bbc0-da83d0502077,2026-07-14,CUST-395293,4,71,2,64.1,Service,-1,28,App,2,3,76.14,4,0.51,23.97,2.02,0.17,0.73,None,25.38,4
4f7c3a9f-f689-4e4b-b945-b11b36223bfb,2025-12-13,CUST-480920,5,-62,2,43.7,Other,-1,2,IVR,2,6,71.44,1,1.3,8.26,6.81,0.36,0.59,None,24.09,1
769ae2da-1e75-439e-9163-e4c2f67e1f28,2026-07-20,CUST-767515,4,46,1,24.7,Other,0,23,IVR,2,3,85.3,2,5.8,23.78,19.67,0.3,0.88,None,7.06,4
c3a71d90-fcb2-4de2-8eb1-30d15944f616,2025-11-08,CUST-123523,1,75,2,32.3,Service,1,5,Web,3,3,81.44,2,7.64,14.37,14.12,0.13,0.63,None,14.39,4
2c2192c2-813a-4615-b3f1-98fd85cfbc72,2026-03-26,CUST-304920,3,-90,4,14.2,Technical,-1,28,App,2,6,71.21,4,0.85,28.84,15.91,0.98,0.5,None,10.97,2
c01a2153-256d-4532-bebe-fc0f2204a775,2026-06-12,CUST-165757,5,1,4,35.5,Technical,1,25,IVR,3,1,79.04,1,8.82,7.08,11.42,0.91,0.72,None,26.17,3
8bb2559b-288e-48a5-ad21-5c6be5aed5e1,2026-04-28,CUST-919499,3,-67,4,32.9,Service,0,16,Web,3,14,83.1,2,6.4,11.94,11.65,0.36,0.91,None,26.32,4
4635fded-5d0b-4808-8b71-a4ca295216e2,2026-07-14,CUST-880467,2,-38,4,45.1,Network,0,15,IVR,2,11,92.26,3,3.66,36.99,14.09,0.55,0.91,None,20.03,2
effb9bfa-f425-4355-811b-16bc8c9b61d4,2025-11-26,CUST-257407,3,14,4,34.3,Network,0,1,App,0,13,81.96,1,3.63,17.03,2.81,0.83,0.86,None,25.93,5
67bc5166-4143-4aa5-91d5-c324ec9ae28e,2026-06-08,CUST-461575,2,18,2,71.9,Service,1,24,Web,2,8,92.73,1,3.52,32.84,6.68,0.74,0.62,None,16.69,2
05616514-3172-458b-83bb-93ee980f8d0b,2026-01-05,CUST-819513,1,18,1,13.1,Service,-1,28,App,3,7,74.57,3,6.3,28.57,12.62,0.91,0.83,None,27.55,3
6084be16-3b85-43af-916d-b045a5bf6717,2026-02-17,CUST-433977,2,20,3,19.5,Technical,-1,2,Web,1,12,69.53,4,7.83,5.48,6.62,0.37,0.97,None,13.23,4
1b536060-54e2-412f-87b7-20616ec9e72f,2025-10-14,CUST-202509,2,-19,0,37.2,None,-1,25,IVR,2,4,71.77,1,9.43,26.18,14.13,0.85,0.66,None,16.95,3
8879850b-a370-4b4b-9f63-7c0b665eb0ac,2026-01-25,CUST-945395,1,40,2,15.3,Service,-1,25,App,2,13,82.17,2,7.62,29.95,17.35,0.84,0.99,None,11.51,4
b2a2e4a6-68a7-4137-8346-7efe466682a8,2026-07-13,CUST-572352,5,7,5,56,Billing,0,8,App,2,8,66.37,5,0.46,34.94,4.64,0.99,0.79,None,28.16,4
93893e00-e4d4-4496-8bd3-e014b23f6a47,2025-10-12,CUST-571194,4,-19,1,59.9,Technical,-1,24,IVR,0,12,73.55,2,4.65,37.62,16.3,0.55,0.8,None,15.15,4
f038e610-fe1d-48a5-b238-09155ed50cda,2026-05-23,CUST-147313,3,-61,3,43.7,Other,-1,23,App,2,13,61.65,1,0.93,30.13,11.52,0.26,0.74,None,8.63,3
dc8fcc60-cd96-4f34-a8d5-6a62cdd2e4c2,2025-11-22,CUST-879044,4,-95,2,68,Network,1,28,Web,0,8,60.46,2,6.67,38.73,16.19,0.72,0.75,None,26.83,4
e6485b0c-7bf5-4108-8481-739f2c99b4d2,2026-01-25,CUST-918537,5,-92,5,18.2,Network,-1,17,IVR,2,12,65.77,4,9.16,5.17,3.36,0.36,0.98,Web to App,24.5,3
02ec6e6d-c22a-4c35-b1a0-1eeb00a8ec15,2026-04-09,CUST-912984,4,68,4,57.4,Other,0,22,IVR,1,9,73.54,5,9.16,15.45,7.35,0.12,0.64,App to Web,12.52,4
148644b0-0bf3-405f-895f-6f7f7570952a,2025-11-26,CUST-757348,2,44,1,36.6,Other,-1,16,IVR,1,2,88.98,4,7.15,5.21,9.34,0.76,0.98,None,29.98,2
186d67bf-91a6-4eca-b2bd-98dc22685f89,2026-03-30,CUST-220508,2,-74,3,42.5,Billing,0,0,Web,0,5,74.18,4,6.79,36.73,5.63,0.17,0.55,None,13.73,2
8e4593ac-cc9a-42e2-a3b3-7fce5636b308,2025-09-07,CUST-445928,3,-79,2,48.3,Billing,0,17,IVR,2,1,70.46,1,0.83,35.25,8.78,0.51,0.55,None,29.39,2
6827dc40-4b5b-4913-bce1-5c6727f2a819,2025-12-06,CUST-249335,1,-48,2,22.6,Billing,-1,8,Web,0,6,74.96,3,5.89,26.36,2.83,0.93,0.84,None,27.36,3
8f668a96-4386-4a08-8aaf-3498c3829f2c,2025-08-05,CUST-574131,2,-29,5,47.6,Service,0,19,IVR,2,4,61.87,4,7.95,34.61,1.46,0.58,0.81,None,24.86,2
2b2e194c-427e-41c2-9ea7-e3b0e9376695,2026-05-25,CUST-565606,2,99,1,48.5,Network,1,9,IVR,2,8,61.96,2,3.35,12.39,5.14,0.77,0.63,None,24.71,4
de1091a0-c85a-4bef-b56d-85ab87f64bf0,2026-01-03,CUST-200345,3,82,1,64.1,Network,-1,9,Web,1,11,71.73,3,7.65,14.82,3.75,0.9,0.54,None,26.17,4
641c02f5-7c7f-4f84-b1e7-5ea032a94c98,2025-09-21,CUST-328576,4,-97,4,43.9,Service,1,18,IVR,2,10,74.65,3,1.68,6.72,5.3,0.41,0.57,None,10.47,3
3e85d978-d8f4-44ea-9e1d-79dd3cf03965,2025-10-09,CUST-557321,2,40,2,16.6,Service,-1,3,Web,2,5,80.65,1,4.93,21.16,16.77,0.47,0.56,App to Web,20.41,5
b1464370-dfc3-4c42-9169-14ff79b31317,2025-11-20,CUST-655200,4,-86,4,65.8,Other,-1,6,App,0,1,69.63,1,0.49,29.67,1.58,0.95,0.86,None,18.19,3
14f8dff2-6954-4d0c-868a-616fc9227dcd,2025-08-01,CUST-242711,2,-3,3,34.5,Other,0,13,App,0,8,77.3,2,5.49,13.89,7.62,0.77,0.95,None,22.51,2
33770a91-bf29-4ff5-b4e5-4cb58a93fbe7,2026-03-01,CUST-721674,5,15,0,2.1,None,0,14,IVR,0,7,85.66,2,4.42,32.14,7.21,0.89,0.57,None,16.93,4
395ba196-e4f1-465b-910d-8667c4a46c96,2026-03-26,CUST-687926,2,-49,2,4.6,Service,1,28,Web,0,2,63.74,2,3.21,21.16,9.12,0.13,0.57,Web to App,15.9,4
90851281-3cc9-46e9-8433-c2d0060b62fc,2025-08-28,CUST-240588,4,96,3,63.1,Service,1,17,Web,1,6,74.83,3,1.11,30.77,19.51,0.38,0.6,App to Web,27.68,4
5d0c7208-4db8-45da-8b2b-37d74c5c255d,2026-06-17,CUST-734222,4,68,3,35.3,Service,-1,10,IVR,2,7,80.77,3,5.48,21.17,3.86,0.92,0.64,None,29.57,3
7e7738b8-33c3-4350-ae29-c63c3fe62be2,2026-04-16,CUST-178952,2,17,0,55.9,None,-1,6,App,2,13,65.73,3,5.72,35.3,1.2,0.62,0.96,None,18.21,3
b897277b-2fc1-4955-afa6-e34781d261b2,2026-01-31,CUST-497767,2,-89,1,11.6,Other,0,6,Web,0,2,63.54,5,8.53,8.02,14.18,0.9,0.67,None,23.24,5
4571622c-1395-4b41-b66b-ff366eace4da,2026-05-03,CUST-880431,4,-20,2,27,Technical,1,20,Web,2,2,62.95,5,5,34.62,7.23,0.6,0.55,None,14.99,1
edfbc91c-1127-4dbc-be13-b5f88fe1e26a,2026-03-01,CUST-687024,2,10,4,59.3,Network,-1,16,App,1,8,72.96,2,6.3,34.73,13.73,0.36,0.74,None,17.22,5
e67825d1-bf47-4fa7-9d35-282ac06417cc,2026-05-16,CUST-195240,2,-30,0,63.8,None,0,25,App,1,12,91.68,3,1.96,27.92,3.15,0.49,0.76,None,12.86,5
13a0e3d3-8017-42dd-b08e-a8daa57cb75b,2025-08-26,CUST-292429,3,-93,4,40.8,Technical,-1,30,App,2,3,89.26,4,1.08,5.65,3.08,0.38,0.55,None,5.09,5
c1ee04f4-9511-442c-816a-6eb42a28b463,2025-08-05,CUST-785343,4,-41,1,19.9,Technical,1,9,App,0,9,80.35,4,0.42,24.55,9.33,0.63,0.91,None,15.48,3
faa16b6f-de8c-471e-84eb-dd1c54de7bf1,2025-12-29,CUST-387163,3,-55,0,41,None,0,10,Web,3,4,80.6,3,4.62,26.98,11.12,0.77,0.93,None,11.57,3
710c0569-f808-4473-90c2-8d2eea36ba47,2026-05-22,CUST-468442,1,5,1,7.9,Network,-1,30,App,1,1,68.29,2,5.06,37.15,18.52,0.75,0.59,None,10.24,4
7be2e3e4-4273-4b2f-b6e2-2e0ae3d94e5d,2026-04-18,CUST-740726,3,-67,3,35,Technical,0,22,IVR,2,9,76.84,3,4.43,37.23,8.59,0.15,0.52,None,16.07,4
bd022668-6878-434e-ab47-558630675bf3,2025-11-07,CUST-862995,2,36,3,25.9,Other,-1,21,Web,3,3,61.12,3,6.38,7.32,2.57,0.34,0.64,None,23.39,5
aa12e268-9b26-4ebb-8b9a-5862d110e81b,2025-11-28,CUST-249826,4,-75,2,65.2,Network,1,19,Web,1,6,87.6,2,2.3,34.3,6.96,0.36,0.89,None,6.94,3
060d574a-146b-4cf7-8198-cc2218c9c804,2025-11-06,CUST-284845,2,-32,0,51,None,-1,0,App,2,2,66.59,5,3.12,21.58,3.76,0.81,0.87,None,15.18,1
450e1eac-6f70-49bc-b3b9-56351f815065,2026-01-13,CUST-757597,3,52,2,16.9,Service,-1,20,App,3,14,70.72,2,0.74,8.94,19.49,0.47,0.99,None,23.35,3
0e1da5b2-f7c7-43b3-8013-0904de04c326,2025-07-30,CUST-177743,2,66,1,8.4,Billing,1,17,App,1,10,66.07,3,0.52,33.54,15.19,0.93,0.59,None,14.61,3
aac8cb27-7a7a-4ac8-a4df-68d25f6c9b35,2026-03-28,CUST-213867,1,-74,2,68.5,Technical,1,19,App,0,6,92.64,4,4.33,39.07,19.85,0.63,0.68,None,28.76,2
84029c25-54c9-4c32-abf8-c1661b5da943,2025-11-08,CUST-908488,1,58,2,38.6,Service,0,26,Web,2,7,78.84,3,6.9,11.08,13.02,0.1,0.61,None,12.05,2
24a5c4fd-445d-493f-a297-48333bbbec9e,2025-08-24,CUST-563917,4,-66,3,47.8,Service,0,28,Web,0,0,68.92,2,4.02,39.65,12.79,0.88,0.69,None,11.11,1
bf57710b-37d1-4cc4-a6d6-0abed58845d6,2026-05-07,CUST-151037,4,-75,4,26.3,Technical,-1,12,Web,3,12,86.15,4,3.88,33.15,19.72,0.67,0.59,None,14.33,2
5bedc421-bb4e-4ed4-a777-47f73e9a1a8d,2026-05-08,CUST-913593,1,-34,3,11.7,Technical,0,7,App,2,7,75.72,4,1.21,24.11,15.61,0.51,0.79,None,25.56,1
ee56812a-e593-4c71-b0fe-f0008eff4791,2026-07-06,CUST-994893,4,3,3,63.7,Billing,-1,12,Web,2,8,61.05,3,9.17,34.23,6.4,0.29,0.93,None,8.17,4
847666e1-3565-4e13-92b6-bbb564fee17c,2025-10-06,CUST-208253,2,84,4,1.7,Technical,1,22,IVR,2,0,92.85,3,3.48,37.6,18.13,0.24,0.59,None,28.11,3
3ed0b0ae-3519-48f8-872e-2cce10e69552,2026-01-19,CUST-146408,2,-3,2,23,Service,-1,29,Web,2,1,74.08,2,1.71,11.09,9.68,0.69,0.69,None,5.26,4
ecb17b76-bd9c-4d3a-bea0-6cd54070eb58,2025-10-11,CUST-212095,2,-1,5,60.2,Service,0,7,Web,3,8,92.86,3,9.53,34.98,8.54,0.4,0.9,None,28.84,3
0e89dd8e-2b0d-46a4-ac1f-f3529f8e69c6,2025-08-30,CUST-177788,2,-87,5,8.4,Other,-1,23,Web,3,7,82.91,4,3.48,17.75,9.49,0.91,0.89,None,16.87,4
2ae4b7d6-569d-4985-92a9-3716006c0dbf,2025-12-01,CUST-736586,5,72,0,35.6,None,0,23,IVR,1,2,65.22,1,5.41,7.17,11.09,0.75,0.82,None,17.95,5
eef19e12-f89d-4988-badb-1f1f10334a4a,2026-06-24,CUST-204761,4,-91,2,70.1,Network,0,16,Web,1,7,79.8,3,6.51,14.37,9.71,0.19,0.71,None,13.85,4
ec543074-a3d3-464e-8dc3-a34b990ae8bc,2026-07-07,CUST-477027,2,-6,4,9.2,Billing,-1,4,Web,1,6,74.86,3,0.59,39.17,17.04,0.61,0.61,None,5.76,5
9330e695-a00c-4030-9892-d5604a0d49b5,2025-07-31,CUST-553162,2,47,1,40,Network,1,15,IVR,2,8,71.91,2,0.15,19.05,17.82,0.97,0.87,None,24.84,5
e0e86a4c-74ff-42ca-96af-8dfee8f1b77c,2025-10-26,CUST-362719,2,70,1,1.2,Other,1,9,App,1,13,92.25,4,2.82,35.07,11.91,0.28,0.69,None,15.76,2
56dfcea7-4789-4612-a175-8453ba1d63ac,2025-10-05,CUST-697367,2,68,3,37.7,Network,1,13,Web,0,7,60.21,4,1.82,13.9,11.91,0.9,0.82,None,27.17,2
92256970-d5d5-45cf-9b3a-47e938c0a854,2026-02-14,CUST-527664,2,68,2,49.3,Network,1,4,App,1,0,92.71,3,3.55,24.19,11.01,0.17,0.73,None,6.39,1
4f254c00-7ae2-4025-bdc3-8f8ceb3ba1dd,2025-08-29,CUST-384519,1,2,5,60.5,Other,-1,3,App,3,13,62.49,4,8.25,34.02,16.79,0.97,0.9,None,24.79,1
08d24912-0064-4498-82ed-bd493a3aabb2,2026-01-16,CUST-691526,1,60,1,53.8,Technical,0,20,App,1,2,67.22,2,8.73,34.95,3.1,0.76,0.98,None,10.35,1
9ebb8a2f-6811-457f-b4ef-e379e879777a,2026-01-25,CUST-936906,2,-12,3,22.5,Other,-1,16,Web,0,6,78.57,3,2.05,17.44,7.87,0.38,0.91,None,25.95,4
e643021d-0e28-44f9-bd89-1bdffbcc681a,2025-10-10,CUST-919985,2,100,3,42.5,Network,-1,15,App,1,11,81.27,1,1.18,19.02,15.49,0.73,1,None,22.82,5
6ee9535c-8da3-4163-b567-1000f5568b0d,2026-01-15,CUST-312553,5,7,1,38.3,Service,0,0,Web,3,3,66.57,3,8.41,17.97,12.72,0.78,0.67,None,13.06,3
8a3ae914-9b84-4530-85d4-c691d7e7567b,2026-06-13,CUST-379022,2,81,0,68.9,None,-1,27,Web,2,12,82.78,4,6.66,27.92,1.75,0.94,0.82,None,8.87,4
f34a9e4b-1ff7-470a-b392-eaed4d8a9583,2025-09-04,CUST-598942,2,78,1,67.6,Other,1,20,App,2,10,79.43,1,5.09,28.68,8.29,0.87,0.81,App to Web,8.96,1
597f8536-e146-4e0d-9d1d-4845d098a8fa,2025-07-26,CUST-856327,3,-11,1,7.7,Billing,-1,11,App,2,3,79.73,1,5.88,25.16,3.67,0.7,0.84,None,27.76,5
58b3d049-d2f6-4798-9f4f-415b365158e1,2025-12-19,CUST-975736,4,-80,4,58.4,Network,-1,11,App,2,9,63.87,4,7.74,28.73,7.76,0.14,0.77,Web to App,17.7,3
fda018a7-0e08-41da-acf2-2f9b90dce6ef,2026-05-30,CUST-471016,2,59,2,63.7,Technical,-1,24,App,2,13,93.69,4,9.85,35.45,9,0.25,0.88,None,14.52,4
0da9efb5-ec93-4702-8058-49fc58e55100,2025-09-12,CUST-434771,4,-72,1,19.2,Billing,-1,13,IVR,2,3,77.16,1,3.35,35.15,6.67,0.49,0.65,None,25.74,2
31a1563f-9361-4b04-93d9-6bff1324ee0d,2025-12-04,CUST-526731,1,-88,2,47.1,Service,-1,6,IVR,2,9,81.72,4,2.71,32.06,3.64,0.28,0.87,None,16.65,1
5135a15c-b95e-473b-909b-74535dd72605,2026-06-08,CUST-454992,2,-17,3,20.1,Other,1,6,Web,2,3,69.7,3,9.77,38.48,8.99,0.24,0.96,App to Web,28.58,2
8ef0a78a-3b71-4910-8d47-78572ab61929,2026-04-03,CUST-338193,3,21,5,57.7,Technical,0,4,IVR,1,8,65.26,3,4.33,10.78,17.14,0.6,0.86,None,24.06,1
3e6ec9c4-7fc7-4da8-9359-1b468b1836e0,2026-05-20,CUST-664651,4,65,0,45,None,0,14,IVR,1,4,86.33,4,6.21,18.39,17.82,0.82,0.9,None,25.64,2
c4be5e32-bc9e-40e2-a056-b50f99a135e0,2026-04-25,CUST-104939,1,64,5,21,Technical,-1,4,IVR,1,14,67.58,5,6.88,24.37,7.8,0.4,0.61,None,8.7,4
07a94364-85ba-4464-823a-f4cb2c43e57b,2026-06-22,CUST-753817,1,-85,3,10.6,Technical,-1,7,Web,0,12,88.29,4,0.51,7.93,19.59,0.95,0.73,None,25.96,3
066eec2d-51d9-4abc-b82c-50f3f947b3ae,2026-06-01,CUST-918490,4,20,2,17.5,Billing,0,22,Web,1,1,91.34,4,2.62,8.53,18.63,0.34,0.68,None,17.59,2
797cefd3-3dc8-4ddc-aa09-461c8fa29917,2026-03-23,CUST-352269,1,-42,5,21,Billing,1,5,Web,3,11,67.07,1,4.18,7.59,10.87,0.28,0.79,None,20.29,3
79e6a18a-35e9-4bb8-9755-dee5e5bc5809,2026-02-02,CUST-336431,2,-24,2,23.8,Other,1,8,IVR,2,11,65.13,3,7.56,17.57,9.05,0.33,0.56,None,15.22,3
42119b09-c263-44d0-ac9d-d1b91f961fb4,2025-10-29,CUST-396610,3,74,5,44.5,Other,-1,7,App,0,13,92.89,1,1.38,20.35,11.24,0.68,0.66,None,26.6,4
f2526176-8911-43a6-b457-0f7705ac1a90,2026-04-14,CUST-739738,2,19,4,29.9,Technical,0,4,IVR,2,13,92.64,4,8.98,14.05,18.08,0.77,0.67,None,16.16,2
8cb93378-4e1f-41aa-bf75-4ba0922949c7,2025-08-25,CUST-312302,5,93,0,56.2,None,-1,27,App,1,12,89.82,2,6.43,7.72,1.33,0.58,0.77,None,17.54,2
a8149eff-aa76-4a50-864e-1c99dbd72958,2025-11-13,CUST-553297,5,-39,0,41.6,None,0,6,Web,2,9,60.73,1,1.92,29.24,19.21,0.49,0.79,None,20.94,3
3b3ac7d2-375a-47cc-a4d5-2875812fc325,2025-11-20,CUST-851777,5,93,1,8.2,Network,-1,24,IVR,2,11,89.88,4,0.81,14.32,11.51,0.87,0.99,App to Web,28.2,3
962c341c-6087-4b27-b474-98c62d074c15,2026-02-02,CUST-554624,3,11,4,40.8,Billing,0,20,IVR,2,12,60.36,2,1.14,29.65,15.2,0.87,0.53,None,26.55,3
fbcfecb7-2faf-48a0-9ecc-dd060225072e,2025-11-08,CUST-938995,3,-93,0,54,None,1,17,Web,1,4,67.65,4,5.9,13.02,15.74,0.33,0.65,None,25.3,5
c39cf6b3-5913-43e8-af34-80f0c225dda6,2025-08-25,CUST-420365,3,15,0,59.8,None,0,15,Web,0,7,76.86,2,7.44,12.3,16.7,0.15,0.94,App to Web,28.13,3
3fd40831-56c9-4ca9-87b4-4f09ba8f8c98,2025-12-20,CUST-987879,2,45,2,36.5,Other,-1,12,App,2,4,94.26,1,1.4,24.26,4.9,0.99,0.68,None,15.26,1
a260351f-d3c2-41a2-8c25-d0e358846be8,2025-11-10,CUST-421193,1,-6,2,64.1,Other,1,8,App,1,11,86.2,3,0.35,28.41,8.04,0.19,0.74,None,17.07,3
67d0fe17-34c0-4c43-8595-a167bc87f209,2025-09-14,CUST-943087,3,44,2,54.8,Network,-1,1,IVR,2,8,67.56,1,6.64,5.25,2.7,0.86,0.93,None,24.96,3
cc6773f9-a16b-4932-8c1d-1c87bafc06bd,2025-08-31,CUST-209342,3,75,3,23.4,Service,1,21,IVR,1,6,79.63,5,7.55,37.27,3.04,0.76,0.82,None,22.03,4
d5087668-840b-42cc-b749-7167ba536e66,2026-02-11,CUST-674125,2,-8,3,21.3,Billing,-1,10,IVR,2,1,65.66,5,8.18,37.39,5.97,0.3,0.91,None,24.51,3
1d14236b-dca3-46d3-874f-7c358f964f43,2026-03-14,CUST-210408,5,-69,1,17.3,Billing,1,9,IVR,1,6,81.18,4,9.71,12.49,19.77,0.85,0.5,None,16.22,4
3aa30bba-95c1-4e97-b101-891fe93fda9d,2026-07-02,CUST-542369,2,-41,2,65.2,Other,-1,1,IVR,1,7,69.41,2,2.92,15.88,12.19,0.51,0.57,None,10.19,2
224c8bb9-3d02-4f23-90d2-c6fff1c9df6f,2026-02-23,CUST-467593,2,-25,0,51.5,None,-1,27,Web,3,10,64.5,4,0.88,33.26,1.15,0.79,0.76,None,10.46,1
09526554-e013-4f96-8b4d-5a7d7cd82122,2025-10-08,CUST-548273,2,-39,3,46.2,Service,-1,7,IVR,0,4,61.27,2,0.66,8.04,6.95,0.1,0.99,None,5.49,2
2362c6d5-292a-40e0-9acb-bdf40e296219,2025-10-10,CUST-458418,1,74,1,29.7,Other,0,27,Web,0,5,62.53,5,7.77,22.61,14.48,0.13,0.92,None,13.1,4
5381e958-9363-45b1-a084-8eb278c2d4a6,2026-06-30,CUST-391676,2,12,4,14,Other,0,26,IVR,2,2,91.48,2,6.71,17.84,17.31,0.66,0.63,None,5.36,4
8b88f7d4-fa8a-4cf6-a979-c518144bb834,2025-09-07,CUST-854005,4,-76,3,59.5,Service,0,1,App,2,9,78.25,4,9.99,5.38,4,0.17,0.72,None,7.26,4
d9b94a65-9041-422e-bebe-52d2416ff482,2025-10-11,CUST-123127,1,-75,1,14.8,Technical,1,4,IVR,3,6,79.28,3,8,28.62,9.89,0.26,0.53,None,29.23,5
41c0102c-42c3-402c-951b-6635fa0a4c77,2025-08-24,CUST-894342,5,-44,4,55.9,Other,0,11,IVR,2,7,60.48,2,6.04,12.52,6.5,0.82,0.68,None,18.93,5
5d98ec05-809a-4118-a3f2-6bd7c11a657f,2026-02-16,CUST-857824,1,-81,3,68.6,Other,0,4,App,3,2,89.4,2,2.91,14.12,10.5,0.4,0.74,Web to App,6.93,3
039b1f66-6a21-4fcb-b68b-14d4f83967ef,2026-04-22,CUST-810669,3,-55,1,10.1,Billing,-1,9,Web,0,5,69.05,3,9.21,26.98,17.68,0.17,0.51,None,26.48,2
3082e084-d0a3-4722-9494-a6e2234120ab,2026-01-24,CUST-649973,3,-4,3,8.8,Billing,1,23,Web,2,10,79.75,2,9.08,13.69,10.35,0.81,0.92,None,26.35,2
afab31b1-5308-4ad2-8665-fb4576da010d,2026-05-02,CUST-603282,3,13,0,54.4,None,1,28,IVR,1,4,74.47,2,9.69,26.7,12.23,0.14,0.86,None,25.29,4
5ab094a4-221a-46b1-b3d4-543f915b28bd,2025-12-17,CUST-561199,4,12,0,42.3,None,0,16,Web,1,8,85.63,3,3.49,39.87,10.61,0.19,0.53,None,16.32,1
a3fdcf83-4fd7-444a-af4c-ba3a53bea215,2026-07-17,CUST-246822,4,36,1,42,Network,-1,16,IVR,2,6,80.58,3,2.17,9.19,19.92,0.45,0.65,None,25.21,3
24986b77-1248-4dc2-bc5f-6bb15e842420,2025-11-27,CUST-907685,4,48,2,21.1,Billing,1,14,Web,0,10,92.37,5,9.53,37.33,5.81,0.67,1,None,21.18,1
bd11a15c-65cc-4f67-9add-4666e59a6c43,2026-01-19,CUST-888445,3,90,4,17.6,Service,0,28,Web,0,5,86.53,3,4.81,38.21,17.33,0.68,0.73,None,26.78,2
d4fb46c8-e50f-4341-99af-93cc0ec5865e,2026-03-02,CUST-491179,1,-78,4,13.5,Technical,-1,28,App,0,5,91.7,4,2.84,35.38,19.1,0.35,0.56,None,20.48,2
8b49d60c-9a90-4de6-ac06-b4e70b0729b2,2026-07-19,CUST-845155,4,-6,1,45.9,Billing,-1,12,IVR,3,14,60.76,3,1.41,38.31,18.26,0.28,0.62,None,28.67,3
bf5c4f53-4c02-45f4-ad42-8411d3b3266a,2026-03-08,CUST-374448,3,-88,3,24.5,Network,1,3,Web,1,14,94.86,2,7.76,5.74,5.04,0.55,0.99,None,14.71,4
c837cb5e-cb32-43c5-9fc6-1dd5a8b5b96a,2026-04-30,CUST-166966,3,-34,0,27,None,1,11,IVR,2,11,60.76,2,0.11,22.45,14.65,0.9,0.98,Web to App,28.82,2
3ca22374-ddb8-4cd9-be0d-1df9b830daaf,2026-07-14,CUST-438928,4,24,0,36.2,None,1,20,Web,0,13,87.29,5,5.2,35.6,2.13,0.47,0.65,None,27.1,4
47990935-5cfe-4655-8dc3-a988bd807dc5,2026-07-11,CUST-879945,2,-76,5,68.1,Other,1,17,App,1,11,86.29,5,8.72,34.62,3.79,0.94,0.51,None,24.16,1
5030ef06-5839-4767-8d1d-d228ac3503fb,2026-04-09,CUST-398632,2,-55,5,59.3,Billing,0,19,App,1,13,60.82,3,9.34,35.9,12.31,0.76,0.96,None,17.09,4
cd2cef32-6786-4dd0-92b6-c28ce59557b4,2026-02-08,CUST-767244,2,-24,2,53.9,Other,0,23,App,2,1,86.53,3,2.82,16.35,12.69,0.94,0.77,None,20.72,2
d1ee4b2c-b687-4dd7-bca0-06707c4fac6d,2026-02-11,CUST-541615,2,89,1,23.7,Service,0,11,Web,2,2,74.98,3,4.68,37.05,7.07,0.81,0.63,None,22.95,4
1b4bb21c-cf57-4e85-9a3e-9e91ade119b9,2026-07-08,CUST-494697,2,-66,2,11.8,Service,-1,21,IVR,2,6,74.76,2,1.69,24.88,10.8,0.32,0.59,None,5.59,2
c08dacb2-631f-4518-b3be-c3d4302ba084,2026-06-08,CUST-767318,2,2,2,63.3,Technical,-1,22,IVR,2,9,64.95,3,6.27,8.29,7.23,0.36,0.85,None,15.72,3
9c0ef322-5b01-4408-b136-4509a9b9059b,2026-04-30,CUST-473130,3,89,2,69.3,Network,-1,27,IVR,1,3,60.57,3,1.66,6.75,7.78,0.53,0.86,None,7.88,2
b9d6641c-79f3-45e5-bd32-138ac3907952,2026-01-03,CUST-421074,5,-30,4,18.5,Other,1,5,IVR,3,5,60.7,2,3.82,38.9,8.56,0.4,0.71,None,16.06,3
90ffe800-dcbe-4ce8-a5e2-5633f403fead,2026-07-20,CUST-414551,3,6,2,39.1,Technical,1,29,App,0,10,89.59,5,8.82,27.76,2.87,0.94,0.94,None,24.26,5
7318b79a-5030-4ff2-8ba8-8e05fa889479,2026-06-30,CUST-685165,2,61,5,3.9,Technical,1,17,App,2,14,88.44,4,4.37,19.5,9.93,0.51,0.74,None,23.63,4
0e12d9f5-cd19-4509-a1e7-98b3b7c20847,2025-11-04,CUST-389584,5,-73,2,54.5,Billing,0,6,App,3,3,77.95,2,9.17,10.74,6.4,0.92,0.58,App to Web,10.57,4
458fbb21-9ae9-47a6-bdab-60d0835730a9,2026-03-06,CUST-271422,5,99,4,47.4,Technical,-1,5,App,1,4,94.36,4,7.32,20.25,11.61,0.82,0.58,None,10.79,2
68d33ab6-f7b8-45df-afd2-c5f54ea81629,2026-07-18,CUST-638403,2,-29,1,70.7,Other,1,15,Web,1,5,79.65,2,2.78,6.71,7.75,0.46,0.64,None,13.25,2
0e3b3d22-b13a-4a47-888e-8875c1b8d632,2025-12-14,CUST-575998,2,-28,0,53.4,None,1,3,App,1,1,71.42,5,9.67,6.5,9.63,0.93,0.95,None,13.96,4
b0bb93ae-dcf7-4125-b199-a8c84770ea4c,2025-10-06,CUST-215759,1,-32,2,15.7,Technical,-1,17,Web,2,6,80.32,2,7.63,11.46,2.29,0.87,0.78,None,17.78,2
50685b7b-777d-4c8b-99c0-de15f817285c,2026-02-06,CUST-890044,5,58,4,67,Service,1,6,IVR,1,6,93.2,4,9.14,8.63,1.88,0.64,0.72,None,12.31,4
68eb5ba2-54af-4abf-a9bb-f7cd3f63bcac,2026-04-14,CUST-164565,1,40,5,9.7,Billing,0,18,App,2,12,91.96,1,2.51,11.79,13.84,0.74,0.66,None,7.38,2
57505856-390c-4c97-99fb-bab1f5f3b73d,2026-01-27,CUST-429640,5,-88,4,5.3,Service,-1,24,App,3,9,94.38,3,0.13,14.24,8.32,0.77,0.89,None,19.49,4
24a9d080-b5d3-4e04-8488-4717daef4cb4,2025-08-22,CUST-215649,3,-67,3,69.3,Billing,0,16,Web,2,11,84.18,3,9.26,25.2,16.86,0.7,0.73,None,12.19,3
eaec227e-9764-42dc-a464-1d6b2ec8932b,2025-11-27,CUST-298586,2,-92,5,49.3,Service,1,21,IVR,2,11,78.76,4,9.45,27.51,6,0.28,0.81,None,13.91,2
27c2bd70-3aef-4ff9-889d-4fa05c356fcb,2026-05-10,CUST-698236,4,38,4,25.8,Other,1,12,App,1,6,63,2,4.53,26.47,17.1,0.73,0.94,None,5.85,5
0e880ccf-2ad1-4bb9-8b18-0b4796f95d9d,2025-11-28,CUST-779318,2,-50,0,64.4,None,0,24,IVR,0,6,65.95,2,2.69,10.8,11.9,0.62,0.62,None,7,3
7bae3784-4097-470f-bc41-0661be524ee4,2025-11-13,CUST-669540,3,-97,3,59.2,Network,0,9,Web,1,6,65.96,3,0.92,25.94,4.88,0.22,0.73,None,9.46,3
b1cd2b4a-f915-43ae-be57-62083e30fa58,2025-08-11,CUST-872271,3,27,2,65.1,Network,1,28,IVR,2,10,93.47,1,0.46,16.51,5.98,0.71,0.86,None,29.93,4
50f1f0fc-b99e-4a0b-b8fe-f02ba94a052c,2026-01-17,CUST-955373,5,-52,5,68.8,Service,0,25,Web,1,9,61.63,5,9.78,27.44,10.26,0.6,0.95,None,20.48,1
a8ddce6b-23d9-4847-9f2b-28d6a17277d6,2026-01-12,CUST-341741,2,7,5,27.8,Billing,-1,24,Web,3,2,65.55,1,2.65,28.75,2.07,0.82,0.64,None,5.83,3
e6a85df5-2df6-4dcf-b195-afa7c5cf62bb,2026-02-11,CUST-635194,4,85,1,55.9,Technical,-1,20,Web,1,13,71.66,1,8.71,26.1,8.92,0.11,0.97,None,20.32,1
99e13000-9f08-4a4d-afe6-3229b77cf97f,2025-10-27,CUST-135736,2,-5,1,64.1,Billing,1,16,App,1,5,82.05,3,1.28,14.01,3.75,0.89,0.55,None,16.37,1
5d62b5fc-4916-4855-8cab-250ea399f39b,2026-06-28,CUST-674394,1,-16,2,43,Other,-1,4,Web,2,0,77.37,4,6.51,25.84,18.7,0.95,0.59,None,17.11,3
473daf2b-48ce-4d8a-9f73-c8cec80e58e0,2025-11-04,CUST-139157,1,21,4,53.5,Billing,-1,13,IVR,2,6,64.07,1,5.28,29.81,16.89,0.41,0.57,Web to App,25.95,3
4ff141c9-e780-4c0a-b010-86d00476abb1,2025-11-12,CUST-528176,3,94,4,16.3,Service,0,15,App,2,7,71.51,4,9.64,20.27,13.74,0.81,1,None,24.29,3
3c7f8709-db95-4191-9267-971b7369e72f,2026-02-22,CUST-710429,5,-36,2,1.8,Network,1,6,App,3,8,82.92,2,2.89,31.24,13.41,0.14,0.79,None,23.01,3
52a44396-0030-40b6-9035-a1d31f7f111b,2025-08-28,CUST-711515,4,72,5,43.5,Other,0,10,App,0,13,82.37,3,7.46,13.65,13.18,0.95,0.63,App to Web,14.53,4
a7a0a99c-8f9d-4502-8039-8f9386af58b2,2026-05-21,CUST-946118,4,-24,5,63.6,Other,0,18,App,2,2,72.09,3,0.76,17.08,8.71,0.35,0.74,None,13.48,3
0ea98b27-8c60-4423-af66-de0206317088,2026-07-05,CUST-666747,2,-60,3,35.9,Network,0,2,App,2,1,93.32,5,3.88,21.98,3.92,0.6,0.57,None,26.18,2
4fd5a97d-9a91-43a8-91b0-4e76a4e20631,2025-12-07,CUST-109141,4,-13,5,53.9,Service,0,3,App,2,14,77.49,2,9.4,29.81,18.64,0.71,0.97,None,18.83,5
3626c364-3fbe-4a57-988f-1a20cc412617,2026-02-08,CUST-658660,5,8,2,44.1,Service,1,17,App,1,12,89.57,5,3.41,15.01,1.6,0.73,0.95,None,28.09,4
ab55692b-cdbd-4080-b048-6f1066c5519f,2025-08-05,CUST-252298,5,-66,2,14.6,Service,0,5,IVR,1,11,69.92,2,7.65,5.59,16.02,0.6,0.7,App to Web,13.32,5
976961d9-c9bb-43bd-9f6e-7dbafbf56998,2026-04-08,CUST-382477,4,91,2,62,Technical,0,6,Web,0,13,69.47,2,6.45,38.53,10.79,0.11,0.83,None,9.68,5
68eb217c-f200-4b32-bfd3-2d05a3bd9a43,2026-07-12,CUST-477803,1,82,5,27.7,Billing,-1,11,App,2,7,82.99,2,6.44,30.01,6.82,0.23,0.76,None,17.42,2
33ebf573-8d51-4419-9341-49e0ea8eee9f,2026-06-05,CUST-559815,2,48,4,63.1,Billing,0,0,Web,2,8,60.51,1,7.47,34.37,16.71,0.76,0.69,None,15.3,5
95c313c6-c60f-4506-9b7c-54ccb2326f46,2026-06-23,CUST-171998,4,-44,3,46.8,Other,-1,8,App,1,13,88.75,4,9.6,28.47,3.67,0.52,0.66,None,14.68,1
9fe921cc-76a0-474b-a0dc-2c6c97895e63,2026-07-06,CUST-342386,3,85,5,13.3,Billing,1,17,App,3,8,92.61,3,2.87,18.81,2.06,0.44,0.55,None,29.92,5
675497e1-3bbc-41fb-8655-29125151bff4,2025-09-22,CUST-180181,2,0,2,34.1,Network,1,22,Web,0,4,65.34,3,0.12,25.04,5.32,0.78,0.96,None,12.33,4
d8907917-eb8e-4f85-b69d-ad61f043c13a,2025-12-26,CUST-241763,2,-63,3,66.3,Technical,-1,5,App,2,0,86.71,4,5.5,23.92,9.76,0.55,0.83,None,25.67,5
9edbd6f0-759c-4ed1-9ead-6e795a3e9744,2025-11-04,CUST-739860,5,-40,0,31.9,None,0,21,IVR,2,11,62.22,4,4.85,10.79,14.6,0.59,0.74,None,23.17,1
70ecf7fd-0861-40ee-a4a3-04c7fadd98e3,2026-06-29,CUST-969494,2,-28,0,27.8,None,1,24,Web,1,8,73.02,1,7.03,34.81,13.99,0.17,0.64,None,16.58,4
48e344f9-0588-42fb-b97a-efc56d91c3f4,2025-11-15,CUST-891718,3,19,2,19,Billing,1,14,Web,0,3,69.32,4,3.1,7.58,1.54,0.39,0.88,App to Web,15.26,3
0d30caf4-75e8-484b-881a-ef7a61f2e9ad,2025-09-03,CUST-429472,1,95,3,68.3,Technical,1,16,IVR,1,5,60.16,5,4.29,26.07,16.85,0.41,0.54,None,8.42,4
16b71a06-1b5a-46e8-850f-640c92f0128a,2026-02-09,CUST-858136,5,76,4,61.4,Network,1,13,Web,2,5,89.34,1,2.16,29.24,10.57,0.36,0.73,None,21.71,3
9466a4b4-fb45-4283-81b7-0ea8b610c273,2025-10-07,CUST-617588,4,-65,2,50.6,Service,0,4,IVR,0,10,93.56,2,1.47,21.85,14.6,0.98,0.59,App to Web,14.42,2
40667481-2b72-489b-9b44-1c55e7b0576e,2026-04-04,CUST-545038,4,16,0,52.2,None,1,27,App,1,6,63.15,3,9.54,10.86,11.44,0.88,0.52,None,10.56,4
f20b8f83-02b4-4835-9b59-f6d312ec81e4,2026-02-17,CUST-734511,3,40,5,47.2,Service,-1,29,Web,0,9,69.13,1,9.68,7.6,18.24,0.31,0.55,None,11.35,2
6d0a6789-b8f3-462d-81b6-0376b59faacf,2025-09-25,CUST-307639,2,32,2,65,Technical,0,23,App,1,11,76.55,3,0.93,39.86,11.99,0.13,0.94,None,28.74,5
ecbee1ab-a6d5-49cc-8b03-61381ee10f43,2026-02-23,CUST-504248,3,-76,0,35.9,None,0,22,App,0,12,66.23,3,3.93,24.66,14.07,0.29,0.57,None,16.8,3
d79efd0d-8d14-4196-9d7a-d5104ee53d3f,2026-04-16,CUST-706406,5,-15,4,45.2,Billing,1,2,Web,2,12,77.27,3,1.24,16.59,16.09,0.86,0.53,Web to App,20.8,2
cabdbebd-af12-4fa4-abf8-76742460a996,2025-08-10,CUST-431586,3,75,3,41.9,Service,-1,7,App,1,3,94.93,3,3.42,18.82,18.57,0.55,0.7,None,5.77,4
ef2bfddd-7c0e-4b9c-a8dc-ebb39c265a8e,2025-08-28,CUST-470748,4,-55,5,45.2,Network,1,24,Web,2,11,84.96,1,9.55,35.42,15.97,0.76,0.74,None,14.93,1
c49ed469-3813-40c9-b02b-617f31c41317,2026-03-27,CUST-223879,2,-52,2,49.9,Billing,-1,19,App,0,10,68.14,3,4.09,16.41,12.63,0.41,0.97,None,5.65,2
f91207bf-1bff-4017-9630-e339e52ca55e,2026-06-28,CUST-679015,3,21,2,16.1,Other,-1,27,IVR,2,4,87.88,3,1.4,9.61,4.92,0.77,0.97,App to Web,14.89,4
ca18e23b-db34-4f9b-8b08-a3a69048224f,2025-12-21,CUST-309658,4,-84,1,66.1,Technical,0,17,App,0,10,87.15,1,2.14,6.49,9.47,1,0.89,None,18.55,1
8de119fc-fdde-447b-964b-4e5550680441,2026-02-09,CUST-391561,2,81,0,61.2,None,-1,28,Web,2,1,66.68,2,0.42,7.29,12.87,0.84,0.72,None,7.05,3
5fb41a81-7462-48a5-922c-202408d0160c,2026-03-19,CUST-663179,2,20,1,31.5,Technical,1,6,IVR,1,13,87.42,5,6.47,23.98,7.13,0.47,0.9,None,12.72,2
96eb1ad5-bca2-4d2a-8fda-0ed9afc8f635,2026-02-11,CUST-849280,3,-32,5,2.3,Other,1,16,Web,2,0,91.08,5,6.51,27.62,18.34,0.12,0.53,None,23.86,3
5ae82782-4100-478c-bad1-4e0179462f05,2025-07-30,CUST-190039,4,37,3,40.4,Service,0,27,Web,1,9,61.01,5,2.31,19.22,11.28,0.22,0.99,None,12.82,3
2bb83839-8a5c-49ba-bb16-279d857ce6fb,2026-03-30,CUST-759193,5,-16,2,11.4,Service,1,3,IVR,1,11,66.27,2,0.93,17.34,8.82,0.34,0.65,None,11.27,2
502709b6-8f60-461d-8c1e-91c0b153de33,2025-12-07,CUST-911995,3,-32,2,49.2,Billing,0,19,App,2,3,77.05,5,7.51,17.33,8.63,0.16,0.75,None,16.51,4
2a46eaa1-eb1b-4159-841e-5298799b4dc6,2026-01-12,CUST-675352,2,-40,1,65.5,Other,-1,28,App,1,5,71.83,4,2.13,29.59,5.09,0.66,0.95,Web to App,21.18,2
64b8fdd3-7c76-434e-b486-5e00cf9e306f,2025-09-10,CUST-808011,2,5,2,34.5,Other,0,18,Web,3,5,63.95,3,1.63,20.56,8.95,0.21,0.9,None,17.56,3
1a445516-a747-42cb-bfe8-27ead9761ff2,2026-04-15,CUST-272780,3,-33,5,49.6,Other,1,28,App,0,12,77.93,5,7.87,38.7,11.64,0.48,0.68,None,12.24,3
ac44ebfa-9742-49db-89cc-3c645bbb7bdd,2026-06-12,CUST-455545,4,28,1,3.3,Network,0,24,App,0,4,63.55,4,2.31,24.17,10.25,0.92,0.81,None,13.47,2
289543b4-2edd-4e4c-8954-6620ba78576e,2025-10-15,CUST-639553,2,-39,1,52.8,Service,0,15,Web,1,3,90.96,5,9.65,14.34,8.15,0.35,0.93,None,17.77,2
d7c7525f-5db9-415b-8947-2de5056ce6f5,2026-01-11,CUST-791087,2,-21,5,40.1,Technical,0,23,Web,2,1,77.32,3,6.38,26.26,10.92,0.86,0.52,None,17.54,3
9067f528-26be-4ab0-8a90-12380a6f040a,2026-02-07,CUST-751678,2,-35,5,32.7,Network,1,13,IVR,2,11,77.53,5,7.53,21.15,19.91,0.75,0.56,App to Web,24.26,3
2da3d119-7294-467d-8713-691000db4c46,2026-01-29,CUST-512930,4,50,1,39.1,Network,-1,0,App,2,5,63.93,3,1.7,17.52,9.8,0.49,0.76,None,5.63,4
dda43374-6a9f-401b-8e1f-1ae9884cf3f2,2026-05-16,CUST-453401,3,86,4,63.2,Other,-1,10,Web,0,11,94.71,4,5.13,31.06,17.68,0.83,0.58,None,17.23,5
e5828133-0ddc-4b41-bd92-b8bcc1a2e22b,2026-01-17,CUST-432007,1,86,3,61.2,Network,-1,5,App,2,3,71.8,3,2.46,29.58,17.34,0.9,0.99,None,5.77,3
60c97f9f-dc47-43c0-ac44-641578f17361,2026-01-14,CUST-120490,2,-97,1,44.5,Network,1,13,App,1,14,84.48,4,5.23,14.66,15.29,0.9,0.59,None,5.02,4
4bcb8d4b-1ce2-4118-9f66-e4846f8ca030,2025-11-27,CUST-235798,3,31,3,11.4,Network,1,30,Web,2,8,82.77,5,7.03,5.86,17.26,0.65,0.93,None,25.6,2
ea0a8cf6-77c9-41cd-997b-fb3a59e7fb5d,2025-12-04,CUST-970084,4,51,1,6.3,Network,-1,21,App,1,2,86.58,5,5.33,37.83,3.85,0.17,0.51,None,11.8,2
c3861085-d2ef-48b2-b790-514283ed658a,2025-09-10,CUST-387472,4,-68,2,22.7,Other,-1,13,Web,1,8,76.03,4,4.12,38.29,2.07,0.65,0.76,Web to App,21.11,1
71c934f0-7395-4818-9f62-943755551364,2026-03-01,CUST-211871,5,-6,2,62.7,Network,-1,13,App,1,13,92.29,3,4.11,24.44,9.29,0.54,0.65,None,11.31,5
e39fdf41-e223-45f0-899e-4b63ffcfdca7,2026-03-25,CUST-854704,4,-63,5,41.8,Technical,-1,13,App,0,5,94.12,4,2.96,35.67,15.16,0.52,0.76,None,28.78,5
ca9298ce-4768-4dbd-9f55-ece28f7e73ec,2025-12-13,CUST-979270,1,-17,5,5.5,Billing,0,19,App,3,11,68.73,4,7.56,32.19,1.99,0.99,0.94,None,26.1,2
9e9ad1ff-0ace-4be7-b2b3-b4bfe6085465,2025-09-24,CUST-767421,4,-81,5,31.6,Other,0,7,IVR,2,3,60.11,2,1.8,22.98,12.31,0.71,0.5,App to Web,13.54,2
b21600e8-caae-4e13-a8fe-aafb37f5ec60,2025-12-15,CUST-847382,4,-12,1,44.7,Network,1,20,Web,3,2,65.6,3,2.56,38.86,17.22,0.96,0.85,None,28.97,2
faf7207a-6b1e-4768-be82-8a6841ccab70,2026-06-01,CUST-204586,3,-31,4,46.3,Technical,-1,28,IVR,2,11,83.85,1,6.87,21.76,3.63,0.76,0.81,None,16.44,3
70fbd95c-a588-417a-a8e6-0e3dd52ad846,2025-09-04,CUST-185742,4,90,0,11.3,None,-1,8,Web,1,12,76,5,9.82,27.84,10.12,0.39,0.72,None,18.73,2
932ed49e-917f-47b1-8aaf-05f568d4c43d,2025-09-06,CUST-503741,5,10,1,49.4,Network,-1,21,IVR,0,3,73.34,5,1.75,7.79,4.61,0.15,0.5,Web to App,9.84,4
b7da236d-9f15-4fe8-95fb-d5e474c45088,2025-11-26,CUST-559617,2,-62,1,31.3,Technical,0,14,Web,3,4,74.73,5,3.49,18.51,6.16,0.69,0.85,None,24.54,5
9f7ec480-7fb5-4e5c-a3a9-862a918b61ff,2025-08-19,CUST-545058,3,32,3,35.5,Other,-1,8,Web,2,3,85.73,3,8.04,20.11,5.32,0.91,0.92,None,26.39,3
da37246a-a1c8-4210-8d2f-3df886f4d2f2,2026-05-21,CUST-238688,4,-69,4,6.7,Technical,-1,7,IVR,2,2,68.59,2,5.56,25.71,11.21,0.19,0.97,None,29.33,3
3882cb51-8b1e-40e0-b026-7c0cd10b0f27,2026-02-09,CUST-558335,2,67,1,62.2,Service,1,19,App,1,0,91.45,5,1.07,30.39,18.49,0.61,0.96,None,12.32,4
0a39304f-5250-4c06-bc46-1cdc77aa1bff,2026-07-19,CUST-567999,5,20,1,13.6,Service,-1,17,App,0,13,64.43,2,5.88,22.96,14.84,0.19,0.87,None,27.95,3
62c98cdf-e74e-49a5-bb64-adc3c007fdc8,2026-02-03,CUST-985030,5,15,0,57.4,None,1,20,IVR,1,12,90.33,3,0.41,30.56,5.72,0.46,0.72,None,24.08,1
3fa784cb-7bc1-48cc-805d-a589d51e821f,2026-04-20,CUST-682049,2,29,0,27.6,None,0,17,IVR,1,7,94.46,2,4.85,24.45,9.42,0.2,0.77,None,25.74,3
52db8519-a7f3-49cc-a828-9c69d138ba79,2026-07-06,CUST-790232,4,90,2,45.6,Billing,-1,12,App,3,10,83.3,1,8.25,38.03,12.11,0.81,0.66,None,17.01,3
6aea83e5-f387-4fed-9178-5199f3f443c0,2026-01-11,CUST-820514,2,-50,1,31.7,Other,0,29,IVR,2,8,76.02,4,6.43,17.94,15.49,0.37,0.85,None,13.06,1
ec593b9a-ba1a-44a1-806f-81d827e3f06a,2026-06-24,CUST-886043,5,31,4,27.4,Other,1,18,App,2,11,94.1,3,0.27,7.98,12.3,0.81,0.66,App to Web,20.91,4
050fcb10-4d99-4c2f-9fbe-5fa835a557b2,2025-12-16,CUST-114047,2,-5,3,5.2,Network,0,8,Web,1,1,89.29,4,3.17,12.63,5.65,0.4,0.99,None,8,4
6d685597-1f3e-42df-8247-7cf7f2fbbe56,2025-08-01,CUST-676761,3,-5,1,25.8,Network,-1,17,App,3,3,83.46,2,3.34,24.03,9.57,0.33,0.86,None,5.85,3
9153e0ed-5a68-47b7-9292-d460080829c1,2025-10-15,CUST-785540,5,44,1,66.9,Technical,1,11,IVR,2,6,81.87,3,6.04,14.01,19.45,0.86,0.75,None,16.68,2
52740a5b-ca64-49f4-b69a-e3f82a0856d9,2025-12-16,CUST-390461,3,-47,3,20.9,Network,1,18,App,3,11,81.33,5,0.92,27.1,8.33,0.8,0.57,None,19.37,4
41cdf2f4-e34d-49c3-99d5-fed52d6f8181,2026-07-18,CUST-807288,3,-32,5,57,Network,1,1,IVR,2,11,86.27,2,1.38,6.32,6.02,0.35,0.6,Web to App,25.93,4
eb4e51be-5a91-41ee-9800-88ad026ea759,2025-08-02,CUST-881940,3,17,4,32.5,Billing,0,17,App,2,4,72.57,2,8.62,29.34,13.42,0.8,0.9,None,5.33,2
d7890b70-e8f2-42c5-a179-8b96ca951c6f,2025-12-07,CUST-593339,3,-82,4,40,Network,0,5,IVR,3,10,65.38,5,6.53,24.79,14.93,0.42,0.96,None,14.5,1
4e078f4d-e5bb-4544-bdde-613656c9f233,2026-07-19,CUST-461298,5,81,3,30.5,Technical,1,3,IVR,1,3,86.25,5,8.69,24.41,6.23,0.65,0.55,None,17.83,2
87762305-fab9-46dc-ac71-36845cc6194a,2026-03-21,CUST-425047,3,48,4,40.9,Billing,1,29,Web,2,9,91.33,3,3.19,22.05,19.49,0.29,0.87,App to Web,21.16,4
3a51b5d2-7bca-42f7-b036-9aedd72d0b67,2025-10-03,CUST-493853,3,59,0,3.4,None,-1,1,IVR,1,5,83.61,4,5.77,15.22,6.95,0.59,0.97,None,22.03,5
49bd00b9-0fe0-4167-b9aa-8b53444779dd,2026-06-13,CUST-934235,3,29,2,31,Technical,0,27,App,0,12,76.06,3,7.84,18.05,2.74,0.5,0.89,None,18.15,2
70197f32-a582-4762-bd5d-2fc75dad0d7e,2025-10-12,CUST-767927,4,-25,2,37.8,Network,1,6,Web,2,10,91.23,2,8.98,21.25,14.79,0.95,0.86,None,8.57,3
36c892cf-2e11-4f86-a4f0-d2bf4fa224e9,2025-07-30,CUST-751657,3,12,4,17,Technical,1,10,IVR,2,3,60.2,5,7.58,14.47,14.88,0.34,0.8,None,29.23,4
367f56d1-4db7-4fa0-943e-231939f62f83,2025-11-19,CUST-499506,3,-36,5,31.4,Service,1,27,Web,1,6,84.96,2,9.97,18.83,7.97,0.36,0.84,None,26.55,5
3678b570-5dd8-4bca-a5c8-6b2cc0c9643e,2025-12-11,CUST-457723,1,73,3,28.1,Service,0,2,App,0,1,90.52,4,8.52,26.41,11.79,0.95,0.51,None,12.39,4
ddb28e30-7d94-4a5c-a5cd-bbdc1f36e5cb,2026-04-02,CUST-898143,2,93,4,34,Technical,-1,7,IVR,3,1,77.3,5,9.94,31.7,19.08,0.12,0.81,None,7.92,1
90fc6d3f-744a-4e01-bf7b-3c33fb9c2dc6,2026-03-25,CUST-567945,1,13,3,6.5,Service,1,18,IVR,1,4,64.72,1,8.23,27.66,4.21,0.64,0.65,None,7.3,5
1ac4fcc8-49d0-411c-aca6-a0ffa1299d8e,2025-08-27,CUST-677627,3,77,1,71.7,Network,1,0,App,0,11,92.91,3,8.95,26.43,13.01,0.59,0.77,None,25.48,3
032327d8-06a7-419c-b6ec-fb6588321698,2026-07-16,CUST-920615,5,22,3,37.8,Technical,1,16,App,2,5,92.8,2,1.8,26.24,4.3,0.28,0.89,None,5.8,3
325cf520-e5c2-4e44-846c-dafa72d76d8e,2026-05-25,CUST-122416,3,76,2,32.9,Other,0,5,IVR,2,13,89.81,2,4.37,25.76,3.69,0.61,0.73,None,5.5,5
ce345519-f45e-491f-bcd2-b91ebea5cce7,2026-01-01,CUST-703181,1,-19,2,38.9,Service,1,0,IVR,1,2,62.9,3,3.17,24.66,9.01,0.58,0.85,None,29.51,5
7657fb42-67ba-4467-8c0e-336ee7128857,2025-10-29,CUST-764184,3,59,3,17.2,Network,0,29,Web,2,9,76.6,2,9.4,24.03,18.44,0.66,0.74,None,15.72,2
ceb3cc27-d2b6-44f5-82eb-a36689a6587b,2025-10-13,CUST-339828,3,63,4,70.5,Network,1,6,Web,1,13,63.65,3,4.31,23.02,3.15,0.26,0.86,None,29.98,2
ea376424-be0f-4a57-a8f9-7b032eb308ff,2025-12-18,CUST-978731,1,66,4,34.5,Other,1,16,App,1,11,62.87,5,6.78,21.86,15.22,0.34,0.59,None,13.13,3
c64ccfbc-875d-4ad2-97b2-1803618a659d,2026-07-12,CUST-722354,3,-52,3,27.3,Billing,1,16,IVR,0,12,61.8,5,8.23,20.35,7.29,0.36,0.99,None,21.7,1
85f4ea47-e92e-4ac5-9350-8a187dd0b9ae,2025-07-28,CUST-437000,4,24,3,19.9,Other,1,23,Web,1,5,67.1,3,1.96,13.25,7.92,0.29,0.57,None,6.9,3
843f3d6e-70ff-4dd5-a58b-2f0674ff7151,2026-02-08,CUST-871564,1,75,1,37.1,Billing,1,19,App,2,0,75.18,4,7.95,30.44,5.82,0.39,0.73,None,25.91,4
c51cc55c-b24c-4cce-bc13-f14354830239,2025-08-19,CUST-810946,2,-76,3,62.7,Billing,0,9,IVR,2,5,69.74,3,1.57,11.13,14.39,0.42,0.59,None,27.73,4
97c2b459-e82c-4feb-8d39-65d5b16d2a2f,2025-12-31,CUST-832106,1,-35,1,60.3,Network,0,13,Web,2,10,85.86,3,7.71,17.53,17.74,0.94,0.76,None,29.89,2
7d65729a-dfd7-4130-aa37-91b0e023da88,2025-09-08,CUST-241424,3,0,4,39.1,Other,1,3,App,1,6,80.39,4,0.97,39.53,7.86,0.42,0.87,None,5.94,3
4d474ace-f4ef-4dd4-974a-f1883064a7a8,2026-05-12,CUST-169400,3,84,4,18.6,Other,-1,9,IVR,0,10,73.16,5,0.89,17.05,5.22,0.95,0.71,None,18.85,4
79319a11-8690-4816-9913-cf6d7390da88,2026-01-10,CUST-796178,4,81,3,53.3,Network,0,11,IVR,1,1,79.8,4,6.13,26.09,19.24,0.8,0.61,None,23.16,1
45689511-a79a-4e5e-9448-ffed35c2b9bb,2026-01-10,CUST-627716,3,64,2,9.5,Other,1,29,App,1,7,70.25,1,8.94,27.18,14.84,0.92,0.82,None,22.36,3
a6ef2f5f-5c3c-47d7-af60-8c8d24538a50,2025-09-12,CUST-548955,2,74,2,63.5,Service,1,14,App,3,12,75.22,3,1.73,34.63,10.34,0.28,0.56,None,18.76,2
0e889c1f-606d-4933-8f05-eaa73ba5dfda,2025-11-18,CUST-840141,2,53,5,12.9,Other,-1,17,Web,1,2,73.26,5,9.46,15.19,10.96,0.25,0.98,None,13.09,4
f5dfc519-9b9b-4cf6-8a63-d55fac25fc4f,2025-09-23,CUST-893822,2,96,1,52.5,Technical,0,21,IVR,1,10,91.28,4,5.42,8.48,3.85,0.12,0.82,None,12.46,3
7c7f29cb-8236-4503-92da-23ada7c98ace,2025-11-28,CUST-504668,2,-44,3,13.1,Other,0,28,App,2,3,85.13,4,4.68,9.79,10.43,0.11,0.96,None,21.23,4
b5ff8393-aaa4-43c0-8f4c-01bbe2eb7fbc,2026-03-20,CUST-559535,5,-59,2,64.5,Service,-1,17,App,2,4,86.22,3,5.77,36.23,12.18,0.85,0.77,None,23.32,2
c7a7c520-97b9-47f3-8e4c-82f58e6f14f1,2025-10-24,CUST-605092,4,-43,5,64.8,Service,-1,25,IVR,0,0,70.92,4,8.81,27.63,3.15,0.64,0.86,None,10.07,3
58807db6-a2d1-4552-b198-28ceadc47880,2025-11-16,CUST-964477,4,57,4,37.1,Network,1,15,IVR,2,12,62.28,5,8.48,11.34,5.68,0.36,0.86,None,8.06,3
1380604f-11af-46c8-9b35-7fbd242233db,2025-08-19,CUST-908432,3,-83,5,50,Technical,-1,10,Web,0,8,60.37,3,5.37,32.1,17.42,0.44,0.61,None,25.31,4
62ec3d45-8aee-40e9-96b6-c6d45d5647da,2026-01-12,CUST-971590,3,69,3,6.6,Billing,-1,0,IVR,2,5,82.89,4,5.68,29.53,19.78,0.18,0.82,None,16.96,4
98fa8535-ce20-4caa-bf02-f26e41844322,2025-08-20,CUST-851782,1,90,1,41.7,Technical,1,30,Web,1,9,82.08,3,4.08,9.3,12.32,0.63,0.99,None,22.65,4
bc7bd3dd-eb64-421a-8255-6628594d01ed,2025-12-16,CUST-339227,4,72,5,27.3,Technical,1,17,Web,2,6,82.97,3,0.94,28.19,16.29,0.92,0.83,None,25.82,3
73c853a3-c3fe-4d7b-840e-d6723270815a,2026-02-21,CUST-813854,3,-85,2,8,Technical,0,5,Web,2,3,68.53,1,1.34,38.68,6.61,0.27,0.67,Web to App,15.91,2
54f0ffe8-d234-4a55-9bc8-c2b323bddbdc,2026-01-26,CUST-488282,3,-68,1,50.1,Billing,1,27,Web,1,13,73.5,3,7.21,24.27,6.11,0.2,0.56,None,27.64,3
a0f9361c-e667-45a5-875f-44f17ac84cc2,2026-05-02,CUST-309491,5,20,1,10.6,Service,1,24,App,0,8,81.77,5,7.84,39.2,13.42,0.31,0.98,None,11.25,3
d141165f-1105-49f1-8ad7-83269164457a,2026-05-17,CUST-569336,3,-77,4,39.6,Technical,-1,30,App,3,10,77.74,3,9.82,16.88,5.57,0.65,0.75,None,20.62,2
7331509e-f78c-4a24-95d6-3eb1ecffb274,2026-02-19,CUST-914335,4,74,3,66.3,Other,-1,17,IVR,2,11,62.67,2,7.83,7.41,10.98,0.55,0.8,None,19.6,3
e93db9a3-0bcb-4eac-a2f9-3e8daacb1d32,2026-04-28,CUST-765293,5,55,2,14.9,Technical,-1,10,IVR,2,7,69.15,3,2.01,27.48,4.71,0.25,0.78,None,21.82,1
3bf878ba-1f2b-4322-a42c-124170fe0b39,2025-11-15,CUST-571753,4,3,1,46.2,Network,1,1,IVR,0,2,77.18,4,6.98,38.66,8.76,0.11,0.78,None,25.92,3
64fa8453-f56f-4edd-8a6a-bc2c1a8f278f,2025-10-01,CUST-949496,2,-43,2,64.7,Other,0,15,App,0,6,85.75,5,5.21,10.44,3.05,0.65,0.7,Web to App,10.41,1
775e22c5-208e-4a99-84b5-0bbf7fbbb581,2025-09-17,CUST-896511,3,21,0,36.6,None,-1,10,Web,2,8,87.45,5,0.28,16.65,1.53,0.96,0.88,None,23.04,5
48e97b5d-5b3c-4cc1-854f-0132a455339d,2025-09-27,CUST-311210,3,-67,5,23.1,Technical,-1,13,Web,1,12,94.39,1,2.68,6.79,13.26,0.39,0.7,App to Web,23,2
7e96af02-108a-457a-b909-66a68c484c4f,2026-04-30,CUST-761857,1,-10,4,4.1,Network,-1,16,IVR,3,2,60.37,3,9.02,39.35,19.09,0.67,0.78,None,28.19,3
58c06a3e-8d90-4325-a649-167cd1f5bf98,2025-08-17,CUST-504903,2,42,0,63.6,None,-1,10,App,2,13,61.24,5,0.49,36.79,6.67,0.63,0.67,None,23.24,2
2c3734bc-f6f2-4128-a687-4cfa5457e5b8,2025-10-29,CUST-607508,2,20,5,15.9,Network,-1,25,Web,0,11,68.79,4,3.75,26.42,16.57,0.2,0.61,None,7.43,5
eb411a39-e2f2-4b64-9356-3740bf7c5256,2026-04-17,CUST-323775,3,61,2,47.4,Service,0,28,Web,3,7,70.96,3,9.61,12.81,11.16,0.35,0.57,None,22.03,1
4c034253-3b76-42d2-abac-63043fc05f40,2025-08-27,CUST-287515,2,81,1,68.6,Technical,1,17,App,2,6,60.03,4,3.75,33.22,4.23,0.19,0.52,None,12.38,4
aa284e6c-f2a9-4319-8174-163c2306c3fd,2025-10-13,CUST-930382,3,39,1,55.2,Billing,0,29,IVR,2,4,73.96,3,0.57,8.59,3.9,0.47,0.81,None,24.65,5
e093b423-5603-4833-a669-29921e687794,2025-12-09,CUST-779750,2,-16,5,62,Network,-1,21,App,3,12,72.91,5,5.71,37.67,10.33,0.83,0.8,None,19.1,1
b62a25cd-77de-4005-941a-ac919a66e8e1,2026-05-23,CUST-434801,5,-5,4,53.8,Billing,0,10,App,2,10,66.1,4,4.87,17.39,4.47,0.22,0.84,None,29.7,5
f9ce50fd-e003-4882-be45-5909d795fb53,2026-04-14,CUST-249601,5,-80,5,4.3,Other,1,1,Web,1,13,62.07,3,0.66,28.1,6.49,0.43,0.93,None,20.87,4
1ce48283-1f20-44aa-a5fe-bcdc1a966415,2026-02-24,CUST-161467,4,-68,4,43.1,Service,0,28,App,1,4,77.24,2,8.83,13.15,17.65,0.42,0.56,App to Web,8.22,2
1e490189-da7f-4e61-ba77-36f6bf767763,2026-05-27,CUST-174724,1,92,4,48.9,Technical,-1,9,App,0,10,72.28,5,1.36,10.96,11.99,0.84,0.68,App to Web,19.31,4
5d214f6e-e836-445f-ab75-13201f921bda,2025-09-17,CUST-221302,2,-12,4,57,Technical,-1,29,App,3,9,60.03,4,8.54,21,12.57,0.5,0.65,App to Web,7.94,1
5fd529f7-f888-4d5c-8b23-3771b9dfedc0,2025-11-13,CUST-970592,2,-14,4,24.2,Billing,-1,8,IVR,2,7,93.12,2,5.13,15.97,19.62,0.72,0.88,Web to App,19.79,5
bcd55a02-113a-45c4-ae53-6877aba26ac4,2025-12-31,CUST-678917,1,-2,4,71,Service,1,27,Web,1,0,87.73,4,8.4,19.56,3.39,0.77,0.61,None,26.76,3
013b9bf8-41cd-454b-97dd-0719959c99e0,2026-05-07,CUST-553232,3,-65,2,16.3,Other,1,12,IVR,3,3,73.89,1,4.21,25.41,16.39,0.63,0.71,None,20.09,3
96a35031-99f8-4e89-b483-ae59bf4d7945,2025-11-02,CUST-646407,1,70,2,28.3,Network,1,27,IVR,3,1,68.3,5,8.87,34.09,6.29,0.73,0.64,App to Web,16.87,2
5bb14357-fa5b-409a-93dc-c89f2571d554,2025-10-18,CUST-921309,2,-17,3,60.1,Service,1,23,Web,3,14,73.84,2,3.97,6.63,4.31,0.38,0.54,App to Web,28.35,5
2a2900b8-c33d-45f7-8928-b8ef0e7efb42,2025-11-04,CUST-299428,3,-32,4,54.5,Billing,-1,1,Web,2,4,91.27,1,0.76,13.16,19.62,0.75,0.74,None,19.87,1
401f4457-fe94-46f1-abec-ab8a1d6c73ff,2026-02-25,CUST-334561,3,-66,2,26.9,Technical,0,15,IVR,0,9,86.4,2,4.31,39.97,10.08,0.9,0.82,None,21.19,1
b15c5069-8b6e-414e-9bf6-1a21fae756a0,2025-11-08,CUST-545940,3,74,3,10.7,Service,-1,30,Web,1,1,63.63,4,4.42,32.11,4.09,0.66,0.79,None,28.15,2
6ec3c4db-b185-44f9-b9e4-5c963a3b3fb3,2025-09-22,CUST-124418,3,16,2,16.9,Service,1,24,Web,2,4,85.68,3,2.55,15.08,10.74,0.83,0.79,None,7.54,5
1944d789-b2ce-4aa5-b887-8c5f549a532e,2025-09-05,CUST-102286,3,85,4,3.6,Network,-1,25,Web,2,6,69.99,3,2.56,31.06,1.72,0.48,0.8,None,21.08,2
048c8411-92fb-48e6-aca7-5dd3031edbdc,2026-02-09,CUST-820444,1,81,1,16.8,Technical,0,29,App,1,4,68.78,2,4.78,28.87,17.56,0.15,0.54,None,8.78,4
703548ac-4015-46e4-ae83-ea4325bc93f0,2026-01-07,CUST-527065,3,25,5,44.1,Network,1,10,Web,1,2,78.52,3,5.73,22.05,14.79,0.97,0.88,None,17.85,1
28808a9f-a10a-4c9e-a65d-2ccf57b51160,2026-06-07,CUST-581601,2,69,4,37.8,Network,-1,6,IVR,3,10,75.38,2,4.99,30.1,16.54,0.46,0.56,None,14.69,4
aa951376-2507-464a-a7ed-59a3e0fc5146,2026-04-20,CUST-776530,4,88,4,67.9,Other,-1,18,App,0,4,87.73,2,8.33,22.37,16.59,0.53,0.83,None,5.28,2
49e4d917-682b-49fd-8d84-c12900ca75f3,2026-02-28,CUST-977509,3,-42,5,15.5,Billing,1,19,Web,1,8,88.8,3,5.58,11.44,5.69,0.48,0.55,None,23.24,3
a880180d-1e90-40ae-800f-a947355541ef,2025-07-26,CUST-906049,2,63,2,26.1,Technical,1,18,App,1,7,63.17,3,4.72,39.57,7.07,0.9,0.65,None,27.26,3
533dd6c4-a7e1-43c9-b739-4a5fce9d4b56,2025-11-09,CUST-351040,4,69,1,45.8,Service,1,27,App,1,6,79.36,3,6.46,11.72,11.14,0.69,0.7,None,10.14,2
ddce48a8-e84b-4e10-81cf-c717f19c5591,2025-12-10,CUST-193724,4,23,3,70.9,Technical,1,15,IVR,2,2,66.86,3,4.4,29.22,9.76,0.98,0.98,None,8.61,2
29313481-7a2a-413c-828d-0c7d84680c6b,2025-09-08,CUST-862329,4,-19,5,71.4,Other,-1,13,IVR,2,10,93.13,3,3.68,18.76,11.7,0.93,0.52,Web to App,25.63,3
7ea1d7c4-4a19-4e58-85a4-b7e29405d405,2025-08-10,CUST-732628,5,-20,1,3.7,Other,1,12,Web,2,13,80.19,4,5.45,8.77,7.53,0.21,0.62,None,5.78,2
c75ebf28-f368-48bc-9988-6a428e66aaf4,2026-06-05,CUST-726160,3,-65,2,51.6,Technical,-1,29,Web,2,13,65.96,5,4.29,10.28,10.85,0.74,0.84,None,15.51,2
fbc518ce-cd4d-4470-83c1-c223f44ad1b3,2025-12-01,CUST-619621,3,15,5,59.4,Other,-1,21,Web,1,7,70.88,3,3.82,32.76,10.92,0.1,0.93,None,26.23,5
c3be6885-54b7-4cbe-ab1b-79b45f8df4f1,2025-10-05,CUST-537490,4,-40,1,10.3,Billing,1,21,IVR,1,2,81.43,2,5.78,33.77,5.53,0.61,0.83,None,19.41,3
f6932c9a-015a-46cc-a9a1-fa80315ff810,2025-08-22,CUST-285900,5,11,5,28.8,Technical,1,12,IVR,1,8,85.81,2,7.49,28.02,18.38,0.13,0.75,None,16.85,2
7920b004-f0f7-4558-b061-235973314d81,2026-02-22,CUST-624148,2,95,2,50,Service,1,9,IVR,1,2,78.08,1,6.88,32.18,7.84,0.64,0.58,Web to App,7.62,4
90ed374b-8b55-4c13-bc73-380789e9972b,2026-07-23,CUST-576052,3,-94,2,24.3,Billing,0,26,IVR,2,3,81.94,4,5.33,24.86,13.79,0.16,0.79,None,22.65,1
cac6140c-cd87-442b-a68f-6df96d1cd9ad,2026-05-13,CUST-859834,3,-50,3,30.5,Network,1,24,Web,2,6,94.56,2,8.21,32,16.83,0.11,0.84,None,9.32,4
03f0bac8-956e-4747-a3ce-9d872c1d0d27,2025-12-02,CUST-746773,1,93,3,49.2,Billing,1,8,App,1,0,72.91,2,5.51,23.21,4.32,0.76,0.79,App to Web,29.97,4
39bf6051-d48f-444b-b55c-4edc5e1268fe,2026-04-05,CUST-855570,4,-83,3,58.1,Service,1,10,Web,1,9,66.69,4,8.44,13.63,12.67,0.74,0.76,None,26.37,3
36bfe842-1830-441f-80e7-9ecf79b681aa,2026-05-11,CUST-557710,4,-66,2,31.6,Service,-1,2,App,0,7,85.29,2,1.58,9.98,7.63,0.95,0.87,None,10.77,2
8d99e4c0-e943-4ef0-9b4e-b8789e7f3610,2026-05-22,CUST-287941,1,-5,4,69.2,Other,0,12,IVR,2,4,93.39,3,5.98,23.05,9.89,0.2,0.54,None,25.47,4
380de61f-8f89-43e6-a777-a6c9647236f1,2025-10-10,CUST-411283,5,71,0,6.8,None,-1,18,App,2,4,80.64,4,4.27,20.93,9.07,0.79,0.87,None,5.08,5
51cc8991-b7ba-49ba-8f3e-245f77c77c45,2025-07-29,CUST-625591,2,98,2,53.1,Network,-1,13,IVR,2,12,60.95,3,1.35,8.8,3.66,0.74,0.9,Web to App,23.06,4
5588b61c-c8bd-4719-8115-f8e534bb5b59,2026-05-09,CUST-843039,2,-84,4,33.4,Network,0,0,IVR,2,4,89.46,1,9.41,35.74,13.18,0.62,0.81,App to Web,16.96,4
81db2c73-077e-422a-9169-65fcfc4da582,2026-01-16,CUST-964371,5,-84,4,28,Other,0,12,App,0,11,79.94,2,4.8,37.09,15.63,0.88,0.58,None,17.9,1
97e56418-8c66-4ad4-90e6-166c7d8dcfd5,2026-04-09,CUST-784549,2,54,1,61.5,Service,-1,4,App,1,8,61.25,2,4.65,11.66,4.66,0.4,0.89,None,7.59,1
b3b12a50-accd-4bd7-9ace-8a0ae025e8b4,2025-08-05,CUST-836460,4,-32,0,51.5,None,1,2,App,1,5,80.65,2,4.52,38.97,15.96,0.2,0.58,None,27.38,2
32b48b8f-af09-4b6d-819f-ca94ad3b65f7,2025-08-10,CUST-250327,3,-16,0,35.1,None,-1,20,App,1,5,77.09,4,1.37,34.93,8,0.35,0.66,None,28.06,2
363132d1-778f-41de-9a81-376683488282,2026-01-11,CUST-442253,2,59,5,17.2,Billing,1,11,App,0,1,90.61,4,8.86,9.11,17.27,0.42,0.93,None,6.01,4
511b63da-e4d2-44b8-a38c-d50aeccbaf70,2026-05-06,CUST-428642,2,46,3,30.8,Service,0,9,Web,1,4,86.17,4,8.33,14.69,5.48,0.83,0.62,None,25.62,1
33dd4181-ceb5-4b35-8b59-b94ed80ac82b,2026-03-16,CUST-130494,4,-83,2,65.1,Technical,-1,9,IVR,2,14,68.74,2,2.32,9.75,16.29,0.32,0.73,None,26.96,4
15323c36-5579-4424-b6aa-d904c700a717,2025-09-17,CUST-671098,2,36,2,7.1,Other,0,1,IVR,2,11,64.42,4,4.29,13.43,1.15,0.33,0.6,None,5.65,3
3f2b3ca3-2103-474c-b76d-604d75d1a2a4,2025-09-18,CUST-113517,4,-11,1,64.5,Billing,-1,23,IVR,1,11,61.44,4,5.02,30.63,2.11,0.54,0.57,None,22.92,4
dfb19f0c-ef26-4c6c-b328-c8543d5ee2c6,2025-10-27,CUST-744517,1,-97,3,8.4,Technical,-1,9,IVR,1,8,67.89,1,7.18,15.78,18.69,0.77,0.57,None,18.2,5
bbeb7de6-b811-4b3a-8f6d-fb6eb8fab532,2025-10-28,CUST-675991,2,60,3,69.5,Billing,1,27,IVR,1,0,88.43,4,3.07,16.7,9.24,0.49,0.55,None,6.19,2
932db7b7-5dc3-4cba-9f3c-83fe0afff224,2025-12-12,CUST-214240,3,-32,3,51,Billing,1,3,Web,1,10,62.6,5,2.16,31.94,12.65,0.64,0.69,None,17.26,5
5ee2e84a-89a7-497b-a7ab-320dac971180,2026-03-15,CUST-484254,4,-77,1,55.1,Technical,1,7,IVR,3,3,63.62,4,6.15,29.46,15.12,0.2,0.69,None,16.99,2
017e661a-60a9-4257-beb0-8be18499c8f1,2025-08-02,CUST-473810,4,-98,4,53.2,Technical,0,15,IVR,3,8,68.76,2,2.59,17.64,2.23,0.48,0.76,None,23.01,5
4fafb153-1a85-48df-82e7-b50de1f40277,2026-06-17,CUST-657646,3,-72,3,33.7,Billing,0,1,IVR,3,12,61.94,4,9.93,12.45,16.08,0.16,0.72,None,24.49,4
7f3cfee5-8c4c-4c58-ad3c-74e698a448b3,2026-04-08,CUST-331576,4,85,3,68.2,Billing,0,5,App,1,8,90.45,1,1.83,28.84,11.58,0.68,0.95,None,26.97,3
2741b82f-604c-4679-a224-905002568109,2025-08-03,CUST-629033,4,68,4,7.4,Network,1,30,Web,0,11,72.06,3,7.88,12.16,19.19,0.41,0.52,None,20.29,3
2276bbd7-4d62-44fa-b9aa-a3fe25f584ac,2026-06-27,CUST-525573,3,-79,0,4.9,None,-1,6,App,3,0,76.68,1,8.78,34.27,14.27,0.15,0.73,None,25.83,4
9c8768bf-9240-4185-82d4-5db29fc40aee,2026-02-05,CUST-686232,4,70,0,8.1,None,-1,28,Web,2,0,79.21,2,5.49,11.31,19.97,0.93,0.51,None,6.49,4
1928b10d-4c34-4b63-acf8-89f8a42bd3d0,2026-01-15,CUST-143496,2,-78,1,63,Service,0,16,Web,1,9,85.34,3,1.86,5.28,12.93,0.9,0.94,None,20.74,3
725392dc-b22c-4212-b76c-0c84a6d8fb93,2025-09-27,CUST-351071,4,10,3,39.2,Billing,0,10,IVR,2,10,71.53,4,7.36,33.48,1.94,0.26,0.71,App to Web,23.26,2
93c5e39d-7f3a-4ee1-8aa6-03c6e01d5636,2025-09-11,CUST-919629,2,-58,3,18,Other,0,28,Web,1,7,84.54,2,0.13,14.06,12.12,0.32,0.76,None,28,2
6b873372-22b4-493f-8326-c6491342f774,2025-08-01,CUST-266122,4,86,1,64,Technical,-1,23,App,1,3,91.09,5,2.43,13.18,11.11,0.92,0.77,None,6.93,1
399ea3a3-22ef-4ff4-a800-3283d2fb2d0a,2026-05-25,CUST-315221,4,45,4,55.7,Billing,-1,7,Web,2,1,81.13,2,3.07,39.4,12,0.74,0.84,Web to App,19.6,3
36476bb1-b8c5-4987-81cc-ba35bab1abd1,2025-12-10,CUST-415696,1,9,2,68.9,Technical,-1,16,App,3,3,73.79,4,1.67,36.72,8.85,0.88,0.98,None,16.59,3
65bcae71-0c0a-4321-8318-98474f77243e,2025-10-22,CUST-971395,5,-99,4,21.7,Service,-1,18,Web,0,11,88.65,4,4.1,16.57,14.22,0.58,0.57,None,26.51,1
f33ccb14-a8cf-4e17-9f88-68024712e121,2026-03-25,CUST-570557,2,-11,2,70.2,Technical,0,15,App,2,3,68.22,1,2.17,20.76,6.27,0.64,0.6,None,18.95,1
9e7de53e-e286-4e34-bf54-e1d3e9dfd164,2026-07-01,CUST-758681,4,-36,5,24.6,Service,-1,20,Web,2,5,75.67,1,0.93,33.02,11.17,0.25,0.79,None,27.14,2
1245318d-d214-42ba-a2a3-11164ad620b3,2026-04-09,CUST-213101,4,51,0,20.2,None,1,22,Web,2,1,73.92,3,9.04,8.49,13.88,0.9,0.72,None,11.84,5
8aa7b0b4-d116-41b9-a46e-88c8469a60e8,2026-02-02,CUST-440004,4,-41,1,14.3,Other,-1,3,App,1,13,81.19,2,0.16,25.28,16.56,0.36,0.54,None,29.83,2
876b46f0-ac20-4169-a6ea-eb69214684fb,2026-06-16,CUST-367517,3,-7,3,32.2,Billing,-1,9,Web,3,1,75.61,5,7.8,7.6,13.86,0.55,0.52,None,26.45,2
a4930a44-0701-4b5e-ad8b-64b3e9fcd07d,2026-03-21,CUST-488488,2,-100,0,49.9,None,1,16,IVR,2,13,83.21,1,8.77,38.58,17.73,0.98,0.95,Web to App,28.56,4
0d5b2426-4bc3-455b-ab75-eba2da381f51,2026-05-27,CUST-645028,4,18,0,69.3,None,1,26,App,2,12,60.92,5,3.22,6.49,19.57,0.77,0.95,None,16.62,3
5c779dd0-4a3b-4129-aed2-577813e2ce52,2026-02-06,CUST-395309,3,-96,5,61.2,Other,-1,23,Web,1,12,82.79,3,9.31,10.47,5.98,0.99,0.95,None,6.64,2
41ca6de4-7c7e-428f-992a-79a99d181645,2025-11-05,CUST-192356,3,36,2,40.2,Service,0,18,App,0,6,64.82,4,2.19,26.34,15.81,0.59,0.92,Web to App,10.41,2
e0300fc0-15d5-4671-82fd-038b0a5a8b9f,2025-10-14,CUST-769099,1,52,5,31.2,Billing,-1,13,App,2,6,76.89,2,1.98,36.28,4.99,0.22,0.61,App to Web,28.09,2
25270432-9278-4208-9c90-cc56e0125f69,2026-07-02,CUST-995517,5,71,2,36.5,Technical,0,0,App,1,2,79.21,2,2.53,8.44,8.34,0.84,0.92,None,23.72,4
9976e695-4e59-4368-bfa6-d1067831acc0,2026-01-05,CUST-517268,4,-88,3,8.5,Service,0,23,App,1,5,61.34,5,4.2,33.82,16.16,0.5,0.52,Web to App,11.44,2
5d63bde4-ba68-4107-ac4a-d24a890a6ee9,2026-01-06,CUST-882704,1,-82,0,12.1,None,-1,27,IVR,1,2,70.61,1,7.38,28.26,4.17,0.39,0.75,None,10.61,3
13841061-866a-4bd6-af5d-62dc571189a1,2025-09-21,CUST-848076,4,-37,3,58,Billing,1,2,App,3,7,64.05,2,7.69,38.07,3,0.62,0.85,None,10.97,1
c63a3ff8-673b-42a2-bf81-1aaab339a857,2026-04-11,CUST-641492,1,33,5,58.4,Technical,1,0,App,1,8,67.66,4,0.22,36.54,6.69,0.37,0.61,None,15.36,2
7c276d57-af22-482a-b84d-8ac2e5c78aed,2025-09-28,CUST-489079,4,35,5,7.4,Other,1,29,IVR,0,1,68.69,4,1.31,9.29,19.49,0.97,0.66,None,10.15,3
1a739bc7-8b5f-45b3-921c-946269446250,2026-02-05,CUST-245081,1,-57,2,64.5,Technical,0,4,App,2,7,71.09,2,9.63,36.18,18.88,0.4,0.75,None,29.73,3
18cb0cdd-ff80-4eba-bb32-e39369e0bb19,2026-01-16,CUST-856476,2,13,4,61.6,Network,1,19,IVR,1,5,79.4,5,8.17,32.73,9.47,0.3,0.54,None,15.29,3
fe6d5209-95d9-4791-97cc-1a2ab13eaee5,2026-02-13,CUST-322669,5,-22,0,34.5,None,1,17,IVR,0,11,68.18,4,6.27,12.39,6.89,0.72,0.79,None,21.68,2
7fbc2cf3-d6ae-4128-85a0-9d55da6f020c,2025-09-25,CUST-657302,1,34,2,58.6,Technical,0,2,IVR,3,1,86.78,4,7.71,22.56,10.28,0.97,0.68,None,20.17,4
16cb0b07-4fc6-48a2-bd45-8a465493d161,2026-03-30,CUST-767561,2,89,1,42.2,Billing,-1,7,IVR,2,5,67.67,4,4.69,10.15,2.75,0.36,0.54,App to Web,5.51,4
bc59cad5-1390-421c-81d9-8ae7153a0890,2026-04-25,CUST-613554,1,-21,4,40.4,Billing,-1,16,App,3,1,70.35,5,4.88,39.18,8.55,0.38,0.97,None,13.65,3
a3833999-d0ac-4de6-a13c-3480853097e9,2026-04-06,CUST-461257,2,-65,5,51.4,Other,-1,27,App,1,6,89.45,2,2.45,14.45,17.6,0.59,0.85,None,5.59,5
c5d71507-5cf0-4fd2-b24a-e6f45304a4a1,2026-06-15,CUST-548883,2,-33,4,14.7,Other,1,21,IVR,3,8,64.7,4,5.5,8.88,5.84,0.17,0.7,None,19.06,4
0d36d956-1f3a-44fd-9698-d51cb15c2031,2025-07-31,CUST-942986,2,85,5,35.6,Service,0,30,App,1,11,91.45,5,9.25,24.31,6.42,0.73,0.93,None,21.01,4
a56902c5-a16e-4b18-83e4-7695a0bbf403,2026-02-18,CUST-843130,2,57,5,35.5,Service,-1,18,App,0,12,73.23,1,2.91,6.81,8.89,0.9,0.5,None,10.52,4
6880a570-44d9-4ecf-a80a-355180750d2e,2026-01-07,CUST-277355,3,-18,4,40.6,Network,1,29,IVR,3,3,91.01,2,4.57,26.22,18.08,0.28,0.62,None,10.99,4
62571081-bb64-403a-b79c-d4af56cb53b4,2025-09-26,CUST-289395,3,-51,0,38.5,None,-1,15,Web,2,8,66.34,3,4.29,21.63,18.31,0.76,0.68,None,27.38,4
7df5c7d4-bca2-4a29-bbda-e65c9950e979,2025-10-16,CUST-395345,2,3,4,14.1,Technical,-1,12,Web,3,5,60.03,4,2.13,25.44,13.74,0.28,0.56,None,27.31,5
0b961c86-8b18-4cc9-9602-ea217f3f2d25,2026-03-04,CUST-829211,4,88,0,52.3,None,0,28,App,0,8,81.98,3,5.33,8.93,9.98,0.21,0.64,App to Web,8.51,2
980fd0d8-3afc-4eed-9f8d-a653269c4a99,2026-02-18,CUST-264213,1,-85,1,55.6,Technical,0,25,App,3,12,86.34,5,5.47,24.85,16.29,0.19,0.7,None,18.03,3
68b01115-2a6c-46a9-9803-60fb4c74a46b,2026-02-14,CUST-428186,4,-50,2,39.3,Other,-1,12,App,2,10,90.36,3,7.59,34.72,6.58,0.18,0.99,None,22.21,2
7d4ac866-ec4b-47d3-9ef1-7fcbcdc8eda3,2025-09-15,CUST-390169,4,6,3,15.6,Technical,-1,12,Web,2,9,92.07,4,0.54,32.91,1.52,0.86,0.67,None,17.87,3
207b7875-f323-4e85-9d37-24d58de4d91b,2026-04-05,CUST-868235,1,46,1,7.1,Other,1,20,Web,2,10,84.63,1,4.71,24.86,12.52,0.95,0.65,None,21.82,3
ab03fb53-206a-4b8d-9101-cede366fff4c,2026-04-10,CUST-803443,5,-21,4,7.5,Service,1,18,Web,1,3,65.94,5,6.09,36.46,4.91,0.11,0.71,None,24.45,4
512bca52-db87-4bd2-bb4b-7eb5e94b6937,2026-02-15,CUST-103219,4,-34,4,36.8,Service,1,11,Web,3,7,76.82,5,1.68,18.72,12.85,0.53,0.97,None,19.96,4
9b048ad3-de75-4b51-be58-01cb06247dca,2026-03-27,CUST-715155,4,73,0,66.6,None,1,5,Web,1,9,61.2,2,3.68,16.51,13.35,0.11,0.61,None,9.13,4
b51c35cb-ea45-4b5f-be7a-1151eb52815d,2026-07-19,CUST-811468,4,-80,5,11.8,Network,1,26,Web,1,8,61.57,2,9.73,27.51,13.94,0.63,0.73,None,14.76,3
b1fd23bd-1eb3-426b-ae7a-29415995627c,2026-05-08,CUST-921388,2,-55,3,13.1,Network,0,11,App,2,2,68.51,2,0.44,13.31,18.69,0.43,0.59,None,24.34,5
37383aa5-9589-402e-858b-e14caf70c073,2026-07-19,CUST-678341,4,-36,2,40.3,Service,-1,1,Web,1,6,70.98,4,7.81,33.78,5.03,0.14,0.83,None,14.24,3
a0266fd0-c3ad-454b-945d-a14de2c255a3,2025-09-25,CUST-398266,3,78,0,52.4,None,0,15,Web,3,3,64.78,4,5.11,35.4,11.41,0.86,0.68,None,9.11,4
1c5816b8-0f11-45e2-835b-f32d5e206920,2025-11-25,CUST-825692,2,-20,5,12.1,Network,0,22,IVR,3,1,60.95,5,2.18,22.71,19.49,0.1,0.91,None,20.26,2
cd50d88f-a17d-49cf-b56e-0795a6705ba9,2026-04-16,CUST-994952,2,79,3,20.8,Other,-1,8,App,0,9,63.23,4,0.12,23.86,4.88,0.55,0.75,None,8.14,4
a8e44e44-4f04-4b89-9a1c-8b3782421979,2025-12-28,CUST-833043,1,-78,2,45.9,Billing,1,3,Web,0,5,82.34,1,9.94,23.87,9.43,0.96,0.64,None,20.23,5
e1105a58-e104-419d-a5be-4b18c2923401,2025-10-16,CUST-884201,4,-49,3,33.6,Service,-1,14,Web,1,11,74.01,4,0.67,31.14,19.77,0.8,0.54,None,8.53,4
9c07c108-55fd-411a-8a47-2b1076320b27,2025-09-22,CUST-537025,2,25,1,27.8,Other,-1,4,IVR,1,5,76.71,3,9.9,34.94,15.34,0.5,0.58,None,11.63,1
833e6186-9838-41b5-ad28-06a618d71bed,2025-09-17,CUST-246342,4,0,0,50.6,None,1,11,IVR,3,2,68.29,2,1.54,17.43,3.26,0.61,0.69,None,23.84,2
87b0c71a-6871-4516-93df-950445f36168,2026-02-24,CUST-690226,4,8,1,51.9,Billing,1,15,Web,2,6,86.69,4,8.23,14.58,8.97,0.69,0.58,None,17.17,2
7f109564-2e6a-410c-9cb5-5e5d1ec202dd,2026-01-15,CUST-754095,3,-82,2,48.9,Network,-1,17,Web,2,11,86.09,5,1.15,12.62,5.98,0.72,0.65,None,14.04,5
42060a04-bf03-4c39-b919-90a51f08306c,2026-05-06,CUST-906093,5,18,4,41.8,Billing,-1,11,Web,3,14,67.86,1,9.47,39.9,9.06,0.99,0.75,None,16.67,2
f030e9de-ce18-4585-877c-7e77a66b7cdb,2026-02-10,CUST-837773,4,39,4,9.5,Service,-1,23,IVR,0,0,94.83,1,4.79,25.23,2.51,0.92,0.71,Web to App,5.23,4
bcf5b05e-bf5a-4251-bc45-d04a4f6c326c,2026-07-11,CUST-715444,1,86,3,64,Billing,-1,7,App,3,14,90.09,3,5.66,10.78,7.3,0.66,0.76,None,24,3
0f86b9d4-da32-451f-bc70-3e7725298cf7,2026-07-22,CUST-456019,5,32,3,6.3,Technical,1,8,IVR,3,12,92.48,4,2.99,10.5,9.4,0.79,0.54,None,10.65,2
7205a8f3-2334-46bf-88a2-1d4b8d7cc36c,2026-01-27,CUST-283201,4,31,5,29,Technical,0,11,Web,0,7,82.98,3,4.93,16.08,7.61,0.85,0.61,None,10.05,2
cf8185e2-1cd7-485d-b832-ed41fcbda001,2026-04-27,CUST-761911,1,59,0,33.9,None,1,20,Web,2,0,73.36,4,1.55,24.28,7.45,0.31,0.86,None,13.76,3
b0db96d0-b574-4e0d-b09e-af87fb3c2a2a,2025-11-28,CUST-418422,1,-50,4,54.8,Service,0,2,App,2,11,88.26,3,3.51,13.55,6.6,0.44,0.84,None,29.09,2
b0b04707-aadd-431d-ba59-c604ff651d67,2025-10-18,CUST-377930,2,-54,3,2.1,Technical,-1,28,Web,1,4,81.26,2,5.76,31.05,4.25,0.45,0.68,None,17.89,4
88f8f0ee-5b5d-41c3-8d41-3b586f25c267,2026-01-09,CUST-100248,4,-49,2,53,Billing,0,5,IVR,1,11,61.62,1,9.74,6.02,12.85,0.53,0.57,None,21.01,1
e78df88d-ea34-41ad-ba97-7c899752c530,2026-01-26,CUST-385696,3,64,3,29.6,Other,-1,24,IVR,1,4,77.23,3,0.95,37.56,8.63,0.89,0.64,None,5.11,3
38b787b0-a79d-44e2-ad37-5cead0c55267,2026-03-28,CUST-998890,3,1,5,19.6,Technical,1,3,IVR,1,0,85.63,5,1.72,36.74,15.78,0.97,0.57,None,16.61,5
ba1e5809-e8da-4a02-a935-1034976874cc,2026-07-12,CUST-409901,1,-16,1,36.8,Billing,1,20,App,3,13,80.18,5,7.74,34.05,19.5,0.72,0.98,Web to App,20.5,4
39814d93-e15e-4b02-bc82-58322fa89468,2026-03-09,CUST-310473,5,-16,1,22.5,Service,0,29,IVR,0,14,69.1,2,8.86,21.97,15.59,0.27,0.99,None,27.54,4
0b4551e2-5fa0-4a1c-8c65-8c6c0c4bb308,2026-06-21,CUST-120844,2,79,2,39.8,Other,-1,22,IVR,3,1,82.82,5,7.85,14.37,13.08,0.47,0.55,None,27.72,4
98b3b1a1-56a6-4b42-9c17-2453f99541e7,2026-05-16,CUST-586844,4,80,4,9.4,Technical,1,26,Web,2,12,75.33,2,0.91,8.26,14.17,0.93,0.95,None,19.58,3
08199ba5-b568-4038-a49f-633c41a0ba28,2026-01-03,CUST-789114,2,92,5,67.8,Technical,0,21,Web,2,5,81.02,4,0.86,34.34,1.36,0.59,0.5,None,12.73,5
00858bb2-4abe-4db9-9106-e5fbc6b29184,2026-04-19,CUST-615690,5,39,0,44.4,None,1,24,IVR,3,3,88.43,2,5.78,29.29,12.52,0.81,0.68,Web to App,21.84,4
745cbd35-ee19-484c-9e62-d2f0a8fd1b71,2025-12-07,CUST-413295,4,-4,1,17.2,Network,0,24,Web,2,2,63.04,3,9.4,25.62,6.63,0.32,0.64,None,21.61,2
1a307e31-a353-4a40-a7ed-0d57e79c8c5a,2025-10-08,CUST-436747,3,-85,1,5.4,Network,1,19,App,1,1,86.19,1,5.48,22.68,13.87,0.7,0.74,None,17.58,2
994bba70-a2f8-448b-8f21-3dda268096d6,2026-06-03,CUST-624803,2,-95,3,4.4,Network,0,2,App,1,10,75.84,3,5.04,23.61,14.81,0.53,0.92,None,17.26,4
4d1a93b0-9d2f-46fb-b3f7-770a46b5ed22,2025-08-30,CUST-473772,3,-14,3,71.9,Other,1,29,IVR,1,12,77.15,2,1.08,30.4,3.21,0.18,0.91,None,19.23,2
eea5b19e-aa2d-4c51-9273-05a10dcd6baf,2026-03-28,CUST-746380,2,50,1,23.9,Technical,1,21,App,2,1,65.16,3,8.96,28.91,6.35,0.96,0.68,Web to App,15.54,2
6d06f180-fb92-4fdc-9d4c-d9c8b1c046b9,2025-09-02,CUST-451050,4,0,2,10.3,Service,-1,1,App,2,7,68.27,5,3.85,6.19,19.91,0.15,0.54,None,11.16,1
19577b87-9f7e-40ae-b6d1-37f50c07ba40,2026-07-11,CUST-195234,3,60,1,63.5,Billing,0,24,App,1,2,68.95,3,8.84,22.01,2.83,0.3,0.58,None,5.57,2
6aa232ba-32a9-4b34-9bfe-dcb99878b547,2026-07-13,CUST-769709,2,-4,2,30.9,Technical,0,22,Web,2,7,93.89,3,7.57,18.15,5.86,0.39,0.88,None,15.58,5
b9ed7900-3c7e-4703-9696-b37b67929827,2025-08-10,CUST-542559,2,-9,0,21.7,None,1,15,App,2,10,74.7,3,8.57,12.04,15.68,0.58,0.59,None,8.64,5
ef455f87-cf1d-46ca-8e2c-5ba4c1a73690,2026-02-17,CUST-383222,4,-18,0,52.1,None,0,14,IVR,0,6,92.36,3,2.44,36.01,16.52,0.77,0.58,None,16.95,4
827f2ae9-7d55-4477-83a5-fefab40ee72a,2025-11-07,CUST-124598,3,-60,0,20.9,None,-1,11,Web,0,3,65.4,2,3.74,13.94,10.05,0.26,0.98,None,18.56,2
318b3958-3803-4e7d-9e94-1b57d3fd8896,2026-06-20,CUST-206455,2,94,3,61.7,Technical,0,18,Web,1,12,93.37,5,1.29,30.74,18.06,0.97,0.78,None,24.73,1
26193020-a428-420b-b0b0-7740d14d5bfb,2025-10-28,CUST-281830,4,81,4,60,Network,-1,28,App,3,8,90.39,3,3.08,38.45,3.59,0.2,0.53,None,14.35,5
87e9bfb6-d8ed-4ee8-b2a6-709bde3f12c6,2026-07-05,CUST-299855,5,-21,0,25.8,None,-1,20,IVR,2,13,86.03,2,8.93,15.43,18.94,0.25,0.99,None,5.01,3
b75f7f7a-9fc5-4086-ad0f-c385e74ebb5d,2026-07-20,CUST-831159,4,-48,4,53.8,Other,1,20,App,1,2,60.58,2,4.15,27.76,16.06,0.3,0.8,None,7.91,4
1a5962ce-4a7f-47cc-892a-d58e6189ef9c,2025-10-22,CUST-286341,3,0,4,6.6,Service,1,19,App,0,1,74.29,2,4.17,10.28,2.98,0.5,0.58,None,27.87,3
bc9d6447-a997-4df1-b654-29801ca22d92,2025-09-13,CUST-855750,2,-17,4,28.1,Other,0,2,Web,0,1,88.97,1,3.08,11.69,9.28,0.71,0.96,None,9.2,1
3c491c5f-e0e6-40ee-9a66-e816af7c2b97,2025-11-07,CUST-821889,3,-68,3,24,Service,0,1,Web,0,3,73.76,3,4.52,29.8,5.06,0.22,0.62,None,20.06,5
11443215-6b4c-425f-a4b5-ef6e3963596d,2026-05-15,CUST-623649,2,-2,4,59.4,Network,0,11,IVR,1,11,86.66,3,7.95,18.5,4.65,0.52,0.96,None,27.56,3
ed59d792-03e1-41a4-82e6-5f0bc06e6ecb,2025-07-28,CUST-314194,3,-36,2,12.8,Service,-1,29,IVR,1,7,81.06,5,6.13,8.4,7.14,0.24,0.5,None,11.77,1
2c7d3070-8933-40d9-af5c-0354a682a763,2025-12-06,CUST-941425,2,6,4,47.1,Billing,0,24,App,1,6,75.38,4,8.88,38.19,9.84,0.57,0.59,None,13.69,3
19e01de3-2698-494d-80f3-d6d66fc342ee,2025-10-21,CUST-566643,4,-46,3,68,Network,-1,11,Web,3,2,82.95,3,5.67,9.56,12.61,0.74,0.95,None,13.58,4
eea35175-ed4a-419d-b1d9-dd5b06d95a9e,2026-06-20,CUST-293409,3,-74,3,62.9,Other,1,2,IVR,0,6,83.09,3,6.54,27.92,16.59,0.39,0.95,None,23.54,2
13dbbb7a-d2df-4d0a-9208-899ee9e40029,2026-01-02,CUST-749390,1,-61,5,67.1,Other,-1,20,IVR,0,14,85.17,4,8.4,12.97,6.83,0.25,0.75,None,22.07,5
4f492001-fc55-4abd-93c4-01a25b26b457,2025-07-28,CUST-851632,5,-69,4,44.9,Other,-1,29,App,2,11,63.94,4,8.12,30.48,1.98,0.92,0.65,None,5.42,3
1c31d9f2-23ff-4551-9fdc-a9b934c28173,2025-11-28,CUST-637273,5,1,5,6.9,Billing,0,25,App,2,1,89.89,1,8.16,6.71,19.85,0.41,0.78,None,14.24,3
2c0ba78e-ab2b-4cf1-9a67-685c4a1f4757,2025-08-07,CUST-321756,4,-97,4,51.5,Billing,1,14,Web,1,8,71.8,3,1.06,27.03,10.29,0.2,0.63,None,23.68,1
84e8e491-6759-4715-ae9d-58fa0a23a084,2026-01-14,CUST-965372,4,-90,4,40,Other,1,17,IVR,1,10,70.32,1,3.19,25.55,4.71,0.99,0.61,Web to App,8.83,4
951266be-ef8d-4c1c-9308-61dc7604ef8f,2026-01-29,CUST-873819,3,36,4,22.5,Billing,1,17,Web,1,7,67,4,2.54,16.52,13.98,0.96,0.95,None,18.86,2
56e4f72a-850b-44fd-adb3-3e4d70bc3fa1,2026-04-28,CUST-321960,4,-78,2,41.7,Other,1,19,Web,3,13,75.54,1,7.26,35.9,6.67,0.36,0.92,None,14.53,4
ea10d92d-8982-4aba-b149-76fe445e9865,2025-12-28,CUST-367980,4,-55,4,53.2,Other,-1,19,IVR,1,0,85.68,1,5.04,29.88,17.14,0.54,0.56,None,10.99,1
98a0864a-5d70-4c19-9b15-42f2f0cd10e7,2026-05-19,CUST-166669,2,-31,2,36,Other,-1,23,App,1,12,83.53,4,3.55,24.67,19.47,0.97,0.58,None,26.13,2
ed82f81f-0198-42d6-afc7-aa4f63879676,2025-11-08,CUST-666367,3,74,5,15.4,Other,0,6,IVR,0,9,85.75,4,8.73,20.76,11.17,0.22,0.92,None,15.33,4
f6c055aa-56f6-402b-9ac6-3ce2b02fb10a,2026-04-01,CUST-298352,2,-4,3,10.4,Network,1,12,Web,1,2,93.97,2,6.17,25.45,19.45,0.58,0.95,None,14.77,2
83995904-a651-49ab-b8c8-e0eab76221b8,2025-09-19,CUST-652526,3,-61,2,30.8,Billing,-1,23,Web,1,5,67.79,4,3.95,19.54,11.73,0.77,0.93,Web to App,7.28,2
33cdde4c-6cf8-4378-b225-e8d4571a2c2d,2025-07-28,CUST-234327,2,-53,3,34.4,Network,1,17,IVR,3,3,81.59,4,5.59,16.68,18.72,0.24,0.5,None,9.25,2
d4510df2-01db-4366-9984-b10160117aef,2026-05-12,CUST-502995,3,82,3,52.1,Network,-1,27,App,3,11,61.12,2,6.83,32.54,12.83,0.77,0.68,None,8.63,3
2fe792eb-3e47-4fe1-9b17-6f13d8a56cdd,2026-03-09,CUST-629828,5,77,0,50.2,None,-1,11,IVR,2,7,68.59,4,8.31,33.01,13.15,0.98,0.78,None,6.08,4
0f1799ec-eb37-4357-ac48-2b5f0b52bbee,2025-09-22,CUST-194958,3,25,0,41.5,None,0,11,Web,1,12,90.89,2,3.3,20.12,12.14,0.28,0.8,None,25.28,2
8a95340d-e13f-45a0-a22f-f1fb9988ffc6,2026-07-08,CUST-563529,1,56,1,16.1,Billing,-1,19,IVR,1,0,94.27,3,0.61,15.76,6.16,0.3,0.63,None,20.76,2
d695e6fb-2a7f-44e1-8011-2eda2d6231a8,2025-11-26,CUST-433577,2,95,0,25.2,None,1,15,IVR,2,7,80.82,3,0.58,6.94,14.14,0.26,0.83,App to Web,14.29,4
18fc7251-7a11-43c2-aa7c-daf98d12e89b,2026-02-26,CUST-345521,1,25,3,40.5,Service,1,12,IVR,1,9,79.57,2,7.02,9.38,12.09,0.48,0.66,None,19.63,1
3276b502-a91e-49c1-85f0-1a6529d1a954,2026-03-21,CUST-979865,5,18,4,56.9,Service,1,23,App,2,8,71.49,1,2.9,15.79,4.59,0.56,0.7,None,7.92,5
1b31a918-8952-4b15-8aa5-390b20683bc6,2025-10-24,CUST-402274,1,89,4,18.9,Service,-1,2,IVR,3,4,91.97,1,1.41,8.11,12.51,0.51,0.9,None,22.16,5
0a0ae55a-0f18-4441-96b3-67392301876c,2026-02-06,CUST-188372,3,-57,1,27.5,Network,1,16,Web,1,5,94.93,2,4.51,25.38,16.98,0.37,0.7,None,19.54,5
6ca2bd3f-786f-4ff9-87d1-3bc647d32ec3,2026-02-08,CUST-141972,2,-94,1,17.8,Technical,0,8,App,3,8,68.82,3,5.03,30.12,14.46,0.44,0.6,None,13.05,2
aeb9e6d4-9817-46e3-8cb9-8563d4ea63ce,2026-06-03,CUST-334085,3,88,2,34.5,Billing,0,20,Web,3,11,91.77,3,0.94,36.65,19.8,0.29,0.53,None,25.35,3
2b22afab-ce64-449c-8ee5-d956bcae8898,2026-05-25,CUST-579540,2,-32,4,62.6,Billing,0,7,App,1,13,60.83,2,9.02,32.68,13.38,0.19,0.57,None,25.94,2
082968e4-e923-47e0-bcc6-a628db836889,2025-11-16,CUST-514733,3,74,4,31.2,Technical,0,16,IVR,0,12,90.43,5,7.16,11.53,14.18,0.23,0.75,None,23.93,1
36026809-dbf1-4112-8f8e-52db6a23a76d,2026-02-02,CUST-299652,2,7,2,16.6,Technical,1,7,IVR,0,11,68.14,4,3.2,20.28,17.27,0.8,0.55,None,24.67,3
f5891185-c65a-46ee-9b33-8aa1315b92d0,2025-10-18,CUST-465870,5,24,2,7,Service,1,5,App,3,11,89.25,1,9.22,12.64,9.94,0.22,0.84,None,24.9,4
7373b7ce-8ee0-4790-8d7b-4987c18161ad,2025-08-15,CUST-390130,4,-31,1,62.3,Network,0,8,App,1,11,92.31,2,1.11,35.08,12.08,0.35,0.84,None,24.75,2
81581345-bd3c-4e87-a643-6b597de27ad8,2026-02-20,CUST-510855,4,-34,3,50.4,Technical,-1,28,App,2,13,72.07,4,6.32,6.18,11.59,0.83,0.69,None,25.83,3
8a101982-ccac-471c-9217-6ec73f4193b0,2026-02-22,CUST-135566,2,-56,4,21.5,Service,0,29,Web,2,11,87.6,2,0.49,17.32,16.69,0.58,0.93,None,28.9,3
a49964f2-687f-49c9-8b1c-36f10bcde5f9,2025-08-11,CUST-261069,3,-55,2,52.9,Service,-1,15,App,2,4,71.24,3,3.33,25.22,8.35,0.48,0.73,None,13.87,2
5317d1a9-2840-4378-aa76-dd29eafff549,2025-12-23,CUST-870822,2,-14,3,26.8,Other,0,22,App,2,6,93.19,4,7.45,31.29,19.13,0.71,0.62,Web to App,10.72,4
bad401dd-a201-4873-a5e2-b2de9eba542d,2026-04-02,CUST-868553,4,12,5,23.8,Billing,0,6,IVR,1,9,73.65,3,2.03,24.06,2.24,0.44,0.83,None,22.33,2
3ad421e4-40c4-4229-9050-75dcb0ebb39d,2026-04-13,CUST-433172,4,-52,5,63.4,Network,0,29,Web,2,13,76.43,3,2.12,12.57,13.78,0.86,0.78,None,11.17,4
8705544a-b828-45ff-b4ba-356391ce661f,2026-01-13,CUST-394900,3,35,1,53.1,Network,0,17,App,1,9,64.04,4,7,18.41,17.65,0.3,0.77,None,16.53,2
889674b2-5e0c-4c5b-b38b-39a47decb0f5,2026-07-18,CUST-776832,5,-13,1,68.1,Billing,-1,2,Web,3,12,67.63,1,9.11,20.59,9.58,0.47,0.87,None,8.65,2
fe5b971f-233c-4a85-a70d-0efd8b27e979,2025-10-17,CUST-168588,4,-89,3,64.9,Service,0,23,IVR,2,8,89,2,9.92,25.86,17.4,0.42,0.52,App to Web,20.3,3
0581d067-d0e0-48ed-bc34-3e2e361c9529,2026-07-17,CUST-497139,2,48,1,51.7,Billing,-1,6,IVR,2,4,69.52,4,2.86,7.96,19.37,0.21,1,None,18.96,5
dfd62c22-7d95-4ccb-899e-a77b37dea8ce,2026-04-22,CUST-254812,4,74,3,32.1,Other,-1,1,Web,2,11,77.13,3,0.91,9.52,6.76,0.11,0.69,None,8,2
6c1cd0df-54ad-4d69-b9b5-c6d1677a7da5,2026-04-25,CUST-735028,4,27,1,66.7,Service,-1,5,Web,0,6,64.18,1,1.94,5.33,15.85,0.66,0.73,None,26.7,4
ca5bbcfe-30a9-4d77-ab56-b3b7d38ddb47,2025-12-16,CUST-640763,3,-28,4,13.7,Technical,0,2,Web,0,8,85.14,5,9.89,15.97,1.66,0.97,0.8,None,26.97,2
988a4cd3-f5c9-4365-8c62-9d8b5a8c2458,2026-06-27,CUST-275715,4,-51,2,30.8,Network,0,17,App,1,5,72.39,5,3.21,11.69,9.67,0.33,0.92,None,9.69,4
02a241ce-8799-4f7b-b29b-f39b670822b6,2026-06-25,CUST-948278,5,-91,1,34.7,Other,1,13,IVR,0,11,61.94,2,5.73,17.18,9.59,0.56,0.52,None,10.1,2
28700264-8b5f-4490-be13-63081cac1376,2026-04-21,CUST-429939,5,-93,3,5.1,Service,1,1,App,1,8,69.34,2,9.54,38.12,6.22,0.23,0.99,None,5.1,4
b2260319-e47e-4f38-b302-1e496cfbfb7c,2025-08-29,CUST-518631,4,41,3,44.6,Other,-1,14,IVR,1,7,74.13,5,8.49,39.53,2.84,0.42,0.91,None,19.99,2
f01a581a-1c60-4417-805d-2b8081ecea62,2026-02-07,CUST-325673,3,-87,4,32.4,Service,0,13,IVR,0,11,93.73,4,9.1,19.15,1.1,0.97,0.76,None,8.82,2
50ceab3f-d69b-4345-81d0-78fa78670fcd,2026-04-03,CUST-443641,5,26,2,13.3,Billing,1,1,Web,1,2,89.25,2,7.4,31.95,14.64,0.54,0.74,None,29.96,3
f8c92dae-c777-40a9-834d-b2bab072b718,2026-05-09,CUST-192689,1,-98,1,41,Service,1,13,Web,3,4,65.18,2,9.57,38.95,12.66,0.99,0.91,Web to App,10.54,2
3729dc8c-2ae4-43e8-b77e-46699eda2952,2026-01-26,CUST-250643,4,32,1,70.4,Other,0,22,App,0,4,84.02,3,8.92,13.45,3.57,0.49,0.86,None,17.03,1
3b18935d-1a00-4e33-929f-d72d208eee48,2026-05-06,CUST-133975,5,-69,4,42.9,Technical,1,5,Web,1,3,72.69,4,8.51,16.12,1.19,0.5,0.61,None,28.12,4
610f4c67-506f-4b32-998d-2bcad02ba908,2026-04-26,CUST-295597,3,-77,1,35.3,Network,-1,3,App,0,1,74.2,2,0.45,28.45,11.44,0.15,0.62,None,29.57,2
32771acd-09fb-48f9-9007-40e0a62800ad,2026-04-15,CUST-767294,3,-84,4,4.8,Technical,1,21,App,1,4,83.01,2,3.31,18.08,17.63,0.35,0.67,App to Web,11.94,2
daff65f0-d329-4b26-858a-f13170d34b6c,2026-04-07,CUST-880280,3,47,4,69.3,Other,0,0,App,2,9,93.19,5,7.76,7.34,12.72,0.59,0.58,None,8.39,4
44c84cab-0205-4f72-bbc5-aa5755b33766,2026-03-01,CUST-653976,2,28,3,64.6,Technical,-1,14,App,0,6,91.25,5,7.88,27.82,8.66,0.58,0.73,None,23.81,5
67b95e83-8357-42c8-8873-f40aa3a89b8b,2026-06-01,CUST-990410,3,52,3,18.8,Technical,0,27,Web,1,2,68.36,2,9.97,33.33,9.24,0.23,0.55,None,9.85,3
2d4bdc5c-09f5-46bc-9139-852fca680895,2026-02-17,CUST-449503,1,1,3,68.5,Technical,0,0,Web,1,1,64.97,1,0.33,22.58,7.16,0.39,0.9,None,12.27,3
bdbe0500-30d3-4752-b509-c5d05250e3e7,2025-10-09,CUST-118191,1,35,3,19.8,Technical,1,13,App,1,10,68.11,3,8.94,14.35,5.07,0.66,0.91,None,9.5,1
cc0fb257-6bee-4702-9ea0-defda9cd5030,2025-07-28,CUST-708927,4,-24,3,47.7,Technical,0,30,App,3,2,81.18,2,0.35,22.4,17.2,0.45,0.8,Web to App,10.45,1
61f79ae3-da05-450e-8845-6eec919465de,2025-08-12,CUST-797341,4,-25,3,24,Technical,-1,9,Web,0,9,90.57,3,3.94,21.39,7.05,0.95,0.62,None,7.14,1
f7411844-8186-4f7d-adca-f7179ba8eb9a,2026-04-24,CUST-975662,2,96,4,52.7,Other,0,25,App,2,5,62.03,3,9.82,39.2,10.24,0.21,0.81,None,13.04,3
c6e768f1-09ed-4cb9-a909-9eead8180b07,2025-08-08,CUST-607103,1,-5,4,35.9,Other,1,26,App,0,11,69.09,5,1.02,29.98,16.54,0.17,0.78,None,7.01,1
74655b72-dc11-4298-883f-4ab35f4dc7d4,2025-08-01,CUST-224260,4,61,4,14.9,Billing,1,18,IVR,1,12,89.46,5,7.3,33,18.58,0.93,0.6,None,22.54,3
7766698d-2da5-48e5-99d5-a5c467fca27f,2025-10-24,CUST-251964,4,91,2,13.1,Billing,-1,14,Web,3,10,74.67,5,8.09,16,14.87,0.95,0.69,None,29.11,5
9f78374c-42a6-4268-a4a9-41f35d468a03,2026-06-22,CUST-171331,2,21,3,18,Technical,-1,9,App,3,2,78.2,4,9.05,20.28,18.07,0.98,0.95,None,10.49,5
c01b398a-5fb0-4532-a219-e03abf5024f7,2026-02-07,CUST-294786,4,-10,1,18.1,Billing,0,7,App,1,4,72.97,4,5.34,6.07,8.53,0.29,0.81,None,29.48,5
394a4a2f-6464-49e6-a750-9c2a7a37880c,2025-09-10,CUST-820291,2,93,1,51.4,Billing,-1,27,App,2,5,69.39,4,8.27,22.84,7.11,0.78,0.86,None,9.95,3
b32d66a0-5fa3-4904-a435-83efe324350a,2026-05-22,CUST-108054,4,90,1,64,Technical,0,27,IVR,0,1,75.45,2,5.15,23.7,4.68,0.78,0.76,App to Web,28.38,4
279eb55f-c96a-4439-8913-23973d12d4e0,2025-09-23,CUST-605760,2,40,3,2.1,Billing,0,28,IVR,3,3,82.01,2,2.35,6.67,4.61,0.49,0.57,None,25.29,3
2ad17e3a-2e69-4209-996c-c702498c34d4,2026-01-12,CUST-150753,2,98,3,25.5,Network,-1,23,Web,2,4,77.92,3,6.82,33.52,11.14,0.94,0.84,None,7.44,3
19ac6e3a-17fe-4ee5-9dc9-6b7f2502cc83,2025-08-22,CUST-802636,3,19,2,54.9,Technical,-1,21,Web,2,5,75.21,3,8.73,27.22,8.11,0.91,0.71,None,22.89,2
144494b7-5598-467c-b407-8c2de25d4287,2026-04-02,CUST-416679,1,-91,2,7.9,Other,0,21,App,0,8,63.05,4,6.21,18.94,2.23,0.77,0.71,None,16.8,3
dce99cfd-8166-4018-be69-74948b4cf6f8,2025-11-15,CUST-687802,4,99,2,1.8,Service,-1,26,Web,1,7,61.39,5,0.19,30.83,13.48,0.31,0.95,Web to App,24.26,2
81a7a29c-ead9-40ed-9f3d-5977e6dde518,2026-04-21,CUST-433040,5,29,3,58.4,Billing,0,29,IVR,2,5,66.9,4,9.18,17.64,13.42,0.36,0.52,None,7.03,3
e1aa6266-5361-497b-92a1-17076f3241e2,2025-09-17,CUST-736404,5,-16,3,54.7,Service,1,2,IVR,3,4,74.99,5,4.98,10.76,1.98,0.25,0.95,None,20.35,4
ecac7dc7-7911-467e-ad83-76a5ec04281e,2025-10-16,CUST-295805,2,-26,5,57.4,Technical,1,25,App,0,2,79.72,5,2.83,15.02,6.77,0.44,0.61,None,27.68,3
6160ae34-b12b-49a4-806f-829dffaa9949,2025-08-21,CUST-931846,5,6,3,51.6,Network,-1,24,IVR,1,3,84.79,4,9.99,21.17,16.42,0.94,0.92,None,5.72,1
6c8b9d14-a763-4174-a315-96746d5730a1,2025-12-27,CUST-410828,3,75,4,38,Service,1,4,Web,0,5,93.6,4,9.98,30.03,4.96,0.54,0.87,None,17.39,3
5f03ec1a-763a-4845-9448-b533d6b5918b,2026-05-28,CUST-924836,5,89,2,48.4,Network,-1,14,App,1,13,82.46,5,8.42,32.68,9.53,0.29,0.69,None,22.16,2
20bd2ea9-2931-4641-a288-919ab4e13b76,2025-10-05,CUST-319665,1,75,4,49.4,Billing,1,4,App,0,10,85.63,2,3.06,5.51,15.28,0.15,0.84,None,16.66,3
40de02a4-0f58-4700-965a-ec1e452c6adb,2026-07-08,CUST-488535,4,-67,1,21.2,Service,-1,18,App,0,12,76.99,3,4.75,11.36,4.16,0.14,0.73,None,15.11,5
2cca2cad-3f7c-437d-bd68-fead3b59af8b,2025-08-12,CUST-434823,2,99,2,21,Billing,0,7,App,0,10,68.7,3,2.23,11.06,8.2,0.85,0.53,None,17.17,1
d8164e7d-8a73-4079-a426-d5fcd72dfe4d,2026-03-18,CUST-325969,5,7,3,70.9,Other,0,8,App,2,3,92.54,2,1.69,5.51,19.22,0.84,0.76,App to Web,24.17,4
cb190336-fdf7-412a-9caa-4705fbb1a293,2025-10-02,CUST-958896,5,-26,1,64,Other,0,18,App,2,14,81.3,2,1.38,31.07,1.61,0.9,0.69,Web to App,14.56,4
a8cba280-b863-4489-ba5f-51be8a7aa739,2025-11-10,CUST-973432,2,3,4,13.2,Other,1,23,Web,1,7,83.62,4,1.78,36.26,15.35,0.34,0.71,None,19.42,4
a3091348-98a3-417a-b583-d9c4ecb7c4f1,2025-08-31,CUST-559541,5,-95,2,2.3,Network,0,16,Web,3,4,62,3,4.28,26.07,18.74,0.73,0.57,None,22.13,4
5be37862-52a9-4c8a-a8fa-d7f6b3fa94fd,2026-05-30,CUST-900927,4,-41,2,40.7,Service,0,22,Web,0,6,61.03,1,9.23,16.18,2.81,0.86,0.6,None,29.95,3
91cfbb52-fff6-4af2-b846-89980c7c9a0a,2026-04-19,CUST-700318,3,-98,1,40.1,Technical,-1,2,App,0,4,73.23,4,9.6,36.89,5.4,0.31,0.67,None,17.63,2
465fbe1f-bbda-48f6-9658-36273c3a4e10,2026-07-21,CUST-759617,1,7,4,39.5,Billing,0,16,Web,0,2,75.45,4,8.62,25.13,8.42,0.98,0.62,None,14.58,4
a9248f67-da77-4931-993e-c81e2e4cf405,2026-03-12,CUST-336978,3,-16,3,39.8,Billing,-1,24,App,0,6,64.19,4,8.87,35.27,1.01,0.53,0.67,None,14.55,4
9af7540f-4119-456e-b094-11be952753ba,2025-08-12,CUST-656781,2,34,3,27.3,Technical,-1,19,Web,2,5,79.98,3,0.87,18.88,8.13,0.1,0.51,None,8.88,4
29dbaa24-5caa-4ffd-a286-9b51daf4675a,2025-08-18,CUST-610164,5,-76,3,51.7,Service,-1,26,App,1,3,90.39,5,6.94,5.67,9.27,0.83,0.87,None,10.68,2
dc75b0b7-23a2-426c-87d3-a0cd5c896d97,2025-09-08,CUST-770987,5,-35,2,60.4,Service,1,2,Web,1,7,78.79,2,4.59,15.77,6.98,0.53,0.88,None,20.13,2
a949b37a-36b8-4683-9caa-3855da7d16e7,2025-11-16,CUST-672797,1,87,2,8.2,Technical,0,17,Web,1,8,60.63,3,9.12,26.55,1.59,0.38,0.98,None,9.34,1
fd19a93e-a26d-4f5e-bc14-c0f3c3454128,2025-09-10,CUST-556183,5,14,4,61.6,Billing,1,6,IVR,0,10,69.18,4,8.74,14.75,9.05,0.53,0.72,None,8.87,2
df13eb76-47e7-40a9-959c-6f51a8368c07,2026-06-22,CUST-249297,1,-34,2,8.7,Network,-1,16,IVR,3,4,66.26,1,7.79,13.32,15.96,0.74,0.82,None,26.42,2
ebdb7ffe-eb3c-4ddc-930d-c7cb844f6cd6,2026-02-15,CUST-380609,1,64,4,37,Technical,0,18,Web,1,7,74.33,3,8.19,21.1,2.01,0.63,0.82,None,19.88,3
7722b007-4de2-4d46-bb9f-8dea0339b81c,2026-03-30,CUST-253269,2,36,3,48.8,Technical,-1,1,App,1,1,80.99,4,3.65,10.41,5.49,0.59,0.56,App to Web,18.89,3
9c4b83de-ad45-48aa-a4fe-cb95ec8570b3,2025-09-13,CUST-332873,3,43,1,6.5,Other,-1,23,IVR,3,5,93.67,4,3.58,37.23,14.62,0.68,0.6,None,19.19,4
deeec9c5-ad7e-4d87-a3d2-f49091e739da,2026-03-21,CUST-980232,1,46,4,46.6,Service,-1,24,App,2,3,72.11,2,0.11,17.08,19.16,0.75,0.75,None,16.33,5
2af7f151-bce9-4bd9-af6a-62cfe55a280e,2025-08-12,CUST-960441,4,78,1,60.1,Other,-1,30,Web,0,4,80.06,1,8.74,26.46,17.79,0.58,0.68,None,14.83,4
1744d6a0-159f-4193-868b-30f446b08fb1,2025-11-27,CUST-577393,2,-64,2,26.6,Service,1,20,IVR,1,1,80.21,2,1.06,18.88,17.31,0.43,0.53,None,21.12,2
6a38a6df-734b-4f2a-bf2a-73bc47c884c4,2025-08-05,CUST-918949,4,16,2,12.4,Service,1,9,IVR,3,4,70.7,4,5.3,6.21,17.81,0.79,0.71,None,25.02,4
8fe21ff3-c40b-4907-9cef-d4229d0d75a4,2026-03-31,CUST-279320,3,-66,0,2.6,None,-1,14,IVR,2,5,90.17,1,4.32,17.41,11.39,0.88,0.68,None,12.41,4
7cd11ae6-ef4c-44dd-a2c5-8fc4cdf09461,2025-12-06,CUST-692946,2,48,4,2.2,Network,-1,1,IVR,2,1,81.13,4,2.79,25.15,16.99,0.62,0.63,None,22.89,3
8e84cd63-f053-478d-a9cb-ebed7928653c,2026-06-13,CUST-775870,1,-62,1,35.1,Network,1,11,App,1,12,74.72,4,3.21,8.82,12.73,0.97,0.72,None,13.77,3
25615d4c-d7ed-49ce-b15f-ef48f8cce3ea,2025-12-18,CUST-825998,3,83,4,61.2,Technical,1,1,App,3,4,76.72,2,1.52,8.9,12.57,0.5,0.75,None,23.37,2
e3315c87-e23a-4178-8bf9-113caf46bf6e,2025-08-27,CUST-380962,2,-27,1,26.4,Technical,0,2,Web,0,6,82.59,4,7.79,6.83,16.29,0.35,0.59,None,17.58,1
6a58131e-98cb-4758-9696-6912188bf336,2026-05-02,CUST-112237,2,79,3,58,Technical,-1,6,IVR,1,0,60.76,3,6.19,16.05,3.59,0.77,0.56,None,25.82,2
8c9d4bca-5c2d-43cb-b1f2-c160b0cae7e1,2025-12-06,CUST-414082,3,40,2,9.2,Other,-1,22,App,0,5,65,2,5.52,27.81,18.41,0.59,0.75,None,9.73,3
2742235e-49ce-4fec-a2a2-e92908ce56c1,2026-07-21,CUST-246108,2,-100,1,69.8,Network,1,10,IVR,0,7,88.46,5,5.5,25.73,2.33,0.45,0.88,App to Web,8.37,2
e8921e4a-314c-4890-ab1d-3ccc3a300131,2026-07-18,CUST-361208,3,49,1,2,Other,-1,25,IVR,1,1,76.81,4,7.81,21.14,9.45,0.63,0.51,None,27.3,2
1d68dbfc-9322-4ac1-a9e4-022b1be9e45c,2026-04-28,CUST-348280,2,97,4,28.7,Service,1,14,IVR,2,5,63.24,3,4.09,5.63,11.48,0.42,0.62,None,11.93,4
17cbfd5e-55d2-40f8-abc3-309f8fb277f3,2025-10-23,CUST-519100,2,-45,0,33.1,None,1,2,IVR,3,6,89.34,2,5.73,34.61,11.27,0.96,0.61,None,8.08,3
de4a163d-8ee2-4d32-b14e-0ff438be112a,2025-11-21,CUST-136687,2,83,0,12.9,None,1,28,App,2,13,73.78,4,4.94,32.2,6.15,0.38,0.67,None,10.9,5
83b53773-51ae-4d7e-8d0f-9c444e871e99,2026-04-18,CUST-109443,4,-31,3,52.3,Network,0,8,Web,3,2,89.88,4,9.85,26.97,16.94,0.27,0.74,None,7.97,1
faca9fe7-f718-435c-ad44-3ed16d7ad215,2026-05-07,CUST-160966,3,-10,0,58.7,None,1,1,Web,2,4,74.56,4,6.91,18.11,19.92,0.43,0.88,None,8.41,2
80d23e53-16fb-4244-8d9c-21364b8109a7,2026-02-21,CUST-474679,2,96,0,23.5,None,0,6,IVR,1,3,86.28,3,9.39,33.24,7.97,0.33,0.83,None,24.41,4
9c6c51b1-f1dd-43e6-98d1-236ec0bc6352,2026-05-14,CUST-289884,4,90,1,11,Network,1,6,IVR,1,13,74.39,2,7.32,20.76,18.21,0.29,0.51,None,26.93,4
12b2a317-13fe-41e0-8723-73fe92bf84e9,2025-10-22,CUST-288428,4,12,4,50.2,Other,0,23,App,1,7,85.89,1,5.39,20.82,4,0.5,0.83,None,23.79,3
00bd82b8-97db-4176-baab-ee0c6a47d189,2025-08-15,CUST-800602,1,-59,4,58.9,Technical,-1,22,App,1,10,80.28,4,1.42,32.25,1.15,0.88,0.96,None,27.19,3
3f1f3228-fa16-49e9-8a3a-b52d6a43f83c,2025-10-07,CUST-372839,4,54,5,55.1,Service,0,2,IVR,0,5,81.04,3,2.86,29.34,17.46,0.8,0.67,None,14.64,5
8ee9ae8f-a676-4aa7-a9bf-c0a15828e9f6,2026-02-24,CUST-775863,3,-90,3,64.9,Other,1,29,Web,3,3,88.23,4,8.99,16.48,11.47,0.39,0.98,None,15.81,3
df993b78-b96e-4b70-81a6-26a8a5ae6118,2026-03-18,CUST-506968,4,99,0,8.3,None,1,8,Web,2,1,84.98,5,8.46,9.5,12.44,0.17,0.96,None,9.18,4
9a39a51e-f624-4a5e-8102-d0845525ee86,2025-09-21,CUST-626819,4,-77,2,10.3,Billing,0,21,IVR,2,9,88.86,3,6.48,24.11,4.91,0.24,0.53,None,10.49,4
8ccc5532-2fd8-4729-8c70-b0063fb9271f,2025-09-08,CUST-814558,4,43,5,4.4,Technical,1,17,App,2,10,88.46,4,0.11,30.36,8.64,0.52,0.84,None,8.46,3
3a5fa7b8-28a9-4e7b-922c-945c198315da,2026-07-03,CUST-579817,5,-6,0,59.7,None,0,17,IVR,0,7,86.45,3,7.03,20.92,19.34,0.83,0.62,None,20.04,5
bd576c73-8ab6-43b4-a137-a3d3193a9e86,2025-11-29,CUST-171731,4,42,5,36.6,Technical,1,18,IVR,1,1,89.91,3,7.92,12.26,15.91,0.63,0.52,None,5.27,2
0380647f-4a60-4dc3-97ea-d08ac77d14e5,2026-02-02,CUST-746607,3,-4,1,2.6,Service,1,7,App,0,5,78.55,4,4.02,36.55,13.23,0.57,0.55,App to Web,29.33,4
983cd84a-5ca2-43c0-98de-011b80fecba8,2025-09-17,CUST-152722,3,-27,3,68.3,Technical,-1,22,IVR,1,1,81.33,5,4.97,27.83,1.62,0.54,0.55,None,21.6,2
030f56aa-9729-465f-a45d-7a333bec95c2,2026-06-14,CUST-884816,4,73,1,23.4,Billing,-1,16,App,1,7,65.93,1,2.03,29.11,12.2,0.34,0.68,None,20.88,1
6f8562bb-4cc2-44bb-bafc-f5a6cd18f180,2026-02-15,CUST-278312,4,46,5,40.2,Billing,-1,24,IVR,3,0,77.49,3,5.76,9.55,19.95,0.89,0.54,None,17.79,1
539eae87-525e-4f3a-a62d-dcc03bf864c5,2025-11-08,CUST-999105,1,93,3,26.5,Network,1,10,IVR,1,6,69.95,3,7.75,32.28,5.61,0.91,0.79,None,20.38,2
7a16fb7e-35b1-4f2a-8f7a-3fe8ec3883c5,2026-04-22,CUST-287688,1,-83,2,65.2,Service,-1,20,App,2,9,68.53,2,3.24,7.79,2.53,0.58,0.75,None,15.83,2
71fefc93-0a30-4ba3-a55c-2350d2b9e58f,2026-04-15,CUST-516782,3,-85,2,53.3,Technical,-1,1,IVR,1,9,70.44,3,1.27,39.23,12.51,0.66,0.53,None,6.97,1
c912be9d-cffd-4203-869d-a4a203b17505,2026-05-09,CUST-438308,4,-45,1,46.5,Service,-1,21,App,2,2,80.73,1,7.9,18.35,14.56,0.77,0.59,None,26.76,3
ed75590f-7e1e-4bd8-a2d6-84250a39e3b3,2025-12-24,CUST-578524,5,22,4,39.8,Service,1,5,IVR,1,3,86.88,3,6.32,37.81,16.1,0.49,0.83,None,8.15,4
4a203c9c-683b-4ac7-9601-dc120b936525,2026-03-04,CUST-900294,5,2,4,12.2,Technical,-1,5,IVR,2,12,92.82,3,5.44,11.14,2.72,0.19,0.69,None,18.58,3
b6f53ac6-58e3-42a3-83f8-1adac9eb42e8,2025-11-14,CUST-110900,2,40,2,17.5,Other,1,16,App,1,3,74.59,4,9.5,22.15,19.19,0.41,0.9,None,27.04,4
09085223-6f23-4f38-a1af-49e3364bce76,2025-11-23,CUST-362007,3,44,2,19.7,Service,1,18,App,3,2,70.86,4,3.32,29.76,7.76,0.97,0.52,None,22.8,1
cd16914d-97a7-4677-a7bc-0617a7f4e913,2025-11-05,CUST-738869,3,34,5,65.7,Network,0,30,Web,3,12,84,4,6.93,22.57,10.64,0.39,0.69,None,23.91,4
0a7df55d-12f3-4f7d-8e52-5652f3f079cd,2026-07-20,CUST-459828,4,49,1,21.1,Network,1,1,Web,0,12,64.74,3,6.3,13.31,9.55,0.53,0.68,None,28.54,3
6d9fefd8-0077-4557-85c9-83394a68c0d9,2026-05-06,CUST-873457,2,1,2,33.6,Service,1,22,App,2,10,91.78,3,0.95,39.55,8.24,0.69,0.74,None,12.31,3
62e98d45-0d04-4a08-9c8b-ab0e24423676,2026-01-12,CUST-391438,2,-7,1,1.1,Network,0,1,Web,3,4,87.92,1,6.83,8.05,4.13,0.75,0.72,None,14.47,4
c5561b38-f21a-4bce-8c7f-f05cb633cfdf,2026-03-05,CUST-897843,4,57,2,6.3,Technical,0,28,Web,1,9,78.6,2,2.87,24.1,12.16,0.91,0.64,None,26.65,2
6f7d5b6f-9a87-47d9-8563-61f58afc6d92,2025-10-20,CUST-401552,2,-76,3,28.6,Billing,0,24,App,1,6,94.92,2,3.61,37.07,6.68,0.22,0.51,None,9.6,3
4c01a32c-f01d-4c86-aba8-946f2da93122,2025-08-31,CUST-137226,2,-14,0,23.1,None,1,4,Web,2,7,63.67,5,2.05,23.8,16.36,0.84,0.87,None,16.87,2
dd46720f-00d3-4337-829b-177f8625b180,2026-01-08,CUST-615036,2,-68,4,37.2,Billing,-1,21,App,0,5,84.65,2,0.34,24.83,15.96,0.48,0.57,None,27.69,2
ccf98810-6e80-4733-9129-4cb355eeff4c,2025-11-04,CUST-776585,3,-77,0,20.2,None,1,20,IVR,1,9,73.41,5,0.81,30.48,7.17,0.3,0.79,None,7.5,2
b2c78de1-c4f0-4c26-ab73-3858cf54f655,2025-09-24,CUST-806987,2,32,4,31.9,Service,1,16,App,1,10,81.21,2,9.17,9,9.42,0.93,0.81,None,22.58,2
e572b29a-b045-4e0c-8277-6a75f1e45d11,2026-05-24,CUST-544928,2,83,1,25,Network,1,16,IVR,1,9,86.86,4,4.91,22.11,4.31,0.55,0.59,None,11.56,2
295c52fe-356f-41e2-a814-8c9d17fc8df7,2025-12-06,CUST-101200,2,-53,5,69.6,Billing,0,26,Web,3,9,94.35,3,2.69,13.84,18.17,0.32,0.56,None,9.23,2
8fc03bae-a314-4e6b-a804-f0f493a12e65,2025-09-29,CUST-738715,3,-9,0,62.9,None,-1,3,Web,2,1,76.86,2,1.6,24.7,10.02,0.15,0.98,None,12.29,4
5ba211aa-6459-447d-987e-9243301e50f2,2026-01-23,CUST-274414,5,-15,2,32.6,Service,1,4,Web,1,5,71.55,2,9.15,36.17,5.99,0.89,0.55,None,15.72,2
561f28ae-8d1d-4812-8595-8bc6191b6238,2025-09-29,CUST-501803,2,85,3,53.4,Network,0,6,Web,1,2,62.85,4,1.59,14.97,3.94,0.39,0.93,None,7.02,2
b115e179-467f-4fd8-b551-5f14b3344138,2025-09-12,CUST-363793,4,-9,4,28.9,Network,1,17,Web,2,13,84.61,3,8.58,6.53,5.29,0.25,0.56,None,9.81,3
62653ff1-6dcc-4b68-9666-7263a1d8b87b,2025-11-28,CUST-526255,5,22,2,26.2,Other,-1,4,App,2,13,92.38,1,4,26.39,7.26,0.87,0.86,None,7.6,3
e243ce9e-76e4-4517-a17c-688192b67851,2026-04-26,CUST-973019,5,36,1,9,Service,0,20,App,0,5,88.24,1,7.99,19.12,8.4,0.49,0.68,Web to App,13.06,4
171fcd92-b2be-4e3b-a032-6bd3c19df18a,2026-04-28,CUST-195029,3,59,1,7.6,Technical,-1,6,IVR,2,11,63.01,2,7.15,30.97,6.53,0.98,0.87,None,7.59,4
16a4e73b-9869-4d64-a998-612741069968,2025-10-27,CUST-164335,5,-92,4,27.2,Service,0,27,App,0,2,89.01,2,1.19,32.99,4.27,0.3,0.91,None,25.67,3
de7ca6e6-ade3-46b9-91cd-9789f4496fe8,2025-11-16,CUST-452733,1,-32,4,34.7,Other,0,7,Web,2,9,72.85,3,7.51,29.02,14.69,0.3,0.55,None,15.97,2
d13f1a72-aae9-4f68-ac02-8441e480f10c,2026-01-26,CUST-216675,2,-84,3,47.9,Other,-1,4,IVR,2,5,80.33,2,3.4,37.8,10.3,0.42,0.9,None,18.93,2
b26e2ebb-dbc2-4c16-bff1-7270ea437d9d,2026-06-29,CUST-657964,2,-49,3,67.8,Other,1,17,Web,1,8,73.15,2,7.63,15.62,10.73,0.89,0.62,None,18.16,1
e381eb18-6222-4b66-83d1-bc105d039038,2025-11-11,CUST-692329,3,-44,2,61,Network,1,13,Web,2,2,62.62,2,4.86,19.25,17.82,0.23,0.96,None,20.43,5
896676e7-f2c0-44df-afa8-0ef257206f30,2025-10-26,CUST-804834,4,5,1,53.4,Other,-1,7,IVR,0,3,81.09,3,2.7,35.52,15.58,0.26,0.81,None,17.41,2
0861a787-e8f1-40a1-a298-bd475a5acd22,2026-03-08,CUST-667478,4,-9,3,8,Network,-1,4,Web,3,3,83.67,4,7.01,36.15,3.86,0.95,0.9,None,12.07,3
60c18edc-6b86-48d3-8b91-7b4f1ce2980e,2025-10-13,CUST-393436,4,-44,3,49.7,Network,0,1,Web,2,3,65.9,2,8.83,20.76,13.04,0.4,0.7,Web to App,20.83,5
18300a4d-9102-4082-bac9-014dbc2d2a8f,2025-10-15,CUST-937558,4,-27,0,69.7,None,-1,18,Web,0,7,71.26,2,3.99,18.65,12.64,0.36,0.7,None,25.34,5
5e4c3f86-a209-4e35-9646-2351a5a9229f,2026-05-14,CUST-220554,1,-39,2,69.1,Service,1,24,App,0,12,74.19,2,7.69,14.15,1.64,0.4,0.99,None,5.44,2
fa1bdeb9-0893-4e81-8f3e-3fd10ee6f7cb,2026-05-14,CUST-849818,2,43,3,30.4,Other,-1,12,Web,1,4,85.68,5,0.6,38.76,5.13,0.73,0.54,None,7.08,1
ba9ece02-7797-4a5b-83ef-e7ff00915c21,2026-07-10,CUST-470608,2,63,4,39.9,Service,-1,5,App,2,3,61.19,5,6.68,20.68,15.17,0.62,0.69,None,10.23,4
15340bba-09cb-47b8-8c21-b1de2b5fec06,2026-04-12,CUST-903976,2,-58,5,39.8,Technical,-1,20,IVR,1,3,82.34,4,5.07,8.22,8.39,0.54,0.95,None,6.3,3
fabb800b-2fab-42cd-8127-170d73982bb8,2025-09-26,CUST-818050,2,24,4,71,Network,-1,6,IVR,1,12,81.83,3,9.68,13.03,10.04,0.2,0.78,None,22.74,2
2e7fabbc-d7fa-4b67-93ef-8cead04f68fc,2025-10-22,CUST-223852,5,19,2,30.8,Service,-1,21,App,1,2,89.7,3,1.54,9.01,16.33,0.53,0.51,None,14.04,3
a2e3c86a-32f2-4e6a-b872-abf50a6142c2,2025-10-12,CUST-788930,3,-28,5,20.8,Billing,-1,27,IVR,0,4,94.82,1,3.97,36.34,10.43,0.8,0.53,None,13.37,2
5c830774-b1f4-4728-83c0-032d82d7d0af,2026-07-09,CUST-421014,3,27,2,66.7,Service,-1,0,App,2,1,73.25,2,7.6,28.94,19.56,0.56,0.54,None,6.14,5
a70d5c03-55bd-4f0e-9011-d5d49584400a,2026-04-07,CUST-279282,4,-92,0,64.3,None,1,22,App,1,9,90.6,1,7.49,35.18,2.44,0.32,0.98,None,11.39,1
4b379b46-5ccf-46ad-b797-c8afa6ae2eb5,2026-01-26,CUST-336309,3,10,2,24.8,Other,-1,21,Web,1,12,91.35,3,5.54,37.55,10.57,0.19,0.65,None,17.52,4
d308466d-ef4d-4f16-989d-17765893066a,2026-05-17,CUST-613119,5,87,1,53.7,Billing,1,17,Web,2,11,74.36,1,4.4,34.76,12.52,0.9,0.87,None,21.57,5
51357911-5bff-4d2e-adc0-3ad9f8c74694,2026-02-13,CUST-892186,4,60,4,12.7,Technical,1,4,Web,2,4,80.04,5,4.43,37.67,12.67,0.53,0.59,None,7.32,3
09d2b0c2-9e19-4e72-880c-6c737f9d28c1,2026-04-10,CUST-625104,4,-19,2,28.2,Other,0,16,IVR,0,1,91.1,4,0.73,22.76,1.44,0.27,0.86,None,10.54,3
558dc329-4532-49fa-9bf9-836cefffaee1,2025-11-22,CUST-326400,3,69,1,64.4,Network,-1,3,App,3,8,65.73,4,1.93,33.76,9.37,0.81,0.86,None,21.53,3
24147736-e42b-45db-b682-8ad4c04cc818,2026-03-20,CUST-316348,1,-73,3,16.3,Billing,-1,1,IVR,2,4,68.08,5,1.53,17.18,10.22,0.17,0.82,None,18.48,3
545deda3-cb52-476d-8c02-3c4d56d0849d,2026-05-07,CUST-485139,4,-96,2,39.9,Billing,-1,21,App,0,4,89.38,5,6.2,24.43,12.7,0.98,0.88,None,7.3,2
d1fd1486-a69c-43ae-8bd8-a7aaf801def7,2025-08-02,CUST-449446,3,94,1,64,Technical,0,1,IVR,2,12,83.85,3,8.44,33.71,10.06,1,0.58,None,14.13,3
940c3ef5-7b1e-4aa2-8e2b-19e69911ea45,2026-04-11,CUST-803863,4,-43,3,16.1,Other,-1,11,Web,0,13,73.82,4,4.34,19.29,8.54,0.21,0.61,None,27.1,3
77b7d701-d99f-451e-8d5d-a310562c70e5,2026-03-26,CUST-754180,4,47,4,10.2,Network,-1,29,IVR,1,7,88.68,2,1.16,9.35,6.49,0.53,0.62,None,5.89,2
0e13c728-b697-42d8-81a3-a7cfd1d8956f,2026-06-07,CUST-282994,5,-30,4,66.9,Technical,1,5,App,1,6,71.16,1,7.25,39.4,6.4,0.17,0.52,App to Web,10.93,3
d1ad7261-d8ac-44f5-954b-b8e5061b2ea2,2025-08-03,CUST-482203,4,71,2,65.7,Billing,1,23,App,1,7,72.81,2,6.77,33.15,3.23,0.37,0.98,None,26.3,5
e0cbe219-ecd9-4c2e-b004-400596f75fec,2026-06-11,CUST-193495,4,10,1,21,Technical,0,16,App,2,4,75.24,2,9.89,8.42,11.58,0.52,0.69,None,23.93,1
323acd02-44d5-4914-bfe9-66c1ee6f514c,2025-09-09,CUST-181146,5,49,2,21.9,Technical,-1,7,IVR,1,10,72.23,3,3.47,39.92,15.6,0.28,0.67,None,9.15,3
5636dd75-8acb-4e3e-a285-beeae3b8f59c,2025-08-20,CUST-864750,1,-62,2,11.6,Service,1,1,IVR,0,1,63.07,2,8.09,34.7,12.72,0.23,0.69,None,24.89,2
cc1ec2dd-c5cc-4e8c-8be8-b2c26a4a810b,2026-03-27,CUST-680405,2,23,1,8,Other,-1,22,Web,2,10,68.67,2,3.14,21.51,13.13,0.74,0.87,None,9.18,4
473d5c2f-3060-4245-91e0-4f4d0f95183d,2025-10-10,CUST-485658,3,-59,4,39,Other,1,15,IVR,2,10,77.29,3,1.17,16.63,8.45,0.58,0.51,None,12.98,4
d7ca9bec-9b87-4e52-b518-a3308c57fc1f,2025-09-20,CUST-539456,4,-59,1,36.4,Network,1,11,Web,2,6,93.41,4,7.7,5.26,14.67,0.27,0.83,None,17.06,4
17bd62b1-431b-4d31-b211-2dca6b7f69c3,2025-09-19,CUST-251324,4,63,4,36.1,Other,1,11,App,1,1,71.74,4,2.45,38.68,17.52,0.66,0.53,None,26.68,2
e4e4343f-5063-4da1-9e0e-c2ca1a9af795,2025-12-05,CUST-311862,1,44,5,18.5,Network,-1,4,App,1,0,93.99,1,6.34,10.89,1.78,0.57,0.78,None,9.06,5
7406cb49-7c4b-4cc0-bf53-49789539c871,2026-06-23,CUST-710813,3,-22,0,22.6,None,0,14,Web,3,6,91.21,2,3.24,15.84,1.72,0.53,0.66,None,25.13,5
d54cf37b-68a6-4062-928e-3b43c2944720,2026-04-11,CUST-395121,4,6,4,39.7,Technical,-1,6,App,2,5,94.71,4,2.86,30.91,14.57,0.34,0.76,None,15,2
c67a7d1a-7ba2-426a-82c3-60b323a9f6e8,2025-08-16,CUST-438045,2,27,1,37.1,Billing,1,7,IVR,1,2,89.37,3,8.94,27.14,1.63,0.25,0.96,None,8.34,3
8d330d5f-e220-4b23-8558-bb7becb5c326,2026-03-06,CUST-575080,4,-48,1,13.4,Service,0,25,App,2,7,87.77,5,1.97,37.22,11.68,0.59,0.95,None,9.15,3
10343890-b80f-4ab5-aef7-5b3774529961,2026-06-09,CUST-387984,4,-21,1,38,Other,1,22,Web,1,14,85.18,2,8.04,22.59,9.24,0.31,0.82,None,21.13,3
5c26f68c-331b-4552-b901-d0fd8762e16d,2025-10-13,CUST-486885,5,42,2,53.8,Network,-1,20,App,1,3,69.73,5,8.32,7.31,12.09,0.11,0.96,Web to App,23.42,1
b6db8973-6591-40ab-8a1d-4cd2cb56b322,2026-03-15,CUST-667609,3,1,3,3.1,Network,-1,1,App,1,8,70.81,3,6.06,8.26,12.96,0.33,0.64,None,11.74,2
b4b0ddc0-9306-483d-870e-11aeaeaa4a7a,2025-12-31,CUST-469805,4,-23,5,34.6,Other,0,26,App,2,14,91.57,1,2.67,18.71,14.92,0.99,0.62,None,22.32,1
8635f25d-8e34-4833-a6f6-04d5b1a14c0c,2025-08-25,CUST-216457,4,-61,5,22.7,Other,0,11,App,3,1,64.23,3,1.12,11.24,10.09,0.9,0.84,App to Web,8.46,4
9719eeba-3f41-406e-9a8a-1cbdfd6940a7,2026-05-22,CUST-458633,3,-31,4,25.5,Billing,-1,7,Web,0,9,63.8,4,5.53,6.04,2.66,0.33,0.69,None,21.05,4
ee6f43a0-3f74-4238-935a-f12228f87ce2,2025-08-24,CUST-541492,5,-66,3,32.1,Other,0,17,App,1,9,91.16,3,7.36,16.33,9.24,0.5,0.71,None,10.64,4
e08fdd2a-a918-498c-823c-b338e25fd49c,2026-03-31,CUST-767630,5,-46,2,20.9,Other,1,6,IVR,2,1,67.03,4,2.66,18.71,1.88,0.33,0.74,None,14.25,5
b0b88107-453f-4840-8727-c63568b23493,2026-02-28,CUST-520490,1,-61,2,48.9,Service,1,11,App,1,9,67.57,2,7.1,25.31,1.06,0.11,0.66,None,14.8,2
0875eddc-5ef1-4e84-87f3-5df53ddea1bc,2025-08-04,CUST-101509,2,77,4,15,Network,0,21,Web,1,3,83.18,4,2.52,6.41,10.11,0.83,0.92,None,8.52,2
41c95ff6-813a-4a58-920a-9723089b33f5,2025-11-01,CUST-781186,3,-2,0,70.5,None,0,4,IVR,2,3,78.76,1,8.28,15.05,13.75,0.93,0.86,None,19.02,4
d3d7d6ac-8d0e-43f7-b2be-e29e90b41bc2,2026-03-03,CUST-519647,3,33,4,7.6,Billing,1,11,Web,2,9,74.84,4,4.07,9.37,11.09,0.5,0.92,None,18.1,4
0625e614-f362-4e37-ae72-d6b1fd80097e,2026-04-27,CUST-548635,3,-6,5,70.3,Billing,0,29,App,1,2,60.78,3,1.72,17.31,18.12,0.84,0.87,None,12.46,2
2d4c6b36-044f-4a51-9fb9-58165095222e,2026-03-06,CUST-779495,5,40,1,8.7,Billing,-1,2,Web,3,4,76.67,3,1.85,37.79,16.64,0.21,0.68,None,20.63,4
fb6c7011-d51f-4fd0-bd7d-ed7b7d16d11c,2026-02-24,CUST-844053,3,46,3,36.3,Network,0,6,Web,2,4,83.74,2,8.08,18.59,11.84,0.17,0.9,None,29.87,4
142f268f-e4d5-48a2-a71b-d1ba029956e0,2026-01-19,CUST-175647,2,-10,5,15.2,Network,0,1,Web,3,0,92.92,3,7.67,17.5,16.59,0.87,0.76,None,24.3,4
a430f745-1521-48c2-8b6b-3edb5cd2c724,2025-10-13,CUST-190060,5,-30,1,2.5,Other,1,11,Web,2,9,77.82,2,7.88,31.69,13.74,0.39,0.73,None,11.11,5
850f902e-a6c9-4e83-b579-1e7b242811a4,2026-01-31,CUST-420752,5,78,1,41.9,Service,1,14,App,2,9,76.83,2,5.47,18.95,18.01,0.49,0.59,None,10.55,1
ce97d202-374c-4b86-991e-7ec0c6c82fa0,2025-11-07,CUST-283800,4,-92,2,26,Service,1,3,IVR,0,4,71.2,2,4.81,19.15,15.71,0.6,0.62,None,20.94,5
d4887e29-fc00-450d-a49c-dfaf66be0e2c,2025-09-09,CUST-959324,4,-14,5,44.1,Technical,1,30,IVR,1,5,60.39,2,4.05,14.42,15.27,0.96,0.58,None,14.46,4
1d87782a-ef63-4470-8f34-7e7e11283ed2,2025-08-22,CUST-987608,1,-93,3,56.7,Technical,-1,27,Web,3,7,87.23,3,4.16,33.96,12.18,0.58,0.8,None,29.98,2
710a20e1-e4e6-40d5-93b8-f37f7af97014,2026-02-25,CUST-575347,3,-32,3,70.4,Billing,0,26,App,1,4,91.15,3,1.06,36.06,8.36,0.83,0.58,None,28.05,2
e8e8cf96-4bab-4d0e-ad1e-0b3f5533d4bb,2026-02-05,CUST-653568,4,-18,4,10.6,Network,1,11,IVR,2,6,82.77,4,4.83,15.37,16.36,0.69,0.76,None,16.22,4
005925ec-7626-4c87-9679-1605693cc2c2,2026-02-26,CUST-183875,4,-93,1,71.7,Service,1,0,IVR,3,11,72.05,2,3.63,7.91,1.43,0.11,0.69,App to Web,10.91,1
911e4f31-6f0d-4b87-8175-6a4fab5bdcb5,2026-05-12,CUST-935064,2,100,2,37,Network,1,15,Web,3,6,91.86,5,4.21,24.71,5.41,0.85,0.99,None,25.43,2
94024b37-0a90-4338-8fc2-62453948028e,2026-03-19,CUST-891144,3,-19,3,17.2,Service,-1,26,Web,2,13,85.04,2,4.87,25.53,17.84,0.33,0.61,None,25.97,3
98fa877e-670a-48d8-b9bf-4f9dea12ec5e,2026-01-23,CUST-481290,1,26,4,61.2,Billing,1,23,IVR,0,5,88.07,5,4.56,18.54,17.83,0.56,0.9,None,22.33,3
983b823c-bbd6-4c84-a5e7-08c6eb43d21e,2026-01-12,CUST-783513,3,88,5,23.1,Network,0,27,Web,3,4,76.65,3,7.41,38.33,5.64,0.98,0.57,None,28.9,3
ba92860f-e09e-4449-b265-2f653eb82515,2025-08-15,CUST-700982,3,-61,0,27.2,None,-1,19,App,1,10,73.34,4,6.9,6.02,17.1,0.89,0.93,None,20.22,3
1c3ff04f-38eb-438d-bb94-52c3d48fc8e0,2025-11-27,CUST-995244,3,18,0,36.7,None,1,20,Web,0,13,68.99,4,6.43,7.43,16.82,0.98,0.7,None,13.75,3
872707eb-df39-4777-a4a6-d8f4c41c9cc2,2026-01-08,CUST-722228,2,-61,2,67,Billing,0,8,Web,0,14,69.52,3,0.87,14.12,14.62,0.9,0.54,None,26.39,2
4296a964-e8cd-4cc8-ba90-151f2d46f396,2025-07-25,CUST-302064,1,-27,2,16.6,Other,0,27,App,1,4,74.96,2,9.98,15.96,1.61,0.35,0.68,None,13.41,1
e35f0b2b-1667-421a-819d-a1ef85e1f2b1,2025-10-12,CUST-516252,3,51,4,12.7,Billing,-1,14,IVR,2,11,84.66,2,6.94,21.86,13.48,0.32,0.86,None,25.74,4
246c785c-9adb-4aa6-8a8c-05d67ff07b08,2025-07-28,CUST-567864,3,27,2,42.9,Other,1,7,Web,3,7,87.3,1,1.35,7.48,19.03,0.56,0.82,None,29.72,4
bca50b78-7ada-4ea5-b4ee-7c2b2be9c9c2,2026-04-28,CUST-996723,2,-90,2,10.7,Network,1,3,IVR,1,4,83.51,3,4.96,5.26,19.86,0.69,0.65,None,14.02,5
25bb2360-d1cb-4316-bfb2-fb3902c4be97,2026-02-01,CUST-194567,2,65,4,7.2,Other,1,8,App,1,1,87.37,2,6.83,9.93,3.85,0.69,0.54,App to Web,19.8,5
534e1dd4-5b79-40aa-bf70-602ec4594eee,2025-11-12,CUST-793741,4,5,4,26.5,Other,0,9,App,2,11,69,4,1.72,11.65,18.46,0.14,0.65,None,24.44,1
7b5852eb-8879-47e2-b4ac-543a9a632c52,2025-10-31,CUST-993989,4,15,5,38,Other,-1,1,App,2,13,64.41,3,8.41,39.27,11.35,0.24,1,None,25.05,5
9c152a71-b94c-40c1-8f0f-d8aa0ec3ff46,2026-07-09,CUST-797465,4,18,2,61.2,Other,-1,4,Web,2,12,60.35,1,5.35,36.36,13.21,0.23,0.83,None,6.6,2
de782b5f-e16e-40b7-8988-e19ec22488ff,2026-04-24,CUST-290370,2,-17,3,4.1,Other,1,19,App,0,3,67.71,4,7.72,37.64,7.2,0.35,0.95,None,26.5,2
e8848675-63fe-4572-a996-942fe743e616,2025-11-20,CUST-621572,4,61,2,53.7,Technical,1,22,IVR,3,12,73.11,2,5.69,29.78,10.36,0.93,0.92,Web to App,12.9,3
215c8890-a62f-4fea-9b06-62dc82d99ddf,2026-06-10,CUST-296061,4,2,5,24.2,Other,0,4,IVR,1,1,72.74,3,2.87,21.22,3.82,0.73,0.61,None,27.25,3
4f79b1fa-a334-4dd7-a730-9a772f6b338a,2026-01-01,CUST-261601,4,-24,3,46.2,Technical,1,12,Web,2,6,88.5,1,7.46,32.14,13.69,0.3,0.88,None,28.95,2
693e4910-0826-4b4f-841b-3dabda4cc8eb,2026-07-23,CUST-141319,2,77,2,5.5,Network,-1,17,IVR,1,3,77.87,3,4.19,27.13,18.55,0.76,0.76,None,28.25,3
11768d89-14cd-4f73-baf6-183652ee9763,2026-03-30,CUST-856783,2,-31,0,50.6,None,-1,13,IVR,2,14,74.92,2,2.81,36.3,19.73,0.27,0.55,None,15.02,4
2d33c3ed-e563-4780-8e0e-5b885f37e576,2026-05-28,CUST-521050,3,-87,2,38.5,Network,-1,22,App,2,4,92.04,5,4.47,11.25,6.08,0.81,0.97,None,14.01,5
a5a3669b-9a1f-42b6-a117-c0fc86ac88e0,2026-01-30,CUST-588656,2,16,3,8.1,Other,-1,1,App,0,10,91.33,3,3.98,32.91,7.28,0.36,0.89,Web to App,15.61,2
ddd6acc7-e604-49f1-b06f-d9b99ffa25a3,2025-12-25,CUST-646109,4,-62,4,56.8,Network,-1,12,IVR,2,6,65.03,4,1.72,34.58,7.52,0.23,0.79,None,8.97,3
8d666968-51bc-4840-a948-df11d0ea703d,2026-03-02,CUST-250580,3,68,4,4,Technical,-1,21,IVR,2,3,93.68,4,8.25,5.26,15.83,0.58,0.97,None,12.44,2
c3bb0fcb-c17e-486d-83eb-fa55d642bb79,2025-08-03,CUST-803028,3,-81,3,47.2,Technical,-1,14,App,3,12,79.34,5,0.22,19.21,1.32,0.13,0.9,Web to App,25.86,5
eef20e6a-53b3-4b52-884f-d73db621d7ac,2026-05-23,CUST-726668,3,-49,2,28.2,Billing,1,6,IVR,2,7,64.63,3,6.36,27.93,8.27,0.21,0.52,None,9.85,2
34395408-f157-4f1b-9fa5-ff7c11dceaaa,2025-09-10,CUST-647724,4,-4,3,7.2,Billing,-1,2,IVR,3,1,86.93,3,8.91,10.95,10.46,0.41,0.68,Web to App,17.29,3
6471eb58-032c-46dc-b7b8-b9aade7ee29e,2026-01-28,CUST-936630,5,-92,4,23.6,Billing,0,5,Web,1,6,92.02,2,7.78,9.49,13.1,0.17,0.97,None,22.88,4
ca58a88a-bfe8-4b89-b83d-ae756920d22d,2026-04-07,CUST-702523,5,78,3,58.5,Service,1,7,IVR,1,8,72.38,2,3.18,35.75,11.64,0.27,0.74,None,21.81,5
5530980c-a8cd-431a-b7b2-996fb8d8f1a3,2025-12-10,CUST-712449,3,-37,1,52.8,Network,0,22,Web,1,7,87.23,2,2.46,12.24,1.07,0.94,0.87,None,20.04,5
7e94d5a4-d059-4d60-b12c-32119e4eb768,2026-05-21,CUST-671396,1,79,3,24.5,Billing,0,13,Web,1,0,67.94,1,4.7,13.41,17.88,0.84,0.94,None,18.39,1
0039a803-18c9-46f6-8d12-5ec4b3074edf,2025-11-01,CUST-841750,3,-79,5,39.4,Service,0,4,IVR,1,3,64.2,2,2.02,35.52,2.43,0.74,0.87,None,11.31,2
8e75ff7f-2401-4a27-9be0-e70613a57216,2025-07-31,CUST-589488,2,-73,2,71.2,Other,0,26,App,3,0,82.87,4,2.07,6.43,18.59,0.31,0.76,None,11.77,4
4c6fdf56-e39c-410b-87ba-9a6b26e4befb,2026-07-02,CUST-512502,1,-20,3,37.3,Other,-1,15,Web,3,13,68.81,1,0.71,24.14,15.25,0.94,0.64,None,29.45,1
04f76cab-ab1c-4ce5-8758-274e123ea863,2026-03-09,CUST-551269,5,45,2,50.1,Network,-1,16,App,1,10,65.49,2,3.15,39.58,12.47,0.96,0.77,None,17.03,1
65b61a00-95d5-4901-8ca3-67662341caec,2025-12-14,CUST-702630,3,-66,3,32.7,Other,1,18,Web,2,14,66.22,2,3.76,35.07,2.03,0.83,0.68,None,7.88,2
0c8ff55e-d50d-499c-9058-d4cb437c282e,2026-01-04,CUST-499511,3,49,2,27.7,Billing,1,1,IVR,2,12,66.32,4,9.27,30.74,17.17,0.5,0.94,Web to App,17.79,3
3d65a057-f73c-4348-bd5c-47b74aacd506,2026-01-24,CUST-441013,5,-32,4,43.9,Service,1,24,App,0,13,72.04,3,8.5,11.6,2.54,0.46,0.65,None,27.89,3
3ad0e282-8bdd-4c75-adab-ef2f74fbb1bb,2026-07-19,CUST-346473,1,24,4,23.2,Billing,-1,21,IVR,1,7,67.56,5,3.27,26.84,12.5,0.22,0.58,None,25.68,1
3f85c80e-8f94-4a94-8c3b-a37ab6ea670b,2025-11-28,CUST-660182,3,-84,4,36.8,Other,-1,11,App,1,9,92.48,4,6.7,32.09,10.96,0.92,0.83,None,29.14,2
da4bbba7-2b51-40ea-9a86-5558d021cbbd,2025-08-28,CUST-317103,4,86,4,57.9,Network,0,27,Web,3,3,92.62,1,1.49,20.18,18.29,0.32,0.59,None,5.05,3
da9a7e11-8cf9-4b92-a9fd-0c0d442c844a,2025-09-06,CUST-291583,3,-87,3,70.3,Technical,1,3,Web,3,3,73.58,2,6,11.75,16.46,0.1,0.92,None,14.01,4
22b9a5da-4cec-4c37-ae92-a17c6a95b4c5,2026-05-08,CUST-437635,5,99,0,18.3,None,1,20,App,1,12,86.2,4,6.92,14.82,1.4,0.38,0.59,None,26.74,1
343b0740-d352-43ac-9cc9-c78d7db0c6b2,2025-11-19,CUST-519959,5,2,2,59.9,Network,-1,11,IVR,2,6,66.8,1,5.42,16.27,9.99,0.76,0.5,None,21.34,1
8d9f0355-829f-4a1c-9589-a249c6faf853,2025-12-10,CUST-346082,5,59,5,40.7,Network,0,11,IVR,1,11,85.45,4,9.11,37.76,5.2,0.91,0.61,None,29.64,3
dc00f01b-93c2-4fdc-946a-a8b481c5bf46,2026-02-04,CUST-437029,2,-82,4,44.8,Technical,0,10,Web,0,5,91.68,4,5.4,19.98,19.62,0.88,0.76,None,24.82,3
f7923910-81b9-4505-842f-8ae8ac43430f,2026-03-26,CUST-828801,2,-10,3,30.8,Other,0,1,App,1,6,92.55,1,8.5,10.69,18.88,0.58,0.88,None,6.34,1
cee8e62d-1238-480c-acaf-4e434abbf1d1,2026-06-06,CUST-290533,2,-93,2,36.4,Other,1,7,Web,1,12,81.21,2,2.12,25.85,4.29,0.97,0.77,None,20.8,5
367133ac-5e19-48e4-a6ae-e356006cd48e,2025-08-02,CUST-878807,5,-8,5,30.5,Service,-1,6,App,0,1,69.9,2,4.98,11.96,1.13,0.68,0.88,None,6.98,3
f4c3196d-fc70-4de5-b9b6-54753a4770ee,2026-01-02,CUST-511338,2,-58,4,59.3,Network,-1,8,Web,0,2,75.05,1,3.56,33.87,4.93,0.7,0.83,None,20.1,4
376b49a9-6e9b-4e72-8f32-26e77a366336,2026-03-15,CUST-408731,4,18,1,41.8,Billing,0,2,IVR,2,14,74.12,4,5.7,37.87,8.56,0.67,0.82,None,9.15,2
3a7a7a8a-0481-4433-b0c0-8e9d11bf5dec,2025-10-08,CUST-560718,4,15,2,34.3,Network,1,27,App,2,10,72.47,3,2.06,18.58,15.35,0.78,0.7,Web to App,12.45,4
970a19bc-4802-4086-8eb0-9ecc2eb5c03d,2026-03-26,CUST-977092,3,-67,1,14.3,Billing,0,26,App,3,1,86.32,3,8.41,34.48,15.29,0.83,0.65,None,11.31,1
06ed7b0d-9b36-4886-bd45-157c0921098d,2025-12-28,CUST-915255,3,-94,4,10.7,Other,0,14,App,2,5,72.31,5,2.9,5.48,16.71,0.96,0.83,None,9.12,2
936bac9a-a675-4f99-99ba-e5d620f57dac,2026-07-17,CUST-847452,5,-11,4,19.9,Technical,0,24,IVR,2,7,69.64,4,7.17,12.85,5.88,0.43,0.55,None,24.42,1
41c2b9fa-e617-478e-afbe-31a646131726,2026-06-01,CUST-557416,5,-38,2,52.4,Other,0,3,IVR,0,9,93.78,4,5.73,36.52,15.56,0.44,0.64,None,20.77,3
a220c381-46a1-4fc7-bb3c-0e146b9638d6,2026-03-14,CUST-725262,4,33,0,48.9,None,-1,4,IVR,2,11,67.89,3,7.29,20.07,5.2,0.49,1,None,5.75,2
af5559e5-522a-4b31-808c-6c273e476e46,2026-02-09,CUST-453449,4,16,1,12.4,Network,-1,4,IVR,2,4,61.1,4,3.45,14.44,17.92,0.86,0.52,None,18.45,4
9d46f78f-197f-476a-a393-1c6234fc3a3d,2025-12-05,CUST-295430,3,6,1,20.2,Other,1,6,Web,0,1,89.31,2,8.71,24.31,13.43,0.6,0.74,App to Web,10.2,2
d377e53d-aae9-403f-85eb-7d88f2645667,2025-11-08,CUST-954593,3,58,2,46.3,Service,0,25,IVR,2,10,63.65,4,8.27,33.93,15.83,0.51,0.86,None,22.84,1
f710c499-0c37-4612-a2fd-b9bfc616e323,2026-01-24,CUST-401886,2,-86,0,5.5,None,-1,18,IVR,1,2,64.93,3,3.94,12.1,12.35,0.98,0.62,None,19.23,2
b8c41969-d1f4-4f0b-a110-9414713d52fe,2026-02-11,CUST-119012,3,-4,4,57,Other,0,28,App,2,10,85.99,1,4.94,6.68,12.45,0.18,0.51,None,25.41,2
68f83ba4-30c6-443e-bd69-197524534c85,2025-08-03,CUST-515808,5,-16,3,45.4,Network,1,17,IVR,1,11,62.89,3,8.68,19.31,5.54,0.24,0.93,None,6.56,5
a54200d5-21a7-467a-9856-e2f611c7c74b,2025-11-23,CUST-739826,3,-71,2,38.8,Billing,1,12,IVR,1,13,79.96,4,7.44,9.86,7.43,0.22,0.6,None,11.57,3
c21e0900-1676-4115-a05b-fdd9ad7edb79,2026-05-20,CUST-298341,1,-68,4,8.8,Network,-1,29,IVR,3,5,80.41,3,9.83,30.14,3.74,0.89,0.92,None,5.8,5
02b20476-5b0b-4a97-9ee8-6349d951abe9,2025-12-18,CUST-753779,4,-40,5,45.1,Service,0,5,App,1,12,87.72,3,4.41,22.62,2.87,0.46,0.81,None,10.11,5
39d38853-aa05-408a-b20a-b708b431d367,2025-11-21,CUST-436757,2,8,1,12.6,Billing,-1,18,IVR,3,9,74.57,3,6.25,21.49,4.53,0.55,0.89,None,15.26,3
8638116e-f370-4bd4-86ae-418af61caf88,2025-08-17,CUST-934855,5,-49,4,31.8,Technical,1,7,IVR,0,11,91.89,3,4.4,36.12,18.5,0.83,0.76,None,18.02,1
0871ea6d-025a-45b5-a9bd-8f058be726f8,2025-11-22,CUST-615605,4,29,3,65.9,Technical,-1,12,App,1,1,82.1,3,8.4,34.86,16.78,0.62,0.63,None,25.71,3
b16a4f85-51a2-44e6-a106-468703534920,2026-03-25,CUST-909572,4,43,1,55.3,Network,1,20,Web,1,4,77.38,3,1.64,6.42,5.4,0.18,0.66,None,27.33,3
0532a46c-9a73-47c0-b1ed-5217a63068a0,2025-08-18,CUST-312346,2,-49,2,42.7,Network,1,1,App,2,12,94.48,3,0.75,30.42,4.02,0.86,0.68,None,14.06,1
81242abf-17b1-44b6-92af-d15c7c1d20ee,2026-04-15,CUST-618463,2,9,2,47.4,Network,0,27,App,1,10,86.3,5,5.41,32.05,18.59,0.28,0.82,None,15.63,2
62192168-3486-4cc7-97a6-db7c60c4ac02,2025-10-01,CUST-475601,5,8,3,26.5,Other,-1,7,App,1,12,61.46,4,4.93,14.51,18.71,0.35,1,None,28.42,4
5cfc8545-870e-4815-b156-99fccba6d0ab,2026-02-22,CUST-886461,2,-37,4,10.5,Technical,-1,20,Web,2,4,88.03,3,0.15,28.12,13.05,0.16,0.99,Web to App,14.15,5
4ffca04a-2611-48be-b58b-de2ab2eaa8e4,2026-07-20,CUST-369894,2,-59,3,66.3,Network,-1,20,IVR,2,11,88.31,3,7.93,13.41,14.45,0.53,0.72,None,13.51,4
6b90af61-ec8d-48c6-8d55-2af7d26dd271,2026-07-17,CUST-439851,2,68,3,6.5,Technical,-1,28,Web,2,9,93.68,2,2.19,5.61,6.2,0.42,0.59,None,19.77,2
e4f4f5dd-1da6-4091-b0d5-f19b45375c06,2026-04-22,CUST-207673,4,22,0,50.7,None,1,11,Web,2,2,83.36,2,7.99,29.11,17.44,0.79,0.73,None,20.01,1
0133f067-2fed-4bda-9a8a-658174560db4,2026-05-15,CUST-648818,2,37,3,67.2,Network,-1,4,App,2,12,84.38,5,5.58,32.08,2.07,0.42,0.92,None,16.1,4
04de22f0-3182-46c6-a988-4f59fc2de539,2026-01-19,CUST-640790,2,1,1,6.2,Billing,0,28,App,2,6,81.26,4,3.9,25.46,16.2,0.16,0.86,None,8.65,4
525e06a2-a336-42a2-ba79-3ea9aa8eacfa,2025-08-12,CUST-826763,2,62,0,51.8,None,-1,1,Web,0,1,83.39,1,3.34,27.73,2.46,0.5,0.95,None,15.95,2
536d93b9-dab9-4a7e-a40c-e401b43c0a3c,2025-12-01,CUST-156047,4,-87,3,18,Other,1,9,Web,2,9,70.36,3,2.63,7.15,16.59,0.31,0.61,None,14.47,1
a8043b85-6106-4412-9afb-9d363b2da8c4,2026-01-15,CUST-154007,4,85,4,47.4,Service,1,16,IVR,2,6,67.31,4,4.67,22.88,1.74,0.12,0.96,None,28.57,5
8111879f-70e8-4a26-8b25-d2a9a59be3e6,2025-09-05,CUST-651009,3,47,4,7.6,Network,0,0,IVR,2,10,72.44,1,2.99,27.08,12.4,0.68,0.99,None,13.37,2
1d0d0ab0-a72c-4ef8-85e9-00db50c82579,2025-10-22,CUST-857566,2,-6,5,48.9,Technical,0,24,IVR,1,14,83.11,5,5.47,9.88,11.89,0.78,0.5,None,21.67,4
cbe11df2-e4f9-4a03-b3d5-ad9d5a5f4699,2025-12-31,CUST-548513,5,-34,3,46.2,Service,1,18,Web,1,11,80.87,4,2.82,32.93,16.15,0.96,0.78,None,14.14,5
13d6ae8c-397f-479f-95f3-044a37195562,2026-05-09,CUST-322734,2,-36,0,65.8,None,0,3,IVR,2,12,72.45,3,7.34,9.88,17,0.84,0.51,None,18.13,3
d1abd216-05ec-432f-baf9-6bbe8b85de66,2026-02-16,CUST-124103,3,-21,0,2.8,None,1,6,App,1,14,67.52,2,7.97,14.52,19.22,0.35,0.58,None,21.76,2
fea85219-5e1f-467c-8dc1-bf8c6ce370d5,2025-11-24,CUST-617957,3,-41,2,70.4,Other,1,18,Web,2,14,90.48,2,3.84,34.32,5.1,0.15,0.96,None,10.48,4
1e2ad792-9b3b-4ea8-b859-028ca406839c,2025-10-01,CUST-952691,5,-71,5,24.7,Technical,1,17,IVR,0,2,94.96,2,1.6,35.25,2.46,0.72,0.76,None,7.65,1
987e4f09-b419-4685-9ae9-fe4b8c94ee51,2026-01-24,CUST-738203,1,70,4,49.6,Technical,0,6,IVR,1,8,67.2,4,5.38,17.81,1.58,0.17,0.69,None,11.9,1
a8707c63-6158-421a-ae6e-3ca4cf3c17d2,2026-05-27,CUST-644081,1,49,3,21,Technical,1,24,Web,2,4,89.02,4,8.08,12.66,9.39,0.9,0.87,None,26.01,3
39ad1ec1-0dd4-47d1-bf27-d13bb6400328,2025-10-31,CUST-778901,4,-100,3,7.2,Technical,-1,15,Web,0,9,89.76,4,7.91,23.12,7.01,0.18,0.99,None,5.28,2
5055baad-14f9-439d-8492-07887b0b4b52,2025-11-04,CUST-280295,2,-47,1,19.2,Billing,0,5,Web,3,3,85.64,4,8.62,21.54,1.16,0.43,0.66,None,14.46,2
75cfbb4e-ef4f-4c74-9d97-73739447881b,2026-02-02,CUST-200026,4,-73,2,65.7,Technical,-1,24,IVR,3,6,60.15,4,7.55,38.33,3.38,0.58,0.84,None,27.77,5
02e68367-b9f5-4dd4-a97d-9c242e6f8f0d,2026-05-14,CUST-472898,3,88,5,58.3,Technical,1,5,Web,1,9,78.49,4,0.64,8.68,2.99,1,0.66,None,12.47,1
636bae84-9f15-4140-ac20-91fdda0c2edd,2025-10-26,CUST-237958,5,-94,0,33.5,None,0,24,IVR,1,7,74.79,5,4.47,25.96,6.79,0.23,0.79,None,22.59,2
5f60ba35-dd73-456a-bfbf-03f55d0beba7,2026-03-30,CUST-290734,2,76,1,49.8,Technical,0,5,IVR,1,11,81.31,2,8.5,5.26,15.07,0.91,0.88,None,29.98,1
3032cb67-7bcf-404e-8114-809032707599,2025-08-21,CUST-423212,3,-90,0,23.1,None,0,28,Web,0,11,93.04,2,5.3,9.25,11.83,0.51,0.54,None,24.29,5
6b2ddf5c-b05a-4e39-bfe0-ec739eab2dcd,2026-05-12,CUST-869546,2,26,0,15.1,None,1,18,IVR,2,11,84.95,2,9.19,29.97,13.96,0.19,0.7,None,7.86,2
4bffa11c-0745-489a-90b2-06cffdfc46de,2026-05-12,CUST-972963,2,-55,2,66.4,Service,1,15,IVR,1,12,75.34,4,7.62,21.83,3.03,0.34,0.78,None,5.57,1
8d3c40e7-9d21-4e2e-90ff-129f95993286,2026-04-05,CUST-185628,1,-51,2,35.7,Technical,0,29,IVR,2,1,88.38,3,8.08,9.86,8.88,0.7,0.93,None,17.15,4
99dd1f24-2964-491a-bbb7-ae7f05b1aa41,2025-12-30,CUST-747445,4,-28,1,1.3,Network,1,22,Web,1,6,93.16,1,1.08,39.2,5.81,0.51,0.99,None,26.37,3
6448fbbe-137a-49b9-893c-33e6083fb123,2026-07-12,CUST-817419,2,33,1,4.4,Technical,1,10,Web,1,9,68.63,4,9.36,34.23,7.14,0.28,0.9,None,6.6,5
5b9f3e8a-76bc-4458-9d9f-0b900ef90f25,2025-11-18,CUST-443652,3,35,4,29.5,Billing,0,15,IVR,0,1,94.17,2,4.56,5.79,12.09,0.17,0.59,None,29.83,1
785330c0-b3ee-4b1d-b09a-44d02ae5fce6,2026-03-25,CUST-778497,2,-61,4,10.9,Service,1,15,App,2,3,89.2,1,6.77,6.3,18.96,0.78,0.62,None,5.37,1
d44b4f68-3e1f-4bc9-a54b-fea5d148d83f,2026-06-03,CUST-597960,5,-25,5,11,Technical,-1,1,App,3,4,76.93,3,5.02,21.15,7.64,0.58,0.88,None,8.36,5
416c5b45-5498-47c0-b498-110a8859c09c,2025-11-11,CUST-749272,3,-21,1,50.8,Billing,-1,24,App,1,4,80.35,5,2.38,31.03,4.92,0.46,0.92,None,15.15,4
fdd2f8e2-9fab-4aac-833c-a7ac24ec0b35,2026-04-21,CUST-150308,2,-1,0,63.2,None,1,1,Web,3,9,86.48,1,3.82,22.09,15.16,0.22,0.55,None,26.99,3
ee87c460-9499-4587-b7d2-af622b00509c,2026-05-10,CUST-209786,3,-98,4,2.1,Billing,0,20,Web,2,7,91.42,1,4.76,37.34,15.25,0.99,0.89,None,19.96,2
0da807e5-98a7-4259-8f17-e9d37d6ca322,2026-07-24,CUST-483783,3,56,0,65.4,None,-1,27,App,3,12,77.19,4,0.32,19.57,10.46,0.31,0.89,App to Web,14.93,4
ce11a6c1-9d90-4945-a295-747dfbcf7487,2026-01-20,CUST-356260,2,-12,1,61.3,Service,-1,11,Web,3,7,83.48,3,9.89,9.31,6.49,0.45,0.91,None,21.75,3
e610be3b-53e8-4055-aba1-ae0febb54d29,2026-02-23,CUST-529252,2,-62,2,19.4,Technical,0,1,App,0,2,62.19,3,4.76,35.47,17.16,0.51,0.94,None,19.54,2
08f787c6-4565-42d1-aaa1-1d78230b177a,2026-06-08,CUST-349703,4,84,1,18.8,Technical,1,29,Web,2,0,65.29,1,7.62,20.96,19.34,0.88,0.58,None,26.07,3
e8a94839-ad74-4364-a0ad-0591c1523922,2026-05-03,CUST-551224,2,-92,1,56.8,Network,1,23,Web,2,6,79.96,3,1.65,22.57,12.77,0.81,0.72,None,28.93,4
2b3d7b18-51b0-4871-aca5-739e6817ee39,2026-05-05,CUST-900130,4,-60,5,11.5,Other,0,28,Web,3,10,81.95,2,3.68,27.9,9.62,0.84,0.86,None,17.6,1
f8cc99d8-8a67-4411-9bab-768ec8348518,2026-02-20,CUST-378569,3,17,1,56.1,Network,-1,16,IVR,2,13,71.91,5,4.6,10.58,11.98,0.34,0.65,None,13.95,4
265754d3-4893-49aa-9846-9352469c8464,2025-11-26,CUST-956017,2,-23,1,34.8,Other,1,4,App,1,5,84.94,2,9.21,16.77,4.04,0.88,0.61,None,21.79,2
3e7573f3-02f8-4ea6-bbcb-ef32f30d7aaf,2026-02-01,CUST-605260,1,2,1,59.7,Network,0,7,App,0,11,83.58,2,0.13,39.47,13.84,0.5,0.78,None,11.24,3
eca8ca7f-ec6d-4bfc-90f7-532f208ef43b,2026-04-06,CUST-530660,2,55,1,28.8,Other,1,5,IVR,0,1,91.38,2,9.43,23.31,6.22,0.43,0.85,None,26,3
74f13d9b-0e27-447b-9d0b-28e17a4fd662,2026-06-09,CUST-327093,2,-94,2,1.5,Other,-1,1,IVR,0,8,88.2,4,7.19,33.37,7.84,0.44,0.93,None,14.68,4
4bffe1db-bb10-403a-8783-e878490574f3,2025-10-21,CUST-605536,4,96,2,66.6,Technical,1,22,IVR,0,14,82.18,4,7.26,7.92,10.37,0.73,0.83,None,18.02,3
ba445645-c5f2-4a66-827e-6d1f3359112b,2025-10-20,CUST-363315,5,50,2,47.5,Network,1,11,IVR,2,5,70.24,4,9.11,10.94,10.16,0.78,0.67,None,18.32,5
aa33772c-be67-488b-9e70-a1bdd48667bb,2026-06-13,CUST-142617,5,-99,3,29.1,Technical,1,11,Web,3,5,71.95,2,7.66,6.87,9.18,0.91,0.7,None,16.81,5
619cdf57-3c5d-46d6-aeba-b140eeb48bd1,2026-03-08,CUST-760430,2,29,2,40.7,Service,1,18,App,1,8,74.35,2,8.29,28.36,6.97,0.45,0.89,App to Web,26.94,4
e52af5c6-681d-44c4-88af-5288479812f7,2026-05-08,CUST-937945,4,59,2,33.6,Other,-1,14,App,2,2,75.28,4,0.37,26.65,4.39,0.3,0.57,None,8.22,3
0c589301-3d11-480d-a4e1-3d8385c6dd94,2025-11-16,CUST-798007,2,-31,5,18.2,Technical,0,6,IVR,1,1,79.62,4,2.06,39.43,16.24,0.65,0.53,None,12.21,4
a1bb8a84-50c4-46a2-a4b8-d89d234e2544,2025-11-30,CUST-760725,2,-46,2,23.5,Billing,0,10,App,3,3,60.73,2,5.41,34.2,3.96,0.37,0.62,None,12.02,1
b66c4b5b-2fb2-4ae0-b1b0-005b3722dc0e,2026-02-22,CUST-120430,4,-50,2,15.7,Network,0,1,Web,2,4,83.62,3,2.3,25.7,7.3,0.66,0.86,None,18.5,3
52f7169f-a451-4247-a65c-c382ec2db8f2,2025-08-01,CUST-171007,4,78,5,42.1,Technical,0,10,Web,1,11,69.64,3,3.03,31.58,18.32,0.82,0.5,None,13.77,4
7243a5f1-cb13-4803-9ad8-42a53f34ddb2,2026-07-17,CUST-713919,1,-10,3,65.4,Billing,-1,10,Web,0,3,80.89,4,5.21,24.7,8.11,0.19,1,None,19.43,5
c2e4cefe-a5b5-4836-ac1f-addbb2c799c5,2025-11-05,CUST-977098,4,-57,1,22,Service,0,15,Web,2,12,76.59,4,7.03,27.57,13.18,0.91,0.53,None,10.85,3
955ace18-043e-4c90-936a-ae3f52a763d1,2026-05-16,CUST-731429,3,-85,3,28.8,Network,-1,1,Web,2,11,87.62,2,3.72,28.49,11.25,0.13,0.71,None,10.29,4
134adbac-b024-47e8-834e-e15863883df0,2026-05-21,CUST-381892,3,-28,3,50.5,Billing,-1,13,Web,1,13,60.78,5,9.5,6.73,16.14,0.74,0.95,None,23.57,4
c57179af-5e2b-4fbe-a655-f1b5fc5061c9,2025-09-07,CUST-316134,2,-28,0,41.3,None,-1,4,Web,2,11,74.08,3,0.47,5.51,11,0.52,0.82,None,19.56,3
9f5d04b8-cac8-4f8a-8c63-e7c1f833bc65,2026-03-10,CUST-889376,2,78,2,70,Service,-1,5,App,2,9,69.68,3,4.86,14.6,15.44,0.51,0.53,None,26.86,2
39934d83-f23f-4a8f-8574-43c66373dc4d,2026-05-05,CUST-775891,3,-54,1,47.2,Billing,1,28,IVR,2,1,84.57,2,0.48,27.69,13.42,0.42,0.53,None,28.13,1
64f5486c-8db2-497b-8c69-ba48f521dcb2,2026-06-16,CUST-502264,2,77,3,60,Technical,0,8,App,3,12,80.07,1,6.84,19.92,16.16,0.54,0.61,None,11.42,3
2ebf7eba-77c0-4fe0-8c6b-7068ab30fe68,2025-09-15,CUST-964911,2,88,4,13.1,Service,-1,1,App,1,4,69.56,1,7.4,27.97,16.75,0.18,1,None,19.79,5
ad33ef61-aa43-4829-9bcd-ba5428e8870b,2026-04-06,CUST-423485,3,-29,3,24,Billing,-1,25,Web,1,10,82.72,2,2.1,25.48,8.82,0.95,0.75,None,6.32,2
ba28b893-2a57-452b-a724-e2e82e4999ae,2026-03-21,CUST-177035,3,57,1,7.1,Technical,0,17,IVR,1,12,63.11,1,3.83,13.56,6.46,0.82,0.69,Web to App,14.4,2
aa733d2e-55f2-4ad9-ab88-12dd9d5f03fd,2025-12-05,CUST-593993,5,32,1,42.5,Billing,1,3,App,2,2,88.88,1,9.01,9.69,13.46,0.55,0.78,None,19.1,2
1fcc58ad-b568-4cee-8198-869227deec39,2026-06-13,CUST-259706,2,-56,2,55.2,Network,0,5,App,0,12,91.06,5,6.1,34.94,11.32,0.17,0.66,None,25.15,5
2c515d81-5fab-47d4-8de2-3a6289f9ea5d,2026-04-13,CUST-743673,4,96,3,17.7,Billing,0,18,App,1,6,62,2,5.59,16.73,19.98,0.22,0.62,None,26.3,3
88a44131-71d4-4342-9a7c-2d2c7e3568d1,2025-07-29,CUST-623920,1,65,4,57.7,Network,0,17,Web,2,0,61.36,3,4.57,25.76,2.67,0.61,0.85,None,21.45,1
64b6b53d-dcf4-4e17-9555-eddf4596258f,2026-06-08,CUST-490431,1,75,3,46.5,Technical,0,7,App,3,8,81.83,2,7.79,33.7,3.87,0.11,0.77,App to Web,25.94,4
c97c9e7c-ef0e-431a-8973-e8978db35d3f,2025-11-30,CUST-468215,4,-75,0,14.7,None,1,14,Web,1,3,72.56,4,6.37,8.99,13.04,1,0.67,None,24.38,4
a335e3fd-eb66-4c08-a8fb-f7ea756f2439,2026-02-21,CUST-610378,1,-77,2,59.1,Technical,0,4,Web,3,7,72.68,1,0.62,18.67,7.18,0.27,0.62,None,22.7,4
1656a5c2-417f-45ab-b0aa-b399c2ae0e29,2026-05-20,CUST-368406,2,89,0,41,None,0,10,Web,2,0,87.95,1,1.71,34.49,1.37,0.35,0.87,Web to App,16.94,4
0d2ecadd-394b-4da1-acec-81bc365472cb,2026-07-08,CUST-660594,2,-52,0,30.7,None,0,17,Web,1,9,78.61,1,4.26,15.78,14.2,0.57,0.67,None,6.43,2
b7066632-c276-4ca8-8fe3-fb6ccdd0873e,2026-02-02,CUST-588327,1,61,5,69.7,Other,0,18,Web,1,3,76.75,4,2.18,33.15,2.92,0.67,0.81,None,5.47,1
37771c91-0061-4c2e-b94b-70a44714abfe,2025-12-13,CUST-799471,3,68,1,36.6,Technical,0,3,App,1,2,82.96,3,5.47,11.67,15.12,0.35,0.76,None,26.78,3
c550b166-c168-4961-8591-db0f9222155b,2025-11-29,CUST-118274,2,37,3,63,Billing,1,6,App,1,12,79.51,3,0.82,10.65,3.42,0.87,0.85,None,19.93,3
181de4ad-afcc-4ec0-b6a3-f4315c1d598c,2026-07-21,CUST-784112,3,-62,4,62.2,Network,0,20,IVR,0,7,68.77,3,6.5,26.97,15.2,0.35,0.65,None,24.35,4
a065ef35-4e07-49e1-8295-1a6cfe79d4c5,2026-06-04,CUST-733990,3,21,4,7,Network,0,28,Web,1,8,80.48,3,0.66,17.05,10.25,0.99,0.96,None,7.28,3
88ce496b-1d0d-4640-8b42-1560e8084dd3,2026-07-20,CUST-220133,1,16,2,37.3,Network,0,12,App,2,1,75.37,1,2.82,6.33,11.86,0.93,0.94,None,17.04,3
d7a84e6f-83f1-4864-9d06-dbee26e0af2d,2026-06-03,CUST-919924,5,81,3,22.1,Other,-1,1,Web,1,1,68.82,3,3.38,38.01,8.51,0.3,0.51,None,9.3,4
1f1917e1-34db-486f-a800-ded623978c1e,2026-01-04,CUST-839248,4,90,5,7.1,Billing,0,27,App,3,6,92.19,4,7.85,10.71,18.59,0.96,0.86,None,15.72,2
e992df4c-24d3-4e92-b9df-e1dfcd5ac051,2026-04-07,CUST-957003,3,-66,2,13.5,Network,0,14,IVR,2,10,76.21,3,0.91,39.59,2.93,0.8,0.5,None,5.95,4
845d13fe-f655-46f1-86f6-3da5a8e261a9,2025-08-25,CUST-630877,1,-11,5,3.8,Technical,0,5,Web,1,7,83.67,3,1.79,25.82,9.55,0.35,0.51,None,12.56,4
a572893a-6f08-4c84-a931-5703b07292bd,2026-06-03,CUST-957829,4,-59,2,35.6,Billing,1,18,IVR,3,11,76.8,4,5.31,19.78,12.1,0.63,0.53,None,13.01,2
09e32b63-a789-429a-afc8-304019d67c06,2025-08-30,CUST-100490,2,69,4,44.4,Other,1,6,Web,0,7,92.22,2,7.42,35.61,6.23,0.91,0.82,None,19.66,4
7795142b-f55e-425d-a1ff-0da017463a75,2026-05-09,CUST-767222,4,-19,3,65.1,Billing,-1,7,App,0,1,83.98,3,9.13,20.18,10.38,0.39,0.66,None,22.38,2
cf9daccb-460d-48f5-9c56-cec5e8600fbf,2026-06-03,CUST-342609,2,37,2,50.5,Technical,0,7,Web,2,11,84.77,5,9.24,23.82,5.7,0.54,0.6,None,12.82,3
0eee1ed6-124e-4834-95f6-76a59b9b2b37,2025-11-04,CUST-418946,4,38,1,61.6,Billing,0,15,Web,3,4,92.34,4,4.97,28.88,12.18,0.52,0.5,None,26.86,5
f56b1a07-beff-4a85-aed3-e3e1e9043682,2026-01-28,CUST-526519,2,56,1,29,Technical,1,27,IVR,1,6,71.99,4,1.24,22.05,2.25,0.33,0.74,None,6.01,3
bfcad2fa-ae6e-4af0-aed0-d346a6786fa7,2026-03-15,CUST-802928,4,15,0,2.9,None,-1,4,App,1,12,62.87,3,5.41,19.77,18.74,0.51,0.58,None,21.01,5
2fcd6bac-2a55-4427-a748-31ca3ed92007,2026-02-18,CUST-600777,4,-71,3,36.7,Service,1,28,IVR,0,6,74.63,2,3.83,6.18,18.01,0.6,0.54,None,12.29,4
904f5d69-6b5a-420a-890b-fb0a6d8350b8,2025-11-26,CUST-110634,2,11,2,52.3,Network,1,18,IVR,1,10,89.59,2,0.21,10.99,3.73,0.78,0.67,None,29.06,2
1b7f4d14-7d5f-4231-a363-4f690b28485e,2026-07-17,CUST-622249,1,17,4,69.6,Billing,0,19,IVR,2,13,85.29,3,6.63,39.43,5.17,0.37,0.6,None,9.85,2
2f198884-51e1-40d6-8c88-af7baf418c57,2026-04-23,CUST-112333,4,-37,1,67.9,Network,0,24,Web,0,1,80.15,3,9.34,28.17,13.1,0.21,0.68,App to Web,17.43,4
045223ad-b6d5-46ac-8278-7ad62968a50c,2026-01-18,CUST-873968,4,-8,4,37.7,Network,1,14,IVR,1,14,62.88,5,8.18,25.2,7.39,0.88,0.8,None,13.02,4
711fae57-879d-4939-a436-c9eaf4fe9036,2025-11-08,CUST-302598,4,26,4,58.3,Technical,0,10,App,2,13,88.54,2,9.95,10.96,5.09,0.87,0.71,Web to App,24.74,4
f7f46e24-b125-4950-8f29-cd7701a5a693,2026-04-05,CUST-120090,2,25,4,14,Billing,-1,8,Web,0,5,86.56,3,6.9,19.9,19.92,0.68,0.61,None,13.43,4
ad514d1b-4f1b-4154-96d1-bbfcb620b4e5,2026-07-23,CUST-975353,5,50,5,50.2,Technical,-1,2,Web,3,0,76.23,2,3.71,27.75,11.78,0.58,0.84,None,17.62,3
75bd7ea7-bcb4-4e31-b687-03231e11c462,2026-02-10,CUST-136598,3,2,0,38.5,None,-1,16,Web,1,12,60.22,1,1.13,20.38,6.65,0.9,0.57,None,23.5,2
bb731581-465e-462a-bf7a-e624cc45e8a2,2026-01-13,CUST-514845,2,81,4,59.5,Billing,0,11,Web,2,10,79.76,1,3.25,21.81,16.9,0.7,0.89,None,15,3
0665a177-4e2c-4ab3-a92f-72140ecefd6e,2026-06-07,CUST-255525,2,-26,4,56.8,Network,1,10,IVR,0,4,80.18,1,0.28,14.73,12.99,0.68,0.58,None,17.9,1
f4976168-f09d-49e6-9ecf-aca3b3d1ad90,2025-10-04,CUST-785243,3,62,2,16.4,Network,-1,12,App,2,7,66.64,2,2.48,13.5,4.63,0.61,0.88,None,28.23,2
e8021060-1091-46c1-865f-43bbeffe30e8,2025-07-29,CUST-177674,3,-7,3,30.5,Other,-1,28,Web,2,9,67.54,1,9.81,24.92,11.42,0.17,0.61,None,28.88,2
f9802842-ab14-4a4c-b18a-4e50c95e8d86,2025-10-22,CUST-713712,3,-45,0,54.1,None,-1,13,IVR,1,4,65.67,4,5.91,16.2,16.63,0.72,0.89,None,13.72,1
ae085dc3-f5df-4498-bfff-842abea6fc50,2026-01-20,CUST-788868,3,-93,2,51.2,Other,0,13,IVR,2,11,70.87,4,6.78,19.92,15.69,0.73,0.89,None,16.23,5
ec2903d4-4cd1-4693-89f2-e64f8c5b7257,2025-11-04,CUST-139861,4,-21,3,59,Network,1,14,IVR,2,8,75.82,4,9.85,24.11,6.92,0.28,0.83,None,14.27,3
fe7a67fc-cac6-4576-a1e4-e502f581a4bb,2025-12-17,CUST-931623,3,-30,0,34,None,-1,28,IVR,1,5,69.74,2,3.45,18.57,13.15,0.81,0.95,None,7.37,3
66480610-bb54-46f4-b0d3-f17650a36299,2025-12-08,CUST-769754,5,87,4,56.2,Service,-1,2,Web,1,2,64.8,4,1.3,32.38,15.3,0.72,0.74,None,23.57,3
4120ec43-198a-4f52-be29-596b3b741a48,2025-08-02,CUST-165117,2,93,1,13.6,Other,-1,3,IVR,3,11,69.61,3,8.47,8.85,18,0.23,0.78,None,28.12,4
2e1448d2-2a5e-4503-a723-a7aad0ef3c64,2026-01-15,CUST-991520,2,96,5,31.5,Other,0,14,App,1,2,94.16,4,7.05,13.54,18.37,0.52,0.86,None,7.22,3
8943516e-29f8-4b93-aa17-9ec177d684f6,2026-04-27,CUST-853696,4,-74,0,50.4,None,-1,19,IVR,3,3,68.63,3,2.35,19.61,13.05,0.11,0.64,None,8.97,2
f29735e8-ff49-4e2f-875d-36674c66cf34,2026-05-01,CUST-350583,3,89,2,71.7,Other,1,14,App,3,0,76.83,5,1.69,18.89,14.39,0.12,0.6,None,11.65,2
016c37ce-ca6c-412f-b81d-6b1a00fda8a2,2026-07-20,CUST-391552,2,-54,1,61.2,Service,0,4,Web,1,12,60.33,3,0.25,17.4,2.37,0.78,0.77,None,16.74,3
5d088d3c-5bf7-4c36-b4f1-c291e84ea093,2026-03-14,CUST-217315,4,90,5,38.3,Network,0,25,Web,1,8,62.76,1,1.1,23.44,11.72,0.3,0.77,None,15.23,3
262dd112-9386-4194-b005-97e9c57857ff,2025-10-11,CUST-642325,1,71,1,56.1,Network,0,9,App,3,4,72.92,2,3.37,13.37,15.27,0.84,0.96,None,16.86,3
3bbb2618-3e8d-467e-8cd2-7fb526d275cc,2026-03-21,CUST-193810,3,20,2,25.1,Network,-1,23,Web,0,9,73.92,3,0.5,26.2,13.04,0.76,0.9,None,27.36,1
ba520ca6-bd07-48b6-b2d0-a9c21ed852a8,2026-01-17,CUST-152105,2,37,2,25.1,Service,-1,22,Web,3,0,87.2,1,7.05,22.84,8.66,0.51,0.93,None,20.1,4
ba032bf7-ffb3-4ef8-9764-a182915d2c52,2025-11-20,CUST-774872,3,23,5,44.8,Billing,-1,21,IVR,2,6,70.37,3,7.71,6.7,15.09,0.38,0.84,None,21.46,2
8746465f-6cc4-4421-919a-4a960645e548,2026-07-07,CUST-260253,4,59,5,4.3,Billing,-1,21,IVR,3,7,82,3,0.59,18.32,1.33,0.84,0.78,None,15.64,2
c6023376-5e9c-4e44-9d15-a99345c150b6,2026-01-18,CUST-829960,3,-46,4,45.5,Technical,-1,10,Web,1,10,69.26,4,5.91,25.42,11.48,0.42,0.59,None,14.94,3
1acc38ab-aa61-421f-b7d2-e77d5e945de1,2026-02-11,CUST-321369,4,21,3,45.4,Other,1,19,Web,2,2,60.87,3,7.7,27.54,6.17,0.32,0.57,None,23.37,3
f0d3e943-236e-418a-a361-87de8e01c0d4,2026-03-21,CUST-852070,3,-32,5,39.4,Service,0,8,IVR,1,11,73.05,4,8.51,5.53,4.8,0.82,0.66,Web to App,11.77,3
858dc85b-d672-48a3-ae49-e75377732ff7,2026-02-21,CUST-491814,3,-78,3,49.7,Other,1,20,Web,1,14,70.89,3,9.58,31.27,8.58,0.79,0.58,None,17.13,3
a248dacd-cc23-4243-bf2a-ca45e30cd04e,2026-02-20,CUST-500271,2,98,2,61.5,Billing,-1,13,IVR,1,13,71.35,2,4.93,7.51,17.43,0.93,0.89,None,28.86,3
508061b6-eae6-4147-ae04-8bc1127e9534,2026-05-07,CUST-864518,5,-75,0,50.5,None,0,7,IVR,3,14,92.34,5,4.47,19.63,11.57,0.42,0.74,None,10.32,3
6b29abff-1cc6-490c-a9fd-532bab6ed9ef,2026-06-09,CUST-514275,3,77,2,6.4,Network,1,6,IVR,2,12,79.6,2,5.39,11.11,19.32,0.34,0.57,None,29.02,4
8179f173-d724-4b9b-bdad-d4d4f69aba3d,2025-10-07,CUST-817396,1,-72,3,46.1,Service,0,26,IVR,2,9,78.25,5,8.2,24.54,3.25,0.15,0.86,None,8.16,1
551d4391-4740-4ddd-ab87-388cbe83099d,2026-06-24,CUST-179065,3,-89,5,50.8,Network,-1,29,IVR,3,10,76.31,5,7.46,9.01,10.45,0.61,0.66,None,25.2,2
cc721537-2f8f-4d7c-a047-961c9f4b5f9c,2026-05-15,CUST-102654,2,70,3,52,Technical,0,30,Web,1,5,86.78,2,1.56,14.35,19.02,0.52,0.65,None,6.91,1
4c9b9948-1d8f-4e72-95da-741ee0926c24,2026-03-30,CUST-738770,5,-2,4,6,Network,1,30,App,0,3,70,4,2.31,16.15,6.41,0.53,0.97,None,19.16,1
aeb9ac65-cbde-4861-a55c-18401de51d0d,2026-04-09,CUST-936343,3,14,5,69.1,Other,1,3,IVR,1,11,75.89,1,0.46,22.05,6.85,0.64,0.56,None,16.86,2
251da6cf-405c-4cf5-b8b6-6a6411cf9098,2025-09-30,CUST-768199,1,16,2,44.1,Service,-1,20,IVR,1,10,62.02,4,3.75,28.13,8.11,0.45,0.96,None,10.96,4
436937c4-149d-470f-9f8b-b9b35e9e572c,2026-02-06,CUST-209982,3,14,3,59.9,Network,0,4,App,2,3,71.84,1,6.39,18.75,15.18,0.8,0.66,None,29.51,2
7f676c19-dcf0-48ee-9840-81ee59bcb9f4,2026-01-11,CUST-650517,2,22,2,70.6,Service,-1,25,IVR,1,2,75.24,3,2.75,13.07,11.78,0.34,0.72,None,19.51,1
7571b584-b9dd-44a1-8f3a-fc789faee787,2026-01-16,CUST-543288,4,-100,3,14.4,Network,1,0,App,1,11,82.31,1,1.17,37.89,4.32,0.62,0.53,None,29.13,2
10f9c045-899f-45fd-85fd-644d4a68e6d4,2025-09-03,CUST-825099,2,-54,1,53.3,Billing,0,4,App,3,12,61.46,3,9.24,15.73,14.67,0.97,0.78,None,27.3,4
c6919eff-55be-49dd-a5e5-765e24eeb53d,2026-05-07,CUST-106134,2,56,2,45.3,Network,1,12,App,1,5,79.2,2,3.9,18.81,9.94,0.22,0.94,None,11.51,2
dc64d893-9676-4095-8517-533c689fd5b4,2025-12-29,CUST-671224,3,16,4,14.1,Network,-1,26,Web,0,13,73.54,4,5.34,20.44,16.61,0.2,0.84,None,22.94,4
ca22256d-f29d-4154-a9db-6febc5a14592,2026-06-05,CUST-997311,1,61,2,52.5,Technical,1,2,Web,1,5,68.99,3,5.51,16.21,16.29,0.51,0.73,None,29.57,2
1aca65c1-0f42-4e56-9595-d8a6f71190a2,2025-10-01,CUST-420702,3,50,4,5.1,Service,-1,28,App,1,10,84.49,4,6.77,17.18,16.69,0.92,0.86,None,21.44,4
5983c935-9e4f-420f-bf32-eb66451ef9bf,2026-01-20,CUST-932682,3,92,1,40.4,Other,1,7,Web,1,8,81.47,2,1.32,29.17,15.61,0.79,0.72,App to Web,25.17,4
fdca31e5-bad9-434b-9694-c0b40d558ea2,2025-12-30,CUST-376911,3,-48,4,8.3,Service,-1,2,App,2,11,69.53,4,0.86,19.11,18.32,0.78,0.65,None,5.96,2
163b7670-9bdf-41c8-8704-1115025ebdde,2026-06-07,CUST-472199,4,35,1,29.8,Other,-1,1,App,1,7,75.69,1,7.04,26.6,2.77,0.34,0.98,None,26.19,1
2ac65ed6-cde3-4dae-b248-da7e9672ad81,2025-12-22,CUST-594382,4,-14,2,18.3,Service,0,7,App,3,1,77.02,2,4.93,17.1,17.06,0.35,0.91,None,18.5,5
84820d3f-d449-4b25-bb1c-a8cf83103041,2026-04-08,CUST-713984,1,-40,1,47.4,Service,0,26,IVR,2,13,69.54,1,6.61,26.4,12.84,0.55,0.52,None,23.14,3
8092caf4-d4e7-4c5d-b195-f956b69f5f4b,2025-07-26,CUST-626558,2,-82,2,58.5,Other,1,25,Web,1,1,86.88,1,1.45,36.98,10.75,0.36,0.56,None,23.61,4
9d48e442-067a-4bec-b8f7-650e9f340e8d,2026-05-01,CUST-689458,5,-18,1,16.5,Technical,1,24,IVR,3,12,83.16,2,4.62,12.85,16.41,0.62,0.93,None,9.24,2
e6de3029-e115-419c-833b-dfea839cfefa,2026-02-15,CUST-240003,4,-31,3,67.3,Technical,-1,14,IVR,1,5,90.03,2,9.93,9.43,11.2,0.43,0.58,None,20.26,2
fad14d25-269c-4218-8ae1-ad8524c44e1d,2026-06-22,CUST-420609,2,-98,3,51.8,Network,0,18,IVR,2,7,89.01,2,3.46,34.94,1.74,0.79,0.85,None,21.07,5
dfea829a-cc21-4281-8fd7-00df47499193,2026-02-19,CUST-383391,3,44,2,31.7,Billing,-1,16,Web,3,2,80.48,4,8.59,11.08,15.51,0.12,0.93,None,8.09,3
4b17fa09-f43b-4ddf-b084-41a238fbb3de,2025-09-22,CUST-327885,2,-1,4,30.5,Technical,-1,22,IVR,3,11,84.28,3,7.38,27.42,18.93,0.28,0.92,None,10.62,3
7876036c-c5d6-471c-8910-9096a1e4287d,2026-06-01,CUST-835267,1,-93,5,25.8,Other,0,8,IVR,1,14,72.43,3,8.96,35.11,2.46,0.94,0.91,App to Web,29.65,2
edf7ff0c-af68-4100-8a3f-3602864ca244,2025-12-03,CUST-376750,2,76,5,49.6,Other,0,15,App,2,6,68.35,2,0.51,37.53,11.46,0.91,0.67,None,27.78,5
6c3605de-f3e7-41cd-aae5-619c66cbc27f,2026-03-23,CUST-127501,5,13,4,28.1,Service,1,14,Web,0,7,90.7,4,1.93,21.55,13.67,0.77,0.71,None,5.86,3
1608f529-2410-4ca1-99c7-15e7d01182ee,2025-10-02,CUST-401516,3,-98,2,12.4,Service,1,27,IVR,1,9,68.17,3,0.11,38.58,2.36,0.78,0.92,Web to App,7.16,5
818e4959-0808-4338-a91c-7cd605873a7e,2025-12-23,CUST-627322,3,-43,0,49.4,None,0,8,App,1,13,67.7,5,7.16,11.73,10.94,0.75,0.96,Web to App,5.47,3
dc5ee508-2b1b-4e98-b81f-e6166adf1678,2025-09-11,CUST-565929,3,66,2,45.5,Network,1,19,IVR,2,0,84.42,3,2.45,11.6,18.73,0.39,0.71,None,26.36,3
08c7e66f-b2ba-48a3-b7e5-bcad6c92e126,2026-04-15,CUST-570464,3,12,3,30.7,Other,-1,10,IVR,2,5,69.78,3,7.37,27.28,19.08,0.88,0.54,None,22.83,3
3dbfa4f4-a925-40ed-823d-2ec27685aba7,2026-01-01,CUST-901476,3,-96,0,17.9,None,1,4,IVR,3,3,62.31,2,9.12,14.1,19.46,0.41,0.66,None,17.4,5
90138a66-ca5d-4806-9a73-e65a51307314,2025-11-23,CUST-901451,3,7,2,30.7,Network,1,23,IVR,2,6,76.45,3,1.07,9.85,10.56,0.96,0.65,None,18.23,3
301de750-1926-4f53-b295-73f27e98ed82,2026-06-17,CUST-615006,4,19,3,25.2,Technical,1,2,App,0,3,89.88,2,9.59,20.37,12.12,0.86,0.54,None,9.6,4
7b5c51fb-fca8-444f-a3db-1c8b1eba6961,2026-02-15,CUST-257232,2,97,1,29.3,Billing,1,1,Web,2,3,80.95,2,4.75,26.09,9.59,0.66,0.56,None,15.02,2
229a2576-b460-4390-a794-936f86cf3e68,2026-07-18,CUST-234421,3,-69,5,44.8,Technical,0,7,IVR,2,2,87.3,5,7.22,15.63,10.2,0.97,0.52,Web to App,22.95,2
5c4d99a9-e63b-471f-ba1a-aa6e39dad768,2026-04-04,CUST-454720,3,-74,3,43.8,Other,1,7,Web,3,7,90.34,5,8.46,9.72,3.62,0.77,0.99,None,11.33,1
455136ec-2e9e-4479-9a63-d03e911a80a4,2026-02-22,CUST-706882,5,87,2,47.7,Other,-1,24,IVR,0,4,84.18,1,8.9,28.34,1.01,0.31,0.95,None,7.83,5
7a58a4ef-b1dd-46b0-a5b5-5b40eb35cc07,2025-09-01,CUST-695807,3,84,4,29.1,Other,0,3,App,0,7,63.72,2,8.68,38.91,2.49,0.75,0.54,None,28.7,3
220e9b42-edfa-44b6-8908-f75a5c04f3b9,2025-12-04,CUST-408470,3,26,3,24.5,Network,0,30,IVR,3,9,94.86,5,7.04,12.71,2.02,0.98,0.93,None,26.77,5
3284c164-ce43-4a0e-89c2-819e6170b498,2025-09-10,CUST-328718,3,-73,3,61.1,Technical,1,13,Web,1,8,89.88,2,8.62,6.11,4.66,0.69,0.55,None,23.84,4
03e1f67f-b652-430c-abed-12aef7805527,2025-08-20,CUST-770754,3,-31,1,28.1,Other,0,6,Web,1,1,67.31,5,1.04,30.47,1.67,0.79,0.79,None,9.16,1
ae123936-c717-4826-9acd-fd63b0577bb9,2026-07-11,CUST-923349,2,-58,5,29.7,Other,1,9,Web,2,8,91.36,4,7.71,9.5,11.17,0.24,0.69,None,8.94,4
fd396477-2c56-4583-adb8-c42095105249,2025-07-29,CUST-251101,3,-48,0,50.2,None,1,25,IVR,2,11,82.2,5,8.07,39.66,3.11,0.37,0.8,None,25.73,4
3eb9f571-0820-4fab-9da1-52a0f203094b,2026-02-04,CUST-222639,3,64,4,39.5,Billing,0,4,IVR,1,3,78.05,5,9.85,33.3,5.4,0.43,0.62,None,25.82,4
2bfe3d97-1acd-4b0d-9153-c70a76463966,2026-04-27,CUST-928273,4,54,2,71.8,Billing,1,9,Web,2,12,81.95,3,0.76,17.07,13.43,0.55,0.7,None,28.59,1
f1045137-6612-4878-9279-9410b4d49de1,2025-12-04,CUST-816382,3,-92,2,50.4,Other,0,23,App,3,9,70.57,1,7.45,13.1,8.63,0.37,0.65,None,10.59,4
15728156-84d0-4063-9ada-2e2471c98601,2026-06-19,CUST-711670,4,-61,3,64.2,Billing,-1,19,IVR,0,7,74.74,1,6.64,11.11,1.92,0.67,0.76,None,14.61,3
61ad5275-cd6b-4fc9-8ea6-8af26e9ba124,2025-09-08,CUST-580261,1,-35,1,36.4,Technical,1,20,App,0,14,85.31,2,0.28,16.43,10.12,0.84,0.81,None,14.67,4
f8827ee7-e04c-44d1-b92d-8f683cbdf077,2026-04-28,CUST-539767,2,2,2,33.6,Service,0,4,Web,2,6,65.77,2,9.7,36.64,7.39,0.75,0.78,None,29.57,3
009e92cf-67d7-4f61-ac14-9c0caea0b9b6,2025-09-26,CUST-300919,2,-1,3,3.5,Technical,-1,24,App,2,6,77.08,4,5.51,35.3,16.29,0.86,0.56,None,25.36,3
3cd4f241-ad6b-436b-9f65-e6dde7d249d6,2025-11-16,CUST-297009,3,-65,4,12.3,Service,-1,4,App,3,5,76.88,4,2.3,12.84,13.45,0.39,0.98,None,24.13,5
33774744-22bd-4adf-ab11-c8ffc0317654,2026-05-17,CUST-830834,2,70,4,19.3,Billing,0,30,IVR,3,9,71.93,2,5.05,6.2,4.68,0.92,0.7,None,14.85,3
f3e75675-a607-445f-8fda-73e1985ca270,2025-11-17,CUST-446806,4,81,1,9.4,Network,0,2,IVR,1,13,75.02,4,2.91,12.17,9.66,0.56,0.88,App to Web,28.16,4
1e6f73ba-2e9e-4e85-a8ba-de04b44504e9,2025-09-29,CUST-401570,3,-81,4,35.5,Technical,1,29,IVR,0,4,71.03,1,1.65,11.43,11.51,0.95,0.97,None,22.14,2
639cbad7-07c5-4be4-890c-b2c4455625a6,2026-01-01,CUST-893960,5,11,2,2.9,Service,0,2,App,2,13,87.41,1,0.34,13.62,11.49,0.38,0.62,None,20.59,1
335f7895-1051-4757-abc6-027612930150,2026-02-03,CUST-501703,3,74,0,20.5,None,1,20,App,1,2,60.57,2,5.5,18.38,18.2,1,0.56,None,26.5,3
861d1ce9-c6ca-4c46-b8e6-73cdc933015e,2026-06-25,CUST-762299,1,-78,2,22.5,Other,1,13,IVR,2,8,72.43,1,6.25,5.84,9.09,0.12,0.65,None,14.45,1
d2dcb24a-da94-49e3-8e9d-fbd57e8f0d46,2026-03-28,CUST-785711,4,-83,5,11.1,Other,-1,21,IVR,2,1,67.42,4,5.03,27.29,19.54,0.69,0.64,None,19.54,4
0cb8910f-2e4e-4f73-8e33-cdd97f92bf55,2025-08-01,CUST-654989,1,-40,5,20.5,Billing,0,14,Web,1,0,64.64,4,1.02,16.01,12.56,0.48,0.87,None,14.46,2
60035d2f-6483-4ae6-b751-ceb659d3cb06,2026-04-07,CUST-208389,2,0,2,33.9,Service,1,24,Web,3,1,76.14,1,7.34,18.29,3.02,0.26,0.58,None,12.08,3
030f451a-74b2-4599-950c-9b81000ac245,2026-07-23,CUST-620479,3,-5,1,68.9,Network,-1,23,App,2,4,74.41,4,7.64,31.31,7.04,0.58,0.57,None,10.72,4
efa30118-a3cd-4e05-9e00-67df2d35982c,2026-04-19,CUST-207301,2,100,2,17,Service,1,9,App,2,11,65.46,2,1.28,7.1,2.51,0.66,0.94,None,13.64,4
0a5adda8-c41b-4201-a06c-b8db626ad450,2025-12-10,CUST-394876,1,-74,0,24.5,None,1,15,Web,2,9,79.03,4,4.37,39.99,16.54,0.46,0.82,None,8.08,5
e917a6b2-2c14-45a3-95d2-225708a2c76a,2026-07-05,CUST-184978,3,-51,0,29.2,None,1,19,Web,2,8,64.46,1,0.64,22.39,2.69,0.51,0.95,None,23.11,4
a8d256b6-e0b4-44ca-a809-ed0809ef8f62,2026-05-23,CUST-761811,2,-83,1,49.2,Service,-1,10,IVR,2,9,74.67,4,0.74,6.57,6.72,0.99,0.68,None,10.31,3
3be437f8-5c04-463c-84dd-349348835243,2025-10-14,CUST-528821,2,-77,2,13.2,Service,1,9,IVR,1,11,80.15,3,8.58,22.68,17.3,0.72,0.91,None,26.34,4
fbdf7c39-f195-48a9-b461-1bf7246b3eab,2025-11-03,CUST-557339,4,56,1,41.8,Technical,1,16,App,1,6,91.97,1,3.86,14.52,6.51,0.67,0.66,None,23.78,1
38eef012-85dc-414c-a7b1-49178c97d2ea,2026-07-17,CUST-982604,3,-15,3,18.6,Service,-1,13,IVR,0,7,94.46,2,5.26,16.83,2.34,0.88,0.94,None,22.51,2
973631b0-5da2-4720-b846-e2f03c7796b7,2026-07-15,CUST-274287,2,-11,5,71.1,Network,-1,6,App,0,3,65.34,4,7.07,5.54,2.39,0.69,0.96,None,5.91,5
244f4885-5004-495e-9fcc-e0cb480881f5,2025-08-02,CUST-752551,2,-73,5,67.7,Technical,1,3,IVR,0,12,85.34,3,1.1,21.57,15.08,0.29,0.96,None,24,4
cbc45b25-a073-4938-b9ce-8b43d60db84e,2026-02-15,CUST-950158,4,-40,5,33.4,Technical,0,11,Web,2,2,60.44,4,4.27,22.06,16.9,0.8,0.82,None,6.45,4
31bab543-9c9b-4f18-8cc8-9cc239a5b2f1,2025-11-11,CUST-611208,3,9,3,71.5,Other,-1,5,App,0,2,79.35,5,1.4,38.74,6.07,0.23,0.58,None,6.84,4
54ac4fed-1190-4c83-aecd-5d760876c13f,2026-03-04,CUST-558492,2,77,1,66.2,Network,0,19,App,3,2,87.07,3,4.16,34.02,15.51,0.64,0.68,App to Web,16.57,4
119e7900-d286-401d-aee2-769ca09c8957,2026-05-26,CUST-668480,2,-84,3,5.7,Technical,1,22,IVR,2,11,93.01,1,6.76,23.53,11.51,0.56,0.82,None,29.92,4
224744c3-8cb6-4577-828a-05de2839d8c1,2026-02-15,CUST-515532,4,-60,1,47.9,Network,-1,6,IVR,1,4,67.15,3,5.35,17.74,13.84,0.2,0.68,None,11.32,4
67908e33-3b97-41e8-93ec-77753c8b9c50,2026-07-14,CUST-201246,4,-75,5,54.2,Technical,1,14,App,0,7,71.73,2,7.29,38.99,19.13,0.13,0.52,None,28.58,3
acbec258-8086-4377-a057-80726ad3b911,2025-08-20,CUST-501297,4,7,3,11,Billing,-1,3,Web,0,10,62.78,3,5.23,30.86,17.36,0.32,0.64,None,21.59,4
308fc30d-afac-4687-9450-8db96b2bca9a,2026-01-05,CUST-160297,3,89,5,39,Other,0,10,IVR,2,4,68.58,5,4.45,19.21,3.43,0.79,0.51,None,19.02,2
63e0e7fb-435a-48f6-9ae9-e4c405a07a38,2025-07-30,CUST-305282,3,59,3,48.3,Service,0,23,IVR,3,9,69.65,2,9.37,20.04,6.28,0.59,0.76,None,22.88,5
4ca415ce-86f0-4faf-99f6-2aa36598d8d3,2026-01-27,CUST-915879,3,40,2,63.3,Network,1,17,Web,3,6,74.38,3,2.95,8.89,8.97,0.46,0.85,None,16.75,3
b42de35c-ceab-47c4-af99-99fc8841d58e,2026-01-21,CUST-845523,3,-57,4,39.7,Network,-1,1,App,2,13,87.72,4,2.4,28.71,7.52,0.75,0.55,None,15.57,4
4f74cdf4-102e-412b-80ef-4be479be7108,2026-06-26,CUST-787036,2,22,3,38.3,Service,1,17,Web,3,5,81.82,5,1.04,8.92,15.03,0.53,0.56,None,25.94,3
040a3c6a-f4c7-4ff6-b105-6ee783e43393,2026-02-10,CUST-274229,4,-56,0,62,None,-1,25,Web,2,11,61.03,5,5.65,13.65,19.64,0.8,0.53,None,19.77,4
5512e6af-cb8e-43c8-ab7c-de3205fa7ea1,2025-11-30,CUST-107470,5,-82,3,58.9,Service,-1,25,App,0,5,90.6,4,3.41,35,11.91,0.27,0.76,None,5.07,2
f13ec479-9662-46dc-83f1-9674cc0430a4,2025-11-03,CUST-886856,2,-44,2,55,Service,0,10,Web,3,5,84.42,4,0.36,14.19,18.47,0.94,0.93,None,24.57,3
ee55e8b7-f570-42f6-b495-59f23f11d5d6,2025-08-16,CUST-832014,4,57,2,6.2,Network,1,2,App,3,5,82.63,1,4.06,26.48,9,0.93,0.66,Web to App,8.57,3
00b54e1a-d18e-40c0-a9b8-8dcd159b6a19,2026-03-15,CUST-790328,5,87,1,43.8,Technical,0,4,App,1,4,74.77,3,0.73,38.27,13.11,0.58,0.71,None,23.47,4
f9a6486a-a03f-44d3-ba3c-1331af803f95,2026-06-23,CUST-800783,3,37,2,32.7,Other,1,19,IVR,0,8,66.6,1,3.62,6.79,1.83,0.37,0.61,None,10.02,1
8d074e33-b308-45a4-a01d-ebbc55892ee4,2026-02-28,CUST-773528,3,16,3,45.7,Technical,1,28,Web,2,8,82.1,5,9.4,12.27,5.75,0.91,0.96,Web to App,22.98,5
d1d9f286-a361-4467-962f-2d73ef80cc09,2026-03-01,CUST-252544,5,-66,5,68.3,Other,1,20,IVR,1,1,87.52,3,9.72,32.61,6.19,0.68,0.86,None,19.81,4
87fbc93d-9fad-4a3e-bc5e-2423bb296bc6,2025-07-30,CUST-358514,3,-81,5,49.3,Billing,1,21,App,0,3,63.52,3,9.46,13.28,8.48,0.33,0.85,None,7.14,2
443811a5-928f-4511-b82d-6ce81923ddd3,2025-08-23,CUST-269301,2,-22,2,53.5,Technical,-1,11,App,1,11,86.15,5,2.95,28.86,9.61,0.32,0.92,None,7.78,2
dd500b48-dd61-458c-84d1-405cd2a85341,2026-06-07,CUST-281378,2,-60,1,52.6,Technical,1,1,IVR,1,6,61.79,2,2.84,17.58,17.8,0.4,0.96,App to Web,24.11,2
a160aa74-14e3-4b08-abe0-52780b3b86cd,2025-11-25,CUST-364693,2,-7,4,25.4,Billing,0,24,App,0,1,65.36,3,4.89,24.63,14.85,0.9,0.76,None,15.5,4
47686834-f065-45dd-a664-df1c620ea669,2025-08-20,CUST-739263,3,-28,0,36.4,None,1,27,IVR,1,12,68.71,4,1.29,38.52,19.79,0.73,0.58,None,17.07,4
83cb7f29-9845-4141-a69e-bc93e7f9d047,2026-04-25,CUST-378329,2,94,2,55.8,Technical,1,11,Web,1,13,60.23,4,7.73,29.82,12.95,0.3,0.79,App to Web,5.46,3
ff553fd8-9932-4f60-8198-b4fb0413fd8c,2025-11-13,CUST-189089,1,-1,0,55.5,None,1,6,IVR,1,2,62.92,3,4.68,5.37,4.98,0.28,0.98,None,25.23,3
1b9f2afe-e6cd-44a1-aebb-fa23b790e7c4,2026-07-24,CUST-259127,5,-92,4,52.8,Other,1,25,IVR,1,12,82.98,3,3.24,21.49,4.29,0.72,0.94,Web to App,22.1,4
bf221c5c-7960-4618-bd53-5db87a24c6f7,2026-01-03,CUST-907927,3,41,2,58,Technical,1,8,Web,3,5,71.37,3,1.89,27.05,9.73,0.51,0.7,None,26.73,4
915e0a9c-5f0b-4e35-9b6d-05af3adbf4f3,2026-07-15,CUST-501488,4,-11,1,11.7,Service,1,16,IVR,1,10,83.49,2,1.21,17.89,9.49,0.79,0.62,None,9.41,4
5007d714-82f4-448b-859f-5b753cecf14e,2025-10-08,CUST-536705,1,-34,4,51,Other,1,16,App,0,4,61.96,2,4.49,36.81,17.76,0.32,0.59,None,23.73,2
39687f45-176c-48d3-8707-527f92c9b2e5,2026-07-04,CUST-667593,3,90,2,60.1,Other,0,5,IVR,0,8,72.6,4,4.93,31.35,15.65,0.44,0.76,None,11.33,2
19d941a8-af0f-491d-99a3-d098d630c05a,2026-07-19,CUST-525210,5,15,3,15.5,Other,0,17,App,1,8,75.23,1,3.88,24.47,4.47,0.2,0.95,None,10.21,1
4038014f-e495-49aa-8ab2-b85ae1ff7a88,2026-02-06,CUST-646598,4,13,3,67.8,Technical,-1,5,IVR,2,12,71.18,5,2.79,6.71,13.53,0.83,0.95,None,15.18,2
ea5e1687-76b1-4d2d-9aa3-cdae31b7078b,2025-10-27,CUST-718185,3,-21,3,22.7,Technical,-1,26,Web,0,2,65.51,2,4.23,7.75,2.01,0.25,0.74,None,23.85,1
38043abe-71d4-4b03-993c-3e6dfdf03cad,2025-12-01,CUST-936201,3,-10,2,53.6,Technical,1,18,Web,1,6,81.24,2,1.96,37.68,11.64,0.26,0.9,None,7.92,3
8402c288-1f20-4d7e-ad79-20e47e87719f,2025-10-21,CUST-361490,5,-71,4,3.1,Billing,0,1,IVR,2,2,91.54,4,6.04,17.93,6.57,0.4,0.92,App to Web,16.49,1
088064ca-326c-4817-bd85-7fce47b59e82,2026-06-19,CUST-112568,5,65,2,66.5,Other,-1,17,Web,1,8,83.8,3,5.02,18.53,13.68,0.4,0.71,None,18.09,3
15b88ce2-7766-48c2-8142-286bc3d83a84,2025-12-10,CUST-755698,4,85,5,62.4,Technical,0,18,Web,2,8,67.51,3,9.89,16.94,2.14,0.23,0.6,None,9.67,5
0a946a7b-48eb-4a00-aaa8-3ab8a830deeb,2026-04-16,CUST-530731,1,-65,5,35.9,Service,-1,15,IVR,1,6,75.72,4,5.88,12.05,16.25,0.25,0.81,None,15.24,4
dfcbfec7-d2ed-4d20-9719-8a345d1e3bbe,2025-10-16,CUST-305411,2,27,3,29.2,Other,-1,6,App,1,4,73.41,3,7.25,31.71,3.08,0.21,0.81,None,19.35,4
f6347d68-0ada-4d9e-93ab-057b4bfb421c,2026-04-04,CUST-381703,1,59,3,34.2,Technical,0,19,IVR,2,13,88.59,2,5.34,20.07,12.59,0.97,0.87,None,29.41,2
ac8caabf-d2be-4859-8663-7a5e1760695f,2026-01-29,CUST-190118,2,-99,5,70.9,Network,0,22,App,2,7,93.9,4,8.7,22.12,9.75,0.14,0.7,None,12.11,2
9ec4c582-dbb4-4d46-981e-319ef9c7c574,2025-11-28,CUST-650441,4,92,4,6.7,Billing,-1,21,Web,2,10,86.29,2,5.09,11.99,2.56,0.56,0.59,None,11.02,2
88e2e06c-7b13-43bc-823a-f99ed14cf403,2025-09-10,CUST-321136,2,17,0,27.6,None,1,23,Web,2,5,62.31,2,0.2,15.79,14.22,0.72,0.77,None,5.42,3
a056f8c8-7843-410f-a869-b57d13eeae9d,2025-12-20,CUST-477870,2,8,4,36,Service,0,13,App,3,1,85.5,5,0.72,17.13,2.77,0.8,0.88,None,5.07,4
f5b89d5c-d5f9-4ff0-b2c7-c80762efd6a0,2025-09-03,CUST-249064,2,-84,2,41.7,Billing,1,24,Web,2,7,92.12,4,2.17,10.77,14.26,0.8,0.57,None,7.43,1
6ab1807a-31f2-43c9-928f-7d0e7bc33817,2025-11-21,CUST-488226,5,-95,0,69.2,None,1,18,Web,1,9,64.46,3,6.11,34.29,5.13,0.46,0.62,None,12.67,5
7b48e766-9309-46a9-91fa-3e74b260c844,2025-08-30,CUST-418270,2,52,3,34.5,Other,0,2,App,1,3,61.77,4,7.5,15.99,6.98,0.36,0.81,None,18.43,4
56538242-cb73-48ec-bcee-f197ad5a7146,2026-05-19,CUST-532843,4,45,5,57,Technical,-1,7,Web,3,13,84.08,5,5.73,26.85,10.96,0.52,0.73,None,11.75,1
fe72cc8d-2522-48a1-a641-b101f5a982e1,2025-08-25,CUST-791360,4,-75,1,51.8,Technical,0,20,App,1,4,68.7,1,0.23,38.18,12.33,0.62,0.6,None,29.18,4
58eadac9-c6bb-4f0f-9dfd-78febeed976c,2026-06-24,CUST-539942,1,100,3,71.8,Service,-1,10,Web,1,2,66.36,2,3.39,19.82,3.59,0.32,0.7,None,6.08,5
938edf69-055c-4044-84c1-a81b5c1f83c9,2026-06-30,CUST-314590,3,-64,4,7.7,Service,1,5,IVR,0,4,73.07,3,0.84,20.43,7.89,0.39,0.52,None,29.15,3
dc2c6233-51bf-4020-b124-d7c7c555ba2c,2026-01-20,CUST-797647,3,-4,3,7.4,Network,-1,3,App,1,0,75.11,2,5.66,29.42,13.66,0.17,0.51,None,17.47,2
b989bf5a-834b-49bc-ac55-06e5266a1b64,2025-12-23,CUST-178491,2,-25,3,3.6,Technical,-1,18,App,2,6,74.5,3,5.93,22.8,5.43,0.98,0.98,None,8.68,4
7680b505-a918-4569-9c10-106909a61b3f,2025-07-26,CUST-774102,1,78,1,28.4,Other,0,27,IVR,2,7,88.11,4,5.89,8.22,6.64,0.63,0.68,None,14.21,3
221e05b8-768f-454c-aa88-92b86eeb902b,2026-02-19,CUST-858059,4,-66,2,16.4,Technical,1,20,IVR,2,6,82.35,2,0.69,10.29,16.71,0.22,0.99,None,9.38,3
8c0ccc12-acbb-4349-a1b2-93691610d61a,2026-03-16,CUST-930441,4,67,1,61.1,Other,-1,9,App,1,8,83.32,2,6.84,31.14,18.53,0.76,0.76,None,16.16,5
5303e94c-e8b2-4ea1-8093-1acb4a65886c,2026-07-04,CUST-506717,2,-92,3,25.9,Service,0,19,IVR,1,3,84.81,4,7.2,15.35,6.47,0.26,0.61,None,11.5,2
ace909a2-4aa2-46bc-957d-2d5a8fc05803,2026-04-15,CUST-921385,3,-83,2,61.2,Technical,1,17,Web,2,8,65.74,1,9.15,7.72,6.15,0.63,0.99,None,13.5,5
4a115354-81d1-4085-a52f-4763b015fd51,2026-02-10,CUST-664007,1,-49,2,53.4,Other,1,25,Web,3,7,68.96,2,3.08,10.88,13.7,0.7,0.96,None,13.82,2
868ac43b-c0be-4eaa-a22b-3d56329828bc,2026-06-07,CUST-551341,5,-25,4,22.2,Technical,1,7,IVR,2,2,73.3,2,0.82,25.95,10.63,0.98,0.63,None,29.47,3
ccc1a13b-7738-4499-be72-e3c3ac311ef5,2025-10-12,CUST-939027,1,61,2,43.4,Other,-1,28,Web,2,5,83.5,4,6.29,30.7,19.97,0.94,0.83,None,22.87,4
cfe9dc34-7225-482b-abd1-69197030ec65,2026-03-17,CUST-533696,2,100,2,29.4,Service,1,19,Web,3,8,65.98,1,7.35,35.4,16.57,0.88,0.7,None,10.44,3
a79455ce-ab8b-4d8d-950e-56a6b13e3e33,2026-07-06,CUST-724268,2,73,0,48.3,None,1,20,App,2,2,67.31,4,5.32,17.21,6.74,0.53,0.78,None,8.16,5
1a84c547-44ab-409b-9bef-903783ee644b,2025-08-25,CUST-551029,2,1,3,39.1,Other,0,29,App,0,4,66.86,2,4.96,19.69,6.92,0.85,0.68,None,27.47,2
aa005e46-5be7-4850-af34-482f0a0cf578,2026-07-08,CUST-100242,4,51,2,65.7,Service,0,13,IVR,3,6,67.22,2,5.73,39.04,18.7,0.82,0.81,Web to App,22.02,3
246cc1b7-b1de-4d04-82fc-177d7c513446,2025-09-22,CUST-815321,5,53,0,62.2,None,-1,6,Web,2,10,92.36,5,8.77,20,18.58,0.55,0.79,None,9.09,2
2126e755-7143-4712-9942-ad8880f7abc7,2026-07-22,CUST-991835,2,-91,4,43.3,Other,0,9,IVR,2,10,72.57,3,1.61,18.96,16.26,0.27,0.96,None,21.15,2
2ffe2a4f-e4a7-44bb-baeb-678b285fb451,2026-03-04,CUST-100492,1,-7,4,30.1,Billing,0,18,App,3,3,81.3,2,9.74,27.05,8.46,0.77,0.53,Web to App,26.62,1
5c345573-230b-44a2-8068-f77d8e8caab6,2025-07-27,CUST-630402,3,68,4,50.8,Network,1,9,App,1,5,78.93,1,1.98,21.8,3.46,0.44,0.8,App to Web,26.03,1
c0766b7a-fd15-4376-9ae8-965daf846332,2026-04-15,CUST-131950,5,-10,0,24,None,0,10,Web,1,9,76.29,4,9.3,22.99,4.35,0.66,0.7,None,24,1
91bf0d8f-7fe4-48d3-a8f2-34278ecb3ca1,2025-11-08,CUST-205535,3,-95,3,69.4,Other,0,20,IVR,2,8,84.04,2,0.52,5.63,19.72,0.13,0.72,None,28.28,4
643ffdec-bcfd-4e9a-a5f0-9d012bddd267,2025-10-05,CUST-127110,5,-97,2,23,Service,1,10,Web,2,4,89.13,3,2.26,19.37,2.43,0.6,0.58,Web to App,24.95,1
8f9d143e-0b6c-4805-95b3-813c5a04b692,2026-05-17,CUST-316071,4,-53,4,20.8,Service,1,7,App,3,3,87.53,3,4.68,31.01,16.26,0.3,0.89,None,18.91,3
5ece2c99-8d74-48aa-873d-1aff3edbbd7a,2025-12-21,CUST-503320,4,-81,1,14.8,Billing,1,24,Web,0,11,80.72,4,5.16,14.53,18.53,0.47,0.72,None,9,3
cfd93128-dc6a-4121-b68c-cb98a15d4ba2,2026-04-26,CUST-110171,4,-71,4,8,Other,-1,10,App,1,3,76.65,2,6.25,15.52,1.31,0.5,0.79,None,10.09,1
00fd8ddf-7ec5-428d-a04a-0a7228eb66df,2025-12-15,CUST-257469,2,45,4,51.5,Service,0,27,App,1,10,82.57,4,8.23,5.07,4.34,0.99,0.58,None,25.76,3
84ec5931-1d4f-440f-b6ed-6292a51fff39,2026-05-13,CUST-480523,2,-72,1,41.1,Network,1,5,App,3,1,81.57,5,5.95,21.64,7.29,0.57,0.62,None,29.07,3
884da5b3-db1c-48e4-8a03-960ce67d862d,2026-05-17,CUST-962692,4,14,0,30.4,None,-1,4,IVR,2,1,93.07,5,5.03,38.43,4.89,0.16,0.79,None,17.46,2
1d33bb1b-3a45-4261-b3fa-68c3da71aa34,2026-06-04,CUST-372614,4,-29,0,62.9,None,0,13,IVR,1,3,67.02,2,9.25,18.94,7.72,0.17,0.56,None,20.27,2
40349677-377d-4abc-bcd1-6d3f6f730e85,2025-12-14,CUST-974252,2,92,2,65.4,Network,-1,6,IVR,2,4,93.92,3,8.88,20.55,16.11,0.21,0.86,None,27.27,3
942022ad-fad8-4fac-a32e-92a4be7afd56,2025-10-22,CUST-520141,2,-72,4,29.6,Technical,-1,6,IVR,3,5,87.1,3,7.36,6.88,3.62,0.18,0.91,None,17.08,1
3ac3dc84-25e8-4969-9d7f-d101767c2d06,2025-10-07,CUST-962054,5,-80,1,8.7,Technical,1,23,IVR,0,4,67.42,4,9.81,7.7,12.93,0.2,0.65,None,5.59,3
00b63834-7e02-4433-8ed2-1335a777bf0a,2026-01-05,CUST-340029,2,-60,4,64.9,Billing,0,10,IVR,3,1,76.75,3,6.51,38.32,12.74,0.89,0.72,None,25.39,5
3a11ad5a-30b9-4814-a948-551910d47ed9,2026-05-25,CUST-442760,3,-65,1,14.8,Network,-1,18,App,2,13,63.57,3,3.74,29.03,1.41,0.59,0.99,None,15.45,4
26090b63-d8f5-4b9f-bb7b-0b069829ce5d,2026-04-17,CUST-363011,2,-35,4,55,Billing,0,7,Web,2,1,82.29,4,8.28,39.97,13.76,0.8,0.63,App to Web,16.76,3
4b774ab3-23e1-4939-b7b1-28c631a94727,2025-11-26,CUST-328167,5,31,2,40.1,Network,1,20,IVR,3,10,68.51,4,8.59,23.1,2.36,0.14,0.77,None,17.55,2
c16c1960-77da-4e47-aaf3-03a8e0ed4388,2025-10-27,CUST-157726,3,-6,0,13.8,None,0,8,Web,1,4,60.26,2,8.5,34.46,19.39,0.29,0.57,None,11.4,3
7f1bad8b-746f-448d-a052-6a558f1853cf,2025-10-07,CUST-987644,4,88,1,39.7,Network,-1,30,Web,0,1,80.17,4,3.42,30.48,9.74,0.27,0.99,None,14.39,4
4ef9e3f0-8585-44a8-846d-98096765b88b,2026-01-05,CUST-628371,2,-42,3,32.8,Other,-1,11,Web,1,3,80.47,1,8.67,38.48,13.61,0.78,0.77,App to Web,22.94,2
c3bd55d8-ef85-40ad-b1c1-4df23ad018e1,2026-06-03,CUST-435073,2,24,5,54.5,Other,1,23,IVR,1,1,82.33,3,0.51,36.98,18.86,0.89,0.67,None,12.94,4
c325213d-b1ed-4ed8-b0aa-e9effac299e3,2026-02-07,CUST-981464,3,-36,3,19.7,Technical,0,9,Web,2,4,89.14,4,7.5,8.86,14.32,0.72,0.57,None,14.14,2
94f07529-2498-4452-8002-062f84cb0b1d,2026-05-03,CUST-550652,5,54,3,41.7,Service,0,14,IVR,1,5,84.07,5,3.21,29.51,13.11,0.78,0.75,None,11.09,1
61be3335-c77a-4971-a1f9-9fe257f43dec,2025-08-26,CUST-854284,3,66,3,62.5,Billing,0,4,App,2,1,81.76,3,6.05,34.21,9.01,0.69,0.52,None,7.78,1
d96544c9-1483-4ac5-abab-89a9016acfcd,2025-12-25,CUST-299615,3,-69,1,56.9,Service,1,9,IVR,1,10,75.25,3,1.65,15.05,19.25,0.22,0.97,None,11.81,1
e0b6456c-9cb9-4aae-8ff6-fe4fa298e214,2026-04-04,CUST-154508,3,45,0,44.2,None,1,7,Web,0,1,92.35,4,0.46,37.61,4.08,0.62,0.61,None,14.53,3
0c252b52-2dd6-4e24-9fe5-998d4847b0c9,2026-06-05,CUST-646695,3,-45,1,12,Other,1,2,IVR,2,12,65.15,4,1.24,29.3,16.76,0.61,0.89,None,12.41,2
59826023-16f1-4619-846d-35bdc6a0003c,2026-03-10,CUST-205503,2,69,1,40.5,Other,-1,28,App,3,8,90.78,3,5.83,31.97,19.36,0.6,0.98,None,14.94,4
60878f79-9132-40ec-bfdb-ade4c9cdaf7d,2026-04-24,CUST-651892,4,66,4,18.2,Billing,0,22,Web,1,8,82.59,5,9.12,10.56,4.62,0.59,0.71,None,27.89,3
f7d6e857-4579-4571-9592-374118ede873,2026-06-22,CUST-248596,4,80,3,28.6,Technical,0,20,Web,2,1,63.41,3,5.55,15.47,19.03,0.63,0.9,None,8.8,2
ce5ee83c-6bd1-4c51-a1db-7ae4899cd678,2026-03-28,CUST-244370,2,15,1,24.6,Billing,0,6,App,3,4,89.76,4,5.92,39.18,17.9,0.79,0.71,None,15.49,4
642fbed3-8a17-4526-93d1-724ab9b55c3c,2026-07-06,CUST-460108,2,27,5,30.7,Billing,1,9,App,1,6,80.42,4,2.3,32.09,9.57,0.23,0.57,None,21.23,3
478408cb-a22a-40d8-ac03-6f1caa029799,2025-12-05,CUST-983559,4,-4,0,13,None,0,17,IVR,0,11,65.02,4,3.36,34.56,5.11,0.73,0.73,App to Web,27.37,3
bcb9ebb4-20ba-4411-8156-bf08e3f3f4fd,2026-02-14,CUST-437426,3,-37,0,49.9,None,-1,29,App,1,1,80.61,1,5.23,20.62,7.42,0.78,0.92,None,16.24,2
0b47796c-c64d-44bc-9f39-332a52a64b9a,2026-04-08,CUST-182705,3,-87,4,44.4,Network,-1,15,Web,2,12,90.27,2,0.33,8.66,3.49,0.88,0.66,None,29.49,2
6ef755f6-4422-409c-9dcd-fa957ace9562,2026-06-10,CUST-686661,2,70,4,21.1,Technical,-1,11,IVR,0,10,89.74,3,4.72,25.09,14.53,0.85,0.83,None,12.3,5
eacba778-88f9-4bb7-8ee2-0a3863a9f673,2026-01-10,CUST-565804,3,-76,0,29.2,None,1,4,App,2,0,61.56,3,0.99,28.09,3.21,0.56,0.97,None,12.76,5
9ab6839c-3f96-481c-a7cf-c6f7c3c43237,2026-02-17,CUST-154950,3,-95,3,32.9,Billing,1,8,Web,0,0,68.27,1,1.64,23.5,8.42,0.92,0.91,None,27.81,4
61ef38fa-c78c-4e71-9083-f541de953010,2025-11-17,CUST-329514,2,94,5,50.7,Technical,-1,29,App,1,5,73.27,3,9.04,29.92,1.17,0.77,0.6,None,26.47,4
5e3911cd-5873-4cd2-a118-728abcc021a2,2026-05-11,CUST-486112,4,81,1,68.3,Billing,1,10,Web,1,12,81.92,1,4.04,37.18,2.95,0.33,0.53,None,22.17,5
f2d4bbde-3d0b-4023-8d93-054c210a7d2a,2026-06-04,CUST-752399,2,13,4,49.7,Service,0,8,Web,1,13,85.53,2,0.15,36.63,15.45,0.23,0.97,None,8.02,2
c809b4ac-9d95-47a2-9477-9f999c03c8f9,2026-06-26,CUST-803117,3,40,4,26.6,Billing,0,22,App,0,5,79.27,3,5.66,27.08,11.46,0.72,0.85,None,5.65,4
ae34d77f-7091-4562-ada3-965c3992d231,2025-10-02,CUST-267598,3,40,1,66.3,Technical,0,30,IVR,2,8,88.92,3,8.3,26.9,6.24,0.87,0.7,None,24.39,5
2bbea2d8-4d90-417d-adba-f984bee77ea3,2026-05-11,CUST-774613,4,-33,5,2.6,Technical,0,9,App,3,8,72.63,3,9.98,6.58,8.06,0.26,0.73,None,16.99,4
3fcb03bc-9e9a-4328-bf46-e229df5ec8a1,2025-11-19,CUST-204706,2,-10,4,6,Technical,-1,15,App,2,12,77.17,4,4.69,6.7,4.9,0.15,0.55,None,10.83,3
47fa78a3-3f69-41af-a922-c4a2d7ba78a1,2025-12-17,CUST-880077,1,-52,3,62.2,Technical,1,4,IVR,3,7,63.65,4,7.65,32.18,15.95,0.45,0.57,None,19.99,2
4693e0e4-ae81-4158-9395-196429c3b2b0,2025-10-27,CUST-267253,4,-85,1,1.2,Technical,1,13,IVR,1,0,67.93,4,5.31,6.09,2.93,0.7,0.76,App to Web,23.2,1
7c392eda-abd2-4a84-a475-358979afc4ba,2025-09-30,CUST-687231,3,27,2,69.3,Network,1,19,App,1,1,65.4,4,8.08,9.26,16.41,0.15,0.79,None,12.48,3
ca935407-dbdc-4046-ad90-577fece1fb00,2025-12-21,CUST-434774,3,-96,2,49.7,Service,1,18,IVR,1,7,63.62,2,2.47,31.67,6.99,0.17,0.93,App to Web,25.78,1
6e50bd47-0a6a-40d3-8d61-12933826704b,2025-12-07,CUST-887654,4,-8,4,66.7,Network,1,29,Web,1,6,63.04,3,4.42,14.23,18.16,0.64,0.65,None,27.57,1
ced21821-9019-4463-b4bb-c709229b84ce,2026-06-11,CUST-573095,3,-58,4,18.3,Service,1,24,IVR,1,10,74.05,4,6.23,9.44,1.99,0.4,0.92,None,25.41,3
b1cb5cd6-20ff-481f-bca9-c3dccc454b82,2026-04-08,CUST-422941,4,-49,5,35.5,Other,1,10,Web,2,2,63.71,3,9.8,9.48,19.08,0.2,0.92,None,12.93,3
bc5c210c-c595-494d-8235-c5952f8450e8,2026-02-28,CUST-162717,4,-20,3,45.3,Service,1,1,IVR,2,4,85.89,3,1.72,32.42,11.71,0.47,0.9,None,22.55,4
5dc91fe7-6005-4a81-9cc1-2bac4bddbc11,2026-02-10,CUST-882259,2,-26,2,50.5,Network,-1,17,IVR,1,5,80.71,3,4.99,33.67,12.46,0.61,0.67,None,21.19,3
7103a727-65a5-4fce-b259-69898957244f,2025-08-18,CUST-449185,2,-84,3,9.8,Technical,-1,9,App,1,7,64.95,1,7.55,6.99,12.61,0.78,0.9,None,27.86,4
343649f7-a085-41a6-ab3c-264d183a15ea,2025-11-27,CUST-797841,1,35,1,34.5,Service,-1,14,IVR,2,0,68.18,1,3.98,21.14,4.86,0.78,0.99,None,8.9,2
ed133668-b603-43d3-8d2d-d93bc7291ced,2026-01-18,CUST-203974,4,-27,5,36.6,Billing,1,29,IVR,1,9,89.14,4,0.59,35.19,16.25,0.9,0.93,None,12.45,3
3efcd511-add8-40d4-9aeb-8c3c055ecfe2,2026-07-05,CUST-441698,2,42,1,47.9,Network,0,3,App,2,13,67.5,1,9.94,10.69,14.75,0.82,0.97,None,28.5,5
1e8b602e-90e3-4766-af05-fbeef01a3ac4,2026-06-24,CUST-461513,4,82,2,20.3,Network,1,19,Web,2,1,78.94,3,9.41,17.49,17.64,0.53,0.79,None,7.44,1
372fa71e-69d4-470e-802c-f1197dce0e90,2026-07-04,CUST-753853,5,28,2,2.8,Other,-1,23,IVR,1,1,79.1,1,1.9,7.56,10.87,0.31,0.77,None,13.36,5
e4feccd2-31cc-4ed6-919f-b0892488a573,2025-09-12,CUST-399587,4,-11,4,11.6,Billing,0,10,IVR,1,11,78.68,1,1.16,22.4,11.95,0.23,0.65,None,10.7,2
50ae44c7-e590-421b-95e5-688d28d27a79,2026-06-30,CUST-136095,4,-73,3,34.1,Billing,-1,23,IVR,3,13,72.7,1,3.04,13.88,10.32,0.23,0.89,None,22.91,3
22a53312-2513-4334-99ee-383218c0bade,2026-01-19,CUST-981645,3,-18,4,58.1,Technical,1,23,App,2,12,66.81,5,5.6,36.26,19.95,0.75,0.69,None,27.57,2
4c5b15f4-37ef-4107-8ec8-be7d8856c1f6,2025-11-08,CUST-546498,2,-10,4,43.9,Network,1,19,IVR,3,10,63.69,1,3.82,25.54,12.17,0.64,0.97,None,9.42,3
dc8f1010-15c2-4a64-a4ff-4e51756ab76a,2025-09-18,CUST-312592,1,6,1,67.9,Other,-1,13,Web,2,1,62.31,3,9.34,25.02,4.47,0.34,0.82,None,14.78,2
5b3f8f82-3ecd-43e9-9c72-f41584b02c38,2026-03-05,CUST-484126,1,-55,2,70.1,Technical,-1,3,App,1,2,68.11,4,6.71,18.61,19.08,0.24,0.77,None,15,2
df613ed9-ea60-40c1-aacb-6a16186c02c6,2026-07-23,CUST-762046,3,-78,3,31.9,Billing,0,8,App,0,10,60.19,4,4.35,27.72,5.38,0.36,0.86,None,27.55,2
2838d334-6f58-47c1-9cc2-017d01673f95,2025-07-27,CUST-733002,4,42,5,55.8,Service,1,5,App,1,1,65.88,5,7.98,31.95,8.28,0.15,0.52,None,29.22,2
5a85d22d-f7bb-485c-bf70-6e9c7e1b112b,2026-03-23,CUST-643375,1,18,1,64.5,Other,-1,2,IVR,1,6,81.61,3,6.08,8.16,12.72,0.97,0.66,None,5.03,1
6d74c54d-ff6e-4624-ae94-c089c1c3da30,2025-10-01,CUST-935668,3,-75,3,69.3,Technical,-1,21,IVR,2,14,60.64,3,7.87,27.71,3.37,0.52,0.83,None,29.25,2
45c51f5c-8690-4486-a9ae-79e5a0326042,2026-01-01,CUST-662687,4,39,3,26.2,Network,1,1,IVR,1,2,80.06,3,5.51,35.39,8.72,0.69,0.77,None,19.91,5
2a29e0e1-b2de-486f-a813-b6a7bb7cd88e,2026-04-09,CUST-332313,3,74,3,28.1,Service,1,14,App,2,1,88.66,3,5.46,24.45,3.31,0.45,0.74,App to Web,26.89,2
86ec5f45-79a5-4446-85bc-a7f5222bdf58,2025-09-25,CUST-127383,4,-57,3,49.1,Technical,0,23,App,2,0,87.55,3,6.33,29.67,12.78,0.19,0.72,None,24.97,1
01921398-a625-4b22-ab0c-19da401165ba,2025-11-11,CUST-841459,2,65,3,62.9,Billing,0,27,IVR,2,0,85.29,3,0.13,21.77,19.39,0.37,0.75,None,24.95,4
e1f4287f-0ed7-4e1d-88dd-3e7ee9431625,2026-07-19,CUST-293415,5,-81,2,21.3,Other,-1,10,IVR,2,2,79.48,4,2.32,24.86,18.78,0.55,0.76,Web to App,5.05,2
3c96feb2-b8e2-4985-9409-595f31fadbcd,2026-07-06,CUST-874613,2,65,3,69.1,Other,1,12,App,3,2,62.47,3,6.77,30.53,6.33,0.9,0.54,App to Web,9.08,3
1547b61a-7f50-480c-8741-f380ac7b5855,2025-09-29,CUST-886029,3,-34,2,6.9,Network,-1,11,IVR,2,9,61.48,3,4.73,15.02,4.14,0.95,0.53,None,12.38,2
41fcd354-e157-4feb-929f-8e6fe7da01c7,2026-01-08,CUST-795883,1,-23,4,18.2,Service,1,27,Web,1,9,91.8,5,0.55,27.04,10.16,0.47,0.65,Web to App,9.26,3
0e7d4e35-21f7-4cec-90bf-b0eb275d1e39,2026-03-27,CUST-829583,2,-26,4,45,Service,-1,13,IVR,1,8,68.19,1,6.33,35.21,11.31,0.88,0.51,None,28.61,5
ea174dec-9cb0-4ecd-a65c-419ef79d179a,2025-08-03,CUST-569092,3,6,4,25.9,Technical,1,23,Web,1,11,69.5,1,2.69,39.77,12.12,0.67,0.59,None,29.62,1
0033fb5b-895b-4cdb-a245-ec69bff67a99,2026-03-09,CUST-757109,1,-46,1,64.6,Other,-1,10,App,1,2,87.53,4,6.71,27.67,5.87,0.88,0.6,None,18,4
a88209d1-fa98-4e86-845c-824ebe4d4cf3,2025-08-02,CUST-467424,4,93,0,44.5,None,0,28,IVR,0,12,86.35,2,2.83,33.29,9.69,0.98,0.54,None,13.9,1
7817ba34-5940-4cb6-b9ab-6a7d2d92677e,2026-04-26,CUST-951522,5,9,5,18.3,Network,1,12,Web,3,9,73.32,2,1.95,10.82,14.21,0.6,0.58,None,27.78,2
242a0cec-aada-40f7-859e-2bd9a97050ff,2026-05-30,CUST-703910,4,92,4,47.5,Service,-1,12,IVR,2,9,83.38,2,2.29,6,4.59,0.14,0.84,None,26.25,2
c5718041-2f6c-423a-b4f3-24a147ba7057,2026-03-08,CUST-309114,4,-13,2,4.4,Network,1,27,App,2,1,80.68,5,3.62,8.13,12.12,0.44,0.55,None,13.97,4
46e90243-86da-49a6-b8c1-9cadedb113ce,2026-05-23,CUST-775110,2,76,4,59.8,Other,0,28,IVR,1,3,86.52,4,2.96,36.08,8.67,0.29,0.97,None,28.89,5
deb02d61-2418-40c8-ae39-740194e4a49b,2026-05-03,CUST-644089,5,93,0,8.2,None,0,22,Web,0,3,67.29,4,8.61,33.85,11.18,0.53,0.95,None,13.45,3
4f87457a-70b2-4267-ae18-56135bc9eccf,2025-12-16,CUST-403272,4,11,3,14,Billing,1,18,App,2,4,84.96,2,0.66,25.11,9.45,0.59,0.51,None,12.71,3
87a5d735-b0b5-40e0-87be-e9fb4d5739c7,2025-11-05,CUST-554396,2,20,2,46.8,Technical,1,11,App,0,11,61.51,4,1.62,18.67,10.91,0.87,0.94,None,6.31,2
e22deb09-7a22-4b74-ad71-0218a64c8622,2026-07-22,CUST-418995,5,-59,5,42.8,Billing,1,19,App,1,7,75.02,4,1.47,32.98,12.01,0.24,0.55,None,14.64,2
fc9d1958-6a30-4dd7-b253-f8fd15ebec2f,2026-03-04,CUST-971902,2,95,2,21,Other,-1,11,App,2,3,73.85,3,9.64,20.2,17.9,0.27,0.65,None,9.79,3
8b7274bd-8b50-4c8b-9fb5-006add8828b4,2026-05-05,CUST-717930,5,24,5,37.6,Other,0,30,Web,2,11,67.1,2,3.63,7.62,10.92,0.35,0.93,None,23.69,2
84ca8860-f027-4f49-9137-360fce64d896,2026-03-13,CUST-658093,4,-52,3,8.8,Technical,1,8,Web,1,9,94.97,5,5.37,20.24,2.8,0.75,0.73,None,5.26,2
6a3c812c-da9c-4f22-9db4-733344bd3751,2026-07-18,CUST-212805,2,74,3,29.4,Billing,1,18,App,1,13,73.63,2,3.04,19.6,6.07,0.84,0.89,None,23.75,1
7da6a686-fbc2-40de-b79f-3a3b6f2a4a9f,2025-12-30,CUST-313474,1,4,1,58.1,Technical,-1,15,IVR,2,7,67.23,4,5.95,16.15,2.55,0.99,0.64,None,16.15,1
3650f402-5390-4466-bd96-af7a606e5e6b,2026-04-29,CUST-844678,5,80,2,69.1,Billing,-1,8,Web,2,10,66.25,2,4.48,9.83,3.2,0.14,0.87,None,24.88,4
452eeaf5-68b3-468e-8ab3-8b506574c756,2025-12-30,CUST-654853,1,1,4,47,Technical,0,10,App,1,2,74.39,2,2.03,15.14,10.42,0.86,0.94,None,23,2
52dc93cb-9146-4d44-b8b9-5d161c68f722,2026-05-16,CUST-182532,3,20,4,52.6,Service,0,15,IVR,2,13,80.42,2,3.27,21.59,8.37,0.33,0.6,None,13.51,1
b0823ceb-01d2-4ee6-9afc-2d819975bbe2,2026-02-25,CUST-707694,3,-25,5,56.7,Service,-1,25,Web,2,8,70.02,4,2.31,36.99,11.95,0.31,0.68,None,11.75,2
77595734-bb57-4fcd-9064-9db29299a3aa,2025-07-27,CUST-589955,2,-6,1,56.5,Technical,1,5,IVR,1,12,91.35,4,1.67,18.15,5.11,0.59,0.52,App to Web,15.86,5
e043a5c9-68a1-416f-84b5-3eea99b35474,2026-04-05,CUST-614243,4,99,3,65.5,Other,1,18,IVR,0,6,81.25,3,4.8,8.74,9.38,0.22,0.92,None,14.02,4
74c77dc3-bc08-464f-b744-5bf6efbe5e48,2025-11-07,CUST-598380,3,96,5,66.2,Billing,-1,9,IVR,1,5,75.59,4,8.04,5.02,1.41,0.97,0.67,App to Web,7.78,4
0b5bf94b-6b7f-4fc1-8d69-2eef634dd693,2025-12-11,CUST-669101,2,0,3,11.8,Technical,0,19,App,0,8,90.53,2,4.51,24.95,13.43,0.22,0.98,None,26.1,3
b22bc724-a8f5-4b7f-a536-ee956fe90d4e,2026-07-07,CUST-753828,3,-68,5,62.1,Service,1,18,Web,2,2,73.29,4,2.62,8.1,6.2,0.51,0.62,None,22.3,3
b45f323d-344d-40dd-a312-9dbf93e5f786,2025-08-05,CUST-719759,1,-32,2,17.9,Technical,-1,22,IVR,2,7,67.95,4,5.75,15.44,14.4,0.33,0.77,None,17.44,4
60b256db-6355-4488-9d81-432210de93c5,2025-08-13,CUST-305155,3,39,2,10.9,Service,1,27,IVR,2,13,81.47,1,2.8,18.37,8.4,0.46,0.76,None,15.8,4
8be54835-5f20-4369-86ed-1bbb1f105349,2025-09-16,CUST-916392,4,-15,4,16.2,Billing,-1,29,IVR,0,4,60.83,4,2.29,14.82,19.97,0.42,0.6,None,20.91,5
a28b9bb3-19f0-4d4a-96e6-dd0d5fa7c7e3,2026-05-14,CUST-449090,5,-77,1,26.9,Service,0,21,IVR,0,6,81.99,3,5.99,21.14,2.56,0.95,1,App to Web,8.98,2
d522cb8a-4093-4f94-8e28-d3efbe5c998d,2026-07-13,CUST-760074,4,-48,0,35.2,None,-1,13,IVR,2,9,92.79,2,8.61,23.66,14.87,0.3,0.57,None,7.18,3
447abecd-5a48-4e79-a4ad-c9579503e375,2026-07-23,CUST-177444,4,71,2,45.6,Network,1,12,IVR,3,13,63.81,5,4.48,15.97,11.75,0.28,0.98,None,25.29,3
75e83bc3-436e-4d07-9a8f-bc052633f216,2026-02-17,CUST-441637,4,0,2,56.4,Technical,0,18,IVR,0,12,60.33,2,9.47,24.62,2.08,0.2,0.53,Web to App,7.72,4
82618fa5-516b-491b-b5a1-8100f8e8820c,2026-03-02,CUST-770187,2,-65,2,37.5,Network,-1,15,Web,2,12,65.02,1,6.73,23.53,7.48,0.76,0.85,App to Web,18.62,4
9d77d4b1-00c6-452c-99ba-ec08670e2af8,2025-08-08,CUST-746749,1,-88,5,18.2,Service,-1,30,App,2,0,78.67,1,0.22,11.68,4.03,0.26,0.64,None,22.82,3
972409d8-e2c8-4e26-ba2b-828e7be43517,2025-11-28,CUST-601836,3,-88,2,49.5,Service,1,24,App,1,8,66.86,4,4.11,23.68,11.93,0.86,0.67,None,19.53,5
1b3b7b66-11b8-4c15-b42a-145383f6e583,2026-02-17,CUST-571075,2,-80,0,44.3,None,1,26,Web,3,1,68.63,3,6.5,15.5,17.51,0.22,0.51,None,11,5
89b7315b-c1c2-4204-8082-4b4f561d5d66,2025-12-13,CUST-217779,4,32,4,14.5,Billing,0,16,IVR,2,5,88.77,2,2.44,24.43,19.98,0.35,0.78,None,8.16,5
b4d34385-ea23-4652-be96-2971e6d4427a,2026-07-01,CUST-639436,3,-6,5,10.6,Billing,0,18,IVR,1,6,74.23,2,4.81,19.33,11.23,0.7,0.9,None,9,3
ba96be6a-2597-4e13-8100-7d4732cada4a,2025-10-17,CUST-621076,5,-46,0,28.7,None,-1,10,IVR,3,12,68.04,1,7.6,39.96,8.31,0.25,0.71,None,8.43,3
3c1a2193-03f7-4564-b496-eedb464c850b,2025-12-10,CUST-771566,2,44,2,69.8,Billing,-1,5,IVR,2,13,65.43,4,6.22,24.32,12.81,0.46,0.87,None,10.82,4
67371893-42ab-4884-9ba0-c52ea3ab2377,2026-04-25,CUST-950853,2,44,1,69.3,Technical,1,15,IVR,1,8,72.16,3,8,32.05,17.35,0.76,0.9,None,16.99,2
caf20816-7d9f-458c-a22b-bf3e03cf9378,2025-12-27,CUST-689213,4,-54,2,39.8,Other,1,8,App,0,3,85.52,3,6.34,35.41,8.98,0.61,0.82,None,8.84,1
55592565-ce2b-47c3-911f-c744c259315b,2026-07-14,CUST-916191,2,34,4,62.4,Network,-1,15,Web,3,12,89.09,1,5.9,14.63,12.73,0.84,0.5,None,28.69,2
0367b67f-d9fe-4c36-ba5a-142ed434bd7b,2025-12-24,CUST-835990,4,51,2,64.1,Technical,-1,10,App,3,12,90.29,4,9.43,15.47,13.64,0.36,0.97,None,9.79,4
bf3b9985-e997-4609-adbf-3fd1c324a88d,2025-08-11,CUST-501346,3,-18,5,69.4,Billing,1,17,IVR,1,5,88.41,2,3.7,24.27,18.7,0.88,0.93,None,5.71,2
e473fc9b-9c78-4ee9-a854-8aed0aef0e2a,2025-08-23,CUST-214904,5,-57,3,60.8,Billing,-1,20,Web,1,12,68.08,1,2.74,35.95,5.96,0.81,0.86,None,29.22,2
5e0e233b-9b70-4c07-8b77-1e4e1993804c,2026-06-02,CUST-462797,3,-2,2,35.8,Network,1,23,App,3,9,76.8,3,0.42,21.69,9,0.18,0.61,Web to App,22.07,4
37c19841-68f3-4c7f-8d1b-f378938ac906,2026-04-01,CUST-612632,3,-5,2,53.9,Technical,1,30,App,2,9,78.51,2,4.41,10.77,2.85,0.53,0.89,None,13.07,5
4ee39c63-e75e-43d0-b511-54f78af38ffe,2025-10-05,CUST-772417,5,79,1,69.4,Technical,0,1,Web,0,8,83.4,3,8.27,7.21,18.59,0.16,0.96,None,21.17,3
b8fbd8cf-60ec-43e5-b43c-a5692e6e7d3d,2026-03-21,CUST-682797,3,-54,4,24.7,Technical,1,14,IVR,1,0,80.67,3,5.37,39.79,14.33,0.16,0.56,None,9.27,5
c374a087-2f2a-4a14-850e-1198d7b15477,2026-02-17,CUST-920559,4,44,2,61.8,Service,-1,1,IVR,3,8,85.97,5,4.17,12.97,6.56,0.65,0.91,None,6.46,3
12ef1bb9-05cc-415a-ba89-8ff34ea19417,2025-12-22,CUST-475900,3,70,4,4.4,Network,-1,28,IVR,1,8,69.59,2,1.72,24.92,2.89,0.36,0.84,None,5.36,3
f6890253-3844-4b12-9b17-856a58173ee1,2026-01-13,CUST-143482,4,27,1,14.1,Other,0,14,App,0,13,64.85,3,7.65,29.7,14.75,0.21,0.91,None,16.93,4
fd726fc0-36d7-4bb6-86fe-56b941d39c86,2026-04-03,CUST-109855,5,-38,4,4,Other,1,6,App,2,7,81.22,1,6.79,8.18,13.27,0.64,0.78,None,15.3,2
2290a9d9-233c-4fe3-9798-593f9e4fe07f,2025-09-27,CUST-496188,3,-78,0,24.9,None,1,21,Web,2,8,90.67,2,9.56,29.84,18.95,0.33,0.92,None,18.69,3
dc83de23-a320-41d6-9d19-a72c5d146ea7,2026-02-24,CUST-790633,3,12,2,62,Network,0,20,App,2,13,91.43,4,5.03,12.99,10.72,0.79,0.63,None,17.56,3
9ff32c8a-a710-4b1a-8ab2-e27f0d98a2df,2025-08-13,CUST-393746,2,-73,4,3.8,Other,1,19,App,1,3,85.6,4,8.68,25.2,5.5,0.65,0.93,None,26.49,3
ab84b9f2-8e70-478a-9943-87dd09ea5160,2026-04-22,CUST-226453,4,-65,5,63,Billing,0,30,Web,1,9,74.07,3,6.77,7.5,10.94,0.94,0.83,None,7.11,3
e53db902-02cd-4e51-9851-5c80660f7e20,2026-04-23,CUST-521410,4,-12,3,44.6,Other,1,11,Web,0,13,77.49,2,7.2,25.1,17.84,0.84,0.83,None,8.68,3
f4f4e9f9-4eb3-452d-b552-99276b27c837,2026-04-03,CUST-718318,2,-30,5,26.3,Technical,-1,12,Web,1,6,68.37,4,5.21,13.67,5.96,0.4,0.64,None,26.88,2
c2c1b84d-55a2-4b52-b708-d107066d07ea,2026-02-22,CUST-384342,2,62,0,68.4,None,0,9,IVR,2,1,78.26,4,8.01,18.86,17.48,0.5,0.63,None,24.07,3
9b7c07bd-8b43-4862-a22f-14227112c303,2025-10-04,CUST-242388,3,-95,2,54.4,Other,1,12,Web,2,14,86.8,3,4.34,9.53,13.37,0.72,0.57,None,20.16,2
ef9a6c87-ec53-48c2-a05a-4e8fddca6a05,2026-06-27,CUST-197270,3,-76,0,42.1,None,-1,15,Web,2,3,75.76,1,1.1,17.72,14.56,0.64,0.98,None,6.19,2
cae15c31-1024-4c8f-9641-e56e5a3c0dd8,2026-05-17,CUST-191486,5,-95,5,63.2,Service,0,7,Web,2,1,94.73,5,1.09,11.43,4.87,0.86,0.68,None,19.81,3
e9704aa7-6206-4af1-80ca-75a953a1b369,2026-04-19,CUST-559327,2,-97,2,19.1,Other,-1,20,Web,1,4,74.88,5,5.6,33.75,13.4,0.55,0.88,None,5.19,2
2cac759e-7d7e-4102-a567-5aa9ef8d4571,2025-08-26,CUST-212403,1,-38,2,35.1,Network,-1,27,Web,0,4,71.33,5,3.13,34.32,7.6,0.76,0.97,None,29.31,4
314e56b3-6145-443f-b61f-438c40099544,2025-10-27,CUST-322090,1,-26,4,52.5,Service,1,29,Web,2,13,91.41,4,0.42,38.7,14.69,0.19,0.78,None,11.88,2
1005ffe2-5e3c-4974-9fb5-cc3542ffdbe7,2025-12-25,CUST-258175,1,24,4,15.8,Service,-1,21,Web,3,1,61.16,4,3.3,13.21,15.92,0.41,0.55,None,6.93,4
92314269-e71b-48ca-b9e6-21ae05f00845,2026-04-24,CUST-263232,4,62,2,13.7,Technical,-1,16,App,2,4,83.64,3,8.04,18.02,15.27,0.32,0.82,None,12.64,3
e960eb1d-8d92-4dcc-8cfa-2e484fbfa30c,2026-03-07,CUST-676421,1,-5,3,39.8,Network,1,23,App,1,6,88.43,5,5.07,39.56,16.18,0.89,0.78,None,25.7,3
4a318a1b-f429-40c5-a8b0-a5abbdf9651e,2025-11-27,CUST-287323,1,-39,4,16.8,Technical,1,7,Web,2,2,69.41,2,2.62,26.28,5.78,0.9,0.76,None,11.51,3
fae4ae48-699b-48ac-9b1e-b23eb9163371,2025-11-27,CUST-569403,5,-69,0,33.5,None,0,5,App,1,2,64.18,3,1.02,37.18,4.6,0.28,0.67,None,8.29,4
0fedaf33-e259-455a-95b4-4c4bc453395b,2026-04-04,CUST-115132,4,22,3,68.6,Billing,0,26,App,1,5,65.08,1,0.36,30.73,14.2,0.72,0.51,None,11.58,5
c4ca1886-11f4-40c6-96fe-7bc840e6806c,2026-05-06,CUST-977517,2,-64,4,20.3,Billing,0,27,IVR,0,0,79.57,4,2.24,7.48,13.26,0.68,0.86,None,22.57,3
f4e32008-9225-4468-bfcb-ffb8302f7205,2026-04-25,CUST-357451,3,-90,3,45.1,Network,-1,8,IVR,0,1,64.17,3,0.6,16.35,15.44,0.23,0.68,None,11.54,2
9f2bd30e-8494-4179-9961-546ae724d9ba,2025-09-24,CUST-541648,3,-36,0,56.8,None,-1,12,Web,3,3,86.17,2,6.35,23.99,18.53,0.2,0.75,None,14.51,3
e78c1904-afb2-4a83-bf3b-aefb3aa17ab5,2025-07-25,CUST-325096,2,-61,4,16.4,Network,0,22,App,2,6,74.52,4,0.49,39.86,10.36,0.66,0.88,None,19.62,3
721382f9-9a1a-4215-80f2-693e3459e672,2026-02-05,CUST-967258,5,-100,3,51.8,Other,-1,8,App,1,8,88.35,3,6.4,27.45,12.17,0.26,0.52,None,29.02,3
51fcc45a-e4d3-42f9-877d-a95bf7aa39f1,2025-11-13,CUST-792962,2,44,4,36.4,Other,1,14,Web,2,10,89.87,5,6.8,13.24,13.89,0.74,0.99,None,12,3
5328c274-14e1-436d-8efe-668e371109f2,2025-10-30,CUST-630793,2,86,2,10.5,Other,-1,2,Web,1,1,61.65,3,0.12,38.45,16.33,0.92,0.86,None,19.23,4
b50d369b-4544-4e57-a218-f76238eb4d65,2026-06-15,CUST-485809,3,-4,1,6.9,Billing,-1,13,Web,0,3,69.56,2,2.9,27,5.03,0.95,0.67,None,23.64,3
73c6fc3d-b0e3-4d5e-a784-ccca6bff93b8,2026-01-15,CUST-963410,5,75,3,14.4,Other,-1,21,Web,1,3,94.29,4,3.89,31.72,2.19,0.72,0.8,Web to App,27.18,2
8be7a2c9-4172-4a3e-b042-cdd315ec398b,2025-12-26,CUST-810602,2,32,2,20.7,Billing,1,24,IVR,2,9,72.17,1,3.39,32.27,1.2,0.64,0.81,None,28.59,5
67816841-31db-4b3f-91b9-87f862df0b68,2026-06-10,CUST-379626,4,35,1,15,Technical,0,7,IVR,3,12,60.66,3,9.34,12.12,5.94,0.41,0.66,None,18.87,3
2f81ba7b-1a0e-4aa8-a072-6b43d24cd432,2025-08-05,CUST-670642,4,48,5,34.5,Technical,-1,9,Web,0,10,61.41,4,4.55,38.87,7.72,0.45,0.78,App to Web,27.74,2
a6063272-eb98-4557-9b21-8e327d280424,2026-06-25,CUST-227123,4,-40,0,19.1,None,-1,13,Web,0,10,91.91,4,2.61,19.23,11.81,0.46,0.85,None,14.6,3
34e1f17d-97c4-4668-b861-c78d33b407f4,2025-08-19,CUST-294507,1,87,1,13.9,Service,1,24,Web,2,10,77.79,3,8.29,32.72,2.65,0.79,0.75,None,24.28,4
81fe1eca-8d4f-4f1b-bd10-2ce07d05b53f,2025-11-20,CUST-749741,1,-75,2,25,Network,0,25,Web,2,13,92.89,4,3.46,31.82,6.43,0.36,0.9,Web to App,8.76,4
8b73beb2-20d1-439c-bcde-c0adfad9fb5c,2026-05-21,CUST-155018,2,-74,3,18,Billing,0,3,Web,2,5,76.31,1,9.02,6.48,14.32,0.27,0.62,None,9.04,4
197e6c85-45ec-487e-abc7-a2b7e2d8bdff,2026-01-31,CUST-929629,4,46,2,49.5,Network,-1,12,App,0,11,73.96,4,1.21,19.31,16.41,0.77,0.88,None,9.41,4
e6c61913-6eaa-4e62-a3f3-c0260ccfde8b,2025-12-29,CUST-192915,1,96,1,36.2,Technical,0,3,IVR,1,8,76.88,3,5.61,18.73,5.76,0.19,0.89,None,20.25,3
2ab04133-aae1-4c54-a6db-df0ec6146a1a,2026-02-24,CUST-353061,2,-72,1,21.1,Other,-1,23,IVR,1,6,60.31,1,2.35,8.58,15.83,0.4,0.58,Web to App,24.06,4
44c80943-896c-4665-a86a-2b5d14d9bbac,2026-04-12,CUST-983163,3,-33,3,21.3,Technical,1,25,Web,2,7,66.2,3,2.27,17.42,8.37,0.77,0.72,App to Web,9.6,2
da9f4626-b5e3-44f8-99ff-4ee2adbb859c,2025-11-21,CUST-909783,2,-40,0,15.6,None,1,0,Web,0,13,73.6,3,5.02,9.64,7.4,0.62,0.81,None,11.97,5
9dba4ccd-c2e6-485f-97d4-53b707c70517,2026-02-23,CUST-304840,2,-42,0,61.5,None,0,1,IVR,3,8,87.18,4,5.56,13.82,17.06,0.28,0.64,None,8.17,1
2db1bc94-8721-46a3-ba46-14e4f0fc0e80,2025-08-28,CUST-434177,4,-84,3,44.3,Other,-1,12,Web,3,10,63.96,3,9.96,18.07,15.13,0.87,0.71,None,23.93,5
5b86b3ed-0a15-4b19-82a9-1c4be612ced8,2026-04-01,CUST-672317,2,18,4,13.3,Service,-1,25,Web,0,4,65.84,4,2.62,8.51,5.8,0.38,0.71,None,15.44,4
3a9ed470-ba6c-40dd-bee1-ed1397f9645c,2026-06-09,CUST-142828,4,8,2,5.7,Network,-1,6,IVR,3,8,79.18,4,4.75,13.33,5.49,0.87,0.93,None,7.84,3
6a6b7d8b-4327-42e7-bb10-4e4c18f55c69,2025-10-11,CUST-547467,1,-57,3,16.4,Other,0,3,Web,0,8,69.39,2,4.85,31.88,13.87,0.97,0.75,None,25.5,3
0b67016b-f214-48ce-821f-b09ec1a4d959,2026-05-23,CUST-637961,2,54,0,70.8,None,1,8,App,1,12,65.42,1,9.67,38.9,19.7,0.42,0.87,None,20.65,3
2ec7a6d9-d45e-4e07-84a8-56883377c0d5,2026-06-16,CUST-368832,5,100,1,47.2,Technical,-1,4,Web,3,12,85.13,3,8.97,27.88,16.99,0.47,0.6,None,22.04,3
30b4c8ef-2e1f-408d-a620-e215aded1870,2026-07-18,CUST-523993,3,56,1,9.2,Technical,0,28,App,2,4,83.13,3,2.18,7.66,8.44,0.26,0.88,None,9.38,2
1538d2af-595b-408e-85ba-decc27484e18,2026-05-14,CUST-718020,2,75,3,5.8,Billing,-1,23,Web,0,5,71.73,4,5,23.16,12.03,0.2,0.74,None,7.8,2
73fd021a-06cd-46de-99c7-558b9c5f4132,2026-07-05,CUST-312604,5,-72,4,11.9,Technical,1,26,IVR,2,11,82.99,3,0.85,39.23,6.31,0.65,0.81,App to Web,19.41,3
99cf7834-b779-4b91-a2a7-87ee1c0ae455,2026-04-26,CUST-475211,5,72,2,61.4,Technical,-1,16,App,0,13,94.45,2,5.35,33.92,9.66,0.58,0.72,None,10.48,3
c9aee409-b181-4d43-b9ed-e4706c04010b,2025-10-06,CUST-496549,3,-30,4,52.4,Network,0,14,IVR,3,3,91.51,5,7.27,37.78,14.77,0.23,0.91,None,19.73,3
5fc207e9-b5a2-4200-ab6c-ba5467e1f3c2,2026-04-08,CUST-169988,4,-58,4,60.3,Network,1,14,Web,1,10,81.95,3,4.72,10.25,16.44,0.63,0.68,None,22.78,1
22dcdba0-0b80-4e35-9b9d-825d1e206300,2026-04-02,CUST-293403,2,99,4,63.6,Service,-1,7,App,2,9,89.4,2,0.7,29.06,5.68,0.5,0.98,None,26.9,3
e87a1452-c3f9-41ad-aa06-fd83c7be9889,2025-08-29,CUST-852454,3,-54,3,8.2,Network,-1,9,Web,1,5,85.46,3,4.64,24.07,19.92,0.61,0.96,None,23.34,4
b9b51939-faf4-41be-9a52-d6b2df22c287,2026-04-09,CUST-233074,4,95,0,26.1,None,1,27,IVR,1,14,79.47,4,2.3,17.96,17.61,0.68,0.59,None,5.23,3
aa3eec24-4cf2-4a50-9fe9-b0ab766400bb,2025-12-22,CUST-949627,5,-20,3,28.1,Network,0,15,IVR,1,5,81.2,4,1.99,30.75,17.5,0.12,0.6,None,19.56,4
626ed081-5ea7-47c7-9acf-1fda2ddcb878,2026-04-10,CUST-575093,2,85,3,56,Network,1,15,Web,3,10,76.35,3,4.66,19.57,9.98,0.56,0.57,None,5.81,4
339f3d4a-9886-40ee-aef1-63baa43a97c9,2025-10-07,CUST-866614,4,-64,3,51.3,Network,0,5,IVR,1,5,62.53,1,3.54,8.45,3.94,0.66,0.55,None,17.53,4
20eecb2f-8b3d-4eb2-8630-856cb1960999,2026-06-11,CUST-642739,4,14,1,47.4,Technical,-1,21,App,1,6,72.7,3,7.62,32.61,6.31,0.87,0.79,Web to App,10.6,5
0782154b-ff39-449f-81eb-1d4dbec39995,2026-03-21,CUST-872471,4,-27,2,3.5,Technical,1,29,Web,3,10,60.11,3,4.17,13.26,10.84,0.26,0.81,None,16.03,5
c2fa974c-ef82-4d21-87c2-9ddaeac332d3,2025-08-13,CUST-168372,4,-99,0,12.6,None,-1,22,IVR,0,9,91.48,3,9.4,11.65,3.21,1,0.52,None,19.53,4
815a1604-881c-4608-8f99-e72b1925c0dc,2025-12-14,CUST-536585,3,-5,3,45.8,Technical,-1,13,App,1,11,81.85,2,8.64,26.21,12.41,0.25,0.8,None,13.77,4
77a2f5d0-8db6-4b21-aa5d-f49130c996f5,2026-01-18,CUST-707431,2,64,4,5.6,Billing,1,29,Web,2,10,90.82,2,3.49,9.26,19.59,0.21,0.69,None,15.76,3
2a2ce345-1738-46ce-855d-5b6490ce359e,2026-02-26,CUST-511110,3,-52,5,18.3,Technical,-1,11,IVR,3,1,89.46,4,5.1,19.77,1.19,0.69,0.72,None,9.77,2
2f0173f2-5db0-46a3-885d-425afa6bb96d,2025-11-03,CUST-977182,3,65,4,63.9,Other,0,28,IVR,0,3,73.11,1,7.19,39.37,10.84,0.76,0.57,None,19.4,2
854dd4ea-e6e1-44f0-898f-5137fd030592,2026-03-14,CUST-186008,2,19,0,2.8,None,1,25,App,2,0,91.84,2,4.94,38.13,7.9,0.34,0.99,None,24.43,2
7987f98b-4abf-4d7c-998b-3d2a6c5a2b18,2026-06-12,CUST-585543,4,74,1,14.1,Network,-1,11,IVR,2,5,79.99,1,3.25,35.19,17.77,0.58,0.91,None,20.16,2
46b312d4-7363-4135-a8bf-8154e5306c4a,2025-10-29,CUST-995938,1,2,0,28.6,None,0,2,Web,0,10,82.02,1,4.1,14.33,9.71,0.63,1,None,9.03,2
f34a5396-2268-4213-a0f6-8d08122920d0,2026-03-19,CUST-389236,2,63,1,42.3,Other,-1,6,Web,0,12,62.24,2,6.12,32.06,13.45,0.6,0.67,None,14.05,2
709e11da-df69-4bd1-a1f3-5bb9c9414f5f,2026-07-05,CUST-981191,3,68,0,41.4,None,-1,4,App,2,2,62.03,3,1.16,38.75,2.87,0.14,0.89,None,27.6,2
d5265c71-d596-45b3-abb4-ca3b9113ec7f,2026-07-18,CUST-294335,2,72,4,14.6,Technical,-1,1,IVR,1,4,60.55,2,4.85,11.36,3.16,0.76,0.75,Web to App,11.68,5
01ee0205-8d18-4bc7-9c67-a6e1b2dfcee1,2026-06-25,CUST-475488,3,54,2,34.9,Service,-1,10,IVR,3,4,64.19,1,9.51,15.12,15.51,0.74,0.72,None,17.32,2
d3164e5a-728f-4e07-9099-e24a2238ef04,2026-01-24,CUST-844197,4,45,1,70.9,Service,0,14,IVR,1,9,68.44,5,8.74,13.87,4.16,0.71,1,Web to App,13.78,1
56b93e59-a127-475d-8149-a105799bd85d,2025-08-08,CUST-320135,1,58,3,52.4,Technical,-1,4,Web,1,7,64.58,5,8.23,24.84,9.15,0.13,0.73,None,28.72,2
bbb4736b-1933-4489-b8c6-e1bf57174ce9,2025-10-11,CUST-680324,5,-19,3,61.6,Other,1,11,Web,2,10,88.44,5,9.88,30.78,16.51,0.24,0.53,None,6.43,4
62ead26d-00ab-40c9-8dde-280d130d095b,2026-02-14,CUST-195628,4,-74,1,36.5,Network,-1,20,App,0,1,78.92,4,4.5,15.06,2.92,0.77,0.71,None,6.12,4
b0d4d9ee-b48a-4cee-8f05-f4e27899322f,2025-09-24,CUST-870500,2,62,3,18.8,Network,-1,26,App,0,13,60.68,4,4.51,25.21,17.61,0.75,0.75,Web to App,24.81,3
6e7b490e-ed97-40a5-b90b-81314c87e58f,2026-06-14,CUST-438268,4,-56,3,41.1,Billing,-1,11,Web,2,3,64.45,1,6.04,35,17.43,0.34,0.52,None,14.21,3
e807415c-02df-44af-9554-919d78099b9a,2026-04-17,CUST-667305,1,-24,1,32,Billing,0,5,App,2,2,83.23,4,9.95,17.07,2.98,0.2,0.66,None,23.51,2
216e9e8e-5780-46f1-a088-540c6e76aeb6,2025-09-19,CUST-671361,3,-18,5,71.1,Service,0,14,App,0,9,76.7,1,3.74,20.01,12.93,0.37,0.78,None,17.48,4
9b2912d4-adb8-4c94-905b-f969fa555b21,2026-01-26,CUST-592965,4,-78,3,19,Network,-1,26,IVR,1,3,82.16,5,1.65,6.64,10.58,0.5,0.76,None,14.76,2
b944878e-8ca6-46df-bc51-486a501980cb,2026-05-25,CUST-125748,2,-73,5,65.9,Billing,1,1,Web,1,11,94.11,3,7.65,15.89,16.55,0.51,0.86,None,12.33,5
ef07e653-47f5-416a-8daa-e91d566b06a4,2026-07-09,CUST-888148,5,65,2,51.1,Technical,1,3,Web,1,5,82.27,5,3.26,21.95,11.64,0.91,0.59,App to Web,15.34,3
dcee329c-e94e-44f8-9d0e-9e7c346a34f6,2026-04-26,CUST-128173,5,-14,0,5.5,None,-1,14,App,2,0,83.39,4,0.76,39.13,13.36,0.18,0.97,None,15.89,5
648f5913-07d2-4526-8e4a-39b006ce6e33,2025-08-12,CUST-357184,5,-29,1,57,Technical,-1,4,IVR,0,4,80.87,5,7.27,13.25,7.3,0.47,0.8,None,20.03,4
e714d8bf-b0fd-4127-9ccc-b197585f0457,2026-07-15,CUST-970612,5,-13,0,57.2,None,-1,3,IVR,3,1,73.02,4,3.88,24.27,15.14,0.24,0.72,None,21.53,4
d1250300-7118-468f-919f-581a6c15d924,2026-04-08,CUST-921471,3,-55,1,47.9,Network,1,15,Web,1,1,84.23,1,8.13,5.43,3.84,0.7,0.91,None,18.92,4
3f524d06-d9da-4e5a-b487-9ce417c5cda7,2026-02-24,CUST-626246,2,82,3,2,Technical,-1,7,IVR,2,1,88.57,1,2.33,5.43,10.74,0.39,0.82,None,20.03,3
3d65f702-222e-432d-a728-95f8a55895bc,2026-05-13,CUST-904462,3,-23,1,11,Service,1,17,Web,2,3,78.43,3,2.38,14.29,7.7,0.99,0.51,None,12.67,1
ecdc0a87-760f-41fd-8549-ca3f97fd0f0f,2026-05-16,CUST-273787,3,68,1,67.4,Service,-1,26,App,2,1,77.06,2,7.7,24.89,16.22,0.28,0.68,None,17.35,2
52cba4b0-7f09-46fa-831c-31a4a63f844a,2025-10-14,CUST-964696,3,26,1,64.7,Technical,1,30,IVR,2,10,70.22,5,0.9,32.86,3.36,0.74,0.88,None,27.72,3
2725dd3d-92dc-4d02-b63d-30dbe4349940,2025-09-08,CUST-518102,4,-3,5,35.5,Technical,1,4,App,1,0,91.48,4,1.31,22.68,3.37,0.63,0.53,None,9.06,2
2c78e7df-0e0e-4476-a694-dafa90d1a9f8,2025-08-16,CUST-432570,2,-98,4,19,Network,0,15,Web,3,4,78.62,5,8.63,25.18,16.49,0.81,0.9,None,12.15,1
8a67a163-8e28-46a8-ac60-fb0e1277a10d,2026-07-20,CUST-378961,1,57,3,44.9,Service,-1,19,App,1,7,84.16,2,0.23,19.9,13.4,0.77,0.89,None,29.8,3
a7fcacbc-1ac9-402f-b5ab-5ace2be45c42,2026-07-19,CUST-716348,3,36,3,54,Other,1,7,IVR,2,1,77.05,2,5.88,26.8,15.53,0.54,0.96,None,16.98,4
8d5fb84c-b6f3-4463-af02-60835f158a8f,2026-03-17,CUST-528561,3,-88,5,50.2,Other,1,30,App,0,12,65.82,4,0.61,14.07,19.73,0.98,0.76,None,8.12,3
ed7cd2ed-d21e-4f59-9e78-a7182d237f9b,2026-06-23,CUST-725988,5,22,1,57.4,Network,1,18,IVR,1,0,89.57,1,1.21,5.98,1.04,0.33,0.86,None,23.62,3
7c07c092-f07d-48b7-b1a3-d813801c09ff,2025-08-29,CUST-914657,2,-31,4,31.1,Billing,-1,7,Web,2,9,64.54,1,4.33,29.69,7.71,0.76,0.95,None,16.67,3
68d8351b-dc6b-4bf7-96c7-3aceb3bc803e,2026-06-20,CUST-990737,3,-93,3,46.5,Network,-1,25,App,2,8,88.15,2,1.93,18.32,1.03,0.14,0.72,Web to App,11.88,2
47dabd2c-d6a0-404a-98d4-4d874609c85f,2025-09-10,CUST-594101,2,86,3,49.6,Network,1,19,App,1,9,82.48,5,2.33,8.49,6.08,0.15,0.67,None,29.83,4
240fb54f-7f7d-468b-8c53-6ac99d91e376,2025-10-20,CUST-424307,4,-91,1,11.4,Billing,1,11,App,1,6,90.56,2,5.18,28.98,3.07,0.56,0.62,None,23.56,4
7e1e5560-ed7e-4539-8388-87ad7fbea2a5,2026-07-04,CUST-612280,2,-36,3,69.7,Billing,1,29,App,1,6,86.39,4,8.32,30.88,15.47,0.14,0.84,App to Web,17.08,3
f374bbaa-ee07-460e-8840-f7f38e5bb9fb,2025-09-19,CUST-529733,2,-28,2,27.3,Other,-1,13,IVR,2,5,83.96,2,0.43,19.37,13.78,0.94,0.63,None,15.1,5
347762e8-24f7-4382-9926-46d5e581d550,2025-11-29,CUST-972661,3,-22,2,22.2,Service,0,7,Web,0,7,83.8,3,3.89,13.32,5.04,0.31,0.53,None,19.08,3
18a16ba9-305a-45c2-a3bb-49bc3cf1e964,2026-04-19,CUST-692570,3,37,4,50.1,Billing,-1,1,Web,2,14,76.77,2,8.56,18.86,1.6,0.79,0.59,None,18.45,4
c62e07cb-b245-4c1d-8b0e-fd1187a73811,2026-05-19,CUST-488507,3,-83,1,39.8,Network,-1,9,Web,1,12,84.85,4,3.02,19,12.32,0.74,0.68,None,8.59,3
f6c77381-735d-43c6-9b3f-7f667985b520,2025-11-28,CUST-236672,5,-11,3,13.2,Other,0,10,IVR,2,2,75.96,3,7.67,25.3,11.44,0.25,0.85,App to Web,27.9,2
a20ee728-ba60-4ac6-8377-526c74f51c9d,2026-04-26,CUST-544028,3,-42,1,44,Service,1,2,IVR,2,1,92.72,3,7.65,5.31,14.77,0.59,0.55,None,27.53,4
269d49a5-f7c8-4d16-a166-12e899b9c05d,2026-04-10,CUST-718862,4,-10,3,12.9,Billing,1,29,Web,2,9,76.98,3,6.62,22.73,11.61,0.72,0.95,App to Web,13.63,3
98f5573d-06a4-4a88-9f0f-7f3d24c7bea7,2025-08-12,CUST-368983,3,-3,2,14.4,Billing,1,28,Web,1,5,61.99,5,7.06,7.81,18.14,0.84,0.52,None,8.63,3
3cc0615b-e06e-4fb7-9169-911f30b62445,2025-09-23,CUST-583894,3,6,3,68.2,Service,0,14,IVR,1,3,61.66,1,4,21.28,2.77,0.96,0.51,None,6.87,4
cdc1ede9-f641-49a2-b930-89f47d87e742,2025-11-30,CUST-150101,3,-52,5,53.5,Service,0,4,Web,2,11,88.28,4,4.63,38.44,12.62,0.56,0.76,None,27.85,1
9eb1bb14-1237-4ee5-8749-c5251af9ef32,2026-07-06,CUST-305874,3,47,1,65.6,Other,0,13,Web,1,10,73.83,4,1.31,34.31,12.45,0.22,0.88,None,27.35,3
cf2975ca-0a9e-49ca-8cf0-2e41d46748f2,2026-03-16,CUST-404701,3,-50,4,49.3,Technical,0,5,IVR,0,9,66.14,3,6.51,27.15,7.54,0.1,0.64,None,29.83,5
13659d18-a558-4aaf-8bd4-a5dcbe22c40a,2026-03-25,CUST-570946,2,29,1,66.9,Billing,-1,16,Web,0,1,93.23,4,7.49,33.58,1.02,0.18,0.55,None,21.09,2
7c54e809-7c9d-4fce-bcb4-6a62a116c69a,2026-03-09,CUST-882054,3,-60,2,59.7,Network,1,18,Web,3,2,91.13,4,7.54,6.33,11.79,0.58,0.9,Web to App,22.14,1
0177bbfe-1349-495b-a4f9-4c7c90fd08c4,2026-06-12,CUST-343650,4,-40,0,31,None,1,29,App,2,1,85.78,4,9.92,14.52,12.63,0.97,0.63,None,6.68,5
22ed3b09-744b-49d8-9577-2d56debd4e14,2026-02-26,CUST-970931,3,80,1,33.5,Billing,-1,24,Web,2,3,81.14,4,5.71,10.84,4.29,0.5,0.88,None,28.22,2
389dbf41-2ddb-4e18-8e3a-e5c48fcbe9f6,2026-07-06,CUST-764303,3,-46,4,46.6,Technical,-1,9,IVR,2,11,71.33,3,3.61,39.47,11.36,0.58,0.79,None,25.01,2
d8e3afd9-41ce-4a27-9839-8ef244e43bfe,2025-11-05,CUST-456845,4,91,3,13.8,Billing,0,21,IVR,3,8,61.41,4,2.36,32.42,1.95,0.39,0.76,None,8.77,3
3928aeba-bd33-408f-a73c-3d707bbf2f1a,2026-04-28,CUST-485647,4,-92,4,65.2,Service,-1,8,App,1,6,79.28,2,2.59,21.19,16.95,0.39,0.8,None,29.77,2
bffa60bc-f2d5-474b-ab4a-c50aaa3e5aa6,2025-08-13,CUST-754556,5,-89,2,35.9,Service,1,2,IVR,2,5,91.54,5,9.94,5.1,10.01,0.47,0.66,None,9.84,2
438adbf8-8681-444a-a1f1-f4e5e4874f09,2026-06-22,CUST-664919,4,58,3,1.9,Technical,0,22,App,2,5,87.64,5,1.84,21.7,16.9,0.95,0.54,None,26.08,1
78f7cf9c-cb28-4407-b332-9d45c7f6e97f,2026-06-16,CUST-589736,4,-23,2,17.6,Technical,-1,28,IVR,3,7,94.16,4,5.08,14.91,15.69,0.35,0.7,None,22.25,2
eb0bef0c-505a-412d-b4a7-a2beabee41db,2025-12-10,CUST-360408,5,-31,5,70.5,Network,1,7,Web,2,11,66.7,2,1.46,34.42,16.37,0.34,0.54,None,10.09,3
7814f3bd-8ee3-43a5-94e4-7dd66a233db4,2025-10-20,CUST-688173,5,18,5,56.5,Technical,0,27,Web,3,1,91.75,3,8.61,38.43,3.28,0.24,0.7,None,24.42,4
8456b657-19e0-4255-9574-3c2e418f3fc5,2026-03-23,CUST-642152,4,99,3,8.2,Network,-1,5,Web,2,1,86.14,3,2.88,39.41,15.21,0.83,0.54,None,18.01,1
b6e104f5-853f-4a47-b383-55934cf07f47,2025-10-05,CUST-949038,2,-41,5,20.4,Billing,1,30,IVR,3,10,82.49,3,4.16,39.34,7.41,0.98,0.94,None,15.74,4
74377e7a-0e68-45d2-bf27-d4847ca277e5,2026-03-28,CUST-188782,4,-20,1,59.5,Service,1,5,Web,1,1,81.84,2,8.02,6.74,1.09,0.63,0.85,None,25.52,2
a6e134e7-dccb-4b50-841f-74d044005b6c,2026-07-15,CUST-749929,2,-50,3,60.9,Service,1,29,App,1,8,83.42,3,1.25,17.72,7.79,0.93,0.85,None,19.01,4
b563cf1f-a341-4062-aa82-b016d3aa559f,2025-10-23,CUST-872326,4,13,4,33.1,Network,-1,27,Web,0,3,86.36,5,5.24,11.11,19.81,0.29,0.73,None,21.17,2
4427b987-d7e6-47f9-93e2-464ccc77627e,2026-05-30,CUST-263598,2,29,2,45.8,Billing,0,20,App,2,7,62.38,2,4.61,24.67,8.16,0.55,0.95,None,27.9,2
b451394b-f484-4d92-b256-8e2a2cffec46,2025-11-06,CUST-105400,3,-6,3,39.1,Technical,-1,19,Web,3,10,87.67,1,5.67,31.59,8.47,0.99,0.69,None,9.14,1
3f0150ea-4eae-4675-95ea-6db9d59e67dc,2026-03-31,CUST-792240,2,-37,5,66.3,Billing,0,16,IVR,3,12,72.53,4,8.59,9.43,17.5,0.2,0.94,None,14.71,3
bf9d084b-3810-4a6c-967f-a4c59f4a155c,2026-07-03,CUST-129148,4,-41,0,5.2,None,0,6,IVR,2,13,77.58,2,9.85,20.87,8.54,0.39,0.81,None,20.41,2
9eae7664-3e65-4aeb-a94d-2faa816a74c5,2025-11-05,CUST-146201,3,-3,4,3.2,Billing,1,9,IVR,0,12,74.53,3,7.45,32.21,12.01,0.2,0.69,None,18.98,3
d2c873c2-de89-4dbb-a18b-1725833c854f,2025-12-20,CUST-438177,2,-26,5,65.4,Network,-1,18,IVR,3,7,74.04,3,5.5,15.11,2.01,0.94,0.99,None,12.5,3
4c77bdc8-e12c-4bff-9e7d-a5eede451456,2025-12-06,CUST-857015,2,71,1,24.6,Other,0,27,App,1,5,64.77,5,3.91,29.55,15.38,0.17,0.56,None,20.15,2
e6a4de6d-01a1-45b6-9816-c1c9c27fce69,2026-02-12,CUST-170114,3,-56,2,20.1,Service,-1,24,App,3,13,76.24,2,6.27,14.27,11.44,0.18,0.53,App to Web,25.55,3
6d723b84-a232-48ae-af3e-99f875c2a831,2026-04-15,CUST-145730,4,-55,3,41.9,Service,0,18,Web,0,10,64.22,1,5.12,21.4,1.53,0.7,0.71,None,17.14,4
47b3c958-57f8-41c5-aa3d-67b80d0adb26,2026-06-17,CUST-458533,3,30,1,49.9,Billing,-1,9,App,2,3,72.24,2,8.37,30.15,9.09,0.22,0.75,None,8.84,3
8a6d1cff-7bc7-4604-90e1-6c226abc3635,2026-01-31,CUST-631096,5,-42,3,27,Network,-1,7,Web,1,6,61.84,1,0.64,6.38,19.01,0.42,0.71,None,29.39,3
ff581c07-63b4-4e67-9b3d-c5c34b8e1151,2026-01-14,CUST-420066,5,-35,3,54.9,Technical,-1,5,App,1,12,61.95,4,0.11,8.58,8.78,0.91,0.94,None,6.05,2
4d7371f8-23e9-4269-8638-6739382ce490,2025-11-10,CUST-146532,2,61,3,46.4,Network,1,25,App,0,1,61.36,2,9.03,12.58,8.17,0.84,0.56,Web to App,26.87,3
f38af9af-0e95-485b-ad86-df7841f34772,2026-05-13,CUST-174719,2,50,2,11.7,Other,0,3,Web,2,1,74.55,3,9.81,16.5,1.01,0.17,0.69,None,15.25,5
781f9283-6046-4d77-8ca6-cb7d95db2ae5,2026-06-07,CUST-113276,5,62,4,25.2,Other,-1,1,App,2,7,89.95,3,8.91,26.37,18.18,0.41,0.84,None,25.85,2
37e67956-d6c6-4c8a-be0c-cbf8ddee53fb,2025-08-02,CUST-129606,2,-91,2,21.1,Other,1,9,App,1,5,69.78,2,8.67,35.62,10.02,0.11,0.55,None,22.43,3
ba1124f6-6dca-4c70-bea4-3de30887ecaf,2026-05-31,CUST-188401,3,60,4,6,Technical,-1,21,App,3,11,90.46,3,2.13,29.94,15.16,0.25,0.85,None,13.84,3
1634791e-6b2d-498f-97a8-22ca92ef7c4a,2025-11-13,CUST-611306,2,-26,1,11.2,Technical,-1,10,App,0,10,88.81,4,4.68,20.13,15.34,0.75,0.95,None,27.12,4
216ee909-3437-4da1-aa21-eea789ffa9b7,2026-02-01,CUST-626620,2,-21,4,54.8,Network,-1,20,IVR,2,8,62.53,2,6.63,34.84,13.34,0.87,0.89,None,23.82,2
88534c35-414e-46a3-a833-66199b1347e6,2026-06-23,CUST-456971,3,20,2,35.7,Billing,0,22,App,2,7,92.25,2,9.39,37.16,12.38,0.36,0.51,None,27.65,5
9b29b00e-97c5-4638-848e-a359e343d59c,2025-12-31,CUST-630727,2,-85,3,62.5,Service,0,8,Web,2,11,62.99,2,0.51,38.78,4.74,0.85,0.91,None,11.01,2
40d647c5-7b4b-4f22-b031-34fede2de5f0,2026-04-22,CUST-370752,2,18,2,46.1,Service,1,26,App,2,10,84.52,4,3.05,39.71,3.69,0.24,0.92,None,19.57,3
48ad7557-5313-4afe-8ef6-d68c9ba4a4fa,2025-07-31,CUST-334827,5,-46,4,41.7,Network,1,27,IVR,1,6,81.32,5,8.62,35.71,9.91,0.77,0.97,None,8.31,2
fca1f126-eab3-491b-a532-0d1be00a1ea2,2026-01-19,CUST-862537,3,-53,3,55.5,Technical,-1,25,IVR,1,2,75.41,4,6.82,7.97,19.72,0.9,0.85,None,18.72,2
93e0d350-4c6e-409c-b909-dc99d7f14b64,2026-01-02,CUST-337398,5,96,2,63.4,Network,0,17,Web,0,2,80.49,2,3.54,13.01,18.79,0.28,0.55,None,22.08,4
2a1d34d1-fb9e-41be-868c-c70eaf7bd3bf,2026-06-01,CUST-884117,1,54,4,54.9,Service,1,7,IVR,1,10,77.62,4,0.96,13.92,9.1,0.95,0.73,None,6.73,4
e19a4d31-89d4-40b2-be20-a16d15355162,2026-03-24,CUST-176118,3,19,2,54.1,Other,-1,25,App,1,1,63.87,3,9.48,35.12,10.22,0.65,0.82,None,24.12,1
4eaf9597-67db-4a30-afed-0c94d31e2217,2026-01-10,CUST-981980,3,-89,2,47.3,Network,0,17,IVR,2,8,69.74,3,4.45,37.63,18.6,0.75,0.92,None,14.1,5
8804785a-39ab-4ea8-b62a-116b34afab7c,2026-07-19,CUST-461295,4,-49,5,25.9,Billing,1,27,Web,1,11,71.1,3,1.92,32.31,9.06,0.4,0.54,None,6.97,2
52a72a17-1f37-4799-89a2-e1ad778505fe,2025-10-11,CUST-288507,5,51,2,29.1,Network,-1,9,IVR,2,4,60.58,4,6.94,10.63,17.43,0.59,0.51,None,5.37,4
cddfbcfd-1a6f-4ffd-a619-6df575a5edc8,2026-06-25,CUST-566542,2,-21,1,22.7,Technical,1,13,IVR,2,2,75.67,5,6.92,12.92,14.75,0.91,0.72,None,21.83,3
f0d01140-69ca-4709-96eb-110d7e60cb21,2025-12-18,CUST-344594,4,5,1,18,Service,-1,13,IVR,0,12,78.74,1,9.42,34.37,6.47,0.57,0.52,None,11.44,2
b7df1aaa-8bf2-466e-b8f6-8a5bf160f8e3,2025-09-18,CUST-627422,4,-31,2,40.7,Other,-1,30,IVR,2,8,75.44,3,9.81,24.53,12.88,0.39,0.72,None,22.51,5
5dd9109e-d9c0-43b6-8bc0-fff5814c4f7d,2025-12-15,CUST-190864,5,-3,1,2.8,Billing,1,9,IVR,2,7,68.82,5,9.73,32.94,14.51,0.52,0.76,None,6.75,4
294fd047-2122-4054-858a-55b8eac50f79,2026-01-28,CUST-954053,2,63,2,64.4,Other,1,3,App,0,3,85.87,2,9.41,13.54,2.04,0.61,0.64,None,17.47,2
f581d094-d46c-4be1-bbc3-131e61e80e54,2025-08-11,CUST-376935,2,-41,1,68.6,Technical,1,27,IVR,1,7,69.51,5,4.97,32.64,18.95,0.57,0.71,Web to App,20.51,2
d0c95577-6a29-43af-80f7-f64fd41d753c,2026-05-26,CUST-738892,5,-42,0,47.9,None,1,5,Web,2,2,72.95,1,5.44,38.66,19.47,0.9,0.93,None,28.79,2
21a493dd-0d06-4c99-bef1-35ba2ea6d75f,2026-04-09,CUST-293032,4,-37,0,37.1,None,1,27,Web,0,12,90.43,2,5.38,29.16,16,0.38,0.67,None,12.09,5
2fdc2fbc-cf07-4406-be8b-6642ffefafef,2025-10-03,CUST-144494,3,17,3,28.4,Network,0,6,Web,1,13,74.31,2,4.21,18.65,7.51,0.37,0.85,None,27.21,3
518b5798-53d0-41fd-b5f3-8c0a0a7f0c9a,2025-10-15,CUST-964124,2,-33,1,27.3,Network,1,1,App,0,11,92.75,3,1.34,27.73,16.2,0.21,0.82,None,28.19,4
7e8dc75e-b246-425b-985b-d1cc49da50e9,2025-09-14,CUST-374878,3,-78,1,12.1,Other,-1,29,App,3,14,65.95,3,8.71,8.56,17.27,0.25,0.66,None,26.09,2
8c622b73-b9cb-49b0-ab1e-783c42d4ebb5,2025-11-22,CUST-124434,5,62,3,37.7,Service,-1,8,App,1,12,81.9,2,8.42,15.9,13.84,0.78,0.9,None,25.35,4
7b00639a-57fe-4615-88b5-5d139cfa8f1f,2026-01-25,CUST-778474,1,90,2,16,Billing,-1,2,IVR,1,14,84.3,2,2.41,12.65,18.09,0.22,0.79,None,26.41,3
9b45c0c1-8cd4-4829-a838-1a7c98d91e7a,2025-09-10,CUST-136709,1,-43,2,17.1,Billing,-1,28,IVR,2,6,91.62,2,6.47,28.12,19.34,0.28,0.66,None,15.12,2
dd8f44db-9241-446c-91d7-db02356fc3be,2026-04-07,CUST-241691,4,-85,0,20.3,None,0,12,App,1,0,93.3,5,5.02,37.96,13.46,0.24,0.57,None,5.46,4
c0299e74-d94c-4821-b07d-f924d4c58b32,2025-08-13,CUST-644931,3,-36,4,10.5,Service,-1,16,Web,3,1,84.05,5,9.73,12.63,6.02,0.11,1,App to Web,29.82,2
f8c1406b-c0f8-46f6-971d-b91d55feb07c,2026-07-02,CUST-915905,2,7,0,61.6,None,-1,17,IVR,3,3,90.76,1,7.13,23.53,19.08,0.99,0.6,None,6.6,4
cf2fdeae-a07e-4f79-b704-27babf491f04,2025-10-14,CUST-292949,1,56,1,57.9,Technical,1,23,App,3,9,71.3,3,6.36,32.31,18.32,0.63,0.53,None,18.16,1
de4cd46b-e75e-4cfd-83c8-5dc5545121f4,2026-02-09,CUST-626967,3,18,3,33.9,Service,0,26,Web,2,6,78.21,2,2.93,11.25,14.85,0.43,0.96,None,29.89,4
d3a825e7-49fc-4d30-af41-537c80b70bca,2025-11-11,CUST-762636,5,-14,0,66.5,None,0,4,App,0,13,65.31,4,3.26,28.98,17.39,0.46,0.81,None,24.68,3
95248961-703f-4eb3-8ced-5eb752efe96a,2026-06-14,CUST-341392,4,-19,4,67.2,Service,-1,17,IVR,0,11,85.41,4,9.47,33.52,9.49,0.94,0.78,None,21.8,2
c956d57a-aaee-46ed-bd83-f9e4c899b6c6,2025-08-22,CUST-141925,4,-41,1,27.7,Network,1,3,App,0,9,86.83,2,3.75,36.89,15.02,0.71,0.58,None,17.67,1
d0b37a76-ec37-42b5-a953-3415ab735a51,2026-03-04,CUST-678919,5,76,2,39.8,Service,0,25,App,2,3,93.56,4,1.55,14.38,7.71,0.21,0.55,None,25.8,4
d2a0d4c1-c3d3-41e0-b608-0a5ab691a2dd,2025-09-04,CUST-397259,4,7,1,32.3,Billing,1,22,Web,2,3,71.15,4,8.05,36.86,16.81,0.13,0.83,App to Web,11.62,2
bb7a76eb-45bb-49a9-91ea-89a0d4481bcc,2026-05-19,CUST-102425,4,-79,2,32,Service,1,16,App,2,11,87.27,2,7.82,27,19.28,0.46,0.63,None,29.7,4
aeba5a75-6853-48a9-b45a-7c355760cf36,2026-05-15,CUST-896030,1,43,1,8.8,Other,1,13,App,2,11,80.61,3,9.37,36.36,10.05,0.86,0.84,None,17.55,4
f5a2cfd4-870e-45fb-b399-6601b64987c7,2025-08-01,CUST-186490,3,-14,1,22.6,Technical,1,19,Web,3,10,64.94,5,1.64,39.7,10.92,0.73,0.61,None,9.45,4
7ed6f9f5-266a-4fab-bd10-a33c4854783c,2025-10-26,CUST-342167,1,64,2,1,Technical,0,1,App,0,1,85.2,3,0.93,28.94,2.77,0.89,0.67,App to Web,7.17,2
8250748d-bf2a-46c6-a601-b13fc5ffddf9,2025-08-04,CUST-367790,5,-10,4,33.4,Billing,0,10,App,3,13,86.58,4,3.98,17.13,1.16,0.57,0.58,None,17.8,5
3c9ac11d-b640-4d62-8e72-af64311fb02d,2026-03-16,CUST-609847,4,72,4,59,Technical,0,22,Web,1,6,81.54,4,2.9,25.17,8.33,0.23,0.72,None,19.89,2
88205799-dfb4-472b-b1c8-1dabd97f4593,2025-08-10,CUST-446928,5,-33,3,8.3,Billing,0,18,IVR,1,2,87.05,3,1.94,11.26,15.29,0.43,0.6,None,5.27,3
924d0f99-0013-4566-bfa8-304a3f2ba617,2026-04-18,CUST-219823,5,-93,0,4,None,1,9,Web,3,0,83.18,1,6.44,26.84,13.97,0.58,0.99,None,29.74,1
9a92bf79-bcc5-4f56-94d4-486849fd4d9b,2026-02-03,CUST-126197,1,70,4,44.8,Network,0,12,Web,1,6,79.7,3,4.07,38.28,7.31,0.37,0.93,None,17.49,1
0d6c4ce4-7ced-46d1-b78a-674391d8c898,2026-01-02,CUST-434427,3,-21,0,71.3,None,1,0,Web,3,2,93,3,0.83,22.26,7.3,0.5,0.82,None,13.15,2
82de0111-f7dd-4600-b24f-7eeaa604f3bb,2026-07-11,CUST-319843,2,-11,0,15.6,None,0,8,IVR,0,2,75.43,2,8.12,9.42,11.75,0.86,0.8,None,28.97,2
181458f0-a566-48f0-8595-7e4b3ef7bd60,2026-01-20,CUST-127146,5,19,4,18.4,Billing,0,5,App,0,11,65.92,2,9.27,29.9,3.63,0.81,0.64,None,6.91,3
ead9bb07-1239-4818-b31a-5876db1a8694,2026-06-25,CUST-716049,4,71,0,55.4,None,1,15,Web,0,12,68.82,1,6.81,13.64,3.6,0.48,0.74,None,26.08,1
62a90ce8-a79e-4c53-91ef-7a55de20fa1b,2025-09-21,CUST-313959,1,21,5,70.6,Technical,1,7,App,2,14,66.04,2,4.59,17.95,7.9,0.11,0.7,None,9.78,5
c8746949-f554-457f-b5e6-92d2c278ec73,2025-10-31,CUST-498390,2,-67,4,13,Other,1,23,App,2,2,67.39,2,6.15,18.13,17.44,0.45,0.67,App to Web,17.44,3
087c4b82-b91a-4714-b1ac-35be537634b8,2026-07-06,CUST-526703,3,-14,4,15.3,Other,-1,6,IVR,1,7,65.76,4,9.78,5.7,17.68,0.63,0.81,None,26.39,2
54d4c55b-d7e3-47ca-af21-9914a23e6393,2026-02-01,CUST-697564,1,-81,0,21.9,None,1,8,Web,3,8,72.67,2,7.03,39.81,5.42,0.68,0.7,None,16.08,4
352234a5-df1d-4f03-b6d4-98b8a5550cf4,2025-10-04,CUST-110613,2,14,3,67.5,Network,-1,6,App,2,5,82.45,2,4.5,25.35,15.6,0.62,0.58,None,26.9,4
3920c042-84c8-47a8-8e31-7ae55a818c04,2026-01-16,CUST-116199,3,17,1,65.3,Service,-1,6,IVR,1,2,63.43,1,0.45,19.27,19.71,0.97,0.89,None,13.56,1
b32e7e77-4ef7-45d7-88a9-ef311d3864d7,2025-11-06,CUST-339281,2,-71,4,56.9,Network,-1,23,Web,0,8,91.87,5,1.74,5.89,18.59,0.86,0.59,Web to App,8.03,5
79767359-0aee-4763-9d7d-cd81d0828dfb,2026-01-11,CUST-435671,2,-33,0,53.4,None,0,12,Web,3,3,71.08,3,0.71,23.58,2.37,0.88,0.85,None,21.21,5
85fb46e7-59e1-4225-b27f-97610af68b70,2025-10-15,CUST-407128,2,44,2,51.7,Technical,0,1,IVR,1,4,69.99,2,1.28,38.96,15.83,0.45,0.52,None,6.54,4
ab574ed3-fe94-44f0-ac36-f230c1bbdfad,2025-10-10,CUST-446150,2,-44,2,30.1,Billing,1,0,IVR,3,4,64.97,4,2.65,9.62,7.16,0.95,0.68,None,23.44,3
fb3c6fbe-28a7-44a3-a3c6-23a1d2a70d0a,2025-08-13,CUST-323705,2,-29,2,24.3,Network,1,25,IVR,2,6,92.63,4,9.7,31.74,14.08,0.52,0.97,None,9.47,4
3732d7f6-bee5-4d86-a397-2aa2ba09a466,2025-12-28,CUST-973167,5,91,0,34.1,None,0,29,IVR,2,9,84.04,3,0.13,30.43,18.86,0.6,0.58,Web to App,8.38,1
c42cd209-74c5-4247-a992-5db8d1ce939c,2025-10-14,CUST-935469,4,86,1,16.9,Network,0,17,App,1,8,79.03,5,4.21,35.51,3.16,0.62,0.78,None,12.16,2
754e0794-e06a-4ac5-beeb-aff9c618d383,2025-09-01,CUST-275744,2,-61,3,53,Network,-1,15,Web,2,12,66.36,1,6.22,17.63,2.72,0.84,0.63,None,17.56,4
e8e99f80-98e6-4166-a4df-87826c7ab589,2025-12-19,CUST-603623,3,7,3,25.6,Billing,1,25,App,1,14,72.99,2,8.56,21.5,17.58,0.53,0.67,None,25.17,2
d8dd771b-d5d5-4f04-b633-4f67c3314214,2025-08-28,CUST-270576,3,7,3,33.4,Network,1,25,IVR,0,2,80.54,4,3.68,14,7,0.31,0.84,None,24.88,4
c5c2df84-33cb-4690-81df-052ddbaf8692,2026-07-16,CUST-868023,5,-8,3,1.2,Technical,-1,14,App,2,12,83.79,4,4.25,18.5,7.03,0.3,1,None,11.05,3
b8a21ab8-0403-4e66-acca-24ccb339ee28,2026-05-15,CUST-437972,4,-10,3,40.9,Technical,1,22,IVR,0,13,90.01,4,8.8,33.24,18.63,0.64,0.68,None,9.58,2
2cee42bb-45f5-4f49-8e09-684085d44126,2026-06-19,CUST-139669,2,66,2,35.7,Service,1,15,IVR,0,7,72.98,2,3.11,17.43,1.86,0.63,0.98,None,20.79,4
6e03d0df-0742-43e6-9409-59cbca1e949e,2025-11-17,CUST-209553,3,70,1,43.1,Service,-1,3,App,3,1,90.88,2,2.26,9.56,5.8,0.29,0.63,None,29.74,5
fffce27e-3365-4786-afd1-8cb4ebe0cf89,2025-08-05,CUST-272862,1,-79,0,14.9,None,0,11,IVR,1,4,66.11,1,5.73,28.15,1.04,0.77,0.61,None,24.69,5
73856c2b-cc49-4a9c-b7f9-94dc32888262,2026-03-28,CUST-144445,2,-95,3,59.3,Other,1,17,App,3,2,61.95,2,6.66,23.47,12.63,0.46,0.53,None,24.54,3
5eaf9f3a-3a3b-4d38-a79b-19cf6a6b7cc6,2025-09-26,CUST-267916,1,24,5,21.1,Service,1,20,App,1,13,74.81,5,7.36,13.73,17.39,0.28,0.54,None,20.51,3
72c51d87-ff3d-44aa-ba02-015d3c327d45,2025-09-06,CUST-440296,1,-13,2,14.3,Billing,1,16,IVR,2,1,83.58,1,9.36,23.72,2.96,0.86,0.96,App to Web,18.87,3
f836b89a-30a6-4b87-9dfa-54f0b6be0202,2025-11-09,CUST-584617,5,-31,3,66.3,Service,0,18,Web,1,9,83.88,5,9.16,20.44,11.56,0.62,0.5,None,13.22,1
de0d6630-72ee-4f0c-a063-2165f9f250de,2025-09-15,CUST-626561,3,67,1,57.8,Service,0,19,App,1,8,70.27,5,0.29,15.39,1.15,0.45,0.71,None,10.52,3
f135bab3-51b5-4d5e-9b03-9c9fa657a823,2025-10-17,CUST-988516,4,-61,4,15,Technical,1,7,Web,2,6,77.38,5,3.74,26.79,5.47,0.63,0.59,App to Web,13.16,4
b611f5b9-38d0-440e-8a25-4dcf41816bcc,2026-07-19,CUST-794770,3,73,5,69.8,Other,1,7,Web,2,7,67.86,2,4.52,35.13,5,0.35,0.99,None,26.84,3
807811a6-7e5d-4fe5-ae64-b897308da21d,2026-06-28,CUST-444888,2,89,0,42.3,None,0,12,App,2,6,84.87,3,9.71,33.54,3.78,0.7,0.63,App to Web,17.88,3
bd97bced-9662-45e9-ae82-573e1127a104,2026-06-06,CUST-960982,3,-55,1,61.5,Technical,1,20,App,1,7,60.61,2,3.19,13.16,19.22,0.62,0.74,None,12.49,1
0387a169-5812-41b7-b845-cfa25da0953d,2025-11-28,CUST-529654,3,-79,4,14,Service,-1,12,App,1,8,84.74,5,6.05,29.7,18.7,0.78,0.96,None,9.95,5
9f302180-5759-4076-a4ec-e69a65bcd9a8,2026-03-04,CUST-525345,3,13,4,53.6,Billing,0,22,Web,1,12,72.04,3,0.99,35.34,4.3,0.59,0.89,None,19.86,2
1610e1ec-4500-41c0-b968-b66468328927,2025-09-19,CUST-484672,4,-34,1,29.7,Billing,-1,6,Web,2,6,60.87,4,2.23,31.16,10.52,0.38,0.55,None,6.82,2
b2648757-d073-4684-a8a0-51aee3a333c0,2025-10-13,CUST-891685,3,76,3,64.7,Network,-1,23,App,0,0,92.88,4,9.02,23.74,14.4,0.21,0.67,Web to App,20.99,3
b89d37e4-f6f1-4e62-8a69-5681a293eb64,2026-05-21,CUST-613277,3,66,5,19.7,Technical,1,18,App,2,8,92.03,4,5.64,38.99,4.13,0.38,0.54,None,10.31,3
4a9d30fd-a2fb-4745-a8ee-da2d9cbd939d,2026-06-03,CUST-401070,2,51,0,33,None,1,15,Web,2,5,68.81,4,2.41,31.01,3.5,0.96,0.95,None,20.24,2
5a2a56bd-570d-4b0a-b053-e60e86bdef4a,2025-09-16,CUST-910259,2,60,1,37.9,Other,0,2,Web,1,7,77.34,5,8.23,11.25,8.83,1,0.81,None,12.72,2
840813be-7fc6-44f1-a59f-dcc753b85cae,2026-07-17,CUST-178181,2,22,2,37.8,Network,0,6,IVR,2,1,69.18,4,1.42,22.05,12.14,0.83,0.53,None,14.31,4
36437856-13e9-453f-a15b-5cd541d216d7,2026-05-11,CUST-695423,5,-21,2,71.8,Service,0,18,Web,1,6,82.1,3,9.96,11.26,3.51,0.77,0.65,None,27.52,4
dfd0662f-d58f-4b2c-b94c-0e05d6da047e,2025-08-09,CUST-545210,2,11,5,33.1,Network,0,14,App,1,1,94.39,1,1.42,13.54,2.74,0.59,0.8,None,18.96,5
e7573dbc-1651-47f5-a3c6-78f46069dee5,2026-03-28,CUST-719027,4,41,5,67.2,Billing,-1,27,App,1,4,60.1,3,5.11,23.62,2.82,0.96,0.58,None,6.29,1
5876f26a-b752-44a3-a1df-5cc861623a52,2026-06-02,CUST-988893,2,-51,0,8.6,None,1,5,IVR,0,11,67.37,4,4.85,27.38,3.78,0.93,0.78,None,25.44,4
dec42cab-22b8-4eb6-8443-1b174b0519c0,2026-04-29,CUST-705369,4,-94,0,19.8,None,0,7,Web,1,13,74.01,2,5.27,34.78,19.24,1,0.82,Web to App,19.2,4
b73b9423-a7b6-419e-a2e7-0f786dec1f6a,2026-03-20,CUST-605975,4,8,3,5.6,Other,1,28,App,1,7,65.64,3,7.72,29.44,11.08,0.31,0.77,None,23.26,2
1f0a7b0c-7102-445d-b6d6-546d9f678b41,2025-09-29,CUST-169190,4,-88,3,12.4,Service,1,4,IVR,3,3,88.11,3,4.54,12.49,10.93,0.73,0.66,None,11.26,3
a5e6883a-926b-46c7-9e3c-7b51276d2d13,2026-05-05,CUST-191513,4,-8,3,25.4,Service,1,8,App,1,6,85.7,5,0.31,11.44,4.58,0.66,0.72,None,8.23,2
84535ed9-e156-423f-bf9d-fec2b2703fa1,2025-11-08,CUST-561901,4,-47,2,29.3,Network,1,19,IVR,1,0,82.34,4,8.62,17.05,19.41,0.59,0.75,None,20.96,3
7df8cd9c-1456-41c5-9403-4b9d1df1826b,2026-06-13,CUST-723995,4,-92,5,25.3,Other,0,14,Web,0,9,78.7,1,0.25,24.2,4.1,0.46,0.51,None,11.89,5
1692f72c-8215-4305-8b5f-75c56ad6afc8,2025-09-09,CUST-467370,4,-85,5,60.7,Other,0,6,IVR,3,5,76.13,5,7.6,33.67,4.76,0.52,0.85,None,23.7,1
1b22c832-b80b-4f12-8dd5-9caa497e2685,2026-04-08,CUST-679083,4,48,3,51.7,Network,1,24,IVR,0,1,76.46,5,5.92,16,18.41,0.91,0.73,Web to App,6.06,1
06b34f15-6b83-4538-8186-d6ea61637df3,2025-11-19,CUST-335726,5,-6,4,68.1,Technical,0,6,Web,3,14,68.38,5,7.89,18.28,13.82,0.54,0.59,None,9.62,5
c649e008-a2ef-4236-abb8-afa62543138a,2026-06-21,CUST-624931,4,0,4,11.6,Other,-1,26,App,2,8,65.85,3,1.15,6.9,14.83,0.25,0.92,None,24.75,3
231e7baf-eddb-4c20-bf91-4abc61f477ec,2026-01-31,CUST-364268,3,-51,4,18.6,Technical,0,9,Web,1,7,79.52,2,7.41,39.03,14.97,0.63,0.52,None,25.56,3
d343eaae-a039-4c13-8bd8-1542c68809b6,2026-01-20,CUST-205234,4,84,4,53.4,Service,-1,7,Web,2,8,89.5,3,7.97,36.16,19.1,0.97,0.6,None,14.72,2
48a57de7-e2b7-4351-ae90-daa1559e3c8d,2025-08-22,CUST-725925,5,7,3,67.4,Service,1,28,Web,1,3,84.85,5,3.01,5.86,1.34,0.96,0.56,None,29.56,4
0e02d62c-c54d-41d6-a1f2-822a100ae213,2026-03-17,CUST-522133,1,-29,3,11.6,Network,1,5,IVR,2,1,89.74,2,7.84,22.42,1.27,0.77,0.94,None,13.82,4
0a7f78be-8c62-4d36-bcf7-7541a439330e,2026-03-02,CUST-522217,2,-22,5,1.3,Billing,1,29,IVR,1,8,80.46,5,9.7,22.36,12.14,0.13,0.73,None,27.76,3
915c9a89-0ad7-49a4-9b19-1a304113f18f,2026-02-02,CUST-831064,1,-62,2,9.6,Other,-1,14,IVR,0,5,64.69,4,3.27,19.88,8.71,0.29,0.99,None,29.25,2
fc72342d-4bc7-408e-8a96-a4659d1d047e,2026-02-17,CUST-315135,4,-90,5,60.5,Technical,-1,16,App,2,3,76.48,1,1.2,27.61,10.56,0.31,0.59,None,19.15,1
c7b5d230-2db8-47bf-8894-3de318cafd89,2025-09-25,CUST-142256,3,77,1,5.7,Other,0,1,Web,1,10,88.02,2,6.66,5.08,7.3,0.14,0.96,Web to App,23.5,2
bb0e9378-2037-488e-a016-3beb1e85d591,2025-11-30,CUST-459654,4,-64,4,8.7,Other,-1,22,App,2,11,78,2,7.2,17.98,18.55,0.27,0.64,None,24.8,3
292fba49-55dc-4472-9ca3-9f1810e5ebab,2025-10-28,CUST-156624,4,14,1,33.2,Network,1,12,IVR,3,3,62.09,2,8.29,5.78,2.06,0.55,0.69,None,20.94,3
df00fbf7-9c71-4e59-b209-bbb58b425e68,2025-10-22,CUST-273241,2,48,2,29.9,Service,0,15,IVR,1,8,65.35,5,7.25,7.28,8.29,0.19,0.8,None,21.79,4
46e0e6ae-8297-4fd9-b972-9f424339144b,2026-07-11,CUST-561097,4,-17,4,43.4,Billing,-1,20,IVR,0,1,63.93,2,5.76,6.05,12.74,0.72,0.93,App to Web,24.45,4
09aac568-7672-44ce-86e0-e72261f9a54e,2025-10-15,CUST-110510,3,58,5,49.4,Technical,0,11,App,0,5,66.41,3,5.29,13.92,16.86,0.92,0.95,None,24.45,2
1cd46463-43c2-4973-807c-6c5e068f9e92,2026-06-08,CUST-922949,3,-1,1,13,Service,0,26,App,1,10,62.6,3,2.28,28.16,8.21,0.99,0.55,None,18.5,3
4723c51e-81c5-4a4a-9391-66a70a958285,2026-02-11,CUST-683168,3,18,5,8.2,Billing,0,22,App,3,6,84.99,5,0.23,33.9,12.73,0.55,0.91,App to Web,10.69,3
180790fa-94cd-4f4b-b3d1-89ac383bac9d,2026-01-19,CUST-901024,1,-43,2,33.1,Service,-1,7,IVR,3,0,81.51,4,3.62,29.87,11.77,0.92,0.88,None,12,2
d4cdd618-6861-427b-8072-92830d84fed5,2026-06-27,CUST-454709,2,21,5,51.2,Technical,-1,11,IVR,0,1,75.57,5,8.98,17.56,8.77,0.48,0.88,None,7.08,4
453094c5-fbf3-4999-a2a0-0a6928da69d7,2025-08-15,CUST-443126,4,-83,2,16,Service,0,11,Web,2,5,69.92,3,1.82,30.33,15.97,0.54,0.59,None,9.05,3
5dabe12f-0fa3-49bc-b5f3-d6cde2a8e8c0,2026-03-11,CUST-348033,2,-64,1,23.2,Network,-1,26,App,2,2,92.54,4,3.55,15.54,19.59,0.75,0.9,None,18.74,1
43e5098f-43a0-4487-9b0f-d96a3e3bcc52,2026-03-17,CUST-746976,2,-91,2,16.7,Service,-1,15,IVR,3,13,78.46,3,9.55,13.66,5.69,0.22,0.89,None,5.01,3
4fb7d139-e3d8-41f7-9349-55ea3ddee706,2026-05-22,CUST-863035,4,-59,4,54.4,Other,-1,8,IVR,2,4,76.12,5,0.43,26.24,12.07,0.3,0.77,None,23.05,3
bad09643-2348-41c9-96e7-55940bf3407a,2026-02-11,CUST-362985,3,-2,5,16.6,Technical,0,19,IVR,0,4,86.63,2,9.11,10.9,5.43,0.7,0.92,None,12.58,3
c1cb39e5-1c99-4bc4-898f-ad912f4a1bb1,2025-12-25,CUST-347347,3,-24,1,22.9,Billing,-1,18,IVR,2,4,66.21,3,9.57,6.76,3.31,0.1,0.94,App to Web,26.77,4
4eb95431-09de-468a-ab7d-12a454cf1bba,2026-04-30,CUST-460671,4,-58,2,68.1,Other,1,12,IVR,1,3,83.65,1,2.67,12.06,18.6,0.18,0.6,None,22.92,4
5b973cba-1c44-410c-9187-55bbb0c4be32,2026-03-18,CUST-939702,4,89,2,20.7,Network,0,23,App,3,8,80.76,2,8.99,38.67,3.34,0.25,0.68,None,20.81,2
ad7de3bd-744c-4c41-bb96-3bb1f106e7df,2026-04-16,CUST-321801,4,8,2,23.4,Technical,-1,21,App,1,6,70.66,5,9.62,37.56,2.86,0.97,0.63,None,17.97,5
9f2f08be-96a3-477b-a155-02a92cd17fe7,2025-10-12,CUST-395962,2,98,5,58.9,Network,0,8,Web,0,11,79.38,3,4.07,7.62,19.31,0.43,0.99,None,22.45,3
d21fa5fc-740a-46df-a3f7-3a0afd20ee61,2026-04-13,CUST-638699,5,14,1,11.3,Technical,0,25,Web,1,7,90.1,3,5.6,22.79,2,0.42,0.82,None,22.56,3
576a3ae1-ea9d-40d1-b1ac-cc5baa9b5fa5,2026-01-08,CUST-181263,2,66,3,50.3,Service,-1,16,Web,1,10,75.92,3,8.23,8.71,14.21,0.24,0.78,None,25.54,4
a90f3536-88f9-460a-bf43-e5c5f4684e72,2026-01-23,CUST-676186,4,-85,0,38.2,None,0,5,App,0,12,80.34,2,0.24,9.53,16.11,0.31,0.57,None,11.94,3
55cee53a-7bea-4c34-a64d-9a5d533174ae,2026-02-27,CUST-199285,2,54,1,11.7,Technical,1,18,IVR,3,13,94.67,2,8.85,21.25,4.99,0.74,0.71,None,5.83,2
bf21373d-6899-4fae-8a56-bcc3e56d62c2,2026-01-10,CUST-263766,2,76,4,14,Service,1,24,Web,1,2,76.05,4,6.69,6.16,2.7,0.88,0.77,None,12.15,1
e3e8a9ba-d4bb-40d3-bbf2-28f49bc72bd4,2025-09-22,CUST-480542,4,9,5,10.2,Network,1,17,Web,2,14,71.05,3,4.85,17.94,3.8,0.48,0.97,None,24.49,2
2e53bc7b-ff78-40d9-a3f2-9b8d74f5cb76,2026-06-09,CUST-392410,5,44,5,32.2,Technical,1,7,Web,3,5,63.43,1,3.99,19.14,16.3,0.32,0.58,None,21.86,2
f7cb3d6f-7688-475f-ac47-359d8907d213,2026-05-10,CUST-430391,2,36,2,4.7,Service,-1,26,IVR,2,11,64.46,2,3.3,21.31,11.51,0.89,0.94,None,19.34,1
41fa7d8c-684e-433c-97fe-09d6f9aee8c5,2026-04-14,CUST-197641,1,89,5,21.5,Billing,1,21,Web,1,2,69.73,4,2.85,23.22,11.95,0.3,0.58,None,6.13,2
e780d609-4cea-4d83-9e0d-e362c4ec6927,2025-09-28,CUST-879600,4,-85,4,3.1,Service,0,30,IVR,0,7,72.63,4,9.41,38.13,16.86,0.46,0.81,None,28.49,3
d2814c14-19af-4736-90a5-7035f5588633,2025-11-19,CUST-695281,5,-12,0,23.4,None,0,17,IVR,2,11,71.76,5,0.19,32.13,16.13,0.32,0.7,None,13.41,5
93c21071-dd6a-4fd7-8bbf-f1088d94bbeb,2025-12-14,CUST-278313,3,98,3,8.5,Technical,0,4,App,0,10,81.09,3,0.81,26.84,11.82,0.59,0.72,None,15.7,3
54f1314a-d559-44b6-9e58-0baf657b4115,2025-08-29,CUST-435324,3,-38,4,47.6,Service,1,23,IVR,0,14,75.81,3,2.46,10.81,9.82,0.59,0.6,None,27.35,4
6713a137-2d2a-42f5-b4b1-da49b3ec3aa3,2025-08-18,CUST-446110,3,-57,2,51.6,Network,-1,2,Web,3,4,89.14,1,0.12,19.16,5.19,0.2,0.79,None,21.47,4
48a3fdf5-ca02-44e2-bb0c-15b9a1863cfa,2025-11-30,CUST-968512,2,-2,0,57.6,None,0,7,IVR,1,9,84.69,1,6.71,9.85,14.87,0.63,0.77,None,19.49,5
84a9981b-e91f-44ed-95cb-f933fd59dd99,2026-07-03,CUST-217346,2,45,4,2.3,Technical,1,10,Web,2,12,85.73,3,4.12,33.2,7.52,0.22,0.62,None,6.33,4
9f336114-347b-41e0-ade4-94def1e0f992,2026-03-31,CUST-133865,2,88,4,57.1,Billing,-1,17,IVR,3,8,74.24,5,4.62,30.03,7.89,0.68,0.66,None,19.05,5
389c61b6-8a11-47e4-b0d4-e5c51eb2e872,2026-04-17,CUST-682820,4,98,0,60.2,None,0,7,Web,0,11,80.91,2,7.92,20.55,13.66,0.43,0.59,None,5.76,5
8b13fbd4-bd1e-420b-83a3-244ddb5b11dc,2026-03-02,CUST-731347,2,-37,1,56.5,Technical,1,7,IVR,1,9,85.85,3,8.18,30.68,19.73,0.2,0.51,None,10.33,4
b2157225-1522-40d3-bb50-f57b8903201d,2025-09-29,CUST-998838,2,59,0,30.1,None,1,10,Web,2,13,78.77,3,4.38,13.87,12.64,0.6,0.58,None,18.27,3
a8acd300-ed7b-42ce-a58f-63f9da6fdb5c,2026-01-21,CUST-624614,2,-19,0,4.6,None,0,19,IVR,3,14,84.87,3,8.95,18,15.25,0.6,0.7,None,5.6,3
fa0c2d8c-ee77-472a-a637-e7999e204dfc,2025-08-08,CUST-532017,4,-7,0,37.5,None,0,9,IVR,2,7,80.5,4,7.47,12.31,17.43,0.2,0.72,None,23.49,3
42e5dd93-4c85-4ad4-9d49-5bfb48364d8c,2026-01-07,CUST-261580,3,-57,0,54.9,None,-1,1,IVR,1,7,86.33,3,4.19,39.39,19.05,0.8,0.84,App to Web,27.3,4
392fe3f9-2638-40b8-962b-ef96d7d9dbd7,2026-03-27,CUST-554307,3,-78,3,62.7,Service,1,28,IVR,0,10,91.1,4,8.62,27.67,16.4,0.13,0.82,None,13.14,3
0d580447-9a99-4408-915a-739e5ea01a22,2025-09-10,CUST-204523,2,-42,3,12,Service,0,6,Web,1,13,92.33,2,5.85,23.03,15.98,0.55,0.74,None,24.44,4
8aefc39d-4744-4385-a63a-cf4a4b16827e,2025-09-06,CUST-636411,3,-29,0,28.7,None,0,7,App,0,10,61.53,4,1.66,18.45,1.9,0.53,0.75,None,17.43,4
8c106219-fc71-4f25-8a01-f8b05a15ad96,2025-08-19,CUST-452286,2,-21,1,22.5,Other,0,14,IVR,2,2,81.47,3,6.48,24.24,17.24,0.51,0.72,None,16.54,3
3b2dc200-686b-42ad-86be-1d7e968c869d,2026-06-23,CUST-204822,1,58,2,19.4,Billing,1,24,Web,2,13,75.65,4,8.49,11.2,2.3,0.18,0.64,None,25.91,2
539fc1af-0cac-47be-a8d4-d3ba0f4262c0,2026-03-19,CUST-358625,4,-98,3,29.6,Service,-1,14,IVR,0,9,60.46,3,6.37,19.34,16.38,0.97,0.74,None,23.58,3
b283724e-e106-49dc-9183-14e7e76360aa,2026-06-01,CUST-712336,4,-56,3,19.4,Other,0,0,IVR,2,4,85.15,3,4.71,20.42,9.52,0.58,0.5,None,21.28,1
723ad6b4-70c8-4216-9ae6-b4e9b40c98e0,2026-04-17,CUST-553928,1,16,2,5.6,Billing,-1,6,App,1,10,84.13,3,0.6,17.57,15.07,0.48,0.68,None,27.48,2
aa19a1e3-3455-480b-90af-02f094fc7f1b,2025-12-06,CUST-964840,2,55,2,18.1,Technical,-1,24,IVR,2,1,61.66,5,8.8,12.64,16.93,0.13,0.53,None,20.27,3
bebca2c8-5ef7-42c7-b1b8-76fd66eb5cfe,2026-06-20,CUST-333797,4,27,4,41,Billing,-1,15,App,1,12,63.25,4,6.97,33.42,9.84,0.49,0.95,None,22.38,5
a0870c26-57fb-4206-bd0b-cada3168c6c4,2026-06-15,CUST-819255,1,74,4,62.8,Technical,1,21,App,0,2,80.63,5,6.69,13.66,5.28,0.23,0.65,None,14.15,3
bd35c834-69f7-43b9-b748-7e4f3ae7e94e,2026-05-09,CUST-709034,4,-67,1,66.2,Network,1,3,IVR,1,1,83.48,1,6.48,35.91,15.88,0.55,0.95,None,28.07,1
ba0fd85e-a8d5-4631-b510-a33074f19c85,2025-11-27,CUST-829592,4,76,2,66.6,Service,-1,1,IVR,1,10,91.63,5,3.74,13.17,14.5,0.98,0.56,None,19.8,3
8e52d6ee-451a-4b20-b3be-d749a49f7281,2026-03-19,CUST-545691,4,-68,4,31.9,Billing,1,20,App,2,10,73.5,1,6.22,16.25,6.04,0.65,0.74,None,16.55,3
49040a46-37d7-42e0-98d7-825bae42981e,2026-03-22,CUST-834191,5,-92,1,7.6,Service,0,16,IVR,2,4,93.11,2,1.89,20.24,18.34,0.56,0.64,None,13.27,3
8acc8892-2db3-43fc-88dc-b60dece20acf,2026-02-10,CUST-112658,4,64,1,35.1,Service,0,20,Web,0,12,74.68,1,5.85,29.01,16.35,0.38,0.79,None,12.11,4
85afa260-bbe4-48ec-97b0-0bf46f98eae6,2025-12-24,CUST-731099,4,3,2,39.2,Technical,-1,1,IVR,3,9,70.93,4,5.6,22.2,7.81,0.33,0.51,None,8.09,2
c648d5be-0db2-484e-b559-45c3c62508b5,2025-09-24,CUST-861724,3,-54,0,54.9,None,-1,7,IVR,2,0,90.02,3,2.23,38.77,7.42,0.68,0.88,None,24.02,3
53739cb3-0ef2-45cb-be74-7e55f7967fbe,2026-07-01,CUST-365400,2,-81,5,27.1,Technical,1,6,Web,0,9,88.37,1,0.17,7.58,11.89,0.5,0.71,None,26.08,5
c1666f4d-af74-4fcc-92de-360b3aa0b1de,2025-09-02,CUST-992087,1,75,4,51.7,Other,-1,17,Web,2,9,86.91,2,4.72,28.56,13.99,0.8,0.84,None,28.51,3
c97465f6-705e-4325-b03b-b8a3075f329a,2026-04-01,CUST-753457,3,-53,5,2.5,Technical,-1,10,IVR,2,0,86.04,4,1.21,24.77,18.73,0.5,0.67,None,5.92,3
26df66f3-a39f-4cb8-9d08-5842764189b2,2025-12-29,CUST-962662,1,58,1,61.7,Network,-1,25,IVR,0,2,70.06,2,4.35,12.72,15.82,0.54,0.69,None,17.54,3
f6afb421-f1fb-4898-bcf5-b1de3532645b,2026-06-17,CUST-295961,2,-34,0,26.6,None,-1,4,IVR,0,4,77.55,3,4.16,37.89,8.74,0.42,0.61,None,17.99,2
ecbdd520-50fb-4203-b349-4b7927ab8d31,2025-12-10,CUST-289922,3,21,2,63.9,Network,-1,8,Web,0,14,68.79,3,9.26,11.75,12.79,0.14,0.51,None,5.37,3
0c8bad35-cc23-4363-adca-192d0ec41ba1,2025-11-16,CUST-403016,1,44,4,60.1,Network,0,29,IVR,1,12,90.4,4,8.32,31.98,1.36,0.51,0.8,None,16.87,1
390fa919-925a-443d-b7fc-d5bd62089e19,2026-05-21,CUST-108023,5,11,4,18.7,Billing,1,12,Web,1,0,83,2,3.92,38.2,11.75,0.34,0.52,None,23.89,2
b24b1ea0-b029-4339-a0aa-cae2682b40bb,2026-01-27,CUST-772000,2,-15,4,8.2,Billing,0,12,App,0,11,87.87,3,9.1,29.18,16.52,0.97,0.67,None,29.71,2
5ee8e009-eec9-4733-b8d8-52b23a546e32,2026-03-10,CUST-938899,3,48,1,16.9,Technical,1,25,Web,0,2,83.36,4,5.97,12.93,18.27,0.22,0.73,None,7.99,4
50f66ce1-c5e4-4256-aafa-e9aecf68fc4c,2026-03-02,CUST-911750,3,-18,2,26.5,Other,0,11,Web,2,5,67.88,3,6.17,16.82,7.62,0.36,0.76,None,5.97,1
5759ca67-bdda-44ae-ad3f-d9778536bf20,2025-10-21,CUST-949184,4,-57,1,35,Other,-1,7,Web,1,8,77.86,2,4.88,25.57,15.01,0.6,0.58,None,16.67,2
c3eb7949-3e5d-4cf6-9dc7-40149c72bb72,2025-10-22,CUST-576246,2,83,0,54.5,None,0,16,Web,2,3,80.97,2,3.22,35.23,11.97,0.95,0.6,None,27.47,2
cbe0dbe2-1a0e-4803-89ff-e818a5723f34,2026-04-14,CUST-245774,2,-68,2,66.8,Network,0,15,IVR,2,14,84.02,2,4.58,19.7,13.54,0.17,0.98,None,19.48,1
3a6d3658-a541-43fc-ad3b-1c191993919d,2025-11-02,CUST-970782,4,32,3,46.7,Network,1,2,Web,1,6,60.14,1,4.74,31.39,16.85,0.52,0.95,None,28.35,4
f2b8e3f6-1dac-47ee-b5d2-55928b8fd907,2026-01-17,CUST-624358,1,-71,3,21.3,Service,-1,3,Web,2,10,74.4,4,3.21,7.29,8.62,0.89,0.53,None,24.81,3
f618c973-8299-47c2-8ff5-901a54f7c229,2025-12-12,CUST-218254,2,55,0,20,None,0,22,IVR,2,6,67.69,3,8.55,20.72,14.95,0.65,0.62,None,13.02,3
2240adbd-e7cf-4e5f-a17c-f6965cbed37b,2026-04-15,CUST-547450,4,41,1,6.9,Other,0,27,Web,3,12,73.07,2,4.86,6.96,19.57,0.98,0.83,None,6.98,1
9885b6c0-1423-4bd2-8932-17e4e4de9e19,2025-10-08,CUST-883603,4,-84,5,8.3,Technical,-1,14,App,0,13,70.89,2,6.63,27.2,13.01,0.21,0.8,None,29.73,2
f0030cd5-8a07-47df-b34f-c1d6bc9f8730,2025-08-09,CUST-974560,3,-55,2,23.1,Service,0,9,Web,3,9,89.19,5,4.33,7.52,5.91,0.29,0.92,None,24.23,1
47fccc2b-0537-4918-a4d9-001fb4e73096,2025-08-27,CUST-635984,4,-35,1,28.6,Other,0,13,App,2,7,79.42,4,5.58,26.45,4.85,0.52,0.99,None,23.51,3
6dd88a33-6688-4165-9f06-79ac0f3822ba,2025-08-07,CUST-521011,2,47,2,4.8,Network,1,1,IVR,1,8,76.44,3,0.71,22.34,19.1,0.2,0.9,None,25.6,2
392aeab2-2551-4ba8-a3d5-4089f952d642,2026-07-13,CUST-700109,5,35,2,49.5,Technical,1,28,IVR,2,5,87.68,5,3.61,36.25,10.76,0.67,1,None,11.2,3
d6544d6e-dd60-4554-ae86-d792cb2b1f93,2026-03-01,CUST-992342,5,-79,2,28.9,Technical,0,25,Web,3,12,81.09,1,0.39,5.31,2.81,0.23,0.95,None,8.04,5
d9f8a5ab-6642-40f4-b0c1-e20ccc2c65fe,2026-02-01,CUST-355914,3,96,3,28.8,Network,0,17,Web,2,13,82.84,5,7.69,32.81,18.13,0.55,0.91,None,19.95,3
a36f2d40-a78b-4d17-b442-e6d5a604e0d7,2026-05-31,CUST-146946,4,22,3,45.8,Service,0,5,Web,1,7,91.13,3,1.53,32.59,10.11,0.35,0.79,None,7.25,2
f9da47a9-3d7e-413d-9f9d-3253b4c20449,2026-01-15,CUST-751282,3,58,3,61.3,Service,0,1,IVR,2,10,79.52,5,2.6,25.07,5.94,0.84,0.6,None,21.52,2
41acb672-2c70-4e56-8513-ac52424bfb5f,2026-07-24,CUST-878559,2,65,4,67.4,Network,1,19,Web,2,7,83.1,3,0.77,22.89,5.25,0.83,0.83,None,27.34,4
17037ff9-06c4-48f5-b595-1d1778ae2e71,2026-02-11,CUST-717699,1,-13,2,60.3,Network,0,5,IVR,0,11,87.35,3,9.12,10.65,12.89,0.92,0.8,None,17.85,3
1c721de6-b536-4fe9-9ded-bc4d51e01723,2026-06-14,CUST-762342,1,-43,5,42.9,Technical,-1,13,App,3,12,86.88,2,7.77,29.35,17.09,0.74,0.98,None,19.34,5
bd358df8-e2c9-4469-9d56-2e6952784a21,2025-08-08,CUST-212335,5,-2,2,63.1,Network,0,2,App,3,10,68.07,3,1.1,30.88,16.92,0.89,0.77,App to Web,18.11,3
b10ee887-9de7-4dc9-b1bb-ced840a1f14b,2026-03-27,CUST-446580,4,-12,4,64.1,Billing,-1,2,App,1,7,94.13,2,2.76,29.15,1.69,0.43,0.72,None,20.01,2
c9348947-7229-46b3-a705-5234a8f6cc1a,2026-02-08,CUST-442799,4,81,1,25.7,Network,1,14,IVR,0,11,79.15,3,8.6,28.62,15.11,0.29,0.73,None,20.3,1
e9367886-e454-4925-9174-b8c60d73f7bd,2026-03-05,CUST-850271,5,82,1,31.7,Other,0,12,IVR,1,5,68.51,3,3.26,12.9,16.13,0.19,0.8,None,24.56,3
c8c416cc-36e4-4b68-bd62-947055b887d9,2026-02-25,CUST-135657,3,-68,4,37,Billing,0,5,App,2,4,76.84,5,9.35,28.82,3.24,0.83,0.86,Web to App,17.63,4
c3c871c8-a69e-4101-9fbd-3e4f9fe80b4b,2026-01-03,CUST-837530,2,-14,0,56.2,None,-1,14,IVR,3,3,77.4,3,7.27,39.32,11.66,0.21,0.99,None,9.02,4
0dcd4d66-d48e-412d-8958-ecda332e65f1,2026-04-02,CUST-583682,1,99,4,45,Network,0,1,App,1,9,84.61,3,8.93,34.37,14.5,0.77,0.87,None,23.87,2
3b33ae99-a3ff-4fe1-b9b2-e94dbd23e570,2026-01-18,CUST-783854,3,-25,2,59.6,Network,-1,22,IVR,2,12,80.03,3,9.69,31.8,7.12,0.87,0.76,None,21.45,3
02c305a4-8443-44e7-b948-2f23d5202d40,2025-07-28,CUST-954243,5,74,1,55.3,Network,-1,20,IVR,1,10,66.65,4,0.61,6.04,12.54,0.6,0.61,None,13.14,5
09575749-2084-4387-a289-25222362d8f1,2026-01-15,CUST-202504,3,-46,3,3,Service,1,4,App,1,13,91.69,2,2.63,34.15,8.27,0.33,0.52,None,26.61,5
db7b50a8-d728-4295-9b0e-59acd6760c56,2026-07-05,CUST-969043,1,87,2,48.5,Service,1,2,IVR,2,11,62.24,1,2.63,17.54,6.74,0.53,0.96,None,26.99,2
abb0532c-0c0a-4f01-99da-bafc63cd5d94,2025-12-05,CUST-894047,2,-65,4,59.3,Network,0,4,Web,1,10,94.68,2,8.63,33.6,19.9,0.64,0.54,None,21.27,1
f1fb1af3-2e57-4d59-b219-f8f8baca9c72,2026-04-05,CUST-100013,2,-39,4,5.7,Billing,0,14,IVR,3,2,72.53,5,6.18,26.95,18.97,0.79,0.7,App to Web,7.4,4
c1e83a8e-7d77-4fe1-87fa-a2bfa4c8b076,2026-04-29,CUST-568145,5,81,2,43.6,Other,-1,2,App,0,9,63.05,2,4.59,8.21,14.32,0.72,0.59,None,29.09,1
8c78fab0-7300-40b4-85f0-a622dfdaeead,2025-09-11,CUST-298908,4,19,4,2.9,Network,1,5,Web,2,8,92.31,3,1.84,12.24,3.54,0.52,0.84,None,6.23,1
17f2e670-4161-416e-8413-6a6de0420a49,2026-07-13,CUST-693001,3,84,1,47.4,Technical,0,11,IVR,3,12,81.87,2,5.03,22.22,4.6,0.55,0.93,Web to App,22.2,3
b9f53424-7dec-475d-b551-ed994d2b15af,2026-02-17,CUST-118883,4,78,0,27.4,None,-1,25,Web,2,2,90.11,5,6.42,27.82,17.44,0.87,0.53,None,15.81,4
5cc995f7-4298-44a3-b9df-b44aff8489f3,2026-03-07,CUST-771968,3,63,5,23.6,Billing,1,12,Web,1,0,68.2,4,3.78,12.48,11.58,0.33,0.66,None,9.18,4
5bcaec05-2eb4-4eb3-ac56-0b9e5094a1eb,2025-08-03,CUST-766842,2,-51,5,64.4,Other,0,10,Web,3,2,83.97,2,2.73,25.76,5.23,0.75,0.92,Web to App,24.68,4
e17657db-d65f-4de1-a2e1-91385173c58b,2025-08-11,CUST-473330,5,-3,0,7.6,None,1,3,Web,1,3,93.12,4,7.74,38.47,8.57,0.31,0.87,None,15.9,4
624abc61-94c6-4e33-a88a-aa5d19a7c51f,2026-07-07,CUST-693046,1,-72,1,1.5,Technical,0,7,IVR,2,4,76.29,2,0.97,32.28,18.34,0.86,0.6,None,27.37,3
b49ec3e2-2127-4979-98e6-64ab0c049023,2026-01-28,CUST-823405,5,16,1,2.9,Network,0,21,App,2,8,69.01,2,2.72,12.66,8.51,0.44,0.99,None,17.43,4
ef29ae7d-85fb-49bb-bb71-29e15e4dae74,2026-04-22,CUST-463086,3,0,1,69.6,Network,1,8,Web,3,5,91.59,1,4.38,29.43,17.75,0.74,0.99,App to Web,22,4
2ece58eb-61e0-4e16-98ce-181c2fd248de,2025-08-09,CUST-735929,3,-20,2,16.1,Technical,1,5,App,1,2,93.37,4,0.26,18.71,14.67,0.21,0.87,None,8.28,3
7c290f08-eddd-4b71-bf6c-d443601f615a,2025-10-19,CUST-289703,4,38,2,8.3,Technical,-1,3,IVR,1,2,92.24,3,2.81,26.52,18.17,0.55,0.89,None,19.23,5
8a41298a-f00c-43f0-9654-86b33eaae5bb,2025-10-08,CUST-959332,2,37,1,55.6,Billing,0,27,App,2,3,84.17,5,4.69,22.17,8.58,0.59,0.56,None,18.14,3
307dcee7-803a-46da-9efc-b8adb160f301,2025-12-15,CUST-455328,2,-64,3,61.4,Other,0,28,IVR,1,2,93.15,2,3.42,20.57,13.69,0.99,0.97,None,7.22,4
109f8e7d-6368-4eb3-b5f1-44b39d590f61,2026-01-08,CUST-395372,4,93,2,65.4,Technical,0,0,Web,0,5,65.36,4,7.85,27.36,15.32,0.3,0.64,None,8.39,3
72f0a4c3-fbc1-4866-8c18-8162db5f5dd7,2025-08-02,CUST-906828,2,67,2,59.1,Billing,-1,28,IVR,1,5,82.2,4,3.96,6.25,13.47,0.89,0.67,None,24.95,3
2a817dac-2bf7-4672-aab9-84dff4a71ed8,2025-12-23,CUST-337806,3,85,4,11.3,Service,1,26,Web,3,9,87.91,1,1.19,31.59,3.72,0.98,0.91,None,16.25,2
cd1843cb-efbb-4e96-bb1e-f7285ed0e076,2026-06-13,CUST-117655,3,17,1,25,Network,-1,24,Web,2,0,87.6,3,0.92,25.23,14.79,0.74,0.69,None,26.46,3
365df93e-2395-4678-863e-b98a57eb58ec,2026-03-01,CUST-463903,4,-18,2,1.1,Billing,1,3,Web,1,2,75.19,4,4.08,17.08,19.56,0.11,0.84,None,9.51,5
f4e06aed-f24c-4145-9700-a3a0caa48a5f,2025-09-06,CUST-620959,3,30,4,3.5,Technical,-1,10,Web,3,13,84.81,1,0.95,13.41,4,0.29,0.89,None,20.68,3
f2d040c3-47dc-4939-8352-5a323674bf70,2025-10-13,CUST-443119,2,-85,3,28.3,Network,0,8,IVR,3,9,83.15,3,7.69,14.33,10.57,0.98,0.96,None,27.14,4
684e6130-1cfa-46e3-a294-5dfa42caa822,2026-05-21,CUST-285041,3,-42,3,16.1,Billing,0,12,Web,1,14,78.78,5,3.49,32.73,5.07,0.17,0.56,None,10.49,2
54c0e6fe-c3be-42b2-9311-602c042645af,2026-07-07,CUST-718053,2,10,3,55.4,Technical,1,28,App,1,10,76.61,2,7.4,28.31,2.31,0.87,0.97,None,19.21,3
c76fb274-c51f-4c44-820b-b77d1a238d54,2025-11-23,CUST-796165,4,-83,2,67,Billing,0,13,Web,3,2,82.12,5,2.35,17.79,19.49,0.3,0.79,None,26.36,2
c98a47b6-f804-4fe7-9059-63ae642ae699,2025-08-18,CUST-568926,2,70,4,45.9,Other,-1,15,Web,2,7,79.85,1,8.22,28.73,12.15,0.36,0.66,None,7.84,1
149158fc-78f2-4779-91b1-f27b4e6b3536,2026-02-20,CUST-873832,1,-52,0,42.4,None,1,28,App,2,2,61.08,4,8.73,14.12,9.64,0.22,0.78,None,12.98,3
0764bfb2-61bd-4e66-8cb6-3e0e59c6f669,2025-08-19,CUST-434084,4,-81,5,32,Other,0,8,App,3,9,80.99,4,5.39,34.78,15.32,0.96,0.52,None,28.7,5
946daea7-e003-4bf4-b354-e2a6d5df01c0,2026-02-02,CUST-360867,2,68,4,25.5,Network,1,21,Web,2,11,80.43,4,8.59,21.35,19.51,0.77,0.55,None,5.76,4
5cdf228c-5bc0-4c2f-bbbe-6ed9f1085549,2026-06-26,CUST-957614,4,-14,1,13.2,Technical,1,15,App,1,9,70.09,3,4.46,20.23,10.38,0.52,0.55,None,26.38,2
07c4baa8-49f5-4547-be3f-065b8a771f97,2026-06-12,CUST-746305,3,61,0,28.2,None,-1,10,App,2,6,71.64,3,5.61,19.23,12.05,0.55,0.52,Web to App,29.56,3
e510fdd1-8aaa-4167-861a-584c1ecb4cdc,2026-02-10,CUST-648754,2,33,0,27,None,0,16,Web,1,1,77.22,3,1.08,21.96,13.46,0.35,0.59,None,19.5,3
2e35bea3-99e1-43ba-9d02-ee47a9b52376,2025-07-31,CUST-324234,2,27,5,2.4,Service,-1,27,IVR,2,8,79.78,4,7.4,7.37,19.41,0.4,0.57,None,12.15,2
d88ad8f1-6baa-4acd-922e-87ac7f4bf731,2026-03-30,CUST-578670,3,15,4,69.4,Service,1,22,IVR,0,13,82.13,5,6.3,32.81,11.99,0.21,0.89,None,14.62,3
adb5538c-e170-457d-8264-6f94ba49b1be,2026-02-24,CUST-450873,1,-8,3,20.1,Service,-1,15,IVR,1,2,81.6,2,9.12,33.54,17.46,0.98,0.77,None,13.46,1
1a57fdfb-1889-4f5b-93ea-fb984b8a0da1,2026-03-19,CUST-782720,2,77,1,10.3,Other,1,24,App,0,7,82.32,4,4.09,13.16,7.08,0.57,0.82,None,22.78,1
37414a5d-81c8-47aa-8d54-e4e8f59607fb,2025-12-18,CUST-618691,2,26,2,6.6,Network,1,20,Web,3,14,89.83,4,3.46,24.26,1.77,0.93,0.9,Web to App,10.15,5
d8b134a9-546e-4977-828d-1f6caa22a00b,2025-11-04,CUST-654682,1,-83,2,24.2,Other,1,29,App,1,13,70.2,4,0.9,14.55,13.04,0.13,0.55,None,24.87,4
3da06ea5-0b84-47c9-bdf8-175d7491e581,2025-10-25,CUST-956193,4,-93,3,66.3,Service,1,3,App,1,4,75.43,2,5.43,28.07,12.31,0.58,0.73,None,24.27,4
c5605f22-097e-468a-be82-8ae453e568c1,2026-04-18,CUST-214967,5,-11,1,37.6,Other,0,10,App,2,4,76.75,1,1.56,22.59,6.55,1,0.58,Web to App,10.19,3
a0da17ee-815e-4469-a21d-a5a5183bb06e,2026-03-29,CUST-833721,3,-67,4,69.6,Technical,0,12,Web,0,10,67.73,4,9.55,31.4,13.19,0.77,0.88,None,18.06,4
2009f25e-df48-46f5-8ab9-a5fa99ccff6c,2026-07-09,CUST-178915,4,-73,2,64.9,Other,0,8,IVR,3,9,67.37,1,2.13,17.02,11.65,0.79,0.94,None,11.09,4
0927c5c7-a61d-406a-a9b3-667f17852341,2025-10-07,CUST-179558,3,95,5,2.1,Network,-1,7,IVR,0,7,89.1,3,2.58,11.3,8.79,0.82,0.93,None,12.75,4
40f97abc-f474-43b2-b01b-6a8a717c98a5,2026-03-23,CUST-753393,1,1,1,66.8,Other,1,29,App,2,11,79,2,8.39,37.8,18.34,0.29,0.99,None,24.88,5
83ffba6c-d9f0-43ea-962e-f5f5b0c064cb,2026-02-28,CUST-766413,2,-71,3,28.3,Technical,0,5,Web,2,12,69.31,1,8.89,17.06,11.18,0.77,0.66,None,20.31,4
5be7b96b-fb84-40f7-94d4-02d55e0a8eda,2026-05-07,CUST-936903,1,14,3,36.4,Network,1,17,Web,1,11,83.67,4,6.87,13.32,15.04,0.39,0.71,None,24.05,4
080a6278-ae5d-4d9f-90b2-c48b3de62ce1,2025-10-07,CUST-332494,4,81,4,37.1,Service,-1,21,IVR,1,14,91.31,2,3.63,19.19,2.42,0.66,0.66,App to Web,17.41,4
462afeb2-b159-44fd-a8b0-aa23461697cf,2026-02-06,CUST-985576,2,-38,4,27.4,Technical,1,21,IVR,2,9,72.02,4,1.81,10.88,15.44,0.83,0.74,None,8.8,4
63d5ae3e-a3cd-4fce-bdad-8cf6e866ad51,2026-03-02,CUST-622170,5,-10,5,13.7,Service,1,11,App,1,7,90.54,1,5.53,24.96,9.21,0.28,0.69,None,20.68,1
be3b6cb2-1bdf-4d29-bb70-14a4cf680cc8,2026-03-15,CUST-351663,4,-88,0,24.7,None,-1,30,Web,1,3,67.71,4,5.4,15.8,16.99,0.73,0.69,None,19.18,3
4aa77da7-f226-48d1-a0f6-8e8856a2548c,2026-07-11,CUST-805478,3,-13,0,15.9,None,0,22,IVR,2,14,63.58,2,5.16,8.32,14.72,0.77,0.69,None,9.56,4
374a825a-499b-4f83-a773-530977f6fc37,2025-11-11,CUST-899491,2,1,1,18.5,Technical,-1,27,IVR,1,2,87.71,4,2.51,34.61,12.93,0.42,0.58,Web to App,13.74,2
09eb457b-c900-48ee-a4a5-b1b3ebb1a9b8,2026-03-31,CUST-955367,5,-30,1,60.9,Service,1,14,App,2,4,67.3,2,5.74,38.31,4.58,0.27,0.6,None,28.97,2
64254088-e12a-4d77-95ff-ea026fe01d8c,2026-05-04,CUST-953271,4,47,4,2,Other,0,26,IVR,3,8,76.89,1,8.37,9.7,3.94,0.45,0.56,None,29.7,1
a0a63a74-d91a-40e4-afad-ad7cadf65cfe,2025-08-26,CUST-701431,1,-65,0,28.3,None,-1,6,Web,1,7,62.31,2,1.66,19.1,5.93,0.43,0.67,None,28.31,4
286321d0-52d1-48b5-870d-ba32780d5b5c,2025-08-24,CUST-880896,4,-11,2,65.3,Billing,0,13,App,2,10,88.01,5,1.36,19.77,19.48,0.32,0.87,None,19.3,4
86ca1d5b-229f-42fb-a172-a4be055fb133,2025-08-21,CUST-785849,2,50,2,10.8,Service,-1,3,IVR,2,5,76.08,1,5.93,32.79,12.68,0.74,0.76,None,6.35,4
6e172a8a-2163-4495-b611-3e34d9aad46f,2026-03-25,CUST-721456,3,44,1,2.7,Service,1,13,App,2,13,62.01,2,8.44,18.35,6.73,0.93,0.92,None,26.36,1
7121c8e9-e58c-422a-a11b-060acbe378a6,2025-12-26,CUST-745684,3,-15,1,50.4,Billing,-1,22,App,2,2,76.25,4,3.33,20.89,15.98,0.18,0.82,None,9.86,4
9a0ad782-26ff-4cef-a4b1-210f5e0b2d52,2025-08-01,CUST-986884,2,57,1,62.9,Billing,-1,11,IVR,2,6,66,1,9.93,22.62,14,0.83,0.83,None,24.49,4
e18570f6-211f-4aa9-8b19-8417245385fa,2025-10-08,CUST-324423,4,-77,1,67,Other,0,6,Web,2,9,72.09,2,2.68,29.61,6.82,0.12,0.82,None,7.96,4
4a5e858c-df39-48f6-8ead-e4879c870510,2025-12-05,CUST-624138,2,-22,4,3.8,Billing,1,16,App,0,11,72.2,2,3.98,22.24,13.84,0.37,0.55,None,23.65,2
6092ced3-2199-498d-98ac-cb6766bf0107,2025-11-29,CUST-423552,5,-27,1,55,Service,0,9,IVR,2,9,85.89,3,3.43,23.13,6.09,0.98,0.94,App to Web,10.47,2
96014cba-440c-47a0-bcf3-4564cba37a7c,2025-11-11,CUST-239168,2,63,1,8.7,Other,0,4,App,2,11,64.05,2,8.43,5.89,9.94,0.64,0.59,App to Web,8.19,4
aecce0f8-79d5-4a33-917e-a10dd32434dd,2025-08-18,CUST-968705,2,-76,5,23.9,Technical,-1,5,App,1,2,67.09,2,9.85,14.78,14.16,0.82,1,None,16.34,2
bf2a2902-b257-400f-aeff-0faa724aa939,2026-05-21,CUST-622947,4,12,1,25,Billing,-1,27,App,1,13,81.25,3,8.01,10.43,13,0.57,0.61,None,5.58,5
3f874121-3888-409d-b92f-c1f2d7d5bf44,2025-12-07,CUST-405510,3,74,1,9.2,Billing,-1,10,Web,1,12,85.05,2,8.12,30.53,13.83,0.61,0.64,App to Web,13.91,5
bf067056-360a-4193-ae51-99dfe6fda69f,2025-07-28,CUST-406100,3,-96,3,27.5,Other,-1,17,IVR,0,14,89.09,3,7.49,29.96,19.67,0.32,0.77,None,11.29,2
9b1c0fd3-45a9-4b56-81b6-c34b1e4c4951,2025-11-23,CUST-433651,4,-51,3,15.7,Other,1,17,IVR,0,9,64.14,5,5.27,25.55,16.16,0.32,0.52,None,22.99,3
b750444f-8ca2-4b58-aba4-0648016ebc25,2026-05-28,CUST-567120,3,32,1,3.2,Billing,-1,29,App,1,3,83.21,4,3.19,15.82,8.85,0.83,0.53,None,21.73,2
f6f927bc-a986-4a82-a13a-c6ff70e895c8,2026-06-05,CUST-751858,3,100,2,20.5,Network,0,2,Web,1,6,60.37,3,9.62,34.41,18.42,0.74,0.96,None,8.59,5
b561e995-4693-41a2-acb1-5139567d2400,2026-04-09,CUST-614622,4,-2,2,42.5,Other,1,22,Web,1,0,73.04,1,8.39,33.61,4.52,0.78,0.67,None,8.69,5
8a7820b8-0af0-48d1-8af4-98a45d80b46e,2025-11-19,CUST-898047,2,55,2,64.8,Other,0,16,App,2,12,84.36,2,1.85,36.34,17.83,0.38,0.83,None,29.31,5
22df9631-4716-44df-822b-ac2c4050980b,2026-05-22,CUST-797439,1,89,3,8.7,Billing,-1,22,IVR,2,0,92.03,1,7.37,21.14,18.63,0.85,0.7,None,29.68,4
47743820-a1fa-4caf-b5c0-b1034dc8d64f,2025-12-13,CUST-715040,3,14,2,27,Other,1,27,Web,1,2,67.47,5,1.04,37.82,12.63,0.87,0.9,None,26.94,4
2f4d6286-1372-49c1-8a5a-9d8c839f82cc,2026-01-23,CUST-177903,5,40,4,53.9,Technical,-1,11,Web,2,3,88.94,4,3.26,17.33,15.48,0.66,0.6,None,21.33,3
5958409f-8336-436c-84e6-737f54fcf78f,2026-07-15,CUST-702154,2,-4,2,66.8,Other,0,28,Web,2,4,90.45,4,8.47,15.23,17.98,0.21,0.84,None,27.53,1
73f3cbfb-5a08-4fd7-b14f-fa7b152d9c8e,2026-04-08,CUST-741980,5,36,5,57.7,Service,-1,22,Web,1,3,71.38,2,0.92,18.28,19.08,0.87,0.99,None,10.14,5
391857a9-28fa-47ab-9428-46a6fcd8f6fa,2025-10-25,CUST-700576,3,-71,0,35.6,None,-1,8,App,1,5,70.07,4,8.14,27.59,4.09,0.9,0.88,None,13.26,2
c0a75447-648e-4cfe-8dc6-87de6271dd2d,2026-07-17,CUST-945732,3,-67,2,24.3,Service,0,5,App,3,9,89.56,4,3.75,39.38,16.4,0.82,0.57,None,16.03,3
66b4233b-d474-41f0-a211-5c4fe1b89344,2026-04-07,CUST-762161,2,35,5,51.5,Service,1,8,IVR,1,12,60.76,1,6.73,28.1,15.54,0.19,0.91,None,11.85,5
a0600ef7-90db-41c3-a8a5-8647e1b79200,2026-01-15,CUST-726285,2,85,4,21.8,Technical,0,27,IVR,3,0,83.58,3,0.92,23.94,1.92,0.74,0.68,App to Web,26.22,4
1b7e8ce4-bbf6-4447-a9bb-d0561e23d983,2026-07-15,CUST-112233,3,10,5,26.3,Technical,-1,8,Web,3,6,88.1,5,1.3,12.48,13.91,0.38,0.91,None,5.03,4
5bb3971b-7e5a-4462-8e03-783e9740f6f7,2026-04-25,CUST-539584,3,-88,2,11,Network,-1,25,IVR,2,8,79.19,1,0.12,17.79,17.15,0.77,0.93,None,19.11,2
1ffeb0fd-0cfd-4732-b470-dafad0b3525c,2026-05-27,CUST-144829,5,-74,4,24.6,Other,1,19,Web,2,13,68.71,4,3.59,24.97,16.32,0.88,0.99,None,7.22,1
40e53695-088c-4a90-8f65-0eae97b688cf,2025-08-16,CUST-379526,4,-39,2,33.9,Technical,1,25,App,2,6,69.93,4,0.45,13.08,18.73,0.75,0.76,None,5.57,1
04f509fa-2fc2-42b1-94f0-a6d81bc82fec,2026-05-30,CUST-933060,3,-72,4,41,Technical,1,7,App,1,0,61.64,2,3.93,21.47,4.46,0.27,0.72,None,23.87,2
3425d584-2037-4eed-b38c-e20b83bce54e,2025-08-23,CUST-222962,3,66,0,38.2,None,1,28,App,0,11,84.28,1,8.17,14.01,17.83,0.89,0.86,None,13.33,2
9b9ce7ea-e336-43be-8468-285920f1b8d4,2025-09-19,CUST-161880,2,45,5,23,Billing,-1,24,App,1,10,68.43,2,7.69,33.25,5.42,0.22,0.91,Web to App,12.95,4
b0b9ccc7-06e7-43d7-b683-8290a658e95b,2026-04-21,CUST-938669,5,33,5,39.2,Other,0,0,IVR,1,9,74.28,2,9.55,13.59,11.32,0.15,0.52,None,17.24,2
9d5d0b38-7f03-4b5d-8610-93d676870564,2025-08-28,CUST-889083,2,-46,2,32.2,Billing,1,5,Web,1,1,66.5,5,6.23,32.58,18.31,0.99,0.53,None,27.27,2
f4c778a6-04b2-4fa8-9f04-a9b01a7521d7,2026-07-15,CUST-709327,2,-35,3,71.1,Service,0,3,Web,2,0,78.57,5,6.18,7.46,7.79,0.95,0.51,None,21.58,3
d814ce53-11c7-4359-9302-da82b5233076,2026-06-02,CUST-974374,4,-75,1,7,Other,1,13,App,2,0,88.33,4,1.9,11.68,1.2,0.29,0.58,None,19.34,3
e057c6e4-6d59-442d-8915-93301e642009,2026-04-21,CUST-531602,3,98,0,4.3,None,1,4,IVR,3,11,66.66,3,0.9,12.29,15,0.14,0.85,None,13.16,4
be5b1a84-61b3-4ea9-b5c2-235284e1369a,2025-11-28,CUST-425122,4,-80,3,30.3,Other,0,0,Web,1,6,71.43,2,7.18,29.84,15.12,0.85,0.64,None,10.46,4
c266ab21-cc6b-4a92-bb69-0bf090ec12df,2026-05-27,CUST-354685,3,-73,2,13.3,Other,1,16,App,1,9,84.93,3,6.35,13.96,12.08,0.97,0.67,None,7.57,2
e8110dfb-9e5c-47b0-be5c-62554e466077,2025-12-18,CUST-992203,4,92,5,25,Other,0,16,App,2,2,83.64,2,4.4,37.1,12.56,0.26,0.58,Web to App,28.42,4
0b42d87f-9aaa-4d09-9ac3-860290a06486,2026-01-24,CUST-227894,3,-81,3,50.9,Other,-1,30,IVR,1,13,70.92,2,9.71,21.52,11.52,0.69,0.51,None,9.13,2
74e3e081-34e1-486e-8f06-db74135cbbc8,2025-07-25,CUST-956147,2,72,5,70.2,Network,-1,24,IVR,0,1,69.03,4,1.94,20.8,2.22,0.74,0.77,None,14.32,1
9cc69e9a-2e26-49dc-98a7-cc313d691e36,2026-01-02,CUST-590312,2,-89,2,66.7,Network,0,2,App,1,6,92.25,3,6.73,15.73,6.37,0.85,0.92,None,19.84,2
e58c68fb-e0a3-453e-a095-0d3510ec9cf5,2026-06-16,CUST-975631,5,5,0,43.1,None,0,15,Web,2,4,90.95,4,3.38,13.42,13.05,0.35,0.65,None,10.86,2
b52db807-0eae-4e43-a2b3-c54ae36226d1,2025-12-02,CUST-717011,2,-2,1,46.2,Other,1,29,IVR,2,7,87.04,4,4.05,5.4,3.98,0.39,0.93,None,23.86,1
5a193895-c905-4abb-b209-68c322e832cc,2026-06-16,CUST-284319,4,-36,1,56.3,Network,-1,21,IVR,0,9,66.26,3,8.91,8.22,14.11,0.89,0.79,None,27.77,5
ae115d66-64dd-4650-8aa0-229b4512bef5,2026-03-07,CUST-394516,4,-52,3,71,Network,1,21,IVR,2,3,66.33,5,6.3,6.3,11.42,0.57,0.68,None,5.72,1
b7d803b0-5780-45ec-9da1-0c4a99cad2e4,2025-12-09,CUST-638315,2,-47,2,71.2,Technical,0,3,Web,3,14,60.01,2,1.43,16.92,13.28,0.71,0.96,None,21.63,4
0e736ea3-1661-45c1-aa5a-a631c27ea405,2025-08-14,CUST-885797,2,87,4,56.2,Network,1,24,App,1,0,79.39,2,6.84,26.28,16.88,0.12,0.78,None,5.07,2
fb8029f4-6981-43e5-b593-599d2072a76c,2026-05-10,CUST-658127,4,50,4,34.5,Other,-1,29,App,2,0,73.76,4,4.48,32.83,16.14,0.89,0.54,None,8.93,3
bb3a4253-983e-4f66-a053-2eebc252d5a9,2026-03-25,CUST-573506,5,-8,4,33.2,Service,-1,26,App,2,12,85.5,1,6.06,32.38,13.38,0.11,0.77,None,7.52,4
2c818734-90de-4de2-a2ed-501011355d90,2026-04-12,CUST-849054,4,-22,2,70.6,Network,-1,29,IVR,2,5,94.83,2,1.13,17.78,16.39,0.37,0.96,None,20.16,2
83d96bf5-798b-4bfb-ac12-7eff95e0da62,2026-02-08,CUST-530274,3,-62,2,62.2,Network,-1,20,App,3,6,67.38,4,0.15,7.01,13.23,0.45,0.87,None,28.57,4
bfdf8493-2d25-46ca-9ed4-a6bd811e57bf,2026-04-17,CUST-567993,2,-97,0,62.3,None,0,15,IVR,3,12,81.36,1,1.03,19.19,6.01,0.78,0.87,None,11.84,3
66cffa9e-7f86-4eac-95b2-bc507c7fb7d2,2025-10-03,CUST-160060,4,-17,3,10,Other,-1,27,IVR,0,12,83.6,2,1.5,17.45,2.56,0.61,0.53,None,18.83,2
486e02b0-d293-456d-ac01-086376fa596f,2026-04-09,CUST-107410,3,-94,1,33.1,Billing,-1,0,Web,2,9,65.99,4,1.49,38.08,18.15,0.13,0.63,None,5.87,2
9eda9861-3ba0-49a9-a58c-faf3be1ebc43,2025-10-28,CUST-981808,3,62,0,19.2,None,-1,9,Web,3,13,79.44,3,4.1,13.71,15.31,0.78,0.93,Web to App,17.62,3
93dccaf8-e01e-4bb3-88d2-9c79a902a05b,2025-10-08,CUST-641982,2,36,2,15.3,Billing,0,21,Web,1,8,63.67,2,5.51,24.45,4.18,0.15,0.61,None,11.48,1
45ca5bbf-6035-4241-b4b7-5919ad48732a,2025-08-06,CUST-735170,1,39,4,11,Service,1,20,App,2,8,62.26,2,6.72,34.6,17.91,0.4,0.93,None,29.64,2
fa3697c4-5a66-452f-84ab-42d0f1f07d6e,2025-12-23,CUST-237070,3,-50,3,69.8,Billing,-1,11,Web,2,10,76.54,2,2.2,13.61,6.15,0.53,0.81,None,17.42,4
2b4379fe-067a-468d-bde0-49fc3e0130d3,2026-05-04,CUST-884448,5,-35,2,17.5,Service,0,18,App,2,13,62.53,3,2.77,14.11,8.44,0.29,0.77,None,7.1,2
ee953459-65dd-4f0c-949b-95675cb6be9a,2026-05-12,CUST-308310,4,-13,2,59.7,Technical,0,8,Web,2,3,66.23,2,7.53,12.27,4.69,0.35,0.64,None,8.78,5
33513ef0-c7d8-4dd8-9ee3-68186a49f3af,2026-07-21,CUST-127747,5,-47,1,32.7,Technical,-1,10,IVR,1,4,62.37,4,5.79,19.72,18.64,0.84,0.88,None,5.7,1
feb426a5-ddc8-4407-890c-70d3d7527a3b,2025-08-14,CUST-968413,4,-62,3,35.2,Technical,-1,20,Web,1,14,89.02,1,7.65,36.51,4.51,0.36,0.66,None,13.23,1
d7d3566c-dcb3-4566-a86e-55220aff3032,2026-02-04,CUST-308147,3,-32,4,69.6,Other,1,16,Web,2,10,78.2,4,0.58,14.78,1.68,0.69,0.53,None,29.62,2
e7aaf6b0-dffe-4405-be7c-ebe217a03276,2026-01-02,CUST-747247,2,-11,4,42.7,Billing,0,2,IVR,2,1,94.73,2,1.94,32.33,6.23,0.2,0.66,None,28.52,4
5ab93d52-7c45-4673-9a1e-a8105a8bd54c,2025-10-20,CUST-499178,3,-54,1,61.7,Other,-1,15,Web,2,5,72.2,5,6.89,20.02,9.67,0.32,0.52,None,25.38,2
bec215a1-7650-4df3-8d15-7f540d203d10,2025-11-03,CUST-767679,5,20,2,12.2,Other,-1,14,App,1,11,64.28,2,6.61,15.71,13.45,0.54,0.7,None,13.73,2
60e4f080-48b1-4237-9543-f7a523b56742,2026-04-21,CUST-500681,4,-1,3,6.6,Service,1,18,IVR,0,4,77.9,5,0.29,21.73,13.85,0.4,0.93,None,16.74,2
dccab18b-ce00-4f25-ab59-ee52cfbd31ad,2026-07-05,CUST-111090,4,-6,4,49.9,Service,1,21,App,0,13,82.19,2,2.5,24.69,9.07,0.33,0.75,None,28.78,1
aa2a16e8-f67f-41c0-8c15-f971f72c524e,2026-01-27,CUST-420539,2,56,0,39,None,-1,9,App,1,8,60.38,4,3.81,28.26,2.02,0.16,0.85,None,17.8,4
95f0dc67-0c91-49f0-bbb6-bbc5da2d2a60,2026-02-23,CUST-438804,4,-70,0,6,None,0,30,IVR,2,8,82.5,4,9.07,35.52,14.4,0.86,0.72,Web to App,20.94,4
258a5aa1-675c-4786-8122-233edbfe6dde,2025-08-13,CUST-544645,4,25,4,70.3,Network,0,28,App,0,10,69.95,5,2.96,23.43,15.75,0.89,0.53,None,13.24,3
d4fea3ee-8fec-4f9f-a454-26ae0c271822,2025-11-30,CUST-321443,5,14,1,42.6,Technical,-1,28,App,1,12,62.42,4,0.34,5.24,15.73,0.34,0.95,None,22.21,3
2a4384a2-2876-4d0b-95aa-29a7067ab145,2025-11-05,CUST-924683,1,73,2,67.6,Technical,-1,15,Web,2,6,92.94,2,9.17,11.81,14.95,0.94,0.68,None,12.73,2
665bd359-9c1d-4642-a635-7e721a07a845,2025-09-27,CUST-941361,4,5,3,12.1,Billing,-1,21,IVR,2,6,81.88,3,2.37,27.15,13.31,0.99,0.82,None,23.33,5
4153ebfa-6a30-4128-9297-aa75d5139caf,2026-03-09,CUST-983394,3,86,0,24.4,None,1,5,IVR,3,10,85.74,2,7.94,34.99,6.68,0.87,0.73,None,25.85,5
563d1c6d-3eed-4372-bbfc-1219572d4dbc,2026-01-01,CUST-687739,2,-49,5,4.7,Network,1,29,App,3,9,87.18,2,8.83,24.73,17.07,0.77,0.66,None,24.74,5
4fca3f07-02c9-4367-a68e-fe2e3b455d6a,2026-01-12,CUST-950887,3,89,5,71,Network,-1,11,Web,1,9,66.91,3,8.61,32.48,17.78,0.82,0.65,None,16.49,4
c1b39f33-f5c7-4a5d-8d04-8960033c83f1,2026-01-09,CUST-463622,5,41,3,5.5,Other,1,2,IVR,2,7,63.24,1,4.08,22.82,15.23,0.15,0.89,None,29.36,3
455a73ba-bd63-4822-a3ad-c7bdf4976928,2026-06-10,CUST-937804,3,-84,5,61.6,Service,0,12,Web,2,12,80.69,3,1.68,6.75,15.06,0.41,0.86,None,14.05,3
dcd4753d-eae2-4aa7-be90-3feefe62800a,2025-10-30,CUST-335055,3,5,4,18.1,Network,1,3,Web,2,7,72.71,3,1.09,26.24,2.89,0.75,0.93,None,21.71,1
8c478f13-8e0a-427a-aa5f-e287d1e8b309,2026-05-09,CUST-789610,4,80,2,14.6,Billing,-1,3,IVR,2,12,70.8,3,2.37,5.48,16.28,0.62,0.67,None,23.02,4
66a08771-624b-4cb2-a719-db960fa0cc53,2025-10-12,CUST-753321,2,-82,4,16,Other,-1,29,App,3,1,81.91,4,8.79,15.47,4.04,0.14,0.8,None,23.82,4
d7f48ce9-ca73-48a2-8db0-5cf41b818582,2026-05-28,CUST-517027,2,-71,2,34.8,Other,1,6,App,1,10,66.37,4,4.82,15.75,7.33,0.26,0.85,None,27.88,4
9563a440-db33-4539-adb2-c934d43b3638,2026-03-19,CUST-366200,5,-98,1,34.2,Billing,1,22,Web,2,13,80.33,1,3.67,5.36,9.64,0.53,0.85,None,27.24,4
052e0bc2-74d5-4c1e-b4f9-d9d146f44d63,2026-02-12,CUST-146956,4,19,1,22.8,Service,-1,16,App,3,11,75.94,1,0.64,17.09,15.29,0.38,0.71,None,7.99,5
92996035-12e2-43d0-91c6-0589528b214e,2025-12-28,CUST-122268,2,40,3,27.1,Billing,0,6,IVR,1,10,65.21,1,3.24,20.72,3.34,0.26,0.7,App to Web,23.01,5
9698e6f3-20ce-474f-b737-bd8fc771ffe0,2025-08-25,CUST-639833,4,3,1,16,Other,1,15,IVR,3,13,94.75,3,6.26,32.7,2.52,0.56,0.8,None,27.66,4
23e20165-dc86-4169-9993-a1a07d67646e,2026-05-26,CUST-899612,3,6,1,54.2,Other,-1,0,IVR,2,7,92.5,3,3.45,17.27,8.63,0.36,0.96,None,5.02,4
eebc4da7-34db-4fb1-ac54-6653bec3c0bb,2026-04-08,CUST-103719,4,-39,3,9.4,Network,-1,8,Web,2,12,68.89,2,4.53,17.52,19.93,0.38,0.88,Web to App,14.04,3
71b7c7c9-fc0a-4662-8bad-e2b255812f02,2025-08-04,CUST-606055,5,-47,4,58.2,Billing,1,4,App,0,5,86.1,5,5.78,14.08,19.91,0.57,0.88,None,19.2,2
98980508-d30e-4b0b-af1a-3880f5ef0fc8,2026-04-26,CUST-528008,1,77,2,71.9,Network,-1,14,App,0,4,68.61,2,3.44,14.02,11.04,0.12,0.79,None,20.16,3
293658a2-58f6-4f4b-a0c9-132cf23963c0,2025-11-05,CUST-692799,3,-41,0,63,None,0,6,Web,1,14,68.06,1,7.76,38.31,19.06,0.42,0.6,None,16.8,1
9c106ac8-29ab-4a63-92e2-8d590d688954,2026-03-31,CUST-149942,5,51,0,13.7,None,0,11,App,2,3,74.35,4,1.6,13.59,19.01,0.55,0.86,None,10.66,5
b55f71bd-eaa6-4751-89b1-372aa576dad4,2025-07-28,CUST-364693,4,64,4,47.1,Other,-1,9,App,0,4,89.98,3,0.96,19.94,13.22,0.46,0.92,None,7.19,4
12f8ea0f-391e-44f2-a5df-48286edbcf35,2025-07-31,CUST-785547,4,-44,3,60.3,Network,-1,28,IVR,2,9,91.6,5,9.17,14.31,15.61,0.7,0.91,Web to App,13,1
83a83438-4b39-4a99-8672-c9f79c9ad517,2026-07-12,CUST-513370,2,-78,1,69.6,Technical,0,15,IVR,1,1,81.82,4,1.39,22.56,3.88,0.18,0.95,None,18.36,2
080c81c9-01d3-4d02-85ce-c10e00b02b31,2025-09-08,CUST-327465,4,17,3,33.3,Network,1,7,App,3,9,66.65,4,1.71,8.69,6.13,0.97,0.63,None,8.83,4
cea96053-7da4-4265-a1eb-55e32a73d684,2026-05-05,CUST-426113,1,76,2,13.8,Billing,0,5,IVR,1,5,61.38,1,9.09,10.91,2.56,0.11,0.79,None,29.05,4
51a25df2-0de1-4ab9-a336-3991b2cdf60c,2026-03-03,CUST-566658,2,-16,0,18.4,None,0,11,App,3,5,76.58,3,3.3,16.25,4.07,0.88,0.64,App to Web,24.19,2
822afdf7-528d-4f33-b775-f4374a7eba02,2026-02-19,CUST-273841,1,-84,5,1.1,Billing,-1,13,App,1,5,72.03,4,0.52,14.6,19.63,0.97,0.58,None,28.94,1
3b58d620-81a3-4699-a56c-57dd03a72c4e,2026-05-19,CUST-252540,3,-77,2,47,Service,0,16,Web,2,13,72.36,4,3.28,14.09,9.27,0.26,0.61,None,19.63,3
84d60257-f30f-4aef-a9e8-3ea4444e6408,2026-05-20,CUST-537133,4,76,4,47.9,Technical,1,25,App,0,14,91.1,1,5.04,13,4.51,0.47,0.59,None,18.42,3
3be35a32-2155-4e51-a894-75d4a8a83f5d,2025-11-06,CUST-287434,4,71,2,8.8,Service,1,14,Web,1,11,72.76,4,4,9.89,8.08,0.34,0.68,None,5.8,2
6b3d9882-e65e-4107-8ef0-2cd1e2d551db,2026-03-13,CUST-214478,1,-91,5,33.2,Technical,-1,4,App,2,6,94.47,1,6.1,10.84,2.75,0.76,0.51,None,18.23,4
2dcd0d8b-33b3-4370-83e5-4f48cf201a39,2026-05-20,CUST-275041,4,24,2,5.8,Billing,-1,26,IVR,1,13,77.3,1,9.97,23.58,5.5,0.48,0.85,None,6.09,4
1334e485-3138-48f7-babe-ac13e8789518,2025-12-23,CUST-524488,2,82,4,33.8,Network,0,23,IVR,1,10,77.13,2,9.79,6.66,19.26,0.22,0.64,None,23.85,3
148e0cd7-a65f-46e2-905b-685477c4fcca,2026-04-11,CUST-615820,2,-62,5,21.4,Technical,1,27,IVR,3,2,83.92,1,1.19,30.12,16.06,0.36,0.61,None,22.15,4
0b337fe9-6261-433c-b4e8-636019b5f535,2026-05-02,CUST-909032,4,74,3,44.2,Service,0,9,IVR,0,2,91.61,2,1.1,34.68,12.01,0.47,0.98,None,9.4,4
1ee8b3b7-84ef-479b-8bed-c6c516f9b0ea,2026-03-22,CUST-813186,2,-45,5,12.5,Network,1,27,App,2,12,69.88,4,6.73,28.75,2.74,0.3,0.96,None,26.97,5
e9f1b676-d5f6-4b4a-93b2-55f0c0c8b439,2026-03-02,CUST-260497,3,48,1,42.4,Billing,0,21,App,0,2,86.14,4,6.74,38.14,18.7,0.89,0.66,None,29.58,2
686a4400-35da-4ee2-86ce-c48e7729b03f,2025-09-27,CUST-471057,5,-91,0,25.7,None,0,29,Web,2,1,87.14,3,1.75,17.42,6.99,0.24,0.7,None,23.5,2
520a6136-5a38-41f8-853c-3a503225e441,2025-08-08,CUST-700502,1,-49,0,58.3,None,0,19,Web,2,10,64.73,1,1.45,33.02,11.82,0.16,0.67,None,21.48,2
5ed93434-0674-4601-ad64-d1f8e56cc282,2025-10-13,CUST-568626,5,-82,3,4.6,Network,0,4,IVR,1,4,84.37,1,3.41,25.83,17.9,0.67,0.55,None,13.67,2
a7b1c79b-ec2a-4dd4-8831-0c71536733a1,2025-07-26,CUST-133395,3,-48,0,30.3,None,0,14,App,0,6,83.59,1,3.71,27.71,14.65,0.81,0.72,None,10.43,2
85681c80-e24a-4513-8d9a-cc9fdb9a2209,2026-03-01,CUST-765630,4,-63,5,56.7,Technical,0,15,IVR,2,12,89.83,4,2.23,5.04,16.04,0.92,0.97,None,16.02,1
17ce151b-5e7e-4733-8ccb-e2676ccb2d8b,2026-01-08,CUST-357901,4,36,1,63.2,Technical,1,5,Web,1,9,94.79,1,4.84,32.1,19.88,0.99,0.88,None,11.77,2
214bfc5a-b0ac-47f8-a75f-9af65c242a8d,2026-05-27,CUST-925497,2,9,1,17.8,Technical,-1,8,Web,1,2,81.86,4,1.12,21.4,3.34,0.19,0.99,None,13.45,4
de6c145e-fab2-479b-9edf-fecd77748172,2026-03-05,CUST-506004,3,-55,4,20.4,Other,0,8,Web,2,8,86.72,4,3.74,12.02,13.47,0.35,0.71,None,25.33,3
c1d3c943-1426-40c6-a22e-dc4bced184eb,2025-11-04,CUST-932220,3,26,1,9.4,Other,1,20,App,3,11,77.53,3,3.69,23.16,10.96,0.82,0.83,None,15.41,3
0cd3ea1d-9700-44c0-be71-4e6a729d3365,2025-11-05,CUST-731897,3,33,3,36,Billing,1,8,Web,0,13,77.18,4,9.92,12.98,17.54,0.67,0.53,None,8.73,3
27fd7a89-b518-4f10-9687-d4c22288df2f,2026-03-24,CUST-262310,3,-47,4,45.4,Service,1,1,IVR,1,8,61.85,1,7.73,36.91,3.26,0.77,0.79,None,13.44,5
3ed84c97-8b39-4c8f-8f5b-2029e422b3f5,2025-08-26,CUST-727188,3,13,1,17.3,Technical,1,19,Web,1,4,89.91,4,8.97,29.3,9.17,0.64,0.94,None,8.83,1
151e358a-11b5-4bfc-8605-4380257e5035,2026-05-03,CUST-911542,4,-86,3,50.4,Other,0,15,App,0,13,67.49,5,5.64,31.43,18.95,0.94,0.67,None,16.31,2
d2f68164-512d-44cd-9782-f2910464c443,2026-01-11,CUST-744953,4,39,0,29.7,None,1,5,IVR,1,8,90.93,2,1.1,12,1.49,0.6,0.61,None,14.34,3
35ad4565-e917-4c08-b9be-5103b6c31e77,2025-11-26,CUST-698017,5,26,4,25.9,Other,-1,13,App,0,0,65.82,2,4.03,9.95,7.17,0.98,0.95,None,12.11,1
20b5b952-459f-4a2e-84ca-90e396c1ece5,2026-02-15,CUST-608994,4,30,4,33.3,Service,0,26,IVR,1,5,72.26,4,5.56,14.23,18.95,0.1,0.96,None,8.91,4
08f1c790-e955-4e3b-b090-2d6429878f09,2025-12-18,CUST-353176,5,69,2,52.7,Network,-1,5,IVR,3,1,67.26,2,6.88,23.33,13.14,0.13,0.99,None,29.47,1
f91f3222-3d8f-4087-823a-ffe4c3d009b2,2026-03-18,CUST-534671,2,-24,2,20,Other,0,13,Web,0,8,68.91,3,0.84,16.08,2.67,0.37,0.59,None,18.85,2
bb77605d-a79a-42f6-bf7a-b6735d6caf96,2026-05-31,CUST-366366,2,-49,2,26.6,Technical,-1,26,App,1,7,62.06,3,0.73,10.55,17.1,0.11,0.93,None,29.21,2
e8671dee-4675-470c-a3d2-60573491a8be,2026-06-16,CUST-261017,2,95,2,60.1,Other,0,23,App,2,8,83.87,3,3.6,38.81,4.07,0.56,0.61,None,12.39,4
bd6702c7-e624-467c-86da-3a50f9e91730,2026-02-28,CUST-451711,3,-1,5,48,Other,-1,26,IVR,2,3,75.22,3,6.04,38.98,9.22,0.25,0.56,None,7.75,3
f3f40e89-038d-4d5d-803d-f35df4b99b92,2025-09-19,CUST-292021,3,51,3,40.8,Billing,-1,23,IVR,2,1,61.34,5,6.29,37.37,1.94,0.79,0.96,None,26.28,2
f1c30fe6-6dca-4239-b9db-9a7888787e00,2026-07-25,CUST-450347,4,-72,2,13,Billing,-1,17,Web,1,6,77.52,3,2.03,27.48,13.34,0.61,0.98,None,17.79,2
8a3c8ca2-c9d1-4a67-9a0d-d5a06582fc1d,2026-04-21,CUST-985166,5,-57,1,38.4,Technical,-1,12,App,3,0,90.22,4,4.81,6.46,19.19,0.35,0.8,Web to App,7.27,4
eaae5e9a-ab22-42f6-bab4-55ecd756c93a,2026-05-05,CUST-703736,3,-87,5,48.4,Network,1,0,App,2,8,63.61,1,8.53,32.62,13.14,0.74,0.78,None,15.46,3
3b4faeda-dcc4-4d29-be98-79da764b9072,2025-11-30,CUST-733614,5,74,1,21.6,Network,1,27,App,1,4,76.35,4,3.49,35.6,10.73,0.35,0.51,None,23.55,2
38cfdee7-8d18-44c7-9945-05bc4889a176,2026-06-21,CUST-866888,3,73,0,4.1,None,1,22,IVR,0,7,63.69,2,4.45,12.63,16.36,0.17,0.71,None,12.14,2
9f3aa9d5-b72f-42f5-bb3b-36a51cceccc2,2026-01-04,CUST-230213,1,-80,4,30.2,Network,1,23,App,2,8,69.04,4,9.39,14.36,2.48,0.67,0.69,None,21.76,4
c0062cb7-ccac-4cc4-a9f1-925d15a2c793,2025-11-27,CUST-654038,4,93,0,59.5,None,-1,2,IVR,1,7,66.1,3,8.36,12.65,10.54,0.46,0.73,None,12,1
5d242ac6-f40d-41a9-9964-3ba5787b0197,2025-09-12,CUST-578107,2,29,0,64.8,None,-1,25,App,1,3,83.19,5,8.04,17.31,2.55,0.47,0.83,None,15.13,2
df744095-d180-4c6d-b82a-8c3483d00533,2025-08-06,CUST-462963,4,90,5,35.3,Service,-1,13,Web,1,12,90.99,3,5.92,26.08,14.16,0.89,0.72,None,27.87,1
1ff6d5e6-5eca-4a95-a309-810d29cf8387,2025-10-20,CUST-404332,5,54,4,53.4,Technical,0,26,Web,2,4,80.31,4,0.4,21.28,13.11,0.63,0.55,None,28.34,1
5f99e9c1-2579-4ad0-9a17-5c784d5d9e6d,2026-04-29,CUST-787244,2,-59,2,22.7,Other,1,11,App,1,3,86.54,4,3.74,27.04,12.05,0.8,0.84,App to Web,16.37,3
929a44d2-45d6-47f8-ab97-9f5d37ed7048,2025-10-29,CUST-703043,3,-11,3,35.5,Service,0,12,App,3,9,89.36,4,9.01,11.61,13.66,0.3,0.74,None,21.11,2
63ec0d9e-ac40-4c01-a23a-49fb633202b1,2025-12-24,CUST-960851,4,15,2,60.6,Billing,-1,16,App,1,9,79.64,2,4.3,24.08,2.27,0.4,0.98,None,12.14,2
5cd788e6-6bd7-4043-9d0d-98310ae7bd80,2026-07-12,CUST-926212,4,81,2,33.8,Technical,-1,20,IVR,2,7,81.68,3,5.19,21.32,14.21,0.45,0.8,None,25.47,3
648c4058-359a-4880-b19f-4e907912042a,2026-03-02,CUST-251772,1,-62,1,36.7,Other,-1,1,App,2,12,63.1,4,4.14,15.81,11.17,0.84,0.58,None,11.71,3
053579c1-3979-468c-888f-194b560bb334,2025-11-16,CUST-163847,3,69,4,31.1,Technical,0,12,Web,3,5,78.03,5,0.54,15.64,14.54,0.39,0.6,None,8.49,4
984fbc54-0dd7-489a-aeb7-229638246d77,2025-12-03,CUST-908594,1,36,3,4.6,Network,1,19,IVR,1,6,66.01,1,1.49,24.87,15.88,0.58,0.94,None,17.14,4
9da359f4-d2f0-4e6d-9d63-da5f93d60327,2025-10-03,CUST-230690,2,67,3,56.2,Other,1,8,IVR,2,12,87.9,3,6.94,12.78,5.24,0.99,0.82,None,25.82,2
bfd02e53-d71b-430c-aab9-4b9f01d2a714,2026-06-13,CUST-670683,3,-76,5,3.3,Technical,-1,13,IVR,2,3,62.94,1,3.34,13.18,1.41,0.44,0.56,None,13.89,2
2e4f984f-db0b-4e9c-9429-5921e2c9e328,2026-02-21,CUST-786805,1,-30,3,53.5,Technical,-1,1,IVR,2,7,86.59,4,4.43,27.57,12.67,0.59,0.9,App to Web,9.14,3
e529512a-7587-4436-ba67-f7f8a6ff8c3d,2025-10-05,CUST-789717,2,-49,4,44.1,Billing,-1,14,App,1,10,92.35,4,1.36,38.48,9.52,0.67,0.58,None,18.8,4
7313087d-1cac-40fd-b434-0c0bcfc331ca,2026-06-05,CUST-562165,3,4,4,35.7,Billing,-1,19,Web,1,2,73.6,5,2.68,21.2,2.1,0.77,0.77,None,19.62,3
5d7452b3-29ef-4c15-b62b-873a8a69a355,2026-05-03,CUST-737081,2,-7,0,17,None,-1,24,Web,0,10,88.76,4,2.26,26.31,17.39,0.41,0.57,None,22.59,5
c694d80f-745e-4292-ad9d-2453c93299c9,2025-09-17,CUST-480677,2,-49,4,62.5,Other,1,15,Web,1,10,82.04,3,0.44,38.46,6.22,0.82,0.85,None,22.15,3
dfc099b1-7787-4fe1-83ae-e5087121a175,2026-01-06,CUST-848724,4,97,3,32.3,Service,1,13,App,1,2,80.1,3,1.82,12.77,7.26,0.81,0.87,None,11.39,5
da3fac89-40b7-4846-b915-7f995dd5abda,2025-10-10,CUST-199625,2,-43,5,36,Network,1,10,Web,0,9,73.76,4,7.46,9.64,12.9,0.53,0.6,None,23.85,4
b0fb4368-0cc6-4bda-9242-af80809d3543,2026-03-29,CUST-146938,4,49,1,4.4,Technical,0,5,Web,1,8,79.62,3,2.71,35.88,1.68,0.41,0.89,None,25.56,2
e318623d-ec1e-4789-b6c7-c198774e961e,2025-08-13,CUST-677692,3,-76,5,48.2,Billing,-1,17,IVR,2,9,66.37,4,6,29.51,3.11,0.94,0.53,None,26.01,2
37d85950-27f5-48b9-afc4-b30066fb73a3,2026-05-05,CUST-942147,5,-83,2,63.9,Service,1,13,App,2,8,62.43,4,0.41,7.55,12.6,0.6,0.8,App to Web,23.37,1
a50e6446-eee9-458f-8017-7584137f37fc,2025-12-08,CUST-671205,3,-50,0,39.6,None,0,3,App,1,12,91.16,4,9.24,21.39,19.24,0.51,0.6,None,16.9,3
e22f9b6f-4ab6-4caa-99b6-7d47734ea698,2026-06-07,CUST-550171,3,-35,4,20.4,Technical,-1,20,IVR,2,8,88.73,3,2.07,19.3,18.96,0.34,0.94,None,29.67,3
40183a1e-4864-48dc-92ff-70b103025603,2025-08-14,CUST-839518,1,-67,4,47.3,Network,0,29,Web,3,9,82.52,2,4.47,6.65,2.42,0.42,0.71,Web to App,7.93,4
fcf38a26-0869-4fee-8c50-98995ab2d5e6,2026-03-09,CUST-816759,1,-40,0,66.7,None,-1,5,IVR,2,3,61.05,3,8.56,23.69,13.06,0.93,0.52,None,12.34,5
8cc0cea0-b1e8-4c22-ac64-56fb7141f980,2025-12-01,CUST-481456,1,-17,2,44.3,Billing,1,19,App,0,12,64.43,3,2.22,36.89,2.79,0.33,0.99,None,7.42,4
a6e98e14-8dd5-4787-99fa-06b2a796ab79,2026-06-19,CUST-534420,2,55,2,60.8,Technical,1,25,App,0,4,71.36,5,8.92,6.24,3.8,0.39,0.55,None,28.85,3
2bcdcffb-765c-4a14-bf08-089e5552fff5,2026-05-14,CUST-483846,3,47,3,51.8,Service,1,2,App,0,9,85.5,2,5.77,28.63,13.62,0.67,0.68,Web to App,27.32,3
1cdca68a-d71d-4941-afb3-73ea97068f0b,2026-06-13,CUST-286642,5,-24,1,30.5,Billing,0,21,IVR,1,6,92.54,3,9.28,19.9,14.28,0.31,0.93,None,28.66,4
3cd750cb-d840-46e2-9874-3f95ee477489,2025-11-18,CUST-428630,4,52,2,36.9,Billing,0,27,Web,3,7,87.61,5,6.77,20.88,18.5,0.29,0.56,None,10.66,4
d75b4059-5e7e-458a-9319-42c6ce771bd7,2025-12-15,CUST-832587,2,-89,1,5.9,Network,-1,21,App,2,3,90.86,3,2.08,28.27,1.06,0.53,0.51,None,12.32,5
05aaaa9b-068e-41b9-88f6-2003b619ded2,2026-06-05,CUST-850961,5,69,0,65.7,None,-1,17,Web,1,6,93.11,2,2.08,7.63,1.66,0.25,0.84,None,21.49,2
92f57544-fef1-4b46-9684-01dfbaea5fdd,2025-11-11,CUST-361882,3,25,4,29.7,Service,1,23,App,1,6,80.07,4,5.7,7.07,17.52,0.11,0.6,None,6.42,1
b3296009-1850-415e-b7ed-584e257ef119,2025-08-28,CUST-614427,1,-60,2,71.9,Service,1,29,App,0,10,70.74,4,8.22,11.62,18.52,0.61,0.51,None,15.84,3
a30236ed-ba20-4aeb-9dbc-8c7a798eee34,2026-03-07,CUST-409648,4,-26,2,29.2,Other,-1,19,Web,2,12,70.57,2,8.36,37.05,13.76,0.97,0.87,None,17.17,5
aa3b6f0a-6298-4e31-818f-1d1ad4ed5bf2,2026-06-09,CUST-380815,3,-64,1,21.9,Other,1,1,Web,3,13,88.81,4,7.25,30.67,18.3,0.4,0.55,None,27.75,3
5a61a7ab-fa68-41d3-bf5e-b3391457f9a5,2025-09-19,CUST-931578,3,-47,2,39.1,Other,0,9,App,2,2,71.69,3,1.41,8.47,19.4,0.68,0.62,None,19.12,2
e4c4ef2b-ba31-45ae-a84a-767e75e3eb34,2026-04-13,CUST-447179,2,82,2,37.8,Technical,1,11,App,1,3,86.41,5,8.11,32.43,10.54,0.77,0.64,None,28.78,3
4a81ae37-d113-4926-b3a6-ca5e4fec0286,2025-11-18,CUST-977465,2,-10,1,63.5,Billing,-1,16,IVR,3,3,74.06,4,6.22,33.43,9.83,0.68,0.89,Web to App,26.16,3
b6624d14-396f-4a10-a180-1baba189b981,2026-03-12,CUST-648277,3,52,1,63.3,Other,-1,4,IVR,2,10,87.7,5,0.13,9.05,6.46,0.8,0.64,None,16.46,1
19c4b784-121c-4885-822b-f517c45bda32,2026-05-28,CUST-838935,1,92,0,42.6,None,0,28,IVR,1,10,90.17,4,6.82,36.54,3.75,0.84,0.95,None,11.13,2
acabe5dd-a5a4-460a-8a70-731d4df9c44c,2025-08-06,CUST-946315,3,-35,2,63.2,Other,1,28,IVR,1,8,94.46,3,2.55,29.88,7.42,0.19,0.52,None,20.43,4
b61aeb45-78ba-46d3-95c1-f21c8513f246,2026-05-29,CUST-495415,2,11,0,22.4,None,-1,0,Web,1,3,62.55,1,8.31,34.31,3.27,0.67,0.96,None,16.82,3
36bcd494-55df-4857-ad31-027b8cb73f8c,2026-05-12,CUST-500997,1,8,3,57.8,Network,1,21,IVR,0,8,75.61,5,7.09,5.07,1.69,0.63,0.61,None,7.86,4
591e8a1b-6a26-4c74-8012-b3009354951c,2025-11-05,CUST-401942,2,-85,1,5.1,Technical,0,6,IVR,2,7,67.14,2,4.31,37.26,2.33,0.33,0.7,None,20.66,2
2446d0fc-528c-421b-9ac4-6e099a726143,2025-11-07,CUST-833307,4,-45,1,33.9,Other,1,1,IVR,3,11,94.32,3,8.82,32.44,10.95,0.16,0.85,None,14.92,1
4b7e9909-20a1-449a-9dcc-e615cf3116e3,2025-08-29,CUST-362084,5,-97,3,68.6,Service,-1,7,App,3,3,90.2,2,6.1,9.59,13.37,0.12,0.89,None,17.46,1
0f3a734e-b399-4340-96f4-115dd633cf6f,2026-03-02,CUST-714138,3,-88,2,6.9,Technical,1,21,Web,3,9,80.31,5,8.88,11.68,12.14,0.35,0.85,None,19.6,4
390b30c2-643c-469a-98b8-41b6afd1251f,2025-09-18,CUST-401878,2,10,2,19.7,Technical,-1,21,App,1,8,89.45,3,8.63,5.3,14.51,0.59,0.51,None,28.92,2
0890e193-40cc-4f25-80a6-94d97f153f2f,2025-10-06,CUST-434414,1,-52,2,46.4,Technical,0,10,Web,3,6,86.35,3,1.83,31.09,16.66,0.95,0.5,None,11,2
c5682d68-1dfc-4915-9d7b-dfe65dcea5cd,2026-07-08,CUST-206664,2,97,3,31,Service,-1,13,App,2,0,89.26,2,6.95,5.4,16.72,0.2,0.76,None,21.8,5
c0fa0edf-6a19-4460-a259-28242651c7dd,2025-10-19,CUST-697011,5,39,4,42.4,Billing,1,9,Web,2,6,78.96,5,0.46,34.84,10.55,0.36,0.9,None,19.62,4
3a51027c-ade3-4d6e-bf35-e8ae92425967,2025-08-26,CUST-582048,4,-23,4,13.2,Service,-1,15,App,2,2,65.55,1,0.75,26.59,13.58,0.65,0.72,None,17.47,5
d8112766-1b28-49e0-a078-ae1ff0cc4911,2025-11-10,CUST-992058,2,37,1,53.9,Technical,-1,20,Web,1,9,76.14,3,1.44,33.99,3.66,0.94,0.87,None,24.16,4
3ab34523-d1c3-4351-b3de-80c77c8cb043,2026-01-20,CUST-565634,2,62,4,13,Network,1,11,IVR,1,7,85.02,1,7.08,18.09,1.85,0.6,0.75,None,20.56,2
8cad1fc5-1e73-4f0b-ade9-d7e5baa269aa,2026-06-24,CUST-900424,4,23,1,33.6,Billing,1,11,Web,2,9,67.95,4,9.9,5.42,12.25,0.26,0.86,None,14.03,2
7a32fd57-7e57-4d34-b41e-0646af6a5dfb,2025-12-09,CUST-883556,3,74,1,46.2,Technical,-1,0,Web,1,1,66.5,4,3.75,37.99,9.41,0.95,0.6,None,28.2,2
4e18172d-dc2a-48f4-8152-6caca2ebf515,2026-06-10,CUST-801662,3,-90,1,8.1,Other,-1,8,App,3,7,62.74,3,9.93,13.23,15.95,0.47,0.97,None,13.87,2
5d1ac366-6fa7-4682-b6d6-6b07dcd81256,2026-05-04,CUST-217023,5,-64,5,50.9,Network,-1,1,App,0,2,72.4,4,7.66,15.48,4.19,0.46,0.51,None,14.89,3
2ae0ca16-136c-4133-9b9e-658c0821523e,2025-10-30,CUST-219757,2,-49,2,7.9,Service,0,11,Web,2,5,75.76,3,6.14,22.17,12.24,0.13,0.7,None,8.56,5
00181d9b-805b-4096-83c6-e10d1e4868dc,2026-07-04,CUST-637729,4,-4,1,16.4,Billing,1,15,IVR,2,0,71.48,4,2.89,21.99,4.58,0.87,0.64,None,25.58,2
d7ca84eb-3c42-46a3-bd8f-98fec38db568,2025-12-12,CUST-947632,4,-50,3,14.3,Technical,1,5,Web,1,11,77.45,5,9.85,5.89,11.27,0.96,0.63,Web to App,22.58,2
ab5c7a0d-dd00-4706-9771-c23164d0f020,2025-08-24,CUST-457794,5,-59,1,57.8,Billing,-1,26,App,3,1,78.98,1,6.19,35.44,15.67,0.81,0.57,None,14.84,5
64730705-d7d1-423a-bb87-9187db9bcfbd,2026-06-17,CUST-995753,2,-25,1,61,Billing,1,16,IVR,1,9,67.67,4,3.08,30.95,1.58,0.78,0.55,None,19.89,4
ca64a9b4-79e9-47dc-bedb-44e10b55fa4f,2025-11-12,CUST-725020,2,83,3,71.5,Service,-1,7,IVR,0,13,65.78,5,8.68,23.49,10.18,0.44,0.72,None,24.43,2
719e0ec3-fbd7-4525-ba11-4bdf93fecb9a,2025-08-28,CUST-629141,3,71,4,50.1,Network,-1,16,IVR,0,1,63,3,2.63,26.39,3.69,0.57,0.51,None,23.9,1
9154c018-2dc2-4d11-93ef-ece30389c32d,2026-05-13,CUST-274170,4,-10,1,39.2,Service,1,16,IVR,2,7,79.7,2,7.86,32.88,15.01,0.84,0.6,None,12.53,2
676e5983-f7c7-46a8-9f79-d9ff78660f4f,2025-11-04,CUST-154800,5,4,3,44.3,Network,-1,15,App,2,12,85.17,1,9.05,8.28,4.38,0.93,0.76,None,17.75,1
beb8438f-b3c3-45e6-8d2b-4ea2109a81b7,2026-03-20,CUST-927404,1,51,1,59.5,Technical,0,15,Web,1,10,90.93,2,3.09,8.05,17.25,0.32,0.68,None,25.84,2
573ce52e-ce1d-4c6a-ba77-89d74fbba8ab,2026-02-03,CUST-398676,1,54,1,44.1,Other,-1,15,IVR,2,4,63.41,5,8.13,26.77,14.73,0.35,0.83,None,17.73,3
6f4d05e3-7c67-4ed5-bd7c-7f78025313bb,2025-11-10,CUST-460225,4,29,3,14.4,Technical,1,7,App,2,5,65.46,4,1.26,13.65,19.94,0.9,0.51,None,15.09,4
17cc9102-0651-4979-87b8-57f31439b17c,2026-03-20,CUST-663071,3,68,3,29.2,Other,1,26,Web,0,14,78.7,5,4.77,37.8,11.31,0.3,0.93,None,16.63,3
054e2a01-3c1b-45fe-b84c-4bc51c53bb51,2025-09-28,CUST-274685,1,40,1,50.6,Service,-1,4,App,2,10,72.49,3,5.81,23.3,17.59,0.34,0.72,None,24.41,3
56a638bf-b497-47c4-8ae2-4f1c5ad02475,2026-03-12,CUST-779899,4,-56,2,42.8,Other,1,16,App,2,14,78.64,3,1.48,35.82,4.19,0.73,0.9,None,18.2,5
3a675057-a38e-442a-a830-f6ac4da91951,2026-07-07,CUST-934092,2,63,4,9.8,Other,-1,17,Web,0,6,67.09,3,1.6,35.22,19.04,0.13,0.65,None,11.91,5
9047ac4b-f2e4-4a1d-912a-fdcaa55be624,2026-06-19,CUST-521144,3,71,1,18.5,Technical,1,22,App,1,14,72.09,4,4.91,23.55,2.44,0.91,0.57,None,18.56,3
16e7bcf5-f4bc-49e7-a9ed-419d1430a27b,2026-03-18,CUST-860505,4,52,1,54.3,Network,-1,21,Web,2,7,84,3,9.86,37.47,4.09,0.59,0.88,None,8.51,4
2b7c0690-2e0f-4c04-9bf1-9ad52606ef44,2025-10-09,CUST-899478,5,-26,1,60.6,Network,-1,26,IVR,2,6,60.43,1,3.24,33.43,4.62,0.84,0.79,None,13.3,2
adb0ae79-bffb-4f43-84b6-8517d334cbe9,2026-01-08,CUST-424344,2,36,5,39.4,Network,1,16,App,3,5,70.64,4,1.08,23.6,3.4,0.22,0.88,None,24.04,4
648254fc-cb6f-41a0-9fd5-9913bfcc5154,2026-01-24,CUST-679373,3,57,5,26,Network,0,27,Web,1,5,82.32,2,4.4,20.2,19.27,0.33,0.92,None,20.63,4
325d887c-d61b-4c7d-91b6-c81989c563d6,2026-06-15,CUST-991243,3,63,5,55.6,Service,0,5,Web,3,6,63.74,3,9.45,5.29,14.13,0.5,0.61,None,23.79,2
ba58187b-11fb-4f8c-8b0a-f11a13ff33ce,2026-01-04,CUST-821832,2,5,1,30.8,Network,0,19,IVR,2,7,80.06,1,7.61,27.77,13.7,0.45,0.51,None,11.1,4
ec2ef884-dcb6-428c-b7c9-22f9080dac17,2025-07-25,CUST-865492,2,74,1,20.3,Billing,-1,17,Web,2,2,82.06,2,1.67,38.49,18.14,0.99,0.68,None,11.94,3
c8cece47-9380-4955-a8de-42e26a836387,2026-02-07,CUST-568725,5,67,2,44.8,Network,-1,29,IVR,1,5,78.66,3,9.85,11.16,15.01,0.72,0.72,None,28.4,2
89741579-7dde-4a56-bf4b-1720b709bae2,2026-04-16,CUST-368982,3,-74,2,25.1,Service,0,15,Web,0,8,78.28,5,2.91,11.33,2.58,0.79,0.9,None,17.81,5
df6dcb2d-8c70-4a59-b317-cf3757f4a16a,2026-05-25,CUST-674647,3,-100,3,17.5,Billing,-1,23,IVR,2,12,76.08,2,3.87,19.51,6.59,0.58,0.76,None,21.01,3
51c24d44-b70a-4eb3-b5a0-fd29943f5380,2026-06-24,CUST-820272,5,-2,2,3.8,Other,0,29,IVR,0,5,81.62,3,0.52,37.17,19.1,0.43,0.67,Web to App,13.89,5
8358a8bd-afb1-4268-a110-e5c4069ca15a,2025-10-19,CUST-778485,1,22,2,4.5,Billing,0,17,IVR,2,5,93.31,5,1.5,8.29,14.49,0.67,0.83,None,14.83,5
54398b66-db56-47eb-956c-ff14e0248758,2025-08-26,CUST-244821,3,91,2,62.1,Other,1,14,App,1,7,65.11,4,0.73,38.49,14.97,0.74,0.79,None,29.09,5
be069e13-c3fe-45bb-9d41-35351be09066,2026-03-20,CUST-697631,1,-1,0,63.1,None,1,1,Web,2,7,88.01,4,6.54,23.85,13.84,0.97,0.69,None,29.65,4
fa33298d-a544-4d05-84c8-f60af843f572,2025-12-20,CUST-250720,3,33,3,48.1,Other,-1,27,Web,0,11,79.24,2,0.41,32.71,7.16,0.98,0.9,None,15.25,4
2f4c7596-ce94-449e-9c5d-935b6cff415b,2025-09-26,CUST-436753,4,28,3,14.9,Other,-1,18,Web,1,3,85.43,3,6.54,37.21,4.38,0.35,0.63,None,6,1
c51e7423-0675-4676-9da7-62e789796557,2026-04-27,CUST-564312,3,-92,0,70.5,None,0,8,Web,1,10,60.07,4,0.98,16.56,10.93,0.65,0.53,App to Web,22.65,1
c037afdc-b23e-43e1-9db0-b03b31d33597,2025-08-12,CUST-610415,2,75,2,33.8,Service,-1,20,Web,0,5,69.74,2,4.2,38.08,10.97,0.98,0.52,None,16.71,2
5f0d2d86-acd0-42e5-8a59-285a43615a5e,2026-02-15,CUST-186024,1,2,1,48.4,Service,-1,7,IVR,1,4,83.81,1,7.36,22.53,8.04,0.74,0.5,None,22.35,3
b0bcc410-8f79-4813-9d19-73d80507b165,2025-08-28,CUST-680790,1,-82,3,37.5,Network,-1,1,IVR,1,5,67.55,4,1.89,37.22,18.9,0.86,0.62,None,13.58,2
5253f51b-6b27-4367-b073-e5f2b6edf877,2025-11-28,CUST-564772,4,-42,3,10.4,Service,0,29,App,0,9,71.57,4,6.52,27.47,9.56,0.75,0.98,None,21.03,2
84d4cc0f-a831-4989-b9db-897c5418facf,2026-03-11,CUST-377950,2,16,0,23.5,None,0,4,IVR,0,11,60.76,2,9.4,36.92,17.53,0.99,0.87,None,12.98,3
02c0afc6-ea06-41ae-be62-35f729fe6e50,2025-11-12,CUST-960649,3,-32,5,63.3,Billing,-1,14,IVR,3,10,67.01,3,7.82,34.04,12.97,0.23,0.53,None,22.71,2
33c22cf9-0cd8-4134-93eb-38592ab81462,2026-07-09,CUST-240405,4,1,4,58.9,Other,-1,14,IVR,3,10,91.27,3,7.33,30.4,4.23,0.76,0.9,None,21.55,3
fb25051f-1dd8-429d-b604-9a0477527e81,2026-01-04,CUST-395034,1,42,0,54.5,None,1,3,Web,1,1,89.41,2,4,35.5,16,0.65,0.79,None,9.72,2
608387b1-60ff-469e-8980-b13ab1826e6a,2026-02-12,CUST-760418,4,-8,2,21.3,Billing,0,29,IVR,2,13,64.32,2,2.31,28.68,19.38,0.13,0.72,None,9.82,2
4d251e9c-2124-4433-a64b-3766b66b8464,2025-09-17,CUST-825237,1,-66,4,71.5,Network,0,22,App,3,12,74.6,5,0.22,33.63,6.39,0.51,0.57,None,7.4,1
44d3c8b4-a097-4410-b1a9-3b146a9e4c33,2026-04-27,CUST-740604,4,71,3,19.3,Technical,-1,20,Web,1,8,60.25,1,8.53,13.48,4.92,0.19,0.7,None,8.79,1
f933537b-2160-40ea-b5c3-4b25d1b0c527,2026-02-20,CUST-620770,1,24,2,67.7,Technical,-1,29,Web,1,12,86.12,5,0.24,32.11,15.34,0.19,0.62,None,13.36,4
11c4ffa6-dad5-4925-9c70-aaf66d971505,2026-01-09,CUST-326732,3,14,1,52.9,Technical,0,19,IVR,2,13,69.79,3,7.91,28.71,17.76,0.32,0.58,None,28.26,3
aeac4a30-f0c0-4ac5-9fb3-d6ba8db1af96,2026-05-28,CUST-961701,3,76,2,32.5,Other,-1,12,IVR,2,7,63.96,2,9.71,5.57,11.09,0.82,0.72,None,20.81,2
fd15a14e-18c1-490e-a290-f291722d8db4,2026-01-01,CUST-864738,1,55,3,46.7,Billing,0,18,App,0,7,83.5,3,0.29,39.75,12,0.49,0.61,None,29.12,3
72ba4dca-21b6-48e6-a5e1-decfec53e7be,2025-10-28,CUST-838181,2,-7,4,45.5,Other,1,7,Web,0,2,83.22,4,2.83,20.64,16.59,0.74,0.55,None,29.2,3
c9ab89fc-ce85-4022-b011-82b8d18aa225,2026-03-22,CUST-582029,4,-82,5,46.2,Billing,-1,23,Web,3,11,63.69,5,1.96,23.69,13.26,0.64,0.63,None,20.81,4
3c327b78-d8cc-462f-9ec4-fde528e50343,2026-04-01,CUST-452935,2,-58,1,23.9,Network,1,21,Web,1,7,72.06,5,9.69,38.22,14.89,0.36,0.57,None,17.13,4
823f4cf8-6496-4a85-85c9-80bdc7cb837f,2025-08-22,CUST-704929,1,19,4,7.3,Network,1,4,IVR,0,2,77.18,2,8.02,33,17.11,0.73,0.66,None,27.3,3
505322aa-77d4-4618-b2fb-2c2e765a25bd,2025-08-04,CUST-236223,2,-95,0,70,None,0,12,Web,2,0,89.75,3,0.64,32.99,7.13,0.99,0.58,None,25.3,2
a3789ccd-23f3-4e74-9b01-816c019ff803,2026-02-26,CUST-837986,5,88,3,48.4,Billing,-1,1,App,1,14,83.28,2,7.4,6.22,2.12,0.49,0.73,None,17.78,3
3290deb6-6bd1-4e01-be83-669498323cdb,2026-03-09,CUST-796610,1,75,3,12,Service,-1,1,IVR,3,2,90.53,3,1.06,5.38,1.75,0.95,0.92,None,19.81,5
17d400cd-19c8-459b-97ec-20d9c7a6fc5c,2025-12-29,CUST-468343,2,-82,2,8.9,Network,-1,11,App,0,2,87.75,2,2.49,17.9,16.32,0.53,0.63,None,20.76,5
73da77a8-9c03-4959-a2fc-39b5567a4c92,2025-10-27,CUST-959578,4,51,3,71.2,Billing,0,20,IVR,0,9,65,5,6.1,8.75,12.85,0.92,0.86,None,22.46,4
4a4aab51-2ea9-4a21-bba8-9bd99093ca4e,2025-12-19,CUST-588107,5,-71,2,54.3,Network,0,24,App,3,0,76.16,4,3.89,37.08,13.46,0.17,0.95,None,28.48,4
61889777-27f0-4542-8135-fb1ad87c81af,2025-12-02,CUST-625449,3,38,3,47.5,Billing,-1,0,IVR,1,4,65.44,2,9.12,8.07,17.98,0.16,0.64,None,26.96,4
73454edb-bb06-4e64-a03b-e5051667390a,2025-11-02,CUST-347232,4,-31,1,51.3,Other,-1,3,IVR,3,9,64.78,2,4.43,17.85,8.18,0.23,0.91,None,18.07,4
30c73182-a2d2-4c27-aa62-5d6fe80d16a7,2026-03-24,CUST-538700,4,-26,1,25.3,Other,0,20,App,2,8,66.26,2,3.18,8.6,8.2,0.2,0.62,None,10.07,4
d435cf7d-5987-4956-a159-8f718a3c52d5,2026-05-24,CUST-741490,3,84,4,12.6,Billing,1,11,IVR,2,8,64.37,4,5.08,34.74,15.45,0.91,0.83,None,26.68,5
a9b4a0b7-8521-452c-95bf-fe1ba5445ad6,2026-05-22,CUST-992873,4,5,3,15.3,Billing,0,28,IVR,2,12,73.62,4,6.33,35.12,15.2,0.91,0.78,None,17.99,4
581606a3-617e-42f1-98fc-84e20bea9705,2026-02-07,CUST-864934,3,93,1,43.9,Network,1,30,App,1,1,82.61,1,2.46,7.49,5.01,0.94,0.86,None,14.81,3
be818a96-8fdb-4e32-848c-56e81ce9935f,2026-05-02,CUST-140449,2,93,2,56.1,Technical,1,2,App,0,14,74.8,4,2.96,22.69,10.54,0.49,0.64,None,11.91,3
4498aea6-ac4e-4ba1-bd9d-58d2a28e2ce6,2025-12-23,CUST-114786,4,-82,2,28.7,Network,1,24,IVR,1,4,66.13,3,6.76,8.38,8.54,0.18,0.52,None,6.21,1
a079502b-081a-4409-9555-1802d1419973,2025-10-16,CUST-346909,4,-27,1,11.5,Service,0,5,Web,2,11,89.38,2,1.57,17.82,11.22,0.74,0.74,None,17.27,1
5690969b-6313-4e16-b555-a6ebb3f378ae,2025-11-03,CUST-169052,4,11,2,61.9,Network,0,1,App,2,4,88.47,3,6.29,25.63,2.6,0.34,0.64,None,23.43,4
6e57a2cc-6c2b-47f8-ae27-ee9ffff1dd19,2026-01-07,CUST-921557,2,94,2,64.3,Billing,1,11,IVR,1,6,79.13,4,1.43,6.91,19.14,0.73,0.78,None,19.88,4
47e54ca0-419d-4372-9077-b86c9ef928ad,2026-02-28,CUST-660024,1,-27,3,36.1,Network,1,29,App,1,5,77.72,2,6.42,19.68,2.74,0.16,0.54,None,5.39,5
eac44fac-2e2d-4acb-af83-9edb0e16eb4a,2025-10-11,CUST-314160,3,-18,5,34.9,Service,0,22,IVR,3,9,89.6,2,5.97,7.31,16.43,0.46,0.87,None,10.11,4
0bf18b51-1365-491e-afba-1a0801c7623d,2026-03-23,CUST-499246,4,-67,5,3.6,Technical,1,26,IVR,3,4,71.02,3,0.2,28.39,8.52,0.73,0.85,None,7.98,3
b91cd792-d0ad-4625-81ce-3977610e4421,2026-06-06,CUST-980666,1,49,1,49.7,Technical,1,25,App,2,5,66.92,2,4.97,17.26,7.18,0.78,0.68,None,18.99,1
b438d2bf-3621-4de4-9492-d35d96c28aec,2026-01-09,CUST-281996,1,-90,1,48.5,Billing,1,26,Web,0,12,79.23,4,0.68,34.69,8.49,0.47,0.98,None,14.29,2
54fa1ec1-410c-4e2d-9744-1e902d94e6d2,2025-08-11,CUST-573162,2,-97,4,20,Network,-1,16,App,0,1,72.62,4,2.56,34.31,7.45,0.66,0.69,None,12.47,4
f17b8a79-8e85-4b5c-b890-85b1156bb81a,2026-06-12,CUST-304663,3,28,0,51.7,None,0,21,App,1,1,77.98,1,9.26,10.57,12.02,0.27,0.9,None,29.09,3
fa589ff9-7547-42e4-8ce0-ba3036992ff3,2026-04-18,CUST-730036,1,47,3,60.8,Network,1,18,Web,2,1,67.62,4,0.38,16.79,6.66,0.21,0.55,None,7.87,2
2fab8fe6-240c-468f-913b-173bfaea5975,2026-03-14,CUST-557908,4,-74,5,5.5,Billing,0,16,IVR,2,11,70.69,3,2.19,14.59,5.19,0.56,0.58,None,15.22,2
e8557091-1181-4a42-831d-a1eccd9aa91a,2026-03-09,CUST-737991,3,-37,5,32.6,Billing,0,17,Web,1,5,94.16,4,5.48,10.25,11.16,0.77,0.93,None,9.57,5
0f59b9ac-2d32-4fb3-b929-e5ca57a7abc6,2026-02-01,CUST-341784,4,-64,2,62.9,Service,1,17,IVR,0,13,70.18,3,3.3,32.72,16.87,0.64,0.54,None,26.41,5
1ab4688a-fe9b-42a8-9a38-ea6aeb31e144,2026-07-16,CUST-351901,3,-6,4,64.2,Network,1,11,Web,1,9,87.83,3,6.87,10.35,1.14,0.27,0.72,None,17.04,2
a2bb7526-6778-4089-81c4-fdc09f9ea441,2026-01-26,CUST-742171,1,30,3,5.7,Billing,0,11,Web,0,8,65.13,4,2.87,23.24,5.12,0.91,0.94,None,20.29,4
a267cd9f-d33b-4e53-8023-f8e66256ad73,2026-07-17,CUST-226463,4,7,2,68.9,Other,-1,22,Web,2,6,82.38,3,6.04,27.36,4.13,0.2,0.74,None,19.94,5
a66c74b5-bd25-468b-9847-515909014af6,2026-05-11,CUST-196822,1,-14,1,21.8,Technical,-1,29,App,1,11,72.54,1,0.55,39.03,16.38,0.82,0.79,None,17.94,2
be7088e1-0fb5-400b-ac11-50958bbdccd9,2026-06-01,CUST-352335,2,-19,0,6.1,None,-1,12,Web,2,1,79.49,2,8.97,12.64,10.96,0.89,0.91,None,10.46,2
f9eb3ddf-5497-4ac5-96fc-a696ae631446,2026-05-31,CUST-377451,4,12,4,20.6,Network,0,10,IVR,2,7,70.39,1,5.64,15.05,1.59,0.76,0.73,None,13.54,2
9e9b28cf-2e8d-40ef-afab-9ae8cd581c81,2026-02-02,CUST-989065,4,-53,5,7.1,Billing,-1,15,App,3,8,79.11,4,6.73,33.85,10.05,0.79,0.6,None,22.73,3
297b4895-7bf6-4a2e-9e4b-1bf785516226,2026-06-20,CUST-978635,5,8,0,24.7,None,0,25,Web,0,11,68.11,2,4.59,29.11,5.74,0.78,0.71,None,15.2,1
654213a3-f025-45aa-93cb-d5fa27049fd2,2026-01-09,CUST-515811,3,64,4,53.6,Other,-1,24,Web,1,7,88.58,2,2.38,9.62,6.37,0.85,0.63,None,5.55,4
90bb0269-400b-424a-92ee-77705b022a4e,2026-01-19,CUST-125903,5,-76,4,6.2,Technical,-1,13,Web,2,0,81.25,3,9.2,29.01,5.88,0.81,0.81,None,12.98,3
753e6501-c366-41f6-935d-bc71b791aee4,2025-09-29,CUST-123932,3,23,5,42.5,Other,1,25,Web,1,7,79.42,5,9.19,10.95,12.93,0.24,0.86,None,8.57,4
61846a86-3c8f-4e84-996b-b3b0365055f8,2026-05-31,CUST-878951,2,30,0,37.3,None,1,0,App,0,10,92.59,2,7.64,16.19,7.93,0.16,0.51,None,24.16,3
19a5ae59-4b74-4d12-9aa1-4b04e2ac9919,2026-04-27,CUST-629094,5,-51,0,3,None,0,9,App,2,4,84.97,3,1.98,26.87,15.31,0.8,0.71,None,8.13,4
fc32ce1c-fef5-475b-a5e4-4a7d8cdba16e,2025-12-19,CUST-641199,3,63,0,13.4,None,-1,27,App,1,5,72.92,2,2.63,18.53,5.62,0.5,0.63,Web to App,7.8,2
f6a92b9d-e563-466c-9ccb-b3a331329578,2026-03-03,CUST-437009,2,6,4,4.9,Technical,1,3,Web,1,2,84.03,5,8.41,15.78,11.11,0.62,0.83,None,19.97,2
c63081cf-5ed1-4ec4-acf0-87be031fb689,2025-09-30,CUST-946236,1,-2,3,53.6,Network,-1,10,Web,2,6,83.1,3,4.99,33.84,1.59,0.68,0.81,None,10.42,2
50155c5c-03d5-41a0-b4e0-a8f3199e2a4c,2025-08-07,CUST-283605,2,71,2,38.3,Billing,-1,24,IVR,1,3,80.27,2,5.91,22.49,2.97,0.53,0.66,None,27.89,4
91163fbb-3106-4444-8a39-f0d447e9a56f,2025-08-01,CUST-570690,5,36,2,62.3,Service,1,5,App,1,14,72.38,4,7.72,8.39,9.68,0.38,0.86,None,12.18,3
5b3e72a5-dfa9-4ee3-9ed9-8abd017b1b02,2025-08-04,CUST-603864,5,81,3,66.4,Other,-1,4,IVR,3,12,78.73,4,6.79,38.65,18.01,0.59,0.6,None,10.2,4
dc00c2e8-e10a-461b-8352-4a3763f07a6f,2025-08-21,CUST-842013,3,-77,4,18.8,Other,0,4,IVR,1,10,77.77,2,0.63,21.41,18.95,0.79,0.79,None,14.62,3
ba137e8c-929f-467c-ab1d-93a4a0fb6627,2026-03-11,CUST-991529,2,31,1,3.9,Technical,0,22,Web,2,12,62.31,2,1.03,5.56,5.16,0.35,0.52,None,18.71,5
9169e1c6-db31-4f4f-a039-8a3ba9e8d75a,2025-08-05,CUST-346290,3,55,2,33.3,Other,0,11,IVR,2,13,93.63,2,6.78,26.22,8.23,0.61,0.76,None,18.16,5
4a41acbb-9811-40e5-b3f4-c05a92e4633c,2026-03-27,CUST-767670,3,13,2,71.3,Network,1,13,IVR,1,10,74.75,3,0.74,15.84,12.77,0.11,0.65,None,17.2,3
89179f0b-bb1a-4c61-9863-5b76fe7c4851,2026-03-10,CUST-341800,5,-55,1,8.5,Network,0,16,Web,0,4,90.72,2,7.93,11.32,12.74,0.32,0.77,None,20.24,2
502858b5-0718-424b-979b-20437d1df1cb,2025-10-02,CUST-221789,2,-60,2,8.7,Service,0,20,App,0,5,64.09,2,6.05,31.13,3.57,0.36,0.73,None,19.15,3
56005d32-ebac-4e2a-ad96-dabce937dace,2025-12-27,CUST-232125,4,-91,1,12.6,Billing,1,10,App,2,9,84.04,5,1.16,12.63,8.86,0.79,0.54,None,26.07,2
096baa3a-649d-4b4d-b8cb-2b02283acc02,2025-09-18,CUST-470481,3,38,1,15.9,Billing,1,16,App,1,1,66.07,5,5.45,39.34,3.69,0.38,0.97,None,22.86,2
3832f442-35f8-4501-b180-c1eb98a36e7e,2025-11-04,CUST-737767,2,91,5,32,Billing,-1,29,App,0,1,91.15,4,9.69,39.15,2.63,0.49,0.72,None,14.72,3
a787f360-389a-48bd-b27b-1b0a38295436,2026-07-11,CUST-373144,4,-55,2,41.6,Billing,1,1,App,3,2,82.52,2,6.16,12.84,16.92,0.91,0.82,None,6.39,4
51b57443-abc7-4e7e-aa4d-2b47815f0063,2026-05-28,CUST-346224,5,-13,3,30.9,Technical,0,3,Web,1,2,84.12,2,2.32,38.2,1.29,0.26,0.77,None,9.85,4
2252040b-c2fd-4b6c-afa7-b304120e8b87,2026-02-17,CUST-264658,2,-34,4,50.2,Other,0,17,App,2,11,70.91,3,0.49,5.06,9.09,0.38,0.52,None,16.73,3
a9d23a8a-3563-408c-91d0-705f2f971dec,2025-11-16,CUST-503633,2,-56,4,63.1,Other,1,3,App,1,13,87.68,1,0.86,17.98,14.22,0.7,0.6,None,21.17,4
98b6e0b3-02cd-4481-8f35-b80c20ecf2ff,2025-09-29,CUST-427873,4,-9,3,67.6,Service,-1,2,Web,1,13,89.2,3,8.04,35.02,14.16,0.47,0.57,None,17.29,2
c874998e-e7be-4026-a661-79118e4b4732,2026-02-23,CUST-947672,4,-2,0,7.8,None,-1,23,App,1,1,69.66,3,1.17,38.12,14.22,0.68,0.89,None,6.69,5
1ade25b2-0398-497a-a17e-9dd78e209484,2025-11-06,CUST-460882,2,-9,3,53.3,Technical,0,20,App,1,5,94.35,1,6.31,37.65,9.98,0.51,0.8,None,25.75,3
1e1153a9-dc72-4f33-9371-dcae332a5c44,2025-09-16,CUST-596468,2,22,2,57.4,Service,-1,27,Web,1,10,60.23,3,0.12,21.24,7.6,0.18,0.92,None,29.13,1
03fb7e1f-a3bb-4a3b-a3e7-e89d52257538,2025-08-01,CUST-443878,5,-67,2,35.1,Other,1,6,Web,1,6,82.93,3,8.73,39.76,13.63,0.81,0.53,None,12.61,3
e7b9b00c-e6d5-411a-8460-ae66ca5dd202,2026-05-18,CUST-327215,5,32,2,21.9,Technical,0,8,IVR,1,6,84.67,5,9.5,11.02,1.54,0.84,0.84,None,15.98,3
fc8f29cd-abef-48a6-a14e-a6abfc24b984,2026-01-09,CUST-552563,5,61,5,27.8,Technical,-1,4,IVR,0,2,62.05,5,7.29,30.8,17.12,0.39,0.72,None,26.14,3
c6a8ea00-a79e-4f77-9275-18d932cff05e,2026-02-01,CUST-361439,4,17,3,25.7,Billing,0,6,App,2,3,76.42,3,0.63,10.61,1.5,0.78,0.81,None,6.53,2
69b2a2d2-9cb7-466d-9d69-420eb1d9607d,2026-07-05,CUST-908076,1,-6,5,49.5,Technical,0,13,Web,1,12,72.99,3,3.91,22.73,5.43,0.25,0.84,None,23.65,4
3905e8c7-3763-46b1-a0d7-ac2c2189abc2,2026-03-30,CUST-429220,2,35,4,22.2,Technical,-1,28,App,1,5,74.19,5,1.92,27.7,19.49,0.39,0.6,None,13.15,1
fa9d3795-a2aa-4666-a960-8c6c10fae9a1,2025-08-24,CUST-869947,4,50,5,21,Service,1,25,App,1,4,74.03,4,9.62,34.08,5.14,0.28,0.96,None,29.48,1
d91115e1-4c7a-404f-9c99-b68aaa636b91,2025-10-11,CUST-498320,2,-20,1,46.2,Other,-1,5,App,1,9,76.7,3,2.49,12.16,2.87,0.35,0.87,None,5.97,3
97173565-2070-490c-86a7-b997a298ced0,2025-11-27,CUST-199156,2,51,4,35.3,Other,1,9,IVR,3,11,69.23,2,1.74,30.69,18.54,0.66,0.96,None,5.88,3
745bbf94-436d-433e-b272-d303db56063b,2026-06-21,CUST-119294,1,43,0,68.9,None,1,17,App,1,11,77.39,2,1.84,22.31,15.22,0.7,0.86,None,11.98,2
a1d9215e-915a-4f48-95f7-011ef6c1e35d,2025-11-02,CUST-523982,4,81,1,50.3,Technical,1,4,IVR,0,2,86.57,3,9.87,27.92,13.07,0.26,0.86,None,22.42,4
10c577b3-3da4-4d11-bebf-89774a49c72d,2025-08-28,CUST-121552,1,-91,0,19.9,None,-1,24,IVR,2,3,89.01,3,0.11,11.86,1.69,0.56,0.66,None,6.16,5
f7b92235-5d57-4eb5-8a5f-7200ef266ce5,2026-03-26,CUST-904266,2,58,1,14,Service,-1,26,App,0,4,79.53,1,9.07,9.23,3.54,0.39,0.93,None,11.07,4
500259ca-8281-48f4-a4cf-5da9b72c251d,2025-12-24,CUST-217951,4,0,1,30.8,Other,-1,2,IVR,3,0,81.8,3,5.47,15.37,1.27,0.91,0.75,None,5.97,5
89f7c162-00b1-49bd-8be8-25b370cc5316,2026-05-30,CUST-405612,4,9,3,51.4,Other,-1,10,App,3,3,88.95,2,3.52,6.45,14.61,0.57,0.7,App to Web,22.26,3
2049d929-8ff6-4730-8465-5c0c7b6bc079,2025-11-14,CUST-959440,5,-9,4,50.3,Technical,0,28,IVR,1,1,60.57,4,0.31,9.29,5.57,0.99,0.94,None,17.72,4
194f0a8a-3936-4e35-abdd-8f2606f7a27f,2026-06-07,CUST-552846,5,30,2,4.7,Other,0,20,IVR,0,1,73.53,5,4.46,5.68,10.54,0.13,0.88,None,12.97,4
a117bdbc-1030-4aa9-9006-446e0df6a4de,2026-05-17,CUST-705812,4,89,3,3.6,Technical,0,8,App,0,12,80.23,4,2.06,17.49,16.42,0.42,0.83,None,21.24,2
4ad3ff52-bcf8-4ca0-9b4f-034b8dcfdd27,2026-04-08,CUST-628398,5,71,4,25,Technical,0,14,Web,2,3,81.33,2,9.8,31.74,14.56,0.5,0.5,None,5.98,2
f1ff9708-519d-4c2d-baf3-bba14abc65eb,2026-06-06,CUST-652767,2,79,3,26.3,Billing,-1,4,App,3,13,71.74,2,7.35,37.58,18.09,0.38,0.54,None,18.63,3
3bcd70c5-77a9-499a-8413-f9b1817c6619,2026-02-23,CUST-494459,2,-71,4,1.8,Network,1,17,IVR,1,8,71.37,4,5.76,19.28,12.58,0.41,0.86,None,8.64,2
c2d034d6-bc53-4839-a897-24daffde9007,2025-11-17,CUST-115566,5,-65,2,62.9,Network,1,22,App,1,5,88.35,3,3.59,10.71,9.12,0.61,0.6,None,8.75,3
30d34271-253c-4b87-97ba-1bfb1b3920b5,2026-04-29,CUST-445800,2,92,2,49.9,Technical,0,9,App,3,13,61.6,2,8.46,33.73,2.82,0.4,0.85,None,11.5,1
16887130-d8ba-4cac-9029-957dab2c8b9a,2026-01-10,CUST-439623,1,42,2,11.2,Billing,0,15,App,1,14,82.72,4,1.82,33.76,5.63,0.99,0.64,None,23.34,5
6437b0be-436f-413b-9d71-417b15690182,2026-05-31,CUST-371143,1,34,1,17.4,Billing,-1,6,Web,1,5,94.91,3,8.97,22.83,3.06,0.54,0.86,None,21.93,1
da108d5d-89ed-4e5f-9766-0334e44b7c62,2026-04-02,CUST-307624,2,-80,3,8.1,Billing,1,23,IVR,3,0,92.54,2,8.83,24.11,3.93,0.12,0.78,None,28.47,2
6b16ff06-5ca2-48de-9dea-64541c759110,2026-03-15,CUST-425101,5,65,0,49.7,None,1,24,App,3,13,70.69,2,9.62,13.02,1.92,0.95,0.59,Web to App,14.96,3
32fa79df-b272-4e6d-8798-96b1587d5c15,2026-02-20,CUST-476469,1,-7,3,60.8,Network,-1,9,App,1,8,64.66,2,3.25,12.07,18.12,0.5,0.79,Web to App,8.31,4
8c6ab30c-8ea9-47ec-ae92-7b9ca85485de,2025-11-29,CUST-571440,4,-91,0,44.5,None,1,11,IVR,1,3,91.51,3,6.07,8.07,11.62,0.99,0.89,None,22.02,4
428564d8-8ec3-4a88-a25c-a671ae422629,2026-03-11,CUST-391139,5,-8,0,28.1,None,1,26,App,3,8,68.11,2,7.61,16.84,11.23,0.17,0.66,None,24.22,4
8a4ec6b4-c818-489f-9d4a-04b84605d1ad,2025-12-25,CUST-872645,3,-91,4,18.5,Network,1,22,Web,2,4,91.65,3,1.15,26.02,12.66,0.63,0.93,None,16.05,3
f0b1d732-d73f-4ecd-93e5-2d8c9626c084,2026-01-27,CUST-748105,3,-85,1,7.7,Network,1,26,App,3,8,86.21,4,6.12,16.8,8.36,0.5,0.59,None,12.66,4
335c3928-e262-4c47-a79f-1071e3abb6d6,2026-04-25,CUST-984135,4,-56,1,61,Technical,-1,11,Web,1,4,76.52,2,6.7,9.33,10.42,0.29,0.74,None,12.5,3
933b4c5a-aad5-46b8-82d9-b954052c4da5,2025-09-11,CUST-123872,3,87,0,19.4,None,1,21,IVR,2,7,72.45,2,5.06,37.27,10.33,0.66,0.9,None,25.28,2
fd6f7a5c-f7fe-48d0-bb42-39e312424200,2025-11-27,CUST-331989,3,13,1,48.4,Service,-1,13,App,1,10,92.98,5,9.72,24.63,12.91,0.27,0.86,None,5.64,2
252c939f-b07e-40e9-805e-e7291a715895,2025-12-29,CUST-103101,2,52,3,18.4,Technical,0,28,IVR,1,6,73.11,2,6.72,24.38,17.49,0.69,0.94,None,9.25,3
8ca3afc8-7e37-482d-a761-d86fdc45710a,2026-04-12,CUST-814722,2,-52,0,57.3,None,-1,26,IVR,1,6,74.28,4,6.1,19.97,6.54,0.46,0.73,None,12.38,4
b0c5cdb0-9939-4530-982d-69967252db5d,2026-05-30,CUST-576311,4,63,2,43.3,Technical,1,11,Web,2,7,64.44,5,6.24,36.35,10.2,0.26,0.52,None,12.58,1
7d04ee0e-1de4-4831-8b36-065249ba3ae7,2026-06-25,CUST-635134,2,-40,0,52.3,None,0,7,Web,0,11,76.32,3,9.96,34.79,9.48,0.54,0.79,None,25.55,4
08f1d005-7e9f-4d73-bc76-2210fcc4854f,2026-05-09,CUST-605468,1,-86,4,71.7,Billing,-1,14,App,0,7,74.51,4,2.36,32.53,14.1,0.27,0.63,None,9.37,4
bee5fc82-2f66-49ff-83cd-cd236fcdea23,2025-12-11,CUST-591309,1,66,1,34.7,Network,0,19,Web,3,6,62.62,2,0.47,24.6,10.65,0.76,0.97,None,5.55,1
5c5748e4-aefa-443f-a940-08ea5d7c7040,2026-07-17,CUST-872930,3,59,2,40.8,Billing,1,20,Web,1,12,64.98,2,2.66,19.05,13.07,0.44,0.51,None,11.13,4
1d8214bc-bd0e-4fa4-b673-bf3bdaf8c86e,2025-10-21,CUST-558173,4,46,1,65.7,Other,0,8,IVR,1,9,89.34,5,7.44,29.74,18.88,0.69,0.97,None,10.21,5
23282877-be02-4250-a8ae-2f4c85eb920f,2026-03-03,CUST-496757,3,-65,0,28.2,None,1,24,Web,2,11,77.21,3,8.32,26.99,11.09,0.64,0.62,None,15.56,3
3c137f28-d03c-4d4f-a652-c569a58bd0ed,2026-02-03,CUST-228889,1,-4,1,15.8,Other,-1,21,App,3,5,72.98,2,4.42,26.47,7.5,0.67,0.95,None,13.77,5
46a21505-d50f-403d-a44d-674f3c6c5ad3,2025-08-24,CUST-932322,3,-46,0,16.7,None,1,9,App,0,9,87.14,1,5.3,35.7,15.18,0.47,0.77,None,29.3,5
30226022-6b3d-4164-8c5e-d6f31366b05c,2026-06-01,CUST-348341,1,-62,5,51.1,Network,1,23,IVR,3,12,84.22,1,5.7,19.86,19.99,0.8,0.83,None,17.81,1
e724fad4-aa5c-455b-99f7-c99079204b5e,2025-09-12,CUST-648872,2,-69,0,13.9,None,-1,21,Web,2,12,71.05,2,5.02,29.19,12.14,0.65,0.77,App to Web,16.76,3
63ed9045-c219-4841-98a3-6e457ebc799f,2026-04-03,CUST-937435,4,55,5,16.9,Other,0,14,Web,1,6,62.82,3,7.29,19.9,6.74,0.34,0.87,None,11.6,3
0b16d10d-8081-4311-923d-059a7d63e5ab,2025-12-16,CUST-295488,1,80,2,8.6,Billing,-1,22,IVR,1,3,75.61,2,1.66,22.42,10.43,0.62,0.77,None,29.31,2
9badcb68-45a3-435b-a4cb-bf05583537f7,2026-06-27,CUST-588843,3,-71,1,56.5,Service,0,6,App,2,6,85.97,5,4.05,28.11,2.37,0.21,0.83,None,5.74,3
86516291-6ac0-4755-a352-25b97d723213,2026-05-30,CUST-707655,2,-53,5,66.4,Service,-1,6,App,2,10,94.12,2,5.82,9.04,16.46,0.94,0.84,None,17.1,3
8966292a-58af-423a-8216-77643d13418a,2025-08-29,CUST-579641,2,-25,3,40.1,Other,0,8,App,2,12,76.29,2,2,19.49,19.65,0.33,0.85,None,15.17,4
570f8f84-110c-421d-838f-3c74c2a6a65e,2026-04-05,CUST-773411,2,-52,0,67,None,-1,21,IVR,2,8,74.05,2,9.5,7.21,9.66,0.73,0.92,None,10.34,4
2a3c5b1d-e42f-4f11-8b34-8b690f1c676e,2026-04-27,CUST-747616,4,-100,3,55.2,Technical,-1,3,Web,3,8,86.14,4,2.05,38.88,7.66,0.18,0.64,None,7.3,2
73324d54-bd7a-4b45-815a-99cfe27698a2,2026-06-25,CUST-919859,5,65,1,64.5,Service,-1,20,App,0,9,80.6,5,4.66,22.16,11.84,0.23,0.89,None,6.18,4
0a54b99c-3b04-41c0-9ec3-046a5620486e,2026-07-25,CUST-115346,2,-46,4,14.8,Service,0,12,App,2,10,79.38,3,8.34,36.88,18.25,0.43,0.88,None,18.98,1
fb7b5799-30a8-4b44-a7f1-d46285341154,2026-03-21,CUST-368197,5,-33,1,46,Other,-1,4,Web,3,6,93.61,2,8.43,34.17,10.85,0.51,0.81,None,22.87,5
6b11dfe1-2e22-4192-b5be-fe991f2d2e90,2025-08-09,CUST-240537,3,9,1,38.1,Network,-1,29,IVR,0,7,63.13,5,9.89,8.88,13.45,0.59,0.76,None,14.58,3
976db165-4b66-4526-ac47-410b403001eb,2025-11-15,CUST-383730,2,63,2,6.2,Service,1,8,App,0,9,66.89,2,0.95,22.12,10.98,0.6,0.81,None,10.05,5
80c29702-1344-4ae3-bb71-556b74d43cde,2025-12-09,CUST-318101,4,-80,2,31.3,Other,-1,15,App,2,7,62.22,2,8.18,5.51,5.1,0.66,0.84,None,20.78,2
f371987d-a020-4505-8f5f-ac031fa6ea19,2025-10-07,CUST-601230,3,-45,3,36.9,Network,1,11,App,1,1,63.39,4,6.36,13.09,5.66,0.93,0.61,None,12.68,3
21024100-8782-44a0-a11b-642b2ba00d34,2026-01-26,CUST-769393,2,95,1,45.4,Other,1,20,IVR,1,10,92.48,4,0.38,21.72,14.87,0.12,0.63,None,28.23,4
70412844-0ec1-44ed-a29b-f7834620f900,2026-05-20,CUST-625462,2,74,2,15.4,Technical,1,12,IVR,3,7,70.68,3,9.78,35.95,11.93,0.6,0.82,None,5.94,3
ff193f9a-2d6b-4b19-b520-6d8334bd60bc,2026-02-21,CUST-514482,4,-23,4,28.6,Technical,1,9,IVR,3,13,86,4,8.13,35.17,18.54,0.2,0.75,None,5.44,2
15e70292-9d1c-45e4-8a2b-20da352ac2bf,2025-11-24,CUST-790673,4,-19,5,32.4,Other,1,27,IVR,1,6,86.76,5,4.45,28.04,2.56,0.66,0.63,None,14.78,2
3b5639aa-1dc6-4b7a-a0fe-3ffb0e94ee6c,2025-09-10,CUST-181955,1,-52,2,62.5,Other,0,1,App,0,5,70.78,3,3.08,9.45,2.53,0.67,0.84,None,22.72,3
2ed5e441-370c-4fa6-99b0-8537e39039dd,2025-11-04,CUST-433622,3,95,5,20.8,Billing,-1,13,App,1,7,84.31,3,5.94,36.78,15.2,0.72,0.82,None,5.57,2
9ea23cdd-14db-4f0f-83d3-64704c1872b1,2025-12-27,CUST-473234,4,-16,2,65.8,Technical,1,15,Web,0,13,83.57,5,0.41,39.9,10.59,0.94,0.69,None,6.68,3
b3945628-a514-4d5b-8fb6-e3022b4d317f,2026-02-07,CUST-634018,1,-50,2,71.8,Network,1,10,Web,3,1,74.94,1,7.12,23.22,5.84,0.37,0.97,None,7.84,1
36cf22db-5da0-4ad9-82e8-468160295374,2025-11-26,CUST-227743,5,30,4,41,Service,0,16,App,1,13,82.4,4,5.85,26.36,16.34,0.82,0.7,Web to App,15.28,5
e119368b-5a1e-4766-863b-2d6c79c06188,2026-01-01,CUST-815563,4,-68,5,65.8,Other,1,10,Web,1,3,60.26,3,0.17,27.48,7.14,0.48,0.75,None,24.37,1
b76816c3-e60f-43db-a2fd-7977007b2e8c,2025-11-15,CUST-478050,3,83,2,42.5,Technical,-1,3,IVR,1,12,85.52,1,5.85,31.37,9.45,0.6,0.91,None,23.14,3
d34849a6-63f6-46c5-83ae-51ee5197c4f3,2025-08-16,CUST-986913,2,30,4,24.3,Network,0,9,Web,1,6,76.04,2,3.35,17.95,3.6,0.94,0.73,None,25.4,4
232d3614-ea54-4a07-803c-9a5e9be65c1b,2025-12-24,CUST-753547,1,26,5,16.5,Other,-1,8,Web,2,14,63.75,2,5.99,34.56,7.07,0.66,0.8,None,28.32,4
da6af0c7-be76-429d-abcc-e87a10944696,2025-10-17,CUST-739634,1,31,4,33.2,Service,0,9,Web,2,6,93.87,1,1.92,11.29,12.73,0.78,0.91,None,29.8,3
5ca817d4-3031-4534-b7b0-fee0ede67441,2026-02-03,CUST-591388,2,41,4,63.8,Service,1,14,IVR,3,3,89.32,2,1.1,32.79,19.05,0.36,0.84,None,17.27,4
d279476a-098e-4cf8-b230-a70947b0c85c,2025-08-19,CUST-883498,1,53,3,17.9,Network,-1,23,App,1,2,63.81,2,5.14,31.68,19.44,0.85,0.66,None,8.67,5
9720b3ac-078f-4d62-a89d-f9f45802bd2d,2025-08-31,CUST-924743,5,30,2,44.1,Other,1,10,Web,0,4,65.51,2,0.64,19.71,13.43,0.56,0.89,None,6.46,3
90af2807-d809-4a5b-8710-0b51c70c7d6f,2026-05-14,CUST-109902,3,74,1,1.8,Network,0,27,IVR,1,1,65.87,2,3.18,37.15,7.96,0.93,0.8,None,7.13,3
b914b49f-f8f9-413c-a5ca-c1f9a7178444,2026-02-10,CUST-157691,4,36,1,50.4,Technical,-1,7,IVR,2,7,74.99,2,1.06,37.36,2.4,0.6,0.55,Web to App,17.3,4
c50c4534-f588-4406-a276-335f85889f49,2026-07-03,CUST-625791,3,-52,2,15.2,Other,1,8,Web,1,2,73.47,2,6.35,6.79,6.05,0.55,0.96,None,22.59,4
68d59024-55be-405b-9c9a-230523a1ee9a,2025-09-15,CUST-316625,2,-78,0,4.4,None,-1,12,Web,0,10,79.76,2,9.77,21.88,15.77,0.74,0.52,None,20.59,3
eaabea32-3677-4c27-afd8-93086c2f1d97,2026-02-23,CUST-266740,3,-33,5,70.6,Network,-1,15,IVR,0,5,94.39,2,8.61,10.53,9.32,0.13,0.67,None,28.01,4
e588b422-b750-4ca2-bc10-62e86eb24319,2026-02-13,CUST-834554,1,11,5,13.5,Other,-1,4,IVR,3,1,77.8,4,6.7,5.89,4.84,0.99,0.69,None,8.84,3
0db98889-7b2e-420d-95af-384733705199,2026-03-19,CUST-958504,4,11,1,43.8,Service,-1,20,Web,3,0,68.48,2,7.42,23.52,12.56,0.31,0.51,None,28.57,3
9fae7f8e-2706-4fb1-90eb-7e437c64a901,2025-09-03,CUST-283286,3,88,4,71.7,Network,1,17,App,0,8,78.8,5,8.12,13.6,6.71,0.48,0.86,None,27.25,1
54458b99-07fb-48a0-ba8e-d3eb5a535fbe,2026-04-15,CUST-842757,1,-42,2,9,Network,-1,22,IVR,2,7,61.78,4,5.52,13.89,16.34,0.23,0.51,None,15.47,4
508896b4-5706-4f87-a16d-11cada85bd6e,2026-04-03,CUST-953238,1,41,2,50.1,Network,-1,25,Web,3,1,71.92,1,0.83,9.22,10.91,0.39,0.51,None,26.18,3
bb5f5a8a-6af2-4d04-a773-d3fa5ef8485f,2026-04-12,CUST-607540,3,23,4,59,Billing,0,14,Web,1,5,91.13,1,4.48,23.4,11.18,0.14,0.96,None,25.08,4
5682d5b1-d67a-4c14-abf9-6bd3bce54145,2026-03-16,CUST-326699,3,-30,2,39.9,Billing,0,13,IVR,1,7,65.28,4,6.1,28.36,16.51,0.78,0.73,None,12.83,2
7af0850f-7645-42cf-a320-c85d1d852588,2025-12-08,CUST-681878,3,-16,2,47.1,Billing,-1,28,IVR,2,14,67.69,2,7.04,7.66,8.24,0.28,0.93,Web to App,20.37,5
da5cdb74-0230-4d7a-95a0-caa6e1759c60,2026-06-08,CUST-986059,5,-37,4,49.3,Other,-1,8,App,1,14,79.02,3,5.17,26.85,5.33,0.79,0.86,None,14.98,2
e5071a4a-d48f-412a-875f-78e937eaf1b8,2026-06-22,CUST-139424,2,-55,4,31.8,Other,0,29,IVR,1,2,61.46,4,9.37,13.48,15.16,0.22,0.87,None,22.08,2
4422e640-c9c9-427b-bc0c-bcff1af5558d,2025-11-19,CUST-697113,4,51,3,24.3,Other,1,27,App,2,13,81.78,2,7.46,30.47,17.07,0.24,0.96,App to Web,21.11,2
87725545-3bb9-4669-b2d4-0de3b13b89e0,2025-09-09,CUST-119345,3,30,4,19.9,Service,0,25,Web,2,5,67.59,5,2.1,6.98,17.89,0.14,0.97,None,23.1,4
2eb6f19b-9979-4310-ab6b-3b1c0f4160b5,2026-07-11,CUST-273739,3,-9,2,30.8,Technical,0,20,IVR,3,7,68.95,2,7.48,17.13,17.69,0.6,0.74,None,15.07,2
941fce60-7d23-4c3e-bf76-0993a685c40c,2025-08-22,CUST-196185,4,-86,3,65.3,Network,1,29,IVR,3,1,68.09,4,3.23,12.17,17.44,0.79,0.69,None,21.03,3
41f32531-e415-4630-8fe1-aebcf3b0e40e,2025-12-01,CUST-312108,3,-54,3,37.6,Service,-1,11,Web,1,11,94.01,2,0.13,18.24,3.35,0.89,0.7,App to Web,21.64,3
6b45ff07-62eb-4909-aa52-a4e9b5400003,2025-09-23,CUST-521650,3,70,4,45.5,Service,-1,15,App,1,4,68.71,2,5.64,39.75,1.06,0.43,0.91,None,7.69,5
8aef635f-a2f0-4003-88ae-a7eca8a3e4df,2026-05-03,CUST-972082,5,-57,4,28.1,Other,0,22,App,0,3,91.6,3,2.22,9.31,18.26,0.98,0.91,None,22.54,3
3121ebe5-3422-42bb-9504-09bf88e516fd,2026-01-14,CUST-886614,3,-19,2,26.7,Billing,1,1,Web,2,8,67.84,3,6.65,6.68,8.15,0.27,0.63,None,17.95,5
26915037-27fa-481d-8485-fa44f8465330,2026-01-17,CUST-252925,2,56,4,32.4,Billing,-1,10,App,2,12,74.14,4,4.39,39.74,2.56,0.33,0.94,Web to App,15.81,5
7a787aa4-0e0d-48e1-a968-ddde531845de,2025-11-04,CUST-909088,3,-46,0,28.1,None,-1,2,IVR,0,5,64.48,2,1.81,38.01,6.61,0.46,0.61,None,14.39,4
30f01af3-5b17-450a-a5b7-68d9e7a0d62d,2025-10-27,CUST-257745,4,15,0,35,None,0,11,App,0,8,91.08,4,6.64,36.28,16.05,0.64,0.74,None,21.94,1
5917d559-1e52-4fd2-b243-0b0e5b7b4e61,2026-01-12,CUST-242364,4,70,3,42.9,Service,1,14,Web,0,7,62.79,3,6.14,26.42,15.29,0.44,0.89,None,17.4,4
9d7ba550-26a6-478d-9db2-2a8374039ce8,2025-09-10,CUST-267104,4,63,2,27.7,Service,1,28,App,2,6,82.59,1,0.76,32.71,13.01,0.26,0.75,Web to App,8.91,5
dc00ea83-6cd3-400a-935f-ee1bc6dffbb2,2026-02-23,CUST-959230,3,50,4,64.1,Technical,1,1,Web,2,6,74.43,4,3.48,11.47,2.78,0.87,0.77,None,27.72,3
a84bc896-8b20-49e5-ba8c-20cc95eabed7,2025-09-27,CUST-882633,4,-7,1,13.8,Service,0,24,App,2,9,69.15,2,4.9,5.17,19.04,0.63,0.51,None,22.05,2
31d7d92c-2537-4ba0-b26e-8b8abeb794d5,2025-10-12,CUST-624423,5,91,1,15.2,Technical,0,23,Web,2,4,80.76,2,5.37,16.72,11.86,0.78,0.57,None,21.98,1
60c5e102-89fd-4bef-9ecb-8447cdb1f956,2026-02-17,CUST-858707,5,-4,5,70.2,Other,1,10,IVR,2,10,61.2,3,6.19,23.15,1.35,0.74,0.84,None,22.74,2
01b5f074-5495-441d-ba78-5cf83d938ac9,2026-05-15,CUST-875643,3,63,4,49.9,Other,0,6,Web,1,7,72.83,4,6.49,33.34,12.67,0.91,0.65,None,6.2,3
5247089b-4407-4111-a507-b9288b30c139,2025-09-30,CUST-157890,3,-49,0,70.5,None,0,7,App,0,13,84.12,4,6.28,36.03,16.96,0.36,0.95,None,8.83,4
6e1cb80e-588e-4312-b2ab-b61826323687,2026-03-07,CUST-728240,3,2,2,55.7,Technical,1,16,IVR,2,7,84.32,1,8.42,38.36,17.65,0.99,0.8,None,28.06,1
8293255a-3b7e-4806-8c3c-d5aa6bffe1f4,2025-10-27,CUST-795687,4,-65,3,18.2,Network,0,6,IVR,0,13,68.47,1,0.46,16.82,3.85,0.97,0.85,None,5.44,3
de9d4f06-f20e-4443-9083-8f3dd534db3d,2025-12-17,CUST-647045,1,-20,3,23.2,Billing,0,1,IVR,3,6,83.58,1,7.82,16.66,17.96,0.91,0.56,None,10.98,3
2aa4fbe6-a123-4656-8e86-c3d659e4393f,2026-04-16,CUST-175051,5,46,4,47.4,Other,0,23,App,3,7,66.32,3,3.63,12.01,9.06,0.73,0.52,None,9.87,4
15026050-dec7-4d71-8d86-2d6a76b5a18b,2025-11-19,CUST-720045,3,-65,4,15.5,Service,1,23,Web,2,7,60.04,4,5.1,15.24,11.56,0.66,0.55,None,26.5,2
1e5f7e82-9591-4ce8-89b6-c70f48794329,2026-07-17,CUST-827248,2,-47,2,17.8,Billing,-1,1,App,1,1,61.19,2,0.54,35.78,9.83,0.41,0.54,None,24.19,1
4d3a918d-ea2c-43f4-878e-59710420a421,2025-09-26,CUST-516151,4,21,3,19.2,Other,1,16,App,2,3,72.72,4,6.31,16.96,12.84,0.65,0.57,None,18.31,3
c02c5d9a-5c8e-46c8-a381-8823cf081e39,2026-03-17,CUST-760251,1,-64,2,56.9,Service,-1,16,App,1,6,85.71,4,9.84,6.32,18.52,0.43,0.78,None,16.94,5
8a92299d-d77f-4c04-9131-501474a236bb,2026-05-05,CUST-705401,3,-15,5,22.1,Service,-1,13,Web,0,7,94.9,3,9.75,15.17,17.94,0.91,0.86,None,6.44,3
2b3a7fd5-b957-4345-b512-f1a576f40669,2026-06-20,CUST-577931,3,-62,2,9.6,Other,1,16,App,0,3,70.67,2,2.69,25.08,19.58,0.65,0.69,None,22.98,4
9ad44910-8c4f-458f-a499-d3deb9baf1e0,2026-02-08,CUST-237700,3,61,4,56.7,Other,0,10,App,3,2,83.43,4,8.14,35.52,2.78,0.68,0.69,None,18.66,5
eaa75cd5-8899-478e-bc9e-1778c898a0fd,2025-12-07,CUST-719222,3,36,5,67.4,Network,0,19,IVR,2,2,92.5,3,6.87,25.76,13.57,1,0.9,None,17.84,4
f1b129d1-3e84-4dc7-a67d-cfaee0abe040,2026-01-05,CUST-473852,1,-70,4,37.6,Service,1,22,Web,2,0,63.92,4,1.8,13.34,9.52,0.54,0.93,None,6.58,2
e64f4661-cd68-4134-924a-99c431d2a0ef,2026-04-02,CUST-834025,1,-55,1,69.4,Technical,-1,9,Web,2,6,65.6,2,0.67,25.71,13.15,0.97,0.83,None,29.11,2
ea17ba1d-0a92-4105-a262-8269c79ced0b,2026-03-30,CUST-420850,4,-85,4,57.5,Technical,-1,16,Web,2,1,61.61,2,0.43,24.75,17.85,0.54,0.57,None,12.28,2
77bc1360-cb8b-43ec-a1d6-0cbe401693a4,2025-11-19,CUST-837923,1,88,3,55.6,Technical,0,2,App,3,13,65.85,5,4.28,31.64,1.19,0.52,0.88,None,15.35,4
926ef2c4-76a7-48b4-aea8-68322f4ccf82,2025-09-16,CUST-147259,4,-52,1,61.7,Service,1,16,IVR,3,12,86.85,4,0.69,37.24,10.13,0.5,0.89,None,27.46,4
618c4f57-0471-407f-9eb1-255e931e329a,2025-11-02,CUST-291493,1,43,5,53.6,Other,-1,22,IVR,1,1,61.2,2,7.63,19.93,13.89,0.64,0.52,None,15.82,3
56972db5-3afb-4ca5-be15-9d772d9d1052,2026-05-11,CUST-945367,2,32,0,22,None,1,8,IVR,3,7,79.01,2,7.84,31.75,7.28,0.56,0.8,None,26.28,1
1b5f0101-3178-499b-a1f2-e7811ec4d289,2026-04-04,CUST-248809,2,85,1,59.3,Network,1,19,IVR,0,10,61.08,3,4.46,31.89,12.6,0.21,0.7,None,26.91,5
e5c26847-8368-4cac-93a0-1164703c36b5,2025-10-19,CUST-219074,2,-88,5,62.6,Network,0,27,Web,1,9,85.98,4,4.08,23.45,4.12,0.14,0.83,Web to App,21,4
535444d7-1e6c-44aa-b8d6-8d9a142f81fd,2025-09-02,CUST-370848,1,-69,3,50.3,Billing,0,29,App,2,4,62.82,3,7.39,11.23,4,0.91,0.64,None,7.76,1
fe5c372d-78d8-479c-953b-377a955aeb81,2026-05-05,CUST-507702,3,12,0,31.5,None,0,13,App,0,9,71.04,2,0.41,15.7,19.71,0.28,0.53,None,15.58,3
6848e644-9a05-45a2-a41a-6e18be604d88,2026-01-19,CUST-274143,3,-11,4,68.7,Other,0,15,IVR,1,3,70.12,4,0.36,6.85,14.04,0.96,0.58,None,19.13,2
fd85ccd2-9943-4b68-814f-08a4096ae363,2026-03-03,CUST-658811,4,43,5,30.5,Technical,-1,27,IVR,2,11,70.93,4,9.61,15.85,17.05,0.27,0.59,None,6.34,4
36a82806-f465-4a90-8107-9ce1c3e3ff74,2026-06-29,CUST-801393,2,88,4,46.6,Service,0,12,IVR,3,11,71.88,1,7.14,32.79,12.77,0.61,0.59,None,25.69,3
44ba7c91-8fc6-414c-9052-e7cbc5aefacf,2026-05-24,CUST-222906,4,90,1,55.3,Billing,1,14,IVR,2,3,67.52,1,8.65,9.31,16.76,0.27,0.7,None,19.31,4
fb5f96d4-c0dd-4071-8a4e-ad4ea44229ca,2026-07-24,CUST-661867,1,-38,3,9.5,Network,-1,7,Web,2,11,75.37,1,7.75,15.45,16.57,0.92,0.68,None,8.21,3
40d52b7a-1b53-4e4e-b12d-2394943f0853,2025-11-19,CUST-440834,1,-17,2,13.3,Technical,-1,9,App,1,9,66.3,5,9.15,9.71,12.84,0.95,0.53,App to Web,22.96,3
49c63f01-279f-4837-8f21-5464915fd690,2026-01-26,CUST-985489,1,97,4,54.3,Technical,0,6,IVR,2,6,72.36,3,3.72,35.4,9.88,0.99,0.88,None,27.5,2
df471203-66b4-415b-89ac-1ae8883dc265,2026-06-05,CUST-659747,5,-59,3,29.7,Service,1,29,IVR,3,5,81.76,5,7.27,34.16,1.95,0.87,0.64,None,28.39,4
4577b254-d2a3-4c68-9b0d-c5242f222a1e,2025-10-05,CUST-856971,3,100,1,12.4,Other,1,9,IVR,2,6,88.63,4,8.44,9.97,5.56,0.99,0.81,Web to App,26.48,2
5a468b6b-6547-4e3c-8f06-233e1a15830c,2026-03-29,CUST-768084,3,-78,4,67,Technical,-1,29,Web,1,2,67.25,2,7.56,33.06,14.25,0.67,0.69,None,14.33,3
10955217-32b5-4867-9236-71ba3e2331ad,2026-01-20,CUST-363319,3,77,3,68.3,Billing,-1,1,Web,3,13,86.16,4,7.78,31.61,15.02,0.87,0.83,None,23.39,1
f837e7e3-6cec-4220-af9d-e2d5282f634f,2026-04-11,CUST-878657,2,97,3,38,Technical,1,13,Web,3,8,72.81,2,3.18,30.25,5.22,0.75,0.63,None,27.1,3
a4d70a61-3a3e-43ca-a54a-afb625766cc7,2026-07-13,CUST-393559,5,-99,0,65.6,None,0,25,IVR,1,13,79.44,2,9.89,31.06,16.01,0.76,1,None,13.69,3
80e15f99-1649-494f-94ad-27080e99e4ab,2025-12-14,CUST-149227,2,61,3,36.6,Service,-1,4,Web,3,6,65.78,5,1.14,23.15,8.34,0.55,0.83,None,24.42,1
bd0021d5-94e7-4992-afd1-63fb6925db21,2025-11-02,CUST-219359,1,11,4,9.6,Billing,-1,10,Web,2,0,73.01,2,6.64,32.75,10.29,0.76,0.64,None,29.76,5
3be30acd-3cf2-4214-91b3-901824141253,2026-01-24,CUST-394310,1,-58,4,29,Billing,0,12,Web,0,3,72.57,5,8.73,20.16,12.5,0.25,0.72,None,22.58,3
4b424827-4b72-4999-a618-f6f9e2914471,2025-11-17,CUST-265886,2,77,0,37.6,None,1,12,IVR,1,3,92.36,4,3.94,12.95,2.59,0.76,0.79,None,8.98,4
3147c4b3-469c-41d7-ba26-385126b5bbd7,2026-02-18,CUST-423241,4,29,1,41.4,Billing,0,21,App,1,12,88.02,5,8.01,37.66,16.97,0.33,0.74,None,7.82,4
017b1df1-a196-4c93-8839-697800d7e93f,2026-02-03,CUST-479919,1,-67,1,25.5,Service,-1,29,App,1,3,75.08,4,0.32,38.33,16.58,0.51,0.89,None,7.78,3
1131562d-d025-4d83-9688-7090514c3d2f,2026-02-03,CUST-101858,3,73,1,2.1,Service,-1,22,Web,1,8,83.38,2,2.81,18.99,4.92,0.2,0.67,None,17.9,2
8818b9bd-daf4-42ca-b990-fb46f14c06b4,2026-01-25,CUST-234434,3,49,1,71.8,Billing,0,7,App,0,4,67.07,3,8.59,11.66,11.16,0.58,0.89,None,22.22,3
a3f3d7b1-6e82-407f-b977-4a5a6fc0f5d3,2025-09-21,CUST-517305,3,-91,5,20.8,Other,0,23,Web,3,10,84.19,3,6.52,12.92,8.47,0.66,0.74,App to Web,20.85,1
f221313d-151e-46c2-995f-a2e83a5b5abc,2026-04-28,CUST-729306,4,-90,1,27,Technical,-1,26,Web,1,13,72.96,2,2.2,35.33,5.63,0.96,0.8,None,29.68,5
382768bb-ce24-4d23-a9ad-0f393db6eff1,2026-03-04,CUST-885143,3,-32,0,14.2,None,0,19,Web,1,7,92.01,3,1.45,9.98,11.93,0.46,0.52,None,29.6,1
a208e637-ae36-4f07-9a0a-25d3076a55ef,2025-12-22,CUST-542149,1,-99,0,26.6,None,-1,7,IVR,0,6,61.03,2,3.78,11.25,10.6,0.22,0.71,None,22.52,5
5accd2e4-d940-4cb9-ba84-f6f55614a998,2025-09-26,CUST-774969,5,-2,1,3,Technical,1,4,IVR,2,2,63.85,5,9.81,25.38,17.62,0.1,0.56,None,21.4,2
506e3f16-f433-4a00-9aab-59a1c7689b99,2025-11-07,CUST-621370,2,19,1,20.7,Other,-1,14,Web,3,6,91.33,2,2.03,17.18,18.62,0.72,0.88,None,28.6,3
b9a89936-b138-4c0b-aa82-1f0afc87f0ca,2026-05-04,CUST-315563,5,13,4,37.5,Network,-1,4,App,0,6,68.12,3,6.83,38.92,17.4,0.81,0.54,None,9.72,3
44fba5a0-1880-42d7-9141-061efd1a2807,2025-09-07,CUST-524240,2,2,0,46.5,None,-1,18,Web,2,0,88.23,1,1.97,32.06,11.71,0.39,0.51,None,20.85,3
e708e2e1-d956-4ab6-a554-f6040afb315c,2026-03-23,CUST-132687,1,88,0,23.7,None,1,19,Web,3,6,76.94,5,5.19,15.34,3.47,0.31,0.86,Web to App,10.77,5
8f11f64a-25c2-418f-9fc2-bbba13566ee5,2026-05-09,CUST-777492,3,35,4,58.7,Other,-1,2,Web,0,9,69.31,2,8.69,18.43,17.59,0.33,0.83,None,22.81,4
beb04f31-4cdf-4191-821a-2c15afe5b99f,2026-07-11,CUST-548023,4,80,2,22.6,Network,1,18,Web,2,12,73.03,2,3.69,13.04,6.6,0.63,0.65,None,26.47,2
737ee087-d87f-40db-b488-43e697866429,2026-03-15,CUST-359264,3,-20,1,38.3,Network,0,24,IVR,3,11,94,3,9.76,33.64,1.7,0.94,0.91,None,7.95,3
1a31f7f9-aa9b-43f6-9077-99517949d09c,2026-02-07,CUST-604647,1,-39,1,26,Network,1,3,App,2,3,60.9,1,9.98,9.88,11.16,0.77,0.82,None,24.65,5
9f213e93-91f9-4fb0-99de-db8f4c94e2bf,2025-09-19,CUST-374917,3,-30,0,12.2,None,1,12,Web,1,7,65.45,3,8.37,39.92,12.35,0.35,0.53,None,10.4,2
582dccf1-a99b-4bab-aa13-726a6cc9e533,2025-09-23,CUST-645636,2,-9,3,11,Other,1,7,Web,2,3,91.24,3,9.51,20.13,15.4,0.46,0.75,None,16.36,1
f40ae2e3-bb85-44d8-a6b6-bd5c2fce3e9d,2026-07-08,CUST-886462,1,83,5,33.6,Network,0,17,Web,2,4,87.16,1,7.8,12.02,5.65,0.81,0.85,None,14.87,1
b8476b8b-728a-44d1-8caa-1b425b4be7f3,2026-01-29,CUST-532343,2,-76,1,12.5,Billing,0,21,IVR,2,8,81.01,2,7.3,36.91,5.27,0.45,0.53,None,5.5,2
7419b549-6e6e-40b1-b22f-7d316121e751,2025-12-20,CUST-957603,4,-75,4,55.3,Network,-1,14,IVR,0,8,90.9,1,3.46,36.3,12.92,0.16,0.88,None,28.25,4
eeafd1c8-3228-43da-9868-981909b0f33f,2026-03-17,CUST-379618,4,-95,5,18.7,Network,1,5,IVR,0,12,79.72,4,4.56,34.72,12.41,0.69,0.95,None,20.43,4
19b94aee-ee37-4d34-9a65-995d02b4d1b1,2025-12-31,CUST-364305,4,83,2,39.8,Billing,1,2,Web,2,11,91.06,2,5.86,26.69,7.68,0.46,0.76,None,14.42,4
0a9a6d13-2547-4a32-a0a8-d90501a5e6ce,2026-07-13,CUST-961961,5,53,3,55.7,Other,-1,9,IVR,2,10,85.56,4,9.46,7.13,3.54,0.93,0.89,None,10.34,3
bd29ea9b-10de-41df-822e-2e96d00beca1,2025-11-19,CUST-368070,4,98,4,53.6,Technical,0,13,App,1,11,93.75,3,9.27,13.81,4.33,0.87,0.82,None,29.73,4
60a122ba-ff71-4976-a81f-404ee7ad8227,2026-01-02,CUST-415201,3,-55,1,67.7,Network,-1,20,App,1,6,80.75,2,0.85,12.73,8.05,0.67,0.93,None,17.42,4
cdd87127-03bb-4226-8380-3ec61198321b,2026-04-28,CUST-285393,2,84,1,31.3,Technical,0,29,IVR,2,2,64.16,4,4.28,8.49,17.54,0.44,0.6,None,16.69,4
4791f8c7-1101-410b-a2af-512c2feb47c2,2025-07-29,CUST-572268,3,56,5,9.4,Other,1,7,Web,0,7,68.78,5,7.97,15.94,3.51,0.7,0.81,None,28.13,4
c526228a-21d6-4d9c-af56-b883c9ab650e,2026-03-14,CUST-365963,4,20,1,22,Service,1,22,Web,2,4,65.91,5,9.49,28.67,3.82,1,0.85,Web to App,7.24,2
11947ddd-2667-4312-96a4-3f1664e6446c,2026-06-18,CUST-976913,3,-41,5,68.4,Technical,-1,26,IVR,3,13,77.04,2,1.67,26.48,6.26,0.78,0.55,None,17.18,5
c33b5316-972b-4fdb-a59d-51fb3c5ca63d,2026-03-04,CUST-465125,1,-22,4,23.6,Other,1,23,App,2,0,70.58,1,7.44,26.2,16.88,0.54,0.58,None,22.71,2
101ec0b4-c841-42e0-bdbd-2a130a9c3f33,2026-01-19,CUST-128988,3,96,4,43.9,Other,-1,19,Web,0,10,81.29,1,4.85,36.83,10.96,0.81,0.91,None,25.32,4
82bebc3e-e31d-40ce-a246-fb672a92f20a,2026-06-24,CUST-167488,3,-50,4,69,Network,1,22,App,3,12,88.03,3,0.7,34.07,15.73,0.65,0.72,None,29.19,3
1fa679c6-a8c1-45b7-a8dd-814a9b24c39f,2026-07-01,CUST-457916,1,-47,3,22.7,Network,-1,29,App,0,10,74.01,1,7.71,34.33,11.33,0.77,0.79,None,13.36,2
c30b377d-e2df-4c29-853e-57aade172835,2026-03-05,CUST-772105,2,37,2,44.1,Network,0,30,IVR,3,8,90.43,5,0.5,24.83,8.08,0.72,0.69,None,12.88,4
cfc89d92-c35f-4391-a14b-e0f1e8c88028,2026-05-03,CUST-849427,4,5,1,59.1,Other,1,11,App,3,8,90.92,5,7.73,13.02,13.56,0.31,0.94,None,25.2,1
bb05138f-05dd-4e0d-b01b-4991a7e4d50a,2025-10-27,CUST-965581,4,18,3,54,Billing,0,15,Web,3,8,72.39,4,1.79,32.45,10.94,0.15,0.63,None,23.71,3
86e98252-4f0d-4d8e-b330-6eded016e325,2026-06-13,CUST-831381,2,-19,4,11,Service,1,4,IVR,2,1,61.7,4,7.13,5.61,15.57,0.76,0.83,None,7.72,2
12395bd9-64e5-487f-8015-2d45b6c3452c,2026-04-15,CUST-129129,3,-63,2,39.1,Technical,0,15,Web,1,10,60.93,1,7.22,30.97,11.21,0.37,0.53,Web to App,17.71,2
893ea02e-6772-497a-81d3-d99ab99197c0,2026-05-20,CUST-539457,4,1,3,29.8,Network,1,14,App,3,12,79.07,1,8.83,28.56,2.65,1,0.89,None,12.59,3
26fa3b7f-d06a-46d1-b170-dfb9d6b23913,2025-10-11,CUST-169893,2,3,2,15.3,Billing,-1,13,Web,1,8,76.49,2,0.72,21.52,2.84,0.38,0.7,None,18.67,5
125d4ec0-b231-4dd2-b5ce-50e134a88c84,2025-08-29,CUST-849442,4,-21,3,67.3,Network,0,1,IVR,2,4,61.94,2,1.47,37.5,7.58,0.95,0.65,None,18.4,2
ef5c745f-5cee-4e89-bcfa-22d014b14f79,2025-11-02,CUST-497379,2,-37,4,23.5,Billing,1,15,App,0,5,93.85,1,6.96,17.37,18.02,0.46,0.76,None,24.82,2
6e995a0c-86bc-48ca-bd8f-712969922a4f,2026-01-26,CUST-107058,4,-22,3,58.9,Network,1,23,App,1,4,87.89,1,8.82,28.92,5.07,0.55,0.95,None,22.69,3
e225b4ec-f4d3-47ab-8cea-7f0ba4c9d92a,2026-04-25,CUST-945192,4,3,0,41.9,None,1,3,IVR,3,8,87.94,5,6.9,16,10.91,0.27,0.88,None,23.57,3
1ec97b3e-5db6-42e0-9bbd-3ae9e13c3648,2026-01-26,CUST-155855,4,42,4,15.4,Technical,-1,4,App,1,10,77.61,4,8.39,21.05,10.44,0.73,0.74,None,15.39,3
a5908cf9-fbbc-4e9b-bb2f-facec6f60b73,2025-10-14,CUST-266417,4,-94,3,1.3,Service,0,11,App,1,1,81.13,1,2.46,17.5,7.66,0.24,0.73,Web to App,19.17,4
c9e89c63-a28b-44f2-a4a3-5be7cd2d3c7a,2025-12-24,CUST-919555,3,85,1,71.7,Technical,-1,17,App,0,13,90.64,2,4.5,25.41,5.83,0.55,0.6,App to Web,7.18,2
8cf620e3-8047-4e20-9416-f15ecca1e8b2,2026-02-26,CUST-256312,5,13,0,3.8,None,0,2,IVR,1,11,67.72,2,3.61,34.62,19.87,0.5,0.77,None,5.34,3
5a79da28-f028-4ff8-b513-eb0cd7d0ce18,2025-09-13,CUST-596464,1,56,4,2.7,Other,0,13,Web,1,2,91.47,4,6.06,23.41,12.74,0.14,0.8,None,23.25,3
743c2456-0ef7-4ce7-a5f3-2355f9a310be,2026-02-02,CUST-740844,3,73,3,35,Other,1,6,IVR,1,2,71.45,3,1.23,9.72,7.6,0.68,0.51,None,11.23,3
2aa8dc38-c07d-4d88-b617-eedc81250c48,2025-09-28,CUST-372184,2,78,4,13.9,Billing,-1,18,App,2,7,89.71,4,8.03,13.9,3.5,0.26,0.81,App to Web,10.35,2
808d2ff8-768e-4300-b21e-bbef10ce598e,2026-01-16,CUST-918684,2,-82,4,53.3,Technical,0,19,App,2,8,71.97,5,7.71,22.33,5.72,0.53,0.66,None,12.27,1
4c0b1048-c5d4-428d-babd-60373cbd035d,2025-07-26,CUST-381027,4,47,4,38.4,Service,1,26,App,1,13,73.04,1,9.81,25.25,6.86,0.39,0.52,None,14.84,5
27b3f295-37d2-4501-8762-af3890abc239,2026-05-19,CUST-201086,5,-41,5,64.2,Network,-1,3,IVR,2,7,88.17,3,1.9,12.38,15.29,0.35,0.56,None,27.27,5
7382d16c-c090-403a-b7d6-8eea951590dd,2026-04-10,CUST-614631,4,15,4,46.9,Service,0,19,IVR,2,6,80.65,4,6.04,17.64,18.85,0.29,0.95,None,17,4
d120fbff-f46b-4d85-9d22-fb2f3b63ef16,2026-06-29,CUST-394166,5,-90,1,15.5,Network,0,21,App,2,6,61.94,2,1.8,7.53,15.69,0.53,0.53,None,28.54,1
4d9ea4fe-d132-4714-9e91-3ab747a140f0,2026-05-01,CUST-884945,5,42,5,66.8,Other,-1,29,IVR,2,1,73.21,2,5.96,32.14,19.91,0.73,0.92,None,22.76,5
28062bac-58fe-44b6-ae1c-f15fdf36ebc3,2026-03-06,CUST-468795,2,21,3,52,Other,0,25,IVR,0,1,69.04,3,2.6,36.87,8.66,0.93,0.63,None,19.12,1
c40c2e22-4344-4caa-9ed8-0289267a7446,2026-02-04,CUST-363969,4,96,2,29,Service,-1,6,Web,0,9,90.77,1,6.77,17.56,7.63,0.46,0.53,None,10.27,2
5205ed0f-1d00-4952-aa20-31938cdd9ad9,2025-11-07,CUST-261627,3,8,4,29.6,Billing,1,14,IVR,3,1,88.79,2,6.87,12.59,10.78,0.37,0.54,App to Web,27.7,4
7b9a8c46-c608-4897-a5ac-8c9f2429d9e2,2026-03-10,CUST-863417,1,-71,0,57,None,1,22,Web,2,1,82.43,4,8.3,26.5,17.21,0.21,0.68,None,13.18,2
2ff61e75-ca92-47a2-be9a-2cf4f3c64438,2026-05-12,CUST-271184,4,50,2,8,Service,0,6,App,1,11,85.08,4,9.49,31.83,7.06,0.49,0.69,None,24.16,5
e788fe93-94ec-457b-9a1f-5d7db8f56465,2025-08-13,CUST-402633,4,67,5,33.9,Technical,1,28,App,1,5,85.96,2,6.8,39.97,19.39,0.16,0.64,None,16.18,4
c3c2e2ab-69de-45ef-904a-e408d5e0eaf4,2025-12-24,CUST-393947,3,-43,5,9.9,Billing,-1,5,Web,2,0,61.82,2,4.43,20.84,2.11,0.71,0.86,None,26.93,5
e618c6aa-7d38-4671-acb3-e953a2fa0088,2026-06-26,CUST-296321,3,78,3,52.3,Service,0,15,App,2,13,61.32,2,0.88,5.1,15.8,0.32,0.6,None,19.46,4
10c67c31-6773-4553-ac2c-15db5942c1a6,2026-02-02,CUST-132403,3,85,2,3.9,Technical,1,28,IVR,3,4,64.76,1,2.9,33.66,3.47,0.36,0.64,None,15.64,4
72fc594d-9d33-4033-99d4-6f0291a916ca,2025-11-07,CUST-649682,3,-38,1,3.6,Billing,-1,9,Web,2,7,90.65,1,0.58,9.74,6.69,0.96,0.64,None,20.05,4
5b50875c-de10-43d8-a888-078fe9424552,2026-07-23,CUST-628775,2,50,0,33.7,None,-1,19,App,2,1,86.63,4,5.8,5.6,3.79,0.53,0.76,None,6.17,3
6febfaf2-4ff1-4cc7-9edf-4f2d685fab7a,2025-08-12,CUST-712767,3,22,2,35.7,Network,0,23,IVR,1,8,66.31,3,0.46,10.71,15.43,0.33,0.83,None,11.53,4
76711f6a-44bd-44ca-8084-d87ce0b820a9,2026-06-26,CUST-978167,2,65,1,2.2,Billing,-1,22,IVR,2,12,94.89,3,9.95,23.24,16.93,0.8,0.55,None,15.49,3
b897226a-691b-4007-b547-ac761dbae45e,2025-11-23,CUST-876424,5,-34,1,54.4,Technical,1,26,Web,2,8,72.24,1,2.33,13.7,10.65,0.38,0.82,None,24.93,3
31cbec79-8e7f-49ac-bbb1-cc320d635c8f,2026-05-05,CUST-305770,5,41,4,46.4,Network,-1,8,IVR,2,13,81.1,3,8.82,32.68,10.83,0.72,0.73,None,27.55,4
136282cb-1a2a-4f9b-8861-fab90e2bc90f,2026-03-14,CUST-148255,5,67,3,33.3,Service,-1,18,App,1,5,72.85,2,3.88,36.69,7.53,0.45,0.92,None,11.92,3
4a222f60-272c-4a89-a39e-a293f050fc62,2026-05-29,CUST-688832,4,4,1,71.6,Other,0,16,IVR,1,9,69.25,3,6.55,11.7,13.31,0.64,0.53,None,26.42,3
44fd6244-ceff-4499-8ab4-4b177b091874,2025-08-28,CUST-494077,5,-35,2,22.5,Other,0,21,IVR,3,1,64.54,2,3.18,34.95,3.04,0.49,0.87,None,6.65,1
9df2fc60-c90b-4262-8bcc-b7dcdfa840ac,2026-02-25,CUST-574191,4,-50,2,51.9,Network,0,22,IVR,0,2,87.7,2,9.64,30.75,19.15,0.52,0.52,None,20.86,5
4a2c59d7-d11d-4968-bf84-6f17148195ac,2025-10-27,CUST-880202,2,-26,0,60.1,None,-1,3,Web,3,13,77.01,3,4.47,23.02,12.24,0.69,0.9,None,12.33,2
a98902bf-652e-4673-b1a9-e4d97dbfec60,2026-03-06,CUST-117729,1,84,1,70.8,Other,-1,3,IVR,2,5,89.99,3,2.95,9.06,7.93,0.44,0.56,None,27.41,5
0a223ec7-733c-4fea-9956-ad65323c0041,2025-11-05,CUST-603537,1,-94,4,58,Technical,1,15,App,1,7,69.3,4,9.64,37.88,16.39,0.73,0.52,None,24.03,4
996386fa-0b98-4193-98cf-a7594c205edc,2025-11-01,CUST-216340,1,91,4,51,Network,-1,14,IVR,2,5,78.89,2,3.84,9.14,7.55,0.33,0.78,None,20.48,3
7aedf7d8-3364-4c67-ad7c-08fb28f1c939,2026-04-04,CUST-936743,1,59,3,36.4,Service,-1,23,IVR,2,9,62.41,2,2.14,16.54,12.14,0.24,0.78,None,25.76,3
e7ff84c5-291a-4cb0-ac15-765600fb4eeb,2026-07-11,CUST-568416,5,-2,4,69.3,Network,0,20,App,3,11,75.84,2,7.71,27.31,12.81,0.19,0.57,None,6.14,4
143ccf29-a8b6-490e-9432-1a38074a3b79,2025-10-08,CUST-798348,4,68,2,2.4,Other,1,18,IVR,3,2,89.51,4,2.59,24.02,3.77,0.45,0.78,None,20.64,3
7fefebd6-3a64-47fb-9306-a306bfbfa870,2025-10-04,CUST-283973,4,-48,5,21.3,Network,-1,13,Web,3,14,66.35,1,6.31,25.72,10.6,0.58,0.88,None,17.55,3
96aadbdc-484d-4954-b75e-135a610999d3,2026-01-06,CUST-778987,2,17,0,31.9,None,1,26,Web,3,9,66.76,2,2.82,11.86,15.2,0.7,0.67,None,29.74,4
47dc6872-a261-4761-b8f0-965db084e632,2025-11-03,CUST-671657,2,-49,0,43.1,None,-1,24,App,2,12,81.06,3,2.54,38.39,4.57,0.42,0.62,None,20.08,1
9375bed7-cf1d-489d-83b1-f84d3a034040,2025-08-19,CUST-534297,3,-38,4,53.7,Technical,1,14,IVR,1,1,82.69,3,5.87,31.46,10.48,0.28,0.86,None,26.07,2
26e95e7f-2f9c-40a4-b255-6e1b65c6de86,2026-03-10,CUST-354904,4,76,1,9.4,Technical,-1,0,IVR,1,8,78.91,4,7.96,32.17,5.81,0.72,0.85,None,9.28,3
e78ca15d-c84b-41f0-98ee-bd3b19a43855,2025-12-02,CUST-754961,1,-74,4,9.7,Network,1,8,IVR,3,6,91.68,2,6.98,6.72,5.35,0.96,0.56,None,28.22,3
9f376793-1264-4046-b94f-c8a57e59a613,2026-02-07,CUST-722007,4,-88,2,27.8,Billing,1,21,IVR,3,0,74.72,1,9.37,36.47,5.15,0.71,0.57,None,26.82,4
41390491-8893-4693-9f4a-5ba98b34fc45,2026-06-26,CUST-790724,4,-44,4,48.5,Other,0,24,App,2,13,61.55,3,4.11,17.08,15.26,0.99,0.86,None,25.72,2
9f761e6a-62a9-4d82-ba3e-55a7f70bf4aa,2026-01-03,CUST-237345,2,-13,4,37.9,Technical,1,19,IVR,1,13,71.3,5,6.18,34.81,10.59,0.55,0.54,None,8.81,4
6356bdc7-1770-46bb-8fb6-c1a36a2fe725,2025-08-14,CUST-565730,2,79,3,27.2,Billing,-1,17,App,2,2,70.05,2,7.19,25.04,19.7,0.25,0.53,None,15.27,2
70e1d360-269b-46fc-8015-cafdc4b14e6c,2026-02-19,CUST-356583,3,84,5,2.9,Service,-1,24,IVR,0,13,91.85,4,4.23,9.41,13.01,0.66,0.86,None,29.81,4
72bd7ac3-119b-4e43-811f-4de508307ced,2026-06-28,CUST-979066,2,17,0,36.8,None,0,5,App,2,2,80.54,1,6.58,33.4,12.07,0.2,0.73,None,16.6,5
1d51b16f-5c57-4894-b8d1-43578de1ce22,2026-03-02,CUST-712265,5,50,1,36.5,Technical,-1,22,IVR,3,7,62.95,5,7.54,36.68,18.75,0.36,0.66,None,8.62,1
d46e6d00-c59c-4d62-ac7d-188e208f9e26,2025-10-22,CUST-777189,3,62,3,38.7,Technical,1,2,IVR,1,14,77.68,2,4.12,14.24,15.66,0.57,0.64,None,23.38,3
7c0b4090-fcab-4610-b856-ec184b6b50e4,2025-10-14,CUST-234760,4,-32,1,26.3,Service,-1,11,App,2,3,73.44,4,3.59,38.35,8.5,0.94,0.85,Web to App,26.77,4
1890b946-0262-4295-8b87-e9b223795dc9,2026-05-12,CUST-158963,2,26,4,70.4,Billing,0,28,App,3,12,68.45,4,3.33,34.08,6.1,0.64,0.9,None,22.56,2
88030c15-3693-45df-9899-bf54a83e43be,2025-11-18,CUST-207307,4,10,2,39.8,Technical,-1,23,Web,3,2,76.92,4,9.44,20.94,14.67,0.56,0.65,None,27.17,1
faecb5e2-a986-45a8-a629-1562034c1efd,2026-02-16,CUST-220925,4,-31,1,47.5,Other,-1,20,App,2,7,94.67,3,0.15,29.65,16.54,0.19,0.73,None,26.06,2
d9c652a9-9c38-47bb-bd71-b0f4f1f531d4,2025-12-02,CUST-883153,4,-72,4,14.4,Billing,1,29,IVR,0,8,62.81,3,6.33,6.16,11.6,0.2,0.51,None,26.3,4
7ee530ff-03e7-469a-be8c-33b8261a2a68,2025-10-13,CUST-729797,2,-84,3,3.4,Network,0,0,App,0,10,62.8,2,6.73,36.51,15.92,0.77,0.65,App to Web,25.95,4
0e2c8bc7-7a1f-430f-8411-3e90335ba339,2025-10-27,CUST-909807,4,-53,4,14.2,Service,-1,5,App,3,13,72.57,3,4.9,31.3,18.31,0.89,0.82,None,17.52,3
e19d65b3-197f-4563-a56c-1ac1fe5629ca,2026-02-02,CUST-181864,3,-36,2,51.7,Other,0,17,App,2,11,72.82,1,5.88,35.12,10.02,0.88,0.84,None,22.21,4
0b9408c5-bfb7-44f6-a13f-df42c4127eac,2026-03-31,CUST-345448,2,22,1,41.3,Network,-1,6,App,2,11,60.79,4,6.53,14.25,15.94,0.62,0.81,Web to App,16.25,1
ad650e39-63f7-4c6f-a3b1-d3d9b8d3cf2b,2025-08-23,CUST-264762,2,27,3,55.8,Technical,0,23,App,1,6,87.27,3,6.45,37.66,13.66,0.14,0.86,None,20.77,2
452706db-d8fd-4e3e-918b-dbb32a171e6e,2026-04-05,CUST-385021,5,-34,1,25.6,Service,1,12,Web,3,13,78.59,3,0.37,7.59,3.24,0.94,0.81,None,13.83,2
1ebac60d-c47b-494c-9105-b33350d1f05d,2026-04-15,CUST-180637,4,-11,3,45,Service,1,8,Web,1,6,66.38,4,7.76,30.98,9.57,0.44,0.57,None,19.66,3
252f7f45-b6f4-4b1d-92cf-73201544d5d5,2025-10-11,CUST-725424,4,5,4,41.6,Other,0,30,IVR,1,3,91.05,5,7.14,35.72,1.06,0.65,0.67,None,18.61,3
80c02643-5a90-4b00-99b6-0d12aff83a03,2025-08-26,CUST-917875,4,-63,0,5.9,None,1,16,App,1,0,63.48,4,5.13,39.06,8.62,0.62,0.78,None,14.88,3
d7fbdfee-969a-4a3a-aa0d-0c2ad04df504,2025-10-20,CUST-220754,3,61,3,46.2,Network,1,7,App,2,6,93.79,2,0.94,21.48,14.89,0.46,0.78,None,19.08,4
96bda94f-8376-458f-aa8b-ff96e7db1162,2025-09-30,CUST-484107,3,3,2,5.4,Other,-1,17,App,1,5,77.24,4,9.31,39.47,19.03,0.8,0.76,None,8.11,3
527cb815-f6f1-4212-b349-c725050f3648,2025-09-03,CUST-748152,2,11,3,54.4,Service,1,1,Web,2,9,89.46,3,0.14,17.39,6.55,0.99,0.55,None,20.53,3
53852343-ba7b-4468-a103-5c966d5eb462,2026-06-05,CUST-568409,4,8,1,68.7,Network,-1,12,Web,2,5,64.32,1,9.49,26.28,4.81,0.13,0.61,None,16.53,5
8dda9a8f-090d-465a-a5d1-f8fdf20eb93d,2026-07-06,CUST-430929,2,55,1,41.9,Network,0,4,IVR,1,1,60.63,4,4.84,6.68,15.43,0.53,0.65,None,16.89,3
5550d2bc-f22f-4606-90c1-61dfd36db52b,2026-02-22,CUST-690320,1,-48,3,61.9,Other,-1,28,IVR,3,4,66.89,4,0.82,23.1,18.09,0.7,0.88,None,21.24,5
343694b7-d28f-4a76-a84f-4d14a842c06a,2025-11-07,CUST-757506,4,41,4,67,Network,0,10,App,1,8,88.63,4,0.62,31.71,19.05,0.74,0.67,None,29.04,3
e95754b0-be05-4075-9b4d-54a8c76bf652,2025-12-27,CUST-871127,4,-4,0,4.4,None,-1,10,App,0,14,87.58,4,8.94,29.05,6.58,0.26,0.69,App to Web,9.12,1
a7e51c36-6c30-4190-b3a1-f938c8e35e2d,2026-07-19,CUST-605843,4,-16,4,47.6,Technical,-1,26,Web,2,6,60.85,2,7.62,15.78,8.37,0.71,0.78,None,5.77,4
9cdf837a-6ddb-41bf-b016-1bb3b0e31d60,2026-02-23,CUST-924413,5,66,4,42.9,Technical,-1,26,IVR,1,4,83.77,4,7.47,7.63,9.76,0.66,0.75,App to Web,13.1,3
7fcbb255-1654-469f-a300-b2a69fa81591,2026-03-23,CUST-911705,2,-45,4,45.5,Service,1,9,IVR,1,13,94.04,1,4.34,9.26,4.03,0.76,0.66,None,29.47,3
98c32fba-dbf6-4825-9a1f-c3df923408e9,2026-07-21,CUST-548567,3,-78,4,3.5,Service,0,25,App,1,3,75.94,2,1.5,8.34,19.56,0.82,0.83,None,23.24,3
8eb1c9eb-e638-433a-9c4e-e47ba250846a,2026-04-03,CUST-810405,2,-57,0,63,None,0,25,IVR,1,11,85.77,4,9.85,35.85,15.95,0.31,0.79,None,29.51,3
02ee6e68-a8d4-4a78-9a6a-f4f6cdc16593,2026-01-17,CUST-471996,2,-38,2,22.3,Other,-1,0,IVR,0,9,69.43,4,9.57,26.36,15.45,0.61,0.65,None,6.06,3
15adc7a8-5f11-45a5-99fa-fefc5176e481,2025-08-19,CUST-650839,1,-60,2,68.3,Billing,1,16,IVR,3,10,91.81,2,8.52,13.75,19.23,0.56,0.52,None,26.04,4
914a8196-cb5a-4619-afae-958855524a6e,2026-03-01,CUST-398972,3,37,4,7.3,Network,-1,0,Web,2,8,88.4,2,1.4,5.07,17.66,0.42,1,App to Web,16.44,5
f5a976b4-a796-4283-a57f-1c677349cbdc,2025-10-24,CUST-482492,2,36,0,61.2,None,1,4,IVR,1,13,86.93,3,5.54,12.78,14.46,0.94,0.92,None,23,2
a5d02dc1-fc18-4f99-8ed2-96a52a4cf563,2026-07-08,CUST-478377,1,-100,3,50.4,Billing,0,5,Web,1,13,91.35,4,3.11,23.25,10.65,0.84,0.55,None,6.34,1
08ad5b07-7fb3-4c81-9980-45ef28445248,2026-03-11,CUST-855305,2,-6,3,12.1,Billing,-1,6,Web,2,10,89.83,3,9.95,18.6,13.34,0.37,0.56,None,21.45,4
8b882789-d7a9-4707-a8ae-5f9541d3de85,2025-11-08,CUST-623916,3,23,0,22.8,None,1,12,Web,2,5,87.32,5,1.39,25.51,6.23,0.77,0.87,None,24.91,4
15f38220-54ae-42c5-b7ad-e0fc76f35c6e,2025-09-09,CUST-272357,1,-11,4,32.8,Network,1,3,App,1,2,66.22,2,8.69,19.28,1.32,0.92,0.8,None,23.06,5
07065cf4-dbee-4ac9-9d26-091eb82fe78b,2026-06-09,CUST-943418,4,-29,4,71.5,Service,-1,10,Web,3,5,84.35,5,4.37,14.35,8.84,0.5,0.99,None,26.31,3
c58f4f30-28ca-494f-9890-4c863235faa1,2026-02-13,CUST-189727,2,4,1,42.4,Technical,-1,24,IVR,2,6,75.87,2,2.82,28.34,7.18,0.19,0.6,None,8.92,4
7cae6675-50c5-4ad3-a247-5ef805953386,2025-11-10,CUST-128383,2,25,4,25.8,Technical,-1,26,Web,1,12,69.01,2,4.1,6.29,11.47,0.2,0.75,None,10.82,5
b9d46647-5212-49de-9a46-d7d6c2b85db0,2026-03-21,CUST-513195,2,33,3,68.2,Network,1,7,Web,1,13,80.25,2,6.49,36.54,18.43,0.9,0.61,None,18.46,2
d4bc2cb4-d192-4db4-8b13-78788ad28dc7,2025-12-06,CUST-399992,5,-38,1,50.9,Other,-1,10,IVR,2,7,77.6,4,9.5,17.07,18.03,0.75,0.57,None,26.97,3
ad287cc1-89ee-4e5b-a47a-d0bd63ed231c,2025-12-20,CUST-277793,2,65,5,44.3,Service,0,27,App,2,6,77.25,1,9.7,28.15,16.25,0.77,0.55,None,22.53,1
46698a2b-e8b4-450f-9780-e2aa8d556f2f,2025-09-24,CUST-600309,3,-71,4,24,Technical,0,14,Web,3,5,85.53,2,8.87,22.55,17.36,0.83,0.94,None,9.52,4
f6f43d98-5935-405d-8cd3-13c47b2a0bbf,2026-05-29,CUST-378825,2,-64,2,5.7,Other,-1,29,Web,2,6,69.26,3,5.2,26.06,14.53,0.56,0.55,None,16.43,4
e6ed4f23-f228-433a-8c03-a4d5951c6c1d,2026-05-27,CUST-106191,1,-78,5,65.9,Other,0,25,App,2,13,60.29,2,1.06,17.12,11.9,0.24,0.62,None,28.23,2
c53650c1-05ce-46bb-802a-0aeafe3c8367,2025-08-28,CUST-148994,5,-8,3,60.3,Technical,1,26,Web,3,5,71.2,3,4.72,27.01,4.64,0.99,0.68,None,29.49,5
660ad24b-ab77-47ba-8aa5-7d501b027a59,2025-12-20,CUST-285202,2,63,4,8,Service,1,27,Web,2,9,77.07,4,0.52,17.08,12.07,0.54,0.76,None,8.04,2
7266faaf-e39e-478a-8851-f3eed0edc981,2026-03-04,CUST-221294,2,-38,4,23.3,Service,0,4,IVR,0,5,94.03,4,1.9,15.41,7,0.44,0.58,None,21.56,2
f944681f-9595-4353-bf72-58bf013996b7,2026-01-09,CUST-596349,1,-68,0,61.2,None,-1,25,IVR,0,1,89.46,3,0.53,15.47,11.7,0.21,0.76,None,17.94,2
8c5d929e-660b-44db-970a-5220155354d2,2025-07-30,CUST-635113,2,80,3,63.1,Service,0,18,IVR,0,3,77.47,4,1.2,7.06,3.03,0.41,0.97,None,13.99,4
7d377c42-8b4f-49d8-b9ff-09449402cb0e,2026-07-19,CUST-517633,2,-59,1,54.8,Technical,-1,15,IVR,1,10,92.25,3,3.59,14.81,13.46,0.3,0.85,App to Web,27.5,4
470c746c-8d25-47ed-90af-70583a450ba5,2025-10-23,CUST-314569,2,69,5,66.6,Service,-1,7,IVR,2,1,85.65,2,8.86,30.5,7.88,0.58,0.78,None,6.46,1
860c484a-13eb-4622-9c65-cbf1735d925b,2026-04-18,CUST-398153,2,-12,4,16.9,Network,1,22,App,3,13,93.07,5,3.91,10.76,10.02,0.91,0.93,None,23.53,4
7999b4f1-8c83-4f16-9e38-9e4db2281fd2,2026-01-23,CUST-455677,2,27,3,13.6,Service,0,17,Web,2,11,73.99,4,6.91,18.85,1.64,0.24,0.89,None,26.82,4
7f023558-bf15-4b90-ad42-6abdc935f422,2025-08-04,CUST-612701,4,54,1,47.5,Service,-1,23,App,2,9,65,1,6.31,33.09,10.7,0.36,0.52,None,5.11,4
c82959af-b753-41a3-8e58-8f967ff13789,2026-04-01,CUST-797720,4,14,5,47.1,Network,1,4,IVR,2,3,67.56,1,0.97,33.25,5.01,0.54,0.65,None,10.86,2
a91109af-223d-4c7d-8cd6-1fc8aa3e06ca,2026-03-13,CUST-993905,2,24,1,27.2,Other,1,15,App,1,3,83.41,3,7.65,34.58,16.9,0.29,0.98,None,13.01,2
789922d6-bead-4978-9dcd-56aebf50f092,2025-08-07,CUST-254085,1,7,5,42,Network,0,4,App,3,13,72.47,4,5.56,18.41,5.98,0.23,0.75,None,12.07,5
356d9117-5843-4338-bb06-2899d50ffb28,2025-07-30,CUST-119427,3,80,4,23,Other,0,3,IVR,3,9,72.7,1,5.55,14.81,12.86,0.18,0.63,None,20.92,3
3236ceda-79dc-4eba-bef1-192800c2ee7f,2025-11-06,CUST-682853,3,29,1,29.8,Technical,0,2,Web,1,7,91.34,3,1.92,10.02,1.52,0.57,0.85,None,9.94,1
61f5f1bb-4d0e-4419-99c4-4a53f4ae5abf,2025-10-05,CUST-564970,2,28,4,21.7,Other,1,28,App,1,11,76.75,4,6.23,35.84,1.41,0.95,0.89,None,7.74,4
acf537c7-5aa3-4f53-b658-36bb9c42dcaf,2025-09-12,CUST-338517,4,-77,2,15.1,Other,-1,15,Web,2,2,83.21,3,1.39,18.62,12.23,1,0.89,None,6.58,2
2ec80f81-8bfd-43c6-9038-622c7607d73b,2025-12-24,CUST-365368,4,74,3,17.5,Billing,0,21,IVR,3,4,87.44,2,5.22,30.83,1.13,0.86,0.93,None,22.94,3
480be755-ca2c-475c-9c5c-4c2ebfa9829c,2026-06-25,CUST-482319,4,-89,1,58.6,Network,1,16,IVR,2,11,66.54,1,8.76,8.85,1.32,0.53,0.81,None,14.49,5
97ff4aa2-46af-4674-be68-e68125b02d3b,2026-04-18,CUST-842429,1,-12,1,39.8,Network,-1,28,App,2,12,63.74,3,5.59,23.19,7.05,0.22,0.7,None,20.11,1
d69f6190-0bdc-48cc-bb9e-0db12b22dd0f,2025-08-18,CUST-763933,4,-81,1,27.6,Other,1,12,App,0,9,91.98,4,4.9,25.12,12.73,0.99,1,None,28.58,2
d2429ebd-1c16-4b51-b565-05c764780b97,2025-10-15,CUST-712631,4,76,3,10.3,Billing,1,21,Web,2,4,76.51,2,2.26,21.82,5.73,0.79,0.86,None,14.42,2
29907520-58a6-42f9-ab6f-a951b66affa5,2025-09-05,CUST-206006,1,43,5,32.8,Network,0,16,Web,0,11,74.34,3,6.1,9.79,2.85,0.92,0.62,None,29.03,1
109d6365-97f0-4215-999e-fd8ca8f64414,2026-02-03,CUST-344486,5,48,3,27.9,Service,1,1,IVR,0,6,88.71,4,4.69,18.89,5.39,0.32,0.53,None,12.2,3
7231c840-3613-4e1c-a2bc-cd964624fc73,2026-01-06,CUST-259077,3,-83,4,11.9,Technical,1,16,Web,2,13,64.55,3,5.89,33.89,2.75,0.32,0.9,Web to App,5.44,3
3045ff22-b55f-4eae-8ceb-c38420120cee,2026-07-16,CUST-120686,5,29,5,58.1,Technical,0,20,Web,2,10,68.57,3,3.02,5.59,1.07,0.41,0.93,None,21.77,5
3350ec0d-52fe-4467-a1ad-e92fd5e43ae2,2025-11-28,CUST-844348,3,44,2,57.6,Other,-1,17,App,2,7,80.56,5,9.64,39.09,9.52,0.63,0.88,Web to App,13.75,2
58d9a999-ddfa-408b-a25e-6086cf2a62b3,2026-04-29,CUST-600753,2,-41,4,63.5,Network,0,14,IVR,0,2,78.22,2,7.99,15.78,19.27,0.54,0.93,None,21.68,4
f2845a96-f10b-41b8-895e-bc6a793278bd,2026-05-04,CUST-909097,2,-80,3,46.5,Billing,-1,17,IVR,2,14,64.34,3,4.39,36.16,12.24,0.81,0.77,Web to App,23.73,5
baceaf3b-ad56-4886-bd73-18889e5e63cf,2025-09-19,CUST-814166,2,34,3,40.3,Technical,0,23,Web,3,5,86.82,4,9.65,30.89,6.53,0.59,0.62,None,14.92,5
5ac7102d-ed35-4399-81bb-9e5e601cb154,2026-02-04,CUST-578395,3,-100,3,16,Other,0,16,Web,0,2,88.94,2,8.46,13.65,10.04,0.93,0.86,None,28.87,3
87dc6824-7c65-4ad9-b055-99557653e5bc,2025-11-20,CUST-844593,4,36,5,34.8,Other,-1,5,IVR,1,8,67.39,3,8.9,6.31,1.92,0.29,0.52,None,10.46,4
41a4d7d7-bcd0-468a-ae29-33edff10b6a5,2026-01-07,CUST-509555,4,39,2,60.5,Other,-1,22,App,1,3,75.67,4,2.57,16.6,16.22,0.47,0.92,None,28.56,3
ddf017cc-8897-4b3f-9246-8ba54cac9a23,2026-01-09,CUST-788954,4,-53,1,71.8,Service,0,18,App,1,8,69.26,4,5.48,38.08,10.51,0.74,0.78,None,8.96,1
1ffb1a91-c121-4423-af84-a08583d0c6bb,2026-04-04,CUST-193679,2,80,1,55.3,Service,0,22,IVR,2,3,75.83,3,1.92,29.55,12.77,0.36,0.58,App to Web,26.18,2
7b4f1eb1-a680-4181-b4b9-552207393fa9,2025-11-10,CUST-557505,5,-13,3,21.9,Billing,-1,16,IVR,1,3,61.35,3,7.18,39.15,9.79,0.2,0.83,None,11.75,1
47b90a38-5315-4f93-8482-98d6fc2bcb07,2026-07-12,CUST-348240,4,-65,4,46.5,Billing,0,9,App,2,7,65.4,3,9.45,8.86,16.73,0.91,0.71,App to Web,16.33,5
ce47bb31-42b6-44b3-869f-6040c46d73f2,2025-08-05,CUST-568112,4,-27,2,38.2,Other,1,23,App,2,7,76.58,3,8.09,36.21,1.93,0.92,0.83,Web to App,15.1,5
22be4c82-22db-4762-9717-bf4b7eee5721,2026-02-11,CUST-108051,1,13,2,22.4,Billing,-1,19,IVR,3,10,89.88,4,3.03,15.5,12.65,0.91,0.63,None,24.17,2
9a55e045-32fe-4487-83f9-931b8f8213aa,2025-12-29,CUST-970825,4,-27,3,41,Other,-1,25,IVR,2,2,64.74,3,0.7,16.32,11.21,0.7,0.73,None,24.62,4
517e4855-599e-416a-b7a3-77a774d98231,2026-01-02,CUST-777230,2,-66,0,63.6,None,0,18,IVR,2,2,78.78,3,3.44,18.93,5.79,0.53,0.68,None,9.7,4
6d5b42b6-7245-4927-9149-d5d7ae345e58,2026-05-23,CUST-510775,3,33,1,30.1,Service,-1,1,App,1,14,91.78,5,1.84,9.32,6.95,0.1,0.79,None,13.53,3
a16bcd3c-c96c-4722-bbb6-d5d86487b398,2025-11-28,CUST-466592,4,91,2,38.1,Network,-1,23,Web,1,13,87.67,3,2.05,39.25,5.82,0.48,0.65,None,7.13,4
389fb2e7-4a82-4785-8837-fe2bed1c0421,2026-05-30,CUST-818046,4,65,4,62.1,Billing,-1,25,IVR,1,7,84.41,4,3.98,11.9,19.84,0.32,0.77,None,6.98,4
e968f37a-7b47-4fb1-99e4-63b5227be8b5,2026-05-11,CUST-205362,3,-92,2,1.7,Other,-1,0,IVR,3,4,66.24,2,1.67,35.01,16.41,0.94,0.89,None,9.47,1
64c970f2-ff8c-4a0a-ac74-8f90ac4c443b,2025-11-02,CUST-367210,2,35,1,45.5,Network,1,6,Web,2,4,77.88,2,9.12,26.87,10.19,0.86,0.89,None,27.03,2
44f4fcca-d208-4683-9b3f-deaea89ab4dc,2026-04-17,CUST-613076,3,94,5,29.3,Service,-1,3,App,2,1,65.62,1,0.41,17.41,10.78,0.68,0.54,None,17.84,3
0eef73d6-02f9-4d3d-b55d-1d11ee6d846c,2025-08-27,CUST-741538,4,-59,1,3.3,Other,1,27,IVR,2,13,64.46,2,5.76,37.53,15.48,0.74,0.51,Web to App,21.06,4
f5709a15-ee59-486b-8b08-dd2513a559eb,2026-05-24,CUST-711305,2,85,1,10.5,Billing,-1,10,IVR,3,12,79.21,1,8.78,24.49,5.16,0.9,0.81,App to Web,23.8,3
ddb0190c-0f7c-4131-b87f-97154cb4a542,2026-04-27,CUST-446912,3,8,0,42.9,None,-1,15,Web,2,5,69.02,1,2.07,9.12,8.9,0.59,0.52,None,20.99,2
8c793854-63c4-46ca-b1e0-3fd8abf219b7,2025-09-24,CUST-580693,2,72,1,24,Other,0,0,Web,3,6,83.79,3,3.13,29.28,3.06,0.9,0.98,None,16.62,2
85a5b6e6-f8f0-4a9e-a56c-29e017263fa5,2025-10-29,CUST-799515,2,-22,3,30.7,Technical,0,20,Web,2,9,91.53,4,9.43,9.76,4.04,0.28,0.58,None,16.04,2
6199e422-d812-4c1f-9a58-3157931c0b79,2025-09-11,CUST-622900,4,75,4,55.3,Billing,-1,28,IVR,0,6,63.3,2,9.21,38.94,13,0.38,0.59,None,19.06,5
24e3c336-c627-48f9-9256-ee677db476c6,2025-11-02,CUST-907459,4,87,4,34,Billing,-1,5,IVR,1,14,87.4,3,0.15,36.22,14.74,0.18,0.71,None,12.12,2
8c30042b-d812-47e8-a7a6-0fbe3f0d9131,2025-11-15,CUST-976151,4,-17,5,29.1,Billing,1,7,IVR,0,13,88.75,5,6,27.02,15.4,0.54,0.93,None,7.96,4
ace43380-6894-4333-a74b-8163ef2b3c88,2026-03-14,CUST-268450,3,67,4,16.6,Technical,1,20,App,2,10,82.52,2,9.56,13.07,18.78,0.26,0.72,None,15.56,4
6137ef17-c468-4c91-b6c4-a21f6e9528e1,2026-07-06,CUST-148126,3,-58,1,69.5,Other,-1,26,Web,1,6,92.1,3,9.5,20.59,10.91,0.51,0.76,None,13.65,4
a63f9c9d-08f1-4951-a806-e31e1d1f5712,2025-12-01,CUST-250663,5,72,1,38.9,Network,1,8,App,1,9,84.99,5,4.38,11.96,12.45,0.96,0.56,Web to App,25.17,4
3455acc7-90a9-433b-930a-928552417724,2025-07-29,CUST-438752,4,-57,2,18.4,Other,0,21,Web,1,3,82.05,4,5.7,18.85,6.3,0.49,0.84,None,20.76,4
87dd9b60-bb71-4567-9a0f-a08a3ba1f4c6,2026-06-12,CUST-481226,2,-43,1,5.3,Other,0,23,App,3,1,71.38,2,5.24,35.64,8.93,0.11,0.74,None,25.65,4
479de50c-8a86-4957-b551-fa4c03c29808,2025-09-17,CUST-662748,5,50,1,68.3,Service,0,25,Web,3,11,71.79,2,3.59,33.65,9.04,0.52,0.61,App to Web,11.6,1
5fa004d5-1680-4095-93f7-c57144f27a44,2026-01-13,CUST-578099,3,46,4,7.5,Network,-1,5,Web,3,7,75.9,2,7.57,20.3,18.94,0.82,0.62,None,18.67,3
85e86e5b-9114-42fe-bc22-6a8d60eda088,2025-09-01,CUST-420171,3,-24,5,60.4,Billing,0,2,Web,0,2,88.23,4,5.09,37.26,18.06,0.76,0.81,App to Web,21.92,3
9c6ec580-c933-48b2-9222-a1f2a01319be,2025-10-30,CUST-922037,2,24,1,59.5,Billing,-1,16,App,2,12,93.56,2,6.31,32.04,4.51,0.5,0.55,None,20.06,4
9d90006d-28d3-4184-8e62-1dd6205fd0fd,2026-05-19,CUST-406354,3,47,2,6.3,Network,-1,11,App,1,10,84.24,5,7.66,12,17.78,0.87,0.59,App to Web,21.73,5
bb62563c-4541-43b8-818f-9003fa2dab5c,2026-01-30,CUST-989786,4,54,4,51,Billing,-1,2,IVR,2,5,74.43,4,3.96,20.21,8.31,0.98,0.51,None,7.76,3
32992d3d-b017-4b69-a277-48d7c4bb6086,2026-05-09,CUST-710767,3,31,3,4.1,Billing,1,2,App,2,9,92.1,4,4.66,22.09,18.71,0.86,0.81,None,13.46,4
c185bf9b-171b-463b-8a71-5a476405bb82,2026-03-21,CUST-969112,4,2,4,61.6,Technical,1,25,Web,2,10,92.98,4,9.15,6.28,3.66,0.75,0.63,None,5.72,2
1488765e-c4d0-45de-8ce8-13ff61d5bd0b,2026-02-27,CUST-910121,3,-47,2,15.6,Other,-1,26,IVR,0,7,89.85,3,1.45,14.34,7.04,0.98,0.57,None,23.79,1
1ff83714-c5fa-4b42-821d-6a3cf4994bf7,2025-08-01,CUST-552055,2,-59,0,22.8,None,1,28,IVR,1,12,94.03,4,5.66,35.93,9.25,0.35,0.57,None,26.35,4
f518b3d6-7671-48a7-9e7e-b9fd27da9da1,2025-08-27,CUST-784749,4,94,3,19.1,Other,0,6,App,3,3,60.06,5,7.19,19.48,2.04,0.76,0.86,None,27.22,2
28da1bf2-9714-4567-9eb2-cbbcb78f1e0f,2026-07-11,CUST-812258,5,44,1,67.1,Network,-1,29,IVR,1,1,74.13,2,3.89,39.3,19.1,0.39,0.63,None,26.97,3
49061a7a-eb18-480f-b85c-d738a2ebaecb,2026-05-20,CUST-615435,5,-32,1,8.2,Other,-1,20,App,0,6,64.33,4,5.02,32.2,5.12,0.8,0.81,None,8.23,2
a7cb1116-be89-4809-a1aa-d29353d25f4a,2026-01-16,CUST-468719,5,94,1,57.3,Other,1,5,IVR,0,1,60.48,4,1.57,34.03,11.61,0.45,0.75,None,6.44,2
75d3dba9-3a51-4349-b540-a43e8551de56,2025-09-19,CUST-772368,5,-94,2,42,Billing,1,1,IVR,2,11,88.29,4,6.45,20.84,2.2,0.61,0.88,None,18.64,4
60317272-659a-412c-8eca-15c317d0e291,2025-09-05,CUST-624951,4,4,4,13,Billing,1,12,IVR,3,14,64.17,2,4.83,38.15,3.88,0.75,0.93,None,11.33,5
de19f3a1-ac5e-42e9-be09-cf46ff5e6599,2026-03-18,CUST-234145,1,39,2,39.3,Billing,-1,5,IVR,0,2,87.97,4,4.82,28.14,18.78,0.95,0.88,None,25.9,3
5e0b60bf-d242-49e8-9fc3-6ce09a431a3c,2025-11-10,CUST-898059,3,48,1,9.7,Other,-1,4,IVR,1,9,73.9,4,6.06,39.15,8.24,0.52,0.53,Web to App,9.63,3
84bf4360-3045-4d23-8f57-ae395823cbe2,2026-06-04,CUST-494889,2,38,2,47.8,Technical,0,27,App,3,6,86.82,4,0.23,20.26,3.37,0.3,0.82,None,24.97,2
fa856391-8c26-4605-bdd2-02ce567821fc,2026-02-02,CUST-930468,2,87,1,33.2,Billing,0,13,Web,3,1,82.62,5,2.44,39.77,19.35,0.56,0.71,None,23.62,3
c80e005a-85f8-49a3-b945-5d8976549ced,2026-03-15,CUST-174165,2,64,3,43.2,Technical,1,15,Web,2,4,87.64,2,3.23,12.21,6.19,0.61,0.99,None,23.36,2
a20b76fe-f46a-4adf-a58d-ab20f7f58b59,2025-09-26,CUST-756638,1,94,3,19.5,Service,0,10,IVR,2,5,64.82,1,8.5,16.15,7.07,0.89,0.78,None,16.75,3
db82b83f-0ff1-4929-9f0c-31a949ee8a29,2026-02-14,CUST-770646,5,-6,1,35.2,Network,0,30,Web,1,8,74.46,5,9.28,29.18,17.4,0.91,0.84,App to Web,13.89,1
a67b4539-d55c-45dd-98b0-7ae899760813,2026-06-03,CUST-850107,2,-23,1,24.6,Network,1,6,Web,1,7,60.77,1,4.1,35.23,12.45,0.78,0.89,None,8.29,2
01bf4bd8-4652-467c-ad73-1af2bac4e72c,2025-09-22,CUST-941188,4,88,0,4.5,None,0,3,App,2,8,67.29,2,9.48,16.62,12.69,0.52,0.82,None,25.51,2
31434ae8-78ed-4d8e-9595-1f2933928c3e,2026-04-28,CUST-831438,3,-76,3,31,Billing,1,5,IVR,1,3,71.42,3,7.41,11.73,12.09,0.83,0.65,None,26.63,5
9873f846-7fcd-48ce-80fc-f7547b4d210e,2026-03-09,CUST-580696,2,1,5,70.4,Network,1,19,IVR,1,14,89.41,1,2.43,38.75,17.74,0.63,0.69,None,22.88,1
7523c092-1bf0-480f-9cef-bcecaaa5ac6f,2025-10-05,CUST-973506,5,44,4,61.6,Technical,1,24,IVR,2,1,84.99,4,7.54,8.35,17.51,0.85,0.52,None,5.93,3
4f249633-5052-4d8a-b334-54ab3cbc951d,2025-08-23,CUST-128943,3,1,1,49.2,Network,0,13,IVR,2,9,74.38,4,5.69,39.66,12.71,0.33,0.77,None,28.06,3
59f8bd77-5036-4654-a8af-2029445b2c38,2025-08-02,CUST-217769,1,3,0,11.9,None,0,24,Web,0,4,86.67,2,1.42,13.68,3.08,0.34,0.65,None,9.9,5
c0a125d4-95a3-4e6d-ba6a-ffd27e1e0e99,2026-03-08,CUST-123367,3,-75,3,61,Technical,1,4,IVR,3,14,63.4,1,7.86,35.12,19.25,0.52,0.98,None,11.64,3
11e301c2-39dc-4c5b-9810-d023ad2b43aa,2026-02-23,CUST-940908,3,83,2,8.5,Billing,1,13,IVR,2,1,85.3,3,5.77,36.09,4.71,0.92,0.87,None,18.84,4
d7b61012-2006-4543-9ab7-ee9dd675e1fb,2026-04-23,CUST-870683,2,43,3,17.2,Other,1,9,IVR,3,7,68.16,2,0.47,8.3,2.08,0.11,0.97,None,25.68,1
d87d8250-08bb-4487-b4d4-ea9c221aa648,2026-02-22,CUST-178907,2,56,5,46.3,Technical,1,14,IVR,2,1,77.4,3,7.63,12.85,3.79,0.27,0.54,None,25.34,5
ed38642d-ebc1-4cd3-8702-24b71281eaa2,2026-02-28,CUST-155039,4,-61,5,55.8,Service,-1,10,App,0,12,79.02,2,9.18,37.53,4.7,0.21,0.69,None,29.46,2
c54b3491-d733-403f-ad66-b916f5fd1e62,2026-03-13,CUST-824352,5,33,2,30.4,Service,1,11,IVR,0,7,85.15,4,7.58,32.45,5.68,0.99,0.57,None,12.44,4
fe7d98be-6bfc-40c7-b56f-5dc4437069c5,2026-01-10,CUST-224516,3,-11,4,61.6,Technical,0,17,IVR,3,12,92.41,5,3.46,8.52,7.36,0.3,0.99,None,6.08,2
92df0d7e-8ba5-43b5-ab88-62cce00d0084,2026-01-14,CUST-577620,3,-70,2,12.2,Service,1,3,IVR,1,9,84.73,3,4.6,9.24,6.27,0.6,0.78,None,13.48,5
ec4f0acf-6f8e-4188-9c17-1f06b188d183,2025-10-11,CUST-741259,5,-28,1,70.3,Billing,-1,15,App,0,7,60.26,2,8.43,36.09,17.78,0.8,0.59,None,11.73,4
7546dd96-3722-47d6-8936-3555af0a8217,2025-10-23,CUST-557865,1,-49,0,65,None,1,7,App,0,10,89.08,4,9.73,11.59,10.4,0.97,0.75,None,7.33,3
9c833264-073b-4543-a678-27899cab7a83,2026-03-26,CUST-369174,3,36,3,40.3,Other,0,10,Web,3,10,73.85,4,5.99,29.82,7.88,0.13,0.68,Web to App,28.59,1
06b25fa6-bbda-44af-97ae-e7bb3aa9997e,2025-07-26,CUST-727266,2,-53,1,49.3,Billing,-1,28,IVR,1,5,68.97,5,2.17,34.42,7.31,0.66,0.82,Web to App,25.67,1
1a4529b8-fd3e-451e-ac24-5088bea50cf7,2025-09-14,CUST-290177,4,-49,4,33.3,Other,1,3,IVR,2,8,82.07,3,0.47,12.14,10.01,0.91,0.56,None,21.76,4
5bd164b9-2a49-4a30-8096-22159233b236,2025-12-10,CUST-439573,3,11,1,65.3,Billing,-1,13,IVR,2,0,64.74,1,3.82,37.92,6.84,0.73,0.98,None,15.12,4
0da83972-728d-4de2-9b47-13a8b1b67dda,2026-03-18,CUST-337914,1,45,0,71.7,None,1,28,App,0,13,63.96,4,3.38,6.09,1.75,0.97,0.67,None,11.27,3
331cb59c-9db5-4477-890d-8063af2e9517,2025-11-19,CUST-594674,4,37,2,1.3,Network,-1,8,Web,2,2,61.07,4,6.37,15.9,15.76,0.9,0.94,None,29.21,2
efd614d3-6c2c-4fcd-82db-1be69d55954b,2026-06-03,CUST-257505,4,-89,2,71,Other,1,3,IVR,2,8,72,2,1.71,14,19.33,0.47,0.78,None,13.01,4
243b7d0d-09e1-42f6-9740-50cd8f76ec8b,2026-01-19,CUST-206056,4,70,5,7.3,Billing,1,22,IVR,0,1,68.97,1,8.9,34.21,10.21,0.79,0.77,None,25.95,5
24ccc1b9-77c3-4270-8e09-7968b21d7d71,2025-12-09,CUST-329278,4,-90,3,29.7,Technical,1,5,IVR,0,5,66.81,3,2.28,11.63,19.27,0.97,0.78,None,8.41,4
f01b937b-8cdc-4607-984a-f5d9a4f67af5,2026-04-10,CUST-322834,2,-1,3,8.8,Service,1,2,Web,0,8,79.72,3,3.71,11.02,2.97,0.51,0.89,None,14.48,2
a603302f-d607-4ec6-b299-b15a958cd71c,2026-04-08,CUST-231021,1,62,1,7.7,Other,1,2,Web,3,2,90.08,1,6.87,27.44,6.49,0.54,0.75,None,17.2,2
f5cbaa7a-a8b9-48bf-94a6-79cd57089105,2026-02-25,CUST-319474,5,31,2,63.6,Other,1,10,Web,2,4,67.59,5,4.05,7.7,6.96,0.68,0.79,Web to App,24.3,2
a11bc227-9535-4eb0-b2ae-f02e244f0f42,2026-02-06,CUST-915209,4,13,2,61,Service,1,26,App,3,8,87.48,5,0.65,35.4,12.03,0.16,0.56,None,16.54,3
4fb7760e-b264-45f1-9c0f-ed62e12956ca,2025-10-13,CUST-396358,1,15,2,6.3,Billing,0,6,IVR,2,4,79.69,4,7.68,26.47,5.93,0.42,0.93,None,25.35,1
ada120b3-a273-46a5-9739-3f5d73e00800,2026-01-24,CUST-172290,4,-83,2,15.4,Billing,1,16,App,2,8,66.98,4,1.64,15.11,14.55,0.51,0.82,None,14.3,2
1050cd7d-f953-42ae-8c92-2611900d16ab,2026-01-17,CUST-568628,5,61,5,69.8,Technical,1,22,IVR,2,10,89.42,2,3.5,23.55,15.07,0.56,0.95,None,23.56,3
c711ac6f-3404-428a-b158-31821d9d48c1,2026-05-08,CUST-596609,3,-2,3,34.8,Other,0,12,IVR,2,0,81.8,2,4.85,25.34,16.66,0.68,0.66,None,13.26,4
bafe0b65-46d1-4566-bdf7-617bbac1fd73,2026-03-29,CUST-679546,2,-49,5,36.4,Service,0,15,App,2,6,66.15,2,3.28,15.45,11.9,0.58,0.68,None,18.93,3
1ebc685e-f520-441f-b5c4-70e3fef2fa6e,2026-01-22,CUST-231975,5,54,4,24.6,Billing,-1,20,App,2,3,91.04,2,4.49,32.03,10.92,0.94,0.86,None,15.04,1
dab74bf3-58dd-42e3-ac42-87c554b6a7f6,2026-03-14,CUST-425751,1,-87,2,28.4,Network,0,22,Web,3,13,92.75,5,6.99,13.69,14.66,0.46,0.93,None,6.33,3
f9c937d4-6634-4a9c-be88-0d8f03b0487d,2026-01-04,CUST-638547,4,-34,1,59.4,Billing,0,8,IVR,2,13,64.76,3,8.89,22.98,12.76,0.18,0.94,None,13.72,4
5164f3c6-59dc-4911-9049-715505077c24,2026-04-01,CUST-625527,5,-35,1,39.4,Network,1,4,App,0,10,74.96,4,4.17,17.21,7.39,0.84,0.89,Web to App,7.37,4
c086a341-307a-4ebd-b675-0816a0eadae6,2026-07-01,CUST-947122,1,-40,1,41.1,Technical,-1,6,App,1,9,62.38,5,3.1,25.52,1.33,0.86,0.57,None,9.07,4
70419e78-3319-4877-83dd-6dffbe72b623,2025-10-08,CUST-975439,5,-69,1,63,Service,1,1,Web,1,9,69.17,2,2.64,5.96,3.1,0.54,0.78,None,17.37,3
dd529975-1eb7-49d6-972a-257245eaccd7,2025-10-11,CUST-990115,4,63,1,28.4,Technical,-1,27,IVR,1,8,93.89,5,2.4,28.49,6.71,0.13,0.62,None,13.95,2
f50d7df0-20d4-473f-a512-f0fd91dd7cd3,2026-04-30,CUST-370956,4,53,3,65.3,Billing,1,22,IVR,1,3,64.28,3,2.9,7.5,6.04,0.39,0.95,Web to App,20,4
01ecea4e-da2d-42c2-ba53-71372c6beb3a,2026-07-04,CUST-783115,2,85,0,38,None,0,15,IVR,2,12,68.73,3,7.2,26.67,9.21,0.68,0.72,None,22.29,3
d4111d07-adaa-43f3-9c97-b98584199157,2025-10-02,CUST-398893,3,-71,2,43.3,Other,0,26,IVR,0,14,72.9,4,5.59,13.11,7.12,0.56,0.68,Web to App,23.3,1
b8dd0fa7-7914-4a95-af27-cf8205912220,2025-12-03,CUST-997307,5,60,2,55.9,Network,-1,11,App,0,11,91.63,2,3.76,17.98,16.66,0.53,0.78,None,29.91,3
4e318963-ce4f-4d44-a792-042dfb886d83,2025-07-29,CUST-179433,2,-3,1,29.2,Billing,-1,15,Web,1,7,74.64,5,0.19,34.83,11.49,0.39,0.91,None,20.88,2
8b128df9-b7e4-41e9-9409-f1ef4aa9c69b,2026-04-12,CUST-903859,4,68,1,51.1,Service,1,2,App,2,12,63.03,3,9.45,5.54,18.11,0.25,0.67,None,7.58,3
8001c494-950d-411c-95c3-e48dce60d875,2025-09-30,CUST-784023,4,56,2,39.4,Technical,1,22,IVR,0,13,64.09,2,4.33,27.81,17.23,0.55,0.58,Web to App,23.61,1
45cf7e1f-d76a-438a-b8d1-72d4526f4b6a,2026-04-17,CUST-442000,4,40,4,70,Network,1,28,App,0,7,90.58,1,6.92,33.95,2.99,0.78,0.96,None,14.1,3
d1b76002-0abe-4d0a-aff4-cda3a0dbe1d0,2025-12-23,CUST-359873,5,3,1,42.4,Technical,0,13,App,1,4,89.07,3,7.99,12.75,16.29,0.22,0.6,Web to App,8.9,2
9a576088-b9a2-49cd-8459-27d2bc8313f5,2025-10-28,CUST-800832,2,-21,4,53,Other,0,25,IVR,2,0,62.74,4,5.33,20.1,5.92,0.22,0.94,None,8.67,1
3b23047d-bcda-4146-a586-565ae401bdb3,2026-06-10,CUST-248965,4,81,3,20.9,Billing,-1,13,IVR,0,11,88.23,4,6.29,20.99,18.29,0.75,0.85,None,25.1,5
4fb27cf5-17e3-4024-9f0d-432156f048f8,2025-08-13,CUST-832202,3,41,1,41.5,Billing,0,13,Web,0,2,73.22,2,5.38,33.03,10.09,0.11,0.78,None,25.91,3
ef6968fe-ab97-4036-aa76-91fc9b2876ef,2026-02-11,CUST-144330,2,40,3,58.3,Network,0,22,IVR,2,11,62.05,4,5.96,19.09,6.37,0.9,0.95,Web to App,8.37,5
c7510214-166f-44b3-b8ee-3c24519af548,2025-12-13,CUST-226965,4,-15,5,36,Technical,1,6,App,3,1,77.97,4,1.32,33.85,1.31,0.62,0.84,None,14.4,5
a941cb5f-c052-409c-8e1b-f737c99d91d8,2025-10-22,CUST-692407,3,54,5,45.8,Technical,1,24,App,2,12,80.78,2,8.62,37.42,13.16,0.43,0.94,None,20.23,4
dce5153b-66f8-409d-bc6b-758e781be650,2026-07-14,CUST-523578,5,-69,4,28.8,Billing,-1,17,App,2,2,66.8,3,4.93,20.79,6.54,0.16,0.59,None,8.9,5
7201994b-8e37-4c08-a281-87ad4b30c25f,2026-02-28,CUST-154056,1,20,1,3.7,Other,-1,23,IVR,2,6,71.51,1,7.86,14.57,18.41,0.71,0.59,None,15.16,2
49b1d19d-575b-48bb-9bb6-963688ec18c1,2026-05-08,CUST-233231,2,-17,3,4.7,Network,0,27,App,1,10,64.45,3,5.03,36.89,6.37,0.91,0.98,None,27.01,3
fb03a316-43bc-4ca0-8432-b8d63765c671,2025-09-13,CUST-869172,4,-51,1,67.1,Billing,-1,17,Web,2,1,62.18,1,5.46,26.96,11.92,0.16,0.83,None,19.06,2
2e01c1c7-1821-4e83-a2b5-af1cc38944cb,2026-01-09,CUST-127241,3,-13,3,24.5,Billing,1,12,App,1,10,70.45,5,2.2,10.34,9.25,0.33,0.72,None,23.76,2
16b32964-ffb4-40d9-b602-96b6cef57bb5,2026-06-11,CUST-961212,2,-67,3,7.2,Other,0,26,IVR,1,9,76.81,4,5.29,29.48,8.64,0.7,0.51,None,16.18,2
117a5230-080d-4644-95bc-5f585862fd90,2025-09-12,CUST-638536,2,78,5,50.9,Billing,0,17,App,1,14,86.12,5,3.62,17.63,12.36,0.73,0.72,None,21,4
949c107d-a936-4c68-8183-ce52af27333c,2026-02-19,CUST-621234,4,-47,1,18.6,Other,-1,23,IVR,1,13,90.61,5,4.63,35.82,19.42,0.91,0.55,None,29.3,4
b798ad17-5726-4ddc-80b8-03bab2d589e0,2025-11-15,CUST-917264,5,-20,2,57.1,Billing,1,18,App,2,9,63.02,2,1.36,5.83,18.6,0.25,0.71,None,8.84,3
2791b6fd-c6b9-4869-9511-3a960d69c702,2025-11-26,CUST-784986,2,91,2,31.8,Other,-1,18,App,3,13,83.76,2,9.53,29.56,1.62,0.43,0.97,None,25.6,3
b5fd1dbc-4f83-42f4-831f-1fcda927db3a,2026-04-14,CUST-277568,3,54,2,52.1,Other,0,7,Web,3,12,92.52,2,0.2,29.69,6.56,0.77,0.84,None,19.1,2
bde78cdc-0757-467a-852f-67e3e8dab7fd,2025-08-10,CUST-210008,3,-49,1,71.4,Technical,1,4,IVR,1,7,78.46,2,3.32,27.61,19.42,0.58,0.83,None,12.22,3
0d40ca17-44c5-48ca-b7bc-d817dafef3fd,2025-07-26,CUST-126557,1,-42,4,11.2,Technical,-1,8,App,1,1,90.67,3,2.12,5.81,9.77,0.92,0.83,None,20.56,4
478edce2-9619-4832-b40b-de9b03cb8da9,2026-03-11,CUST-678781,5,-99,2,50.8,Service,1,1,Web,2,7,60.86,4,7.04,12.26,11.16,0.43,0.87,None,9.48,4
1bcd40a9-f4de-4f3e-af77-3656bed8c365,2026-06-02,CUST-273381,2,63,3,69.8,Other,1,2,Web,0,14,70.13,2,0.46,17.89,1.02,0.31,0.6,None,13.85,3
89c0be32-dbfc-4fcb-81ff-9eafe12ebd60,2025-12-26,CUST-895044,3,-72,3,26.8,Service,-1,16,IVR,0,6,86.99,3,2.8,22.81,12.42,0.58,0.6,None,22.5,3
4dec31b4-2950-49e2-9bdc-fb6f47473083,2025-11-01,CUST-836310,3,-24,0,31.2,None,0,10,IVR,0,9,68.18,3,8.41,30.77,15.45,0.37,0.59,None,26.97,5
d43d0551-9192-4a56-96b1-d4f3838f5a71,2025-08-05,CUST-825070,1,6,1,62.2,Service,0,10,Web,1,6,70.32,5,6.13,34.36,19.43,0.48,0.73,None,19.18,3
031ca4dd-9008-4f38-8462-b0c591e8dc53,2025-12-15,CUST-103336,3,-74,1,68.8,Other,0,12,App,3,12,87.3,4,0.49,31.99,10.85,0.56,0.99,None,28.66,1
f011e4b1-d699-4efd-a876-a94a23e06e7e,2026-04-03,CUST-276121,2,-21,0,45.2,None,1,29,App,2,7,93.95,2,1.33,39.49,13.31,0.69,0.72,None,9.33,2
ae31a9f1-248b-4852-b955-613e9e1049f2,2025-11-18,CUST-143628,2,-17,0,29.7,None,-1,5,IVR,1,14,76.5,5,2.44,24.8,3.33,0.21,0.9,None,8.15,3
fcb34eff-ef8a-47ca-8d64-7b8c957e2b0e,2025-08-15,CUST-509631,4,86,4,24.8,Network,0,17,IVR,1,3,79.06,3,7.9,30.89,12.66,0.43,0.82,None,16.33,4
e5ae68f0-bcac-40e4-9059-36a672be1f03,2025-12-09,CUST-719671,5,70,4,66.1,Billing,-1,1,IVR,0,7,80.09,1,4.91,27.17,8.39,0.38,0.95,None,23.51,3
adfff3f4-cac7-4ce9-b730-b0a0dd858737,2026-06-04,CUST-928526,4,-59,3,16.6,Other,-1,10,IVR,3,8,77.51,1,8.85,35.19,5.55,0.55,0.53,None,29.96,4
4eb29587-9380-46c2-8ebf-e34aec4d22b9,2026-06-14,CUST-758470,3,90,2,24.6,Billing,1,15,IVR,0,3,88.65,3,2.19,11.03,12.31,0.21,1,None,11.99,2
a20d6e67-6218-4345-8b4a-229b47b1c749,2025-09-23,CUST-425936,1,-78,1,29.6,Billing,0,19,IVR,3,1,62.65,5,7.03,11.59,3.47,0.67,0.9,None,20.99,3
3939b6b8-5254-4961-b54e-9cc692dc3482,2026-05-25,CUST-103200,5,36,1,27,Service,0,26,App,1,11,73.37,4,4,22.68,4.25,0.89,0.84,App to Web,29.68,2
bd51572a-b5a4-44b9-b254-b0050e0466e3,2026-05-19,CUST-659436,3,51,2,1.1,Billing,-1,16,App,1,6,90.88,2,4.86,21.51,11.65,0.94,0.56,None,15.79,2
fe1e32af-4695-471d-af98-4847c145904f,2025-12-04,CUST-887609,4,81,5,48.6,Billing,1,1,IVR,3,6,84.04,4,7.35,31.1,8.28,0.7,0.88,None,8.18,2
83b73ea0-4ba7-4c9f-bace-3e54f37ef550,2025-10-10,CUST-399545,4,-21,1,43.9,Other,1,1,Web,1,3,71.36,2,2.36,24.27,6.12,0.9,0.75,None,12.34,3
0d75b71e-4e1b-4b66-8299-a21ea312acec,2025-11-15,CUST-934416,2,23,3,1.4,Billing,0,23,App,0,5,92.8,3,3.51,36.19,18.67,0.53,0.73,None,19.37,4
179aefb5-f8d9-4cfa-94ae-956f50c2d0f0,2026-03-19,CUST-547646,3,-51,2,50.6,Technical,-1,1,App,1,3,84.87,1,4.34,18.53,6.29,0.27,0.99,None,18.12,5
fba1cac7-0d86-497a-aef4-f1ca2c591b03,2025-12-29,CUST-248692,2,-35,3,28.5,Other,-1,29,App,1,8,74.21,1,3.26,36.94,9.26,0.36,0.73,None,25.32,3
b47091d0-b0b9-494e-ad53-d3ebd64b3203,2026-05-02,CUST-862759,3,-7,0,33,None,0,22,App,0,5,75.7,2,3.14,21.48,18.16,0.79,0.73,None,22.31,3
b0f8ffa4-fd4a-4068-abe7-3b74d3d469c5,2026-03-25,CUST-268921,5,99,1,29.5,Billing,-1,5,IVR,1,9,72.21,4,6.41,32.44,11.07,0.3,0.55,None,25.23,5
8510aaa4-5d7d-4b52-ada8-c1a0c7108b98,2026-04-30,CUST-670956,1,-87,2,40.5,Technical,0,25,IVR,2,9,94.57,5,5.9,27.49,15.96,0.32,0.94,None,24.16,2
5b62dee4-5f11-44b8-bf3c-7c4c7ef44ee9,2025-12-22,CUST-341567,3,-82,1,5.5,Technical,-1,18,App,2,7,83.86,5,2.33,12.6,4.98,0.63,0.52,None,13.76,3
2f09e909-d5ec-46de-ad88-5b4cdf111822,2025-10-07,CUST-546944,1,5,4,10.9,Network,0,2,IVR,0,7,61.47,3,3.54,33.52,12.88,0.3,0.76,None,28.74,4
27fe04d7-4b26-4624-899c-122d997d81e9,2025-08-18,CUST-889572,4,-7,4,21.2,Technical,-1,16,App,2,2,86,2,2.92,23.31,3.42,0.13,0.58,None,14.06,2
6a509da5-1d04-4014-8896-0c4669c0a6f1,2026-01-30,CUST-154093,5,-91,0,19.6,None,1,4,Web,2,13,82.75,3,5.61,31.34,11.34,0.99,0.53,None,21.61,1
055727f0-01d4-4742-8ae1-ad481276fcf6,2026-05-29,CUST-222962,2,-9,0,53.6,None,1,26,Web,3,9,74.56,4,4.47,23.81,12.69,0.5,0.85,None,12.97,2
f5868e3a-66eb-45cc-bb75-6aedb05d0a02,2025-09-26,CUST-906066,2,-24,2,51.3,Billing,1,15,Web,3,2,89.94,4,0.77,26.67,10.3,0.53,0.98,None,21.94,3
230740e1-23e9-484d-8687-98bdb1ee3e9d,2025-07-31,CUST-440853,4,2,2,58.4,Service,0,23,App,1,5,93.39,3,1.19,36.26,19.18,0.3,0.61,None,9.35,5
ffb775b0-ddfc-40a0-a1cd-b2c43395c37f,2026-03-04,CUST-481188,2,27,0,1.8,None,1,16,App,1,11,78.62,2,0.67,24.77,19.06,0.94,0.74,None,18.71,5
03ac1584-eb15-4d61-a6b9-d68d2cc86268,2026-04-07,CUST-529492,5,48,4,63.7,Billing,0,13,App,0,11,82.77,2,4.77,14.97,8.49,0.94,0.75,None,7.5,4
35a98d5a-2744-46b4-a27c-945956c0e861,2026-05-18,CUST-212326,2,-81,4,41.5,Network,-1,25,IVR,3,5,93.63,4,3.87,23.65,4.89,0.52,0.76,None,22.78,5
0c607981-acc1-4781-ac73-a0d7c742eae2,2026-01-30,CUST-824925,4,-52,1,5.5,Other,1,29,Web,0,1,71.2,3,5.13,11.92,3.51,0.58,0.91,None,20.5,2
f5f00960-fe11-4262-b2e6-6611ce97995d,2025-08-09,CUST-876845,2,33,1,71.4,Technical,1,18,IVR,2,11,87.17,5,2.33,22.46,15.21,0.73,0.84,App to Web,28.17,1
69f93cc0-b189-4962-bacc-5da3f04319de,2026-01-31,CUST-158874,4,-16,2,34.5,Other,-1,13,Web,2,1,86.84,1,2.94,29.61,17.78,0.12,0.53,None,5.23,3
fda27131-4fa5-4619-9245-d9dd67a64e3e,2025-12-28,CUST-496482,5,41,5,7.7,Other,-1,19,App,1,7,74.18,3,3.79,21.16,19.27,0.55,0.89,None,23.18,4
1ecad802-4464-4df3-894b-8d96e8671215,2025-12-11,CUST-771394,3,10,3,18.3,Other,-1,3,App,0,8,77.43,2,1.13,16.76,4.12,0.55,0.65,None,23.78,3
7e121f3f-0c4b-41f4-834e-28a90ab92d3a,2026-02-10,CUST-611906,4,49,1,53.2,Technical,0,14,Web,0,13,87.33,2,2.81,10.22,17.36,0.13,0.96,None,20.09,2
c8d9bc76-723f-486a-b671-a19b73942e3d,2026-04-16,CUST-157130,5,25,4,44.7,Other,-1,7,Web,2,10,76.88,4,6.75,26.8,14.48,0.39,0.52,None,24.48,3
2d291bc5-e894-459b-ae86-c5c93c30bb5e,2026-05-16,CUST-150311,2,65,2,2.4,Network,1,14,App,2,8,90.89,4,9.7,17.56,10.02,0.68,0.63,None,6.7,5
b894f5ba-9868-4e21-8b00-241d7695a2c8,2025-11-12,CUST-594819,4,23,2,25,Technical,1,10,Web,2,9,81.48,1,3.8,21.85,9.56,0.42,0.6,None,6.12,2
71d6b78a-ecb9-4cab-bfcc-fad852b8e02b,2026-04-14,CUST-872368,2,-51,4,6.2,Billing,0,1,Web,2,7,71.06,4,3.84,30.19,9.69,0.76,0.59,None,11.33,3
3cf4c8ba-59fc-4505-a6ee-d310f5c7b373,2025-09-01,CUST-952817,2,-56,0,32.6,None,0,27,Web,2,3,89.92,2,9.76,30.02,13.27,0.23,0.68,None,10.19,3
4271a5f0-c0e7-48c6-81bd-16a3f706f2c8,2026-04-09,CUST-171571,3,25,1,68.5,Billing,-1,21,Web,3,3,77.4,1,9.58,32.32,14.8,0.81,0.91,None,9.6,2
1463f0f2-e0b7-4ce9-a2e6-f1a8ed022d89,2025-09-06,CUST-301739,5,92,3,13.9,Billing,-1,11,App,2,1,92.94,2,6.01,25.92,11.84,0.55,0.54,None,19.12,5
fc1bd10f-ac40-4425-8183-5df54b6bf3e5,2025-09-25,CUST-849825,2,17,3,49.6,Service,-1,4,IVR,1,12,77.01,4,6.8,20.44,2.21,0.16,0.55,None,9.91,3
b488bbd6-9700-43f4-aefb-8e9fd71deda1,2026-02-10,CUST-435871,2,24,4,63.6,Service,1,15,Web,1,5,83.21,2,8.89,25.7,15.25,0.54,0.71,None,24.49,3
73ab97fb-31c4-405b-b956-a5b9bd602f1d,2026-07-20,CUST-842729,2,83,2,67.2,Billing,0,6,Web,1,3,70.72,4,2.01,30.78,3.13,0.19,0.56,None,14.66,2
7ee90906-6408-4274-a87c-b0cb84597a65,2026-03-07,CUST-824273,2,67,4,15.8,Network,1,6,IVR,1,10,90.87,4,6.02,16.61,11.66,0.15,0.65,None,12.76,5
c183f47f-2d56-49b1-ac0d-f4ccd4a855ff,2025-09-24,CUST-964548,3,26,1,22.2,Service,1,24,Web,3,7,61.52,5,6.34,36.45,7.16,0.63,0.68,None,6.98,1
26644839-d708-491f-bdff-3d8a7bea40a3,2025-09-28,CUST-344471,1,-92,0,25.4,None,-1,24,IVR,3,1,81.03,2,2.78,37.08,13.43,0.11,0.73,None,28.21,4
4df09702-5423-46cf-992e-aef3075f95ab,2026-03-10,CUST-432479,1,-7,3,53.8,Network,0,1,Web,2,1,60.19,1,6.18,29.26,10.35,0.21,0.83,App to Web,5.75,4
ededb049-8662-4c68-8fb7-3cc229956cb5,2025-11-09,CUST-875946,4,90,3,26,Billing,1,29,Web,1,8,67.96,4,9.43,17.95,16.81,0.68,0.5,None,6.48,1
40a4b122-b867-4383-aed0-91258faab38b,2026-06-29,CUST-782505,2,45,4,53,Other,-1,24,IVR,3,12,93.99,1,4.16,21.75,15.62,0.89,0.85,None,15.4,3
45bf513b-16b8-46f3-a116-0220e4226126,2025-09-26,CUST-272035,1,-58,3,30.5,Network,0,30,App,1,3,87.67,4,6.81,17.87,2.53,0.31,0.69,None,5.51,1
52ae0fbf-92ef-4e86-99d8-f52b02e285bd,2026-06-11,CUST-155182,4,-34,1,45.9,Billing,1,4,IVR,0,5,86.7,5,9.31,12.06,18.54,0.97,0.69,None,5.5,4
0bd7b6ee-eaec-4443-96a0-f88902395dc3,2025-12-12,CUST-200838,4,23,0,62,None,-1,8,IVR,2,11,61.61,2,1.77,6.59,8.5,0.77,0.99,None,25.17,5
d3598b4d-ec3e-46d5-9156-8ba8e33b4977,2025-10-02,CUST-237372,2,94,2,39.7,Service,1,2,IVR,1,8,79.03,5,7.71,15.46,14.77,0.36,0.74,None,7.05,4
9290bfb1-2cae-4536-a5f3-c5d0d0300713,2026-04-13,CUST-966287,2,66,5,3.4,Billing,1,30,App,0,7,91.03,4,4.49,11.42,3.4,0.21,0.73,None,23.53,2
643fed87-1062-46e7-a290-423e89555611,2025-08-12,CUST-701798,2,-83,4,68.3,Other,-1,26,Web,3,8,69.65,2,4.63,31.84,9.89,0.87,0.73,None,29.48,4
6821729d-bec8-4fb9-93f5-da73a25cd900,2025-09-13,CUST-544288,3,13,1,53.1,Service,-1,4,Web,0,7,72.42,5,3.75,39.45,5.9,0.47,0.85,None,22.32,4
72fbc895-652f-4eb0-95d3-be3650de7214,2025-10-12,CUST-933965,4,-99,5,37.1,Service,1,13,IVR,0,9,75.07,1,7.52,20.68,8.13,0.68,0.65,None,19.78,5
3ad5d707-5bd7-402a-b096-5e5e85bd063c,2026-03-14,CUST-484560,2,-34,4,56,Network,0,16,App,2,1,85.4,4,6.06,25.74,14.11,0.68,0.68,None,18.76,4
2e1292d7-80d9-4681-9f3f-1455bbe91a68,2025-12-16,CUST-287228,3,95,4,54,Other,1,22,Web,2,8,85.55,2,0.38,30.3,17.29,0.18,0.93,Web to App,16.78,2
3ec7e98b-3ee7-4330-b796-3a82e00f50b2,2025-09-25,CUST-382232,4,-4,2,23.1,Technical,-1,11,App,2,7,71.43,5,5.11,13,9.93,0.9,0.64,None,26.82,3
3673deba-04db-4f18-8057-e1e2913a3cb4,2026-01-27,CUST-742536,2,-6,3,69.6,Technical,0,2,Web,2,9,72.85,2,2.45,7.74,10.51,0.33,0.59,None,16.15,4
1e03356f-f9d7-4e36-80eb-6c8d3d2bd8d3,2025-11-02,CUST-382058,1,-62,2,29.5,Other,-1,5,IVR,2,10,71.86,2,5.57,26.15,5.08,0.22,0.96,None,14.63,3
faf9a828-2d8c-4a34-99be-44f672047e38,2026-04-02,CUST-264116,1,-98,2,49.2,Technical,0,19,IVR,0,1,85.43,5,7.51,29.08,14.21,0.89,0.82,None,15.81,3
695ff767-ba54-41a1-8356-116d64339ebf,2026-07-08,CUST-134619,1,-72,2,21.2,Other,-1,16,IVR,0,9,93.31,4,3.25,11,5.57,0.6,0.65,None,19.47,4
fbd3b5a4-7e70-4125-b695-924b728e165b,2025-10-28,CUST-569555,3,-17,0,57.8,None,1,9,Web,2,4,81.68,3,9.97,33.75,6.4,0.56,0.89,Web to App,19.13,2
52e31466-c8b8-41d8-8e79-5bec0cc7afd6,2025-08-18,CUST-577534,4,94,1,59.5,Billing,-1,10,App,1,4,80.65,5,6.93,13.04,4.67,0.38,0.56,None,19.92,4
0a4d1752-829b-4f4b-8efc-1487b2226380,2026-07-13,CUST-816365,2,-55,4,18.4,Network,1,27,Web,1,6,91.72,2,5.67,22.83,14.74,0.45,0.68,App to Web,9.7,2
78a9317a-987c-44cc-8ccf-8843d7983b79,2026-05-19,CUST-266877,2,43,0,64.9,None,1,11,App,2,6,89.55,4,7.34,21.47,15.23,0.69,0.89,None,9.67,1
caaf330a-0534-4a5c-9ad1-1d57d9392b64,2026-04-01,CUST-745070,2,41,0,41.7,None,0,10,App,2,7,77.55,1,4.52,5.85,5.87,0.11,0.78,None,20.36,2
bc418c22-e8c1-4ca1-bd13-7c87260bd7e4,2026-06-10,CUST-245638,4,-89,2,61.2,Billing,-1,6,App,1,9,83.64,1,6.27,21.15,15.13,0.67,0.98,None,17.5,4
92ceca55-0001-430d-a0b6-c3c709de08b1,2026-05-03,CUST-875124,2,-78,3,26.4,Billing,-1,18,IVR,2,4,73.31,4,4.6,38,8.79,0.76,0.98,None,8.34,4
48dd204e-9ab7-409e-8461-d6cccd18d185,2026-01-18,CUST-207880,2,59,4,52.7,Network,-1,1,IVR,1,9,78.81,3,1.5,16.98,7.2,0.22,0.75,None,9.53,2
ff317b47-8d6c-4153-9f1b-378f942bc5ca,2026-01-15,CUST-120737,2,9,4,25.4,Other,-1,19,Web,1,1,76.24,4,2.35,18.48,17.95,0.79,0.65,None,22.72,5
30412441-fd12-4035-8a71-943e61652fc3,2026-03-05,CUST-799442,2,-2,3,10.4,Service,1,6,IVR,2,5,63.33,3,3.89,39.1,9.36,0.79,0.63,Web to App,12.27,1
e9cdf093-f5a4-41b3-a0a6-3aed6256010d,2025-12-18,CUST-912539,1,-62,5,48.3,Network,-1,29,IVR,2,3,62.21,3,8.6,36.24,5.55,0.11,0.5,None,6.64,1
c81b1caa-9f54-4351-a6c3-1da7bcfdfc07,2026-06-01,CUST-804715,4,-87,4,12.6,Technical,-1,5,App,1,9,64,3,4.15,6.94,1.51,0.16,1,None,18.53,4
5e895295-1389-48f7-a6f2-4b05b10146d8,2026-05-11,CUST-314354,2,46,3,43.9,Other,0,1,App,1,4,86.59,2,4.23,13.58,18.43,0.75,0.78,None,20.69,5
deeda56d-5767-4c6a-b14f-a7b7bc654eb5,2026-07-01,CUST-795596,4,-73,1,8.6,Billing,-1,16,Web,2,10,85.93,3,7.85,16.66,6.49,0.36,0.7,None,20.8,3
21447187-c9f8-46fa-9aeb-2441064bdad2,2025-11-19,CUST-901019,3,-86,1,36.8,Network,0,25,App,2,8,86.53,5,5.56,13.16,4.75,0.54,0.7,None,25.03,4
52188efc-df4e-47d8-902a-a583612730f5,2026-03-19,CUST-802932,1,-92,3,7.3,Service,-1,27,App,1,11,78.15,3,4.3,16.3,8.39,0.93,0.62,Web to App,28.54,4
d9d63fd9-f4aa-4fe0-820b-68e06f529760,2025-11-30,CUST-842038,4,72,4,15.9,Service,0,11,Web,2,2,84.91,4,5.46,39.37,15.85,0.28,0.56,None,7.4,4
c68902b5-d8d9-49c6-ac94-fe6b1ac64228,2026-02-25,CUST-579407,4,-76,1,69.5,Network,1,13,Web,1,13,91.75,1,0.52,31.52,7.91,0.27,0.76,None,20.74,4
3a2d3843-ebd1-4dc3-872a-20749e6db75e,2026-05-09,CUST-858178,4,-50,5,17.9,Technical,0,18,App,2,2,69.59,3,7.9,34.05,8.99,0.65,0.82,None,20.9,3
bc8dc523-3540-499d-8c60-e3a1bf043bb5,2026-01-20,CUST-961115,2,71,5,28,Technical,1,11,Web,1,8,88.66,1,7.09,28.65,7.42,0.47,0.88,None,29.68,2
247f595c-3270-4e7d-a71f-d526ca442528,2025-09-27,CUST-593908,2,79,3,10.5,Technical,-1,14,IVR,3,3,90.54,4,3.32,15.91,13.64,0.68,0.86,None,27.6,2
65dc65b9-53f7-4c0c-a2f7-ecb25febd17d,2026-04-12,CUST-146564,3,-62,4,22.2,Other,1,15,App,1,13,66.65,3,2.61,27.17,19.8,0.55,0.5,None,28.36,2
be531ebf-bcca-4254-b394-47ac7160e211,2025-08-05,CUST-839851,5,60,2,39.1,Other,0,17,App,3,6,64.29,2,7.68,17.08,1.65,0.52,0.98,None,22.14,5
b05b8fe2-4fbf-40f7-bb7f-80cfffff1a4e,2026-02-17,CUST-421645,3,38,5,23.4,Billing,1,12,App,2,2,89.02,1,9.05,25.53,17.66,0.73,0.56,None,21.16,2
63574e4d-f1d1-4a92-877d-4bd80b78be2d,2026-01-23,CUST-251119,2,-83,3,2.7,Technical,0,4,App,1,6,74.69,1,6,11.7,18.21,0.74,0.61,None,19.29,3
e4cf5c7c-53e6-4b82-90ee-1ea94b72253e,2025-12-03,CUST-475157,3,18,1,54.2,Other,-1,3,IVR,3,10,90.16,2,4.9,39.43,7.97,0.81,0.6,None,12.91,2
bb5f6c24-fefc-4f93-96b6-0ca6b815e468,2025-08-07,CUST-534335,1,-29,4,32.5,Technical,1,27,App,0,12,89.48,4,3.65,39.64,14.31,0.48,0.65,None,8.82,5
1eabd057-9a09-45d7-83a4-ace2342ed110,2025-10-20,CUST-696513,2,49,3,28.2,Network,-1,20,Web,2,6,71.25,5,7.39,18.06,3.26,0.8,1,None,8.4,5
d05f2ccd-dc20-4c1e-9bbf-1545fba6a1bd,2026-01-05,CUST-825497,2,-20,3,56.1,Technical,1,24,IVR,3,13,90.21,1,8.02,16.86,19.72,0.75,0.99,None,9.15,2
bd74de2c-bb6d-4687-90e2-d2a2f84d6750,2025-12-26,CUST-413362,1,-32,1,68.6,Network,1,3,Web,0,9,77.47,2,7.85,7.02,1.95,0.3,0.89,None,23.86,5
503bf6a7-6ace-450b-be41-c493c7faf87d,2026-05-19,CUST-805428,3,-70,4,44,Technical,0,2,Web,1,13,68.23,1,7.25,24.77,7.16,0.5,0.83,None,14.8,3
cdd1fbb9-11d6-442c-a7a4-dd259dc215e2,2026-02-13,CUST-868269,5,-98,4,35.3,Billing,-1,1,IVR,2,8,74.26,2,3.05,8.3,15.02,0.97,0.86,None,5.06,1
b56ff8bd-effe-4b21-9a8b-526fd18055f5,2025-11-04,CUST-324663,1,86,4,50.5,Billing,-1,27,App,2,3,62.71,2,8.21,33.34,19.51,0.91,0.65,None,12.59,2
3c6a6f40-c054-4cac-90f0-f2169191becb,2026-07-21,CUST-383093,2,50,1,57.6,Billing,0,6,App,0,13,91.53,3,9.79,14.71,17.34,0.88,0.57,None,27.71,4
8350e3df-6081-44e4-b0a7-14fc444a8646,2025-11-18,CUST-642276,4,-76,3,7.5,Other,0,7,App,0,9,86.11,4,3.11,8.19,13.18,0.56,0.52,None,9.84,2
8186b36e-b34b-44ee-9d7f-c50127cb196a,2025-12-23,CUST-662360,5,-45,4,58,Network,-1,21,App,1,11,79.61,4,1.59,7.61,16.76,0.2,0.58,None,10.19,3
38d147e9-f331-4c55-954d-092330c2df01,2025-09-03,CUST-507784,3,-76,0,16,None,0,20,Web,3,8,86.5,4,8.33,18.21,11.62,0.78,0.77,None,28.91,4
94a679d1-8f92-4fdf-879d-62e7faff6176,2026-01-19,CUST-145880,2,63,2,34.4,Network,0,17,IVR,0,3,62.77,5,7.59,39.27,5.66,0.85,0.8,None,9.26,5
94366817-89f0-4f2d-bbb8-64b218860e6d,2026-03-04,CUST-686265,1,99,2,52.2,Other,-1,17,Web,1,11,76.31,2,1.95,36.38,5.78,0.85,0.81,None,15.37,2
50d7398a-1ec2-47a6-ba71-c47960776878,2026-04-18,CUST-357181,2,39,3,24.4,Network,-1,28,IVR,0,11,93.58,3,5.2,32.93,6.2,0.83,0.81,None,14.03,3
b662eb0f-3917-402e-9565-7ae5870e66f4,2025-12-15,CUST-586829,4,70,2,2.7,Technical,0,26,IVR,3,4,88.75,3,3.47,31.5,16.17,0.95,0.51,None,15.05,5
b593f545-c5b2-494e-a29c-86ed56896bb8,2025-07-29,CUST-804356,3,77,5,68.2,Network,0,1,Web,0,6,75.85,4,4.32,32.34,14.23,0.41,0.78,None,17.41,5
a14cccad-1170-4466-aa08-675d5254e76a,2025-07-28,CUST-225692,5,-54,1,9.6,Other,1,8,Web,1,6,67.5,2,2.38,11.59,6.11,0.69,0.8,None,6.12,3
babedae1-8749-4b77-9ced-e9b818a4c964,2026-06-11,CUST-278609,2,24,1,33,Network,0,15,IVR,3,14,75.13,4,0.48,14.26,6.18,1,0.67,None,12.96,1
2544b758-77d0-455e-9d3c-f68bd05df74a,2026-05-12,CUST-952478,3,47,2,37.2,Service,1,17,App,2,3,69.74,4,6.36,25.4,15.54,0.72,0.62,None,19.33,5
56a0a596-deed-4fbf-97be-d19e7fe4ad8b,2025-08-20,CUST-669499,5,-76,3,45.3,Service,-1,14,IVR,1,6,81.32,3,5.67,20.75,9.33,0.92,0.7,None,15.97,4
ba1e8d75-b77e-48a7-8c14-bd8f6cee346b,2025-11-01,CUST-771538,4,-1,2,47.8,Network,-1,13,App,2,4,86.93,2,7.78,18.75,10.44,0.11,0.76,None,12.24,3
dadd0d1e-4d54-434f-92c9-8adbd79a73ff,2025-09-02,CUST-531297,2,-5,1,10.2,Service,0,18,Web,2,11,90.25,4,9.91,35.09,17.56,0.67,0.98,None,7.77,5
a399ba6c-f2b1-46f1-bc2b-462ff2460906,2026-06-04,CUST-221633,5,-61,1,68.5,Network,1,22,Web,2,7,66.57,4,8.84,31.94,12.47,0.45,0.89,None,15.83,5
82ca5904-f93b-48fd-bf7b-b86e9ab4798c,2026-05-24,CUST-486748,3,-14,2,12.9,Service,0,8,IVR,3,6,65.02,1,9.53,5.24,9.35,0.74,0.89,None,8.64,3
e6a5a58c-c675-4c20-adfc-9e6bd8cccc29,2026-02-24,CUST-937289,1,-51,2,67.8,Network,0,3,App,1,13,88.43,4,9.66,34.44,3.6,0.94,0.89,None,22.35,5
fbb9f883-74f7-42f4-b185-efb7db4bc0a6,2025-08-30,CUST-699816,1,39,2,57.5,Other,-1,21,App,1,1,90.41,5,1.79,33.84,19.93,0.82,0.69,None,22.77,2
a730e8fd-c528-4bd5-bd8c-4e92ad0480bf,2025-09-14,CUST-614886,2,77,5,47.4,Other,-1,22,Web,2,5,66.1,2,7.31,17.96,9.59,0.97,0.82,None,21.35,2
500bc041-03e7-4f72-8f02-b481bcea66c6,2026-05-14,CUST-461367,2,-87,0,53.1,None,-1,20,IVR,2,11,75.6,4,2.7,23.66,3.82,0.19,0.62,None,29.64,3
75f39b8c-529c-4c3c-9c81-8eef6f5e35bb,2026-03-08,CUST-888347,4,56,2,9.3,Other,0,6,App,0,4,70.58,4,8.83,26.73,18.9,0.86,0.68,None,22.83,4
ab95cf7a-420e-4706-acae-97050549f76b,2026-04-07,CUST-632475,2,44,3,59.4,Other,-1,25,App,2,3,76.83,5,6.99,21.42,18.76,0.64,0.74,None,25.42,3
ee3f8b66-8441-4dae-92e8-ed76bb87ba71,2025-10-25,CUST-624089,1,-79,2,40.1,Other,1,6,App,0,3,65.08,2,9.26,15.12,1.35,0.17,0.88,Web to App,19.23,4
e58189c7-6eec-426b-8f8a-3af3be8d0ff1,2025-10-18,CUST-624221,4,40,3,35,Other,0,17,IVR,2,3,80.28,1,4.23,33.74,2.9,0.54,0.99,None,29.23,3
a39576ed-68db-491c-a592-914ec01bfb05,2025-08-24,CUST-963290,4,73,3,29.6,Technical,-1,0,IVR,1,11,77.73,3,6.86,23.74,6.17,0.93,0.88,None,15.69,2
9c40097a-dbd5-45d0-a602-bde83d179c3b,2025-11-13,CUST-737277,2,-30,1,47.4,Service,-1,0,Web,1,1,64.56,3,5.64,25.28,10.68,0.81,0.54,None,6.29,2
c6826f30-4689-4b01-b123-9b7c035f1a4a,2026-03-22,CUST-977601,4,-100,1,32.5,Other,1,6,IVR,1,3,91.1,2,8.72,32.93,11.74,0.87,0.95,None,20.89,2
fe7ae3f6-523e-4df0-a755-58a807d9b522,2026-07-01,CUST-361639,2,27,0,16.6,None,1,28,App,2,3,69.53,1,1.39,33.94,15.72,0.27,0.91,None,28.47,3
ea7bfdc0-b9c1-4101-b0d7-27717a15ad3f,2026-06-07,CUST-987743,1,-13,1,54.9,Billing,0,2,IVR,2,8,87.22,4,6.35,8.8,12.81,0.62,0.97,None,7.06,2
2daaafc1-892e-40ad-be93-e7a31d5d9ebb,2025-12-22,CUST-161423,3,93,0,12.9,None,-1,24,App,1,5,74.07,3,6.01,19.43,3.11,0.39,0.71,None,7.13,3
b75cf905-0aad-4e85-9ec8-702194a3206e,2026-04-05,CUST-310560,5,-76,1,61.6,Other,0,13,App,0,6,62.56,3,9.92,20.16,13.1,0.6,0.62,None,21.96,4
34556ddd-e59e-4247-935d-de9ea69034c1,2025-07-31,CUST-720391,3,15,3,34.3,Technical,1,28,Web,2,3,63.62,4,7.3,23.03,13.59,0.97,0.74,None,21.29,2
0cbd4289-cb50-4a05-a596-943d1eec3f6e,2026-01-07,CUST-785246,2,-64,2,20.3,Technical,0,3,App,3,4,81.63,5,5.29,26.42,5.71,0.72,0.99,None,26.86,4
68d4c44e-a601-4b5a-8fbf-9a516081241a,2025-10-07,CUST-769875,3,-86,1,4,Network,-1,9,IVR,0,6,63.09,1,9.92,37.97,17.46,0.18,0.75,None,14.15,3
b722f2db-a82a-4aa2-8d84-250e77a7272a,2026-06-27,CUST-471086,2,-89,1,29.9,Technical,1,29,Web,2,4,94.21,5,3.41,31.5,4.64,0.67,0.7,None,16.4,4
969ebdc7-501c-48c1-9b15-aa2266c88235,2026-03-26,CUST-680250,2,78,5,36.1,Network,1,9,App,1,3,64.42,2,0.73,31.61,11.8,0.4,0.99,None,28.19,3
fdcd121c-194b-48a6-8e66-61688d42f2c0,2025-11-14,CUST-718716,5,42,0,24,None,-1,25,App,1,11,90.61,1,5.47,8.89,15.24,0.58,0.9,None,9.33,4
ca494854-fc78-445c-96c8-311e8ac08b8a,2026-02-05,CUST-788959,2,-16,1,16.8,Technical,1,6,IVR,3,9,74.77,4,4.88,15.11,10.81,0.8,0.99,None,12.29,2
489c475b-458c-43dc-b0bf-f2c4ee0ca554,2026-04-01,CUST-153816,4,-38,2,39.9,Other,-1,9,Web,1,3,81.48,3,6.37,34.96,11.42,0.58,0.68,None,6.12,2
b80e0c9c-86a9-4e78-b7ad-e2ab368d6502,2025-08-09,CUST-145620,4,-60,4,33,Technical,1,15,App,1,7,92.6,1,1.16,19.66,19,0.76,0.96,None,27.91,2
96d71b8b-0af9-4f1b-87ab-97d3d17c12e7,2025-08-22,CUST-922252,3,-49,3,46.1,Network,1,14,Web,1,14,90.43,5,1.82,12.92,2.29,0.3,0.69,None,8.74,1
3742b270-b94f-4e15-85a2-9dd4de244720,2025-09-09,CUST-340222,1,-56,5,57.8,Network,0,21,Web,1,13,74.76,4,9.79,33.88,13.61,0.13,0.56,None,25.74,2
e921647d-91e1-42bf-a624-91ee00842421,2025-11-11,CUST-188451,5,45,0,52.2,None,0,16,App,1,13,82.72,3,7.43,28.29,7.32,0.99,0.54,None,6.31,4
3df45267-dbe1-4dec-a1d6-cf7050bceac3,2026-05-08,CUST-653963,5,70,2,12.5,Network,0,17,Web,1,7,71.78,5,4.4,36.98,14.84,0.67,0.78,None,12.25,4
9a908850-fc35-45ba-a5e2-4259fcb40254,2026-06-11,CUST-274195,4,25,1,14.7,Technical,0,5,IVR,3,4,73.05,4,9.65,26.84,5.43,0.92,0.71,None,13.4,3
5aed7268-594f-4153-ab36-c2eca780c495,2025-10-01,CUST-114070,4,98,3,46.7,Billing,-1,6,IVR,2,3,85.24,2,4.77,8.35,2.85,0.86,0.56,None,6.54,3
74816543-03b0-4f59-b617-71a957f3fa63,2026-07-18,CUST-426378,4,14,4,26.3,Billing,-1,29,Web,2,13,60.48,3,5.41,6.5,19.44,0.58,0.79,None,10,5
3130ecd7-65e1-47c8-9961-53c66712ac7a,2025-09-08,CUST-369176,3,-7,4,18,Network,0,24,Web,2,12,60.54,2,5.55,19.8,5.75,0.56,0.74,None,26.95,4
d4f43cb7-df8e-48c9-99ce-e21894374e78,2026-07-09,CUST-199679,5,10,4,48.8,Service,1,26,Web,2,6,64.74,5,4.45,5.36,6.45,0.11,0.76,None,29.43,1
1402439b-509a-43ce-8184-e8dae1cce4cc,2026-03-31,CUST-731366,1,-97,2,57.1,Other,0,5,IVR,1,9,89.89,3,3.45,25.42,16.91,0.7,0.74,None,15.21,1
00e7e565-8266-4d14-90a8-1a16210811bb,2025-08-31,CUST-614962,3,-59,4,60.3,Billing,0,19,Web,3,8,65.49,1,3.39,37.31,7.28,0.89,0.94,None,26.61,4
f3404406-56f6-4d54-b4c0-0b46795b12c5,2026-01-01,CUST-949926,5,-44,3,12.9,Technical,0,8,Web,0,9,81.85,2,2.78,37.8,8.22,0.79,0.71,App to Web,8.61,2
e1932a32-a519-46bb-a192-fc8abba01a80,2025-09-09,CUST-931025,3,99,5,21.4,Network,0,2,IVR,3,0,75.53,4,8.29,18.78,14.67,0.44,0.56,None,19.58,5
6599c41c-e582-4cce-ac51-b72ffe932287,2026-04-20,CUST-319799,3,82,2,42.6,Billing,0,0,App,3,0,73.28,2,5.3,26.92,10.44,0.51,0.87,None,13.05,2
18db3e5f-e311-4603-bf90-1b6863374e03,2025-12-10,CUST-288245,3,-49,2,57.3,Billing,1,24,Web,2,2,77.43,4,6.49,18.24,16.39,0.45,0.84,None,8.64,3
1fa0b4b8-dfa8-416b-8122-02f185fcac88,2025-12-18,CUST-136221,4,-42,2,41.8,Technical,1,17,Web,2,1,69.28,3,4.7,15.98,14.04,0.59,0.89,None,10.05,2
79b518b7-58ba-4eab-96ad-7a80c33dcda8,2025-11-29,CUST-629815,1,-36,4,52.2,Other,-1,29,IVR,3,10,86.62,5,8.68,32.71,1.58,0.83,0.64,None,10.86,5
244d94c3-012d-4e81-aeef-00019b1daad7,2026-01-26,CUST-495497,4,-46,1,25.2,Billing,1,26,Web,0,2,69.75,1,9.84,19.12,19,0.53,0.88,None,7.68,1
27fc49dd-7680-4aa8-b488-a6f30042fca2,2025-08-22,CUST-259287,3,-33,1,54.3,Network,-1,22,IVR,1,5,94.1,1,4.37,19.54,17.52,0.38,0.57,None,16.51,4
120d6dc5-daeb-477c-9b23-62e5ccdeab8a,2026-02-19,CUST-564025,3,35,2,70,Billing,-1,29,App,3,3,62.05,3,0.31,17.13,7.41,0.63,0.93,None,9.32,1
c513ab8f-7336-4da2-8474-807b32b130dd,2026-05-12,CUST-372786,3,64,2,29,Technical,-1,3,Web,1,5,89.91,4,6.78,30.55,12.7,0.44,0.54,None,16.78,4
9f0dbbaf-4d1a-4482-9989-7de3b9a7e5fc,2025-11-10,CUST-530383,5,15,2,17.4,Billing,-1,14,IVR,2,0,80.84,5,9.95,15.66,8.3,0.33,0.89,None,12.93,4
3c30ce28-5b86-4945-845f-96dbdb0d8095,2025-09-13,CUST-406858,1,71,1,42.5,Service,-1,25,Web,1,5,65.25,3,7.49,8.58,16.22,0.17,0.99,None,27.14,1
2aa8a4eb-1e1b-4aaf-bf10-06ab9fb2f4a2,2025-12-24,CUST-960318,5,22,5,20.2,Technical,-1,10,App,0,5,73,2,3.43,17.38,8.98,0.6,0.72,None,17.29,3
dec14c9c-8857-4dea-8fff-40f5187fba44,2026-02-25,CUST-831038,2,-54,0,26.1,None,0,9,App,1,8,92.42,2,3.07,11.27,5.84,0.53,0.56,None,20.1,1
46f7d470-500e-4efe-9530-1728ba90a40d,2026-03-31,CUST-902096,1,-31,0,64.5,None,-1,8,App,0,3,64.97,3,2.51,5.42,6.59,0.45,0.66,None,10.27,3
d0a2209a-d7ef-4c54-b5f2-6e272c71cdfa,2026-02-19,CUST-365772,4,-19,5,19.9,Billing,0,27,App,2,12,78.27,3,2.5,25.85,10.81,0.88,0.91,None,28.83,4
49133118-274f-47d2-8d83-fc099f2e7c8e,2026-02-20,CUST-794512,1,-25,3,54.9,Other,0,9,App,0,9,89.9,2,3.33,28.84,11.39,0.98,0.81,None,25.05,5
1a62412a-c6f0-405b-ab77-0a4692ab9f7a,2026-04-04,CUST-984868,3,52,4,30.6,Technical,1,25,IVR,1,8,64.78,2,3.62,27.27,8.64,0.51,0.5,None,6.82,4
afc61a2c-2cfa-4a56-8b3b-0f2a79104d29,2026-02-06,CUST-446593,2,72,3,50.8,Network,-1,22,App,2,0,73.64,3,8.3,20.39,18.71,0.42,0.97,App to Web,12.47,2
77a51ddd-2f46-4d01-9aa2-11dd8068d2cd,2025-12-14,CUST-772100,2,28,3,1.4,Billing,1,1,Web,1,8,73.08,4,4.82,17.76,13.21,0.95,0.78,None,25.06,4
524231bc-6f4f-453d-9886-6635ef658241,2026-03-19,CUST-986285,3,-65,3,69.4,Technical,0,26,App,2,8,74.85,2,8.67,7.86,14.9,0.8,0.6,None,23.92,2
ce6aac1f-90bf-48c4-9466-c2d0335532ba,2026-04-27,CUST-766556,1,-50,3,28,Service,-1,6,IVR,3,2,67.82,4,4.7,15.5,15.16,0.51,0.6,None,16.34,1
d5c574b5-dc21-42ac-9e77-910321ea5d2a,2025-07-26,CUST-267585,3,18,2,33.8,Other,1,22,App,3,12,76.51,5,5.69,37.61,11.01,0.61,0.51,None,8.43,1
3e41c33b-3892-4362-9714-dc2f7f472a0a,2026-04-13,CUST-267214,5,35,3,23.8,Other,0,9,IVR,0,12,70.68,1,2.48,35.65,1.87,0.65,0.59,Web to App,6.57,2
4e3c9ad6-440a-4bfc-822a-86dec9f389bb,2026-01-01,CUST-681109,2,-34,1,5.7,Technical,1,9,App,2,5,90.15,4,2.5,7.83,16.97,0.9,0.84,App to Web,12.17,2
f96e6a85-aeb3-488e-a072-23c1eacd4ec8,2026-02-25,CUST-501197,4,29,2,48.9,Service,-1,15,IVR,2,12,80.13,2,0.27,13.11,3.82,0.58,0.84,Web to App,23.93,3
208a9f26-0135-4f1e-99a8-1480e4e98185,2026-02-21,CUST-755169,4,46,1,42,Service,0,27,App,2,6,74.86,2,2.65,36.55,6.92,0.77,0.5,None,20.94,2
555f6e89-bb80-4409-96c0-7216fcd74eee,2026-01-11,CUST-704397,4,84,1,36.4,Billing,-1,26,App,1,12,73.5,5,3.77,17.96,9.12,0.65,0.89,None,19.77,5
fba65e47-a6ab-4e80-98f9-b3737114335a,2026-01-08,CUST-337032,2,92,3,56.5,Billing,-1,9,Web,3,13,60.66,4,2.95,32.1,6.8,0.29,0.89,None,22.22,3
b92281ec-dddc-4d8c-8502-42564f8ca879,2026-02-28,CUST-671179,1,10,4,19.2,Other,1,26,Web,2,1,63.5,4,5.77,36.12,12.53,0.75,0.98,None,22.58,3
828ea2bf-8fc0-425b-b973-ea3c26ec8c42,2026-04-26,CUST-629908,2,62,1,9,Service,1,11,Web,1,9,63.19,2,8.85,21.43,15.32,0.84,0.55,None,20.1,5
e65dfda1-d023-4f5c-862b-c5e55e32a73b,2026-01-04,CUST-740797,5,-20,0,5.1,None,0,7,Web,1,2,64.82,4,4.05,31.91,7.5,0.29,0.99,None,6.59,4
e9e517ec-96e7-42b5-8f60-e787bc7c6efe,2025-11-25,CUST-453493,4,-55,5,24,Network,0,19,App,2,2,66.79,4,3.94,10.92,6.09,0.54,0.76,None,23.95,2
23ec2c8a-5d6c-497d-82a5-1ffcc72167ba,2026-07-13,CUST-526130,3,66,2,16.1,Network,-1,5,App,1,7,78.27,2,3.76,9.38,6.25,0.62,0.98,None,16.85,4
1948f3e3-f3a0-440f-9234-efe7fbd40ae4,2025-09-05,CUST-775057,2,0,2,52.5,Technical,1,10,Web,2,1,64.31,4,7.16,20.39,16.02,0.17,0.94,None,21.74,1
bef81c7f-e90a-4d54-90a6-48872432fa87,2026-01-22,CUST-394495,1,-87,1,6.5,Billing,1,18,Web,3,5,83.58,1,2.28,21.86,16.68,0.9,1,None,19.19,4
0d0a8c1b-3c0a-46f4-9ab5-7f068dba0b04,2026-03-31,CUST-102234,3,52,2,36.3,Billing,1,16,Web,1,3,80.32,3,8.4,27.75,12.95,0.29,0.78,None,25.77,3
559c36d5-43b1-4991-b5ab-f372a29c1580,2026-02-07,CUST-430133,1,83,2,8.7,Technical,1,12,Web,0,6,86.41,1,6.22,31.13,1.68,0.92,0.86,None,9,5
54c00abf-fa35-45f7-b26c-b4fa85047b8e,2025-08-23,CUST-939709,2,77,0,16.6,None,0,20,Web,3,0,84.5,5,4.95,24.77,10.52,0.94,0.66,None,6.2,5
ab3a661d-8c76-4b6d-ab6b-06dd8025e8f9,2025-08-25,CUST-916078,2,-63,1,13.6,Other,1,19,IVR,1,2,90.54,3,3.38,39.11,16.73,0.41,0.74,None,16.41,1
4cf8c58b-07cb-4c0f-a239-1e3e93209652,2026-06-16,CUST-650595,3,14,1,56.7,Technical,1,2,Web,3,5,91.84,4,1,38.45,9.32,0.66,0.62,None,15.72,3
eaaf0697-bec7-44e9-bfd6-d488a6f8e909,2025-10-11,CUST-389036,2,24,4,52.7,Service,-1,8,Web,3,2,71.09,4,6.25,12.54,11.19,0.96,0.79,None,24.24,2
1631f7a6-ad6c-4c1c-a99c-2c2e46bef99d,2025-08-09,CUST-815091,2,-72,2,56.8,Service,1,11,IVR,2,12,60.4,3,8.28,34.35,4.87,0.27,0.6,None,18.7,5
230f52dd-cfed-42ce-9f00-0f40d59dbe2c,2026-05-15,CUST-893345,2,63,4,66.7,Service,0,29,App,0,10,76.25,2,6.64,35.73,3.74,0.3,0.65,None,16.36,5
c2397c6c-d49a-4b6d-a7f7-154fb46b097b,2026-01-26,CUST-179295,4,23,4,12,Billing,1,0,Web,1,3,65.8,2,5.64,35.06,18,0.83,0.7,None,23.48,3
9610a640-387c-49a4-904f-f1f76dbc766d,2026-03-09,CUST-403457,5,-18,1,30.9,Billing,-1,28,Web,0,10,70.86,3,8.69,6.05,18.17,0.36,0.92,None,24.34,1
37ab8f49-21cd-403c-9eb4-bcbf15a486e0,2026-05-24,CUST-709114,3,-30,1,61.8,Service,-1,15,IVR,1,2,90.44,3,0.35,7.91,9.1,0.95,0.62,None,21.45,2
22536c31-1795-4c3d-97d9-81d9bacb6643,2026-06-29,CUST-133520,3,45,4,36.7,Service,-1,8,Web,1,12,69.82,3,3.6,39.88,13.12,0.65,0.55,None,10.71,2
3bacc706-16b4-458a-85be-f934f8919cda,2025-09-19,CUST-886039,4,16,2,64.6,Technical,1,6,Web,1,7,83.55,3,6.67,23.39,18.44,0.65,0.89,None,27.66,4
9272bf32-02e8-487f-851d-186e5a8e09c3,2026-03-11,CUST-695446,4,30,1,16.3,Network,-1,13,App,1,10,81.78,2,9.37,30.05,15.99,0.51,0.8,None,28.99,4
2024e6d4-78f3-4d1c-8084-03b25a3f365d,2025-07-29,CUST-475659,3,83,4,2.9,Technical,-1,17,IVR,1,13,81.54,4,8.04,19.25,12.44,0.78,0.94,None,20.87,4
ed4641e4-580d-402d-9133-7b5e43f10366,2026-04-29,CUST-875264,4,64,1,28,Network,-1,10,IVR,2,4,65.42,4,4.04,39.43,5.51,0.2,0.89,None,16.71,2
177db94c-ec81-416c-aa0e-77712bf4e514,2026-01-19,CUST-941715,3,-59,5,29.7,Network,-1,22,Web,3,10,93.64,2,1.64,18.37,15.87,0.26,0.62,None,21.7,4
f604082a-567a-40a2-88b6-c34b3666010a,2025-08-28,CUST-753153,5,44,0,26.7,None,1,19,App,1,7,70.08,3,5.86,8.34,10.4,0.32,0.92,None,20.58,3
6ba39b70-af17-4847-b65c-20edf422b818,2025-10-16,CUST-266580,1,-31,2,17.6,Other,0,21,Web,1,8,62.15,3,9.17,18.15,15.06,0.88,0.65,None,9.97,4
b45abb41-cbff-44c6-bd27-016aed61a729,2026-03-27,CUST-550616,4,3,2,13.3,Billing,1,18,IVR,3,4,74.75,4,1.17,17.96,16.68,0.21,0.97,None,28.96,5
58013f09-e347-4339-b380-ffc5475ffe42,2026-05-30,CUST-450810,3,36,3,19.9,Network,1,28,IVR,3,4,75.34,3,4.49,18.85,4.68,0.99,0.98,None,20.35,1
297dd663-0e94-4c13-b96e-228fa3a85576,2026-07-22,CUST-408111,1,-29,3,4.1,Technical,1,26,App,1,5,93.24,5,9.27,34.21,3.89,0.86,0.65,App to Web,24.47,1
f58c8c85-a48a-4483-9953-306686ac4804,2026-03-06,CUST-815813,5,-43,2,37.4,Technical,1,2,IVR,0,4,83.62,3,2.49,12.13,3.32,0.21,0.79,Web to App,11.46,3
fed8dd56-ceec-4c76-b9d1-90aa4be5ce81,2025-12-17,CUST-450709,4,-39,3,71.2,Other,-1,10,App,2,11,94.46,2,7.26,10.55,15.59,0.53,0.67,None,7.44,3
5adb6576-5a79-4394-a94a-acd713516c10,2026-01-10,CUST-283909,3,70,2,21.7,Technical,0,20,IVR,2,10,81.6,4,4.06,23.26,19.74,0.54,0.83,None,6.97,5
83fadc19-f82c-4487-b9d2-3fa0b1b25f2b,2025-11-26,CUST-311290,2,92,2,37.1,Network,-1,15,IVR,1,4,81.9,2,4.79,11.02,6.1,0.51,0.53,None,5.66,3
c41e23d8-3f29-4ccc-9c62-c1400066d943,2025-09-08,CUST-686449,1,-8,2,22,Billing,1,12,IVR,1,5,62.19,1,0.3,14.84,1.44,0.58,0.62,None,27.62,4
35797857-cddb-4de5-b0f3-383139e817d5,2026-01-13,CUST-622146,5,60,4,3.8,Technical,-1,8,Web,2,12,65.47,3,9.98,34.46,7.1,0.22,0.57,None,10.58,2
be7ab716-d8c3-4778-b01b-36d5ff37270b,2026-03-31,CUST-175187,3,59,3,35.3,Other,-1,15,Web,2,1,91.44,4,6.98,13.38,7.01,0.79,0.74,None,16.24,3
91b378b6-dd96-40d2-b07b-9e312bba42d9,2025-12-22,CUST-134064,5,-27,3,28.4,Other,0,20,Web,1,11,62.55,2,9.42,35.62,19.47,0.62,0.85,None,9.66,5
afe5033f-a508-4126-a449-5c67d090eba7,2025-08-23,CUST-734302,4,87,2,16.4,Service,1,11,App,2,7,65.8,4,5.22,25.92,1.94,0.56,0.59,None,21.28,5
ddc50e45-4932-4b7c-bf63-74c0e556b49f,2026-07-15,CUST-858495,3,-75,2,56.6,Billing,-1,0,Web,3,13,67.54,3,5.45,12.05,9.28,0.34,0.61,None,18.51,4
edfd3922-e4f1-4af2-980a-80cd1dfe438b,2026-06-17,CUST-335322,2,83,3,48.2,Technical,0,20,App,0,6,75.72,4,4.08,28.5,2.21,0.42,0.6,None,15.99,2
445ee89a-4f7c-47a9-a893-ceaa5aa52ffa,2025-08-02,CUST-219732,3,-26,4,24.2,Billing,1,15,Web,2,12,82.1,2,9.88,17.94,12.94,0.89,0.62,None,11.34,3
cb4f5acf-71b7-4a93-adcf-ccdd4da37b1a,2025-07-27,CUST-438166,5,-62,5,20.7,Billing,-1,23,Web,1,0,81.38,4,2.17,5.49,5.28,0.48,0.51,None,11.21,4
cef3886a-5b71-428d-8603-48623cc93bdc,2025-10-13,CUST-484732,3,38,4,29.3,Other,0,8,App,1,3,63.11,3,6.4,30.66,19.96,0.62,0.9,None,23.5,4
d2350048-c9cb-4285-b78b-79b55bff9d90,2026-03-06,CUST-328142,1,37,3,35,Technical,0,29,IVR,1,4,86.01,3,5.71,14.39,9.86,0.89,0.79,None,23.18,3
b316cc7e-37ec-4092-87a7-f57f5b7f18b6,2026-01-18,CUST-840909,5,97,2,14.2,Technical,1,17,Web,1,5,62.64,4,10,39.64,18.99,0.75,0.89,None,13.93,4
1431f161-e502-4254-8365-9ebcfd9b2791,2026-03-10,CUST-114058,2,-65,1,37.3,Network,0,25,Web,0,8,67.75,4,1.05,38.58,15.26,1,0.64,None,9.83,4
227cbf17-7dd4-4848-a584-e58c89a789b9,2026-04-07,CUST-412036,2,-54,5,8,Technical,-1,28,Web,1,9,69.7,5,7.23,27.8,16.74,0.94,0.81,None,21.84,2
7add5d4d-eb83-44e4-a034-6bca25163d74,2026-01-03,CUST-343486,4,60,3,44.1,Service,1,11,App,1,8,77.49,1,3.58,28.5,5.52,0.28,0.85,None,29.25,1
f91d09b7-0873-47da-9ce5-0a76be8e0dc8,2025-08-06,CUST-843733,2,98,3,46.6,Other,1,15,App,0,13,85.5,3,3.66,8.46,4.52,0.53,0.85,None,29.4,4
00051d4f-69be-4e47-bbbb-1132c033d1db,2025-10-29,CUST-558958,2,36,5,68.2,Technical,0,2,Web,2,8,83.91,1,2.85,25.19,18.31,0.79,0.61,Web to App,27,3
9c73c5ba-b6e0-4adb-a1f4-f14ceaa74a45,2026-01-08,CUST-557509,4,-57,5,14.8,Technical,0,26,App,2,7,86.56,3,8.71,29.87,4.54,0.11,0.53,None,8.35,4
cbf690cb-8a68-4e99-a0e6-f3f90f09be70,2026-04-25,CUST-678382,2,98,1,48.3,Technical,0,26,Web,3,0,90.55,5,4.08,11.67,12.23,0.91,0.78,None,11.43,2
47cf2abb-f1c7-43cc-a2f1-627cc54e6f7c,2025-12-08,CUST-457828,1,43,0,26,None,1,14,IVR,2,6,70.12,2,7.34,21.57,9.49,0.34,0.54,None,22.26,5
1ac1b9f0-9972-415f-ba8a-812979cf4317,2026-05-05,CUST-611682,3,100,2,13,Network,1,13,IVR,3,8,66.25,3,0.19,26.35,14.38,0.83,0.51,App to Web,6.25,3
dcd94301-9c1b-4493-a236-b115f679c38c,2025-12-20,CUST-511936,4,83,3,24.8,Network,-1,20,Web,3,6,63.77,4,7.81,38.76,16.65,0.91,0.56,None,18.6,5
b5e4a106-8880-47c3-a7c5-a9a749c2939c,2025-08-24,CUST-692126,2,-17,0,64.2,None,1,21,App,3,8,82.72,4,6.55,13.69,11.07,0.62,0.61,None,12.72,4
a4f45d92-0e41-48f7-a7da-eb7da87e28b3,2025-09-04,CUST-972591,2,-65,5,36.6,Other,1,14,Web,2,11,92.59,3,0.79,14.38,11.62,0.41,0.9,None,21.4,2
4788c9a1-9fea-446f-adc7-c71edef1f925,2026-03-23,CUST-398136,2,-76,5,37.4,Other,-1,16,Web,0,7,73.43,5,6.22,27.69,1.46,0.44,0.87,None,13.71,4
5621a517-fb17-4e8c-b4cb-cde0fe42eda9,2026-02-17,CUST-213280,5,-25,4,18.5,Service,0,0,Web,1,3,74.77,4,8.84,32.69,5.3,0.3,0.59,None,21.85,4
6efe8ef4-61f3-4b68-bf45-4c5a391b22b4,2025-08-22,CUST-197500,3,-77,5,70.5,Billing,0,21,Web,2,13,92.28,2,1.14,17.48,12.67,0.51,0.9,App to Web,21.18,2
a05fc598-b00b-4da6-960f-603b2d4fd625,2025-09-26,CUST-679601,3,-81,1,67.7,Network,0,4,Web,3,4,74.91,4,5.32,30.85,12.06,0.62,0.59,None,17.11,3
1c0a36b7-c130-467b-88b7-2d113bb71ba6,2026-05-09,CUST-151702,2,22,0,53.3,None,-1,25,App,1,2,84.26,3,1.37,30.39,10.69,0.49,0.74,None,6.24,4
2bbc5879-adc8-4f53-8ded-d8c68a600e76,2025-11-10,CUST-701931,4,-18,1,39.4,Billing,-1,23,Web,1,6,94.41,1,6.58,6.72,1.55,0.76,0.5,None,26.31,4
ca8d1e8f-28ae-4648-8736-1bc1fa249172,2026-05-10,CUST-641128,2,11,2,49.3,Billing,0,14,IVR,1,10,93.98,1,7.21,35.23,18.4,0.57,0.97,None,5.98,1
53307728-2d67-4032-9067-b009a6dff6fc,2026-07-24,CUST-861348,3,-88,1,26.6,Technical,-1,8,App,0,14,71.49,2,4.3,17.41,11.5,0.75,0.75,None,23.36,1
48c1c6aa-068a-436b-abb2-4cfbb86ada94,2026-07-16,CUST-746365,2,-4,2,8.2,Technical,-1,29,IVR,0,10,83.34,3,2.94,24.46,6.32,0.34,0.78,None,13.08,3
a0ed7ff4-d6a9-4524-9a53-27a61fc40d64,2025-12-29,CUST-760811,4,58,3,21.4,Service,0,26,App,0,7,84.15,2,4.18,39.9,6.15,0.16,0.82,None,19,4
cbec833a-9b68-4285-b053-7fb95c22b071,2026-02-20,CUST-967344,3,-99,3,45.6,Network,0,16,IVR,2,11,67.96,4,4.84,30.82,19.91,0.27,0.78,None,17.92,1
6b7a1668-6ed9-4eca-b6d4-cdde892174a4,2025-09-16,CUST-323632,1,98,4,1.7,Other,-1,28,IVR,2,3,64.68,4,2.32,37.49,5.76,0.23,0.99,None,10.4,2
fa25ba19-6aba-40d9-a79d-a961c9630451,2026-07-23,CUST-650102,4,-16,3,29.7,Technical,1,15,App,0,13,90.83,3,9,33.9,3.46,0.32,0.64,None,7.83,4
7b216532-7a31-4f2f-aac4-509cd1101399,2026-05-31,CUST-298812,2,-63,5,14.2,Network,-1,2,Web,1,11,73.4,4,9.45,22.19,2.03,0.7,0.56,None,20.91,4
65cc3fa6-d5fa-48d0-b7ad-0650af59d59e,2025-10-08,CUST-953382,2,28,4,35.8,Billing,0,9,Web,3,14,84.77,1,3.42,33.56,2.58,0.62,0.99,None,29.33,1
c3b582cf-4220-4c87-8489-8d189b804ffa,2026-03-26,CUST-662750,3,-57,5,66.3,Other,-1,3,App,2,10,91.27,5,8.5,6.97,5.23,0.3,0.56,None,12.01,3
46c8a94a-4905-4fec-ab03-8a3a6cd69660,2026-07-04,CUST-564517,3,73,5,12.8,Service,-1,22,IVR,1,5,75.48,3,4.31,13.82,7.06,0.94,0.5,None,22.35,4
c9a07841-e1df-4908-864f-18ae140de598,2025-10-02,CUST-995969,2,-52,5,63.3,Service,0,16,Web,0,13,67.68,4,9.34,26.05,12.21,0.65,0.87,None,16.23,5
b27f57cd-0a01-4dfb-92c3-ec02dc68181f,2026-05-16,CUST-349047,4,-24,3,25.8,Technical,1,29,App,1,1,73.42,5,0.65,33.64,14.11,0.13,0.55,None,13.59,1
f1e358ed-54e8-4a2e-8359-bba233bb2d59,2026-06-13,CUST-704234,1,-88,2,9.2,Other,1,10,IVR,2,12,60.21,4,1.87,10.92,17.54,0.86,0.88,None,11.46,2
e0d20aa0-f577-4fa7-8d25-de5581f6eae3,2026-04-01,CUST-433401,5,54,2,26,Billing,1,18,IVR,1,10,84.02,3,6.95,18.9,9.6,0.63,0.63,None,12.16,5
0d068338-1fbe-4b92-a019-ee981baedbb7,2025-12-15,CUST-219032,4,-49,4,59,Other,1,4,IVR,1,6,74.57,4,3.12,13.97,13.58,0.6,0.87,None,11.67,1
0993a7ba-54de-48fa-9b5f-04cfc7671473,2025-12-08,CUST-534570,1,-75,1,20,Billing,0,19,IVR,2,0,64.43,3,5.66,31.69,10.7,0.11,0.54,None,9.52,2
11d79d40-4a6d-4022-a97e-26b06968a530,2026-06-26,CUST-922714,2,50,2,70.6,Technical,-1,17,IVR,3,4,69.01,1,9.86,31.2,7.42,0.22,0.79,None,28.92,2
12134f70-2e14-4ea1-8ff3-339d6801a61d,2025-11-21,CUST-893073,1,82,0,65.3,None,1,5,IVR,1,7,75.22,1,7.02,13.56,4.83,0.47,0.98,None,24.59,1
18760027-11a8-44f7-98e9-f90ad32ed93a,2025-08-02,CUST-973274,2,0,4,26.6,Service,0,13,Web,0,12,74.3,4,8.59,8.25,12.05,0.69,0.9,None,8.32,1
0594d3c8-22ab-4536-9df4-c8d7759624d0,2026-05-30,CUST-753911,1,-56,4,33.7,Service,1,24,App,1,2,75.57,4,0.6,33.19,14.85,0.68,0.98,None,13.22,1
fd4bca03-794c-46b5-a5f0-903df8c55a1e,2026-05-01,CUST-495611,5,-6,4,27.3,Service,0,21,Web,2,9,70.3,2,0.53,36.71,2.85,0.7,0.7,None,28.25,3
6383b7da-8bd0-461b-a961-a23fdd5f661a,2025-12-11,CUST-770425,2,7,5,21.6,Billing,-1,7,Web,2,13,70.76,3,0.65,7.78,10.31,0.37,0.82,None,22.48,3
901bea16-0268-4033-9b8e-da1374d1d0b7,2025-10-04,CUST-575220,5,62,5,47.8,Other,0,4,App,2,6,68.53,3,0.2,16.64,3.48,0.51,0.53,None,9.84,3
32d45e97-3ab1-4463-916d-35b4d978d28f,2026-04-16,CUST-971468,1,49,2,54.5,Billing,0,25,IVR,3,7,93.61,3,5.76,8.3,14.05,0.53,0.95,None,13.48,4
6b3f78d3-20ce-423d-afcf-5d24bd710236,2026-01-31,CUST-671616,2,98,1,65.8,Billing,-1,21,App,3,11,77.09,5,9.73,29.15,16.72,0.31,0.93,None,13.8,4
01aeb7e4-c831-417d-a42d-4390c558020d,2025-12-12,CUST-310957,5,-2,4,70.7,Network,1,11,App,3,7,67.79,3,1.38,8.38,10.42,0.37,0.79,None,11.11,1
17be187a-15b9-4839-a39a-988d61b67713,2026-04-03,CUST-270958,4,-26,4,4.4,Network,0,4,IVR,2,6,70.93,1,0.18,38.13,5.89,0.57,0.96,None,23.9,5
331191ca-278b-4e75-a33f-a4db2b379ae8,2026-07-07,CUST-702645,3,-20,1,58.6,Billing,0,10,IVR,1,8,92.24,2,0.93,31.45,12.95,0.22,0.68,None,28.99,5
108d3980-3e5a-44c1-9e3e-dd07f2d73a88,2025-10-26,CUST-244292,4,40,2,40.6,Other,1,3,IVR,1,14,88.54,2,0.54,35.93,7.65,0.99,0.92,None,27.49,4
57cdc86d-81cb-4b03-b2fe-766d5d09ed3e,2026-02-15,CUST-110907,5,27,4,60.9,Billing,-1,27,IVR,1,12,94.07,1,2.13,6.91,6.19,0.18,0.63,None,28.62,3
973b0eea-e827-4ce1-9376-c3c85690a937,2025-12-14,CUST-746600,2,94,3,48.8,Other,1,4,IVR,1,8,62.79,3,3.52,31.53,19.63,0.77,0.72,None,14.44,3
f8560282-d56f-4137-97f3-e8b2d82b8e79,2026-06-20,CUST-681720,4,98,3,14.5,Technical,0,27,Web,2,6,77.78,3,2.79,22,16.56,0.73,0.72,None,22.87,1
9bbcdef9-d4b4-4ba2-b101-c7bf684f86e3,2025-08-24,CUST-374796,2,53,2,17,Network,-1,3,IVR,2,11,61.72,3,7.15,21.27,4.82,0.78,0.71,None,9.12,2
c75af5ed-7072-44cc-a5da-3946d20a125d,2025-12-09,CUST-682716,2,-7,4,19.2,Network,1,12,IVR,1,4,72.95,3,2.66,30.23,7.53,0.6,0.73,None,29.46,3
a7b5dbf5-41fd-4a52-a1bb-64d214358a5e,2026-02-27,CUST-209131,3,-51,1,50.3,Service,1,1,App,0,3,61.15,5,4.08,24.23,9.36,0.75,0.58,App to Web,6.01,5
a4d8f037-5447-4c0d-a04b-730fd9aed3f6,2026-01-10,CUST-553101,2,-68,4,14.6,Technical,1,12,IVR,3,9,81.65,3,6.37,15.79,3.68,0.32,0.91,None,11.51,4
01296a6c-9964-4a5f-b91c-238d88f72d59,2026-02-27,CUST-400360,3,-96,4,14.6,Service,0,28,IVR,3,10,68.68,4,3.82,18.1,19.12,0.94,0.54,None,10.81,1
b002f91b-eacb-4beb-9688-ed77760b0389,2026-03-13,CUST-928877,3,-46,2,2.5,Technical,0,17,Web,2,6,71.81,3,7.68,32.75,16.16,0.41,0.65,None,13.8,4
3aa0f13a-7156-4664-abc6-94148b43d56b,2025-09-16,CUST-227538,1,0,1,68.3,Service,1,25,Web,1,8,73.31,2,8.87,13.16,9.7,0.56,0.53,None,9.46,3
87a6bd40-fafc-4d2b-a968-89cb21b633a2,2025-10-20,CUST-975424,3,74,3,46.8,Network,1,20,Web,2,4,72.1,5,7.06,27.14,5.4,0.15,0.88,None,27.44,2
848e5b8d-d5a8-4f20-90e7-adea8967291e,2026-07-23,CUST-101332,4,15,5,6.2,Billing,-1,17,App,0,12,85.58,2,1.64,15.7,14.8,0.72,0.95,None,15,4
7071a440-9639-4915-9ef1-a3384ff1ebb0,2026-02-03,CUST-564995,4,49,1,46.2,Network,0,28,App,1,9,89.78,2,8.63,6.01,5,0.75,0.68,None,21.47,1
b3147549-b4f2-4de3-8725-83004d4cc8af,2026-03-23,CUST-572531,1,-82,2,41.3,Service,0,26,IVR,2,9,81.75,2,8.55,39.53,14.96,0.78,0.92,None,26.33,5
3d24c573-7e76-451f-961f-a3678dbb3168,2025-11-09,CUST-520644,5,-95,2,19.2,Billing,-1,15,Web,3,6,86.39,5,9.12,37.2,19.99,0.99,0.68,None,11.01,2
d106eac2-f94b-4f5b-8b63-aa97f198e696,2025-08-06,CUST-775946,2,-25,3,31.3,Technical,-1,9,IVR,2,12,84.22,2,7.53,8.63,4.93,0.92,0.68,None,8.27,5
4d2fcdd7-4cee-4763-944a-bb5f52ae25c5,2026-05-09,CUST-839734,2,16,4,23,Network,0,15,App,2,6,74.49,3,4.52,10.96,18.37,0.34,0.96,None,19.34,2
edcdca85-fc8b-4aa4-bde7-93f4122d07ed,2025-07-27,CUST-740603,2,-21,1,45.8,Technical,1,14,Web,1,1,84.08,3,6.36,6.56,17.96,0.97,0.87,None,26.28,5
4501ced1-0eb4-4d57-b165-e9453c6ba957,2026-03-29,CUST-987505,4,75,2,8.4,Billing,-1,8,IVR,3,8,68.72,3,2.73,6.07,14.14,0.57,0.86,None,27.88,5
74dd2f0b-c065-4043-9ceb-5c1ef259905d,2025-10-10,CUST-107924,2,78,5,46.3,Network,-1,24,Web,2,9,66.22,5,2.39,14.25,2.41,0.96,0.77,Web to App,17.32,2
f9db1b85-70c8-4d7b-adcf-aaa192ec7e48,2025-12-16,CUST-533948,4,-26,3,50.7,Service,0,24,App,1,12,93.62,2,8.55,36.91,4.09,0.98,0.85,None,7.04,2
97618462-db1c-4a85-b5b3-968b836d5ed6,2025-10-07,CUST-824809,3,91,5,70.2,Billing,1,28,Web,1,12,62.46,4,1.32,21.74,10.58,0.49,0.72,None,8.28,4
6a38f3f9-71c4-4fd3-b522-a96a90924eda,2026-04-29,CUST-179185,3,16,1,33.2,Billing,1,1,Web,1,13,89.11,4,4.16,17.4,4.06,0.19,0.51,None,26.49,4
3f342199-bab7-4bef-a5b0-a7904a8a8040,2026-04-08,CUST-860114,5,-20,1,38.2,Other,1,1,App,2,4,65.55,4,9.64,17.73,18.17,0.27,0.77,None,29.02,3
68cd4720-e46e-461d-ae40-5c13dd668e31,2026-06-30,CUST-425273,4,1,5,17.8,Other,-1,1,App,2,6,62.23,2,1.38,27.07,12.3,0.98,0.95,None,11.02,3
585d49dd-0d1b-4ac7-a1a8-e22271d07b6a,2025-09-23,CUST-236245,1,55,3,8.6,Service,-1,13,IVR,1,4,93.78,4,7.56,26.96,15.75,0.62,0.59,None,26.37,4
88f2da88-a293-4be9-911f-a716df112cf5,2026-03-27,CUST-545069,4,-23,3,24.4,Network,-1,13,Web,1,2,81.06,4,7.33,19.85,19.55,0.81,0.58,None,25.54,2
0e4efc3a-e47f-4e0f-ab59-1876854fa73c,2026-03-05,CUST-429631,4,87,4,70.9,Other,0,19,IVR,0,9,68.58,2,8.01,29.6,1.18,0.42,0.99,None,10.08,1
99e3054f-454a-4b30-b8af-53471bd86c8b,2025-08-21,CUST-248814,2,23,0,59.2,None,1,20,IVR,2,2,79.03,3,9.74,17.24,15.68,0.81,0.82,None,14.61,5
6da39b07-c997-4e11-9ace-4d84269375f1,2025-11-09,CUST-325827,5,-8,5,67.2,Billing,-1,20,Web,1,9,72.19,1,7.66,15.69,6.88,0.58,0.67,None,8.8,1
6abe17b0-c83a-4ead-a0ed-1b8aafe8c90e,2026-02-28,CUST-509750,2,89,1,34.9,Technical,1,28,App,0,1,64.83,2,0.32,25.19,9.76,0.51,0.9,None,24.5,2
edb1304d-63b9-4569-82c1-f9e443c25a17,2025-11-20,CUST-566298,2,48,0,1.5,None,0,25,Web,0,7,77.29,3,2.25,33.23,13.4,0.73,0.69,None,12.37,1
c16da328-1139-4d9d-8165-0a05c92116be,2026-01-30,CUST-590039,3,60,1,15.8,Service,1,20,App,3,6,73.68,4,3.26,36.98,2.36,0.97,0.62,None,10.01,2
51aa6d0f-e467-4a52-af19-beb89f38d547,2025-09-25,CUST-151598,2,-54,4,1.8,Technical,0,25,Web,1,8,65.98,2,3.54,9.66,12.44,0.32,0.77,None,24.7,2
995e4374-dc5b-43d7-8d17-a62e70b1ae43,2025-08-20,CUST-782619,5,96,4,3,Billing,1,15,IVR,3,6,71.23,1,4.78,29.87,10.09,0.84,0.62,None,12.93,3
c67eaf00-6c81-4c5a-9873-c97bfb672df6,2025-09-10,CUST-523566,3,15,3,67.3,Network,1,14,Web,2,2,93.94,4,0.44,8.32,18.14,0.27,0.86,None,15.97,4
61e56f78-8682-4284-9b3e-9c716fdd4ef0,2026-04-05,CUST-386631,3,-62,4,4.2,Technical,1,4,App,3,0,84.26,2,3.12,35.68,3.86,0.15,0.82,None,19.36,4
a66f1921-40c0-4372-a2d5-af9f68d7f009,2025-11-03,CUST-423716,1,18,2,11.1,Network,1,1,App,0,7,83.96,3,0.58,29.08,19.77,0.28,0.92,None,28.84,4
ec91d86f-757c-454e-ba79-96bcc00c9811,2026-07-15,CUST-261953,4,80,4,17.8,Network,1,16,IVR,1,12,70.95,3,6.66,14.02,18.79,0.99,0.71,None,7.63,4
bb7665f2-0139-45fc-80ea-bb16c8f67101,2025-10-07,CUST-242065,4,-28,1,11.1,Other,0,24,IVR,3,9,77.5,2,6.53,19.86,19.81,0.56,0.71,None,5.31,4
da360047-869b-4e91-acc5-324e892c1510,2025-07-30,CUST-868438,3,79,0,49.5,None,-1,23,IVR,0,4,60.35,1,3.93,27.3,1.93,0.1,0.52,None,22.55,4
f2d3da1a-000e-498f-9a80-39213eccaed5,2026-01-10,CUST-437900,3,89,1,24.5,Billing,-1,1,App,3,13,68.17,2,6.42,27.9,4.72,0.93,0.73,None,15.69,1
37366ab0-cd64-4a5e-af26-b3423a25c76d,2026-04-13,CUST-810037,2,-97,3,32.4,Billing,1,18,IVR,1,8,93.47,5,0.24,8.03,19.48,0.42,0.94,None,28.78,4
b4c28e6d-3f61-4d7a-a0ca-24f2c8037ff8,2026-03-08,CUST-718761,3,59,0,20,None,0,21,Web,1,12,78.85,5,6.8,24.25,17.71,0.12,0.54,None,13.04,2
0b8fbdf4-1496-49c8-931b-725de2e623ce,2025-11-26,CUST-368374,3,1,5,18.2,Billing,-1,8,IVR,1,13,72.66,4,7.87,22.32,7.86,0.55,0.8,None,15.78,3
9bfa565c-209d-4c7b-a28c-33dbd32f811f,2025-12-02,CUST-367034,4,-87,2,42.2,Billing,0,25,IVR,1,3,92.29,2,4.71,18.78,13.88,0.85,0.56,None,26.21,5
6a678cd0-3a27-4bc3-94cd-add33316c710,2026-06-29,CUST-165877,2,45,1,30.7,Other,0,26,Web,2,8,61.32,2,0.32,16.03,1.67,0.76,0.61,App to Web,9.93,2
2c6afc16-0811-41d3-9b66-07b782ce6f85,2026-02-21,CUST-245921,1,36,3,43.1,Network,-1,1,Web,1,9,90.9,1,9.85,25.79,6.15,0.81,0.84,None,9.42,1
ace5eed2-6a90-4d67-b410-a15c9503a8d4,2026-07-22,CUST-356986,2,-60,2,21.1,Other,-1,24,Web,3,5,86.89,3,2.02,15.88,12.24,0.89,0.84,None,22.66,2
1c35b8db-e462-429a-81f2-bde3dd875544,2025-08-12,CUST-974813,3,-87,4,5.9,Technical,0,28,App,2,7,72.85,3,4.04,22.89,5.36,0.22,0.9,None,8.87,2
49a1cf48-fec7-487a-95e7-d9c9833213e1,2025-12-07,CUST-123451,3,-10,0,5.1,None,0,22,Web,2,12,79.85,1,0.74,16.77,16.29,0.58,0.84,None,15.31,2
8660b3e7-776e-4cd8-86ae-9f063a6536f9,2025-12-13,CUST-825933,1,15,4,59.7,Technical,0,21,App,3,10,94.47,2,0.75,12.94,14.88,0.69,0.99,None,23.2,4
6fab95e9-9a8f-4e80-b235-c6faa512e7ac,2025-11-08,CUST-316365,1,-3,1,27,Network,1,18,Web,0,2,77.27,3,8.06,20.16,15.44,0.97,0.98,None,28.93,5
47112dd8-caac-4666-9dbd-612f44acd5b0,2026-05-17,CUST-135769,1,62,2,26.9,Service,-1,23,IVR,1,8,79.51,2,6.53,22.32,14.86,0.62,0.53,None,8.23,1
ae181dbc-de9d-4849-82de-07eb865a7e44,2026-05-10,CUST-974161,2,12,3,40.3,Billing,1,22,Web,1,10,73.68,5,2.71,30.24,4.65,0.3,0.94,None,5.26,4
8734fc09-cfa0-4024-a370-8cec92992e50,2025-11-14,CUST-937630,4,63,5,42.1,Technical,1,16,App,1,7,72.15,4,2.99,11.22,12.67,0.58,0.65,None,15,2
69b50f85-7793-4486-9521-ee3df0bdefdd,2025-09-14,CUST-814704,3,10,1,30.3,Other,-1,28,App,2,8,60.93,5,3.84,38.37,16.93,0.54,0.92,None,26.45,3
9116e24c-1522-4641-a85a-2c7fd52a362b,2025-12-13,CUST-422686,1,-14,1,2.4,Service,-1,28,App,3,6,93.7,1,3.27,18.65,16.18,0.78,0.81,None,19.07,1
6e8f6d18-e0b4-460a-b19e-d03aaf0fa19c,2025-10-14,CUST-262332,2,-7,3,57.8,Technical,1,5,Web,1,4,70.31,2,3.12,22.53,19.51,0.2,0.71,None,17.14,3
2828099a-ccea-48ec-bf42-7acdd0400b1b,2025-08-21,CUST-224262,2,-86,3,53.5,Network,1,4,IVR,1,9,68.68,1,4.67,34.21,5.09,0.82,0.59,Web to App,25.51,3
5d02669a-00f3-4d37-a46a-ccce289be7e4,2025-10-21,CUST-783123,4,-33,1,15.4,Technical,1,3,Web,2,5,83.49,2,9.81,11.95,6.52,0.5,0.63,None,25.17,2
25cbbc96-375b-4fba-9c62-c3456b080e69,2025-11-18,CUST-633627,4,-75,0,49.3,None,1,20,IVR,0,11,79.15,3,3.96,31.32,2.62,0.65,0.78,None,15.67,1
224085f4-a62f-4525-8336-cdb65d0b260b,2026-02-21,CUST-173522,5,-99,2,41.1,Billing,-1,22,IVR,1,8,91.89,5,1.27,22.99,10.45,0.5,0.87,None,18.94,4
60bef93b-c6f5-48e2-bc13-6a9f0800421b,2026-02-28,CUST-103582,2,28,1,52.1,Network,1,10,App,1,4,64.61,4,1.43,15.14,17.19,0.31,0.65,None,18.46,5
10b3b5ae-f001-4489-bd34-5c8c39e8bbd5,2026-02-28,CUST-663177,3,-50,1,32.7,Technical,1,21,App,0,7,89.03,3,4.81,28.19,3.84,0.76,0.78,None,28.38,1
9d0dc5ef-3e75-4706-896a-ea8d120ddf09,2026-06-14,CUST-724318,1,41,0,48.2,None,1,1,App,3,3,92.22,5,8.86,25.6,5.37,0.71,0.66,None,12.47,5
fe9d51a4-c58c-4631-8384-d4d99eab12b6,2026-02-01,CUST-885852,4,-90,3,70.7,Billing,0,9,Web,1,8,85.67,4,5.53,25.49,2.08,0.1,0.93,None,8.55,4
2da8171f-842c-4168-a441-b8ba4b311c87,2025-09-14,CUST-497940,3,22,4,39.5,Technical,1,19,IVR,1,14,76.52,1,2.52,13.34,9.12,0.49,0.68,None,8.65,3
18cd56ac-3945-4866-b344-cce184cbb4be,2026-03-26,CUST-129106,4,91,3,56.7,Other,1,9,Web,1,12,90.28,3,3.27,5.28,4.99,0.94,0.96,Web to App,8.61,3
7cf3ae30-b713-4392-90b1-f10628c0d917,2026-05-16,CUST-683040,2,-39,0,37.4,None,1,17,App,0,10,77.02,5,1.13,10.22,2.54,0.92,0.58,None,16.13,1
eac4953f-5460-4fad-b06e-a736977894f9,2025-12-22,CUST-655690,2,-73,4,41.1,Network,0,4,App,1,8,91.28,2,3.97,16.17,2.97,0.22,0.83,None,11.33,1
0d6fb0e0-8696-4742-bc47-5d7c325ab423,2025-08-17,CUST-676340,4,54,4,1.5,Technical,-1,6,App,0,1,64.77,3,3.18,30.11,3.84,0.86,0.7,None,10.51,5
0220c459-dfd4-4fc3-b430-feb8534df3e9,2026-01-22,CUST-471227,3,-25,2,43.6,Other,1,1,IVR,3,3,92.54,3,0.66,6.4,14.14,0.99,0.78,None,10.35,3
b5f07717-7958-433a-8b05-daefd2d13d09,2026-01-25,CUST-764066,3,-82,2,5.6,Network,1,5,App,0,2,71.54,2,5,13.87,16.23,0.43,0.82,None,19.09,2
dfd60b92-d9b6-492f-97c2-7fcb54cd76f3,2026-01-02,CUST-607082,3,99,1,12,Network,0,28,App,1,1,69.71,2,4.48,9.97,14.96,0.37,0.67,None,6.67,3
452cfeda-cea3-49c7-b999-04c208364b38,2026-03-08,CUST-368825,2,62,2,10.5,Technical,1,25,App,2,11,85.93,1,9.01,28.28,7.65,0.75,0.66,None,14.29,3
270131c9-842c-408c-99e2-964e33fff331,2025-11-24,CUST-394630,3,20,1,44.8,Billing,0,6,Web,1,13,94.9,2,1.28,21.28,3.45,0.37,0.61,None,27.8,2
3e176fd5-c6fd-49f2-a02b-4f1705ba5269,2025-12-22,CUST-743184,3,-89,0,19.7,None,1,8,App,1,12,79.74,2,3.01,39.23,12.83,0.54,0.86,None,22.58,4
7db46b1c-939e-411c-b588-d8bfd675375b,2026-05-23,CUST-137814,2,57,2,38.2,Network,0,13,IVR,2,13,60.87,4,6.65,29.98,5.38,0.96,0.95,App to Web,22.14,2
7f3cfdc5-f9e4-42f0-b225-1733e9370204,2025-09-22,CUST-170674,2,-53,3,62.7,Network,1,6,IVR,0,0,65.74,4,8.19,33.19,6.04,1,0.6,None,6.8,5
8257e55b-8165-47d7-b52c-7e1187a21716,2026-05-01,CUST-689700,4,97,0,26.9,None,-1,22,Web,1,13,60.02,4,4.36,16.66,8.6,0.63,0.95,None,8.08,1
e4a28034-9dce-4b98-9739-766dcfbb2433,2026-07-19,CUST-556739,3,-6,4,53.8,Service,-1,2,App,0,11,73.43,1,1.77,8.09,11,0.98,0.63,None,8.96,1
c1a0e066-f804-488c-899e-78a29353033f,2026-04-11,CUST-979737,3,-84,2,1.8,Service,0,28,IVR,2,2,79.26,1,4.98,30.76,13.7,0.71,0.8,None,29.44,5
710ca970-20f0-4172-be57-00315c3e4c60,2025-11-10,CUST-764850,5,-27,5,31.4,Other,-1,12,IVR,0,7,69.26,4,8.7,13.94,10.79,0.31,0.57,None,17.38,4
8a40e7b9-6741-45e6-829c-c358a5520cb8,2025-10-02,CUST-569145,4,-25,0,44,None,1,24,IVR,2,7,64.28,2,4.09,39.51,8.66,0.64,0.95,None,19.24,3
20747fb2-5fd2-4c01-93c2-8526c9088539,2026-03-17,CUST-439976,3,-40,1,39.9,Billing,0,21,IVR,1,13,76.09,2,4.28,37.88,15.68,0.52,0.88,App to Web,28.82,3
a1d40f7f-2519-4445-ab03-2d0d369fc471,2025-08-06,CUST-739954,3,24,4,9,Billing,1,19,Web,1,1,92.49,2,3.42,23.85,1.2,0.67,0.75,None,18.98,1
0e395426-2ae6-41f0-a47d-b3a6f8952328,2025-08-11,CUST-938197,5,-24,3,46.7,Other,1,25,Web,1,11,73.76,5,8.35,27.31,11.41,0.54,0.51,None,14.02,5
7ee5b4f1-e4e5-4b42-8c1b-a80663795788,2026-02-22,CUST-999505,4,13,0,13.6,None,1,4,IVR,1,3,88.96,4,5.3,13.68,15.16,0.82,0.76,None,18,1
dedabdde-957a-40f7-b0b3-891005903233,2025-08-10,CUST-956882,2,59,2,18.8,Billing,1,9,IVR,0,10,71.71,3,7.17,17.19,11.74,0.21,0.89,None,18.44,5
92c5efc0-20fd-4c9c-8d5d-c1a208b9c3f1,2025-09-26,CUST-797309,4,69,1,25,Billing,0,10,App,2,10,67,1,5.65,19.17,15.11,0.91,0.53,None,26.15,3
3c2d7f68-6ec8-4d4f-af2e-56c63a6353da,2025-11-12,CUST-893318,2,58,2,53.4,Service,-1,9,Web,2,12,77.56,5,2.6,28.77,11.56,0.93,0.56,App to Web,11.31,4
07eb9fd9-5aaa-44b7-be4f-a1ab6a1a57e5,2025-11-27,CUST-530488,4,-36,1,62,Service,0,25,App,3,5,65.14,5,0.76,26.54,13.92,0.18,0.79,None,24.59,4
728b5223-47f5-411d-b294-246b70ce67b2,2026-03-25,CUST-605726,2,-5,2,46.7,Network,1,24,App,2,7,64.18,4,7.6,28.86,2.92,0.31,0.76,None,8.38,4
5a0e70ea-2620-47a2-a697-83c5a5fb16a0,2026-04-27,CUST-286203,3,-75,4,61.3,Other,-1,26,App,2,13,87.63,2,5.63,37.7,19.56,0.85,0.65,None,29.78,5
6569469b-81dc-4f6f-af20-7240701e51b7,2025-11-22,CUST-580742,5,80,0,58.6,None,1,19,App,3,6,60.54,4,6.72,21.53,10.97,0.59,0.64,None,12.25,3
45302300-81d5-4c7a-8b38-5b6bfdc11c50,2025-08-24,CUST-142312,3,49,4,49.9,Other,1,27,App,0,2,73.37,3,3.85,16.71,2.52,0.16,0.92,None,22.43,2
5e62622a-50f3-47be-aa48-2cb0b6fe9ed2,2026-03-19,CUST-533414,2,-28,2,63.7,Technical,-1,29,App,2,1,62.58,1,8.12,20.62,14.35,0.9,0.93,None,16.97,2
5cebd401-3a2e-49b6-8bdd-6167b3fde77e,2025-08-16,CUST-919866,5,-9,3,5.2,Billing,1,17,IVR,0,7,94.43,4,3.72,16.01,17.26,0.46,1,None,16.55,2
f6310ebf-7110-407e-893b-27fea90ef3ad,2026-06-20,CUST-975988,4,-19,1,30.3,Billing,0,23,Web,2,8,67.14,4,4.22,18.54,12.65,0.34,0.99,None,22.57,5
97710e41-464a-4185-a596-437910d22e3e,2025-09-21,CUST-953423,3,-19,3,50.2,Other,1,8,App,2,7,65.98,2,6.37,21.41,8.88,0.66,0.91,None,25.11,4
4590659a-f902-4253-af30-a085aa6bae7c,2026-06-12,CUST-440792,1,59,0,12.8,None,1,7,Web,2,12,62.69,2,2.28,16.64,7.12,0.84,0.69,None,15.51,1
1be5a79f-100e-4b11-908a-2691330715fe,2025-08-25,CUST-666008,3,-99,4,57.6,Other,-1,28,IVR,1,9,63.91,3,9.73,28.27,4.71,0.82,0.8,None,5.3,5
18e185a7-e8a1-4f0e-99ef-7006b3122ed9,2026-04-28,CUST-145471,5,-85,4,8.9,Billing,-1,0,IVR,3,2,61.3,4,1.7,7.81,16.41,0.82,0.67,None,17.85,2
75fd010d-ebec-4dc4-b365-b7b2d59e119b,2026-07-12,CUST-841208,2,-33,4,14.4,Technical,-1,17,Web,1,4,84.8,4,4.98,36.04,16.68,0.14,0.62,None,12.97,2
edcad493-4344-485c-a44c-32becaa14404,2025-11-14,CUST-516422,2,80,4,48,Network,0,5,IVR,2,2,65.25,5,3.1,27.41,14.81,0.35,0.78,None,19.82,2
cfd44507-1839-45e1-bc20-df2406e669de,2025-10-14,CUST-629923,5,-62,3,43.5,Other,0,6,App,0,6,61.57,2,2.08,36.47,16.92,0.95,0.53,App to Web,23.6,2
a5f64d26-aefc-4824-90f3-148dfa48d96d,2025-12-01,CUST-245986,4,3,0,39.6,None,1,12,App,2,7,86.22,3,8.3,17.05,16.87,0.26,0.68,None,6,3
7b36adc9-ae05-4d7a-a43a-064ec71ff076,2025-09-16,CUST-394876,3,-3,2,67.7,Billing,-1,17,IVR,2,5,67.5,4,6.16,32.33,2.34,0.73,0.54,None,22.13,3
1b17576a-e3b6-48b0-a733-bdb0485d42d0,2025-09-03,CUST-238814,5,44,3,35.5,Technical,0,18,Web,0,2,65.08,4,6.7,10.02,19.62,1,0.95,None,6.7,4
b20938a3-c6a5-4c4a-bd13-30aad29a4ed6,2026-03-30,CUST-796818,2,65,4,60.5,Other,1,9,IVR,0,8,71.52,2,9.15,18.28,5.56,0.78,0.74,None,9.98,3
dfb8203c-5aa7-4291-beab-064d805d45ba,2025-11-13,CUST-451828,1,2,5,8.8,Other,1,4,Web,3,5,88.83,3,4.73,16.07,13.62,0.97,0.51,None,25.01,5
468b8f0d-d466-4256-8b44-29919b5ae428,2025-12-13,CUST-419783,5,-44,1,33.9,Other,-1,22,Web,3,1,61.05,2,2.5,29.38,6,0.89,0.62,None,9.49,3
955796a0-7c3e-4942-b003-72f05d2a150e,2026-03-05,CUST-549917,3,-31,5,55,Service,1,12,Web,2,12,84.44,5,4.8,37.35,15.73,0.36,0.61,None,21.47,3
e223428b-c4d7-4153-bcc3-3f3fb87f682f,2026-05-02,CUST-339282,2,-95,2,5.9,Other,1,25,App,3,3,75.91,2,4.36,31.68,18.11,0.16,0.85,None,22.1,4
b3b0e171-f652-4aea-8313-0329500995e3,2026-04-16,CUST-761363,5,-28,5,66.2,Service,0,18,IVR,1,8,67.4,3,4.69,26.51,14.76,0.16,0.86,None,15.18,3
6d5921fa-60db-4ce1-96bc-1b0ee006d7e2,2025-11-20,CUST-290659,3,-35,5,25.9,Service,-1,4,Web,2,6,93.23,2,8.36,6.27,16.04,0.56,0.68,None,16.95,5
fabf79c8-0703-4cb7-90ee-ff9b8732b2b1,2025-10-31,CUST-336824,4,23,4,32.8,Network,1,18,App,2,6,88.36,4,3.6,26,16.8,0.27,0.87,None,9.48,1
cf6909b6-1eff-496d-b6e1-e0c1adf49b29,2025-12-01,CUST-866730,2,98,5,71.6,Billing,-1,21,Web,1,11,65.48,3,1.66,7.19,13.53,0.5,0.73,None,25.54,2
d2daace3-2084-4ce4-9059-8f72b2271bf3,2025-10-13,CUST-871913,4,14,1,35.5,Billing,0,20,IVR,2,2,62.13,5,2.87,10.81,8.14,0.46,0.62,None,23.06,1
fe62bfa0-5d68-4755-96ce-6375c84d726b,2026-04-30,CUST-482814,5,-91,4,17.8,Technical,-1,8,App,0,9,94.7,4,9.76,16.24,12.95,0.34,0.91,None,7.06,3
177f092c-71f8-416d-9300-5c35ab437872,2026-03-14,CUST-969591,5,-40,3,33.8,Technical,0,7,App,1,12,76.93,3,8.42,33.33,11.19,0.87,0.54,None,26.35,4
00660a0f-b557-4bf2-ac57-6bc371c0ed3a,2026-04-06,CUST-367981,4,76,1,16.6,Network,1,16,IVR,3,14,67.99,4,9.59,15.43,3.41,0.9,0.56,None,8.15,1
2c27a77a-e829-4ea8-ba68-e46da76c3d60,2026-03-26,CUST-504198,2,-68,1,4.4,Other,1,3,Web,1,7,77.7,3,9.02,29.4,14.64,0.28,0.72,None,25.68,3
90175493-471f-48d7-b862-c92bb4f90f85,2026-03-13,CUST-769146,4,36,0,65.4,None,-1,27,Web,1,1,75.95,3,2.75,26.65,19.87,0.34,0.58,None,18.75,4
354f33a5-26cb-49b6-aafe-6aa8f04aad6c,2025-10-24,CUST-548387,4,81,3,24.9,Technical,1,8,Web,2,8,94.42,3,0.56,14.75,4.7,0.84,0.95,Web to App,28.64,1
e28b7409-5564-4794-93ef-004483146e0f,2026-06-27,CUST-960363,2,-48,4,35.3,Other,-1,19,Web,2,4,68.3,2,9.11,18.15,8.26,0.91,0.54,None,22.44,5
65d470eb-72ff-4f33-b299-907445ebdb1b,2026-07-14,CUST-498009,4,-67,0,51.8,None,0,16,IVR,2,8,74.18,2,1.48,27.2,10.81,0.86,0.72,None,15.97,3
80bbdd73-85f5-48ca-9df0-af45eb9087fb,2025-11-28,CUST-972549,3,-62,4,59.8,Other,1,2,Web,2,10,81.52,1,9.68,37.63,11.19,0.1,0.85,None,25.14,4
bef9fb52-b39e-48dd-a7df-4d4e0b1bab5c,2026-07-08,CUST-105488,3,-25,4,26.2,Technical,0,7,Web,2,3,92.47,4,1.74,28.71,12.8,0.33,0.52,None,11.75,3
d589191a-5397-4f19-8fee-876c4ccee795,2025-12-29,CUST-839671,4,16,4,28.3,Service,1,8,Web,1,3,79.22,3,6.37,5.73,10.35,0.82,0.62,None,22.86,2
d02f5649-ff0c-4c28-90ed-d976c791a1ee,2026-04-03,CUST-939894,1,-49,4,47.8,Other,-1,15,Web,2,9,76.65,5,1.11,6.27,3.65,0.23,0.76,None,24.56,3
adaca0af-057a-4cf6-af32-e79aaffbb548,2026-02-23,CUST-316576,4,-1,0,32.1,None,1,29,IVR,2,14,83.41,4,9.61,19.23,2.6,0.1,0.98,None,6.66,3
48a133d9-8b2d-47ef-b995-887ccae021a4,2026-06-27,CUST-687793,4,-52,2,9.3,Service,1,24,App,1,1,71.39,5,7.83,11.21,3.68,0.14,0.54,None,26.36,2
21a63e58-8a84-4d44-8239-4c2882cd6e38,2026-06-28,CUST-152914,3,-16,4,4.1,Billing,1,29,IVR,0,11,74.91,2,3.05,7.5,5.15,0.42,0.73,None,10.5,4
264acf56-be02-4b2f-977a-9e0e741a1796,2025-07-26,CUST-983002,3,-6,3,9.2,Technical,-1,13,Web,0,2,73.73,2,7.46,15.59,7.38,0.18,0.74,None,25.61,2
67697fed-c392-481b-9180-90e937f9bce8,2025-12-10,CUST-907779,3,-57,2,40.8,Technical,-1,23,Web,0,8,93.09,2,7.45,14.02,10.29,0.35,0.96,None,8.98,2
cf2588e1-e059-4d74-8a33-0428490fb293,2025-09-25,CUST-552802,1,43,3,24.8,Billing,1,23,Web,2,2,93.73,2,5.02,19.38,19.29,0.13,0.83,None,14.54,3
b5c4949d-bb53-43cc-82c5-647ecca18b24,2025-10-12,CUST-346260,4,17,2,61.1,Network,-1,22,Web,1,3,91.11,5,0.56,33.56,11.82,0.52,0.77,None,16.18,3
fb3ab06b-f019-408f-b804-503bb6b6d1a7,2026-03-08,CUST-475503,2,61,0,3.8,None,0,11,App,0,4,68.08,4,6.96,6.86,15.22,0.15,0.84,None,20.56,2
ae5b8483-f836-491e-ba05-40bd6ee522a0,2026-04-16,CUST-531988,4,97,2,20.6,Billing,-1,6,App,1,8,62.77,4,0.77,9.53,14.89,0.11,0.86,Web to App,24.12,3
72dd5ea1-b032-4c95-a08a-7af778ebc62a,2026-01-27,CUST-969260,4,2,5,28.6,Network,0,11,Web,3,12,71.26,5,4.49,25.38,2.71,0.32,0.81,None,24.05,2
80444d64-c01e-4a51-883f-ffb0e52d96fa,2026-03-01,CUST-159894,4,-43,3,27.4,Other,0,8,Web,3,6,62.56,5,6.19,23.46,17.25,0.7,0.52,None,11.6,3
0ff25627-883d-4fcc-8adc-f0de54d8168b,2026-02-09,CUST-743939,2,-12,3,13.5,Network,-1,28,Web,1,12,64.05,4,9,21.51,12.38,0.94,0.72,None,25.66,4
864c3dc8-dc9c-4d2f-9f6e-5cb71b96bbee,2025-09-05,CUST-478655,3,37,4,42.5,Service,0,29,Web,2,5,77.74,2,7.88,16.77,11.94,0.23,0.55,None,13.08,4
0d13fb84-3f18-4116-ae80-d3136d7dac79,2025-09-03,CUST-402193,2,21,3,50.4,Service,0,2,App,1,5,75.41,3,2.64,16.23,16.66,0.4,0.52,None,26.53,1
49cfb84d-d15a-4e1c-b98f-01c9b8f10400,2026-04-26,CUST-515020,3,-39,5,30.5,Technical,1,26,IVR,0,3,67.94,3,8.38,28.51,8.29,0.9,0.71,None,14.37,2
3d9377e3-73fc-4af3-b88f-14e9ba84600a,2025-11-14,CUST-940875,3,-86,2,40.5,Service,-1,19,Web,2,13,92.57,3,2.92,6.74,10.09,0.84,0.67,App to Web,8.58,2
d1e930f4-ac6f-4b2c-b211-926e6f1b37ec,2025-10-20,CUST-781132,4,-88,5,34.1,Other,1,10,IVR,2,4,86.82,1,3.87,11.85,7.16,0.67,0.61,None,12.67,2
0b576e0a-d1b4-4a91-8722-3106ca82669d,2025-09-25,CUST-666110,2,-93,2,61.1,Network,-1,25,App,2,9,69.77,1,1.65,8.1,18.97,0.26,0.8,None,6.6,2
de3afc0f-4396-47bb-aa14-1e1c0ff380b0,2026-02-26,CUST-804388,3,-44,5,30.6,Service,-1,13,Web,3,14,81.84,3,8.18,24.63,5.91,0.54,0.95,App to Web,17.18,2
55fd617a-ecf7-4107-ac46-2fe9dea29cb6,2025-10-19,CUST-444196,2,77,4,50.4,Billing,-1,25,Web,1,10,68.52,4,0.2,34.81,10.78,0.32,0.85,None,27.82,2
4261f743-4278-488a-ba25-21abcc5d2126,2025-11-03,CUST-261861,3,-91,1,37,Network,-1,2,App,3,11,88.43,5,6.8,31.34,10.36,0.53,0.61,None,28.3,1
c9fdd09d-f315-4284-bcd4-ca1ab03efc87,2026-04-18,CUST-557741,4,42,4,64.6,Service,0,5,IVR,1,12,62.41,3,7.74,38.9,16.29,0.42,0.51,None,27.68,3
5063b6de-d3d2-4dc9-9111-02195abb0f60,2025-12-31,CUST-717454,4,-43,0,31.6,None,0,19,IVR,0,4,77.99,4,4.03,34.05,19.33,0.44,0.52,None,18.69,4
dbe64cd8-cc58-452a-8fca-20ddd3c3dae4,2026-03-09,CUST-531000,4,59,2,21.9,Other,-1,16,IVR,1,9,69.06,1,5.56,21.73,17.66,0.96,0.84,None,11.96,2
29418c7c-95d4-4e9f-b244-0ad77148ffec,2026-04-07,CUST-599154,2,-93,2,54.7,Billing,1,19,Web,1,10,93.29,1,1.04,36.37,10.41,0.91,0.64,App to Web,10.13,2
842f79b0-eae5-448c-abef-f7816c56fcdf,2026-06-20,CUST-608886,3,-86,0,56.8,None,-1,13,Web,1,9,80.58,2,6.92,33.79,17.61,0.63,0.52,None,5.04,1
b47a4f10-87e8-4a05-ae3c-80738e28e97c,2026-04-12,CUST-697697,3,-94,1,8.2,Network,-1,1,App,2,10,70.27,3,0.44,29.7,17.85,0.17,0.52,None,9.25,5
f04b9864-1b45-4bf0-91f1-4f12d6594be3,2025-12-24,CUST-191521,2,5,4,38.4,Service,-1,25,App,1,1,78.07,3,8.2,18.33,14.21,0.99,0.72,App to Web,19.57,2
a88071a8-5cd5-41cb-8f20-d8eb8ff63ba2,2025-07-31,CUST-465704,4,-12,2,24.3,Other,-1,21,IVR,2,12,74.14,5,4.18,8.12,10.65,0.62,0.77,None,15.23,1
37ed94c2-f993-4f14-a8f4-8f6605144334,2026-03-10,CUST-901020,3,-40,4,34.6,Technical,1,24,App,2,6,89.05,1,4.26,20.23,8.88,0.41,0.58,None,14.72,4
3ebe7638-7ae6-4371-a336-272b17b4029a,2025-10-26,CUST-842695,2,-5,0,62.6,None,1,30,Web,1,2,89.72,5,8.1,31.98,8.32,0.71,0.95,Web to App,24.78,5
e58f3851-174a-4992-8af1-dd239423209f,2026-05-05,CUST-250932,3,51,5,57.7,Billing,-1,20,App,2,5,93.72,2,7.15,25.35,1.14,0.85,0.64,None,27.5,4
aac38325-3323-4e91-9784-31b2633ff2f3,2026-01-30,CUST-626332,4,16,4,1,Technical,1,10,IVR,1,4,66.9,4,7.88,13.2,6.73,0.2,0.54,None,14.78,3
ac5d94b7-9efb-4591-a0e4-a6b670953ac2,2026-03-17,CUST-671126,2,2,1,33.9,Billing,0,13,App,3,2,87.54,2,5.12,30.5,7.24,0.44,0.96,None,8.66,2
47b2dc32-19cd-4da1-a8ba-6ab1b9fd1ce5,2026-05-06,CUST-324602,4,-52,5,25.7,Other,0,12,IVR,1,5,86.41,4,6.09,15.46,2.31,0.27,0.6,None,16.64,4
58428d6a-9079-4ea1-9c4e-2e4fb67087ed,2026-02-07,CUST-370777,2,7,2,36.7,Service,-1,25,IVR,1,3,79.41,5,3.59,10.73,16.1,0.45,0.78,None,10.48,2
2581487b-730d-496c-a79c-f41363e3bd5d,2026-07-08,CUST-572911,5,17,3,59.7,Service,-1,0,IVR,1,8,86.04,3,8.09,11.93,14.15,0.72,0.85,None,19.48,5
12e163a0-870e-46a0-95e3-3f03d0f2211a,2025-12-06,CUST-406174,3,79,4,51,Technical,-1,13,Web,2,7,64.68,3,1.12,37.68,1.65,0.36,0.93,App to Web,9.51,4
be2cf417-d682-44d3-93b0-4e4e1869b5ca,2026-04-21,CUST-898066,2,25,1,33.4,Other,0,3,Web,1,5,67.02,3,8.49,35.27,3.83,0.57,0.91,None,5.63,2
0603a788-0769-4e07-8e83-094f6ec77ef4,2025-12-31,CUST-536838,2,19,4,3.8,Other,0,13,App,2,13,80.31,2,2.19,31.71,10.98,0.32,0.87,None,18.12,3
a6f259eb-fc37-4ffa-8c27-74fef1377263,2026-02-17,CUST-604436,5,-34,5,19.1,Network,-1,7,IVR,2,13,81.38,3,2.37,15.82,9.9,0.35,0.57,None,10.12,2
cd40e3e5-a0ef-4607-9db1-7a098610653f,2026-05-14,CUST-731916,1,-80,4,7.8,Service,1,21,App,2,8,91.66,3,9.64,36.63,14.99,0.86,0.93,None,20.21,4
843cede4-dbae-4852-8236-064f5578dfb6,2026-02-15,CUST-128653,1,23,5,42,Technical,1,15,Web,2,4,75.83,4,3.89,20.57,16.89,0.33,0.89,Web to App,17.32,5
ce17bf96-0ce1-4830-9aec-0a74e96d838f,2025-12-27,CUST-718983,3,4,2,36.1,Billing,1,4,IVR,2,8,87.47,3,7.22,9.69,11.94,0.37,0.87,None,8.5,4
f79f4dae-8484-4805-8c42-d588d0438767,2026-01-29,CUST-916106,5,79,4,27.9,Technical,0,17,Web,2,8,83.44,4,3.9,24.85,17.52,0.99,0.98,None,9.08,2
cf9c14de-5d34-44f3-8fa7-4f567db6de25,2026-07-17,CUST-185842,3,62,2,65.4,Network,0,2,Web,1,10,83.69,4,4.19,28.76,16.82,0.9,0.79,None,26.84,4
e5c219a8-678c-4627-a9da-1e939e22eff0,2026-04-29,CUST-914155,3,-62,3,25,Billing,1,0,App,0,14,64.68,4,8.1,39.89,9.79,0.2,0.54,None,22.11,4
c4f4ffd7-9ef9-47f4-9635-7d655d88bab0,2025-11-26,CUST-531313,1,-68,3,24.6,Service,-1,29,App,0,4,61.54,2,2.21,22.02,9.13,0.26,0.51,Web to App,14.6,3
4900005a-7ae5-4745-b248-d1e4bede7340,2026-01-05,CUST-107268,2,-64,2,52.6,Service,-1,1,Web,1,10,90.01,3,5.21,20.19,1.63,0.89,0.51,None,25.47,4
010b1fbb-cf12-4304-8b48-a4145d33aa91,2025-12-12,CUST-816290,5,88,5,24.2,Service,0,13,IVR,1,12,67.04,3,8.26,17.49,2.89,0.69,0.64,None,25.89,4
aa4cb8a2-2006-4a84-b02c-7c3c653946c1,2025-12-01,CUST-308273,3,72,2,10.5,Billing,-1,29,App,0,10,67.51,1,3.95,35.75,2.85,0.93,0.62,None,16.86,3
ce39af83-a26f-42e6-9b3f-694fcd7af132,2025-11-20,CUST-263636,3,97,2,29.9,Billing,-1,22,App,2,12,83.99,5,10,11.07,3.16,0.55,0.88,None,11.63,4
11516ecd-25c6-44df-a71e-f4f91a61ea3e,2026-04-05,CUST-816346,4,24,4,12.9,Other,1,21,IVR,0,13,79.92,1,9.26,25.92,7.28,0.89,0.88,App to Web,7.16,2
4ac5143b-70cb-461f-880f-89edc9db43ff,2026-01-06,CUST-570967,1,80,3,70.9,Technical,-1,25,Web,0,11,63.21,3,6.72,24.44,3.41,0.52,0.74,None,28.32,1
e09a1774-53cd-4982-b6f1-15edf1037d93,2026-04-29,CUST-433377,3,-9,2,15.3,Technical,1,1,IVR,1,11,67.84,3,9.32,20.34,8.11,0.12,0.8,None,28.65,3
d429a0c7-3bd3-4c0a-b718-f9c3723e2b88,2026-02-08,CUST-521358,4,-83,4,33.2,Technical,1,19,Web,1,14,65.68,3,5.86,24.77,19.56,0.25,0.98,None,22.48,4
ed98a370-1049-42bb-96a9-6bde07c4feaf,2025-12-07,CUST-199577,1,-77,2,44.4,Network,0,20,App,3,5,77.17,1,0.26,14.65,6.89,0.5,0.6,None,17.99,5
ff34b5dd-0905-46d8-b45f-4f2ada420f1c,2025-09-29,CUST-275238,4,8,2,3.7,Other,0,19,Web,1,9,75.64,3,5.64,14.54,9.36,0.39,0.91,None,9.68,4
f3a35f45-f092-47cc-95cf-accb0cdfd3ef,2026-02-24,CUST-895206,4,-63,5,26.8,Billing,-1,29,IVR,1,9,74.78,3,6.29,17.96,13.82,0.66,0.51,None,27.55,3
1d694044-dd21-460f-a6e1-50356292f4b1,2025-12-24,CUST-544880,4,48,3,52.7,Technical,0,27,Web,1,2,92.87,4,6.18,8.35,13.69,0.43,0.89,None,16.54,4
0eb6bfd0-925d-405f-b2e1-198e784fa285,2025-10-20,CUST-228641,1,6,2,44.3,Other,0,29,Web,3,14,74.88,4,6.61,29.41,9.44,0.47,0.81,None,10.14,2
fe4787f2-af19-44e7-8d37-1b63a92056b7,2025-11-12,CUST-973288,4,-20,1,25.8,Billing,-1,4,IVR,1,1,91.34,1,8.25,16.11,15.28,0.36,0.68,None,26.04,4
1babfdcc-3a0a-4b25-a501-9562eb56c9ea,2025-10-04,CUST-362363,3,-87,4,62.2,Service,1,1,IVR,2,1,61.53,4,9.32,25.86,11.17,0.58,0.77,None,17.33,4
4ab5799d-733f-4bc9-9b66-13cedd4d4a69,2026-01-18,CUST-234121,2,97,2,52.1,Network,0,20,App,3,1,90.54,3,3.7,28.61,18.87,0.28,0.51,None,18.2,4
8944ac51-eb01-4df1-99ba-0efd0b101c77,2026-06-25,CUST-590684,1,-96,4,51,Billing,0,4,IVR,3,13,73.14,1,9.35,20.45,10.87,0.37,0.75,None,6.65,4
ad9f880c-a2a0-4b52-93bb-21e532361a9c,2025-09-04,CUST-692722,2,7,1,16.2,Billing,-1,9,App,3,14,66.68,5,8.53,9.97,13.64,0.39,0.84,None,14.64,4
1f48521b-538e-4683-b398-fb4be51a5bd8,2025-10-11,CUST-359866,4,12,4,59.9,Other,-1,9,IVR,1,0,86.4,3,1.89,19.1,8.46,0.91,0.53,None,8.6,3
715ae2ce-2cd1-4720-a537-6c4d055b8d84,2025-11-12,CUST-205289,3,26,4,45.2,Service,0,22,App,2,13,81.46,3,3.91,34.76,15.54,0.58,0.8,None,22.52,3
77068ca6-13b5-438b-a285-6b396d4edd2d,2025-08-21,CUST-184467,1,68,0,30.6,None,-1,23,App,0,12,60.56,5,5.88,7.76,17.84,0.59,0.8,None,5.76,3
3f539c3a-debd-4c15-b89c-b42832d2d64a,2025-10-23,CUST-577934,5,34,5,4.2,Technical,0,13,Web,2,12,82.15,4,0.35,27.45,8.45,0.12,0.74,None,19.32,4
da0dec12-fec9-4790-a1d2-9e5b29544ef3,2026-01-30,CUST-618390,4,48,1,25.9,Billing,1,29,Web,0,4,75.45,4,6.67,13.4,7.91,0.49,0.64,None,23.18,2
a163f880-87c0-4026-87a6-f0d616ec1062,2025-11-28,CUST-214253,4,35,0,27.3,None,0,25,App,3,5,86.66,3,8.96,17.83,15.95,0.17,0.94,None,22.56,4
b62bf46d-117f-41d1-a9b4-b6195e8f1e52,2025-11-25,CUST-350012,5,-80,5,51.2,Service,1,23,Web,1,4,61.28,1,5.45,23.41,12.24,0.65,0.73,None,13.33,1
57fc022d-fe7a-4b75-b1bf-a92e72fae83a,2025-11-27,CUST-288929,4,81,4,55.8,Network,-1,9,App,2,4,75.93,2,5.63,19.94,10.43,0.51,0.72,None,13.06,4
9e8fab01-9d2c-43b1-aec4-f82ed5e01e9e,2026-03-18,CUST-228095,3,-88,1,15.3,Billing,-1,10,Web,1,11,88.72,4,5.87,19.03,17.25,0.14,0.66,None,6.67,5
b19fe1e9-4899-4cf5-913d-ded098a69514,2025-11-16,CUST-252586,4,41,2,67.7,Billing,0,20,Web,1,1,78.4,4,3.1,34.85,19.29,0.43,0.81,None,16.35,2
6310595a-395b-4e46-81bc-c0acf2a1f0fe,2025-08-10,CUST-349982,3,-50,2,13.2,Other,1,26,IVR,0,14,66.55,3,2.35,19.94,3.69,0.55,0.65,None,13.6,5
cf89a0b8-f3a6-4d34-ae71-d7773103dc72,2026-07-07,CUST-558776,1,43,1,19.3,Network,-1,9,IVR,1,12,90.58,3,1.31,22.6,12.52,0.75,0.93,None,22.7,1
eeaae817-d4ad-437d-bb40-9fba2afcaf97,2026-04-16,CUST-829196,1,-62,0,43.7,None,0,26,Web,1,10,73.4,4,4.46,26.03,15.18,0.9,0.67,None,23.33,4
ab36c3aa-36af-4281-b0bd-55acaf22c4db,2026-03-06,CUST-267539,2,-88,3,59.7,Network,1,29,App,0,3,61.37,4,2.15,31.92,12.76,0.62,0.65,None,7.45,2
7eb785e4-4aa9-44ea-9b05-b5df0fd7dcbe,2026-01-23,CUST-110475,3,-38,3,19.6,Billing,-1,12,Web,1,8,85.57,1,5.9,25.66,10,0.24,0.9,None,6.61,2
372ee797-1951-4d73-bb8e-65848fa2ee3e,2025-11-02,CUST-437563,5,-33,0,53.4,None,1,4,IVR,2,14,82.4,4,5.7,22.3,1.45,0.98,1,Web to App,6.55,3
44bb504d-8d95-46d7-81e5-59ae57c1416f,2025-12-25,CUST-631686,3,42,2,28.6,Network,1,25,Web,1,6,91.9,3,3.76,26.53,6.18,0.44,0.6,None,16.06,3
73195c4f-8a25-40b4-a4ce-92318a928de1,2026-02-19,CUST-413874,2,-64,5,38.5,Other,1,14,App,3,14,74.84,4,7.46,31.99,19.61,0.54,0.79,None,5.23,3
eadd4ed5-5351-4d2e-8905-5bdfc13e7ce7,2025-08-18,CUST-873608,2,43,5,66.4,Network,1,30,App,1,12,64.19,3,7.97,8.9,17.9,0.98,0.69,None,20.11,3
a344ce88-bba1-4b90-a711-72d00dd3b448,2025-12-25,CUST-420169,4,85,1,48.3,Other,-1,19,App,3,1,82.58,4,5.65,20.46,18.3,0.44,0.51,None,6.38,5
cbf19396-42d1-4317-89dd-1e904ea4844a,2025-09-28,CUST-984578,5,8,2,63.1,Service,-1,20,IVR,2,8,79.46,5,8.54,8.9,6.26,0.99,0.92,None,28.14,1
4cec5d0a-5871-4f06-a859-dd5e59fc2e62,2025-11-24,CUST-147161,3,-94,3,12.2,Billing,1,4,IVR,0,7,85.4,4,9.91,25.9,4.3,0.91,0.63,None,8,1
f846ffc7-1f7c-44df-9186-d739025fd449,2026-04-16,CUST-748744,2,39,1,51.3,Billing,-1,25,IVR,2,11,84.41,3,2.07,23.83,11.81,0.2,0.76,None,26.1,4
e940ba40-b6c0-43a7-ba6e-d16db96c8928,2025-11-16,CUST-798983,4,-29,2,52.6,Service,1,29,Web,2,9,89.18,3,9.64,8.66,18.33,0.33,0.86,None,11.3,4
76978196-bfaf-4036-ab25-fae46428caea,2026-03-10,CUST-786622,1,48,4,17.1,Billing,-1,19,App,2,4,86.81,1,7.68,24.62,6.72,0.33,0.98,None,24.73,5
e087aa06-16b1-4307-a28c-c8b0cf0c6249,2025-11-27,CUST-529502,3,10,4,44.2,Network,1,13,Web,1,11,74.28,5,2.65,27.74,10.74,0.28,0.72,None,24.74,2
11b01073-a15e-4ca0-b875-c00b9bde4c5b,2026-01-08,CUST-844595,2,-29,1,40.5,Billing,0,3,IVR,2,6,69.3,2,3.91,15.81,13.52,0.32,0.71,None,12.36,2
91269da4-5397-4fc2-9e47-cd0ec064c7cd,2025-12-23,CUST-553491,2,100,2,66.6,Other,1,10,App,1,11,62.67,2,0.72,6.65,9.68,0.34,0.84,None,26.82,2
a1bd918a-c681-4e37-8218-292a3fe09a55,2026-01-02,CUST-283667,2,-93,3,64,Network,1,10,IVR,1,1,86.79,2,8.22,35.9,14.6,0.35,0.96,None,6.59,2
415c8dc4-9e20-4550-9f72-415a410938f0,2025-07-27,CUST-904851,3,76,4,27.5,Other,0,11,App,2,7,92.97,1,7.56,30.95,8.08,0.95,0.65,None,12.64,3
d29aea73-6c6d-423f-8bf5-73eec0b5dab4,2026-04-20,CUST-349080,4,-25,2,28,Technical,-1,28,IVR,1,5,69.82,1,7.55,33.75,17.59,0.47,0.69,None,15.04,4
4dfa6507-2847-48a5-8b9a-83d844b55de4,2026-01-20,CUST-200768,3,6,1,42.8,Other,-1,2,App,2,4,68.4,3,6.77,7.02,8.54,0.14,0.97,None,26,1
201b7106-401e-4883-88a6-0a368ac80dab,2026-07-04,CUST-271327,5,-35,2,19.8,Technical,1,22,Web,1,3,84.73,5,2.67,37.7,1.23,0.14,0.92,None,19.2,3
2f3eebba-391b-4197-9ffa-f7091fca872f,2026-04-16,CUST-801650,2,-81,4,16.6,Network,-1,26,App,3,9,64.4,4,5.81,39.21,18.32,0.82,0.5,None,23.42,4
018dfc16-c3ed-4901-8601-29a840c87b54,2025-11-10,CUST-310966,5,35,2,48.8,Technical,-1,13,App,3,10,77.95,2,2.99,10,6.9,0.87,0.97,None,25.18,4
806fc9f4-82ba-419e-856f-eae18b11a67e,2025-08-12,CUST-456365,4,26,4,11.6,Billing,0,4,Web,3,1,89.74,3,0.25,22.59,19.97,0.58,0.78,None,20.22,1
bd5671a2-7259-45d6-bafc-f75455499c17,2025-11-12,CUST-685146,4,-73,3,22.2,Network,-1,6,App,2,8,90.44,4,5.74,23.23,12.93,0.27,0.51,None,9.15,3
07a87873-50ed-401c-b0e4-c9ef73efe68b,2025-10-17,CUST-359205,3,92,1,34.1,Technical,1,2,IVR,1,4,72.75,3,3.97,11.89,15.11,0.53,0.57,App to Web,14.88,4
31c9fe01-8409-41cf-9c2f-96dfff217f93,2025-09-21,CUST-873003,5,-49,2,62.2,Service,-1,29,App,2,12,65.08,1,1.26,6.64,4.6,0.28,0.78,None,7.96,3
ec7940e3-d4b0-4159-9f16-b9383c99fb9a,2025-10-18,CUST-478890,2,6,0,22.1,None,0,6,IVR,3,3,66.64,3,5.29,25.2,18.49,0.45,0.85,None,8.72,4
302ef903-8415-4214-ac93-78552e7b8b58,2025-10-08,CUST-781748,1,17,5,57.4,Other,-1,10,App,3,3,66.46,2,1.73,8.53,4.86,0.87,0.6,None,5.61,3
