Record_ID,Date,Customer_ID,SIM_Swap_Frequency,Unusual_Call_Patterns_Flag,High_Roaming_Alert_Flag,Device_Blacklist_Check,Account_Hijack_Risk_Score,Multiple_SIM_Registration_Attempts,Identity_Verification_Passed,Call_Forwarding_to_Premium_Numbers,Shared_Device_Flag,Fraudulent_Payment_Attempts,Account_Takeover_Detection_Rate,SIM_Cloning_Incidents,KYC_Compliance_Rate,Suspicious_Device_Change_Frequency,Fraud_Investigation_Success_Rate,High_Risk_Transaction_Alerts,Roaming_Fraud_Detection_Rate,Multi_Account_Linkage_Risk_Score
c66c06a7-7fd1-41e4-9e3b-471bb853c2f7,2026-04-30,CUST-121801,0,Yes,No,Yes,0.95,1,Yes,No,No,3,91.44,0,92.48,4,56.35,No,1.1,0.47
1e733fce-5cfc-4131-bea2-32be1136d904,2026-04-08,CUST-332165,2,No,No,Yes,0.28,2,Yes,No,No,2,94.86,1,98.23,1,66.95,No,0.15,0.56
1d5c35f4-858d-42e4-a3e7-6887b5b6abd3,2025-08-20,CUST-643729,1,No,No,Yes,0.48,1,Yes,No,No,2,92.71,0,99.16,2,81.92,No,1.73,0.58
ea223a6a-cd15-4f23-8257-360fa1d5f8a4,2025-12-10,CUST-283164,3,No,No,Yes,0.89,2,Yes,No,No,0,91.29,1,92.16,3,73.17,No,1.51,0.67
27d45f7d-c723-4caa-ac5b-839c01651862,2026-01-08,CUST-487198,0,No,No,Yes,0.45,2,Yes,No,No,1,80.34,1,99.19,4,69.39,No,1.44,0.45
cd521a8d-d5b0-41cb-9e30-966e3591caa6,2025-09-05,CUST-727016,2,No,No,Yes,0.68,0,Yes,No,No,1,84.69,1,94.75,3,84.69,No,1.66,0.23
ec9dcc05-548d-490d-a294-14c4be8bc1b5,2026-06-30,CUST-202706,2,No,No,Yes,0.88,1,Yes,No,No,3,88.14,1,96.66,2,58.93,No,1.96,0.75
3d074abd-a7f8-435f-9053-b761737034e0,2026-03-05,CUST-110931,0,No,No,Yes,0.78,2,Yes,No,No,3,85.44,1,93.93,1,75.73,No,1.68,0.18
cd108091-8fd2-4aff-9776-595f88fca054,2026-04-12,CUST-751413,3,No,No,Yes,0.58,2,Yes,No,Yes,3,82.51,0,98.61,0,82.25,No,0.98,0.7
20bc5fc9-1f36-4c92-86a9-49300b93eb46,2025-12-30,CUST-490007,3,No,No,Yes,0.44,2,Yes,No,No,1,91.33,1,95.57,0,74.07,No,0.53,0.27
c07141c9-01b1-4ec9-a6fb-f1331940c2b4,2026-02-23,CUST-269643,1,Yes,No,Yes,0.85,1,Yes,No,Yes,2,94.87,0,98,2,52.87,No,0.48,0.74
3924488c-8774-4841-9e1e-9509d4ca787a,2026-05-19,CUST-265703,1,No,Yes,Yes,0.71,1,Yes,No,No,2,80.25,0,98.34,5,80.08,No,0.97,0.52
bcd52fc9-1c9d-4352-a972-625623163e38,2025-12-25,CUST-159789,2,No,No,Yes,0.19,0,Yes,No,No,0,84.55,0,94.97,4,66.76,No,0.53,0.54
017abd32-05ce-4633-9fda-33727817367b,2025-11-16,CUST-484958,0,No,Yes,Yes,0.97,1,Yes,No,No,1,82.07,0,94.35,2,52.78,Yes,0.34,0.52
18b61eb7-5382-429d-8f82-66e850d60ab2,2026-01-28,CUST-477705,0,No,No,Yes,0.15,1,Yes,No,No,0,85.26,0,99.95,3,60.33,No,1.84,0.28
eda0e3a6-c90e-4322-9718-0d53686f023e,2026-04-24,CUST-717657,3,No,No,Yes,0.24,2,Yes,No,No,1,97.12,0,94.1,4,83.68,No,1.04,0.4
e06ffeb4-02bc-4710-8187-d6960501896d,2026-05-04,CUST-538232,2,No,No,Yes,0.54,1,Yes,No,No,2,83.31,0,96.51,5,55.54,No,0.93,0.42
e1c80963-0dce-4068-a721-f4687f6cbd99,2025-09-27,CUST-721754,3,No,No,Yes,0.19,1,Yes,No,No,2,82.44,0,95.57,4,63.14,No,1.71,0.31
676d5bd2-8b9f-4109-a61b-557a3a3e7b39,2025-08-20,CUST-911779,3,No,No,Yes,0.63,1,Yes,No,No,1,83.43,1,98.92,3,73.66,No,1.15,0.73
cb1ccec1-5293-4272-8a1c-8928742609c1,2025-10-26,CUST-694366,1,No,No,Yes,0.88,0,Yes,No,No,0,82.6,1,90.79,1,50.72,No,0.27,0.37
4f55eca5-9e29-4e73-9239-b8c6db832a1f,2025-10-05,CUST-118981,1,No,No,Yes,0.62,1,Yes,No,No,2,91.74,0,94.79,5,85.18,No,1.16,0.45
0f842abe-ac9b-48ca-abbc-cfd9f16fa4fe,2026-06-06,CUST-551746,3,No,No,Yes,0.21,1,Yes,No,No,2,96.82,1,92.74,3,76,No,1.18,0.57
50609c82-f5b2-4335-98f6-597dde8628fa,2025-07-29,CUST-717000,2,No,No,Yes,0.29,2,Yes,No,No,2,89.15,0,99.74,2,70.94,No,0.55,0.42
a89d7b56-ae4e-48d4-87db-451faca60f11,2026-02-10,CUST-183576,0,No,No,Yes,0.62,1,Yes,No,No,2,97.84,1,98.84,1,69.54,No,0.7,0.7
62c0153f-ea0a-472b-a575-43147ef103b3,2025-11-06,CUST-200634,3,No,No,Yes,0.89,2,Yes,No,No,1,97.96,0,95.95,5,63.88,No,1.22,0.46
2e10e9d9-525a-40d8-a938-c340842e5dec,2026-02-11,CUST-143140,1,No,No,Yes,0.24,0,Yes,No,No,1,94.75,1,96.23,0,61.04,No,0.91,0.32
f8ac70d3-48f1-466b-9ae1-1ee82abf3745,2026-02-04,CUST-369705,1,No,No,Yes,0.74,1,Yes,No,No,1,94.79,0,93.49,3,54.89,No,0.75,0.75
305e503f-76d7-445d-989b-f4e75131a5ef,2025-12-21,CUST-966659,3,No,No,Yes,0.35,1,Yes,No,No,0,89.49,1,93.55,2,54.06,No,1.07,0.22
2bb3c148-f8ef-4030-bf32-bd9d6d7597bf,2026-02-08,CUST-685295,3,No,No,Yes,0.27,0,Yes,No,No,1,91.56,1,91.43,2,67.97,No,1.49,0.7
b939c9bc-caa4-4106-9820-0682b5c11038,2026-05-31,CUST-183155,1,No,No,Yes,0.96,1,Yes,No,No,2,80.04,1,93.15,5,50.02,No,1.35,0.55
1cb6f136-fc96-4a15-915c-d04bdc3ed762,2026-03-29,CUST-372155,2,No,No,Yes,0.12,0,Yes,No,No,2,88.67,0,98.2,4,63.63,No,1.06,0.66
4f1da220-83b8-4d84-a007-38657b94a2ef,2026-03-09,CUST-245128,0,No,No,Yes,0.68,0,Yes,No,No,1,81.5,0,91.1,1,81.47,No,0.63,0.52
8cd40c65-6ade-4852-b931-754ea34971ae,2025-07-28,CUST-518049,1,No,No,Yes,0.57,0,Yes,No,No,3,98.09,0,91,4,54.72,No,1.3,0.37
99aba6f6-9763-4331-8fb6-55c663b402c1,2026-04-24,CUST-870569,0,No,No,Yes,0.33,1,Yes,No,No,1,88.35,1,98.51,2,82.66,No,0.44,0.43
f3bea257-3a09-4a96-beac-6b240c4b5eb2,2026-07-18,CUST-123279,3,No,No,Yes,0.74,2,Yes,No,No,2,89.98,0,97.23,5,85.4,No,1.91,0.4
98f28b6a-7a15-496e-843b-c5e2d934b089,2026-07-21,CUST-210901,1,No,No,Yes,0.49,1,Yes,No,No,1,81.38,0,97.75,5,56.88,No,1.82,0.12
21f3f989-c30c-4799-b88d-39fd10ba9873,2026-02-02,CUST-590898,2,No,No,Yes,0.38,2,Yes,No,No,1,94.67,1,93.5,1,83.94,Yes,0.5,0.27
53ff66a0-3b43-4157-adb0-8098373b7eac,2026-01-01,CUST-870707,3,No,No,Yes,0.11,0,Yes,No,No,1,94.45,1,99.97,4,67.39,No,1.79,0.7
00a22cd6-158d-4eb1-a85c-cee85b310f8f,2026-02-11,CUST-253462,0,No,No,Yes,0.32,0,Yes,No,No,2,93.41,1,91.02,2,61.04,No,1.96,0.27
513933c1-3e7a-441a-8840-f7f9d1a4aa95,2025-12-15,CUST-369383,0,No,No,Yes,0.13,0,Yes,Yes,Yes,2,87.87,0,95.57,3,83.34,No,1.77,0.64
9ad950a9-3641-484c-9199-cf82071ba49b,2025-08-18,CUST-458152,1,No,No,Yes,0.19,1,Yes,No,No,0,94.95,0,95.83,4,75.67,No,1.43,0.25
88c85807-4cfc-40a5-a466-279e2b470ba5,2026-02-18,CUST-696845,1,No,No,Yes,0.87,0,Yes,No,No,2,96.56,1,98.28,3,61.24,No,1.62,0.13
a2656992-cc92-44eb-aec6-4729b756bd25,2026-02-26,CUST-495667,1,No,No,Yes,0.89,1,Yes,No,Yes,3,82.73,0,94.3,3,73.3,No,1.67,0.72
88a75be6-b1d2-49fc-9388-846d9a044e2f,2026-04-04,CUST-460557,1,No,No,Yes,0.97,1,Yes,No,Yes,2,97.42,1,99.92,2,69.37,No,0.74,0.18
677cb01d-0a7e-4ed7-8f31-ce7ea1792783,2026-06-01,CUST-267992,3,No,No,Yes,0.99,1,Yes,No,Yes,1,86.98,0,93.05,4,65.01,No,0.22,0.18
b7e3ab39-7ec2-4bc7-bcd3-22bb5609daaf,2025-12-28,CUST-392503,1,No,No,Yes,0.47,0,Yes,No,No,2,93.89,0,96.14,2,53.14,No,0.56,0.14
f590c165-3354-4426-a05b-87dae8c4a68b,2025-09-06,CUST-402224,3,No,No,Yes,0.96,1,Yes,No,Yes,1,88.36,1,99.87,4,70.93,No,0.98,0.3
d90d25d7-8850-4ec4-a2f7-19b03c51f4c6,2025-09-19,CUST-354709,1,No,No,Yes,0.79,0,Yes,No,No,3,90.49,1,92.12,0,60.56,No,1.77,0.6
c3c9634b-d5d0-4b29-8123-8593f227a2d8,2025-08-22,CUST-602041,0,No,Yes,Yes,0.52,2,Yes,No,No,2,97.63,1,94.01,1,84.27,No,0.89,0.43
7726a8fe-8b84-40e1-ade6-447d4eb5b17b,2025-09-21,CUST-857159,1,No,No,Yes,0.97,1,Yes,No,Yes,2,98.46,1,90.98,5,89.14,No,1.66,0.59
066506a8-1baa-44bc-9785-1f5de90f8045,2026-01-19,CUST-144111,1,No,No,Yes,0.35,0,Yes,No,No,0,96.2,0,94.42,4,54.94,No,0.67,0.52
e2d433e6-4af3-4c5f-b7a2-938afb154d27,2025-09-03,CUST-877258,3,No,No,Yes,0.2,1,Yes,No,No,2,89.97,0,94.59,4,68.54,Yes,0.27,0.61
4ac7509a-8c59-4c2a-aebe-ccb40f0df1c4,2025-12-16,CUST-937753,1,No,No,Yes,0.82,1,Yes,No,No,1,88.09,0,96.11,5,79.28,No,0.83,0.35
bff48578-35c1-4f24-8050-f1aa0ea3ca1c,2025-10-30,CUST-978974,3,No,No,Yes,0.85,2,Yes,Yes,No,0,85.92,1,96.19,0,85.64,No,0.52,0.57
8561969e-7ea9-4b85-ad80-fa687f87baee,2025-12-27,CUST-992283,2,No,No,Yes,0.37,1,Yes,No,No,2,98.39,0,96.33,2,72.31,No,1.44,0.49
a2297248-0809-4889-a8a7-2dec9ddab6f9,2025-12-22,CUST-402070,1,No,No,Yes,0.88,2,Yes,No,No,2,84.26,0,93.05,1,68.96,No,1.67,0.72
6c867d67-36cd-4930-a092-23f6ccdf4a73,2025-10-12,CUST-942484,3,No,No,Yes,0.19,1,Yes,No,No,1,83.61,1,98.81,1,76.35,No,0.4,0.76
8748d955-2f6b-4f02-9adc-2bcd8572bf31,2025-11-01,CUST-286225,1,No,No,Yes,0.45,1,Yes,No,Yes,1,97.73,1,91.47,0,79.95,No,0.26,0.17
9ab09495-dad5-4a4f-a05f-f613d7aa9827,2025-10-25,CUST-115619,0,No,No,Yes,0.47,0,Yes,Yes,No,2,84.42,0,96.26,5,53.13,No,0.46,0.15
5cc8afb9-f272-4e1d-bd4c-895070168161,2025-12-06,CUST-699106,2,Yes,No,Yes,0.79,1,Yes,No,No,2,95.56,0,99.97,3,87.29,No,0.45,0.52
11b6be01-3775-4378-99d8-0276a98daf99,2026-02-13,CUST-171428,1,No,No,Yes,0.61,1,Yes,No,Yes,3,85.58,1,97.03,4,58.7,No,0.95,0.49
1a5beea6-f02d-448e-b597-c7d72d1fdc4f,2026-05-16,CUST-422436,3,No,No,Yes,0.78,0,Yes,No,No,1,89.71,0,94.96,2,51.28,No,0.48,0.15
6e5456db-53d0-4d3b-98b1-25609313d6fe,2025-08-21,CUST-918657,2,Yes,No,Yes,0.68,2,Yes,No,No,2,80.83,1,91.36,1,66.78,No,1.75,0.73
b17d6f22-d851-4b24-afc4-9ff26576be7e,2026-03-15,CUST-931244,0,No,Yes,Yes,0.62,0,Yes,No,No,2,95.52,1,94.82,0,78.33,No,1.72,0.53
35381e25-3578-496d-a115-31b16601ff0e,2025-10-03,CUST-456086,0,No,No,Yes,0.65,1,Yes,No,No,2,81.13,0,96.6,1,59.43,Yes,1.76,0.73
8f72e783-80ef-4d44-99a9-d450e60a8b09,2025-09-30,CUST-832837,2,No,No,Yes,0.46,2,Yes,No,No,2,98.92,1,98.33,2,52.04,No,1.2,0.32
ba75ee2e-ba50-43d1-b432-462c26168732,2025-11-21,CUST-997723,0,No,No,Yes,0.52,1,Yes,No,No,2,96.39,0,95.62,2,70.89,No,1.42,0.18
9cfa68b0-f0d2-42c7-b434-6822e3881379,2026-02-15,CUST-966046,3,No,No,Yes,0.69,0,Yes,No,No,0,98.12,0,96.15,2,62.33,No,1.8,0.12
62265d19-637c-4f65-b8b4-deaf790056b8,2026-03-20,CUST-662569,2,No,No,Yes,0.73,1,Yes,No,No,3,93.49,1,98.19,4,76.22,No,1.08,0.54
5dc13061-d21e-4bed-82b3-b3d8809ea187,2026-01-25,CUST-533653,3,Yes,No,Yes,0.43,2,Yes,No,No,2,92.76,0,95.98,5,61.01,No,1.4,0.56
9e42761f-3e2e-4d0a-a80b-3ba941446dcc,2025-10-06,CUST-794481,1,No,No,Yes,0.55,0,Yes,No,No,2,81.25,0,99.17,4,50.56,No,1.71,0.63
db603923-e6d5-4e5f-9d24-a94108bcdf48,2026-01-23,CUST-392361,3,No,No,Yes,0.31,1,Yes,No,No,1,98.65,1,97.94,1,63.18,No,1.1,0.39
e4a4b6f5-a376-47b5-896f-00cff066ed22,2025-08-18,CUST-791894,1,No,No,Yes,0.38,2,Yes,No,No,2,91.02,1,94.58,1,60.4,No,1.02,0.12
7cb02d45-53f8-41a5-bb16-7e2a7a8166a3,2026-04-03,CUST-479538,2,No,No,Yes,0.61,0,Yes,No,No,2,86.34,0,98.69,4,75.18,No,0.28,0.48
288eb8a5-5aaf-4d25-9532-d5ebb8217669,2025-12-01,CUST-517759,1,No,No,Yes,0.46,1,Yes,No,No,2,95.01,0,92.97,4,79.36,No,1.33,0.41
d687bdf6-0bdb-4ddd-9868-97396df124f6,2025-12-28,CUST-686982,3,No,No,No,0.84,1,Yes,No,No,1,95.64,1,94.81,0,58.26,No,1.79,0.16
1adf4f30-c4c1-445d-b4cd-71a6737eaf6a,2026-04-19,CUST-515850,1,No,No,Yes,0.98,1,Yes,No,No,2,81.25,1,94.28,4,66.43,No,0.17,0.49
c3b3d119-b519-474e-b9a9-323a93c80724,2026-06-03,CUST-513669,1,No,No,Yes,0.23,2,Yes,No,No,2,81.21,0,90.13,4,84.82,No,0.49,0.18
924cf3d3-920d-4246-ab09-700cb31eefa7,2026-03-21,CUST-283479,3,No,No,Yes,0.94,1,Yes,No,No,2,97.67,1,93.91,4,72.28,No,1.2,0.38
36abd4b8-8967-44af-a137-966956938614,2026-06-18,CUST-250410,0,No,No,Yes,0.28,1,Yes,No,No,1,91.25,1,90.05,4,65.11,No,0.2,0.55
442df5f1-904e-4c27-89fa-62da563a674f,2026-01-05,CUST-936198,2,No,No,Yes,0.43,1,Yes,No,No,1,81.62,0,92.88,1,68.4,No,0.68,0.43
06ce2221-0507-419d-9c2a-3cf9bfc3c65a,2026-07-19,CUST-453183,1,No,No,Yes,0.56,1,Yes,No,Yes,1,81.14,0,93.83,1,79.54,No,1.32,0.2
c8ace15c-4cce-4214-bd8b-dcfd4fdc9eea,2025-10-09,CUST-555274,0,No,No,Yes,0.89,1,Yes,No,Yes,1,91.62,1,90.34,5,70.22,No,1.54,0.13
062e6ca8-92a3-4de2-895c-ed0e4c56f8e8,2026-06-01,CUST-342176,1,No,No,Yes,0.25,2,Yes,No,No,2,95.52,1,95.62,1,57.2,No,1.33,0.61
5f31b907-76ab-496d-b2c0-df8d7f1ad834,2026-04-14,CUST-661965,3,No,No,Yes,0.74,2,Yes,No,Yes,2,94.91,0,92.23,2,71.7,No,0.61,0.56
88958714-5d38-4294-b48c-92feab2b434f,2026-05-25,CUST-502721,1,No,No,Yes,0.53,2,Yes,No,No,0,82.1,1,96.07,5,52.04,No,1.69,0.34
23662c25-fa36-4631-a8c8-39d5b710674b,2025-11-17,CUST-185847,1,Yes,No,Yes,0.28,0,Yes,No,No,0,90.36,1,99.95,3,75.25,No,1.44,0.73
2b2fd8cd-11f2-4376-9223-3672e2e8bfb9,2026-03-08,CUST-229093,3,No,No,Yes,0.81,2,Yes,No,No,1,83.37,0,99.23,2,74.21,No,1.32,0.57
ca272074-8411-49b1-bb7b-5ab4a61d1f12,2025-10-28,CUST-565926,2,No,No,Yes,0.59,1,Yes,No,Yes,2,91.96,0,94.84,4,86.73,No,0.44,0.13
8c5fd8a7-d8cf-4449-895b-b4a2d77492e9,2025-10-14,CUST-716953,2,No,No,Yes,0.41,1,Yes,No,No,1,89.04,1,93.51,0,58.26,No,1.85,0.69
879019f2-7a6b-409c-a111-ff5a39d9ac6e,2026-02-01,CUST-330633,3,No,No,Yes,0.49,1,Yes,No,No,0,81.37,0,95.3,4,67.31,No,1.64,0.29
1b8e93ea-f45c-4ea1-90b3-6faa58e830e4,2025-09-25,CUST-321824,1,No,No,Yes,0.84,2,Yes,No,No,1,82.79,0,97.28,1,53.53,No,1.84,0.24
56695e8e-aacd-4763-84a4-90abeeb091d3,2026-06-27,CUST-661987,3,No,No,Yes,0.67,1,No,No,No,2,88.23,1,91.53,1,85.31,No,0.15,0.79
94e43375-1462-4955-8652-b71ba25312fd,2026-05-09,CUST-335049,1,No,No,Yes,0.6,2,Yes,No,No,1,88.03,0,95.99,1,61.27,No,0.67,0.12
757f49bc-6cd5-4e3f-b888-5fa04e52381e,2025-10-03,CUST-500174,2,Yes,No,Yes,0.19,0,Yes,No,No,3,81.14,1,94.19,5,66.5,No,1.94,0.48
75cbd06d-03f6-4f7d-a36b-47e6dfde3f79,2025-10-15,CUST-178064,3,No,No,Yes,0.6,2,Yes,No,No,1,91.54,1,92.42,3,68.73,No,1.36,0.29
ed5a5a92-12cf-4177-a410-d15dba3745e6,2025-07-31,CUST-898151,1,No,No,Yes,0.37,1,Yes,No,No,3,83.9,1,93.24,1,68.65,No,1.83,0.12
fda6e185-338c-4f6d-8331-d1c0cfa21178,2026-02-11,CUST-526581,3,No,No,Yes,0.96,0,Yes,No,No,2,94.86,1,98.45,3,61.08,No,0.76,0.38
0b912563-4c12-435d-b967-82622089c0c4,2025-09-07,CUST-990061,1,Yes,No,Yes,0.72,2,Yes,No,No,2,85.45,1,96.84,5,73.39,No,1.46,0.68
997a3b2d-b75d-4413-8c2f-9aa60f9a29df,2026-03-13,CUST-618963,3,No,No,Yes,0.21,0,Yes,No,No,3,94.25,0,99.29,3,70.92,No,1.73,0.33
8363af71-0903-4c95-9879-a67bd0b65fd9,2026-03-21,CUST-229031,2,No,No,Yes,0.3,0,No,No,No,2,93.95,0,90.49,1,54.41,No,0.84,0.13
fc7c63dd-cc06-4c7e-8bab-642640b65b0e,2026-07-12,CUST-653912,1,No,No,Yes,0.21,0,Yes,No,No,0,97.91,1,98.77,4,77.12,No,0.12,0.76
43de5abe-2b91-40fd-a6e1-ea23b55deddf,2025-12-11,CUST-446459,0,No,No,Yes,0.81,2,Yes,No,No,0,86.96,1,92.58,3,80.06,No,0.48,0.38
25729739-16b5-4ecc-8239-1c96f4985b0b,2026-07-19,CUST-208263,3,No,No,Yes,0.13,1,Yes,No,No,2,87.19,0,96.19,1,84.66,No,1.47,0.68
2391c829-f49a-47f6-8bce-1de2568175bf,2026-04-29,CUST-359638,2,No,No,Yes,0.5,1,Yes,No,No,0,97.53,0,94.67,3,73.65,No,1.96,0.66
d420eb6a-3011-488f-85a8-ed9c3e87b4fe,2025-10-03,CUST-233700,1,No,No,Yes,0.25,1,Yes,No,Yes,1,97.28,0,92.92,4,83.49,No,0.78,0.6
714fea34-1347-426e-943e-e78b435b9c6c,2025-11-07,CUST-923213,2,No,No,Yes,0.52,1,Yes,No,No,2,92.86,1,94.35,4,78.03,No,0.7,0.25
b710c2ba-b547-4ed3-a48f-66a8e0b89a01,2026-03-22,CUST-340862,1,No,No,Yes,0.81,0,Yes,No,Yes,1,98.91,1,92.48,1,84.77,No,0.69,0.25
3b027a7a-1b3d-4d79-a947-5ffdae821b32,2025-08-27,CUST-974282,2,No,No,Yes,0.13,0,Yes,No,No,3,85.34,1,99.53,1,83.14,No,0.14,0.11
c2e94ee0-0348-48d4-b88f-ea7163944bb9,2026-05-16,CUST-119799,3,No,No,Yes,0.23,1,No,No,No,2,87.29,1,93.44,5,86.67,No,1.76,0.13
335c57b1-83a5-4879-8696-aa48bca97ae9,2026-02-14,CUST-359362,3,No,No,Yes,0.25,2,Yes,No,No,3,90.67,1,94.13,1,75.55,No,1.52,0.29
6609e0b8-ea11-40dc-b4e0-9055a90d4530,2026-07-16,CUST-432051,1,No,No,Yes,0.91,2,Yes,No,No,1,81.88,0,99.34,1,85.56,No,1.35,0.74
ec59b809-6495-4aa9-b96d-51367e8d478d,2026-02-12,CUST-711339,0,No,No,Yes,0.35,1,Yes,No,No,2,89.25,1,99.23,4,68.64,No,1.4,0.39
9ffcb16c-8915-4264-995e-6b71eb19cf9a,2026-07-03,CUST-718485,3,No,No,Yes,0.31,1,Yes,No,No,2,91.45,1,97.87,2,56.09,No,0.44,0.58
fb623863-da80-487b-a5b5-bae20c4d8fd4,2026-03-24,CUST-416288,0,No,No,Yes,0.97,1,Yes,No,No,3,95.46,0,95.32,5,64.1,No,1.11,0.67
5f26ba7a-14bf-4af9-a41b-f4e8111417bb,2026-05-18,CUST-879058,1,No,No,Yes,0.62,1,Yes,No,No,0,89.98,1,99.73,1,62.1,No,1.05,0.46
4e3c45f8-db0a-463e-9e21-ece8aff29a52,2026-04-07,CUST-430631,0,No,No,Yes,0.32,2,Yes,No,Yes,1,90.6,0,97.61,4,80.51,No,1.93,0.57
69d45bfe-5a4e-4653-a671-37882b732b79,2025-10-07,CUST-335362,1,No,No,Yes,0.63,2,Yes,No,No,2,86.11,1,92.1,1,56.96,No,1.05,0.62
3ef78ee7-7572-43d5-ad19-3ec17b56620b,2025-09-11,CUST-807424,0,No,No,Yes,0.82,1,Yes,No,No,1,95.39,1,91.4,1,84.96,No,1.35,0.32
2fa9be06-981f-49c1-9d55-7b5dcbabcf98,2025-10-09,CUST-517224,3,No,No,Yes,0.87,0,Yes,No,Yes,2,88.42,0,92.91,3,77.92,No,0.23,0.28
ad65d27b-aa15-4bb9-8e08-80c7b95b4591,2025-07-27,CUST-395668,0,No,No,Yes,0.56,1,Yes,No,No,2,94.74,1,91.49,3,77.03,No,1.67,0.35
ce18ea76-6892-4515-8294-3d3dfe03244c,2026-02-25,CUST-807734,2,No,No,Yes,0.36,1,Yes,No,No,1,98.2,0,90.72,3,65.22,No,0.45,0.58
4bce73b9-6909-4bf2-b85e-16b24df8be85,2026-03-11,CUST-422581,0,No,No,Yes,0.92,0,Yes,No,No,2,81.38,0,94.61,3,50.63,No,1.82,0.23
186d5af6-7e44-48ab-89f7-c0b0180a7c14,2026-07-09,CUST-332896,2,No,No,Yes,0.38,1,Yes,No,Yes,2,83.81,0,99.2,1,84.37,No,1.43,0.59
074f8d8f-051e-40b6-bc85-931c99f50504,2025-11-15,CUST-419456,1,No,No,Yes,0.83,1,Yes,No,No,2,81.68,1,93.55,1,64.59,No,0.82,0.12
d961150a-8d99-4c68-b43f-31b302276099,2026-07-16,CUST-625688,1,No,No,Yes,0.75,1,Yes,No,No,0,91.53,1,95.8,1,85.98,No,1.47,0.54
9512674a-2227-45f2-8e2a-622868254c44,2026-04-14,CUST-834566,2,No,No,Yes,0.83,1,Yes,No,No,1,96.3,1,98.63,4,82.19,No,1.19,0.73
12ed2196-7e5f-44b7-a7ce-03e29e3b5670,2026-01-03,CUST-698785,1,No,No,Yes,0.85,1,Yes,No,No,0,86.81,0,91.06,5,81.35,No,0.58,0.36
456385db-59ab-436f-8551-3a6d8dae0d73,2026-04-10,CUST-574177,0,No,No,Yes,0.72,1,Yes,No,Yes,0,92.09,1,97.1,3,70.68,No,0.46,0.25
208293c9-e1c7-418d-bc65-f744d1aa9508,2025-08-25,CUST-145718,1,No,No,Yes,0.5,1,Yes,No,No,0,88.88,1,94.17,4,55.04,No,1.93,0.48
b9fa0da5-f54b-4d57-a93c-73b6fff43313,2025-11-20,CUST-292559,2,No,No,Yes,0.73,0,Yes,No,No,3,84.76,1,96.91,2,88.36,No,1.62,0.57
fde16c83-b4cb-41e4-9edf-53a6141a6b7c,2026-01-23,CUST-409504,2,No,No,Yes,0.68,0,Yes,No,Yes,2,86.92,1,92.54,2,50.29,No,0.25,0.7
d394e9ed-b3dd-4305-97bc-9b804c37bc22,2025-10-08,CUST-939740,3,No,No,Yes,0.11,1,Yes,No,No,3,94.27,0,95.06,2,67.16,No,1.28,0.15
7239f1b4-6e3f-4294-97ab-9b6fef1b29f1,2025-12-31,CUST-333123,1,No,No,Yes,0.32,1,Yes,No,No,1,90.57,1,98.93,0,52.3,No,0.16,0.28
92907b2d-f46b-4d27-8c83-01fb91224149,2026-02-17,CUST-817838,2,No,No,Yes,0.91,1,Yes,No,No,2,82.91,0,93.9,3,52.55,Yes,1.75,0.46
f66105af-6b5d-4814-838b-3a7a3a31f387,2025-12-27,CUST-768354,0,Yes,No,Yes,0.15,0,Yes,No,No,1,91.05,1,91.93,4,81.86,No,1.08,0.63
44610cce-9768-4e2b-a801-64c3fdf01ba7,2026-01-14,CUST-522387,3,No,No,Yes,0.79,1,Yes,No,No,2,90.83,1,97.9,5,69.1,No,1.4,0.35
d55f9451-74c6-49d8-9a2b-16a833cfb814,2026-04-20,CUST-111244,3,No,No,Yes,0.23,1,Yes,No,No,1,83.46,0,99.73,2,89.72,No,1.54,0.2
30d81117-e990-46e1-b17b-60d70d8903fe,2025-10-13,CUST-602412,1,No,No,Yes,0.99,0,Yes,No,Yes,3,87.42,1,99.59,4,83.31,No,1.51,0.75
1c46111c-6765-4c5a-b1ef-007ce6cc35c8,2025-11-03,CUST-793040,3,No,No,Yes,0.48,1,Yes,No,No,1,94.47,1,99.54,2,53.64,No,0.26,0.47
7fd1457d-d1dd-4aa1-97e8-602cebf2d263,2026-01-21,CUST-861871,2,No,No,Yes,0.61,2,Yes,No,Yes,2,81.08,0,98.61,0,69.37,No,0.8,0.7
a9df776e-de2e-4f8e-8447-909384fee4d3,2025-12-22,CUST-124170,3,No,No,Yes,0.64,0,Yes,No,No,3,92.3,0,92.84,0,50.13,No,0.47,0.46
8c1a914b-499d-4107-8bd4-36175cc8ef26,2026-05-17,CUST-848831,1,No,No,Yes,0.42,0,Yes,No,No,3,94.86,1,90.41,2,53.19,No,1.82,0.76
2ae94f1d-6704-4f7d-b63d-3b87d720bdf0,2025-11-01,CUST-583816,2,No,No,Yes,0.9,1,Yes,No,Yes,0,95.55,0,90.83,0,58.86,No,0.61,0.59
e67ba455-c036-4c88-aac4-d3b8d0782434,2026-03-04,CUST-390305,0,No,No,Yes,0.57,1,Yes,No,Yes,3,93.19,0,95.91,5,78.22,No,1.55,0.73
af2f897a-3216-4d18-a562-7fad2f2b4eed,2026-06-04,CUST-727989,2,No,No,Yes,0.12,2,Yes,No,No,2,90.96,1,91.45,2,70.1,No,1.44,0.24
66a16939-4dce-4594-a88d-f9de922e26bf,2025-09-18,CUST-397156,1,No,No,Yes,0.83,0,Yes,No,No,1,81.22,1,96.12,1,61.11,No,0.55,0.77
d32c7385-9e29-473b-8ac9-4aeb78be99ca,2026-01-10,CUST-504724,2,No,Yes,Yes,0.24,1,Yes,No,No,3,86.69,1,95.82,2,57.59,No,2,0.78
6f217296-1a09-43a4-92c7-5d13544f3c7a,2026-05-22,CUST-291772,2,Yes,No,Yes,0.42,0,Yes,No,No,3,95.47,1,99.82,2,64.41,No,0.58,0.38
692e4d9d-c901-472e-8e43-0c8e3a3d37fc,2026-06-02,CUST-112294,0,No,No,Yes,0.88,1,Yes,No,No,2,87.15,0,91.81,4,70.3,No,1.96,0.3
ad36e7e2-67f3-46f8-9cef-1079f94b8b41,2026-06-14,CUST-438899,1,No,No,Yes,0.48,1,Yes,No,No,1,91.15,1,92.84,1,54.1,No,1.21,0.26
82896e6d-f43f-46d9-837d-994938e9aa2b,2026-05-24,CUST-641800,0,No,No,Yes,0.18,2,Yes,No,No,1,94.46,1,93.29,4,67.52,No,1.07,0.32
33f85a59-6935-4c1d-8aa5-b3d8c25b536c,2026-05-28,CUST-248803,3,No,No,Yes,0.48,0,No,No,No,1,94.34,0,94.94,2,61.44,No,1.11,0.62
69a2a975-9502-451a-9035-3bfa56fbf5b8,2025-09-26,CUST-806364,3,No,No,Yes,0.6,1,Yes,No,No,1,89.35,0,98.08,5,76.33,No,1.12,0.74
06450cc8-8670-40da-9a23-99bd9c00beee,2026-06-01,CUST-367475,1,No,No,Yes,0.92,2,Yes,No,No,0,81.68,1,92.49,5,60.44,No,1.53,0.58
d97ccead-a2fd-4ddd-b8f7-c9d7bea44e8b,2025-09-08,CUST-322937,2,No,No,Yes,0.27,2,Yes,No,No,0,82.32,1,91.77,3,63.5,No,1.51,0.58
c67eb270-7dfd-4579-af48-0461d9b3f0a4,2026-01-19,CUST-324198,0,No,No,Yes,0.83,2,Yes,No,No,1,89.19,0,96.34,1,66.61,No,0.47,0.26
def7ef93-c254-4e79-b965-627eea2513f2,2026-01-26,CUST-300864,0,No,No,Yes,0.41,1,Yes,No,No,1,88.07,0,94.24,2,51.54,No,1.2,0.22
32841dfb-76ce-49e7-96f6-e502a680c8bf,2025-12-13,CUST-430151,2,No,No,Yes,0.13,2,Yes,No,No,0,97.44,0,98.48,0,69.91,No,0.69,0.53
00ded617-1dbf-41c7-bd40-3d1fbe817637,2025-09-19,CUST-726792,2,No,No,Yes,0.13,0,Yes,No,No,1,94.9,1,97.28,4,70.03,No,0.21,0.25
2b530a32-d913-4a79-9a72-5990d8562493,2025-09-29,CUST-689325,1,No,No,Yes,0.45,1,Yes,No,No,2,81.62,1,94.22,5,55.16,No,0.95,0.38
8c5038d1-d03f-40ec-973e-1fb620c34177,2026-05-24,CUST-325031,3,No,No,Yes,0.84,0,Yes,No,No,0,96.44,0,97.22,2,75.16,No,0.53,0.61
8cca5e25-4c73-4cb3-8eff-019d8879d859,2025-12-07,CUST-140041,2,No,No,Yes,0.44,2,No,No,No,0,83.02,1,99.3,4,63.8,No,0.42,0.55
a9b72d13-96f7-4930-9f3d-005b14115eec,2025-09-17,CUST-612220,3,No,No,Yes,0.77,1,Yes,Yes,Yes,1,96.97,1,90.16,1,77.85,No,0.44,0.13
5fcacf83-2cec-44e8-99bc-03f6442e54eb,2026-03-24,CUST-404588,2,No,No,Yes,0.17,1,Yes,No,No,2,87.46,0,95.48,2,89.46,No,0.78,0.59
a178e489-2908-43fd-8cbd-9f2addf9f59e,2026-06-13,CUST-725778,3,No,No,Yes,0.42,1,Yes,No,No,1,91.22,0,99.27,4,69.86,No,0.81,0.79
847123aa-9fee-4527-8b6e-3d73a22fe2de,2025-09-13,CUST-438355,1,No,No,Yes,0.45,0,Yes,No,No,2,88.15,1,91.12,4,65.7,No,0.63,0.52
2b1c2fe2-7897-407b-bbad-5a34d40e580f,2026-02-16,CUST-860092,2,No,No,Yes,0.36,1,Yes,No,No,1,97.08,0,94.45,3,64.28,No,1.43,0.2
aad74c48-57cf-4aa0-b563-11a711de94ff,2025-08-08,CUST-558591,1,No,No,Yes,0.24,1,Yes,No,No,1,81.2,1,96.57,4,53.38,No,0.95,0.21
795d211b-9ea6-46ae-9a91-9cdbc18e0d53,2026-02-22,CUST-481056,2,No,No,Yes,0.21,1,Yes,No,No,0,93.7,1,93.24,3,61.89,No,1.92,0.67
38d5300b-2587-4dec-9893-03431982c79d,2025-07-28,CUST-355132,1,No,No,Yes,0.23,1,Yes,No,No,1,95.72,0,94.08,5,60.12,No,1.24,0.13
dc1f208c-e49b-4951-b6e8-c3fc27824ee3,2026-03-31,CUST-658054,0,No,No,Yes,0.57,1,Yes,No,Yes,2,86.45,0,91.89,0,54.08,No,0.82,0.29
29e6b2b1-61ad-436f-a52f-74fec62a10d6,2026-05-18,CUST-485366,0,No,Yes,Yes,0.85,0,Yes,No,No,0,95.84,1,92.33,2,55.77,No,0.39,0.78
458e72ec-6166-4d14-b6d9-6aa36e5dcb01,2026-02-20,CUST-878281,2,No,No,Yes,0.62,1,Yes,No,No,2,90.47,0,92.05,1,81.25,No,0.73,0.45
26765a42-ddc0-4b27-b142-00274159b3b3,2025-12-20,CUST-216521,3,No,No,Yes,0.65,1,No,No,No,1,88.91,0,96.93,1,76.86,No,0.78,0.61
200a27fc-30eb-43cb-afd9-2e2fcde35b87,2026-03-07,CUST-488900,2,Yes,No,Yes,0.52,2,Yes,No,No,1,88.48,1,99.33,1,82.26,No,0.32,0.48
a0418b7d-cb95-42cd-bdf2-682eec8e50d6,2026-07-04,CUST-414730,2,No,No,Yes,0.33,1,Yes,No,No,2,93.02,0,96.75,1,70.81,No,1.53,0.51
1f6889ce-b4f8-45d5-9bbd-0293b494063b,2025-09-23,CUST-341030,0,No,No,Yes,0.73,2,Yes,No,No,1,91.93,1,91.93,2,72.53,No,1.37,0.25
e251b69b-f6bf-4eab-8c8b-df492c8c48c9,2026-04-24,CUST-267086,2,No,No,Yes,0.79,2,Yes,No,No,0,86.43,1,91.11,1,69.85,No,1.81,0.15
0dfa7631-507a-451f-9fe0-1d040ff13d67,2026-07-13,CUST-876860,1,No,No,Yes,0.44,1,Yes,No,No,1,88.19,0,92.75,0,67.17,No,1.2,0.38
1db24218-9bb5-4ab6-9a8e-8b81201139a5,2025-12-06,CUST-829633,2,No,No,Yes,0.4,0,Yes,No,No,1,83.13,0,99.67,1,61.01,No,0.59,0.43
1dc04bbb-6655-44ce-8276-e234aa49edf7,2026-07-02,CUST-321735,0,No,No,Yes,0.68,0,Yes,No,No,2,81.86,0,93.26,3,51.49,No,0.68,0.54
ba201850-92e5-4358-b7e3-f8cbf72d034d,2026-05-01,CUST-921874,1,No,No,Yes,0.35,1,Yes,No,No,3,85.45,1,96.93,1,55.78,No,0.6,0.64
d994e9dd-efaf-4433-aa38-573d6bd35f75,2026-02-04,CUST-929258,2,No,No,Yes,0.2,1,Yes,No,No,0,89.18,1,96.94,4,71.01,No,2,0.43
33fe3891-f8ef-4374-b569-cea6063b107d,2026-02-28,CUST-530543,3,No,No,Yes,0.39,0,Yes,No,No,3,96.34,0,90.55,5,59.52,No,0.9,0.57
ed7c0576-f9fa-49c9-bb28-5774c61d4020,2026-04-29,CUST-225022,3,No,No,Yes,0.79,2,Yes,No,Yes,3,84.8,0,99.3,5,77.31,No,1.12,0.35
30a65282-0809-400b-849f-ecf92bc31ba0,2026-06-14,CUST-647050,2,No,No,Yes,0.59,1,Yes,No,No,3,92.43,0,91.96,1,66.12,No,1.47,0.54
0de6fad7-b3df-43a3-8855-cde876b2c65d,2025-12-30,CUST-179144,3,No,No,Yes,0.12,1,Yes,No,Yes,2,96.26,1,90.36,1,84.16,No,0.48,0.31
28e84dc1-203b-403c-9d3b-70ae1e06139d,2025-09-10,CUST-693948,2,No,No,Yes,0.87,1,Yes,No,Yes,0,98.12,0,92.37,3,71.98,No,0.87,0.28
aaff1e97-86fa-43e3-9c25-27ce9e7f07b0,2025-08-08,CUST-203856,1,Yes,No,Yes,0.31,2,Yes,No,No,3,88.34,0,99.18,2,71.56,No,0.4,0.77
40026277-ccfe-4696-a01b-01d8cc8480b6,2026-07-16,CUST-192591,2,No,No,Yes,0.95,2,Yes,No,No,3,98.91,1,99.91,3,65.38,No,0.44,0.16
d3372643-a87e-48c5-bd30-84c524e1b33b,2026-02-18,CUST-776514,1,Yes,No,Yes,0.43,1,Yes,No,No,2,97.02,0,98.65,3,64.82,No,1.94,0.66
f0e153ef-61ae-427d-9f1c-f45e79893ca8,2026-07-23,CUST-809874,3,No,No,Yes,0.31,1,Yes,No,No,3,87.68,0,92.51,2,63.66,No,0.64,0.23
421fdf93-24a1-43eb-88cb-eccc405fa2a9,2026-01-09,CUST-571199,2,No,No,Yes,0.42,1,Yes,No,No,2,97.7,1,96.05,5,59.61,No,0.31,0.26
c158d8a5-8e07-49c1-835c-87aa67f5fa18,2026-04-25,CUST-714884,2,No,No,Yes,0.86,2,Yes,Yes,No,2,97.01,0,99.09,1,81.43,No,0.28,0.2
f15f0599-2666-4f5e-a621-e93123f9acd0,2025-10-26,CUST-250619,0,No,No,Yes,0.17,2,Yes,No,No,1,93.49,1,90.98,4,54.02,No,1.03,0.35
13ca01c8-71c6-49a6-907d-dd268d791e5d,2026-03-12,CUST-792992,0,No,No,Yes,0.28,1,Yes,No,No,1,96.47,1,95.44,0,64.44,No,1.42,0.48
71efb679-eee1-44b7-901f-15bae8848889,2026-05-12,CUST-438942,1,No,No,Yes,0.41,0,Yes,No,No,1,91.93,0,92.55,0,67.67,No,1.06,0.23
ce8d6dee-b7b6-4972-b077-bdf6214afd02,2025-09-25,CUST-693782,1,No,No,Yes,0.72,1,Yes,No,No,3,85.29,0,98.04,1,75.27,No,0.51,0.3
05483402-950e-42d2-8579-118c1daa7f79,2025-12-09,CUST-808541,0,No,No,Yes,0.91,0,Yes,No,No,2,94.13,1,93.73,4,89.64,No,1.36,0.38
20837d27-c8db-42ba-aec6-aa4efd8dc979,2026-07-02,CUST-228478,2,No,No,Yes,0.94,1,Yes,No,No,1,84.93,0,95.82,3,52.42,No,1.14,0.25
d0d3f62c-bd3f-4632-b77f-ea66faab7615,2025-12-05,CUST-638193,1,No,No,Yes,0.56,1,Yes,No,No,0,82.5,1,95.86,2,73.26,No,1.91,0.63
fff8047a-48b0-44dc-8cf1-f11c4580c13f,2026-05-11,CUST-543703,1,No,No,Yes,0.14,1,Yes,No,No,1,93.61,1,94.43,4,54.49,No,1.21,0.21
8031dd90-66b3-4b16-a3f3-85333b1c7ff3,2025-08-31,CUST-262060,1,No,Yes,Yes,0.51,0,Yes,No,No,2,93.88,1,97.01,3,85.52,No,1.53,0.26
35c0624c-d24c-4c3e-b51f-7e4cc40ca5bc,2026-06-03,CUST-368596,0,No,No,Yes,0.92,2,Yes,No,Yes,2,85.25,1,91.52,2,57.24,No,1.83,0.58
b6c4ce99-3096-41b2-a681-6f874688fedf,2026-02-23,CUST-709275,2,No,No,Yes,0.53,0,Yes,No,No,1,85.31,0,92.43,5,66.76,No,0.16,0.21
3f79acd8-bca0-417b-8b70-1a6a01d09a53,2025-08-08,CUST-470793,0,No,No,Yes,0.98,1,Yes,No,No,2,93.93,0,90.85,5,81.38,No,0.95,0.38
17589b95-d88d-455f-b815-96fd84134876,2026-02-14,CUST-638628,2,No,No,Yes,0.78,2,Yes,No,No,2,81.38,1,90.78,4,66.82,No,0.95,0.48
78178e6e-0009-4d74-a37d-eaa2f0130b4b,2026-03-08,CUST-886069,2,No,No,Yes,0.82,0,Yes,No,No,2,93.54,0,98.76,3,51.09,No,0.21,0.43
96420c9f-b6c0-432e-b4d8-53bbc8e0c61e,2026-04-26,CUST-283276,3,No,No,Yes,0.92,2,Yes,No,No,2,87.02,1,91.81,3,62.95,No,0.91,0.79
3bed8f2a-16c7-412e-bdf6-a94baf6be0ad,2025-11-09,CUST-796176,2,No,No,Yes,0.1,2,No,No,No,2,85.28,1,90.39,0,79.54,No,1.31,0.61
94b96ee1-59ae-4f6e-91d9-f588eeb2e8ff,2026-01-05,CUST-761993,0,No,No,Yes,0.57,1,Yes,No,No,1,96.23,0,94.38,2,57.52,No,1.23,0.19
80f3d720-c7b0-4017-9a9d-a8200a39febd,2025-12-27,CUST-101440,2,No,No,Yes,0.14,0,Yes,No,No,1,81.32,1,93.58,4,59.42,No,0.79,0.41
2d610c00-86dc-45e8-826b-4d692e7a1cf5,2026-02-05,CUST-822596,1,No,No,Yes,0.64,0,Yes,No,No,0,83.08,0,96.03,4,75.05,No,0.96,0.1
7b259eee-a02d-477e-b4ca-ea42f196e372,2025-11-07,CUST-242665,2,No,No,Yes,0.46,0,Yes,No,No,1,94,0,93.54,4,74.9,No,1.88,0.32
7fbaa344-d060-4be6-b578-0f61c2865b9f,2026-01-09,CUST-308550,2,No,No,Yes,0.52,1,Yes,No,No,2,86.84,0,91.51,0,62.56,No,1.42,0.23
57bdbb27-a158-4e06-b942-45e5421be3c7,2026-04-20,CUST-373213,3,No,No,Yes,0.25,1,Yes,No,No,2,93.41,1,96.72,3,50.57,No,1.6,0.46
cb6712f1-bdfd-4232-9986-79acb3cc1b44,2025-12-06,CUST-179745,0,No,No,Yes,0.74,1,Yes,No,No,2,84.52,1,96.48,4,67.24,No,0.38,0.42
5a779fbc-5bed-4f78-8757-fc85f1b40ce6,2025-09-01,CUST-378733,1,No,No,Yes,0.5,1,Yes,No,No,2,89.65,1,98.69,1,65.25,No,0.18,0.6
54fc051f-cefe-4e2a-a056-dcf594d89a43,2025-09-16,CUST-431949,1,No,No,Yes,0.89,1,Yes,No,No,2,94.17,0,97.81,3,53.08,No,0.96,0.51
8f3699de-abea-4f1c-961b-5554631aa390,2026-03-27,CUST-341369,2,No,No,Yes,0.7,2,Yes,No,No,3,85.48,0,97.29,4,71.8,No,0.68,0.33
e4e31001-bb8b-4c25-b555-274e1250e1b3,2025-11-10,CUST-163787,3,No,No,Yes,0.33,2,Yes,No,No,2,97.48,0,92.84,3,72.17,No,0.86,0.21
cad4abc4-d665-4801-b6b6-dbcca5d51d17,2026-04-16,CUST-924311,1,No,No,Yes,0.79,1,Yes,No,No,2,83.34,0,97.49,5,87.32,No,0.53,0.25
be9dde20-c321-4fbc-8370-9295b8be7cf3,2026-05-21,CUST-503258,2,No,No,Yes,0.29,1,Yes,No,No,0,90.09,1,96.74,4,57.11,No,1.9,0.67
7ff5333f-1130-4dd8-a72e-4f803443e732,2026-01-27,CUST-127146,2,No,No,Yes,0.37,0,Yes,No,No,3,85.67,0,92.85,2,85.6,No,0.21,0.41
f2a5d707-9837-4537-80ea-01c16826b1a1,2026-01-25,CUST-483349,1,No,No,Yes,0.73,1,Yes,No,Yes,2,96.5,0,93.38,1,85.02,No,0.51,0.44
f3979aa2-a07a-43d1-8d78-2c24d6009082,2025-08-29,CUST-780017,1,No,No,Yes,0.88,0,Yes,No,No,3,95.48,0,92.46,3,51.55,No,0.14,0.66
33b22aa1-c5cd-4ae0-8129-6118b545ed77,2025-11-04,CUST-426817,2,No,No,Yes,0.19,0,Yes,No,No,2,85.07,1,93.24,5,89.41,No,0.32,0.12
ca6a05e1-ee7c-478a-b85b-86c75effe144,2025-10-06,CUST-604428,2,No,No,Yes,0.67,1,Yes,No,No,1,95.1,1,96.62,1,89.3,No,1,0.23
efb81738-3608-4fc6-a271-04912a5fa48a,2026-05-17,CUST-836452,1,No,No,Yes,0.32,1,Yes,No,No,0,97.9,0,97.36,1,63.49,No,0.88,0.22
80d1a674-3861-4417-869c-c6733a77f751,2025-08-09,CUST-982072,2,No,No,Yes,0.21,1,Yes,No,No,3,97.68,1,93.66,4,82.69,No,1.73,0.79
a3652758-9b48-424e-8431-3f452069a35e,2025-10-06,CUST-789459,2,No,No,Yes,0.62,2,Yes,No,Yes,1,84.16,1,98.79,1,59.05,No,0.42,0.47
ba8fbfdf-2b68-4b27-9dff-e4a5268ca020,2025-12-17,CUST-601810,1,No,No,Yes,0.18,1,Yes,No,No,2,85.18,0,90.22,4,79.13,No,1.08,0.57
0787aa9e-3246-4601-89d5-7d0422bc9458,2026-03-06,CUST-862679,2,No,No,Yes,0.53,1,Yes,No,No,2,87.45,0,99.17,4,89.83,No,0.25,0.37
74c765a2-6dd6-4ca4-8a96-ba1b97e12da9,2026-06-20,CUST-334928,1,No,No,Yes,0.32,0,Yes,No,No,2,86.13,0,96.08,0,81.52,No,0.78,0.11
7bca6759-2bd8-40d1-a81f-9e62a799748f,2025-10-17,CUST-335674,0,No,No,Yes,0.52,2,Yes,No,No,0,91.81,1,98.52,1,77.65,No,1.25,0.35
c9f266e3-a1a7-4bb6-98fb-915ddef55816,2026-01-01,CUST-356093,2,No,No,Yes,0.42,0,Yes,No,No,2,94.95,0,99.16,1,64.88,No,1.43,0.22
d9ce2735-fe77-4874-bd3d-cd2682aee028,2025-10-25,CUST-183136,0,No,No,Yes,0.68,0,Yes,No,No,2,93.53,1,97.09,1,68.36,No,1.97,0.53
483c9b00-87b4-4fd9-a9ec-3ae4b9690aaf,2025-12-14,CUST-971598,1,No,No,Yes,0.53,1,Yes,No,No,1,93.76,0,95.75,2,79.63,No,1.51,0.47
3879b72c-c205-4acd-bb70-ce38d4fb302b,2025-09-22,CUST-229616,0,No,No,Yes,0.3,0,Yes,No,Yes,1,88.75,1,90.79,2,57.59,No,1.8,0.18
cba65102-4486-481e-b7f4-71d23825fd03,2025-08-23,CUST-265541,2,No,No,Yes,0.41,1,Yes,No,No,2,84.43,1,91.96,5,88.73,No,1.64,0.61
7582afc4-f366-4a8e-8593-752ef3df9b3e,2025-12-09,CUST-620765,0,No,No,Yes,0.2,2,Yes,No,No,3,90.73,1,91.82,5,72.34,No,1.66,0.42
ac7ea460-5ce1-4779-b625-9bdb2dbc3785,2026-01-30,CUST-486190,2,No,No,Yes,0.4,0,Yes,Yes,No,0,90.97,0,94.87,2,77.32,No,0.42,0.79
20c2006a-adc2-442e-9442-2c56255fb346,2025-12-04,CUST-275635,2,No,No,Yes,0.95,1,Yes,No,No,1,88.17,1,99.83,3,67.69,No,0.92,0.52
52fcafc5-833b-4a1f-8efc-827f142535dd,2026-04-02,CUST-827203,2,No,No,Yes,0.62,2,Yes,No,No,2,98.04,0,90.84,3,77.73,No,1.71,0.71
66ec2497-75e4-4398-aa15-8bffbd6157c9,2025-10-20,CUST-628022,0,No,No,Yes,0.37,0,Yes,No,Yes,0,91.38,1,93.03,4,73.13,No,1.48,0.52
1da81938-591c-4ed2-894e-af9bdc187c98,2026-01-04,CUST-772456,1,No,No,Yes,0.52,1,Yes,No,No,3,91.52,1,99.7,1,74.9,No,1.42,0.44
127c06db-c06f-491c-ac58-4c269aa8050a,2026-04-03,CUST-316193,0,No,No,Yes,0.82,1,Yes,No,No,3,91.78,1,92.53,1,56.15,No,1.07,0.73
f498d3fa-fa95-42ae-adb6-02dc9880c2ca,2025-10-18,CUST-391252,3,No,No,Yes,0.32,1,Yes,No,No,1,87.38,0,98.75,1,73.63,No,0.33,0.54
e1e93061-fcd2-4b28-a2cf-fd8b73033430,2025-12-30,CUST-339973,1,No,Yes,Yes,0.15,1,Yes,No,No,1,97.27,1,95.56,3,59.11,No,1.05,0.7
d166f94c-45de-4630-8095-d038d6981665,2026-04-27,CUST-581989,3,No,No,Yes,0.53,1,Yes,No,No,1,86.23,0,95.12,4,75.79,No,1.26,0.27
a2f59047-fc52-46d9-9ca3-d264e34bfd58,2025-08-21,CUST-923361,2,No,No,Yes,0.22,1,Yes,No,No,0,90.41,0,94.09,4,70.67,No,1.18,0.34
6f5ede1a-6584-4479-9e43-497bdceb1d78,2025-11-04,CUST-304909,0,No,No,Yes,0.88,1,Yes,No,No,2,88.22,1,98.71,2,59.04,No,1.69,0.27
e1a2a25b-d2c0-4919-87f8-c6bf9bc6f257,2026-03-18,CUST-686225,2,No,No,Yes,0.75,2,Yes,No,No,2,93.2,0,95.32,2,89.87,No,1.52,0.21
5cbbb8a7-1da8-4477-87af-062924883533,2026-01-29,CUST-623827,0,No,No,Yes,0.83,2,Yes,No,No,2,86.54,0,98.65,5,66.93,No,1.53,0.66
0c380197-ba55-4d38-a8b3-c06d3d4107eb,2025-10-26,CUST-415313,2,No,Yes,Yes,0.88,2,No,No,No,2,88.59,1,91.4,1,70.43,No,1.91,0.24
1bb31c44-76ab-4ff7-84dd-2239dd61aac9,2026-03-20,CUST-961064,1,No,No,Yes,0.85,1,Yes,No,No,3,80.37,0,97.41,2,52.29,No,0.59,0.61
1c0545c4-e0ed-4ae8-a958-2f34cc003523,2026-06-07,CUST-973547,2,No,No,Yes,0.52,0,Yes,No,No,0,93.86,1,90.98,3,69.68,No,0.72,0.61
34bac66d-a25b-4e8d-808d-e01a42772db7,2026-05-08,CUST-404362,2,No,No,Yes,0.2,1,Yes,No,No,0,89.5,1,99.94,2,56.13,No,0.25,0.44
d0078062-94a0-470e-85d2-5924d487d9b7,2026-03-18,CUST-689029,1,No,No,Yes,0.3,2,Yes,No,No,2,93.59,0,93.82,4,80.35,Yes,1.19,0.76
c8044c83-8172-49b4-9d5f-491896a79f1e,2025-12-17,CUST-269641,2,No,No,Yes,0.87,2,Yes,No,Yes,2,80.99,1,97.14,5,82.02,No,0.69,0.16
e2f437a8-e537-4319-840e-a0bc75399fed,2026-03-23,CUST-103544,2,No,No,Yes,0.56,1,Yes,No,No,0,82.45,0,97.61,3,53.75,Yes,1.61,0.19
fbabb853-e038-452e-8b25-21b8cf1c191d,2025-11-13,CUST-363395,1,No,No,Yes,0.16,0,Yes,Yes,No,1,95.08,0,90.51,2,81.46,No,1.4,0.38
3148aafc-760e-449b-886d-534ee6e22619,2026-04-11,CUST-125174,3,No,No,Yes,0.54,0,Yes,No,No,2,88.95,0,92.23,3,73.88,No,1.61,0.34
f7ef2288-93d1-4a0d-be73-9770a9a5553e,2025-10-30,CUST-447664,0,No,No,Yes,0.77,1,Yes,No,No,2,83.7,1,99.34,3,88.66,No,1.04,0.71
4978896c-a5bb-4ec6-931f-3b2c1e92ea27,2025-10-17,CUST-931334,1,No,No,Yes,0.27,2,Yes,No,Yes,0,86.01,1,96.1,4,51,No,1.13,0.39
86849665-4450-4ee7-ba46-3c631d934308,2026-06-02,CUST-601656,1,No,No,Yes,0.92,2,Yes,No,No,1,96.62,1,97.6,0,70.37,No,1.39,0.12
ce23c9ba-0c81-47a8-975e-f64b968ba5b4,2026-06-01,CUST-414537,1,No,No,Yes,0.49,2,Yes,No,No,2,88.73,0,94.18,0,74.76,No,1.34,0.68
d86d3edc-8355-4b11-a4b0-fb545c9a36eb,2026-07-01,CUST-107706,1,No,No,Yes,0.49,0,Yes,No,No,2,98.2,0,92.62,2,60.23,No,0.18,0.63
db5306d1-ea23-4b07-8825-7f64abf8c54d,2025-11-08,CUST-297643,1,No,No,Yes,0.64,2,No,No,No,1,97.09,0,96.16,0,76.27,No,1.08,0.77
f3aa60bb-9f64-4f16-b300-ab9b7212d372,2025-09-07,CUST-374402,2,Yes,No,Yes,0.15,0,Yes,No,No,2,80.4,1,91.43,0,72.12,No,1.87,0.74
0e56e019-51e8-47ce-8121-1b53179548af,2025-12-31,CUST-319026,0,No,No,Yes,0.25,0,Yes,No,No,2,86.87,1,96.97,2,67.34,No,1.91,0.49
d6480a8e-4525-4a46-afa6-05c1e4436e17,2026-03-03,CUST-950382,3,No,No,Yes,0.91,1,Yes,No,No,3,82.69,0,93.74,4,86.08,No,0.44,0.73
afa29cfa-a992-49d2-9ac6-57587c5dbe4b,2025-12-22,CUST-563269,1,Yes,No,Yes,0.17,0,Yes,No,No,1,89.29,0,90.74,0,80,No,1.79,0.75
c41db7fa-0c70-4ce0-a6bc-3c5be2988364,2026-07-17,CUST-427943,2,No,No,Yes,0.92,1,Yes,No,No,0,80.24,1,90.74,3,77.96,No,1.86,0.29
e8c85051-f58b-43f2-9a57-aa6c6f24e7d5,2025-11-21,CUST-128316,1,No,No,Yes,0.26,2,Yes,No,No,2,80.79,1,97.39,1,87.16,No,1.01,0.38
03acd1b1-2368-44bc-8204-9b02438c1f58,2026-02-04,CUST-741333,3,No,No,Yes,0.75,1,Yes,No,Yes,3,86.07,1,96.4,5,72.27,No,0.9,0.54
0b9217b7-934e-4a66-8354-009345b81e3e,2025-09-09,CUST-150476,1,No,No,Yes,0.98,1,Yes,No,Yes,2,88.7,1,97.98,2,56.77,No,0.79,0.17
3ba2aeb0-c08c-43af-b3ea-78849c6866bb,2025-10-10,CUST-276953,2,No,No,Yes,0.16,1,Yes,Yes,No,2,81.8,1,92.32,1,87.94,No,0.96,0.14
fa709534-2324-435c-9b7d-14f9174a792b,2025-08-15,CUST-325708,3,No,No,Yes,0.32,0,Yes,No,No,3,93.84,1,95.41,4,87.22,No,0.15,0.71
fa26466c-45f5-4762-9884-a3d5c5216e13,2026-02-11,CUST-624660,2,No,No,Yes,0.42,1,Yes,No,Yes,1,87.83,1,93.05,3,56.39,No,0.24,0.2
d3100ac0-f059-4b05-910f-fe6e50b2be30,2026-04-22,CUST-897330,2,No,No,Yes,0.5,1,Yes,No,No,3,94.91,0,99.98,4,65.01,No,1.62,0.79
38b385e4-3440-428c-b2eb-b9d97e59dbe1,2026-04-01,CUST-715947,2,No,No,Yes,0.38,2,Yes,No,No,2,93.54,0,93.55,5,81.73,No,1.67,0.24
320ac59b-c177-4627-a2be-c2f06b56b9d8,2025-07-25,CUST-857849,1,No,No,Yes,0.6,1,Yes,No,No,3,98.3,1,98.71,1,81.54,No,1.47,0.57
b13f802c-66d1-4f54-8336-96ca9c62ee06,2026-07-13,CUST-590125,1,No,No,Yes,0.79,1,Yes,No,Yes,2,88.5,0,90.76,4,73.55,No,1.23,0.7
f3a62fb5-9346-40fe-a8ca-2bc4dbd2dff8,2026-01-06,CUST-593430,2,No,No,Yes,0.79,2,Yes,No,No,1,88.57,0,92.28,2,82.25,No,1.25,0.45
32eb0463-d3e2-4d5d-9bc7-11bec1607018,2026-06-01,CUST-344588,2,Yes,No,Yes,0.38,1,Yes,No,No,2,94.49,1,97.59,2,54.25,No,1.78,0.38
e84d9505-d1ed-4dac-8d50-ee6d723eb4bb,2025-11-29,CUST-698388,0,No,No,Yes,0.12,1,Yes,No,No,1,92.09,1,91.17,1,77.24,No,0.44,0.73
6ceba8db-8ffd-4ef8-8699-5a136445314b,2025-09-13,CUST-382418,1,No,No,Yes,0.73,1,Yes,No,No,3,94.83,1,99.27,3,87.39,No,0.37,0.52
fb7439d0-a9ea-4296-a4b8-b70d0b6f0d67,2026-05-01,CUST-712416,1,No,No,Yes,0.9,1,Yes,No,No,1,80.85,0,97.32,1,84.15,No,0.88,0.76
3002eaf1-30a6-4a77-92d4-508f9789821e,2025-12-15,CUST-777335,1,No,No,Yes,0.15,0,Yes,No,No,1,86.12,1,90.57,3,54.97,No,1.69,0.67
83ec7216-c30d-4a82-86b5-d1fe9d03c79a,2026-06-16,CUST-164947,0,No,No,Yes,0.34,0,Yes,No,No,3,93,1,99.71,4,57.5,No,0.17,0.45
385ad3ca-e2df-4b07-b2b2-7ce4643f9499,2025-08-02,CUST-709082,3,No,No,Yes,0.52,0,Yes,No,No,3,94.91,1,90.14,3,54.79,No,1.64,0.35
bbada550-9a75-46af-a601-d8a07db6981b,2025-07-27,CUST-417231,1,No,No,Yes,0.72,1,Yes,No,No,2,89.77,0,94.82,0,64.28,No,1.42,0.57
e76f0516-b921-4681-a771-bb251dd99421,2026-05-27,CUST-697351,0,No,No,Yes,0.37,1,Yes,No,No,2,96.82,1,98.05,1,61.11,No,0.33,0.77
e9880076-8cba-4b1c-8ab4-8d97670aa8db,2026-04-28,CUST-667144,1,No,No,Yes,0.66,0,Yes,No,No,2,92.57,0,93.3,5,75.22,No,1.89,0.55
a980e3b8-15a2-42a5-ab16-c2313473791b,2025-10-19,CUST-253010,2,Yes,No,Yes,0.61,0,Yes,No,No,2,90.45,0,93.68,3,51.05,No,1.12,0.26
b4ae480d-9da1-45c1-b94b-251a597a5262,2026-04-19,CUST-118718,1,No,No,Yes,0.38,1,Yes,No,No,2,87.74,1,98.61,3,78.29,No,0.24,0.65
6cfc9c72-bae4-4761-bd7e-1817c6f52390,2025-08-20,CUST-882116,1,No,No,Yes,0.82,0,Yes,No,No,0,92.06,1,96.35,2,54.66,No,1.38,0.2
88a4bb97-b587-4dc2-9c6a-c4952894485a,2026-04-25,CUST-847320,0,No,No,Yes,0.7,2,Yes,No,No,0,98.7,1,97.08,1,60.11,No,0.76,0.28
3098d8f1-c552-4861-813f-da3aa3f76779,2026-01-22,CUST-472607,2,No,No,Yes,0.11,0,Yes,No,Yes,2,90.23,0,94.07,2,87.05,No,1.6,0.44
e686957a-dd63-43f9-8dd2-2bb2348ec756,2025-07-25,CUST-731443,0,No,No,Yes,0.76,0,Yes,No,No,3,80.69,1,97.46,4,60.32,No,0.95,0.68
b6c618ba-c8b4-4cb8-bb37-8924fcac3503,2025-08-21,CUST-284736,1,Yes,No,Yes,0.21,2,Yes,No,No,1,82.03,0,93.74,0,84.45,No,0.36,0.34
a75eed67-9e65-47fd-ba9e-e37fef4df03f,2026-01-21,CUST-377250,2,No,No,Yes,0.29,1,Yes,No,No,2,85.37,1,92.63,3,65.54,No,1.34,0.27
9d21ce02-d5c1-44c0-95e0-7bfde165156f,2025-10-16,CUST-847992,3,No,Yes,Yes,0.37,1,Yes,No,No,1,89.37,1,92.32,4,78.56,No,1.41,0.71
5b7778ed-589c-4f2c-9eaf-3cbc27e29c3d,2025-08-02,CUST-195422,1,No,No,Yes,0.17,1,Yes,No,No,2,90.13,0,92.88,5,62.44,No,0.82,0.61
cf9dab7f-a5e4-463a-b4c0-778118ab0afd,2026-05-19,CUST-599834,1,No,No,Yes,0.97,2,Yes,No,No,1,90.52,0,95.35,2,66.08,No,0.21,0.16
218719b1-87ad-44d7-9239-8155f19a2436,2026-03-22,CUST-468438,2,No,No,Yes,0.82,1,Yes,No,Yes,1,80.23,1,97.38,3,87.36,No,1.57,0.71
ae256394-7333-44ad-8d06-f95c7e87d548,2025-08-12,CUST-978398,0,No,No,Yes,0.19,1,Yes,No,No,2,94.82,0,91.52,0,88.17,No,1.22,0.68
43200424-64ff-4cf8-b874-7afb966d5578,2025-11-19,CUST-422717,1,No,No,Yes,0.94,1,Yes,No,No,1,95.21,1,95.63,3,61.67,No,0.81,0.37
d62bc9e2-dff4-4736-92ff-2beffb59dd7f,2026-02-07,CUST-813361,1,Yes,No,Yes,0.23,2,Yes,No,No,1,83.37,1,94.69,3,51.43,No,0.73,0.13
374511ef-945c-4e7b-a604-75c5f5e6335c,2025-12-13,CUST-662961,0,No,No,Yes,0.12,0,Yes,No,No,0,92.66,0,94.05,3,78.74,Yes,1.21,0.66
394e0698-3b2f-4ad4-987f-cd8fdb7d88a1,2026-05-30,CUST-464891,3,No,No,Yes,0.67,1,Yes,No,No,2,83.21,1,95.73,4,71.53,No,0.66,0.31
3b1580a5-83e9-4f3f-9a05-a2f5e85b9797,2026-07-24,CUST-730430,3,No,No,Yes,0.99,0,Yes,No,No,2,80.11,0,96.58,2,88.52,No,1.8,0.72
7b75f199-022f-4c41-9690-a3c5a86b3911,2025-09-12,CUST-787279,1,No,No,Yes,0.28,2,Yes,No,No,0,91.7,0,92.75,3,81.62,No,1.6,0.64
9cadfe57-7601-4951-91c6-e39749f248bc,2026-02-18,CUST-561341,1,Yes,No,Yes,0.55,1,Yes,No,No,2,92.63,0,92.31,1,61.9,No,0.63,0.31
c8886128-0ce4-4bb4-809e-2d870421a478,2025-11-20,CUST-409320,1,No,No,Yes,0.46,1,Yes,Yes,No,1,81.7,0,97.8,1,76.2,Yes,0.89,0.6
11501a91-0cd5-44e1-904d-8a45e7e71221,2026-02-16,CUST-979371,1,No,No,Yes,0.67,1,Yes,No,No,3,91.37,0,90.1,2,88.33,No,0.41,0.79
5283312b-1241-4f71-8164-0d2bf830e549,2026-03-24,CUST-507163,1,No,No,No,0.52,0,Yes,No,No,2,86.9,0,92.27,3,65.68,No,1.95,0.35
0ed09901-5917-4fb3-94d2-c13c77bb773f,2026-02-16,CUST-980235,1,No,No,Yes,0.42,0,Yes,No,No,1,96.89,0,97.56,2,64.65,No,0.77,0.27
e6c79fe5-e3ef-422a-b872-c0a4842e993e,2026-01-08,CUST-371254,3,No,No,No,0.43,1,Yes,No,Yes,2,82.13,1,94.26,1,60.93,No,1.28,0.8
77357fbb-ba5c-4c67-9cbe-f5367a328e5b,2025-09-12,CUST-236571,2,No,No,Yes,0.75,1,Yes,No,No,2,89,0,97.77,4,85.04,No,1.11,0.44
0f4f117e-3f7e-4480-b9e0-44f48d107c1e,2026-03-17,CUST-990177,0,No,No,Yes,0.36,2,Yes,No,No,1,83.95,1,91.35,4,71.67,No,1.72,0.69
a9b1a83f-1a8d-4156-8f78-b483b4f9e823,2026-06-26,CUST-634632,1,No,No,Yes,0.14,2,Yes,No,No,2,85.86,0,95.63,2,53.25,No,0.72,0.4
104e1372-a2e8-4139-8a8e-a8da637c7eb8,2026-05-22,CUST-684245,2,No,No,Yes,0.38,1,Yes,No,No,2,93.4,1,90.27,5,73.39,No,0.55,0.45
d8c3d40e-76c3-4cb0-ad4f-1607cdb12248,2025-09-28,CUST-756030,1,No,No,Yes,0.14,1,Yes,No,No,1,89.27,0,97.53,2,55.59,No,0.94,0.32
0bba414e-d329-473d-80a5-f3cf1060061b,2025-10-27,CUST-623245,2,No,No,Yes,0.31,0,Yes,No,No,1,86.32,0,99.37,1,58.28,No,1.64,0.19
8089ecdd-1d3d-4af4-9c56-21a3c2133e52,2025-08-14,CUST-654633,1,No,No,Yes,0.38,0,Yes,No,No,0,89.76,1,91.32,3,53.92,No,0.71,0.57
212a91a1-526d-4a2a-b76b-ae7ad212a480,2025-09-27,CUST-613034,3,No,No,Yes,0.39,2,Yes,No,No,0,96.28,0,98.01,5,65.21,No,0.29,0.72
afa1345a-a697-4264-a33e-7b08ca28dbb1,2026-05-11,CUST-981259,2,No,No,Yes,0.86,1,Yes,No,No,0,85.88,0,95.19,3,84.7,No,0.73,0.52
c297a75b-2c09-42fe-acf4-6571abbc88c0,2026-06-27,CUST-646205,2,No,Yes,Yes,0.44,0,Yes,No,No,3,81.85,0,99.55,4,73.54,No,0.59,0.77
dd63960b-be83-4490-86ed-89a5030eede6,2026-03-16,CUST-473588,2,No,No,Yes,0.68,2,Yes,No,No,0,95.15,1,94.35,2,70.64,No,0.14,0.29
aff45bf6-29b3-4bb7-94b2-289ab3424626,2026-02-08,CUST-408442,2,No,No,Yes,0.87,0,Yes,No,No,0,96.76,0,92.73,4,81.08,No,0.36,0.18
6f22b085-c548-4230-91f4-04132af22a1a,2026-07-06,CUST-675057,3,No,No,Yes,0.59,0,Yes,No,No,3,91.11,1,97.2,5,73.51,No,1.06,0.44
e3b12e90-b307-4b5f-84e3-095e17e25f79,2026-06-20,CUST-315553,0,No,No,Yes,0.17,0,Yes,No,No,3,86.94,0,98.54,5,67.84,No,1.2,0.69
e20d0f01-b640-483a-bdf6-e5cecb8749f6,2025-08-07,CUST-407798,2,Yes,No,Yes,0.64,1,Yes,No,No,2,92.65,1,91.54,4,77.18,No,0.87,0.19
bf057b56-765e-44bf-8cd2-38bdd109a2f5,2025-07-26,CUST-901319,0,No,No,Yes,0.33,1,Yes,No,No,3,87.1,1,96.59,1,55.09,No,1.88,0.54
a5a0c06d-7557-42de-b227-dcc8152b5517,2025-08-03,CUST-132141,2,No,No,Yes,0.42,2,Yes,No,No,0,98.99,0,99.67,3,76.62,No,0.82,0.33
bfac5a99-d87c-4f5d-82f8-89d5dd7f2106,2026-05-20,CUST-110430,3,No,No,Yes,0.78,1,Yes,No,No,1,98.35,1,94.67,1,86.85,Yes,1.49,0.55
61f3c664-6188-4c03-8a63-1636c5a6e27f,2026-06-07,CUST-582280,2,No,No,Yes,0.52,2,Yes,No,No,1,91.61,1,99.7,3,62.86,No,1.21,0.31
e2902782-9b93-4b60-9f61-3575d077d5ae,2025-09-14,CUST-469545,3,No,No,Yes,0.68,1,Yes,No,No,1,82.57,1,90.57,4,51.32,No,1.07,0.69
201ee78f-dbcd-41d2-a00b-8bdf47cb23c7,2026-05-04,CUST-887801,0,No,No,Yes,0.99,2,Yes,No,No,1,96.45,0,96.77,1,74.53,No,1.79,0.23
555d0b69-8c16-4f1f-8e99-e452ce27f9de,2026-06-07,CUST-120096,1,No,No,Yes,0.14,1,Yes,No,No,3,91.9,1,95.51,3,70.37,No,1.77,0.14
91e93b54-4a71-4af4-a630-16ded7fb1d7e,2026-04-30,CUST-507504,1,No,No,Yes,0.69,0,Yes,No,No,3,83.39,1,92.16,1,55.5,Yes,1.32,0.57
3c041810-ea26-4628-91eb-f136bd0590e3,2025-10-11,CUST-736518,1,Yes,No,Yes,0.66,1,Yes,No,No,3,97.65,0,91.6,5,68.41,No,1.16,0.59
d1b536a8-c27a-4e11-96ee-0b9ac254f495,2026-05-05,CUST-716675,3,No,No,Yes,0.41,1,Yes,No,No,1,96.76,1,96.56,2,82.68,No,0.43,0.55
9abc7f45-3e23-4bbd-81ad-e9039c4c8b92,2025-09-09,CUST-851670,1,No,No,Yes,0.63,0,Yes,No,No,1,86.81,0,90.18,1,71.9,No,0.76,0.13
8c31003b-601d-4ce3-8e24-56738d701bcc,2025-10-31,CUST-811098,3,No,No,Yes,0.57,1,Yes,No,No,1,84.13,0,98.95,2,62.68,No,1.11,0.21
0227bddb-0764-48cc-807d-8e25f31f64a6,2026-06-10,CUST-408838,2,No,No,Yes,0.88,2,Yes,No,Yes,0,94.45,1,97.13,1,87.22,No,0.17,0.13
b1a930c4-9291-4212-80f7-f82b00911b29,2025-11-07,CUST-532746,0,No,No,Yes,0.46,2,Yes,No,Yes,1,82.84,0,91.84,3,88.54,No,0.82,0.33
3c2afceb-928c-4803-897e-5f81b4ebc06b,2026-05-26,CUST-718407,1,No,No,Yes,0.41,0,Yes,No,No,2,90.67,1,99.46,3,83.97,No,0.18,0.51
b64519a2-5758-425b-82c2-790d5490a151,2026-01-16,CUST-982494,2,No,No,Yes,0.82,0,Yes,No,No,0,84.35,0,94.17,1,85.51,No,1.52,0.33
ef994175-ff19-471d-aac2-47cd9738d257,2026-05-16,CUST-923402,1,No,No,Yes,0.86,0,Yes,No,No,2,88.84,0,92.43,4,86.46,No,1.77,0.55
3e8f5a98-3516-44bc-9843-a306c6efb861,2025-09-18,CUST-505069,3,No,No,Yes,0.68,2,Yes,No,No,2,87.99,0,91.25,4,80.68,No,1.16,0.19
1ef24ebd-9f9c-41e4-b921-f9ed871f1a2c,2026-01-24,CUST-386364,1,No,No,Yes,0.95,0,Yes,No,No,1,81.77,1,91.87,3,78.91,No,1.61,0.19
d79250ee-a80a-4745-ae39-e421663f1217,2026-05-03,CUST-417393,3,No,No,Yes,0.76,2,Yes,No,No,1,84.22,1,95.08,3,64.69,No,0.59,0.54
1e57f12b-fc17-416d-a86a-55a5b4f986d9,2025-11-06,CUST-976359,3,No,No,Yes,0.77,1,Yes,No,No,2,89.35,0,95.82,4,86.19,No,1.63,0.15
d9acae3a-3a61-4172-86ae-c454e35fb47e,2025-12-24,CUST-856131,2,No,No,Yes,0.25,1,Yes,No,Yes,3,81.31,1,96.54,3,58.71,No,1.52,0.53
b6597cfb-bca9-4e19-a31b-c7ab9ee86714,2025-12-26,CUST-685895,2,No,No,Yes,0.66,0,Yes,No,No,1,90.34,1,92.17,1,52.05,No,1.23,0.42
75c3e2f7-bcbd-4eae-8192-566a654fed15,2025-12-20,CUST-534422,1,No,No,Yes,0.41,1,Yes,No,No,2,92.42,1,91.97,5,66.76,No,0.94,0.66
2368c94c-83e2-4393-a2e5-0a7d3ac6f542,2026-04-23,CUST-386090,1,No,No,Yes,0.88,1,Yes,No,No,1,80.7,0,92.19,1,58.04,No,1.02,0.16
bbe5dce3-350e-4b0f-b3c3-d9d1837e66cb,2026-04-27,CUST-198652,2,No,No,Yes,0.11,1,Yes,No,No,0,98.49,1,99.6,3,81.83,No,1.56,0.33
89c55df3-3005-4c2d-b049-04b389c98d16,2025-08-03,CUST-773300,3,No,No,Yes,0.75,1,Yes,No,No,2,94.99,0,90.74,2,67.93,No,0.51,0.47
63abcac0-6780-4985-ae12-9305596314d6,2026-05-24,CUST-731434,0,No,No,Yes,0.96,2,Yes,No,No,1,86.84,1,92.95,2,73.43,No,1.73,0.48
2c2b442d-f89b-474d-b7bf-f7da1327f49b,2026-01-05,CUST-594975,1,No,No,Yes,0.78,1,Yes,No,No,3,88.86,1,95.78,0,77.21,No,1.48,0.42
058f028b-38f3-466a-ba8d-58399c754ed8,2025-10-02,CUST-398498,0,No,No,Yes,0.75,1,Yes,No,No,1,91.41,1,96.85,1,52.46,No,0.19,0.52
0107b9fd-5c2d-4f0f-be2c-2707bb72b332,2025-10-09,CUST-332983,2,No,No,Yes,0.27,2,Yes,No,No,1,90.89,0,95.09,1,75.38,No,0.92,0.19
d4cb2822-d655-45ef-9960-05a7042975b4,2025-08-12,CUST-545367,2,No,No,Yes,0.39,0,Yes,No,No,1,93.46,1,97.69,2,88.38,No,1.84,0.58
96e33e4d-c952-4113-adce-7a57001e7879,2026-06-14,CUST-215579,3,No,No,Yes,0.8,1,Yes,No,No,0,96.85,1,98.95,4,80.17,No,0.83,0.74
5ff142cc-df1b-4bc6-8baa-0f06ef90c670,2025-11-15,CUST-273262,2,No,No,Yes,0.21,1,Yes,No,No,1,98.82,0,95.69,3,82.29,No,1.81,0.71
28b7f9e0-a5a0-4fd1-b79b-396a253f8a57,2025-10-20,CUST-230633,1,Yes,No,Yes,0.77,1,Yes,No,No,0,93.08,0,98.41,1,63.24,Yes,1.49,0.15
ef5d6cf6-a43c-4f20-bb9c-f5454e15e4d8,2025-12-21,CUST-639069,3,No,No,Yes,0.55,2,Yes,No,No,1,81.54,0,92.11,1,59.66,No,0.84,0.74
08ae707c-fbb4-44c9-96cc-27bf9d066bf7,2026-01-21,CUST-701573,2,No,No,Yes,0.88,1,Yes,No,No,0,91.47,0,98.95,1,57.3,No,1.04,0.78
63da998f-6e11-4c22-a7ce-22405b9aeb36,2026-06-18,CUST-595991,1,No,No,Yes,0.32,1,Yes,No,No,3,80.75,0,95.26,2,74.48,No,1.51,0.23
506f5e2a-f2fb-4f88-a277-9e1fde7a843b,2025-09-23,CUST-563140,3,No,No,Yes,0.35,2,Yes,No,No,1,94.18,1,91.93,4,52.9,No,0.99,0.46
9c3436e6-c756-4d5e-8804-a1c478c2ea80,2025-10-08,CUST-861362,3,No,No,Yes,0.25,2,Yes,No,No,1,90.05,1,90.55,1,86.24,Yes,1.1,0.45
583a87b7-efed-4cdf-ae77-ec5ce6c06636,2026-07-21,CUST-991261,0,No,No,Yes,0.51,2,Yes,No,No,3,92.33,1,93.05,1,63.32,No,0.87,0.49
158abb70-aa1e-4df1-9e9c-5c3ef6e0cf54,2025-12-23,CUST-560000,3,Yes,No,Yes,0.97,1,Yes,No,No,3,95.22,1,94.09,3,79.63,Yes,0.71,0.38
5ff725ef-eeb9-4cc9-976a-9662be0d4bd8,2026-03-13,CUST-561741,1,No,No,Yes,0.58,2,Yes,No,No,0,97.56,1,92.58,1,85.59,Yes,1.37,0.8
6ff92418-b45f-48b8-94e6-f5b7bfc04ff0,2025-11-07,CUST-654513,1,No,No,Yes,0.48,1,Yes,No,No,1,98.78,1,97.11,1,74.05,No,1.71,0.38
9af92ca5-3ace-4c61-85cf-f975e65dd066,2025-12-20,CUST-993946,2,No,No,Yes,0.54,2,Yes,No,No,2,82.49,1,93.49,2,78.88,No,1.6,0.63
ce9b9e3e-dd79-4a67-83d5-592d8e694d30,2025-09-13,CUST-175891,0,No,No,Yes,0.92,1,Yes,No,No,0,85.59,1,91.57,5,81.27,No,1.31,0.19
e4f67172-bcf2-4852-96ba-d3e721a77e9d,2026-04-27,CUST-707982,1,No,No,Yes,0.3,0,Yes,No,No,0,98.51,0,96.5,4,57.95,No,1.17,0.32
bf917089-e42d-4658-86b6-82cf1917a9d7,2026-01-04,CUST-946897,0,No,No,Yes,0.2,2,Yes,No,No,3,95.93,0,98.58,1,87.13,No,0.96,0.37
fcd87b07-8efe-4616-934e-dfc7b25838b0,2026-07-09,CUST-939867,3,No,No,Yes,0.63,2,Yes,No,No,1,88.33,0,92.95,1,63.56,No,0.18,0.54
a6491cbc-fb16-41c0-928c-81b91702890e,2026-01-15,CUST-964823,3,No,No,Yes,0.76,2,No,No,No,1,92.99,1,92.34,5,56.24,Yes,0.89,0.67
9873bf99-077f-47c6-b686-2e9f6f046692,2025-09-30,CUST-270266,3,No,No,Yes,0.9,2,Yes,No,No,1,89.66,1,95.19,4,82.42,No,1.83,0.21
300eb034-005a-4794-aaf6-cd446cc40887,2025-12-25,CUST-141424,3,No,No,Yes,0.69,1,Yes,No,No,1,83.55,1,90.05,3,72.26,No,0.53,0.22
bf481d47-b3e6-46dd-b0ab-651369a66929,2025-09-16,CUST-975355,2,No,No,Yes,0.18,1,Yes,No,No,1,89.59,0,91.27,2,73.65,No,0.75,0.66
4ae90a40-1028-43ad-9b88-54e77cd31208,2026-01-15,CUST-693256,2,No,No,Yes,0.67,1,Yes,No,No,0,87.95,0,92.73,3,70.83,No,1.26,0.78
2a5b4348-2d33-42d2-8c48-7eebbb54985b,2025-10-07,CUST-722764,0,No,No,Yes,0.36,1,Yes,No,No,2,96.01,0,97.21,5,82.33,Yes,1.14,0.57
d3c3cf18-2567-4635-8503-e50a092aec49,2026-05-29,CUST-490697,3,No,No,Yes,0.13,2,Yes,No,No,2,81.16,1,97.4,3,80.19,No,1.08,0.71
c6fba62c-8e86-42aa-866e-a71958692edc,2025-12-12,CUST-756976,2,No,No,Yes,0.51,0,Yes,No,No,1,95.26,0,90.85,2,73.32,No,0.86,0.71
926c1f4d-f96e-4d00-80e5-4044c83a96b4,2026-07-09,CUST-941346,1,No,No,Yes,0.39,1,Yes,No,No,0,93.99,1,90.01,4,55.8,No,0.72,0.16
573b2388-984f-4464-80e3-868d96d4a230,2026-01-02,CUST-452261,2,No,No,Yes,0.59,2,Yes,No,Yes,1,91.11,1,96.36,4,82.11,No,0.73,0.51
3d093713-1c46-4f46-9924-a70bf4a33b60,2026-04-07,CUST-638059,3,No,No,Yes,0.78,0,Yes,No,No,1,92.27,1,93.69,5,80.67,No,0.98,0.6
828a70f1-cdfc-4a6f-bcbe-46327ddc8b42,2026-04-09,CUST-152488,0,No,No,Yes,0.79,1,Yes,No,No,0,86.97,0,96.64,0,76.32,No,1.26,0.11
5f7e8644-1d87-43fe-8361-d312f25ffc34,2026-01-04,CUST-838468,1,No,No,Yes,0.33,2,Yes,No,No,1,86.94,0,99.02,5,55,No,1.82,0.26
34a3037a-703c-499e-a738-60c364745b71,2026-05-06,CUST-454279,3,No,No,Yes,0.38,2,Yes,No,No,3,98.2,1,94.72,2,69.86,Yes,1.77,0.45
67cef925-24d1-4eeb-93ac-ec0b6de934f1,2026-05-05,CUST-846382,3,No,No,Yes,0.14,1,Yes,No,No,1,88.16,1,93.72,3,54.44,No,1.74,0.7
dcafaa45-cead-477a-a19f-b1e6e5830c03,2025-10-16,CUST-487003,3,No,No,Yes,1,1,Yes,No,No,0,84.08,1,94.01,3,67.66,No,0.57,0.4
6130eb33-0684-4f7d-a221-12f4e4cbf1f5,2026-03-09,CUST-710976,1,No,Yes,Yes,0.86,1,Yes,No,No,2,93.6,1,91.86,0,58.09,No,0.66,0.29
5fae7629-2117-404b-b529-cf5325f3f9f0,2026-03-17,CUST-617495,2,No,No,Yes,0.24,0,Yes,No,Yes,2,92.08,1,97.63,4,84.88,No,1.89,0.37
b8a723d4-6494-4072-9973-ba02184a6ff1,2026-05-09,CUST-289798,1,No,No,Yes,0.67,0,Yes,No,No,1,89.42,1,91.54,4,89.93,No,1.43,0.38
f24a40e6-04d3-4f61-96f9-c4b6399fde5b,2026-04-29,CUST-951767,2,No,No,Yes,0.19,1,Yes,No,No,1,95.71,0,90.67,1,74.87,No,0.12,0.25
38021c19-0249-4d41-90ea-472aa1ce06ba,2025-08-20,CUST-191174,2,Yes,No,Yes,0.71,2,Yes,No,No,1,82.68,1,93.22,4,70.98,No,1.63,0.35
02c15865-1695-4a9d-92d4-aee2078dc0ac,2026-03-18,CUST-233446,3,No,No,Yes,0.46,1,Yes,No,No,1,87.42,0,92.74,3,69.52,No,1.83,0.57
13ddb552-546a-487d-89e8-fde761363813,2025-10-05,CUST-666837,0,No,No,Yes,0.86,2,Yes,No,No,0,85.47,1,99.64,2,55.27,No,1.48,0.27
669c3a6d-e603-40fe-973b-0d179a59143f,2026-07-21,CUST-173565,2,No,No,Yes,0.26,0,Yes,No,No,1,89.85,0,90.81,3,84.02,No,1.71,0.29
98afed90-b4f2-4a22-ab36-f1f655bf5fc2,2026-07-06,CUST-226290,1,No,No,Yes,0.13,1,Yes,No,No,1,87.44,1,97.78,0,79.55,No,1.7,0.48
2cefbc51-d15d-414e-8c79-736ebbe709a1,2026-02-16,CUST-987004,1,No,No,Yes,0.1,1,Yes,No,No,2,86.76,1,98.34,1,55.61,No,0.96,0.11
fb858dce-190c-4388-ad57-994ac72d2f07,2025-11-23,CUST-842207,0,No,No,Yes,0.64,1,Yes,No,No,2,91.77,0,91.86,4,75.87,No,0.34,0.23
cbef1672-d8cd-45d9-ad51-10ecf270fe9c,2025-11-01,CUST-786741,1,No,No,Yes,0.78,0,Yes,No,No,0,83.05,1,91.5,2,62.84,No,1.82,0.75
b3c51f56-10d6-4f2f-a659-fde749bf75fb,2026-07-05,CUST-539943,1,No,No,Yes,0.77,0,Yes,No,No,2,85.85,1,92.25,3,51.05,No,0.62,0.58
3488bf28-350c-4671-a3bd-2ccd4852a9db,2025-09-27,CUST-710229,1,No,No,Yes,0.47,1,Yes,No,Yes,0,90.37,1,98.69,3,54.97,No,1.53,0.21
3e838a70-bf66-44b9-b418-c62981c9a3da,2026-03-11,CUST-543388,2,No,No,Yes,0.22,2,Yes,No,No,1,92.3,0,92.07,0,74.76,No,1.6,0.64
d6853a74-b796-4f46-b58c-b0bae2e3327b,2026-07-11,CUST-203211,3,No,No,Yes,0.67,2,Yes,No,No,1,84.61,1,94.11,0,66,No,0.47,0.57
0f8f219c-3ba7-4f74-a34d-7cdfc87cf0f2,2025-12-04,CUST-590909,1,No,No,Yes,0.51,1,Yes,No,Yes,1,88.13,0,98.79,3,66.9,No,1.54,0.79
ccfd8468-7e96-4abc-943e-9c9d53e2c713,2025-12-03,CUST-989784,3,Yes,No,Yes,0.98,1,Yes,No,No,1,94.3,0,95.13,0,72.06,No,1.97,0.53
419d917f-d53a-439c-8f66-7941c7ef3a62,2026-06-27,CUST-166847,3,No,No,Yes,0.51,1,Yes,No,No,2,90.94,1,93.06,4,60.28,No,1.32,0.55
1c35205c-5b41-43cf-af5c-2e8f47662ec6,2026-01-10,CUST-342897,2,No,No,Yes,0.79,1,Yes,No,Yes,0,95.49,0,93.85,1,51.74,No,1.21,0.14
0864231d-a022-49e1-9998-f0ef6e2ba706,2025-11-26,CUST-552293,2,No,No,Yes,0.3,2,Yes,No,No,0,82.05,1,96.27,5,74.56,Yes,1.91,0.58
3b151f2b-d293-4f38-9fdd-8107aca64c8e,2026-02-12,CUST-854410,2,No,No,Yes,0.53,1,Yes,No,No,2,83.33,0,95.87,1,56.09,No,0.26,0.44
03bf5821-d0f4-43ea-9979-eabc50e7d6a5,2026-05-02,CUST-972580,2,No,No,Yes,0.46,1,Yes,No,No,3,86.66,1,90.28,2,56.14,No,1.79,0.33
991bee75-acea-4b92-a830-374addddd243,2025-09-02,CUST-657807,2,No,No,Yes,0.58,2,Yes,No,No,2,90.55,1,99.84,4,54.73,No,1.08,0.27
dffbad43-8513-45fc-abc6-cd6905183542,2026-02-15,CUST-116929,1,No,No,Yes,0.2,0,Yes,No,No,1,88.09,0,96.94,5,59.85,No,0.61,0.32
53ce3c8d-e527-44a3-8c53-8e104699bd77,2025-09-17,CUST-730673,2,Yes,No,Yes,0.19,2,Yes,No,No,2,82.18,0,90.1,2,85.94,No,0.75,0.25
41e5df59-842b-45ce-851c-d07f6dfaafbf,2026-01-09,CUST-891203,2,No,No,Yes,0.73,0,Yes,No,No,2,98.73,1,91.79,4,87.56,No,1.21,0.59
b1a45023-883e-4b82-b6a0-ac922e81e793,2026-05-11,CUST-862786,2,No,No,Yes,0.28,2,Yes,No,No,2,91.35,1,91.87,3,82.82,No,0.31,0.52
f4e770e1-1493-4d94-a502-14d2f863475b,2025-12-12,CUST-694699,1,No,No,Yes,0.46,1,Yes,No,No,2,97.93,1,98.68,3,75.54,No,0.55,0.3
91a76674-b78a-4973-9063-80ef21852622,2026-03-13,CUST-646463,3,No,No,Yes,0.61,1,Yes,No,No,3,90.99,0,91.34,3,81.09,No,0.23,0.18
5e522579-351b-4e21-8a8d-c74989b1725d,2025-07-28,CUST-497700,1,No,No,Yes,0.53,2,Yes,No,No,2,87.43,1,95.33,1,71.24,No,1.08,0.53
d8bff837-a5dc-4b52-a986-22d05277fca5,2026-01-17,CUST-728731,1,No,No,Yes,0.68,0,Yes,No,No,1,81.61,1,95.21,3,69.86,No,1.55,0.7
e1100c55-69c6-4bd2-b0b6-02ce8c7c9bd3,2026-05-22,CUST-888137,2,No,Yes,Yes,0.33,0,Yes,No,No,1,90.99,0,91.31,3,60.18,No,1.02,0.42
ddedea64-fbfc-45c7-9449-83ff61237a8d,2025-11-02,CUST-785861,0,No,No,Yes,0.23,2,Yes,No,No,2,98.68,1,93.13,0,61.39,No,1.94,0.24
fcef066e-97c3-413e-855c-076ddaf03719,2025-11-06,CUST-771762,1,No,No,Yes,0.34,1,Yes,No,No,2,85.85,1,98.59,4,75.01,No,0.29,0.69
a6c86599-d9a1-4bd3-b5a0-7e88d50958f8,2025-09-20,CUST-124607,2,Yes,No,Yes,0.72,1,Yes,No,No,2,81.49,0,96.18,0,75.24,No,1.38,0.62
2ce208d6-f915-4011-aaaf-a3ac9b5230f9,2026-01-08,CUST-669897,3,No,No,Yes,0.85,0,Yes,No,No,3,89.78,0,97.15,4,50.54,No,0.42,0.12
e8b98b7a-a45c-4e2c-8d20-0f3602d6194f,2026-04-27,CUST-695199,3,No,No,Yes,0.52,1,Yes,No,No,2,93.45,1,92.78,1,61.33,No,0.74,0.52
4b1d3cf3-8115-4a5e-97aa-85ab23084d3f,2026-02-08,CUST-846900,0,No,No,Yes,0.62,1,Yes,No,No,2,91.6,0,94.57,2,58.61,No,1.75,0.45
be02e801-2a29-4963-8bfd-9c022d6e935d,2025-11-08,CUST-461261,1,No,No,Yes,1,2,Yes,No,No,2,93.67,0,92.29,3,83.42,No,0.76,0.33
d1c3b436-d3c8-4324-b479-ed675578dcf8,2026-06-03,CUST-564304,2,No,Yes,Yes,0.15,1,Yes,No,No,2,87.64,0,95.73,1,60.76,No,0.47,0.61
39745eea-cb8a-4ccb-bb2d-6babf8960694,2025-08-02,CUST-721732,0,No,No,Yes,0.82,2,Yes,No,No,1,92.11,0,94.99,1,86.49,No,1.86,0.6
e0608e9e-39c3-4154-b4e8-749ae7848d16,2026-05-19,CUST-134006,2,No,No,Yes,0.65,0,Yes,Yes,No,3,97.62,0,93.57,2,69.02,No,0.44,0.14
3396b46e-e9ea-4555-9d99-591b580123f5,2026-03-10,CUST-744178,0,No,No,Yes,0.1,0,Yes,No,No,2,98.69,1,98.68,5,53.14,No,0.21,0.39
238077f7-13aa-4ab4-a6fe-dcc5ec6e7231,2025-08-19,CUST-800939,1,No,No,Yes,0.73,2,No,No,No,2,92.13,0,97.76,1,59.91,No,1.83,0.51
dca46ab4-0e47-45a3-b8b4-064f90ea6d0d,2025-08-20,CUST-166221,1,No,No,Yes,0.99,1,Yes,No,No,0,89.1,1,94.85,3,86.37,No,1.76,0.63
f746bcc3-b287-4dbd-8f04-741085ec3210,2026-04-26,CUST-323742,1,Yes,No,Yes,0.9,0,Yes,No,No,3,82.21,0,90.82,4,81.11,No,0.73,0.74
67864124-408b-448a-ac5d-6cbf782a8f7d,2026-02-06,CUST-345585,0,No,No,Yes,0.4,1,Yes,No,No,1,94.65,1,95.07,1,74.43,Yes,1.06,0.68
bc94fd43-cdc2-445e-ae5a-c2fd8650455b,2025-08-03,CUST-738770,1,No,No,Yes,0.31,1,Yes,No,No,1,91.98,1,97.2,0,57.2,No,1.33,0.69
78948540-5ced-430c-9d82-8a8d4e34437b,2025-07-29,CUST-945576,2,No,No,Yes,1,0,Yes,No,No,2,91.33,1,96.73,2,81.82,No,1.14,0.25
ec65ebb1-3ce5-4683-8696-58de34dcd85f,2025-10-14,CUST-824382,3,No,No,Yes,0.86,2,Yes,No,No,1,82.7,1,97.22,4,62.99,No,0.57,0.33
18edd67e-c431-4035-896d-39888b00e89a,2026-06-08,CUST-577234,2,No,No,Yes,0.78,2,Yes,No,No,1,98.03,0,97.31,2,60.27,No,1.03,0.73
04931a02-5a10-4b2d-93c7-8fceba182e86,2026-05-16,CUST-905385,1,No,No,Yes,0.47,1,Yes,Yes,No,1,87.39,0,95.78,2,70.7,No,1.75,0.72
fef903a4-4ee0-41f2-a39b-09dc7de93f07,2025-09-16,CUST-191080,1,No,No,Yes,0.25,1,Yes,No,No,3,90.6,1,91.26,3,66.62,No,0.99,0.64
c84645b7-ab6f-45bd-8abd-0dccce0503e4,2025-09-20,CUST-557663,1,No,No,Yes,0.29,0,Yes,No,No,1,90.16,0,90.08,3,60.81,No,0.61,0.75
5b125f2c-858e-4ee7-8a0e-ff979790d5cd,2025-08-21,CUST-417766,2,No,No,Yes,0.31,2,Yes,No,No,1,85.15,1,92.42,4,63.02,No,0.8,0.64
db02b304-a319-4a87-b390-aba61fdf0939,2025-08-19,CUST-562431,1,No,No,Yes,0.55,0,Yes,No,No,2,80.76,1,97.86,1,77.47,No,0.39,0.66
31102c6e-726b-42cb-88b9-45a2a11418cb,2025-08-09,CUST-516341,1,No,No,Yes,0.95,2,Yes,No,No,1,86.11,0,97.2,2,62.17,No,0.81,0.38
94f44fee-cc72-4fc9-a5d5-09bd27fc2b1f,2025-10-06,CUST-709372,2,No,No,Yes,0.46,2,Yes,No,No,0,90.47,0,91.99,3,53.85,No,1.04,0.52
a1ffa155-99a0-4fb5-bc25-789f9ad70e0d,2026-07-09,CUST-452500,0,No,Yes,Yes,0.76,1,Yes,No,Yes,1,97.69,0,95.13,2,76.14,No,1.73,0.59
e2910d1a-efb7-49df-aea8-d895b60b0c7b,2026-02-07,CUST-318946,0,No,No,Yes,0.38,2,Yes,No,No,2,85.07,1,90.3,1,86.69,No,1.92,0.13
bf29c506-d0d6-4cec-8208-4978b6b362d4,2026-07-15,CUST-821732,1,No,No,Yes,0.86,2,Yes,No,No,2,91.41,1,91.33,3,88.09,No,1.72,0.41
673de36b-6d25-4e7e-8399-3e419e9f8d41,2025-09-16,CUST-707783,0,No,No,Yes,0.49,0,Yes,No,No,1,88.02,1,99.81,2,72.72,No,1.84,0.53
480d6124-4c24-4fcc-884f-eab1f00a4b9e,2025-12-11,CUST-727191,0,No,No,Yes,0.87,0,Yes,No,No,1,80.61,1,90.11,1,74.45,No,0.75,0.23
0ad66aa3-9e8e-4e23-9f09-c9431407a2c9,2026-04-04,CUST-496381,2,No,No,Yes,0.88,0,Yes,No,No,1,87.92,1,97.28,5,88.16,No,1.7,0.24
477ec176-3742-47be-b653-a95254b9e11c,2025-07-28,CUST-543943,2,No,No,Yes,0.72,2,Yes,No,No,2,92.17,1,93.75,4,78.79,No,1.13,0.23
d8fbd3f4-9cef-40fa-9b1a-22e6615d713d,2026-05-08,CUST-524931,0,No,No,Yes,0.41,1,Yes,No,No,3,92.79,0,92.16,4,60.36,No,1.14,0.29
1bf8af53-dcb5-486b-b5d3-53814fa47519,2026-03-18,CUST-634383,3,No,No,Yes,0.25,2,Yes,No,No,2,83.97,0,98.63,5,77.36,No,0.15,0.57
d0eb16ea-44b4-4aa1-813d-db4b2c0c1f65,2026-07-03,CUST-803821,0,No,No,Yes,0.52,1,Yes,No,No,2,83.24,1,93.8,3,87.59,Yes,0.3,0.73
ded56698-3e1b-4bc3-99ac-a5f0589f0c1b,2026-06-16,CUST-110058,3,No,No,Yes,0.68,1,Yes,No,No,3,92.92,0,98.11,5,86.73,No,1.42,0.31
039b8178-14b5-4eb8-81d8-22fef2e134ec,2025-09-03,CUST-693688,2,Yes,No,Yes,0.3,2,Yes,No,No,1,96.32,1,95.33,1,64.86,No,0.83,0.12
f5594a38-47d9-47cc-813f-239fd306c6df,2026-07-14,CUST-705445,0,No,No,Yes,0.38,1,Yes,No,Yes,1,95.84,0,98.78,1,68.71,No,1.07,0.35
dbb69402-3817-4853-a367-749681d380f3,2025-12-14,CUST-538043,1,No,No,Yes,0.12,1,Yes,No,No,3,83.78,1,91.45,1,88.86,No,1.58,0.23
7814d203-7d07-4fc5-b952-42e6f6c3c549,2025-11-16,CUST-241219,0,No,No,Yes,0.47,2,Yes,No,No,2,83.11,0,98.24,5,64.64,No,0.26,0.63
e64b74e5-3fee-4164-aa6a-304996c0a2b6,2026-03-23,CUST-688696,0,No,No,Yes,0.84,2,Yes,No,No,3,98.73,1,94.32,3,57.6,No,1.84,0.14
7ae8e154-725e-4e99-8e52-de80c558c231,2025-08-16,CUST-378425,1,No,No,Yes,0.77,0,Yes,No,No,1,87.54,0,91.98,0,83.41,No,1.55,0.19
e945ad90-f3d7-45ad-bb8a-5528f4271db7,2025-10-19,CUST-715033,0,No,No,Yes,0.96,0,Yes,No,No,2,92.36,1,94.01,1,64.12,No,0.6,0.63
20d85206-55d9-41dd-b5f6-05d5ade00bec,2025-10-21,CUST-767150,3,No,No,Yes,0.91,1,Yes,No,No,0,95.76,1,90.71,2,58.73,No,1.98,0.58
52aa22ca-693a-4ff2-8071-7a1869ced116,2025-12-27,CUST-972174,2,No,No,Yes,0.55,1,Yes,No,No,2,84.81,0,98.61,1,57.34,No,1.7,0.74
9d7472b8-cb6f-44d8-8f58-55865188ed48,2026-01-09,CUST-728273,1,No,No,Yes,0.52,1,Yes,No,No,3,88.17,0,92.32,2,66.07,No,0.99,0.6
61d7f78d-ac18-450e-9f5d-b4f034781723,2026-02-06,CUST-131537,1,No,No,Yes,0.53,1,Yes,No,No,1,80.5,1,94.9,4,87.59,No,1.71,0.33
6e58efbd-cc42-4d26-b85a-3fd40a0b6267,2026-06-23,CUST-338396,1,No,No,Yes,0.48,1,Yes,No,No,1,84.93,0,97.78,2,67.3,No,0.39,0.3
e7ee27ed-c3b3-446c-bdd5-5f5d04895fde,2026-05-22,CUST-771474,2,No,No,Yes,0.72,1,Yes,No,No,0,96.27,0,97.41,1,54.99,No,0.89,0.76
19565350-26e0-49b0-9710-937567f92d44,2025-10-23,CUST-233585,1,No,No,Yes,0.84,1,Yes,No,No,2,81.55,1,99.94,3,56.33,No,0.17,0.49
39175940-5dc3-42ce-98c9-fbcda55f1ed2,2026-01-16,CUST-261351,1,No,No,Yes,0.83,1,Yes,No,No,2,95.78,0,95.28,5,75.44,No,0.36,0.33
d505271b-88b6-45c2-917b-fd17d0f1d48e,2026-04-22,CUST-113239,1,No,No,Yes,0.35,0,Yes,No,No,3,97.38,0,95.81,1,57.19,No,0.47,0.78
c6fab653-b432-4914-827e-53dc0a3140dc,2026-04-13,CUST-238212,1,Yes,No,Yes,0.56,0,Yes,No,No,3,81.84,1,94.25,3,73.65,No,0.29,0.57
3dac8b30-733f-48fc-b518-1a2469ac7317,2025-09-05,CUST-682693,3,No,No,Yes,0.58,1,Yes,No,No,1,80.25,1,98.06,3,65.45,No,1.17,0.16
e198eba5-4957-4178-b8b4-8e073d651590,2025-11-15,CUST-993855,0,No,No,Yes,0.44,0,Yes,No,No,2,96.04,1,92.09,2,52.86,Yes,0.45,0.68
0713edb8-bdda-44b4-a5da-e17696508475,2025-08-09,CUST-249567,1,No,No,Yes,0.38,1,Yes,No,No,1,83.13,1,97.99,4,86.25,No,0.64,0.76
58dc7f64-f31e-4d79-a1f1-73c1b14778ab,2025-10-09,CUST-669300,2,No,No,Yes,0.24,1,Yes,No,No,2,94.63,0,91.45,5,51.38,No,0.22,0.7
f663e516-4ff5-419f-9d4f-82219d7cc1f8,2026-02-18,CUST-733462,2,No,No,Yes,0.82,2,Yes,No,No,1,90.72,0,95.91,5,68.76,No,1.52,0.61
361c3d01-adb2-4280-a151-3ab30df2724e,2026-07-24,CUST-470671,0,No,No,Yes,0.99,0,Yes,No,No,1,80.01,1,94,2,82.1,Yes,0.17,0.23
d92506b8-177b-44f4-ab46-4d6ebabfd291,2025-12-25,CUST-419836,1,No,No,Yes,0.32,1,Yes,No,Yes,1,96.59,0,93.95,0,77.74,No,0.44,0.37
3ce7b34d-2c7c-4583-869b-e5f5fed8ce40,2025-09-21,CUST-150260,0,No,No,Yes,0.73,1,Yes,No,No,1,83.24,1,94.23,2,69.86,No,0.59,0.28
0e9829b1-2d6d-452a-93d3-d476f30061ed,2026-02-16,CUST-993087,1,No,No,Yes,0.6,1,Yes,No,No,2,86.55,1,92.71,0,86.86,No,1.94,0.52
c494fe38-b3a1-4a0a-8e48-224f6ce3c40e,2026-06-11,CUST-842268,0,No,No,Yes,0.67,2,Yes,No,No,1,89.14,1,97.42,3,75.33,No,0.71,0.1
5052fa71-1a35-4079-ad4b-76ebab81df46,2026-05-14,CUST-485745,0,No,No,Yes,0.43,1,Yes,No,No,3,84.21,1,98.19,4,79.66,No,0.97,0.76
770786c8-d1c2-4dd7-ab82-57d5f8e3345e,2025-09-01,CUST-198517,1,No,No,Yes,0.51,1,Yes,No,No,0,93.71,1,92.63,4,80.18,No,0.44,0.31
cd5625dc-3127-4baf-8fb3-2a395ed8d294,2026-07-16,CUST-962520,1,No,No,Yes,0.25,2,Yes,No,No,1,84.36,1,93.79,2,58.48,No,1.79,0.53
3a8c7a78-8457-48c6-bd40-63e424af5bb0,2026-07-11,CUST-553860,3,No,No,Yes,0.77,0,Yes,No,Yes,2,90.91,0,90.07,2,76.85,No,0.77,0.13
15f9e243-30e7-4f06-bb9f-f4d4ae06f596,2026-05-29,CUST-283406,3,No,No,Yes,0.99,1,Yes,No,No,0,91.41,1,93.76,2,84.32,No,0.86,0.29
d2198ce8-bbac-4384-84a6-39096c02eb89,2025-10-01,CUST-227478,1,No,No,Yes,0.8,1,Yes,No,Yes,1,96.98,1,94.66,4,60.06,No,0.28,0.3
9af1b0c6-c19a-4f68-9e37-af16633a9290,2026-02-18,CUST-168819,3,No,No,Yes,0.72,1,Yes,No,No,1,96.13,0,99.74,1,86.46,No,1.05,0.38
5666fd1a-af9d-439a-93f3-df3d171b6e8e,2026-05-13,CUST-659301,0,No,No,Yes,0.77,2,Yes,No,No,1,81.51,1,98.72,3,71.55,No,0.46,0.11
1d07ff38-6df9-43bf-8568-32aecd2c2d14,2026-03-07,CUST-650751,1,No,No,Yes,0.99,2,Yes,No,No,3,94.02,1,90.59,3,66.99,No,1.39,0.13
69f62ca3-66af-4b27-b548-297c80d1a7f2,2025-11-16,CUST-621641,0,No,No,Yes,0.3,0,Yes,No,No,3,80.34,1,96.36,2,86.69,No,1.83,0.57
9c335591-9531-4cfc-9e7e-42b7ad4da380,2025-12-09,CUST-236402,1,Yes,No,Yes,0.26,1,Yes,No,No,0,96.63,1,94.68,3,77.5,No,1.69,0.16
96835554-e01a-48d4-a0b2-d4aef76bcb12,2026-03-22,CUST-116358,1,No,No,Yes,0.85,1,Yes,No,No,2,84.13,0,98.39,1,62.74,No,0.74,0.55
8ecb25d2-528b-400d-a196-64f887749816,2025-10-16,CUST-894444,2,Yes,No,Yes,0.15,0,Yes,No,No,1,87.67,0,93.46,3,87.51,No,0.72,0.58
5a552415-b5c9-4beb-a6e5-2bc91f22a778,2025-09-29,CUST-434490,1,No,No,Yes,0.85,1,No,No,No,1,81.07,0,93.17,1,83.09,No,1.71,0.73
aaba9a06-e47a-4b91-9498-3f661c31c7e3,2026-03-22,CUST-330815,0,No,No,Yes,0.89,1,Yes,No,No,0,87.64,1,94.97,3,71.11,No,0.86,0.67
dff7afaf-00f7-4ff2-82ce-049d96ca5d9b,2026-02-01,CUST-778787,3,No,No,Yes,0.96,2,Yes,No,No,1,80.1,1,94.24,4,59.01,No,1.59,0.58
aceb10a0-c04f-426c-837d-63fedf08ee6f,2026-01-14,CUST-492003,3,No,No,Yes,0.73,1,Yes,No,No,0,94.29,0,97.59,4,88.77,No,0.28,0.74
f00e983d-40de-4227-b457-481b182e9754,2025-07-26,CUST-738359,0,No,No,Yes,0.82,1,Yes,Yes,No,3,81.99,1,98.64,3,84.8,No,1.71,0.65
fd9f3dc1-3a17-4565-9493-b14ea7c0f31e,2026-03-15,CUST-341592,2,No,No,Yes,0.44,0,Yes,No,No,2,80.12,1,93.37,3,73.97,No,1.08,0.5
bdc2a7f7-f26a-44c2-9e90-fe0057b10b89,2026-07-03,CUST-260091,2,No,No,Yes,0.19,1,Yes,No,No,2,86.94,1,90.83,1,50.76,No,1.13,0.75
815413ce-3272-48a2-ab2d-e682d2405242,2026-06-15,CUST-881088,3,No,No,Yes,0.27,2,Yes,No,No,0,85.95,0,93.01,4,85.11,No,0.4,0.13
8fc996c1-5c82-4068-8f5e-b635f6d7fc24,2026-06-04,CUST-168731,1,No,No,Yes,0.45,1,Yes,No,No,2,91.25,0,98.11,2,88.56,No,1.88,0.29
ae02b955-a94c-40eb-a752-4b0cad53bb25,2025-11-26,CUST-471833,2,No,No,Yes,0.6,0,Yes,No,No,2,94.18,1,94.09,1,67.76,No,0.23,0.5
54a213a2-0957-46c4-87df-58c1a2691a2e,2025-12-31,CUST-984934,0,No,No,No,0.92,1,Yes,No,No,0,91.09,1,92.99,4,68.13,No,1.88,0.54
ba9674b1-9570-47ef-a896-09819527b60e,2026-03-14,CUST-220688,0,No,No,Yes,0.52,2,Yes,No,Yes,1,85.62,0,92.53,4,84.3,No,0.15,0.46
409bf966-543e-4721-b797-22245000714a,2025-09-23,CUST-996054,1,No,No,Yes,0.78,1,Yes,No,No,3,81.05,1,96.39,3,79.64,No,1.97,0.77
674a2ec8-7d13-4cf3-913f-f8b154329fa5,2025-11-07,CUST-457371,1,No,No,Yes,0.32,1,Yes,No,No,2,91.13,0,91.69,5,72.38,Yes,1.78,0.64
0b5eb5b5-317a-4e69-9c51-9930f697b917,2026-06-22,CUST-728423,3,No,No,Yes,0.24,0,Yes,No,No,2,95.26,1,99.65,1,80.49,No,1.95,0.1
5d3df676-c2e0-45f9-be32-7ec8d600557f,2026-03-27,CUST-540103,2,No,No,Yes,0.11,2,Yes,No,No,2,88.57,1,91.24,3,67.37,No,0.85,0.58
35b4a814-4c2a-40c5-a605-d3f5280992dd,2025-08-28,CUST-853350,0,No,No,Yes,0.25,1,Yes,No,No,3,84.41,0,96.39,5,65.04,No,1.26,0.33
784fa8e0-6a95-4c66-82fd-68b62767a33b,2025-12-24,CUST-771509,3,No,No,Yes,0.94,0,Yes,No,Yes,2,84.91,0,91.73,0,58.58,No,0.58,0.39
bfd076d0-ec1f-4c7e-b2fa-5306f951e5f9,2025-09-03,CUST-703163,2,No,No,Yes,0.2,2,Yes,Yes,No,3,98.99,0,97.3,4,88.94,No,0.54,0.48
e14ff7ca-6a4b-4916-a834-04bb0cf8ffa5,2025-08-17,CUST-931238,2,No,No,Yes,0.18,1,Yes,No,Yes,2,92,0,93.43,2,81.98,No,1.24,0.54
c87e0d1c-2cb0-428a-8c9d-14c34fefeec1,2026-04-25,CUST-278806,1,No,No,Yes,0.8,1,Yes,No,No,3,80.19,1,96.32,1,62.79,No,1.55,0.15
d74bd2a6-b873-4838-a899-cae468158fb9,2026-05-13,CUST-349547,2,No,No,Yes,0.75,1,Yes,No,Yes,3,86.09,1,92.17,3,64.03,No,1.16,0.15
8e73e878-261d-44a2-bb8e-f174dfb94fad,2025-11-17,CUST-762580,1,No,No,Yes,0.62,0,Yes,No,No,2,92.71,1,93.94,4,50.4,No,1.29,0.23
1860e061-f55b-4278-b7db-ca5a773d1f96,2026-04-16,CUST-475016,2,No,No,Yes,0.27,2,Yes,No,No,2,84.42,0,91.03,5,52.09,No,0.62,0.33
26d2f4e3-6a20-464b-bc63-5418800ff138,2026-03-04,CUST-944877,2,No,No,Yes,0.77,2,Yes,No,No,0,92.64,0,96.41,3,58.96,No,1.62,0.43
c7c28efb-f2f8-4a08-8bc9-dd9c70ca45d2,2026-07-09,CUST-406864,1,No,No,Yes,0.56,2,Yes,No,Yes,1,86.97,1,94.37,2,57.98,No,1.86,0.28
de8ac0d7-fdeb-49de-9820-5302a8ab0229,2026-06-04,CUST-136002,1,No,No,Yes,0.37,1,Yes,No,No,2,90.07,0,95.47,0,81.07,No,1.26,0.6
b8def965-fdca-4243-a461-22adc567f853,2026-01-25,CUST-735725,3,No,No,No,0.28,1,Yes,No,No,3,87.5,1,93.1,4,64.77,No,0.77,0.38
5933afa6-2f56-463c-846f-dd3dd9de760f,2025-10-08,CUST-261145,1,No,No,Yes,0.98,0,Yes,No,No,3,84.07,0,91.19,3,54.07,No,1.02,0.58
77f69d66-90d2-4e94-898a-098b4d99106d,2025-09-30,CUST-352171,1,No,No,Yes,0.54,1,Yes,No,No,0,98.52,0,98.3,2,80.24,No,1.76,0.19
53bcad07-327a-49f7-8c4a-b840cb3b2153,2026-03-12,CUST-520971,1,No,No,Yes,0.51,1,Yes,No,No,2,97.45,1,91.25,5,60.67,No,1.71,0.32
2aa89bd4-8dbd-4112-9b63-ef57f9134a16,2026-01-07,CUST-852081,3,No,No,Yes,0.35,1,Yes,No,No,1,91.85,1,99.22,0,56.98,No,0.44,0.43
7e8e25bb-003b-4887-b935-77bf64c0f6ef,2025-08-09,CUST-547907,0,Yes,No,Yes,0.69,1,Yes,No,No,2,90.68,0,92.72,1,79.56,No,0.65,0.49
52c75cea-31d1-4c64-b555-d229973da21a,2026-04-13,CUST-421964,2,No,No,Yes,0.58,2,Yes,No,No,3,93.09,0,92.93,3,61.34,No,1.81,0.3
dd246157-ada2-418a-925c-8334754e4a9c,2025-12-18,CUST-910012,3,No,No,Yes,0.22,2,Yes,No,No,1,85.05,1,90.31,1,67.26,No,1.83,0.14
6d276338-58f6-4d07-bb1b-c407ac6622da,2026-01-06,CUST-896036,3,No,No,Yes,0.37,1,Yes,No,Yes,1,94.2,1,97.68,2,55.36,No,0.14,0.27
bf94fc76-512a-4c1f-bea5-fc643a293cb0,2026-06-20,CUST-695713,0,No,No,Yes,0.91,1,Yes,No,No,0,94.79,1,93.73,1,73.85,No,0.82,0.15
6cf900dc-eae9-488f-9b63-43b32ea82ff5,2026-05-20,CUST-743181,2,No,No,Yes,0.13,0,Yes,No,No,3,98.56,1,93.21,3,82.97,No,0.84,0.54
ed1ca919-c2e2-4f53-a359-4d9b4d53fa13,2025-10-08,CUST-252377,0,No,No,Yes,0.73,2,Yes,No,No,2,94.16,1,97.05,2,58.11,No,1.09,0.41
6afdf545-9e71-426b-8eed-08587d5718de,2026-07-20,CUST-763935,1,No,No,Yes,0.27,2,Yes,No,No,1,89.44,1,96.17,4,67.64,Yes,1.2,0.43
54090e82-4acf-40b8-94b0-d52c5d12d7b1,2025-09-13,CUST-813783,1,No,No,Yes,0.71,2,Yes,No,No,2,90.57,0,94.71,2,66.58,No,1.8,0.31
f15fc90f-7bbd-489c-9415-c21b0f3e05b7,2026-05-15,CUST-248306,1,No,No,Yes,0.86,0,Yes,No,No,3,98.39,1,93.4,3,63.18,No,0.47,0.79
93f97da8-13fa-4987-b3ef-bb3c87df2aab,2025-08-29,CUST-444545,0,No,No,Yes,0.54,1,Yes,No,No,3,84.71,0,90.56,3,55.35,No,1.61,0.15
1ade718b-ce4b-4201-b369-2f15b76debfe,2025-12-30,CUST-248413,2,No,No,Yes,0.72,1,Yes,No,No,2,88.6,0,95.08,4,50.2,No,0.25,0.63
35e75383-f2ab-4d95-b44a-a80b6426f914,2026-06-07,CUST-244893,1,No,No,Yes,0.85,1,Yes,No,No,2,84.72,0,95.75,4,73.61,No,1.21,0.42
a675cd32-626f-42ee-a7d5-7960a2a280c7,2026-05-26,CUST-229195,2,No,No,Yes,0.58,0,Yes,No,No,1,83.64,1,90.1,1,86.11,No,1.82,0.55
8f782eaa-7244-482c-b221-e1f772fe4a9a,2025-11-26,CUST-612876,0,No,No,Yes,0.11,1,Yes,No,No,2,81.24,1,94.62,2,74.06,No,1.41,0.62
a1134c87-248b-46f3-bd21-651e9a92b1c6,2025-08-01,CUST-646450,0,No,No,Yes,0.13,1,Yes,No,No,0,92.19,1,98.16,4,86.99,No,0.76,0.34
56b84dff-0e63-4219-a45f-9bc40f4ce8c1,2026-01-03,CUST-519284,0,No,No,Yes,0.79,2,Yes,No,No,0,93.95,1,92.11,0,63.44,No,1.09,0.65
c08cf000-81e5-4cec-8c4b-7ae55796b782,2026-01-11,CUST-742966,3,Yes,No,Yes,0.57,2,Yes,No,No,2,92.96,1,95.3,5,79.73,No,1.74,0.1
9613ecab-9552-4895-b1de-f82ef19279ac,2025-12-26,CUST-794829,1,No,No,Yes,0.85,1,Yes,No,No,2,98.24,0,97.05,3,86.05,No,1.08,0.11
aa41b544-3f8c-4e34-a4c7-818a73ed2460,2026-05-02,CUST-261915,2,No,No,Yes,0.69,0,Yes,No,No,1,94.14,0,93.45,2,52.09,No,0.79,0.41
7d1122d8-bc18-448f-a87d-36fcf92d2bad,2025-12-28,CUST-812634,2,No,No,Yes,0.5,0,Yes,No,No,0,92.44,0,90.23,1,72.44,No,0.19,0.58
425261c3-2853-4e01-856c-3d439531839f,2026-02-08,CUST-530472,1,No,Yes,Yes,0.53,2,Yes,No,No,2,86.08,0,90.79,3,60.94,No,1.81,0.53
771a3c93-51f2-4eef-8f89-8b33ca6d12db,2025-11-24,CUST-983064,3,No,No,Yes,0.67,1,Yes,No,No,1,93.15,0,91.66,3,57.22,No,0.55,0.18
1e8e957e-11e0-4ede-9fed-48dbd5792771,2026-05-18,CUST-738181,1,No,No,Yes,0.85,2,Yes,No,No,2,95.03,0,93.23,4,59.51,No,1.27,0.54
4043c576-0e70-4205-8847-cc6c5e2862e6,2025-10-15,CUST-385878,2,No,No,Yes,0.23,0,Yes,No,No,2,95.3,1,91.31,4,62.64,No,1.48,0.13
be765b00-4886-4a7f-b1dc-dd4189a4837c,2026-03-31,CUST-998283,1,No,No,Yes,0.86,2,Yes,No,No,3,85.21,1,92.54,0,83.35,No,1.2,0.4
a36bd45e-54cb-4f6b-9b0a-dcf1733c79cd,2025-09-13,CUST-732422,2,No,No,Yes,0.43,1,Yes,No,No,2,92.74,1,94.29,1,86.55,No,1.38,0.77
c7fd1f02-aa39-4a24-abec-7764b5a8ae35,2025-08-23,CUST-299937,2,No,No,Yes,0.34,0,Yes,No,No,3,92.07,1,91.86,4,74.37,No,1.57,0.69
36c09882-360c-4a04-a4b5-4826dfb6fe69,2026-05-05,CUST-731660,1,No,No,Yes,0.34,1,Yes,No,Yes,3,92.43,0,93.6,4,77.87,No,1.68,0.34
8c991f03-0c66-4ae0-b690-9987a1e28c39,2025-10-24,CUST-984484,1,No,No,Yes,0.74,2,Yes,No,No,2,95.75,0,92.23,5,52.6,No,0.29,0.62
53be2bef-ceb6-45f8-8024-4475c3d2115b,2025-09-25,CUST-318803,2,No,No,Yes,0.31,1,Yes,No,No,2,91.7,1,94.64,4,51.37,No,0.51,0.18
95b46acc-0789-4cf6-a0e8-c04dded6ed49,2025-12-24,CUST-311570,2,No,No,Yes,0.63,2,Yes,No,No,3,92.83,0,95.86,2,83.86,Yes,0.85,0.58
49d70c93-d4ac-4234-a704-f72c0fe5023b,2026-01-29,CUST-688139,2,No,No,Yes,0.33,1,Yes,No,No,3,93.3,0,98.4,1,86.73,No,1.16,0.56
67ac9516-1f44-4966-a16c-c96681816de3,2025-08-11,CUST-424288,3,No,No,Yes,0.64,1,Yes,No,No,2,89.53,1,94.43,3,60.71,Yes,0.5,0.54
ada4c4df-0b1e-4aed-bb3b-0ee8cb0829c0,2025-12-27,CUST-307256,2,No,No,Yes,0.68,1,Yes,No,No,2,91.09,1,94.02,4,81.79,No,1.53,0.37
71801bdb-3fd2-49c3-a161-cc1d516f6acc,2025-11-17,CUST-883450,1,No,No,Yes,0.88,2,Yes,No,Yes,3,95.91,1,92.88,1,81.1,No,0.76,0.38
528806d7-7962-4e24-a2bc-eca179cfaee7,2026-03-01,CUST-830299,1,No,No,Yes,0.53,1,Yes,No,No,0,97.58,1,99.75,1,51.03,No,1.33,0.59
90b2819a-f11c-45e5-8780-234c94948c68,2025-12-11,CUST-100490,1,No,No,Yes,0.17,1,Yes,No,No,1,85.12,1,91.15,0,77.74,No,0.5,0.15
7da4ca5e-8cc5-4903-8f13-9fd48eda13e2,2026-03-11,CUST-767019,2,No,No,Yes,0.93,0,Yes,No,No,0,96.56,0,98.25,3,72.2,No,1.62,0.79
40df3a6e-c328-40e0-8629-e49c693d9203,2025-12-19,CUST-531936,1,No,No,Yes,0.22,1,Yes,No,Yes,1,92.54,1,95.83,3,61.04,No,1.03,0.7
b8796004-6ea0-449c-b3d9-e8dbeae60873,2025-08-26,CUST-738551,1,No,No,Yes,0.15,1,Yes,Yes,Yes,0,82.71,0,98.45,2,55.48,No,1.89,0.38
6c7bc74f-ad2d-4acb-a880-c09cc9051261,2025-09-15,CUST-960524,2,No,No,Yes,0.54,1,Yes,No,No,1,92.38,0,95.99,2,69.13,No,1.9,0.47
2f7ced94-6191-4065-9176-3a24cea229d2,2026-03-15,CUST-986593,2,No,No,Yes,0.93,0,Yes,No,No,1,85.41,0,91.44,1,81.62,No,0.91,0.48
4b57abb1-8f0b-462b-abae-6bc422813fe3,2025-11-07,CUST-668694,1,No,No,Yes,0.76,0,Yes,No,No,2,82.41,1,90.39,1,54.43,No,1.54,0.59
7446043a-b311-48f3-896b-5e86d54d1a0d,2025-11-02,CUST-455186,2,No,No,Yes,0.59,1,Yes,No,No,3,91.97,0,98.19,2,51.39,No,1.64,0.56
cec507e6-76a4-4137-a27b-861dbbf18a94,2026-06-29,CUST-378896,3,No,No,Yes,0.81,1,Yes,No,No,2,98.39,0,96.83,2,85.48,No,1.99,0.14
652a9b8c-af16-4c25-8659-6d54b583e9fe,2026-01-19,CUST-834459,1,Yes,No,Yes,0.53,2,Yes,No,No,1,85.44,1,91.5,4,75.83,No,1.13,0.27
37500cae-2909-4723-a9cf-3eb16848f27f,2026-02-03,CUST-268283,0,No,Yes,Yes,0.55,1,Yes,No,No,2,80.43,1,98.25,3,83,No,0.32,0.44
6165ec92-4c86-4586-8f80-87d4a707da14,2026-04-04,CUST-699618,1,No,No,Yes,1,2,Yes,No,No,3,84.35,1,92.46,0,88.98,No,1.92,0.64
d20c8ee8-1b26-4da9-94ce-bc87c0617585,2026-04-03,CUST-827747,3,No,No,Yes,0.5,2,Yes,No,No,2,88.62,0,94.81,4,77.45,No,0.34,0.2
8e6291a6-638d-42a9-946e-8fcfcb7eb640,2025-08-11,CUST-718821,2,No,No,Yes,0.67,2,Yes,No,No,3,87.73,1,94.1,1,69.37,No,0.36,0.76
27c28386-d1da-4500-8db0-e6b61d073375,2026-04-20,CUST-774753,0,No,No,Yes,0.54,1,Yes,No,No,0,96.8,0,94.17,3,82.29,No,0.33,0.53
03277c06-6871-42a9-ad09-07e0f8e5383b,2025-08-22,CUST-770262,2,No,No,Yes,0.44,2,Yes,No,No,1,96.41,1,92.7,4,84.97,No,0.89,0.28
2f794dec-b480-47c5-89f7-c80305a769b2,2026-05-24,CUST-459899,0,No,No,Yes,0.97,0,Yes,Yes,No,1,95.69,1,91.89,2,68.66,No,1.89,0.13
a6d99361-6e86-4c62-804f-8305521e9925,2026-05-21,CUST-359592,1,No,No,Yes,0.18,1,Yes,No,No,2,92.67,1,98.22,4,73.88,Yes,0.97,0.73
2985e7d5-8360-4d7e-bd3a-bbf43c752d0f,2025-09-25,CUST-109404,0,No,No,Yes,0.33,0,Yes,No,No,0,97.28,1,98.19,1,77.71,No,1.55,0.53
5ba22477-3b5a-43f2-a8d5-cb131906dea2,2025-10-13,CUST-256111,3,No,No,Yes,0.46,2,Yes,No,No,0,97.9,0,99.28,0,65.33,No,0.91,0.44
a2628b36-06f6-4356-b00f-04a2bff72f49,2026-07-19,CUST-858867,0,No,No,Yes,0.36,1,Yes,No,No,3,86.98,0,96.94,2,85.49,No,1.88,0.35
b1dc8f52-096c-4cc1-b5b5-71a851115b6c,2026-04-12,CUST-205506,2,No,No,Yes,0.85,0,Yes,No,No,2,87.54,1,91.78,5,75.65,No,0.57,0.45
6ec46ba3-ddf2-4da5-a50f-2683d0bc2ab2,2026-02-16,CUST-828939,2,No,No,Yes,0.31,2,Yes,No,No,1,83.29,0,90.27,1,80.44,No,1.37,0.28
f2dcd94d-c47b-4595-8680-41e8b59f961b,2026-07-09,CUST-290753,2,No,No,Yes,0.41,0,Yes,No,No,2,98.63,0,95.03,0,51.22,No,0.44,0.71
7529b4e4-aedc-43cd-a936-ae0b47ccce44,2026-05-14,CUST-375670,2,No,No,Yes,0.67,2,Yes,No,No,1,83.46,0,90.99,1,89.79,No,1.15,0.54
77ab0561-2cac-4367-9e18-174b85301fed,2026-02-04,CUST-912253,0,No,No,Yes,0.4,0,Yes,No,No,2,91.98,1,91.8,4,82.44,No,0.5,0.29
08968aff-a0fd-4fb7-92b7-81ad68e63958,2025-08-26,CUST-790519,0,No,No,Yes,0.27,1,Yes,No,No,1,95.89,0,98.88,1,89.09,No,1.11,0.15
a031f0f2-dce3-4f8e-a2a9-f09ab07ebea7,2026-06-30,CUST-719958,0,No,No,Yes,0.2,0,Yes,No,No,1,86.77,1,90.85,5,71.97,No,0.59,0.66
b655028a-572d-498e-a909-138e290750c0,2025-11-17,CUST-329529,3,No,No,Yes,0.19,0,Yes,No,No,2,91.5,0,90.87,4,62.13,No,0.19,0.49
74b8c518-3f6e-4488-9a3b-3cd35f450bd0,2026-05-25,CUST-938227,0,No,No,Yes,0.35,2,Yes,No,No,3,83.11,0,99.61,1,62.84,No,1.26,0.58
fe16a84f-0d5f-4126-b5db-eb8a6eaec9f8,2026-03-26,CUST-962207,2,No,No,Yes,0.39,1,Yes,No,No,1,88.18,1,96.49,1,81.23,No,0.49,0.5
e69311d2-1a65-4e5c-9c15-c59812d43c3c,2026-02-02,CUST-655416,3,No,No,Yes,0.53,2,Yes,No,No,2,83.75,0,96.47,1,63.32,No,1.73,0.21
633b7ca0-aaf2-4f44-8f99-f5da3f2deb4d,2025-12-17,CUST-800786,2,No,No,Yes,0.37,0,Yes,No,No,2,81.4,0,94.11,3,84.36,No,0.32,0.24
9c66cc49-10d2-44a5-b5b6-4bc5daffa8e4,2025-08-29,CUST-194551,2,Yes,No,Yes,0.36,1,Yes,No,No,2,98.57,0,95.1,4,57.64,No,0.28,0.56
8931c709-0510-49c0-9923-e58af3425459,2025-08-16,CUST-563097,2,No,No,Yes,0.19,1,Yes,No,No,1,98.05,1,93.25,1,86.54,No,1.95,0.39
23456151-95ce-4e37-89cd-789f1e73c5c2,2025-10-06,CUST-351579,1,No,No,Yes,0.78,1,Yes,No,No,2,93.27,1,97.95,1,88.96,No,0.79,0.23
12576cb0-62b5-4cab-8f3e-c1f0cf46cddc,2026-07-12,CUST-566528,3,No,No,Yes,0.22,0,Yes,No,Yes,0,93.75,0,92.24,4,80.21,No,0.31,0.75
0daba636-c0e6-4641-84cd-d62abafcca59,2025-08-13,CUST-338142,2,No,No,Yes,0.61,1,Yes,No,No,2,94.82,0,91.85,4,63.93,No,0.84,0.37
31807a81-5111-46b8-99ca-886100bc5b4d,2026-02-24,CUST-270405,2,No,No,Yes,0.13,1,Yes,No,No,1,89.61,1,95.29,2,79.97,No,1.69,0.69
d997c0c5-92fe-4f01-bb16-93c33994d778,2025-12-28,CUST-674528,2,No,No,Yes,0.23,0,Yes,No,No,3,86.69,1,94.71,1,81.17,No,1.25,0.5
7a18166e-feee-4ba3-985b-c7faefd80492,2025-08-15,CUST-611056,0,No,No,Yes,0.82,2,Yes,No,No,2,84.53,1,96.99,2,87.34,No,1.94,0.53
f054fdef-2167-4dce-b22e-c0399a3f6f69,2025-12-12,CUST-700022,2,No,No,Yes,0.58,0,Yes,No,No,3,91.96,1,97.73,4,72.16,No,0.46,0.44
11561571-04d7-4de7-a7fa-8d034934b0a3,2026-03-21,CUST-253060,2,No,No,Yes,0.63,0,Yes,No,No,2,88.64,1,93.84,0,86.07,No,0.59,0.23
d0e7fd6e-d8e7-48ac-a2f0-9da3b3a522e7,2025-10-31,CUST-587612,3,Yes,No,Yes,0.67,1,Yes,No,No,2,94.12,0,90.75,0,66.57,No,1.42,0.24
8e395706-4573-4f26-85fd-835d2898e08a,2026-04-04,CUST-862822,1,No,No,Yes,0.99,1,Yes,No,No,2,93.21,0,90.78,3,65.78,No,0.95,0.33
e9b03af1-64f7-4cd6-b504-05940521912b,2025-12-19,CUST-934194,1,No,No,Yes,0.18,1,Yes,No,No,1,80.28,0,99.8,1,66.47,No,0.67,0.16
3ffa278c-f1f6-459d-be84-7f303615c1a5,2026-01-01,CUST-598735,1,No,No,Yes,0.15,2,Yes,No,Yes,2,80.3,0,92.19,1,54.44,No,0.87,0.75
957faeff-79c2-4722-8e82-cc5b0c1b4489,2026-03-15,CUST-560958,0,No,No,Yes,0.74,1,Yes,No,No,2,98.19,0,93.77,3,77.13,No,0.84,0.77
4342d4f4-d780-485a-b92e-7d9e59e72385,2025-10-13,CUST-563446,3,No,No,Yes,0.46,1,Yes,No,No,0,89.24,0,90.43,5,62.19,No,0.44,0.71
af2d0a14-7d02-495c-ab08-31ad9a0fb2f9,2026-05-12,CUST-142471,2,No,No,Yes,0.63,1,Yes,No,No,1,85.2,1,94.23,4,87.67,No,0.96,0.68
bf4792ee-2474-4d75-99a9-2435bf1d561d,2026-07-12,CUST-225851,1,No,No,Yes,0.42,1,Yes,No,No,1,88.3,1,93.59,1,73.91,No,0.92,0.53
a1671c04-a0a3-4fb8-9f0d-1527df0d8a2f,2025-11-28,CUST-528349,0,No,Yes,Yes,0.89,2,Yes,No,No,3,85.28,0,92.37,5,63.31,No,1.62,0.73
cf1e1054-4da4-43b3-ba88-96e2afca9ac6,2026-01-09,CUST-566088,0,No,No,Yes,0.69,1,Yes,No,No,3,95.98,0,97.14,2,84.24,No,0.72,0.6
706f65d2-5e91-4915-b66e-6f8b1e4f3755,2026-03-26,CUST-499362,2,No,No,Yes,0.69,0,Yes,No,No,1,94.17,0,90.6,4,50.28,No,1.26,0.27
507d85c8-c5a7-4edc-b3d6-369ddcf58f3f,2026-04-03,CUST-166946,2,No,No,Yes,0.18,1,Yes,No,No,3,86.21,1,95.13,2,52.3,No,0.8,0.28
0714fd54-bccc-4962-97c6-e19d7a0cd303,2026-01-30,CUST-564605,2,Yes,No,Yes,0.7,1,Yes,No,No,2,85.94,0,93.58,1,73.98,No,0.26,0.16
8573c620-65b9-4355-9c00-ff63c795c0a3,2026-07-11,CUST-172903,3,No,No,Yes,0.79,2,Yes,No,No,1,95.36,0,93.64,4,77.22,No,0.73,0.42
547dcb04-71ac-4ece-8d56-19ba67f328be,2026-03-25,CUST-978538,2,No,No,Yes,0.28,2,Yes,No,No,0,93.78,1,98.16,0,76.27,No,0.53,0.75
6bac37dc-fd03-409e-9943-ae739b747bfe,2025-08-05,CUST-352903,1,No,No,Yes,0.78,1,Yes,No,No,0,90.56,0,93.01,0,86.41,No,0.44,0.12
20d3a334-6219-4428-99b4-e672451204cd,2025-08-26,CUST-208789,2,No,No,Yes,0.79,0,Yes,No,No,1,88.75,1,96.14,2,66.18,No,0.79,0.52
5739eeb0-59e2-4a48-a604-77878401e8fe,2025-07-30,CUST-434329,1,No,No,Yes,0.79,2,Yes,No,Yes,2,94.26,0,93.83,4,80.37,No,0.98,0.13
9f925d31-69b8-4f55-9374-31b8281f4f21,2025-09-30,CUST-719751,2,No,No,Yes,0.32,0,Yes,No,No,1,80.31,0,93.88,0,71.97,No,0.55,0.36
999ffa76-8432-4bba-beb2-431e2af16363,2025-12-06,CUST-755271,1,No,No,Yes,0.24,2,Yes,No,No,2,87.15,0,93.02,2,56.89,No,1.96,0.39
9798685d-9607-416d-a78f-5225eba0a53a,2026-02-13,CUST-962238,3,Yes,No,Yes,0.33,1,Yes,No,No,2,90.72,1,95.52,2,81.98,No,1.01,0.48
557f0c27-c8de-4853-8456-5e83c39623e3,2026-02-21,CUST-785047,3,No,No,Yes,0.56,0,Yes,No,Yes,3,88.59,0,92,2,84.67,No,1.96,0.62
82aa481e-bfcb-4dc1-908c-ef23dfb79529,2025-08-13,CUST-517983,3,No,No,Yes,0.85,2,Yes,No,No,1,94.72,1,95.41,2,84.37,No,0.13,0.15
586d79f9-47e1-4415-9668-37f51ccf90b5,2026-02-04,CUST-491185,2,No,No,Yes,0.66,1,Yes,No,No,2,89.49,1,90.56,2,60.34,No,1.49,0.63
1b021fab-431f-4145-b397-b06b28fbbe80,2026-06-01,CUST-744642,3,No,No,Yes,0.82,0,Yes,No,No,1,86.72,1,90.72,3,54.85,No,1.25,0.5
1a269374-6de5-492c-8769-f096db80f8f9,2026-04-08,CUST-232602,2,No,No,Yes,0.21,2,Yes,No,No,0,86.63,1,94.09,2,55.42,No,0.18,0.4
c4c1d273-c33f-4243-84cd-0dbec146be30,2026-03-19,CUST-845440,0,No,No,Yes,0.21,1,Yes,No,No,1,88.7,1,91.22,4,80.2,No,1.33,0.72
693e6139-d151-4d26-831f-c0a2cf7464ef,2026-06-10,CUST-501710,0,No,No,Yes,0.17,1,Yes,No,No,2,82.93,0,91.18,1,87.07,No,1.1,0.1
beae0ceb-8389-4982-97ed-2a05074b39a2,2026-06-24,CUST-848251,3,No,No,Yes,0.93,2,Yes,No,No,2,97.85,1,96.36,3,64.04,No,0.86,0.39
a5e32488-a591-4ffd-9a69-3e4f4c529090,2025-12-07,CUST-746895,3,No,No,Yes,0.89,1,Yes,No,No,1,80.61,0,95.74,1,61.67,No,0.35,0.21
beef1b88-2833-43a4-ad1e-4753aa39a89a,2026-05-04,CUST-615692,0,No,No,Yes,0.35,2,Yes,No,No,2,90.76,0,97.01,0,58.65,No,1.86,0.37
457a5051-1a59-46c0-b60c-1b6cc58a1d42,2026-05-25,CUST-933628,2,No,No,Yes,0.95,0,Yes,No,No,3,84.95,0,99.6,2,89.44,No,1.94,0.11
677f8f39-4fed-47da-979a-ffc1c8d9cbef,2026-02-08,CUST-237977,3,No,No,Yes,0.16,1,Yes,No,No,3,83.17,1,90.16,4,89.9,No,1.42,0.15
73e5359e-08ba-4678-9d80-34cfe87b48b0,2025-08-04,CUST-165754,1,No,No,Yes,0.76,1,Yes,No,Yes,2,93.8,1,99.9,3,81.32,No,1.3,0.24
f36aeb2c-ac31-4472-8323-adaceb634da5,2026-05-02,CUST-232329,1,No,No,Yes,0.73,2,Yes,Yes,No,0,85.72,0,92.21,0,55.34,No,1.31,0.78
7d5fa6a0-2df2-4a60-bff1-51a4724cf829,2026-05-13,CUST-312269,3,No,No,Yes,0.89,2,Yes,No,No,0,97.95,1,99.29,1,77.55,No,1.06,0.66
bb7bcb9a-f803-4775-b554-364655f60799,2026-06-18,CUST-546790,0,No,No,Yes,0.27,0,Yes,No,No,0,95.97,0,91.95,1,84.63,No,1.31,0.57
4eb54fc6-9805-4dff-b3f8-58ca20276b96,2026-05-16,CUST-423511,3,No,No,Yes,0.11,1,Yes,No,No,1,92.19,0,96.29,2,66.1,No,1.39,0.28
65169275-4a2f-46ab-ad5b-741b5a9fd7ba,2026-07-18,CUST-250880,2,No,No,No,0.37,1,Yes,No,No,2,81.32,0,91.25,0,72.81,No,1.8,0.54
b82be9e1-c644-49bb-8f55-136b896a9d23,2026-02-05,CUST-315503,3,No,No,Yes,0.18,0,Yes,No,No,1,98.63,0,97.17,2,85.68,No,1.03,0.27
3694fc7b-543e-47a4-a714-8da1cffdbfeb,2026-07-20,CUST-770358,1,No,No,Yes,0.23,0,Yes,No,No,1,91.41,0,95.64,5,72.66,No,1.51,0.34
67d80479-6e71-4d7b-9497-94891e9e7c22,2026-06-30,CUST-898525,2,No,No,Yes,0.94,1,Yes,No,Yes,2,97.62,0,96.89,0,77.18,No,0.38,0.22
1797453b-cc41-4b6b-9044-9c283dd35087,2025-08-12,CUST-298339,2,No,No,Yes,0.82,1,Yes,No,No,1,93.89,1,95.27,2,89.1,No,1.56,0.45
1783102a-e461-43ae-baac-dc3c402ffb2b,2026-04-14,CUST-760050,0,No,No,Yes,0.81,1,Yes,No,No,3,86.69,0,95.31,2,55.83,No,0.33,0.13
50f420a2-8f24-4424-946b-3d723a4c06a4,2026-04-20,CUST-651266,0,No,No,Yes,0.73,1,Yes,No,No,1,95.82,1,97.14,4,81.1,No,0.68,0.11
5c00c62d-241b-44d8-ad15-cc345c46d5b1,2025-10-12,CUST-834236,0,No,No,Yes,0.42,1,Yes,No,No,0,96.57,1,98.67,1,52.68,No,1.12,0.11
45e6683d-6b84-4c3d-843e-978411c8d834,2026-01-27,CUST-992303,1,No,No,Yes,0.9,2,Yes,No,Yes,3,95.54,1,95.55,2,68.01,No,1.81,0.63
38753a60-802f-4d55-99ca-4d3c44072617,2025-12-18,CUST-733660,1,No,No,Yes,0.26,2,Yes,No,No,3,80.5,0,94.1,2,83.78,No,0.27,0.56
f52f9b9d-9332-4d40-be16-74e236d19e31,2025-09-14,CUST-132886,3,Yes,No,Yes,0.42,0,Yes,No,Yes,0,81.62,1,90.51,4,80.76,No,1.1,0.4
04ecbd92-346f-4999-b2ff-3f02eff26b9e,2026-03-12,CUST-186170,2,No,No,Yes,0.12,2,Yes,No,No,3,88.63,0,91.35,3,85.37,No,0.81,0.2
ecaf1a94-7231-4899-9809-6546cb7b32a2,2025-08-23,CUST-716586,2,No,No,Yes,0.26,2,Yes,No,Yes,3,88.22,0,90.3,0,81.66,No,0.29,0.62
380c9869-0148-4115-a245-adc022aaaf16,2026-02-14,CUST-179360,1,No,No,Yes,0.5,1,Yes,No,No,3,83.11,1,95.15,1,63.2,No,0.41,0.44
d4c3b27e-14f5-4a03-a66b-1761d9dc3085,2025-08-05,CUST-626515,2,No,No,Yes,0.92,1,Yes,No,Yes,2,94.4,1,94.68,2,87.31,No,0.34,0.6
fa959b7c-457a-47ea-9433-e9dab4ba0d03,2025-10-24,CUST-889633,0,No,No,Yes,0.65,2,Yes,No,No,0,96.76,0,90.87,4,87.5,No,0.8,0.5
12e58aa8-d25f-4e04-a4aa-b45f1539531f,2025-11-09,CUST-451970,2,No,No,Yes,0.6,2,Yes,No,No,2,90.64,1,97.65,2,89.61,No,1.03,0.48
53f06d5e-5ce5-4452-ace4-5b1e8db760c9,2026-04-12,CUST-405349,3,No,No,Yes,0.49,0,Yes,No,No,1,97.71,0,95.4,2,85.35,No,0.96,0.22
4695d8ff-9819-4ee9-8c65-78ff11757358,2026-01-06,CUST-690520,0,No,No,Yes,0.46,2,Yes,No,No,1,98.2,0,97.68,1,74.76,No,0.86,0.72
ca4cba2e-17b6-48ff-96dc-aba13e898c52,2026-04-25,CUST-497397,3,No,No,Yes,0.16,0,Yes,No,No,0,86.23,0,91.6,2,52.31,No,0.77,0.71
fd1713f6-a00c-4f30-8bf6-4b71af9694e6,2026-02-05,CUST-818028,3,No,No,Yes,0.42,2,Yes,No,No,0,91.22,1,94.34,4,76.54,No,0.64,0.75
b1c5394f-7c2c-4536-9eeb-f329e186b4c9,2026-07-23,CUST-161641,2,No,No,Yes,0.48,1,Yes,No,No,2,83.38,1,90.27,1,79.92,No,0.84,0.22
d673cc93-6a40-4172-9618-449b7964db79,2025-11-01,CUST-885319,2,No,No,Yes,0.37,1,Yes,No,No,2,81.15,0,98.15,4,84.88,No,0.66,0.14
4c29c481-c7f0-4d99-8ba4-d8ec8db7dc2b,2025-10-28,CUST-525464,1,No,No,Yes,0.41,1,Yes,No,No,2,96,0,91.45,1,51.24,No,0.67,0.34
2ca7a18c-838f-4c12-abaa-b681a00c1cf4,2025-12-04,CUST-921337,2,No,No,Yes,0.98,1,Yes,No,No,1,88.8,1,97.84,1,69.87,No,0.15,0.58
e07e2bb2-b26c-46cb-a332-a519a5f4c32d,2025-08-03,CUST-193283,3,No,No,Yes,0.18,2,Yes,No,No,2,82.6,0,91.55,0,57.87,No,0.94,0.41
d57aa499-cb41-416e-aa06-90e4d5d032ef,2025-10-20,CUST-891862,1,No,No,Yes,0.34,0,Yes,No,No,1,90.72,0,91.07,3,80.6,No,1.31,0.72
2c880dc2-2a5e-449b-9795-643c2a2bde81,2026-03-03,CUST-938695,1,No,No,Yes,0.91,0,Yes,No,No,2,88.11,1,96.53,4,65.28,No,1.36,0.78
a72f6fda-0caf-46f8-a31e-429618a9b668,2025-09-20,CUST-193154,1,No,No,Yes,0.74,2,Yes,No,No,0,80.53,1,92.32,1,73.53,No,1.17,0.36
2d251d7d-46d8-4a41-818e-92e96615a992,2025-08-03,CUST-218062,1,No,No,Yes,0.86,1,Yes,No,No,2,93.74,1,94.71,4,67.41,No,0.2,0.39
e709419c-4592-4857-8b4e-7701148f38e4,2025-12-21,CUST-762079,1,No,No,Yes,0.62,1,Yes,No,No,0,94.7,0,99.29,4,61.7,No,1.88,0.19
1cf5aef2-d7ae-43df-a481-7f1982b9f238,2025-11-22,CUST-729391,2,No,No,Yes,0.93,2,Yes,No,No,0,80.47,0,90.44,3,59.04,No,1.79,0.58
70210490-606d-4537-814f-7a8b025b2d77,2026-07-10,CUST-964730,3,No,No,Yes,0.81,0,Yes,Yes,No,2,92.42,1,99.21,4,51.05,No,1.96,0.44
039a988d-bfe6-4371-92cf-842e4ab53ade,2025-09-23,CUST-571740,3,No,No,Yes,0.95,0,Yes,No,No,0,92.17,0,96.69,3,58.15,Yes,1.24,0.5
5e560af0-a5c6-426e-8cd3-2455b863e9f0,2025-08-30,CUST-243306,1,No,No,Yes,0.54,1,Yes,No,No,3,82.36,0,99.38,4,89.99,No,1.98,0.78
88e3f0de-177e-4e69-845e-6688885c2979,2025-12-28,CUST-283417,1,No,No,Yes,0.55,1,Yes,No,No,2,87.18,0,98.02,1,72.85,No,0.73,0.71
f6a163e9-c225-496a-b5b4-cdf08fa6e30a,2026-02-18,CUST-447945,0,No,No,Yes,0.98,0,Yes,No,No,0,94.74,0,99.25,5,52.15,No,1.09,0.43
c58942d1-44fe-4122-8c71-4ef4e4aa549a,2026-04-11,CUST-270630,2,No,No,Yes,0.68,2,Yes,No,No,2,83.48,0,97.19,4,64.54,No,0.49,0.19
3eab1463-258a-4246-8dc5-153b655e9be4,2025-09-11,CUST-726620,2,No,No,Yes,0.14,1,No,No,No,1,82.45,1,97.69,4,88.21,No,0.51,0.13
7a549a23-3c47-4cab-a5d2-97c012d46812,2026-05-13,CUST-100213,1,No,No,Yes,0.4,1,No,No,No,1,83.58,0,99.71,2,67.32,No,1.75,0.37
8faf4e5a-9c17-48ba-8be1-63c26b255b71,2025-11-25,CUST-310758,2,No,No,Yes,0.38,2,Yes,No,No,2,97.51,1,90.48,1,57.07,No,0.78,0.71
30524cef-50b5-4ef2-94fb-f25eb5e55e77,2026-01-30,CUST-832379,2,No,No,Yes,0.95,1,Yes,No,No,1,84.07,0,93.88,2,55.34,No,1.43,0.76
df25b466-a440-40cf-b4df-5887fdefcfcf,2025-12-14,CUST-269469,3,No,No,Yes,0.53,0,Yes,No,No,2,94.8,1,97.6,1,67.92,No,0.97,0.52
0c89a1af-0e16-459c-b5f6-0d7e55ed4f13,2025-08-19,CUST-719575,2,No,No,Yes,0.26,1,Yes,No,No,2,98.05,1,94.64,1,84.7,No,0.78,0.57
3f8ecf7b-17dd-44b4-84c0-4bc04b9cb745,2026-06-16,CUST-107789,2,No,No,Yes,0.12,0,Yes,No,No,3,87.74,0,91.21,4,88.01,No,0.37,0.55
f69c1982-9d04-4e23-935d-f3205691ac20,2026-02-22,CUST-182058,2,No,No,Yes,0.89,1,Yes,No,Yes,1,82.19,0,90.76,1,64.36,No,1.21,0.6
14c4cf84-ad94-4e87-95df-b4e88504d0fd,2025-09-29,CUST-726101,2,No,No,Yes,0.78,1,Yes,No,No,2,84.37,1,92.88,3,50.66,No,1.93,0.38
adcdfb6d-e593-4ad4-9909-9baf7e586b5d,2025-09-30,CUST-185585,0,No,No,Yes,0.66,1,Yes,No,No,1,84.38,1,93.22,0,66.32,No,1.79,0.1
74a4c813-f88e-437f-92c7-0f4e2069ed70,2026-01-04,CUST-719185,1,No,No,Yes,0.46,1,Yes,No,No,1,98.49,0,94.67,2,54.38,No,0.33,0.7
e6c0fd65-9adb-475c-b495-86898d469fc2,2025-10-16,CUST-127851,2,No,No,Yes,0.28,2,Yes,No,No,2,92.93,0,90.1,1,61.39,Yes,1.38,0.44
55a8eda3-ee3e-4140-821c-c31d5c0463ef,2026-03-12,CUST-971096,3,No,No,Yes,0.13,0,Yes,No,Yes,3,83.21,1,95.63,2,69.94,No,1.55,0.55
eac48140-2fcf-4aa9-bcc1-1b95d2fdfd8a,2026-02-26,CUST-179787,2,No,No,Yes,0.92,1,Yes,No,No,1,88.66,0,97.21,2,57.94,No,1.8,0.47
decacaed-90e5-4593-b3da-5e3d315eb208,2025-08-05,CUST-662981,0,No,No,Yes,0.47,1,Yes,No,No,2,88.6,0,94.6,1,70.38,No,0.14,0.14
b0828c0f-db0e-40fe-aa06-9d0fe607c130,2026-07-24,CUST-753410,3,No,No,Yes,0.55,0,Yes,No,No,2,88.82,0,98.39,1,88.09,No,0.48,0.57
07fcede2-7264-442d-a239-38d8afb9b0c3,2025-12-03,CUST-814309,2,No,No,Yes,0.46,1,Yes,No,No,2,96.23,0,93.79,4,61.83,No,0.61,0.44
ecb6f924-ef6b-45e5-a1de-8d346e25cd33,2025-10-30,CUST-939533,1,No,No,Yes,0.67,1,Yes,No,No,2,82.95,0,94.5,5,52.77,Yes,1.41,0.37
ac8f33cd-a403-4249-aaf6-d76bd14a47f5,2025-09-10,CUST-731482,1,No,No,Yes,0.56,2,Yes,No,No,1,80.84,1,91.62,3,89.35,No,1.25,0.52
56adf51f-e131-452b-b84e-c3f609cb4fe8,2026-06-24,CUST-898965,1,No,No,Yes,0.73,2,Yes,No,No,2,83.2,1,94.27,5,61.11,No,0.41,0.32
44011a2a-1f46-4a42-ae26-98110c17245b,2025-11-07,CUST-787475,3,No,No,Yes,0.45,0,Yes,No,No,0,90.38,1,96.2,5,60.12,No,0.82,0.57
0c75d6ce-1ea1-4e95-a807-87a70f30cc65,2025-09-29,CUST-962063,2,No,No,Yes,0.61,0,No,No,No,3,95.32,1,93.67,2,69.21,No,0.96,0.59
0d2a121b-c233-4a68-ae82-aefbed7bdc9f,2026-06-21,CUST-974965,2,Yes,No,Yes,0.94,0,Yes,No,No,2,91.38,0,95.12,2,50.81,No,0.81,0.42
34acc1a2-1ee2-4e0d-a92e-a5b455f16235,2026-04-10,CUST-933844,1,No,No,Yes,0.37,1,Yes,No,No,1,81.95,1,96.9,2,78.96,No,1.03,0.36
eb1e56d9-37b7-4588-a040-e115a8458423,2025-09-19,CUST-802966,3,No,No,Yes,0.19,1,Yes,No,No,2,80.83,1,91.23,4,82.9,No,1.92,0.61
86659402-8143-403b-a46a-1cbf224171c6,2026-07-06,CUST-251859,1,No,No,Yes,0.33,2,Yes,No,No,0,97.71,0,95.79,2,89.55,No,0.44,0.5
fddecef0-7001-46f2-8954-b5762faa1054,2026-04-24,CUST-543865,1,No,No,Yes,0.78,2,Yes,No,Yes,3,87.13,0,90.21,4,68.75,No,0.73,0.54
74e095cc-5046-4a25-b889-83d3dd2dc9a1,2026-07-20,CUST-773942,2,No,No,Yes,0.26,2,Yes,No,No,1,94.62,1,97.64,4,88.74,No,1.15,0.23
3b4dc1af-f4bc-4c99-8d66-13cf533a0488,2025-10-06,CUST-598250,1,No,No,Yes,0.46,1,Yes,No,No,0,89,1,92.8,3,66.82,No,1.25,0.34
82761a64-0f4c-4ca8-9ec4-51db1df6f505,2025-08-05,CUST-526238,2,No,No,Yes,0.65,1,Yes,No,No,2,90.88,1,91.6,4,71.27,No,1.11,0.75
ea17f033-7a45-452e-8753-59d8001e53e0,2026-01-16,CUST-754447,2,No,No,Yes,0.27,1,Yes,No,No,1,92.57,1,94.84,3,76.07,No,0.79,0.28
bf19e263-879c-4500-abb8-297116eddbbf,2025-09-14,CUST-229865,1,No,No,Yes,0.32,1,Yes,No,No,2,95.97,1,97.48,4,51.2,No,0.78,0.29
e339725f-3500-437d-b8a8-c4ae6198735f,2026-03-29,CUST-852350,1,No,No,Yes,0.88,1,Yes,No,No,1,83.3,0,90.43,1,78.23,No,1.77,0.61
b2065f6a-a819-46ed-9b7d-8fd5141afa39,2025-08-08,CUST-419368,2,No,No,Yes,0.97,1,Yes,No,No,1,95.36,0,94.18,4,86.41,No,0.46,0.69
5ef95085-a7b7-4d03-9350-323d29487fd1,2025-09-14,CUST-599134,1,Yes,No,Yes,0.7,0,Yes,No,No,1,83.8,1,92.27,1,86.33,No,0.36,0.67
ab138be2-fd37-473a-b906-dd3b766d0166,2026-05-02,CUST-107366,3,No,No,Yes,0.11,2,Yes,No,No,3,90.89,0,90.92,4,87.79,No,1.93,0.6
32868197-0ce0-4a42-8aee-c06899f51a21,2026-05-01,CUST-521668,3,No,No,Yes,0.29,2,Yes,No,No,1,82.18,0,96.81,1,63.54,No,0.82,0.49
30978a07-fe8c-4159-ad41-b6c48ceff376,2025-08-04,CUST-490217,3,No,No,Yes,0.75,2,Yes,No,No,1,92.5,1,98.99,1,70.89,No,0.19,0.21
b03b5df6-39cc-40ae-96a0-3ea0077c2aa9,2026-05-30,CUST-944664,2,No,No,Yes,0.69,0,Yes,No,No,1,93.82,1,96.8,5,73.58,No,0.99,0.79
2a57e108-74f3-4d9d-9396-1a1913c26a51,2026-03-27,CUST-637344,3,No,No,Yes,0.3,1,Yes,No,No,0,93.04,0,91.33,5,88.86,No,1.84,0.15
9b352d20-081e-4b88-9fab-e9bf52055df8,2026-04-14,CUST-616713,1,No,No,Yes,0.54,1,Yes,No,No,0,80.4,0,97.48,4,71.53,No,1.94,0.56
b794902c-12ed-4a28-9483-596998020659,2026-06-12,CUST-261361,2,No,No,Yes,0.55,1,Yes,No,No,0,96.39,1,92.1,0,86.88,No,0.15,0.6
c7578076-54db-4a31-9237-d0abad89ec0e,2025-12-27,CUST-531318,2,No,No,Yes,0.48,0,Yes,No,No,2,88.18,0,92.06,1,56.95,No,1.21,0.13
f1bb6ee3-9ade-4f5f-8c60-b78104a62837,2026-01-29,CUST-312226,1,No,No,Yes,0.78,0,Yes,No,No,0,95.34,1,92.47,4,55.99,No,1.68,0.16
b3d4cfca-0030-4a34-8493-a03569660dc4,2026-05-19,CUST-489112,1,No,No,Yes,0.64,1,Yes,No,No,0,91.83,1,90.39,4,69.36,No,0.94,0.79
70eac096-399f-4aef-8eff-95f185366ca0,2026-02-07,CUST-361617,3,No,No,Yes,0.87,1,Yes,No,No,2,81.78,0,98.48,5,50.47,No,0.29,0.32
79a8c542-e6b2-416b-b785-02219cc522e9,2025-12-01,CUST-572713,3,No,No,Yes,0.81,1,Yes,No,Yes,1,96.42,0,96.37,3,62.2,No,1.18,0.45
b88844f7-98cb-4e89-803c-0ce2757f2cdc,2026-03-20,CUST-263862,3,No,No,Yes,0.76,2,Yes,No,Yes,2,91.63,0,92.71,0,80.2,Yes,0.15,0.55
7ea42bf0-d6cf-4380-a88c-e2c9d3264d79,2025-10-21,CUST-830937,1,No,No,Yes,0.79,2,Yes,No,Yes,2,88.76,1,95.69,1,59.25,No,0.54,0.42
c844e045-b443-4de0-86c8-d5fe54731684,2025-10-07,CUST-973002,1,No,No,Yes,0.86,1,Yes,No,No,1,83.49,0,93.15,4,70.55,No,0.2,0.19
21ca7499-5290-40cd-8ff4-33b0bb2bd836,2025-12-29,CUST-196834,3,No,No,Yes,0.69,0,Yes,No,No,3,94.31,0,94.1,4,75.22,No,1.7,0.53
0f141e63-edea-47af-927d-e30ef12d8f6f,2025-07-29,CUST-972805,2,No,No,Yes,0.54,1,Yes,No,Yes,2,93.09,1,95.58,2,87.97,No,1.76,0.18
20d8f814-c4b9-4cfc-b064-0959bbfead19,2025-08-12,CUST-770718,1,No,No,Yes,0.25,1,Yes,No,No,1,98.84,1,99.88,5,75.93,No,1.51,0.31
22b3566b-e878-45ba-b9da-405936bb2268,2025-10-18,CUST-276029,0,No,No,Yes,0.16,0,Yes,No,No,1,90.5,0,99.87,3,57.06,No,1.25,0.61
fe2756d2-232a-4f2e-bdc9-6553fadb24a0,2026-03-24,CUST-931526,2,No,No,Yes,0.47,1,Yes,No,No,2,94.15,0,99.77,2,59.43,No,1.02,0.52
ca72157a-bd6e-4292-aacd-74a9c62cabf3,2026-05-25,CUST-232757,2,No,No,Yes,0.14,0,Yes,No,No,0,90.05,0,99.05,3,58.35,No,0.68,0.41
9bc2a423-3b6a-4e8d-ac89-c653b7f95d9c,2025-11-22,CUST-655723,2,No,No,Yes,0.45,0,Yes,No,No,1,98.54,0,94.03,2,59.96,No,1.56,0.3
fe206c64-bcf4-4978-b41c-98fa5354bdde,2026-05-16,CUST-694128,1,No,No,Yes,0.65,1,Yes,No,Yes,0,86.14,0,96.86,5,68.73,No,1.94,0.79
ab57c3ad-77c4-4ec7-8261-a4db133ffd0a,2025-09-18,CUST-660526,2,No,No,Yes,0.58,1,Yes,No,No,0,94.55,1,93.25,4,84.05,No,0.87,0.58
14df8de2-faf1-4767-8bab-440c207601c5,2026-07-24,CUST-501625,1,No,No,Yes,0.49,0,Yes,No,Yes,0,91.51,0,99.21,1,62.39,No,1.39,0.26
a632bfdc-4ee0-464f-b545-3437bbe3068a,2026-04-04,CUST-366080,1,No,No,Yes,0.8,1,Yes,No,No,1,91.04,0,90.23,5,83.08,No,1.88,0.66
d8a1817d-2c4f-413d-b030-3131add9edb5,2026-06-05,CUST-375296,2,No,No,Yes,0.91,1,Yes,No,Yes,2,92.68,0,90.25,5,71.58,No,1.3,0.28
3703bfb1-488b-4e41-b354-f65095004e18,2026-07-11,CUST-428541,0,No,No,Yes,0.85,1,Yes,No,No,2,86.35,0,91.74,5,68.82,No,1.41,0.33
7605faa4-3db9-4a7d-816b-9a0b63737e1f,2026-04-29,CUST-597819,3,No,No,Yes,0.15,1,Yes,No,No,1,90,0,98.34,3,84.91,No,1.18,0.68
1329074b-8ecb-4852-a69e-95550e8016a0,2025-10-29,CUST-595087,2,No,No,Yes,0.65,1,Yes,No,Yes,2,84.06,1,91.04,2,55.33,No,0.84,0.34
a43eba18-115d-4c5a-adee-aab63d158ea7,2026-07-09,CUST-249656,2,No,No,Yes,0.23,2,Yes,No,No,1,86.32,1,99.91,4,89.4,No,0.1,0.24
b8ade4a7-701a-427c-8bd0-349c213c07bd,2026-04-08,CUST-384573,1,No,No,Yes,0.25,1,Yes,No,No,0,88.6,1,96.38,5,80.66,No,0.41,0.17
877ff2c8-741b-48a6-833d-fd3011397b5e,2025-12-11,CUST-187718,2,No,No,Yes,0.57,1,Yes,No,No,2,81.57,0,93.33,0,58.64,No,0.81,0.21
38d92d1c-824a-4d40-8073-5cf139a773c9,2025-08-09,CUST-376808,2,No,No,Yes,0.55,0,Yes,No,No,2,87.24,0,98.69,0,82.6,No,0.64,0.26
55e5f514-3573-4491-a752-2b9b9f099eb4,2026-01-06,CUST-287778,1,No,No,Yes,0.26,0,Yes,No,No,1,98.22,0,91.23,3,53.35,No,0.92,0.22
1f128ede-358b-4cfe-bc45-349a4a189967,2025-12-27,CUST-322077,1,No,No,Yes,0.27,1,Yes,No,No,3,80.93,0,94.71,4,85.7,No,0.38,0.5
6c5b485b-7de2-47ca-aeed-843a24a1ff4f,2025-11-07,CUST-270488,1,Yes,No,Yes,0.36,1,Yes,No,No,2,84.42,0,96.82,0,81.87,No,1.73,0.24
73194240-ae3e-4c0c-813b-713faeff736e,2025-11-29,CUST-637016,1,No,No,Yes,0.39,2,Yes,No,No,2,91.39,1,98.77,4,81.2,No,1.75,0.12
fc4d5016-f382-49e7-acef-4d1c38a7952d,2025-12-13,CUST-560691,0,No,No,Yes,0.6,0,Yes,No,No,3,96.43,1,92.72,1,88.47,No,1.51,0.38
65656409-e7da-48b4-8718-d0a640b4a926,2025-08-26,CUST-868496,0,No,No,Yes,0.13,1,Yes,No,No,2,84.18,0,93.84,5,74.11,No,1.57,0.12
1f0347b6-eb9a-4eab-873b-207481a4a3c9,2025-09-23,CUST-535159,2,No,No,Yes,0.44,0,Yes,Yes,No,1,80.64,0,93.94,3,87.33,No,1.55,0.24
6fd0bdc9-cecf-4e22-8629-5e6cad20a0e5,2025-12-18,CUST-446453,2,No,No,Yes,0.33,1,Yes,No,No,3,85.42,0,92.65,2,52.2,No,0.38,0.53
5f8e1740-5417-49c6-b5ce-26a6664970a0,2026-07-10,CUST-713327,1,No,No,Yes,0.17,1,Yes,No,No,2,90.19,0,92.43,0,64.45,No,0.5,0.16
7a6f6a74-e2ee-4568-b2ac-7c60a6e1fc2b,2025-12-24,CUST-963163,3,No,No,Yes,0.99,0,No,No,No,1,81.98,1,98.26,3,77.69,No,0.92,0.75
9075c268-5096-4155-9789-acaabec2c635,2025-12-01,CUST-213973,2,No,No,Yes,0.43,1,Yes,No,No,1,92.19,0,92.48,1,84.07,No,0.38,0.27
7ecbb3b4-0f63-410c-aeea-59fb2efe7463,2026-03-10,CUST-230946,1,No,No,Yes,0.76,1,Yes,No,No,0,86.28,0,95.2,4,87.38,No,0.69,0.59
26a6f865-ae81-4a48-98a0-07051870e83c,2025-12-06,CUST-312836,2,No,No,Yes,0.54,0,Yes,No,No,1,86.25,1,97.62,4,73.63,No,0.68,0.15
264c5a9a-0a94-423b-80d0-ae95381ee3b8,2026-05-18,CUST-265134,2,No,No,Yes,0.47,1,Yes,No,No,2,98.67,0,98.22,4,89.91,No,1.07,0.38
f0e828dd-1602-4661-a4f1-e95b51cd4ab7,2026-05-11,CUST-461529,2,No,No,Yes,0.22,1,Yes,No,Yes,1,83.1,0,93.51,2,60.98,No,0.15,0.74
8e4cc6eb-5a64-4323-84b2-8ba4caa29d4e,2026-02-25,CUST-516484,3,No,No,Yes,0.45,1,Yes,No,No,2,87.91,0,94.45,1,77.58,No,1.96,0.54
2114a4bd-a85b-4fb7-b39b-313f2ec886c0,2026-06-17,CUST-494513,2,No,No,Yes,0.5,0,Yes,No,No,1,98.3,0,90.91,4,59.35,No,0.71,0.77
8c508c78-7739-4d1b-8bfa-4f45640c37e0,2025-09-08,CUST-186614,1,No,No,Yes,0.58,1,Yes,No,No,3,85.35,1,92.35,4,53.08,No,1.48,0.45
8a46d2cd-3b27-4841-8006-2613c7add8af,2026-05-22,CUST-538647,1,No,No,Yes,0.48,0,Yes,No,No,2,87.73,1,98.76,2,55.58,No,1.75,0.55
fd36c456-a71d-41e2-84db-1e59745a9d8b,2026-05-14,CUST-202102,3,No,No,Yes,0.39,2,Yes,No,Yes,2,87.29,0,99.07,4,59.85,No,0.28,0.21
2d2df4e3-02ba-4872-a107-b2a740b75948,2026-07-18,CUST-851186,1,No,No,Yes,0.19,2,Yes,No,Yes,1,98.59,0,97.28,1,77.92,No,1.09,0.19
44949c01-b49c-43df-afd8-aca8d02685b9,2026-06-24,CUST-743002,0,No,No,Yes,0.44,0,Yes,No,No,3,82.16,0,90.83,5,80.34,No,0.57,0.15
c9105553-a44a-4b7e-9db8-7efd02810721,2025-11-07,CUST-281486,0,No,No,Yes,0.76,2,Yes,No,No,3,81.14,0,98.03,0,69.99,No,0.93,0.3
724116d6-c756-4a81-aa93-6a61fa93fc85,2025-11-23,CUST-861660,2,No,No,Yes,0.96,0,Yes,No,No,1,98.87,1,92.46,5,58.32,No,1.12,0.16
65f9fd91-81da-4848-bd23-c6018163431a,2025-12-26,CUST-399144,1,No,No,Yes,0.32,2,Yes,No,Yes,2,93.13,0,99.67,5,72.9,Yes,0.53,0.7
caf9383a-bb62-4d83-9ec9-97a6ac2451ab,2025-09-13,CUST-128471,1,No,No,Yes,0.27,2,Yes,No,No,2,88.44,0,90.38,1,69.69,No,1.31,0.45
8bc6fab1-fb60-4209-8993-de23f525c986,2025-08-08,CUST-128326,2,No,No,Yes,0.35,1,Yes,No,No,1,82.94,1,99.33,2,77.54,No,0.21,0.14
fc9bee98-a474-475c-ae24-c5d16af46c0a,2025-09-24,CUST-545489,2,No,No,Yes,0.8,2,Yes,No,No,3,94.55,0,95.21,4,89.41,No,0.38,0.66
d788f0c2-32ab-4c4e-9a7f-7b788e4aae95,2025-09-08,CUST-988169,1,No,No,Yes,0.95,1,Yes,No,No,1,98.69,1,93.74,1,64.53,No,0.6,0.26
112e15ed-1612-4ac8-9b20-21eb540443fa,2026-04-17,CUST-406619,1,No,No,Yes,0.95,2,Yes,No,No,1,81.87,0,90.27,2,78.15,No,0.92,0.25
db00d890-5ae8-445b-bf18-aa1b97e8344e,2026-02-14,CUST-725687,0,No,No,Yes,1,0,Yes,No,No,1,82.13,0,94.28,2,81.21,No,1.1,0.25
2ae9f7dd-61ee-49b2-ad47-c5748998a563,2026-07-09,CUST-234745,2,No,No,Yes,0.71,1,Yes,No,No,2,83.61,1,95.48,2,50.43,No,1,0.25
95dad450-a200-43dd-b09e-26dcf52b5163,2025-08-17,CUST-166768,1,No,No,Yes,0.95,1,Yes,No,Yes,0,95.47,0,96.51,4,66.94,No,0.85,0.13
c4246fed-1a36-48db-b1e7-e79bb37b4af7,2025-11-16,CUST-605195,2,No,No,Yes,0.74,1,Yes,No,No,1,98.43,1,98.36,0,79.12,No,1.61,0.25
0fb98013-230c-4610-9337-06777ebcccfd,2025-10-12,CUST-531502,1,No,No,Yes,0.71,0,Yes,No,No,1,84.09,1,97.04,4,66.95,No,1.43,0.52
f07bc203-e793-46d9-999a-1d2d8509e0d6,2026-01-06,CUST-935537,2,No,No,Yes,0.53,0,Yes,No,No,0,96.01,0,99.93,5,73.02,No,0.41,0.64
f4ef8df3-8df4-44b2-a533-ba3daa9c3562,2026-04-30,CUST-444616,2,No,No,Yes,0.43,1,Yes,No,No,3,88.87,0,96.08,4,55.45,No,1.33,0.21
16d4f346-9ceb-4e19-82f2-dabe50de9b95,2026-06-21,CUST-332002,3,No,No,Yes,0.18,1,Yes,No,No,1,84.93,0,96.95,5,63.38,Yes,1.66,0.19
32b748fd-f354-48a2-8f76-da42e9f91c9f,2025-09-09,CUST-742464,1,No,No,Yes,0.24,1,Yes,No,No,2,89.07,0,93.34,2,71.64,No,0.86,0.74
84905f2f-9dc4-4862-b31f-3f2437f52d3f,2025-11-24,CUST-902014,0,No,No,Yes,0.73,1,Yes,No,No,2,89.65,1,99.25,1,53.28,No,0.13,0.35
aa816c2c-9ef9-4790-a138-bfa837b75c36,2026-06-14,CUST-664795,3,No,No,Yes,0.61,2,Yes,No,No,2,93.01,0,96.29,3,64.85,No,1.13,0.6
c1790224-bd9a-4c24-b163-ad4031e84d19,2025-08-16,CUST-896781,2,No,No,Yes,0.82,2,Yes,No,No,0,93.43,1,93.42,3,75.09,No,1.45,0.21
33a8262c-52c9-4eba-994a-c53def29fde1,2025-08-11,CUST-685549,1,No,No,Yes,0.12,0,Yes,No,Yes,1,80.67,1,91.96,2,61.29,No,0.26,0.67
cc9375be-32fa-4248-b2c9-3f47298b508c,2026-05-07,CUST-714148,0,No,No,Yes,0.94,0,Yes,No,No,1,93.59,0,92.15,1,85.57,No,1.14,0.37
b9e2a80f-0806-4a65-bd34-465bbc20b4e9,2025-11-05,CUST-834523,0,No,No,Yes,0.21,1,Yes,No,Yes,0,98.32,1,99.68,5,51.91,No,1.1,0.39
60302483-d72a-4147-9b51-d872d663dd5a,2025-09-09,CUST-894633,1,No,No,Yes,0.51,0,Yes,No,Yes,1,90.94,1,90.9,2,56.19,No,0.8,0.66
5767c755-b867-4445-93c7-c8e05c1396d7,2026-03-01,CUST-428881,1,No,No,Yes,0.26,1,Yes,No,Yes,2,80.74,0,91.11,2,61.8,No,0.4,0.53
04036f6c-b912-4ed1-85dc-30de57d0e28f,2025-10-23,CUST-635137,1,No,No,Yes,0.99,2,Yes,No,No,3,86.29,0,90.65,3,84.95,No,0.16,0.69
981d1afe-2a11-4571-bc3c-2e7c8f7cdb07,2026-01-27,CUST-829721,1,No,No,Yes,0.94,1,Yes,No,No,1,94.81,1,94.76,3,60.01,No,1.62,0.35
930f03e6-7286-41af-b41f-b2325afc2c65,2025-08-05,CUST-942529,2,Yes,No,Yes,0.7,2,Yes,No,No,3,95.71,0,98.77,1,62.38,No,1.76,0.23
f7b2a126-8bc3-44a1-af1b-ce0e5cc1f176,2026-04-20,CUST-351674,0,No,No,Yes,0.65,1,Yes,No,No,2,90.7,1,92.86,2,71,Yes,0.27,0.17
615d1bfe-38e6-4c3f-bf51-98ae2f95f856,2025-09-09,CUST-749806,1,No,No,Yes,0.39,1,No,No,No,3,91.99,1,90.03,2,83.84,No,1.47,0.37
7a6c9aa8-3c2a-492f-baef-009ae1793fab,2025-10-30,CUST-227944,2,No,Yes,Yes,0.87,2,Yes,No,No,1,82.48,1,96.59,4,66.76,No,0.53,0.65
8529303b-1b1a-4d95-ae6a-6a7f28ca3e04,2025-12-28,CUST-363083,1,No,No,Yes,0.94,1,Yes,No,No,1,93.06,0,99.42,3,77.9,No,1.99,0.8
dab24c13-88b7-455e-a24c-ffea5f4a11f8,2026-07-19,CUST-253385,3,No,No,Yes,0.17,1,Yes,No,Yes,1,98.89,0,94.74,4,75.31,No,1.71,0.56
3a7aa88f-f06d-492b-9b3e-eb99c05bc70d,2025-09-12,CUST-887761,1,No,No,Yes,0.22,0,Yes,No,No,0,98.47,1,91.7,3,59.87,No,0.4,0.16
1a2a18f2-cfca-4313-8144-2db3ed40d664,2025-09-21,CUST-556140,2,Yes,No,Yes,0.7,1,Yes,No,No,0,82.84,0,94.6,2,54.98,No,1,0.6
604deac6-1b8d-40d0-b0ec-ae4ae6d3087e,2026-07-24,CUST-456227,1,No,No,Yes,0.96,0,Yes,No,No,0,98.61,1,98.57,2,52.6,No,1.74,0.17
b364b007-9279-4252-ad4f-93fff7db4db3,2025-08-18,CUST-755907,3,No,No,Yes,0.17,2,Yes,No,No,1,96.18,0,94.04,3,85.95,No,0.23,0.23
729a3d34-d59e-49ad-83ca-a6f27861e843,2026-03-07,CUST-232173,2,No,No,Yes,0.65,1,Yes,No,No,0,92.33,0,91.48,2,88.02,No,1.21,0.23
223001ea-9485-4c36-89dd-33d1e8d8c233,2026-06-23,CUST-588554,2,No,No,Yes,0.7,2,Yes,No,No,3,90.94,0,95.19,4,71.87,Yes,1.31,0.15
b6eee31f-282a-44e4-a87b-c3ced432f035,2025-08-10,CUST-924565,3,No,No,Yes,0.89,2,Yes,No,No,2,81.95,1,92.71,3,70.62,No,0.15,0.48
a3a38045-1779-4f41-b9cc-b041fdd56dea,2025-12-26,CUST-173272,3,No,No,Yes,0.33,1,Yes,No,No,1,86.83,1,98.78,0,63.35,No,0.45,0.24
9b0271bc-27fa-43f8-ad7d-0fc98c0aa334,2025-11-27,CUST-111190,2,No,No,Yes,0.35,0,Yes,No,Yes,1,80.65,0,91.53,0,60.19,No,1.13,0.43
77298ed8-2893-42d8-acf3-0c87e1d718e2,2025-08-12,CUST-990753,2,No,No,Yes,0.5,1,Yes,No,No,2,96.87,1,98.81,4,85.69,No,1.81,0.32
0971b0ef-e215-4dc1-af25-123b1a032371,2026-02-02,CUST-768172,0,No,No,Yes,0.94,2,Yes,No,No,0,91.63,1,99.88,3,62.04,No,0.57,0.8
3cb5e1e8-e43b-447b-b26c-07ea80d61963,2025-08-27,CUST-542003,0,No,No,Yes,0.56,1,Yes,No,No,0,82.26,0,99.51,3,64.41,No,0.73,0.45
3539d383-c8cc-4352-997e-812a9b06b7fe,2026-03-31,CUST-134152,1,No,No,Yes,0.66,1,Yes,No,No,1,93.12,1,90.62,5,73.04,No,1.53,0.52
431bce00-9edb-4fca-8664-15ee28b56169,2026-02-19,CUST-550172,2,No,No,Yes,0.28,2,Yes,No,Yes,2,81.73,0,92.72,1,81.32,No,1.72,0.34
44e1bae8-8ce5-4fc1-b2c2-9d157c6ee55f,2026-03-14,CUST-125035,3,No,No,Yes,0.72,0,Yes,No,No,2,87.64,0,93.7,2,70.08,No,1.23,0.51
4bbbebfa-e8ed-4a3c-a03e-6f5f01e0696b,2026-05-30,CUST-791974,1,No,No,Yes,0.57,1,Yes,No,No,1,95.42,1,91.34,3,56.39,Yes,1.47,0.78
b52c561d-366c-4a20-9a15-99242324b39f,2026-07-12,CUST-905552,0,No,No,Yes,0.91,1,Yes,No,No,2,89.24,1,94.68,4,89.67,No,1.14,0.17
cf1236a9-bbd6-4a79-b52c-383b839543ff,2025-10-13,CUST-799663,2,No,No,Yes,0.11,0,Yes,No,Yes,0,91.21,0,98.62,4,73.26,No,1.76,0.59
8db75c51-43ae-4264-a202-ddc351e0dd60,2025-11-29,CUST-191339,3,No,No,Yes,0.33,1,Yes,No,No,1,80.8,1,99.45,1,89.21,No,0.38,0.31
0af21d77-976c-4ce7-9505-d51c27c3df8e,2025-10-08,CUST-553910,2,No,No,Yes,0.38,1,Yes,No,No,0,89.47,1,97.8,2,59.36,No,1.95,0.14
38d47d1c-7d6c-472d-94ad-106d0ef80cb3,2026-05-01,CUST-536476,2,No,Yes,No,0.58,0,Yes,No,No,1,91.9,0,91.24,4,72.52,No,1.28,0.71
814ee142-aa44-47c7-ad55-2320014c7abf,2026-02-08,CUST-365094,1,No,No,Yes,0.33,2,Yes,No,No,3,85.96,1,91.56,4,80.08,No,1.1,0.38
7ceb5c5d-b938-4bcb-85a9-f57cd51cf97c,2026-03-08,CUST-421173,3,No,No,Yes,0.75,1,Yes,No,No,1,91.89,0,95.61,2,59.65,No,1.62,0.26
999846cf-6966-41f8-a6f8-22fb8c7864c0,2025-12-09,CUST-990273,1,No,No,Yes,0.78,1,Yes,No,No,2,95.54,0,90.16,0,80.61,No,0.72,0.16
2c068226-5da9-4887-8bbc-9fb35975fbaa,2026-01-05,CUST-582107,1,No,No,Yes,0.58,2,Yes,No,No,1,82.84,0,91.13,3,84.78,No,0.88,0.61
36753cad-fd46-4cfa-841e-8a0b46beec96,2025-08-18,CUST-862776,2,No,Yes,Yes,0.45,1,Yes,No,No,3,97.88,0,96.78,4,52.16,No,1.96,0.2
7e7dcc75-1558-401b-b43d-60b470b7258c,2026-02-17,CUST-512568,2,No,No,Yes,0.42,1,Yes,No,Yes,0,93.44,0,92.28,3,74.15,No,0.51,0.35
44f8aef9-2c6b-4b63-bbfb-a26512161605,2025-09-16,CUST-101986,1,No,No,Yes,0.44,0,Yes,No,No,0,88.92,0,98.49,3,86.05,No,1.32,0.8
f03b6b4d-271a-4183-bc16-2a84fc8ef5a8,2025-12-19,CUST-253550,1,No,No,Yes,0.4,2,Yes,No,No,2,97.61,0,97.83,1,53.28,No,1.49,0.45
651936a7-1dbe-4977-8182-0ba34b72cdf1,2026-07-11,CUST-267205,2,No,No,Yes,0.47,0,Yes,No,No,1,95.4,1,96.44,4,68.61,No,0.42,0.31
31dca80c-3d59-4fcd-a712-536fbbda623d,2025-10-24,CUST-188937,2,No,No,Yes,0.44,1,Yes,No,No,0,86.06,1,91.31,3,73.48,No,1.63,0.16
ad0dc33a-0cb5-4587-821e-b848d0ea7100,2026-03-19,CUST-566999,3,No,No,Yes,0.72,1,Yes,No,No,1,83.57,0,99.63,3,83.8,No,0.14,0.56
2719042c-b852-410f-a6fb-2162af11e166,2026-04-18,CUST-499215,1,No,No,Yes,0.59,1,Yes,No,No,1,97.74,1,90.45,5,86.64,No,0.37,0.28
6265f2e2-1807-4d7c-bdc2-8ee5a5e459a3,2026-03-13,CUST-399887,3,No,No,Yes,0.18,1,Yes,No,No,1,95.01,1,97.31,1,73.15,No,1.09,0.33
c97a33b5-b17a-4622-a84d-b85b9db01a5e,2026-03-16,CUST-162296,3,No,No,Yes,0.24,0,Yes,No,No,3,93.15,1,92.46,5,78.09,No,1.53,0.62
77abd513-7ad8-4bee-b68b-7c886309e36d,2026-04-27,CUST-994037,3,No,No,Yes,0.29,0,Yes,No,No,2,93.62,1,94.28,2,69.92,No,1.48,0.38
5d5786b3-27f4-40fb-a2d3-0beb24a6b475,2026-02-26,CUST-224963,0,No,No,Yes,0.41,1,Yes,No,Yes,2,90.5,0,93.71,5,72.97,No,1.56,0.32
80d19191-0ba9-471a-9034-ab3c7417dbcd,2026-04-15,CUST-714162,2,No,No,Yes,0.95,1,Yes,No,No,3,89.2,1,96.25,5,79.01,No,0.45,0.58
68552341-7d66-4d81-ba8c-4984cfd969b3,2025-07-25,CUST-713980,3,No,No,Yes,0.46,2,Yes,No,No,2,92.38,1,97.49,0,53.47,No,1.01,0.32
0f85f05e-ceb3-4023-aead-1b8e8e78368e,2026-07-13,CUST-940786,0,No,No,Yes,0.71,2,Yes,No,No,0,97.73,0,96.16,0,59.96,No,0.49,0.71
076e6049-b75c-4bcf-b9a5-4ddb139ea0fd,2025-10-22,CUST-466852,3,No,No,Yes,0.5,2,Yes,No,No,2,85.38,0,91.45,2,70.39,No,1.26,0.13
b0e784ed-a258-4448-b044-e92584989467,2025-12-14,CUST-494470,1,No,No,Yes,0.38,1,Yes,No,No,1,82.36,1,99.18,2,65.53,No,0.5,0.64
d0641f8e-12a7-49db-b648-dfb03a809962,2025-07-26,CUST-490399,3,No,No,Yes,0.59,1,Yes,No,No,1,92.95,0,94.86,3,52.62,No,1.07,0.45
066ce7b4-6ab3-43ce-b43f-ae681cf67ec0,2026-04-25,CUST-622786,1,No,No,Yes,0.37,1,Yes,No,No,2,98.89,0,97.34,2,75.99,No,1.45,0.66
388a677f-2359-4223-b7d9-faa4b2d9935b,2025-12-27,CUST-167994,2,No,No,Yes,0.35,1,Yes,No,No,1,96.88,0,95.28,2,68.89,No,1.26,0.59
b22c0f3f-2ed4-49c8-a951-df8cdb386bb3,2026-02-23,CUST-504736,3,No,No,Yes,0.67,1,Yes,No,No,2,80.3,1,90.02,5,64.52,No,0.98,0.11
6ed385a4-8bf8-44be-98f4-772e65cb901d,2026-04-09,CUST-321999,0,No,No,Yes,0.72,0,Yes,No,No,1,87.76,0,96.43,0,63.45,No,1.37,0.28
b88bb5de-884e-44cf-acc7-ee10a44aa5c2,2026-03-05,CUST-219964,2,No,No,No,0.25,0,Yes,No,No,1,97.74,0,93.53,4,78.46,No,0.44,0.29
8e02119e-fd34-4b15-b3d9-0c5bf1651e50,2026-03-18,CUST-471365,2,No,No,Yes,0.84,1,Yes,No,No,3,97.67,0,94.32,4,56.22,No,0.39,0.43
88159922-031d-4ebd-90cd-0c7890787a3b,2026-04-26,CUST-874499,3,No,No,Yes,0.29,1,Yes,No,No,0,92.78,0,98.72,3,76.26,No,0.97,0.67
6707e708-bc58-497d-b5d1-fe906ce095a4,2025-12-28,CUST-392804,2,No,No,Yes,0.9,1,Yes,No,No,3,81.07,1,91.5,1,81.8,No,0.67,0.68
8278cdaa-363c-4364-8a20-76a0193dd3c6,2026-03-02,CUST-391924,1,No,No,Yes,0.98,1,Yes,No,Yes,2,83.35,1,91.69,4,58.53,No,1.29,0.56
b93ab396-2535-43fb-bd8a-f272bfd81bed,2026-02-04,CUST-717436,2,No,No,Yes,0.54,0,Yes,No,No,1,94.02,1,96.66,2,72.73,No,1.84,0.15
a9cfb06f-9620-4012-bf23-46f9f2a5e0ea,2025-10-28,CUST-688688,2,No,No,Yes,0.47,0,Yes,No,No,1,93.1,0,98.71,2,55.32,No,1.47,0.62
6e4fc567-e15a-4552-9553-021e3e7b197d,2026-06-07,CUST-356740,2,No,No,Yes,0.1,1,Yes,No,No,0,97.16,1,93.46,5,60.58,No,1.32,0.14
480e61e1-9b81-4a74-8e25-19de08713f84,2025-10-14,CUST-473284,1,No,No,Yes,0.62,1,Yes,No,No,0,80.18,0,94.67,1,72.83,No,1,0.29
379e9e67-d703-4015-8cf5-a984f35dd66c,2026-07-09,CUST-622068,1,No,No,Yes,0.99,1,Yes,No,No,3,95.46,1,99.88,3,73.92,No,1.52,0.59
b5b01cf0-5177-483b-a8a9-4bace6d85582,2026-06-27,CUST-326894,0,No,No,Yes,0.58,1,Yes,No,No,0,90.77,1,92.72,1,54.4,No,1.74,0.27
5a6ece24-4b70-4253-98e6-f856bd7e0ca3,2025-07-26,CUST-815700,1,Yes,No,Yes,0.85,0,Yes,No,No,3,95.35,1,92.22,1,57.16,No,0.81,0.13
89d6e649-6bfa-4e65-a5ea-8ecc8cd4983c,2026-05-07,CUST-394807,0,No,No,Yes,0.37,1,Yes,No,No,2,96.05,1,90.81,2,66.86,No,0.57,0.33
35ed7c15-d5b2-4858-b51f-8bba025ac43a,2026-04-18,CUST-607825,1,No,No,Yes,0.55,1,Yes,No,No,1,97.41,0,93.24,3,66.16,No,1.5,0.25
4d34ba53-571f-4f05-b7e8-a04643d4559d,2026-01-30,CUST-493309,2,No,No,Yes,0.59,0,Yes,No,Yes,2,89.68,1,97.88,2,76.33,No,0.24,0.4
8427d9e2-f27c-49d6-997c-785ff4dc502a,2025-12-05,CUST-383614,2,No,No,Yes,0.8,2,Yes,No,No,0,94.29,0,91.82,2,59.64,No,1.73,0.55
e83946a8-8745-480d-95fe-31618e00230f,2026-03-21,CUST-731649,0,No,No,Yes,0.84,2,Yes,No,No,1,94.71,1,96.23,4,52.43,No,1.49,0.14
1f783e86-f3e1-44de-9af5-09596291c3dd,2026-07-09,CUST-938359,2,No,No,Yes,1,1,Yes,No,No,3,83.48,0,98.73,1,88.26,No,0.78,0.39
7955533f-8d1e-4162-b645-c686aa4a42c5,2026-03-07,CUST-979638,1,No,No,Yes,0.95,0,Yes,No,No,3,80.58,1,93.82,2,57.17,No,0.47,0.68
de8bafaf-d504-42a4-8c6c-c8b685d5db2d,2026-03-20,CUST-927024,2,No,No,Yes,0.18,1,Yes,No,No,2,95.77,0,99.6,5,57.39,No,0.64,0.22
d5a6fcf9-7953-4934-8373-f12f28b9a10d,2026-03-23,CUST-630548,1,No,No,Yes,0.7,1,Yes,No,Yes,2,95.76,0,95.54,4,79.95,No,0.34,0.53
341c5a23-acfb-42ab-be91-9b8467411c77,2026-07-15,CUST-710305,1,No,No,Yes,0.88,2,Yes,No,No,2,91.78,0,93.84,0,72.15,No,1.43,0.19
74209274-2cc1-4d9c-aa6d-47368206f9c9,2025-12-07,CUST-730150,1,No,No,Yes,0.55,1,Yes,Yes,No,3,95.27,0,94.24,5,85.98,No,1.43,0.19
e2deb0c1-84a8-4c33-8a9a-94b69022399c,2026-04-16,CUST-309367,0,No,No,Yes,0.53,1,Yes,No,No,1,97.29,0,95.85,4,76.84,No,1.66,0.16
5d39fbe5-291e-4bb2-ad0b-2346c87ac0a2,2026-02-08,CUST-788083,3,No,No,Yes,0.13,2,Yes,No,No,1,85.08,1,96.29,3,59.3,No,1.52,0.21
bb4b2b92-2f1d-4548-8d9c-91c843ac2e47,2025-10-04,CUST-916347,1,No,No,Yes,0.67,2,Yes,No,No,2,97.96,0,92.45,3,62.68,No,0.97,0.21
4a010d29-5773-4067-8b0f-16359b93c2d9,2025-10-14,CUST-408120,2,No,No,Yes,0.77,2,Yes,No,No,3,80.82,1,96.22,2,60.13,No,1.03,0.37
86b83c16-75a8-4e38-acc8-289b6bef8221,2026-01-22,CUST-662456,2,Yes,No,Yes,0.5,2,Yes,No,Yes,0,91.23,0,93.82,1,53.79,No,0.42,0.63
bbf41a1d-6f22-4045-87b0-12bc588aae37,2025-09-26,CUST-232374,2,No,No,Yes,0.67,0,Yes,No,No,2,82.52,0,98.32,2,52.38,No,1.43,0.66
96bae137-37fa-4325-b6a2-4eff2c0bc405,2026-07-14,CUST-481479,1,No,No,Yes,0.4,0,Yes,No,Yes,1,90.53,0,95.72,0,63.82,No,1.92,0.12
e9c25f64-04fd-4377-ae1b-9c059cd547b9,2025-08-15,CUST-683724,2,No,No,Yes,0.58,1,Yes,No,No,0,81.65,0,95.5,2,51.13,No,1.34,0.3
2d45103a-0286-46e4-8b57-d99e44e8cbcb,2025-09-28,CUST-152140,2,No,No,Yes,0.63,2,Yes,No,Yes,1,87.04,1,90.23,4,74.76,No,1.94,0.78
b96ae6a1-a567-46a7-9537-ee9c0f756c11,2025-10-25,CUST-531355,2,No,No,Yes,0.34,1,Yes,No,No,3,84.77,1,96.67,3,59.42,No,0.41,0.14
a466a695-65a3-4bd9-9ec0-b9332eb09394,2026-01-21,CUST-470638,3,No,No,Yes,0.88,0,Yes,No,No,2,86.17,1,98.55,0,56.18,No,1.74,0.31
2a5dc90c-7ed1-497f-8d10-781dc9741d58,2026-06-23,CUST-741035,3,No,No,Yes,0.37,1,Yes,No,Yes,3,87.46,0,90.91,3,85.64,No,0.73,0.29
2ec6afa9-6138-41ae-b5cb-e729c4837433,2026-02-02,CUST-507784,1,No,No,Yes,0.2,1,Yes,No,No,0,85.94,0,92.88,2,59.3,No,1.67,0.4
dcf2d5af-9ad2-43ea-822e-19aca7a56d22,2025-08-02,CUST-318077,1,No,No,Yes,0.21,2,Yes,No,No,3,80.28,0,94.22,5,55.71,No,0.68,0.3
dac00993-b7e3-4993-857d-625396d114f8,2026-06-01,CUST-214426,2,No,No,Yes,0.34,2,Yes,No,No,1,91.57,1,96.23,3,84.03,No,1.42,0.79
ce5bf22e-0f97-4bcb-926b-56fb4d194b06,2025-11-26,CUST-353375,0,No,No,Yes,0.37,1,Yes,No,No,1,84.81,1,94.63,5,86.7,No,1.22,0.49
f4ea6e97-9b60-47bd-abb2-c30c66ba7184,2026-01-09,CUST-652871,0,No,No,Yes,0.62,1,Yes,No,Yes,1,91.83,1,97.8,1,82.88,No,0.49,0.11
71e77e7c-7cf1-49a2-92f2-85493d4b08e7,2026-03-29,CUST-206528,0,No,No,Yes,0.24,2,Yes,No,No,0,81.44,0,97.26,4,85.14,No,1.73,0.42
b9ca9876-2663-41ab-98f3-1b611c4195a2,2025-12-08,CUST-559094,0,No,No,Yes,0.41,1,Yes,No,No,1,97.44,0,97.92,2,68.57,No,0.46,0.62
743d80cc-53b0-4fea-b1aa-35b6722d6a56,2025-08-06,CUST-928711,1,No,No,Yes,0.7,2,Yes,No,No,2,82.23,1,91.53,4,57.19,No,1.78,0.53
507951cc-bc2e-4906-b087-79cff40252f6,2026-06-21,CUST-326092,2,No,No,Yes,0.77,2,Yes,No,No,0,93.47,1,90.07,2,89.99,No,1.87,0.43
3bde5b12-08d0-406a-99e4-d35ca393085b,2025-12-18,CUST-311635,1,No,No,Yes,0.38,1,Yes,Yes,No,3,89.86,1,96.15,1,68.66,No,0.5,0.23
c8d47e36-2f19-4987-8158-06db56ca09db,2026-03-14,CUST-769301,1,No,No,Yes,0.98,1,Yes,No,No,1,92.66,0,94.15,4,88.11,No,0.75,0.64
049602f5-6de4-481b-a5c0-f6263e359150,2025-07-31,CUST-200673,2,No,No,Yes,0.37,1,Yes,No,No,0,85.93,0,97.86,2,59.84,No,1.72,0.79
4e6f645d-f9fb-4497-bd21-efee3c7567d6,2026-06-28,CUST-281323,3,No,Yes,Yes,0.75,2,Yes,No,No,1,90.27,1,91.13,2,87.07,No,1.04,0.36
29555708-7d79-49cf-b4fb-df91f8a067ee,2025-09-14,CUST-181915,1,No,No,Yes,0.34,1,Yes,Yes,No,2,83.84,0,93.55,1,89.92,No,0.32,0.11
a4a7ba23-7bde-4309-89a8-b58504e35549,2025-12-02,CUST-688654,2,No,No,Yes,0.83,0,Yes,No,No,2,83.33,0,92.1,2,75.39,No,0.21,0.47
85f6de58-de23-4b5b-926e-d22bf2705e6e,2025-08-21,CUST-212392,1,No,No,Yes,0.95,1,Yes,No,No,1,84.32,0,97.12,0,71.91,No,1.02,0.7
821e378c-07b3-4b3c-9b65-e4397c49eb74,2026-02-12,CUST-529562,1,No,No,Yes,0.14,2,Yes,No,No,0,83.32,0,99.84,1,82.89,No,1.04,0.57
1574dae3-f6a1-4305-be29-e18c9051c822,2026-05-28,CUST-504387,1,No,No,Yes,0.72,1,Yes,No,No,0,93.77,0,94.94,2,73.36,No,0.62,0.42
e239656e-7ff5-4f48-9044-f2c2a98558b3,2025-08-20,CUST-414964,2,No,No,Yes,0.75,0,No,No,No,1,96.29,0,97.76,4,65.12,No,1.61,0.55
c893c494-83b0-4273-947a-558134930375,2026-07-19,CUST-287521,1,No,No,Yes,0.67,2,Yes,No,No,1,86.99,1,93.76,2,68.18,No,1.83,0.29
34cef082-360f-480d-83bb-baa606403cf2,2026-06-18,CUST-916020,0,No,No,Yes,0.67,1,Yes,No,No,2,94.39,0,94.6,2,86.7,Yes,0.54,0.69
50008cee-2271-4264-ac33-27b928e4d845,2026-04-20,CUST-815959,0,No,No,Yes,0.74,2,Yes,No,No,0,93.68,1,98.54,4,79.95,No,1.89,0.54
0dd0cc10-cd49-46b4-ad17-fdc84abf4db6,2025-08-11,CUST-589882,2,Yes,No,Yes,0.98,2,Yes,No,No,2,98.61,1,95.85,3,59.46,No,0.69,0.77
e87a94b9-7f62-4757-937f-a9705b0564cb,2026-02-17,CUST-501044,2,No,No,Yes,0.19,1,Yes,No,No,1,91.08,1,90.24,3,85.67,No,1.09,0.18
0fea2001-dbff-45ea-a799-af4065c23c57,2026-07-24,CUST-423145,3,No,No,Yes,0.37,1,Yes,No,No,2,94,1,94.61,4,82.9,No,0.82,0.67
40155d8d-8895-4ef7-9f6c-d56988fc6fc7,2026-03-31,CUST-463101,2,No,No,Yes,0.29,0,Yes,No,Yes,2,80.74,1,93.62,3,67.92,No,1.19,0.29
c404883b-4f3e-47e0-b16c-b3fd65bf244b,2025-10-30,CUST-643087,0,No,No,Yes,0.57,1,Yes,No,No,2,87.68,0,99.3,4,71.35,No,1.95,0.52
6adf2465-dcde-4e58-bc1b-ed37c98c909f,2026-04-13,CUST-445766,2,No,No,Yes,0.37,0,Yes,No,No,0,85.03,0,95.83,3,69.15,Yes,1.43,0.39
37364660-1706-4f5b-ae8d-ead00e1873c6,2026-03-24,CUST-225020,3,No,No,Yes,0.2,2,Yes,No,No,2,92.81,0,91.42,3,80.54,No,0.12,0.46
b8ab1d88-905a-41d2-b1b7-f75c5cc6a417,2025-10-04,CUST-946540,0,No,No,Yes,0.7,1,Yes,No,No,2,85.34,0,98.49,3,52.73,No,0.92,0.52
aef3ab87-9b58-420f-9c15-51fa4a1c5cf5,2025-10-20,CUST-318642,2,No,No,Yes,0.72,0,Yes,No,No,2,96.57,1,95.07,3,52.98,No,0.29,0.68
56acd857-6201-4446-a72f-61a6b19a07f3,2026-06-03,CUST-745143,3,No,No,Yes,0.98,2,Yes,No,No,1,80.66,1,98.03,2,71.25,No,1.68,0.41
f22aef81-5377-43c1-9f6e-cbfd375f4ce2,2026-02-28,CUST-507076,1,No,No,Yes,0.26,2,Yes,No,Yes,1,95.75,1,98.56,5,57.36,No,0.19,0.67
7478564a-e77a-499c-aa1c-c26239bae4ce,2026-05-07,CUST-825154,1,No,No,Yes,0.75,2,Yes,No,No,2,95.11,1,99.23,5,76.44,No,1.69,0.67
99c9636a-47f0-497b-b052-802a5f60da4e,2025-09-05,CUST-905189,3,No,No,Yes,0.43,2,Yes,No,No,1,85.18,0,96.46,2,58.68,No,1.49,0.4
6708c6f1-0812-4fcc-8514-e7c927a15fc2,2026-01-07,CUST-736477,0,No,No,Yes,0.81,1,Yes,No,No,2,92.56,0,98,4,87.72,No,1.76,0.62
22648251-7127-4ab0-9992-ebb9650c8e55,2025-10-29,CUST-538405,3,Yes,No,Yes,0.86,2,Yes,No,No,3,85.32,1,99.97,2,58.93,No,1.39,0.24
b879ae84-1782-46da-a780-b5046e83888a,2026-03-31,CUST-103893,0,No,No,Yes,0.69,0,Yes,No,No,2,93.89,0,98.66,1,60.42,No,1.94,0.59
bc18b47a-4f1c-430b-bf54-3571979731d2,2026-04-27,CUST-281803,3,No,No,Yes,0.84,1,Yes,No,No,0,86.35,1,93.19,4,89.9,No,0.47,0.78
df92bdc4-836d-43bd-9b81-c608cbaa3c84,2025-10-01,CUST-837912,2,No,No,Yes,0.33,1,Yes,No,Yes,2,98.75,0,94.98,2,68.6,No,0.11,0.19
d20bf8b0-d685-4da1-abab-78703d8a8887,2025-10-10,CUST-169000,2,Yes,No,Yes,0.8,1,Yes,No,No,2,91.83,0,93.63,0,68.28,No,0.9,0.72
3692eb66-23f8-44e4-aa40-5140e7489ae2,2026-04-28,CUST-787661,2,No,No,Yes,0.2,1,Yes,No,No,3,98.14,1,91.4,2,84.41,No,1.99,0.16
61e35513-e382-4b4a-84ed-9bff5354ccea,2025-08-04,CUST-591717,1,No,No,Yes,0.62,1,Yes,No,No,2,93.59,0,97.82,4,51.95,No,1.06,0.28
89304344-38c1-4de1-8ec8-fbe57b941014,2025-12-05,CUST-181195,1,No,No,Yes,0.78,1,Yes,No,Yes,0,91.01,1,97.04,1,81.78,No,0.79,0.55
424f7d6d-858f-4046-9a26-8d900bdc4914,2026-06-08,CUST-203230,2,No,No,Yes,0.77,1,Yes,No,No,2,89.98,1,96.3,0,88.48,No,0.2,0.19
4b838dc7-f9ee-4b15-b035-dc5f004a4672,2026-05-19,CUST-492973,0,No,No,Yes,0.28,2,Yes,No,No,1,95.98,0,96.27,3,74.99,No,1.26,0.45
eed12515-ceaa-42d0-9d85-ccf2a60fd8c1,2026-03-05,CUST-658470,1,No,No,Yes,0.48,1,Yes,No,No,3,85.51,0,97.44,4,55.77,No,1.53,0.24
2d3b11c9-0f7c-40e5-ad28-78ddb127280f,2026-04-17,CUST-123166,3,No,No,Yes,0.62,1,Yes,No,No,1,82.78,0,99.41,0,62.07,No,1.5,0.68
bd0f049d-66e8-43c0-82b2-9477bf2ec533,2026-03-03,CUST-828479,3,No,No,Yes,0.37,1,Yes,No,Yes,2,83.89,1,91.77,1,57.63,No,0.83,0.44
92f35dde-526b-458f-8d77-fc0adeede187,2025-12-04,CUST-873246,1,No,No,Yes,0.5,2,Yes,No,No,2,88.06,1,98.71,2,66.9,No,0.32,0.2
51ae6f44-bcad-41c2-aec6-4f49881d27fd,2026-04-09,CUST-189705,2,Yes,No,Yes,0.79,0,Yes,No,No,1,95.66,1,99.13,4,81.23,No,1.64,0.49
9a57160c-e046-431d-ad06-fc7d7719593b,2025-10-28,CUST-970219,2,No,Yes,Yes,0.87,0,Yes,No,No,1,98.55,0,99.36,1,54.09,No,1.4,0.62
881209ee-62ee-4fe3-95a5-259648a00c05,2025-11-18,CUST-277190,2,No,No,Yes,0.48,0,Yes,No,No,3,94.16,0,94.39,4,66.55,No,1.98,0.76
06f0a5d0-3c20-4384-8767-5cc0e7af29a5,2025-12-14,CUST-917031,1,No,No,Yes,0.31,2,Yes,No,No,2,80.54,1,93.33,3,84.63,Yes,1.18,0.34
47f45c8a-ef1f-49cf-8c3c-9ed208e58e0b,2026-07-03,CUST-172851,1,No,No,Yes,0.84,0,Yes,No,No,0,92.29,0,94.2,1,85.55,No,0.52,0.34
4fb9069d-d5f2-4534-aff9-fadef8f778de,2026-05-02,CUST-777057,1,No,No,Yes,0.78,2,Yes,No,No,3,90.82,0,99.54,1,61.23,No,1.2,0.64
80394043-5609-4db4-83e9-619e72bd8150,2025-07-26,CUST-992695,2,Yes,No,Yes,0.16,1,Yes,No,No,0,91.9,1,93.88,4,55.22,No,0.46,0.39
fd979f54-f51e-4bae-b5b7-b25c6ee3c252,2026-05-04,CUST-857730,0,No,No,Yes,0.6,0,Yes,No,No,0,95.32,0,90.41,2,78.88,No,0.42,0.72
0726dd66-104e-442d-ab44-95064130627d,2025-12-02,CUST-727941,0,No,No,Yes,0.92,0,Yes,No,No,0,80.88,1,98.56,2,80.06,No,0.34,0.33
0f0829da-a7ff-45ea-8185-5cf498c2af43,2026-01-06,CUST-873564,2,No,No,Yes,0.56,2,Yes,No,No,3,92.87,0,92.84,0,52.28,No,1.3,0.54
8926e44c-a4dc-42e8-85fc-3057c1d05d1e,2026-06-14,CUST-492435,1,No,No,Yes,0.65,1,Yes,No,No,3,98.91,0,98.49,4,84.23,No,0.37,0.61
8cb3601b-18de-4552-8a11-b41d564c663a,2026-01-28,CUST-363178,1,No,No,Yes,0.2,1,Yes,No,Yes,0,86.31,1,95.25,1,62.86,No,1.29,0.67
4dee9392-29fc-4d32-a819-d3c24721fa55,2026-02-15,CUST-320257,2,No,No,Yes,0.44,1,Yes,No,No,0,80.9,1,95.51,3,78.66,No,0.27,0.57
8447f934-291b-4d24-9f79-074b222e2891,2026-06-27,CUST-644195,3,No,No,Yes,0.38,2,Yes,No,No,1,89.41,0,91.87,1,78.71,No,0.84,0.65
306011c3-6958-46b0-962b-a0b00612d308,2025-12-09,CUST-770023,0,No,No,Yes,0.84,2,Yes,No,No,2,82.49,1,95.04,2,84.58,No,1.16,0.4
b860e52f-d868-4a4d-943e-a80c656d0f5a,2025-09-23,CUST-762170,2,No,No,Yes,0.94,0,Yes,No,No,0,89.4,0,95.05,2,52.2,No,0.66,0.74
b0c5e997-2b82-4cd0-a0ff-f2df89740fc1,2025-07-25,CUST-796909,1,Yes,No,Yes,0.1,1,Yes,No,No,1,87.84,1,92.72,2,52.81,No,1.66,0.76
b655c0da-5bb3-4384-9d3d-e794cef29031,2026-02-18,CUST-742185,0,No,No,Yes,0.36,1,Yes,No,No,2,98.76,0,91.18,1,59.1,No,0.63,0.25
e56becc7-35db-420e-bce0-e3518e75195b,2025-10-04,CUST-903812,1,No,No,Yes,0.94,0,Yes,No,No,2,89.57,1,99.03,4,73.71,No,0.91,0.22
ed35ba9c-0cb1-4573-ad15-22428ea55599,2026-05-13,CUST-335753,0,No,No,Yes,0.91,0,Yes,No,No,3,97.02,1,99.55,3,70.68,No,1.46,0.47
6fee58b5-95da-408b-84d4-b6686560d605,2025-12-28,CUST-458826,2,No,No,Yes,0.16,2,Yes,No,No,3,95.1,0,96.95,4,75,No,1.85,0.32
f0194c60-7c04-4b81-9a14-93c85b113ead,2025-08-16,CUST-887288,3,No,No,Yes,0.94,1,Yes,No,No,3,94.15,1,91.2,4,77.54,No,1.83,0.1
fbd671d9-a298-4f83-a5f0-c83b67e63368,2025-09-15,CUST-212010,1,No,No,Yes,0.96,1,Yes,No,No,2,87.78,1,91.09,2,87.28,No,0.35,0.24
72cee649-4b74-413e-9d5d-89442ac115d3,2026-07-24,CUST-247535,0,No,No,Yes,0.55,2,Yes,No,No,3,84.41,0,92.3,1,75.68,No,1.2,0.8
d3dd4768-296a-42fa-8051-7c39e31032af,2025-11-29,CUST-583271,2,No,No,Yes,0.27,0,Yes,No,No,2,81.99,1,94.76,4,73.57,No,1.9,0.31
6564915f-1c26-4018-b45b-8f6ed5745671,2025-08-09,CUST-424180,2,No,No,Yes,0.19,1,Yes,No,No,1,96.91,1,99.55,3,51.81,No,1,0.1
3a3f9063-1413-46c2-a026-dd464963a0c4,2025-08-07,CUST-589285,0,No,No,Yes,0.76,1,Yes,No,No,0,90.73,0,99.94,3,68.41,No,1.55,0.19
d4494c75-1910-4ed9-b9fa-461d81642e3e,2026-05-29,CUST-276321,3,No,No,Yes,0.54,2,Yes,No,No,1,90.23,1,96.37,0,71.21,No,0.2,0.54
e2b749ee-3d11-426e-aaf5-08b10927cff3,2026-07-07,CUST-384701,3,No,No,Yes,0.84,0,Yes,No,Yes,3,81.63,1,93.04,4,66.54,No,1.66,0.35
64eed358-0014-47e2-b074-664ec4ad6d0c,2025-08-28,CUST-462162,2,No,No,Yes,0.71,0,Yes,No,No,1,93.2,0,98.09,4,66.01,No,1.01,0.23
450919ba-7f31-444d-ad85-44e9894f57ea,2026-03-24,CUST-331878,0,No,No,Yes,0.68,0,Yes,No,No,3,85.49,0,96.95,5,81.93,No,1.33,0.25
b69ce686-33f9-4cf5-9fd8-812a8cabe0c4,2026-03-09,CUST-981344,1,No,No,Yes,0.75,2,Yes,No,No,2,83.37,1,98.16,5,86,No,1.57,0.45
e7980f38-070a-4f76-bedd-d90f35b4c6f1,2026-05-03,CUST-720821,3,No,No,Yes,0.99,2,Yes,No,No,1,81.8,0,96.22,0,69.52,No,0.13,0.79
5999ab3b-51ad-4151-b2c7-ecba0830da34,2026-06-18,CUST-126214,0,No,No,Yes,0.75,2,Yes,No,No,1,92.78,1,95.17,4,61.82,No,1.46,0.43
d63e2e92-9b2a-4551-844e-9fea2f3b28c0,2025-10-06,CUST-592306,0,No,No,Yes,0.15,0,Yes,No,No,2,86.37,0,99.45,2,85.93,No,1.76,0.62
30636fca-ae61-4244-a4e4-c099f6caf892,2026-07-15,CUST-482932,3,No,No,Yes,0.69,1,Yes,No,No,2,83.89,0,97.45,1,78.51,Yes,0.16,0.33
fc4f0d3c-c810-4689-9fb7-c387e4561e14,2026-05-05,CUST-613299,2,No,No,Yes,1,2,Yes,No,No,1,83.96,1,95.29,3,87.15,No,1.36,0.24
9515ab42-be31-49c4-8028-c899469f68c5,2026-06-13,CUST-387750,2,No,No,Yes,0.44,0,Yes,No,No,0,81.27,0,92.5,0,63.01,No,0.31,0.65
b32cf01a-9bfc-4425-99cc-3be5fa012bae,2026-06-08,CUST-550185,0,No,No,Yes,0.83,0,Yes,No,No,2,92.64,0,90.47,3,64.57,No,1.78,0.69
815f1077-0824-49fb-8e35-60fe2411d7ce,2025-11-18,CUST-747459,1,No,No,Yes,0.34,1,Yes,No,No,0,83.65,1,98.93,1,74.33,No,1.53,0.45
7c1f98f1-f5d0-4f5b-ad93-d9ca2efb4467,2025-10-12,CUST-606396,2,No,No,Yes,0.3,1,Yes,No,No,1,81.98,0,95.31,4,62.88,No,0.72,0.18
4401ea3a-da38-41d9-8e18-83a8b0f47942,2026-02-27,CUST-402832,1,No,No,Yes,0.86,0,Yes,No,No,3,86.92,0,90.57,4,68.83,No,0.14,0.17
c013e6c8-9d04-42b8-a4a9-5cc261d77ed4,2026-06-24,CUST-344454,3,No,No,Yes,0.98,0,Yes,No,No,3,86.36,0,94.74,0,84.22,No,0.44,0.23
ab4c1690-a334-4c46-b4cb-23fafa4813c8,2026-06-21,CUST-671884,2,No,No,Yes,0.12,0,Yes,No,Yes,0,96,1,93.08,5,63.38,No,1.68,0.63
2a4a2910-dbc2-4a78-8a42-f90ac38ea4e5,2025-08-06,CUST-164382,1,No,No,Yes,0.17,0,Yes,No,No,2,80.88,0,98.69,1,66.51,No,1.4,0.76
