Record_ID,Date,Campaign_ID,Campaign_Type,Marketing_Channel,Click_Through_Rate_CTR,Conversion_Rate,Offer_Redemption_Rate,Opt_Out_Rate,Campaign_Segment,Campaign_Cost_per_Customer,Upsell_Success_Rate,Cross_Product_Adoption_Rate,Campaign_Engagement_Rate,Cost_per_Acquisition_CPA,Retention_Campaign_ROI,A_B_Testing_Conversion_Lift,Social_Media_Campaign_Effectiveness,Personalized_Offer_Acceptance_Rate,Campaign_Response_Time_Avg_Hrs,Customer_Segment_Response_Variance,Marketing_Channel_Cost_Efficiency
2c09ab04-219e-47d6-9514-16e927c783a0,2025-09-22,CAMP-5337,Awareness,SMS,3.59,1.21,10.44,4.07,Demographic,5.97,1.88,8.65,12.3,90.46,87.16,3.06,0.7,30.18,13,0.45,0.77
deff04da-75b4-496c-9d99-957ed20a6bff,2026-01-01,CAMP-7320,Upsell,App Push,4.19,2.5,28.81,0.24,Behavioral,6.89,10.59,4.68,27.73,13.96,225.67,-1.07,0.6,11,35,0.18,0.6
5879b64b-5fb8-42db-b26b-83251f46b514,2025-09-28,CAMP-5022,Upsell,SMS,5.76,4.2,20.69,2.91,Behavioral,8.25,4.95,8.71,8.48,31.45,200.1,5.42,0.91,44.68,28,0.46,0.75
f52aacfb-16e7-405d-be32-c0d6cc595bc0,2025-10-11,CAMP-2619,Retention,App Push,9.3,1.79,6.01,4.04,Geographic,1.92,6.84,1.85,22.52,14.57,236.54,-0.08,0.56,42.49,3,0.43,0.85
98a8b9ca-68c6-4c2d-9e26-cff79e939524,2025-12-25,CAMP-1331,Retention,Social Media,8.53,1.3,29.97,1.23,Demographic,6.57,13.5,1.04,23.98,34.81,58.19,-1.19,0.93,49.64,13,0.3,0.95
3c0ff298-edd3-4ecb-bf7f-72e9ecb7c261,2026-06-30,CAMP-1351,Upsell,App Push,1.89,3.15,20.22,0.32,Geographic,5.31,9.64,6.53,28.57,11.46,221.53,8.79,0.93,22.39,22,0.36,0.67
cba28ffd-47cd-460c-a989-1bb6910c17af,2026-07-09,CAMP-8728,Retention,App Push,2.38,4.1,14.85,1.6,Geographic,6.4,1.43,2.76,25.82,73.61,280.78,3.73,0.66,49.14,33,0.26,0.86
6927637e-fe9d-446c-8532-db1c9adc1e61,2025-12-18,CAMP-6334,Awareness,Social Media,6.63,1.91,28.5,1.19,Behavioral,4.65,14.4,1.27,6.94,98.27,238.25,-0.1,0.69,15.59,47,0.14,0.69
4e1a5c56-7df2-448a-93d4-c027e197d67e,2026-03-01,CAMP-2167,Upsell,Website Banner,5.23,4.35,15.43,1.2,Behavioral,8.33,9.32,5.94,27.33,54.83,179.48,6.81,0.8,14.23,36,0.48,0.94
9f39fe6e-bf86-4100-a065-baa1ca4b5e4d,2026-07-12,CAMP-2907,Promotional,Social Media,4.07,3.58,22.2,0.98,Behavioral,1.82,7.94,7.59,13.11,28.66,88.44,6.47,0.86,37.37,28,0.1,0.67
75522595-0d45-4ba8-afaf-c47bcefd0fac,2025-12-13,CAMP-6489,Upsell,Website Banner,6.15,2.56,7.08,3.44,Demographic,7.36,11.53,5.07,18.66,57.28,280.56,-0.18,0.67,25.6,6,0.34,0.65
fb55ebe2-da44-4290-98e8-9df82e7d8d44,2026-06-25,CAMP-8385,Promotional,Website Banner,8.36,0.85,12.03,0.52,Behavioral,7.27,14.68,8.58,23.81,69.66,285.06,8.05,0.75,20.52,18,0.31,0.93
c17f29b4-ab73-4004-ba66-996f5dbb314e,2026-03-14,CAMP-3946,Upsell,Email,3.19,2.87,10.92,1.33,Behavioral,9.07,1.65,5.33,28.65,84.07,108.06,6.78,0.92,42.22,40,0.44,0.97
e6e03f0a-a8ca-483a-becc-e4bd514a9a74,2025-08-27,CAMP-8438,Promotional,App Push,8.76,1.5,7.29,0.59,Demographic,5.61,11.83,5.74,21.9,88.96,175.51,9.23,0.98,33.36,3,0.44,0.7
86bbc70c-07d7-40ac-94f8-104ac49334a5,2025-12-09,CAMP-9448,Awareness,Email,6.14,2.68,20.03,2.8,Behavioral,9.38,8.88,7.58,15.4,77.46,205.58,3.33,0.84,27.18,6,0.21,0.91
067f3501-953b-428f-89d4-263f076e1acd,2025-08-31,CAMP-7614,Upsell,Website Banner,4.18,2.02,8.81,3.99,Geographic,2.18,7.29,4.93,28.01,26.54,235.7,3,0.58,36.55,39,0.45,0.66
718cacad-8586-4761-91c9-1316f7c0a475,2025-09-19,CAMP-6200,Awareness,App Push,9.31,0.75,21.45,1.14,Demographic,4.56,4.89,2.58,14.39,86.37,210.51,6.72,0.89,34.48,20,0.28,0.84
5378b6bb-d623-4ea2-a4c1-6b683610e422,2026-03-15,CAMP-1290,Awareness,Email,8.4,1.99,8.11,0.89,Geographic,1.45,2.3,3.79,23.54,87.62,188.23,-1.75,0.61,26.06,8,0.1,0.74
b277bc92-37cb-49c0-80d1-db5e65424792,2025-10-12,CAMP-4839,Awareness,Email,8.54,1.09,16.95,0.18,Behavioral,7.5,1.79,2.39,6.66,73.05,124.92,7.11,0.56,31.84,38,0.23,0.69
21ef78db-56ae-48e0-a26b-d2c96c90246a,2025-11-25,CAMP-4454,Awareness,Email,7.2,4.06,29.23,2.1,Demographic,2.32,7.73,5.48,12.84,93.79,246.36,9.15,0.89,22.42,2,0.23,0.75
8eba5873-48fa-43af-982e-166b6141b414,2025-08-16,CAMP-5082,Retention,SMS,4.91,2.75,11.34,1.64,Geographic,3.38,10.36,3.36,27.38,90.9,258.33,0.14,0.92,49.57,27,0.24,0.98
f77b4582-1391-4416-b128-4f7fe39bd772,2026-04-24,CAMP-8103,Upsell,Website Banner,4.18,0.83,18.93,2.12,Geographic,9.28,3.79,1.57,27.97,95.5,152.85,3.38,0.78,31.43,9,0.23,0.75
d7326dad-fde3-415a-91e2-23df4754a31b,2025-08-07,CAMP-6658,Retention,Social Media,7.64,2.02,13.98,2.78,Geographic,6.14,5.9,1.33,29.13,58.29,128.68,7.22,0.89,30.09,14,0.15,0.89
1f9cd6ff-91ea-4236-aba5-39b8aa3782b8,2026-04-09,CAMP-5656,Promotional,App Push,4.33,3.32,29.05,4.53,Behavioral,7.8,5.81,9.18,8.03,59.92,164.37,-0.27,0.74,48.89,26,0.43,0.78
95f6af79-8169-4f80-bcf9-efc957b1da0a,2026-05-29,CAMP-6926,Awareness,SMS,9.15,2.56,21.31,2.01,Geographic,8.05,13.15,1.99,22.64,26.54,195.75,0.25,0.96,32.14,31,0.18,0.79
861f87e3-6218-4555-96a4-6c35cb44d85a,2026-06-28,CAMP-6771,Awareness,SMS,7.83,4.87,23.72,0.64,Demographic,8.12,12.36,8.01,22.9,10.87,285.99,-0.29,0.86,48,41,0.5,0.97
570d77f3-383f-47d3-8c94-313c3a78a7cf,2026-05-10,CAMP-8037,Promotional,Social Media,3.86,2.05,12.48,4.51,Behavioral,4.33,1.79,8.2,18.07,96.79,253.86,7.13,0.76,37.38,22,0.41,0.78
3dfdb44d-783d-496e-97c3-fe2a83a61450,2025-10-29,CAMP-3507,Awareness,Website Banner,5.53,2.81,18.2,4.36,Geographic,8.84,8.11,4.07,23.32,78.14,263.92,-1.35,0.94,29.14,22,0.39,0.86
27d57e68-9b01-4969-b6ab-bce111081bc5,2026-04-30,CAMP-1523,Retention,App Push,2.5,4.68,16.52,3.03,Geographic,8.89,7.9,1.32,19.67,39.62,219.72,9.31,0.97,36.17,27,0.4,0.66
0e659e4f-d88d-4d3e-bc0e-002daea53dd5,2026-04-26,CAMP-5128,Promotional,Email,9.49,0.8,13.14,2.92,Demographic,6.82,9.83,3.46,19.05,76.65,135.55,1.08,0.58,31.68,40,0.35,0.98
358d4f4f-9863-4dc9-bb81-9755364c58b8,2025-08-29,CAMP-8095,Upsell,Email,1.6,3.11,20.95,0.54,Behavioral,3.14,8.75,1.04,17.3,12.47,296.23,-0.38,0.51,44.66,44,0.14,0.97
ab2b7277-0146-496b-a98c-105f28f5c8cc,2025-08-24,CAMP-8849,Promotional,SMS,4.21,4.95,12.32,4.6,Behavioral,5.84,1.07,8.64,20.83,71.01,101.56,-1.97,0.61,43.46,24,0.26,0.77
bbf84fd7-60a3-40ab-a64f-8c175c7d7ddb,2026-07-20,CAMP-4291,Retention,Website Banner,2.62,1.9,25.64,1.42,Behavioral,0.57,13.59,5.9,16.45,72.08,84.11,7.6,0.97,16.22,19,0.23,0.68
72788848-85ee-4023-a9c5-c584ccf7ddeb,2025-10-01,CAMP-3071,Awareness,Website Banner,9.44,3.8,17.08,2.48,Behavioral,5.64,6.18,7.15,12.53,42.31,134.52,4.72,0.5,34.6,39,0.41,0.91
89591d41-1e0a-478d-9dbb-42a740804ef8,2026-05-02,CAMP-7004,Retention,Website Banner,2.86,3.39,25.94,3.12,Behavioral,8.5,3.36,8.03,12.36,19.87,284.02,0.37,0.93,20.37,8,0.21,0.68
b00d7f56-a921-42ec-9809-177cb0459e7e,2026-06-24,CAMP-3547,Awareness,SMS,7.76,1.54,19.3,4.88,Geographic,6.95,11.4,3.13,27.87,52.82,272.68,-1.37,0.56,18.35,33,0.24,0.78
2ceb8ad8-03a4-4825-a656-1b2fc661a8de,2026-07-24,CAMP-7200,Promotional,Email,6.38,1.88,10.49,1.74,Demographic,0.55,14.26,7.96,24.9,75.57,251.6,-0.63,0.64,49.73,43,0.43,0.92
804e4a64-3f7d-479c-99d4-64ca1cd7cb9a,2026-02-20,CAMP-2640,Awareness,Website Banner,2.5,2.42,25.93,3.42,Behavioral,6.34,3.2,4.55,28.96,79.63,96.57,-1.54,0.81,16.53,16,0.49,0.77
6debca44-1a21-4ca9-89dd-86502f2601c0,2026-05-24,CAMP-5243,Promotional,Email,9.4,4.75,23.91,3.58,Geographic,9.38,2.87,8.28,26.43,38.44,132.29,5.7,0.67,10.05,39,0.3,0.86
b1d8d4dd-e3af-4c5f-acba-7561c341d426,2026-06-14,CAMP-1427,Retention,Email,3.13,4.67,16.18,0.3,Geographic,2.32,5.65,4.8,15.48,67.6,88.94,6.09,0.78,28.96,19,0.27,0.7
a7f938e2-5e5b-4ab6-834c-7526b2f8f028,2025-12-28,CAMP-4170,Retention,SMS,5,0.82,27.39,4.61,Demographic,4.44,13.41,7.17,18.57,64.71,177.62,2.86,0.69,31.47,34,0.17,0.97
57d71c8e-8284-47c7-81da-9a6c6f425bfe,2025-08-05,CAMP-2441,Upsell,Website Banner,4.02,2.2,15.55,0.33,Behavioral,8.63,1.85,3.79,10.48,50.03,149.93,6.69,0.75,46.59,40,0.34,0.89
96057564-3d80-4ace-9d67-b20900c9a4cf,2025-12-24,CAMP-9164,Upsell,Website Banner,7.99,1.4,11.17,4.85,Demographic,9.17,3.37,4.68,21.4,36.48,164.03,9.91,0.97,19.87,11,0.22,0.95
9a83b4db-059a-400e-87d1-320348e1a3c8,2026-01-13,CAMP-2159,Promotional,Website Banner,5.97,2.61,13.39,0.3,Behavioral,6.53,6.11,5.86,28.73,15.1,250.72,9.62,0.72,30.18,46,0.43,0.71
cebbd943-9410-47e0-8a34-5b11d0bf3ae5,2025-11-15,CAMP-5972,Retention,Website Banner,8.73,0.62,8.82,3.85,Behavioral,9.23,3.9,9.56,19.35,74.53,152.26,9.27,0.9,49.75,6,0.37,0.88
6d35d21d-e140-41d5-90e0-039fefbc5151,2025-08-28,CAMP-7231,Upsell,Email,2.37,3.79,9.7,1.08,Demographic,5.6,5.42,5.63,21.36,96.37,112.46,-0.35,0.9,24.66,6,0.29,0.73
6f29dd7d-66d0-417b-af4d-3f1a1630778f,2026-07-19,CAMP-8589,Retention,App Push,1.68,3.38,23.76,4.24,Demographic,6.49,14.59,9.72,29.53,84.24,224.54,0.74,0.7,39.28,3,0.33,0.67
893da184-21d1-4401-a920-bfe5abe835f9,2026-05-30,CAMP-5210,Awareness,Website Banner,5.48,1.82,21.87,2.96,Demographic,4.49,7.25,9.98,23.76,11.55,95.28,0.75,0.72,30.1,46,0.19,0.62
1a3d26c3-ce68-42ae-90c4-ff8e12bba0f0,2025-11-26,CAMP-9459,Awareness,SMS,7.55,0.93,7.87,4.7,Behavioral,6.36,7.18,7.84,29.77,86.71,78.33,1.93,0.97,31.49,39,0.18,0.98
afcbe6f1-78ba-4d76-923b-08c475280e0c,2025-12-22,CAMP-6866,Promotional,Email,5.5,3.24,7.37,4.15,Behavioral,2.57,8,5.67,19.89,53.14,129.35,8.16,0.66,18.7,11,0.13,0.72
75f7edca-16ca-41bd-95bc-8efe5a5cf0d9,2026-03-12,CAMP-3855,Upsell,Website Banner,2.83,0.72,11.74,1.17,Geographic,9.37,2.92,3.37,19.73,14.62,156.35,1.63,0.93,35.1,28,0.42,0.89
bfa214f2-be10-44c4-acc7-3b39cba54db6,2026-01-25,CAMP-6706,Awareness,Email,8.97,1.49,21.38,3.67,Geographic,4.15,14.45,8.67,24.71,35.44,230.97,0.63,0.53,49.7,7,0.45,0.64
fcfe3857-569c-448b-94c8-4ab11dc32cb6,2026-01-14,CAMP-3761,Awareness,Website Banner,6.27,2.27,19.71,4.16,Geographic,2.89,10.5,3.78,10.97,15.94,216.1,0.22,0.7,41.17,43,0.49,0.89
e4202294-55c0-4b46-b35a-45a6af19cc70,2026-03-05,CAMP-3058,Retention,Social Media,9.44,1.25,16.5,3.08,Demographic,9.3,12.23,6.26,14.25,66.73,236.58,0.21,0.58,48.56,4,0.44,0.86
223613e0-5dda-4390-be6c-bc55d8e8f7a2,2025-08-29,CAMP-5935,Promotional,Website Banner,8.51,3.91,27.48,1.38,Behavioral,3.9,8.91,5.71,9.21,84.85,56.15,6.37,0.77,21.04,32,0.27,0.79
625ce1bc-7c77-41d4-baf6-fa26fb5d6125,2026-01-06,CAMP-5452,Awareness,SMS,1.81,2.58,6.53,1.27,Demographic,5.91,13.9,4.7,9.84,91.28,226.25,1.71,0.85,40.94,33,0.28,0.91
19f255e7-4ae5-4ff7-a462-c8b834ea703a,2025-09-28,CAMP-4243,Retention,App Push,1.12,4.7,29.52,1.8,Geographic,5.85,11.13,8.69,23.29,28.07,251.15,7.82,0.51,32.03,18,0.12,0.89
d053d35b-5876-4785-b35c-8e0a37f7e78b,2025-12-25,CAMP-2985,Awareness,Social Media,1.85,4.23,6.7,0.78,Geographic,4.3,4.56,4.67,16.55,28.16,144.67,-0.71,0.56,47.33,14,0.37,0.79
740531fb-0566-4b55-a849-fb59693f3ad5,2025-10-19,CAMP-9902,Awareness,SMS,2.21,2.02,28.34,2.33,Demographic,7.54,12.84,4.7,29.32,78.75,286.44,4.56,0.77,43.64,2,0.47,0.65
6e4be5af-46de-464e-9527-6ac7ded50255,2026-05-09,CAMP-7689,Awareness,Email,7.16,1.96,27.76,3.36,Demographic,6.43,11,8.13,24.6,28.11,298.56,4.77,0.93,24.61,23,0.4,0.72
07092e7a-88cc-48a4-a411-e2f2f84c3279,2025-11-03,CAMP-5065,Upsell,Email,1.58,1.08,27.54,4.19,Behavioral,8.51,1.91,2.21,9.7,95.78,216.16,3.66,0.66,12.95,18,0.34,0.84
179951fd-ce39-473e-88a0-caebf43ca1e0,2025-10-15,CAMP-8786,Promotional,Social Media,1.11,2.6,17.59,1.97,Demographic,6.78,13.27,2.9,26.09,91.83,238.62,9.46,0.6,28.75,44,0.44,0.76
77c0ba79-551f-4f81-8574-fd6c2264b4a0,2026-01-27,CAMP-3664,Retention,SMS,8.2,1.33,29.23,2.16,Demographic,3.08,10.04,1.36,10.04,66.45,264.27,6.17,0.95,29.19,24,0.39,0.91
8d3c3559-9e7f-4c91-82a6-f6bf19d97ffc,2025-08-06,CAMP-6876,Promotional,Email,6,3.6,23.58,2.01,Demographic,2.66,11.2,8.14,18.55,88.9,265.94,2.05,0.72,16.46,46,0.15,0.83
54c1d2c6-be1e-437a-87f1-3863fc428a6a,2025-12-25,CAMP-7086,Retention,Email,2.5,3.34,5.21,3.22,Behavioral,8.9,14.55,1.06,17.55,93.42,277.86,9.44,0.9,32.22,46,0.18,0.77
885f8bdd-89bf-4268-8445-a6db41b773ef,2025-12-30,CAMP-5644,Awareness,SMS,4.97,3.23,24.08,4.84,Geographic,2.61,1.3,1.65,15.62,48.05,250.41,-1.55,0.71,27.15,35,0.47,0.64
df4b1dbd-aaf8-45bc-ad69-d91477c5a09e,2026-04-15,CAMP-6224,Awareness,Website Banner,7.69,0.65,12.67,2.45,Behavioral,4.54,8.44,7.25,10.43,92.41,251.64,5.02,0.78,48.18,33,0.23,0.86
85f54a61-e369-4ece-b069-331e070c8453,2026-06-22,CAMP-5940,Promotional,SMS,2.3,2,10.72,2.48,Geographic,5.5,7,4.35,19.1,90.69,273.58,7.86,0.66,24.02,20,0.2,0.65
837b094b-50cc-4e0a-9776-d8af4227279e,2025-09-06,CAMP-8876,Promotional,SMS,4.94,1.87,10.73,3.42,Behavioral,9.87,13.87,1.07,7.3,89.65,231.46,5.53,0.78,14.89,39,0.21,0.99
deba6222-9ff1-4995-bc66-1cfd1a1446d2,2026-02-28,CAMP-8392,Awareness,App Push,6.61,2.02,29.83,3.57,Geographic,6.61,8.9,2.27,22.32,61.31,241.01,2.81,0.73,45.5,29,0.14,0.92
f963a82b-24b2-47a9-8c05-369a65e54e7e,2026-01-28,CAMP-6829,Awareness,SMS,5.97,3.86,15.2,4.37,Demographic,4.53,7.93,3.91,18.04,12.69,220.68,-1.25,0.55,46.47,22,0.17,0.91
62a27c12-77d1-48ad-9673-fc6b70bdea05,2025-11-08,CAMP-5531,Awareness,SMS,9.23,3.29,10.44,3.54,Geographic,9.61,5.16,1.14,25.89,15.71,199.43,-0.79,0.61,19.65,4,0.38,0.87
54c960b2-73e7-47f8-bbe8-37948e550fcc,2026-05-14,CAMP-9395,Awareness,Email,6.88,4.55,5.69,4.65,Geographic,6.47,1.73,5.6,12.73,95.76,162.1,7.76,0.82,36.45,11,0.35,0.72
d9ea4dd0-7a26-4c40-a51f-f7ed4bb3d756,2026-05-06,CAMP-5999,Upsell,SMS,8.44,3.72,20.84,1.64,Behavioral,9.45,11.25,3.85,19.63,21.67,228.44,1.41,0.76,45.95,38,0.27,0.7
884904ac-fc27-4b5a-8184-7f551ff98fe4,2026-04-09,CAMP-4261,Promotional,App Push,1.61,2.87,8.06,0.24,Demographic,5.38,4.84,4.01,25.02,88.55,280.95,7.75,0.54,42.49,30,0.36,0.61
0f1ffce3-2d0b-4dce-8b4d-b3eb51cc4db8,2025-11-27,CAMP-6592,Promotional,Social Media,9.5,3,20.43,1.91,Geographic,8.05,1.11,9.6,7.58,55.02,58.52,9.57,0.94,42.06,22,0.25,0.66
5ef6ad01-50ce-4162-98ab-2e4b872018a2,2026-07-14,CAMP-3542,Promotional,Email,2.03,3.92,21.72,0.44,Behavioral,1.56,4.8,7.79,19.39,46.44,121.89,-0.34,0.75,18.1,48,0.15,0.67
2dccaf08-6e55-408a-9f12-a9d1eef1a562,2026-04-16,CAMP-4926,Promotional,Social Media,9.17,4.5,27.46,1.47,Behavioral,1.48,3.4,4.97,16.84,16.94,178.58,3.99,0.63,38.48,31,0.32,0.98
4d325948-beb6-4116-8ea7-5d7e91624fec,2025-07-26,CAMP-2176,Upsell,Social Media,1.76,3.34,17.34,3.22,Geographic,6.08,13.26,5.07,19.08,70.51,93.53,0.15,0.96,45.59,6,0.13,0.6
c4346eca-aa0d-409e-b430-7b3ba601b70f,2025-12-13,CAMP-8252,Retention,SMS,9.03,1.29,7.15,2.04,Behavioral,6.87,10.58,2.29,19.53,76.89,260.13,0.44,0.61,40.29,15,0.22,0.74
1430c690-0393-4315-8e9a-8625007b91e9,2025-12-12,CAMP-1554,Promotional,Email,7.26,3.86,28.61,4.42,Geographic,2.75,2.59,3.34,22.57,21.73,271.93,0.52,0.94,44.49,45,0.45,0.67
a6c100ec-edef-4399-9785-9f951106d7d8,2026-05-19,CAMP-2381,Retention,Email,3.23,4,27.19,2.98,Demographic,5.57,13.7,9.97,15.75,32.07,158.39,2.6,0.74,29.31,45,0.33,0.87
fde60e8b-b377-4fa7-a677-c943ca113fc8,2026-01-10,CAMP-1622,Retention,SMS,1.82,1.34,24.91,2.76,Geographic,0.86,11.27,2.19,16.56,32.84,200.7,-1.98,0.65,24.4,11,0.41,0.6
fc2afd94-504c-416f-994f-5c533233628d,2026-01-03,CAMP-9408,Upsell,SMS,7.92,2.14,13.49,3.99,Geographic,3.97,6.89,6.53,7.48,54.1,267.51,1.29,0.84,42.36,27,0.33,0.7
4facedfc-9d65-4647-8dbd-1d344691fbb3,2026-07-24,CAMP-3173,Retention,App Push,8.48,1.26,29.33,1.74,Geographic,5.48,3.2,8.11,25.28,16.64,126.47,0.1,0.84,21.15,15,0.32,0.62
e9868164-7932-4711-8f29-e10aca4b545a,2026-01-15,CAMP-9339,Awareness,Website Banner,3.82,1.81,21.14,1.39,Demographic,9.85,4.77,1.92,15.88,70.23,79.26,6.99,0.83,48.04,29,0.39,0.97
6982edcb-7192-4ee3-ae33-2befb8e3e737,2025-10-07,CAMP-6851,Upsell,App Push,2.28,0.8,7.68,0.53,Behavioral,7.27,12.45,3.95,25.99,11.76,252.59,9.83,0.88,12.52,38,0.14,0.96
c15d68af-4930-426c-b3bf-6ca1fef0b95c,2025-12-21,CAMP-8098,Promotional,SMS,6.95,4.91,20.66,2.7,Geographic,7.58,12.84,8.92,24.44,31.89,50.21,9.65,0.97,35.43,40,0.48,0.86
0233e97d-5b8b-4e14-9a72-7df87d6e0cc0,2025-09-30,CAMP-8052,Retention,Social Media,2.37,3.77,15.22,1.93,Demographic,3.04,12.45,6.66,21.56,20.17,285.21,6.03,0.6,36.36,43,0.38,0.65
d30ef4ea-1c7e-40b1-934c-aa1a2563a085,2025-08-31,CAMP-3409,Awareness,SMS,2.9,1.22,27.89,3.06,Geographic,5.71,3.34,1.85,5.49,57.13,295.77,7.52,0.56,18.67,21,0.31,0.69
41a1e3eb-7a96-4755-a41e-43f504d8ab69,2026-01-24,CAMP-1974,Promotional,SMS,2.2,4.71,29.28,0.77,Behavioral,0.7,9.05,6.7,17.68,43.15,211.53,2.08,0.94,45.58,13,0.49,0.86
522b674f-579a-466f-b389-6a8d28e7b95a,2026-04-01,CAMP-3092,Upsell,App Push,6.49,3.9,14.25,4.25,Demographic,3.19,1.87,2.52,21.89,56.45,232.72,-0.1,0.51,11.6,46,0.24,0.69
f5865145-a8b6-4dd0-9cc3-cefab68cf20f,2025-12-31,CAMP-5836,Retention,Social Media,2.04,4.36,6.58,2.69,Demographic,7.34,4.14,7.23,17.85,22.47,162.19,-0.96,0.85,10.08,2,0.32,0.71
15ac841d-f2e7-45b4-8834-99bc35f7fd9a,2026-03-22,CAMP-9548,Retention,Website Banner,7.94,4.77,19.37,4.65,Geographic,4.38,13.51,8.87,20.33,19.07,252.17,9.66,0.51,13.43,35,0.1,0.7
cda47dee-f72a-43df-842e-63f417c0d171,2026-05-13,CAMP-4128,Retention,Social Media,8.33,4.32,28.8,4.8,Geographic,8.66,1.32,2.85,18.27,90.25,270.61,7.17,0.57,41.96,22,0.5,0.77
35decbf1-f810-4a28-9824-7265b6109588,2025-09-27,CAMP-9168,Upsell,Email,7.85,0.57,8.31,2.91,Demographic,5.74,2.71,7.96,11.93,69.82,167.89,-0.64,0.83,25.68,29,0.22,0.82
55104c6f-3579-4e88-8fab-39c2e69e4053,2026-01-16,CAMP-2123,Upsell,Website Banner,1.5,3.39,13.86,3.52,Behavioral,3.22,1.76,4.71,6.48,94.47,114.52,3.51,0.66,28.45,36,0.25,0.84
c57f91ff-033c-46f2-9292-ff0605cd2861,2025-10-30,CAMP-4554,Upsell,SMS,4.47,2.39,23.84,4.93,Geographic,0.68,13.73,9.41,14.52,26.42,285.78,6.63,0.62,39.22,2,0.26,0.66
cd4b34dc-9c83-4b52-ad59-cc2cd38c4e4f,2026-07-08,CAMP-9895,Upsell,SMS,6.7,4.72,20.33,2.75,Behavioral,2.08,9.61,2.7,19.67,12.18,105,3.92,0.89,38.52,28,0.24,0.9
56e70091-adb5-45b5-9997-cd72f1994867,2025-10-27,CAMP-8040,Promotional,Social Media,4.53,4.44,14.32,0.56,Demographic,5.1,11.4,9.62,7.17,13.9,260.17,6.51,0.93,45.73,48,0.24,0.99
a225ecd2-da28-4be8-a8c3-4a533ea125f7,2026-01-17,CAMP-2245,Retention,App Push,9.62,2.18,9.16,3.21,Geographic,9.95,10.63,4.37,17.51,87.38,299.34,3.65,0.7,16.47,29,0.32,1
455e6e06-ba43-447a-98be-b8f70fe1db36,2026-07-10,CAMP-1269,Awareness,App Push,6.49,2.87,6.59,1.58,Demographic,5.23,5.03,9.45,10.89,95.89,207.07,-1.59,0.97,26.91,4,0.31,0.92
c75a60ce-38d0-41cc-bcf5-6f46a9895ad0,2026-02-06,CAMP-7919,Promotional,SMS,4.62,1.99,6.04,0.35,Behavioral,8.85,11.13,8.68,14.8,62.33,103.44,8.96,0.74,22.72,43,0.21,0.98
9a3a5ee4-4217-4a84-8f39-d6173e5d2683,2025-12-31,CAMP-1663,Promotional,Social Media,5.62,3.52,22.32,3.19,Behavioral,3.05,13.09,6.11,14.56,23.22,237.99,4.2,0.99,48.97,25,0.11,0.74
a794ce79-992a-4219-a295-c7b1037af474,2026-05-23,CAMP-9551,Upsell,Website Banner,3.56,4.2,5.6,4.11,Behavioral,2.85,4.26,5.16,11.22,27.94,208.98,4.12,0.9,19.78,7,0.47,0.7
a89b0fd9-f5f3-4832-a5d4-114f94aff5e1,2026-02-22,CAMP-5695,Promotional,Website Banner,4.84,1.95,24.97,3.28,Behavioral,9.69,1.79,6,7.92,44.82,207.63,7.64,0.53,33.48,42,0.22,0.66
9f5ba7b2-4b66-4379-8371-e90d1f0880b4,2026-04-19,CAMP-3326,Upsell,SMS,5.68,2.09,18.22,2.94,Demographic,9.41,14.4,8.26,8.7,67.55,171.73,9.51,0.5,24.23,44,0.17,0.77
db6fd69f-d109-4fa6-a0a4-a82081ac96ea,2025-10-29,CAMP-4107,Upsell,SMS,4.89,2.22,22.36,4.43,Geographic,9.53,5.06,6.19,18.87,63.93,191.76,5.6,0.84,13.62,32,0.29,0.87
ab77f8a2-a14c-42d0-b106-f5febeec5720,2025-11-04,CAMP-1200,Promotional,App Push,3.97,4.87,29.31,4.07,Demographic,4.01,12.74,2.95,20.8,24.01,191.56,6.25,0.58,14.9,33,0.11,0.76
1ee13ebc-8a99-4ec0-8987-cbd806294ffd,2025-08-02,CAMP-6767,Awareness,App Push,5.02,4.67,6.34,0.34,Geographic,3.98,1.72,2.96,9.13,62.49,128.35,2.56,0.56,11.47,35,0.39,0.93
def31e08-5f67-4b6c-9839-2055d7e382ac,2026-01-19,CAMP-1057,Retention,Social Media,8.1,4.92,22.82,4.56,Behavioral,3,9.81,7.25,13.3,82.06,169.67,6.31,0.53,49.88,6,0.26,0.97
6411849d-ed29-4920-b3bd-9e4ecef68b6a,2025-12-06,CAMP-9297,Retention,Social Media,5.85,4.85,27.88,0.81,Geographic,7.64,2.39,8.17,6.56,12.1,71.42,4.86,0.8,19.27,38,0.26,0.86
c2190f8b-a158-49b4-98af-6e9ea5525295,2025-10-07,CAMP-1163,Upsell,App Push,4.16,1.76,18.82,2.4,Demographic,4.16,6.16,1.92,8.06,10.55,77.6,-0.64,0.66,45.34,28,0.14,0.74
18ab7c8c-9838-4f54-93cc-3968f7cc651a,2026-03-27,CAMP-5644,Retention,SMS,1.77,2.41,15.99,2.5,Demographic,3.01,13.03,2.82,8.45,84.01,257.82,8.1,0.96,20.25,45,0.5,0.75
c319b454-3ff7-4236-ada1-dd7cff37f76d,2025-12-23,CAMP-9890,Promotional,Social Media,3.32,3.82,19.7,3.82,Behavioral,7.71,8.58,1.85,16.12,17.82,267.08,8.76,0.63,21.41,19,0.12,0.98
869df676-b0c8-4c7d-9ebc-8a13c7af8580,2026-06-20,CAMP-7786,Promotional,Social Media,7.91,4.92,21.04,2.19,Geographic,1.97,10.96,6.64,9.03,80.23,252.03,0.93,0.58,38.75,27,0.22,0.93
f46791aa-4738-40d4-8ef2-ea6ea1533bf2,2026-06-20,CAMP-5111,Awareness,Email,8.49,3.81,25.75,0.8,Geographic,1.57,2.92,6.42,10.58,53.9,266.88,-1.33,0.69,21.29,21,0.31,0.63
fbe33376-053f-431f-8941-ffc84965d7e9,2025-09-16,CAMP-3228,Awareness,Email,1.04,1.7,13.6,2.61,Geographic,4.96,7.96,8.28,13.22,46.97,229.17,4.35,0.94,15.51,33,0.39,0.96
f5bd4045-97ad-4cc3-a2cd-7d8b9db7de3e,2025-10-27,CAMP-3990,Awareness,Social Media,2.46,2.43,28.37,3.47,Geographic,1.37,10.54,8.18,16.08,22.96,87.01,6.87,0.58,13.91,25,0.43,0.8
5b44771a-75b1-469c-86b9-88892ab958ea,2025-11-25,CAMP-7094,Promotional,App Push,8.46,4.5,12.12,4.11,Behavioral,2.44,3.06,3.01,18.05,98.08,183.86,-1.72,0.75,40.64,44,0.25,0.66
d2d13567-38c1-48b8-96df-0b80bb56b4d0,2025-09-03,CAMP-9632,Retention,Email,4.63,0.8,16.05,4.93,Geographic,6.35,14.4,2.89,18.18,31.8,225.59,1.73,0.76,21.66,20,0.41,0.85
4adb8d98-efb8-43ff-9223-1e6c5db6b5d7,2026-06-15,CAMP-5227,Upsell,Website Banner,1.53,3.68,14.6,1.76,Demographic,6.09,3.24,5.24,23.5,27.04,298.83,7.81,0.95,46.57,33,0.28,0.81
07071ade-3370-45a7-bd7c-84e2d154630d,2025-08-20,CAMP-1258,Promotional,App Push,9.94,4.75,18.76,2.44,Demographic,2.63,10.13,9.39,12.38,85.41,184.92,9.38,0.82,27.89,10,0.5,0.89
8bec2a8a-1c8e-4b04-926e-42644e4cc643,2025-12-11,CAMP-3667,Awareness,Email,5.73,1.3,16.39,0.85,Geographic,7.21,5.8,9.69,16.57,43.33,55.51,1.44,0.88,27.34,46,0.38,0.8
03a8ef64-4b8d-4d57-902a-6263f3c5a32a,2025-09-28,CAMP-3963,Upsell,Social Media,8.42,1.89,10.16,2.8,Demographic,3.5,10.11,3.43,6.41,78.09,70.52,1.16,0.7,41.02,39,0.28,0.63
66314ea0-e499-486b-b810-24ce62ecef32,2026-03-07,CAMP-1974,Retention,Social Media,7.27,1.4,9.45,3.38,Geographic,8.03,10.74,4.05,20.15,13.42,206.26,5.8,0.99,28.09,14,0.27,0.85
54676a92-e0dd-4aa9-b8f3-8e9c1631699f,2025-11-20,CAMP-8111,Awareness,Email,1.48,3.13,16.87,4.86,Behavioral,6.27,10.78,2.99,23.2,47.07,147.34,4.67,0.62,15.71,44,0.45,0.81
ebeb9a72-d686-44b6-8a83-8945058a7d57,2025-08-12,CAMP-7750,Awareness,Social Media,9.81,4.93,22.87,3.81,Demographic,2.43,14.71,7,18.13,57.75,126.51,5.82,0.93,19.34,19,0.17,0.97
aedf1f5b-23b1-4e02-adfb-06ac47da786f,2025-11-29,CAMP-2431,Awareness,App Push,8.32,4.93,26.94,4.44,Geographic,9.2,3.27,6.36,8.43,55,78.82,7.96,0.67,22.73,46,0.18,0.66
a741ac80-766b-43bf-a62a-3aa71d8ad6c5,2026-02-17,CAMP-4832,Promotional,SMS,3.63,2.08,7.26,2.77,Geographic,7.32,8.56,6.45,19.85,45.03,53.98,2.29,0.73,35.23,33,0.3,0.77
a60f480c-634b-4229-accd-ff7179c362ae,2026-06-21,CAMP-8543,Retention,Website Banner,4.58,4.29,7.29,1.33,Demographic,8.89,6.46,6.35,15.73,44.03,223.19,6.16,0.98,48.87,38,0.22,0.71
d29a386f-80ac-4c46-8484-57608cbaf960,2026-01-06,CAMP-4383,Promotional,Website Banner,4.87,1.85,16.47,4.02,Demographic,9.01,4.92,9.76,5.22,32.53,268.15,9.79,0.84,12.23,38,0.24,0.81
4655f814-af19-48c0-b575-2b64f186042a,2026-04-25,CAMP-4362,Upsell,Social Media,6.14,1.19,9.99,0.34,Geographic,3.66,3.72,9.17,14.61,56.65,268.01,3.62,0.52,13.77,6,0.34,0.94
faf35434-853b-45da-9d39-9c8a4c0940dd,2025-10-01,CAMP-5836,Upsell,SMS,7.21,1.11,7.24,2.87,Geographic,6.52,7.43,1.65,10.02,93.98,284.52,1.57,0.74,43.13,8,0.47,0.87
8c1581ec-13c0-4b45-8416-f79e6a7d2ef0,2025-10-03,CAMP-3634,Promotional,Email,5.69,4.16,17.19,4.2,Behavioral,3.08,9.98,9.79,20.19,72.06,158.56,1.15,0.74,23.11,23,0.17,0.71
88f662cc-816c-4b46-a6e0-af3215ad89c3,2026-01-04,CAMP-8661,Retention,Social Media,8.3,1.49,28.9,1.84,Geographic,5.23,12.2,9.66,27.08,24.2,131.17,4.91,0.59,24.97,36,0.4,0.74
245017a4-1c00-4402-8b12-2fd0072e3469,2025-07-27,CAMP-6587,Upsell,Social Media,2.12,1.58,22.23,2.37,Behavioral,9.04,3.13,7.55,25.04,93.7,75.6,-1.5,0.68,27.57,38,0.22,0.86
9b60341b-d4b6-46e2-ac22-30f3c6f8f901,2025-12-16,CAMP-2246,Upsell,Website Banner,7.13,1.68,9.19,4.54,Behavioral,9.19,8.03,3.45,29.82,30.63,268.46,5.11,0.51,20.08,47,0.27,0.88
a5dc8e43-2ea8-45a8-b4ad-b7a0c25e515a,2026-05-18,CAMP-1958,Upsell,Email,6.7,1.04,19.03,0.61,Demographic,6.77,12.02,3.77,23.93,34.88,162.85,8.47,0.55,30.88,38,0.23,0.76
d30f9b54-8815-443b-b26c-d13f2fe4ac2d,2025-09-19,CAMP-4074,Awareness,SMS,6.35,4.14,23.91,1.39,Behavioral,2.47,7.45,4.47,21.43,95.94,241.15,8.85,0.61,48.04,3,0.4,0.88
26fe90a1-ece6-497c-bb44-44d177a13c64,2026-03-04,CAMP-4869,Promotional,SMS,2.47,3.04,6.48,2.66,Behavioral,7.88,4.6,8.46,6.99,32.89,166.55,1.17,0.91,29.82,38,0.17,0.84
b41441c2-098c-4386-ac4d-dde26e2a9c63,2026-06-11,CAMP-7079,Upsell,Email,9.74,4.67,9.36,3.15,Geographic,7.86,2.64,4.97,26.3,33.38,86.41,3.09,0.59,34.87,9,0.38,0.63
698460a3-a0ca-41af-804a-25bebbeb5944,2026-01-12,CAMP-4686,Upsell,Social Media,8.99,4.12,5.74,2.78,Geographic,7.77,13.47,6.09,22.68,40.05,72.77,8.3,0.91,35.45,47,0.13,0.98
4ea56408-47eb-446d-8b99-9068216159e5,2025-10-14,CAMP-8858,Upsell,Social Media,7.08,2.53,15.49,2.07,Geographic,4.09,2.67,5.85,8.01,40.72,94.87,4.62,0.81,44.34,23,0.11,0.81
78d78e0c-a02a-4770-aea0-11337701d6fa,2025-09-17,CAMP-1458,Awareness,App Push,6.98,4.62,22.67,3.29,Demographic,2.87,6.18,9.71,10.78,60.5,204.19,1.6,0.77,49.63,48,0.49,0.82
b68b5515-192b-4e01-ad5a-0507f49eed0b,2026-04-09,CAMP-3413,Upsell,Social Media,3.04,3.33,22.47,4.57,Behavioral,5.63,9.36,3.71,23.77,17.67,192.89,3.96,0.94,41.25,36,0.3,0.91
8e7ea3fc-e06c-442c-b373-f70087b55305,2025-11-27,CAMP-7733,Upsell,Email,1.25,1.06,25.05,0.71,Demographic,0.95,5.48,4.38,25.85,99.94,178.32,-1.79,0.9,15.43,18,0.49,0.99
9f86c1c9-92bb-49b1-959f-760db3098cff,2025-10-09,CAMP-9917,Promotional,Email,3.14,1.86,23.51,1.67,Behavioral,7.34,9.93,3.24,9.51,32.81,211.73,3.67,0.93,49.83,33,0.31,0.83
eaf72c7a-325a-4fc2-afea-6ae3fe45112a,2026-04-15,CAMP-1906,Promotional,SMS,5.66,2.84,20.95,1.92,Geographic,9.98,3.94,4.1,22.17,28.88,155.47,8.6,0.62,36.95,30,0.12,0.87
3876fc75-43d3-4283-992d-f58d0a8aa2f1,2026-05-12,CAMP-2081,Upsell,Social Media,2.82,4.58,22.08,2.4,Demographic,1.23,2.21,8.85,25.01,46.63,266.24,7.17,0.91,24.16,45,0.22,0.81
adb82d47-ebfb-4ae2-a750-e48fdf7a8e70,2026-07-18,CAMP-3201,Awareness,Social Media,4.22,4.45,24.07,2.55,Demographic,2.19,3.04,2.79,13.08,57.3,216.14,4.65,0.84,12.43,6,0.12,0.7
541d2733-2db8-4bbd-ac98-26cde8a1b47b,2026-03-13,CAMP-2947,Awareness,Social Media,9.85,3.02,5.76,2.09,Geographic,1.81,8.72,9.05,20.08,31.37,54.53,5.62,0.8,49.39,28,0.2,0.91
57782fe2-9256-4d3d-bcf9-929b20448812,2025-10-05,CAMP-8364,Promotional,Email,6.49,2.08,13.86,3.18,Demographic,9.26,9.81,1.41,22.96,69.78,215.21,3.25,0.53,29.17,34,0.34,0.94
189ff92a-8c89-486a-acc6-11b249ed5047,2025-08-12,CAMP-3938,Retention,Social Media,8.08,4.67,27.49,3.98,Behavioral,1.4,6.47,7.88,6.8,26.36,287.78,7.44,0.79,17.43,43,0.32,0.69
c587da39-0fd5-4279-8746-1a8c4d5c8e2c,2026-04-29,CAMP-9582,Promotional,Social Media,4.17,3.99,21.07,0.89,Behavioral,1.41,10.12,7,9.57,80.05,198.18,0.64,0.9,29.33,19,0.31,0.73
b80157fd-8421-46b5-9a36-39660780f0c0,2026-03-04,CAMP-2461,Awareness,Social Media,6.66,4.72,10.84,2.58,Geographic,6.29,5.29,5.19,24.07,88.86,215.3,4.43,0.62,34.33,20,0.36,0.98
2db4fd96-ffd4-49c6-b482-4238c609abb9,2025-09-16,CAMP-6186,Upsell,Email,4.43,2.89,14.81,4.01,Demographic,3.71,5.24,7.77,10.75,73.86,235.79,7,0.64,32.18,15,0.41,0.74
72f01666-91f4-492e-b78c-8fb1083d616b,2025-10-27,CAMP-9149,Upsell,App Push,6.86,2.81,17.48,2.91,Behavioral,7.72,3.63,2.93,24.5,72.94,134.18,5.46,0.86,47.94,44,0.11,0.94
194c4a93-d7da-4ccb-a469-6ab89d751ba2,2026-04-07,CAMP-8611,Retention,SMS,1.06,2.7,13.99,1.26,Demographic,6.17,5.73,5.36,17.67,32.03,257.03,9.87,0.64,24.08,29,0.26,0.62
bb6a9e49-b83c-4e9a-bc87-c48add186255,2025-09-20,CAMP-6390,Retention,Email,7.78,1.2,6.44,2.07,Demographic,3.29,1.13,5.31,7.49,96.82,165.71,-0.98,0.8,12.25,31,0.22,0.9
fb81a852-d53e-4e50-a35a-97fd0f57f26b,2026-01-16,CAMP-7183,Retention,Website Banner,7.38,3.71,23.83,4.27,Demographic,6.46,5.36,6.53,29.79,97.18,79.4,1.18,0.55,48.5,25,0.11,0.92
e17c4b34-ba89-483f-9293-f8837a7f7c11,2025-09-11,CAMP-7603,Awareness,Social Media,2.16,2.99,11.81,2.42,Behavioral,9.63,3.32,1.24,6.44,41.07,292.26,2.12,0.7,43.12,13,0.21,0.63
23d5933d-042c-4d58-986b-f425c0ac0ea1,2026-06-12,CAMP-8765,Retention,Email,9.08,2.98,17.34,1.34,Behavioral,8.81,8.21,5.01,11.44,70.24,293.78,8.04,0.93,28.2,23,0.11,0.62
21fbcf07-d71d-4685-aa30-5e72db2021a2,2025-08-18,CAMP-1643,Awareness,Email,5.93,4.18,23.61,1.97,Geographic,3.09,8.62,2.56,12.82,69.37,154.7,7.76,0.56,18.02,9,0.42,0.68
99d3c980-bf82-4e00-b99d-45e6fae788e9,2025-11-23,CAMP-1524,Promotional,App Push,6.07,1.2,14.62,0.16,Behavioral,4.04,11.13,6.52,10.53,29.33,104.87,2.06,0.93,34.87,37,0.36,0.86
736d2bcd-bb9f-4713-a555-5d4ecfd85fcf,2025-08-06,CAMP-6869,Retention,SMS,2.69,3.37,21.77,2.1,Demographic,0.62,7.47,8.77,17.29,54.16,151.2,8.24,0.95,33.58,36,0.11,0.96
eab15b36-5d77-4ed2-9d40-49e77f466a38,2026-02-18,CAMP-2634,Promotional,Email,9.06,1.9,25.96,4.11,Demographic,2.98,14.51,4.03,6.84,99.79,245.74,0.45,0.56,37.71,24,0.42,0.79
a3cf9275-01bb-4f4d-9b2a-4dfe0130e732,2025-11-15,CAMP-9941,Upsell,Email,5.49,2.68,10.01,3.82,Behavioral,9.47,2.29,9.88,27.06,66.89,125.38,9.79,0.65,36.23,6,0.16,0.87
5e0ac066-4181-4146-bd1d-bdae80386c25,2025-10-02,CAMP-3133,Awareness,SMS,1.66,2.22,12.53,4.12,Demographic,2.28,4.28,8.46,21.14,58.18,231.62,7.65,0.52,40.18,44,0.33,0.96
78caa5b0-2c07-4b92-af0d-b534ca73d5db,2026-04-28,CAMP-1556,Retention,Social Media,2.53,2.79,8.42,3.42,Geographic,4.66,13.38,8.92,13.21,57.65,134.26,-1.77,0.59,40.79,29,0.5,0.96
72e6d5d1-6d9e-4271-ba6f-14677547d5d2,2025-09-16,CAMP-7795,Upsell,App Push,9.29,3.08,11.63,1.67,Behavioral,9.16,14.78,8.84,14.79,99.4,89.52,9.39,0.52,33.64,16,0.22,0.82
ba227f6d-7ef9-4afa-b733-5a0bdf1f1637,2026-01-05,CAMP-5766,Retention,Email,6.23,2,21.38,4.83,Behavioral,7.19,3.16,2.46,19.93,43.67,297.42,6.26,0.76,10.72,35,0.14,0.78
295989e7-4105-4e5e-ac76-7b7332c1ce00,2026-05-26,CAMP-5869,Awareness,SMS,8.4,1.49,16.62,2.47,Behavioral,8.52,12.29,1.07,28.99,62.11,273.68,-1.01,0.69,15.11,41,0.25,0.62
817670bc-50e1-49ba-8909-e838c9fb4d90,2026-05-21,CAMP-2465,Promotional,Email,8.99,2.2,21.23,2.66,Geographic,2.52,14.61,8.55,20.1,55.59,252.61,8.8,0.87,37.3,25,0.28,0.8
119eebe8-860a-438b-987f-21677b70734b,2025-12-09,CAMP-9823,Awareness,App Push,8.86,3.04,29.15,3.33,Geographic,2.07,5.09,2.19,15.5,12.29,101.57,2.53,0.97,30.97,34,0.17,0.97
93b507fb-13af-4f43-b7b9-5f866c49a8c1,2026-06-03,CAMP-9592,Promotional,App Push,1.75,4.38,22.93,2.25,Behavioral,9.6,12.89,7.22,28.7,28.62,106.39,6.28,0.82,21.06,33,0.14,0.9
b3a08801-6dc3-449c-be55-916a80a41d1f,2025-07-30,CAMP-1949,Retention,SMS,7.57,3.82,19.07,4.21,Geographic,6.66,7.68,9.53,11.66,92.22,192.4,3.53,0.57,23.01,29,0.37,0.94
677fdd3a-49c8-494b-9a8b-87ca156c82e6,2025-12-25,CAMP-5310,Awareness,Social Media,3.63,4.57,24.4,4.53,Behavioral,8.65,4.18,1.84,5.39,31.08,114.7,-1.54,0.77,33.32,40,0.14,0.78
32eed3f7-6e77-41eb-9587-20eb5be33a7e,2025-10-06,CAMP-8175,Promotional,Social Media,1.09,2.35,13.32,0.23,Behavioral,6.07,1.44,3.23,26.28,92.11,222.45,-1.84,0.91,11.55,28,0.18,0.93
5fcc0c40-3f67-4864-945a-60d1d50480d3,2026-04-28,CAMP-8793,Upsell,App Push,7.16,2.59,10.32,4.08,Behavioral,6.35,4.06,7.07,7.14,19.82,176.47,2.34,0.79,17.7,6,0.23,0.78
7949113f-da3d-461c-8d54-885c019836d8,2026-03-12,CAMP-4256,Promotional,Email,5.96,1.59,9.36,1.69,Geographic,0.73,7.64,9.94,29.41,47.44,193.58,8.89,0.81,21.57,44,0.45,0.81
d4918a34-8977-424c-904a-ab7557f35e99,2026-05-29,CAMP-5561,Upsell,App Push,2.32,0.82,6.88,1.78,Geographic,2.08,3.17,9.36,23.78,43.97,116.13,9.47,0.64,30.85,18,0.41,0.84
770d234c-af7f-4b50-bb8a-d839e9522724,2025-10-02,CAMP-6217,Awareness,Social Media,8.95,3.84,20.02,1.21,Geographic,5.84,4.3,1.27,26.72,99.57,227.72,4.66,0.55,19.14,44,0.28,0.65
dd9eca4a-040b-4790-b9ef-eec3cc5b2742,2026-02-27,CAMP-7702,Awareness,App Push,8.14,1.75,23.61,2.2,Geographic,9.6,9.34,5.12,6.49,80.92,109.92,5.77,0.79,36.31,32,0.32,0.75
8415ba3d-e245-41e2-82af-1ceadda6ace4,2025-12-03,CAMP-6118,Upsell,Email,1.03,3.9,17.17,0.38,Behavioral,8.8,1.2,1.47,24.48,55.86,238.32,4.24,0.84,46.28,21,0.48,0.99
679c3531-5af4-49ce-b519-eb0f1abce079,2025-11-25,CAMP-8705,Upsell,SMS,8.09,0.52,29.35,0.59,Demographic,0.61,7.08,7.5,14.56,35.05,82.02,4.28,0.61,29.31,35,0.12,0.64
a5566921-8e2f-4e03-8fb5-0a2402ff52f0,2026-05-22,CAMP-7027,Awareness,Website Banner,5.84,1.15,25.25,0.83,Behavioral,4.18,4.59,6.24,27.84,28.29,272.24,3.97,0.76,20.16,26,0.28,0.69
2817dd0f-e2df-4d8a-9a09-e0b9b11c3574,2026-04-13,CAMP-4506,Promotional,SMS,4.2,2.33,6.84,1.14,Behavioral,6.96,6.01,1.03,27.13,75.04,262.02,-0.61,0.63,10.43,17,0.44,0.61
6ca2e548-e256-4d30-9cb0-5ff9ed47caef,2026-06-04,CAMP-9937,Upsell,Website Banner,4.8,3.12,21.85,1.85,Demographic,8.01,2.92,3.64,26.64,58.21,276.78,5.84,0.84,12.6,21,0.43,0.63
89495b76-6887-4d40-9466-f1659359e966,2025-11-01,CAMP-5007,Upsell,SMS,7.98,2.93,25.43,2.65,Behavioral,8.08,1.11,9.03,10.75,48.98,125.56,4.03,0.51,34.89,22,0.13,0.89
e7ccde49-988d-4ad3-8039-f60fa7c88c20,2025-12-16,CAMP-3983,Awareness,Social Media,7.64,4.07,6.65,3.06,Demographic,1.42,12.67,6.99,7.02,52.95,248.01,-1.2,0.54,31.19,11,0.12,0.73
f4695e47-adb5-434d-b344-eeec29fc775c,2026-05-05,CAMP-5697,Promotional,SMS,2.53,1.59,9.71,1.53,Geographic,1.55,6.35,4.04,14.75,54.43,295.89,7.09,0.52,29.65,48,0.19,0.76
a04efafb-8e84-4344-95df-a78dc9729871,2025-08-09,CAMP-8342,Awareness,Social Media,1.28,2.68,18.63,2.49,Geographic,2.25,1.24,1.81,23.72,10.47,261.18,0.42,0.96,25.21,34,0.2,0.72
c6134adf-7dda-455d-a833-23532163e125,2026-03-16,CAMP-6259,Retention,SMS,1.22,1,9.24,2.62,Behavioral,1.02,7.25,8.82,18.51,34.25,219.16,-0.71,0.6,37.76,1,0.28,0.62
65a5ee8d-6011-469b-9439-ac032a148f38,2026-02-09,CAMP-6052,Promotional,App Push,1.66,2.82,19.87,4.33,Behavioral,1.53,5.35,8.54,14.6,67.21,246.28,2.57,0.77,38.73,18,0.33,0.9
b2d866b7-d1c8-47b8-bb2a-aa5d6c9d6048,2025-11-01,CAMP-5181,Retention,App Push,2.65,4.64,21.43,4.74,Demographic,7.82,11.55,2.8,8.78,40.33,261.72,9.56,0.56,11.05,27,0.37,0.75
9645e6b0-7278-450a-95f7-8cd5c4175854,2025-08-11,CAMP-5500,Awareness,App Push,2.78,4.27,21.1,3.7,Demographic,1.57,8.01,6.23,16.81,90.41,119.14,-1.71,0.84,38.25,14,0.48,0.93
1fa1cd73-7497-4250-a365-b5ec0ff751b2,2026-03-24,CAMP-9643,Awareness,Social Media,8.72,0.59,27.63,4.51,Demographic,8.19,10.39,4.36,12.85,51.67,126.6,3.72,1,44.64,15,0.18,0.66
d8ad5ba0-4135-46c2-8c68-80badba52073,2025-08-27,CAMP-1251,Awareness,Social Media,1.41,1.12,9.4,0.37,Behavioral,2.13,4.15,9.45,21.89,55.75,165.78,-1.11,0.77,31.43,11,0.35,0.7
f597e4ba-357e-450c-9e69-0dc50667a2f4,2026-03-17,CAMP-9311,Promotional,SMS,1.3,0.95,7.84,4.13,Geographic,9.39,7.33,7.34,19.14,62.86,245.13,5.61,0.54,30.83,28,0.13,0.87
1a7e6c48-c686-43b0-849c-a633860e8cc5,2026-06-07,CAMP-8596,Awareness,SMS,3.01,4.59,8.21,2.95,Geographic,3.29,14.41,4.78,28.38,26.49,216.64,5.33,0.89,35.51,9,0.33,0.66
d1210fe4-b3be-497b-9ef5-dd718a1abc95,2026-01-21,CAMP-8643,Upsell,Email,5.87,2.45,8.71,0.98,Geographic,8.49,12.57,4.29,8.73,29.47,159.79,8.1,0.82,24.74,30,0.43,0.61
c0edf70e-59aa-4e8a-be65-0f895d88dc01,2025-12-12,CAMP-7848,Promotional,Email,8.48,3.6,14.38,3.31,Demographic,3.15,9.63,6.62,18.54,53.27,115.76,6.51,0.57,10.36,32,0.23,0.66
0ff96aac-2d48-4ad5-bfe0-854c51f03e74,2026-04-24,CAMP-7335,Promotional,App Push,3.79,3.15,13.46,4.28,Geographic,0.55,11.12,9.55,11.36,31.52,299.88,7.91,0.69,10.8,29,0.11,0.87
bd7a9310-20d8-40ef-83b5-6efb6723dcbe,2026-04-07,CAMP-8630,Retention,SMS,7.35,2.14,26.03,3.78,Demographic,9.4,5.99,8.5,24.2,70.78,197.17,1.91,0.66,41.6,27,0.49,0.83
882dc15b-9e6d-49fd-8722-d4728b9962df,2026-05-16,CAMP-1067,Retention,Website Banner,4.66,4.33,23.62,2.58,Geographic,9.81,9.98,3.09,9.5,12.43,229.32,-1.97,0.58,30.67,30,0.37,0.65
1c45743c-da78-401c-bc6f-5b39b6fa07ca,2026-03-01,CAMP-6195,Upsell,App Push,6.37,3.02,25.81,0.15,Geographic,5.68,2.46,9.25,17.38,39.07,214.39,4.08,0.74,36.87,34,0.2,0.74
8b1f7ca9-b239-4918-9fb7-a5f341f260ab,2025-11-10,CAMP-4934,Promotional,Email,8.8,3.91,11.4,3.19,Demographic,4.35,3.74,5.54,13.12,13.28,248.16,8.53,0.96,49.72,36,0.33,0.62
c7a0e2aa-de1c-446d-9d7e-a4cda629fde4,2026-04-22,CAMP-6627,Awareness,Website Banner,6.11,2.92,23.03,4.29,Geographic,8.49,12.48,2.11,18.21,92.13,107.24,5.41,0.91,45.97,30,0.16,0.92
0a54a94c-51d8-4502-b0b3-413e91d53415,2026-04-05,CAMP-3053,Upsell,Email,4.06,1.87,19.36,0.66,Behavioral,5.84,8.01,5.32,15.6,49.66,286.89,3.72,0.94,22.18,20,0.46,0.61
3ee6873c-630c-471d-9b11-870e0ae1138c,2025-11-10,CAMP-2093,Upsell,App Push,1.84,1.23,28.07,0.72,Behavioral,1.53,1.44,2.63,24.21,36.86,111.46,6.62,0.74,16.45,40,0.38,0.79
b869dc50-ed54-4b1d-a70d-df7d54c6393a,2026-06-01,CAMP-1582,Promotional,Email,6.65,2.66,28.09,1.27,Geographic,0.58,13.35,4.12,8.7,87.64,257.6,-1.33,0.56,48.39,6,0.33,0.88
2357d883-b4cf-4505-bb5b-71f536a9cc1d,2026-07-15,CAMP-6251,Upsell,App Push,6.1,3.6,23.85,3.32,Behavioral,2.23,11.93,2.75,5.08,36.43,53.16,4.39,0.88,25.16,15,0.41,0.87
08fe8f82-da4d-462e-88a8-85ab8734030e,2026-03-04,CAMP-7457,Retention,Email,3.15,2.11,18.37,1.87,Geographic,1.94,3.7,3.26,29.29,49.98,183.88,9.81,0.8,35.29,42,0.45,0.84
3dada7ec-d7f2-46b5-879b-d53249bc43c2,2026-01-12,CAMP-3470,Retention,Email,8.16,2.69,13.15,4.81,Demographic,3.11,3.27,1.78,17.62,16.77,187.79,-0.13,0.86,12.13,36,0.35,0.62
dbca4757-6d62-4f02-a5e3-d51412d10085,2025-09-10,CAMP-8154,Upsell,Email,2.32,0.59,14.46,3.48,Geographic,5.15,5.81,5.23,21.42,67.05,166.18,-0.54,0.68,10.88,2,0.29,0.62
a4fec866-2a7d-47bf-be2a-9403d115d798,2025-12-18,CAMP-1767,Promotional,Email,6.24,2.61,28.19,0.69,Geographic,9.47,12.56,3.81,9.92,70.1,51.04,7.69,0.96,24.14,32,0.46,0.78
267a4e36-a4d6-4cb9-a4bb-db0af9c8863e,2026-02-12,CAMP-4309,Promotional,Social Media,3.4,3.35,23.66,3.51,Geographic,4.05,5.28,3.52,14.93,64.39,186.82,7.35,0.82,28.54,46,0.13,0.69
c48a84d8-b5cc-41aa-b3b0-f7e1b2648501,2025-12-13,CAMP-2363,Upsell,SMS,3.28,1.87,12.64,2.49,Behavioral,5.78,9.18,6.33,10.01,22.12,248.4,4.94,0.9,36.69,12,0.37,0.83
bfdf08ac-a994-49f0-ac1d-ee45360ab1e5,2026-01-28,CAMP-2799,Upsell,Website Banner,6.67,0.86,7.61,3.6,Behavioral,3.61,4.05,5.66,5.64,19.81,165.13,2.53,0.84,11.04,4,0.13,0.85
71b1c030-f753-4225-9ee0-cd4e535ca649,2026-05-26,CAMP-9076,Retention,App Push,6.86,2.39,5.55,1.75,Behavioral,8.5,3.52,2.99,12.5,14.28,141.54,9.49,0.81,22.08,25,0.47,0.98
0c433bac-ff61-4fa5-a79b-c5375ee6cace,2026-06-27,CAMP-2238,Retention,Website Banner,9.88,1.3,15.34,3.14,Geographic,4.49,12.38,4.23,15.91,72.98,94.52,8.37,0.88,43.87,39,0.48,0.88
aee6d58c-e845-4b7a-a8e6-fa56b5f88a36,2026-03-21,CAMP-7387,Upsell,Social Media,5.84,0.58,18.43,1.94,Behavioral,2.72,7.48,9.19,9.27,51.99,285.55,-1.73,0.65,43.05,17,0.44,0.96
27b5cc17-c755-418c-be29-5f44c84609ca,2025-09-28,CAMP-4173,Retention,App Push,5.37,2.19,12.36,4.93,Geographic,2.09,7.52,5.46,8.83,88.92,109.9,9.03,0.95,47.17,42,0.26,0.84
7ca67abe-1a58-4ca3-9bd7-87e7bb31b853,2025-11-13,CAMP-2397,Upsell,SMS,2.06,4.82,22.61,2.77,Geographic,4.31,9.19,9.13,27.56,59.33,251.98,4.86,0.55,12.73,23,0.27,0.75
e46e1b40-e79f-4e1d-a947-a00f0d469625,2026-02-18,CAMP-2152,Upsell,Website Banner,5.99,4.16,10.31,3.4,Demographic,3.79,4.56,3.82,19.27,68.45,277.35,-0.52,0.81,47.83,41,0.5,0.75
6216664c-09bd-4d53-9a38-24abeedf7a67,2026-04-16,CAMP-3652,Upsell,App Push,7.8,4.35,5.88,0.41,Geographic,7.53,8.92,1.86,28.42,23.41,237.44,-1.3,0.86,15.79,12,0.31,0.84
dabdf727-50cf-4050-b064-77150a385e15,2025-08-25,CAMP-3624,Upsell,Email,6.33,4.94,7.82,0.5,Demographic,6.01,1.43,4.26,20.34,24.54,91.58,-0.6,0.56,48.81,46,0.18,0.97
4e179edb-2e11-4b7c-9999-63fc94ead602,2025-12-12,CAMP-8640,Retention,SMS,8.45,0.92,25.14,3.28,Geographic,5.49,2.25,9.7,21.45,49.79,132.34,6.4,0.77,35.27,16,0.29,0.61
e4d3c512-6d85-4726-b918-6982c4048162,2026-04-09,CAMP-1662,Retention,Website Banner,9.63,2.61,12.79,4.3,Behavioral,7.27,2.05,1.39,9.02,47.33,260,5.11,0.59,42.86,36,0.14,0.99
879e9c15-6048-4425-8f24-0c627e27ffeb,2025-09-18,CAMP-8716,Promotional,App Push,2.26,1.44,5.97,2,Geographic,5.88,9.62,7.21,10.91,45.3,139.88,6.25,0.97,43.31,28,0.48,0.85
0c57eb95-5afd-43f7-b26b-443ac5f75860,2026-03-07,CAMP-1910,Upsell,SMS,1.99,1.27,27.05,2.97,Demographic,8.73,12.18,9.12,14.52,56.57,254.94,0.98,0.65,37.51,8,0.22,0.7
0b33c7e5-6922-4272-bb9d-b7b447058c69,2025-08-10,CAMP-7852,Upsell,Email,7.95,1.93,14.23,2.3,Demographic,5.68,10.88,8.98,20.28,77.93,130.9,6.73,0.94,12.55,3,0.35,0.73
b4429a7f-1538-41a6-9008-1d091e3d8b18,2026-01-11,CAMP-9284,Retention,Website Banner,9.34,0.56,20.67,3.27,Geographic,4.01,10.77,7.3,28.64,83.23,55.31,8.89,0.62,37.33,11,0.47,0.74
05885f16-a455-489e-89a4-5455c664fbf1,2026-05-22,CAMP-5905,Promotional,Email,7.68,2.68,15.87,2.7,Behavioral,6.33,14.56,10,13.78,62.45,208.11,7.39,0.57,18.65,42,0.31,0.67
1c4e5eb8-4f31-4088-8bfb-1abc90a91acf,2025-12-09,CAMP-2702,Promotional,Email,5.39,0.64,10.76,2.51,Behavioral,7.4,10.18,1.1,12.04,34.36,193.01,4.22,0.75,15.24,23,0.34,0.65
7d424857-2624-4324-a609-f17435093d22,2025-12-07,CAMP-5405,Retention,Website Banner,9.92,1.89,17.11,4.37,Geographic,5.3,8.48,4.82,9.84,86.58,159.42,1.9,0.74,16.11,8,0.35,0.97
8f487781-775f-4b53-a850-d182519c61f0,2025-12-18,CAMP-8125,Awareness,Website Banner,8.94,3.61,11.08,1.27,Geographic,3.92,14.61,1.56,6.54,67.21,56.49,-0.76,0.51,38.97,23,0.42,0.62
b0283438-c37d-43c5-b21a-9ac7f559c3f3,2026-04-19,CAMP-1056,Promotional,Website Banner,4.21,1.55,8.31,2.67,Demographic,3,11.83,5.08,19.17,83.27,104.58,9.1,0.96,28.21,38,0.24,0.87
c657ec96-1400-4584-8b2e-b06b72a321ca,2026-07-02,CAMP-2262,Promotional,Email,5.78,4.01,5.32,1.89,Geographic,9.57,2.78,9.59,5.85,81.98,267.29,3.41,0.77,27.34,33,0.43,0.68
c050ccd5-a623-4fe2-bf98-960cf5c0eb02,2025-12-11,CAMP-7973,Awareness,SMS,2.62,3.38,5.06,0.36,Demographic,7.8,5.2,8.42,23.72,95.48,104.93,9.4,0.85,18.43,25,0.4,0.79
2c9d3e29-9599-4b3d-9fa0-b8757a099673,2026-06-30,CAMP-1025,Retention,App Push,4.45,4.6,7.26,2.22,Demographic,1.69,10.57,4.7,8.93,88.63,95.28,9.8,0.92,28.8,32,0.15,0.7
f6e0ae3b-067d-4665-bc06-e8d4c97c3102,2026-03-14,CAMP-3873,Awareness,App Push,3.42,1.77,5.37,4.2,Demographic,6.66,10.56,6.15,14.89,47.32,248.55,6.33,0.64,14.4,2,0.21,0.6
3b228b65-58a1-4188-b9a0-e167819bf725,2025-12-21,CAMP-1423,Upsell,Social Media,9.78,1.41,10.6,2.27,Demographic,8.44,14.34,6.3,5.03,40.58,151.6,-0.14,0.64,29.01,35,0.14,0.64
44a2b196-b44e-46d9-94fd-3b212a14e787,2026-02-15,CAMP-6456,Awareness,SMS,4.07,1.34,11.5,4.22,Geographic,4.11,9.52,1.97,22.5,14.19,196.29,7.84,0.82,28.16,37,0.5,0.99
9d3ced79-7294-45b6-8434-1861e2c843d7,2025-12-15,CAMP-9354,Promotional,Social Media,5.86,0.6,21.4,1.2,Geographic,1.58,13.28,1.33,23.82,31.03,286.87,3,0.52,44.96,41,0.11,0.8
68249db7-7db4-48b1-84d5-f95f803bad3d,2025-08-18,CAMP-7974,Upsell,Email,1.97,2.46,26.01,1,Demographic,4.22,3.55,8.93,6.13,21.72,254.43,9.43,0.71,45.05,33,0.45,0.95
164caf82-a550-43bb-8667-4f967105f771,2025-08-02,CAMP-6184,Retention,SMS,3.37,1.29,22.48,0.98,Behavioral,6.69,11.49,3.71,17.2,36.12,223.34,-0.87,0.72,21.47,1,0.45,0.93
43e4f0fb-948f-4b7b-bd94-6ea74721a01d,2026-02-12,CAMP-2403,Upsell,Social Media,5.86,2.93,11.81,1.15,Demographic,6.63,7.09,8.13,29.38,46.23,182.87,6.21,0.58,45.48,48,0.15,0.61
89e2f344-9146-45fb-bb83-affdf0328d0c,2026-07-06,CAMP-2955,Retention,App Push,5.36,4.79,9.44,1.85,Geographic,3.39,10.09,4.39,24.67,73.39,157.9,0.58,0.82,36.24,5,0.31,0.64
d09d5030-a543-4012-bda5-40b731214c88,2026-05-03,CAMP-8488,Promotional,SMS,9.46,4.99,9.7,4.23,Geographic,7.52,12.79,5.91,6.96,39.54,282.61,6.58,0.72,37.57,42,0.28,0.73
c29a2d4d-6e85-40ad-8157-a5bc3f506281,2026-06-08,CAMP-1070,Retention,Email,7.2,4.81,5.4,2.8,Demographic,6.22,6.58,5.71,9.82,56.68,260.64,5.85,0.56,14.53,43,0.26,0.79
b5f7a69c-61b8-4793-8300-3a018d7b7bff,2025-12-23,CAMP-2339,Awareness,App Push,2.39,1.69,23.38,4.41,Geographic,2.52,10.35,5.78,21.46,92.28,206.62,7.07,0.91,47.27,2,0.49,0.74
25df0dac-b41d-4963-846f-01e408b162e8,2026-02-05,CAMP-1142,Awareness,Email,7.14,0.76,22.19,2.18,Demographic,6.86,11.03,9.05,16.04,31.06,274.04,5.93,0.74,35.19,35,0.21,0.8
2eda887c-4a78-422b-b779-9306e057d705,2026-06-23,CAMP-4305,Promotional,SMS,2.28,2.53,24.53,0.98,Behavioral,0.56,2.45,9.76,5.96,15.07,100.29,1.38,0.81,17.06,38,0.24,0.86
85c8b384-35bc-49d5-bb90-c38ff6a29043,2025-10-14,CAMP-3981,Promotional,Email,8.31,4.37,14.59,2.78,Demographic,4.15,14.53,2.24,15.22,86.69,140.56,0.47,0.72,19.95,4,0.14,0.88
c374f118-43d0-47c6-9414-777b4a99e05a,2026-01-06,CAMP-1831,Awareness,Email,4.24,4.31,19,1.04,Geographic,7.18,4.1,2.12,11.56,79.49,273.2,-0.65,0.77,19.8,24,0.22,0.67
eeaf8576-a1f3-4467-877b-f12d3315f902,2026-03-24,CAMP-2006,Promotional,Website Banner,8.52,3.08,23.46,3.52,Demographic,0.8,9.31,8.96,7.28,88.24,55.61,6.34,0.65,41.53,44,0.15,0.79
724f3b7d-bfd7-4bde-974d-15d4d6a24b38,2026-06-16,CAMP-7730,Retention,Social Media,1.83,3.89,19.75,1.32,Demographic,6.7,5.58,6.33,17.48,33.09,93.23,-1.54,0.56,14.89,48,0.18,0.74
758626d5-629b-4c43-9388-61c59ed9d2cc,2026-01-08,CAMP-4475,Retention,Social Media,9.52,1.49,6.18,0.61,Demographic,1.88,13.81,3.22,19,74.58,232.05,9.46,0.55,20.52,26,0.45,0.94
b7ef5869-9364-4bd4-9981-be375926ba5a,2026-04-29,CAMP-5426,Promotional,SMS,7.08,0.89,25.67,2.53,Behavioral,4.54,13.61,8.61,16.57,64.84,88.87,8.29,0.79,10.49,8,0.3,0.65
f9bbf523-74bf-4c01-bbd8-1a54071261a9,2025-09-13,CAMP-7191,Promotional,Website Banner,1.34,1.29,5.17,0.47,Geographic,1.23,5.12,9.06,19.77,80.45,214.1,-1.65,0.82,45.48,38,0.11,0.79
f8f5924a-d2e5-4386-a3d4-a36d9735ba95,2026-06-06,CAMP-7907,Upsell,SMS,4.39,1.73,29.87,0.77,Demographic,9.32,6.16,3.38,5.78,53.46,146.29,5.99,0.83,39.07,25,0.31,0.69
3fd58f1a-0077-4bb3-ab37-f8caa1da601a,2025-12-02,CAMP-1431,Retention,SMS,9.07,2.2,17.98,3.7,Behavioral,9.57,14.49,2.21,15.89,90.82,285.78,-1.01,0.98,42.03,2,0.38,0.95
0a007d94-8ddf-4863-a2eb-1e7509784410,2026-01-05,CAMP-7130,Retention,SMS,7.69,3.32,15.82,3.59,Behavioral,2.77,7.74,3.91,10.09,76.11,266.97,5.28,0.63,26.97,40,0.49,0.9
61b855d0-3397-4f0a-a887-844296e61087,2025-12-15,CAMP-9485,Upsell,App Push,3.52,3.92,7.67,2.62,Demographic,2.12,9.24,1.81,27.86,83.71,176.41,9.33,0.68,39.56,28,0.4,0.98
62754b8d-5491-4a9d-994a-c6c70aed1712,2025-07-30,CAMP-4593,Promotional,Social Media,1.58,2.06,6.02,0.76,Behavioral,0.6,1.12,8.43,10.42,24.05,112.78,3.23,0.68,10.43,37,0.37,0.72
5867f8ee-73c5-410a-b793-20b9294fd31b,2026-06-09,CAMP-9204,Promotional,Social Media,9.9,4.49,15.92,2.18,Behavioral,0.94,12.08,8.5,17.99,66.47,55.41,4.83,0.53,46.09,13,0.2,0.69
d7796fd2-6e7a-4ae2-8337-ff43914114bf,2026-06-16,CAMP-8432,Upsell,SMS,2.55,2.48,8.25,0.65,Demographic,1.16,13.71,8.29,24.74,99.78,81.54,1.42,0.7,47.81,12,0.15,0.83
7a1a2bc8-b147-431a-b591-7ed238e15f82,2025-08-12,CAMP-1268,Promotional,Social Media,4.58,2.29,22.12,2.93,Demographic,1.92,5.25,1.87,19.81,61.17,120.85,2.69,0.81,47.63,33,0.25,0.96
41cdebd2-9cf2-438e-aca2-0a997fa91f4c,2026-03-20,CAMP-9280,Retention,Website Banner,7.95,2.65,11.15,4.4,Geographic,4.19,2.42,4.89,20.32,88.37,133.7,-1.44,0.9,20.3,47,0.4,0.82
e8b4db87-48a0-46c6-950e-5b4c8fb534dc,2026-01-20,CAMP-4094,Upsell,Email,9.95,3.37,29.88,2.12,Behavioral,4.15,4.77,7.44,11.43,20.82,141.95,8.51,0.67,27.51,32,0.5,0.68
311976d8-13bd-4879-b406-598cd95a9fe3,2025-09-02,CAMP-8982,Promotional,Website Banner,7.3,0.97,15.61,4.67,Demographic,0.72,4.61,5.04,16.6,39.62,60.29,7.09,0.66,21.7,22,0.39,0.73
4d2ceb5b-71d6-409a-a7a3-93acd6b954de,2026-01-07,CAMP-1869,Upsell,SMS,6.43,4.22,24.75,4.33,Demographic,9.64,9.37,2.92,14.25,87.95,174.41,8.34,0.82,26.15,5,0.38,0.63
1a86add7-693f-43c1-b568-314fcdf16d89,2025-10-06,CAMP-7014,Awareness,Website Banner,4.99,3.37,19.02,2.93,Geographic,1.72,13.36,7.48,21.3,90,248.29,1.1,0.83,30.15,35,0.3,0.86
6afb3b9d-45fc-4258-a3b6-9b0e185e3b32,2025-08-17,CAMP-3900,Upsell,SMS,9.78,3.91,23,3.15,Geographic,1.26,10.88,7.83,28.44,84.82,87.24,6.73,0.67,43.47,24,0.14,0.78
b17d8a34-ff88-41c8-9cf5-a2d2fad3626d,2025-12-10,CAMP-1095,Promotional,Email,2.56,0.94,11.07,1.89,Geographic,5.41,11.91,1.04,8.66,89.95,84.06,-0.6,0.99,33.35,10,0.33,0.78
78e810ce-4ce8-4212-a4aa-0d28a5255b3c,2026-07-04,CAMP-2041,Retention,SMS,2.88,3.39,20.04,3.38,Demographic,8.98,7.92,2.49,18.6,65.13,106.37,2.9,0.64,39.67,2,0.27,0.72
d72e3c36-2907-4fb1-bddf-0868ebecf722,2026-05-18,CAMP-2600,Promotional,App Push,2.53,2.91,14.45,0.72,Geographic,2.49,5.74,3.49,11.2,50.18,171.31,4.8,0.95,21.83,8,0.13,0.87
4fa5f66a-8eca-4619-9f6d-723131673f87,2026-05-22,CAMP-2617,Retention,SMS,9.48,4.52,12.72,4.32,Geographic,5.48,14.31,1.43,8.29,35.08,133.23,-0.35,0.54,15.32,13,0.34,0.96
22e2e51a-93d1-407d-8399-bca634fb4e1c,2026-02-03,CAMP-2632,Upsell,Social Media,5.57,3.31,14.78,1.29,Demographic,5,6.1,5.05,25.54,95.15,151.5,2.99,0.51,20.01,4,0.39,0.86
0192d5dd-65aa-4185-abf0-b128204c5657,2025-10-22,CAMP-7695,Awareness,Website Banner,8.12,2.11,5.2,1.37,Demographic,1.33,4.6,9.04,12.7,94.41,112.77,7.27,0.81,22.99,29,0.11,0.81
06368819-1970-4b2a-ace6-1914e11ce9bb,2026-03-02,CAMP-4860,Upsell,App Push,2.15,3.66,12.36,2.64,Geographic,7.13,13.26,9.87,5.04,10.52,271.16,5.63,0.84,36.81,14,0.25,0.72
4d617113-a3c6-4c58-a578-4e825df965cf,2026-04-13,CAMP-9060,Retention,Website Banner,7.72,4.14,15.36,0.71,Behavioral,4.03,10.62,2.71,29.88,96,293.56,3.43,0.92,39.74,45,0.25,0.76
6d71d25b-7e74-4ed9-9690-986a46e186d2,2025-10-20,CAMP-5909,Retention,Email,6.43,4.8,24.19,4.3,Behavioral,6.67,5.97,5.38,20.72,52.15,270.23,2.19,0.8,28.44,28,0.15,0.87
faaf196a-db13-4bda-95a7-fda927158149,2026-03-30,CAMP-2341,Retention,Social Media,1.58,2.19,20.17,1.93,Demographic,6.4,5.18,1.97,24.86,20.42,288.51,1.68,0.71,31.42,7,0.49,0.91
e8c608de-1e36-49db-94e4-de1260e38443,2026-03-31,CAMP-7699,Upsell,Email,2.75,1.79,11.77,2.79,Behavioral,6.19,12.4,7.27,23.57,20.73,285.19,3.74,0.61,17.16,4,0.4,0.76
4f2a0c23-0591-4ad9-9ff4-3a9e81e07118,2026-03-19,CAMP-3402,Upsell,SMS,2.33,1.95,12.31,3.06,Geographic,7.56,11.21,1.14,6.23,74.7,179.32,0.38,0.76,49.62,25,0.17,0.86
f7c1b987-b3fa-4a85-868a-036d87224757,2026-01-18,CAMP-4095,Upsell,App Push,6.86,4.59,21.38,0.58,Behavioral,0.93,14.9,6.07,12.84,97.86,274.99,1.91,0.55,36.54,7,0.23,0.62
30d9db14-b65a-4498-84c1-144121097486,2025-11-27,CAMP-9926,Upsell,SMS,6.04,2.35,29.04,3,Demographic,4.42,12.95,2.29,11.44,24.4,163.84,3.53,0.66,44.15,17,0.36,0.91
07a251e5-98da-4e0f-9f58-70f183f09d70,2025-10-12,CAMP-9114,Upsell,Social Media,9.1,2.28,29.17,2.54,Demographic,6.45,2.63,1.25,6.68,97.29,288.83,4.91,0.54,13.6,2,0.21,0.75
38522577-0f09-41a3-93dc-45f469107def,2026-06-27,CAMP-8582,Upsell,SMS,7.11,1.71,8.01,3.52,Behavioral,3.55,3.93,7.47,14.77,66.24,127.86,4.52,0.65,39.8,34,0.16,0.75
776342d4-8f26-4109-924b-c9448f3e3a07,2026-06-14,CAMP-1658,Upsell,SMS,8.22,0.7,15.21,4.1,Behavioral,2.85,8.09,3.99,16.03,50.44,194.69,4.28,0.94,30.61,16,0.5,0.6
f0d8a82c-d88f-4939-b0dd-17c41db766d5,2026-03-23,CAMP-3088,Awareness,Email,5.52,4.21,12.08,0.86,Geographic,3.81,5.3,6.48,29.72,69.76,269.92,9.2,0.95,42.74,35,0.44,0.83
d3ec8fec-bad8-4b5a-9858-c7bdcaa91e6b,2025-09-27,CAMP-3970,Awareness,Website Banner,6.08,2.27,15.77,1.85,Demographic,0.65,2.69,3.31,15.37,39.67,296.97,0.64,0.76,30.21,18,0.5,0.62
34e41985-77f6-4dc7-bc5f-b2d777a28ae4,2026-01-21,CAMP-9055,Retention,App Push,5.97,5,21.68,3.52,Geographic,2.04,4.16,3.85,13.29,54.72,63.02,1.68,0.68,14.19,8,0.16,0.69
e29da328-e210-4755-b993-da1ecf6c8094,2025-08-25,CAMP-6138,Retention,App Push,4.25,3.27,19.6,0.93,Geographic,9.49,1.15,3.24,19.84,83.06,204.37,9.32,0.72,20.18,37,0.33,0.82
b1abaab1-8312-4b3e-b5f9-23198f31ebc6,2026-06-22,CAMP-2023,Promotional,Email,6.55,4.21,9.93,3.18,Geographic,6.17,3.73,1.28,24.59,89.34,280.4,9.72,0.68,33.96,38,0.33,0.95
a61cbc88-69be-40d9-9170-33833e7963dc,2026-02-26,CAMP-1598,Upsell,SMS,3.81,1.66,5.76,0.67,Geographic,0.89,4.57,7.04,17.27,98.61,263.27,0.1,0.84,18.27,13,0.33,0.67
f4821d94-05b2-4068-9d77-067b4b3a7e42,2026-02-28,CAMP-8198,Awareness,Email,8.58,0.59,8.1,2.74,Geographic,5.95,7.41,2.33,17.06,18.02,50.32,8.41,0.58,49.53,18,0.3,0.83
11858f78-5fc7-4261-8840-c58b323ab18f,2025-12-15,CAMP-8350,Promotional,Social Media,3.23,2.5,29.13,3.27,Geographic,0.88,11.59,8.93,15.75,65.32,195.19,-0.85,0.67,48.41,21,0.36,0.61
19999e8f-4707-48fa-9fdb-ab853dfb5017,2026-05-06,CAMP-4441,Promotional,Social Media,6.93,3.19,8.04,0.58,Geographic,2.26,8,3.82,29.52,95.13,262.04,7.25,0.95,38.14,31,0.11,0.66
2f843522-b37b-4c50-b2d8-4446cf59cddc,2026-03-02,CAMP-6512,Awareness,Social Media,5.24,0.88,8.61,4.64,Behavioral,6.7,14.13,9.53,29.92,10.27,95.54,6.32,0.57,29.44,23,0.27,0.63
5c0badc5-141f-4db3-a176-a2157c465b89,2025-09-23,CAMP-1652,Retention,Social Media,6.19,2.02,27,2.17,Geographic,6.63,7.27,2.41,18.52,94.84,66.36,3.88,0.88,30.73,45,0.29,0.83
2fc39ca3-ab8d-4bca-92ff-05ced51890e3,2026-03-17,CAMP-9301,Promotional,Social Media,7.78,1.37,25.51,4.93,Demographic,1.08,3.15,4.19,25.07,54.75,291.41,2.52,0.65,30.81,11,0.22,0.71
61c70aed-3907-4ca9-822b-8be6e2dc26f3,2026-06-11,CAMP-3465,Promotional,SMS,8.89,2.24,12.36,2.54,Geographic,9.2,10.81,7.27,12.46,19.21,199.43,1.51,0.7,21.65,41,0.45,0.61
27bfc729-048f-460d-b17f-d90cc91bed62,2025-09-13,CAMP-8524,Retention,SMS,7.62,3.85,9.69,3.61,Behavioral,6.95,6.81,3.49,6.82,82.11,105.31,1.12,0.75,24.69,4,0.35,0.69
4b87010b-04e2-4864-9585-ef7033860cfa,2025-10-10,CAMP-7841,Awareness,SMS,2.97,2.72,14.75,1.21,Behavioral,1.65,10.26,4.74,18.44,58,275.68,6.13,0.64,39.45,22,0.25,0.91
62f81c65-4458-41ff-a4ab-66106bbe7328,2026-01-04,CAMP-6458,Promotional,Social Media,2.93,4.09,19.58,2.49,Demographic,1.58,11.11,1.64,9.37,71.44,136.25,0.22,0.95,21.18,36,0.41,0.78
5718d067-037d-4bf3-a7f3-4b18b54b2438,2026-07-02,CAMP-6230,Retention,Email,6.57,1.98,28.6,4.86,Behavioral,8.4,12.23,7.54,17.41,75.07,128.22,8.84,0.54,43.7,41,0.34,0.69
c438a92a-bdbd-42d8-aeb9-8f57c360ed18,2025-11-22,CAMP-3670,Upsell,Social Media,3.75,2.53,26.5,3.43,Behavioral,2.38,5.05,9.96,9.71,49.62,156.04,6.47,0.61,26.64,9,0.29,0.6
ab00d97d-d524-41ed-a789-8396d293680c,2025-10-22,CAMP-1718,Promotional,Social Media,4.98,3.25,8.53,1.27,Demographic,2.69,12.09,6.13,24.06,81.16,273.15,3.3,0.91,42.96,41,0.18,0.89
53786497-8c00-4519-8e68-c27a16decc34,2026-03-15,CAMP-2956,Awareness,Email,7.04,3.82,25.98,1.82,Demographic,1.52,5.74,5.27,22.59,44.99,94.05,5.18,0.56,15.8,3,0.23,0.87
699dbd6a-aea8-4352-ac30-aad7123df5ae,2026-03-15,CAMP-6442,Awareness,Website Banner,9.18,0.66,14.65,1.71,Demographic,8.62,13.64,8.03,5.78,93.02,278.88,0.25,0.62,27.18,20,0.14,0.72
f5f3963a-b085-4c76-b7e5-d34d3ad6c67a,2026-02-01,CAMP-2593,Upsell,SMS,7.73,4.43,7.74,0.42,Geographic,2.43,3.8,3.27,9.18,42.98,62.13,3.29,0.79,45.83,33,0.43,0.86
76270b2e-f8e9-426a-a40c-0eb29c884c74,2025-09-25,CAMP-9703,Upsell,App Push,6.69,2.71,8.37,2.59,Behavioral,6.53,2.08,1.89,6.47,79.18,292.29,9.97,0.76,46.18,29,0.48,0.74
ccd7311e-bdf4-4f22-bfec-642f412b76eb,2025-08-05,CAMP-2151,Promotional,SMS,9.5,4.05,28.38,1.4,Behavioral,7.85,12.59,6.56,27.08,31.97,115.5,1.5,0.76,41.22,20,0.3,0.83
1475173a-a456-459d-9878-5abb6e9c5de9,2025-09-19,CAMP-8607,Awareness,Email,1.57,3.98,27.5,2.7,Behavioral,2.55,8.57,5.1,11.07,36.36,60.33,7.45,0.78,36.77,19,0.37,0.78
f6792c3e-1439-4596-873e-fbdbaaa52de5,2025-12-23,CAMP-9313,Promotional,Email,6.4,4.2,27.97,0.56,Behavioral,7.75,4.93,8.69,18.38,21.21,141.95,1.41,0.95,19.16,24,0.42,0.98
8bdb198a-deee-41d5-b6fd-f05a1491299a,2026-01-31,CAMP-9752,Promotional,Website Banner,9.96,4.18,17.93,1.55,Behavioral,9.65,5.59,7.89,26.08,60.87,61.24,7.24,0.74,13.82,33,0.11,0.65
4e0025ed-3c7b-4c86-91d4-7c5b0a7fa862,2025-10-25,CAMP-3055,Retention,Email,8.91,2.25,6.04,0.82,Geographic,3.38,12.45,2.63,10.15,27.2,108.2,0.93,0.96,20.76,20,0.23,0.96
fdebc2cc-3432-4f77-88d7-d5b55cd3848d,2025-07-30,CAMP-9354,Awareness,App Push,7.03,1,6.43,2.42,Demographic,7.65,6.36,4.75,14.7,92.8,75.33,3.18,0.88,21.21,41,0.47,0.71
c6e77db8-a5d2-4f04-8632-96e8a5e4cc7a,2025-12-08,CAMP-5872,Retention,Social Media,3.42,2.78,28.57,4.61,Behavioral,4.84,7.11,7.12,16.41,76.36,72.64,3.43,0.51,24.68,16,0.37,0.9
74821e40-e55f-430c-9e4f-73fd8e8061df,2025-08-13,CAMP-7775,Retention,Social Media,4.66,3.76,27.25,3.89,Geographic,4.06,7.45,1.66,20.84,58.83,84.56,0.05,0.87,24.81,22,0.21,0.86
a054511e-7a4c-4f6d-baa9-b1348655e0bd,2025-12-27,CAMP-9175,Awareness,Email,1.47,4.3,27.75,3.77,Demographic,9.93,8.49,1.57,21.89,97.71,55.61,2.28,0.74,31.41,3,0.18,0.99
2c7f4174-3466-49ec-a95c-b909b80871ff,2025-09-27,CAMP-8834,Upsell,App Push,1.92,3.4,7.04,0.31,Behavioral,4.61,1.9,3.41,24.88,96.54,145.19,9.3,0.53,25.71,16,0.44,0.76
a512a5c1-1206-4399-a54d-42bd733cd3f3,2026-07-05,CAMP-1646,Promotional,App Push,2.61,0.96,14.24,1.86,Behavioral,6.7,8.8,9.49,18.01,56.5,223.96,0.23,0.99,25.92,39,0.44,0.64
8987f090-e986-4fbe-aa86-af9478393b49,2026-02-20,CAMP-6032,Retention,Social Media,3.69,1.31,10.57,3.94,Geographic,4.61,1.17,7.25,11.89,85.59,274.03,5,0.59,26.72,4,0.48,0.61
d6cb5605-ac11-462f-bab5-1c60d672c333,2026-07-20,CAMP-5370,Retention,Email,8.95,4.89,18.08,1.13,Demographic,9.28,4.45,2.04,14.16,39.76,239.6,8.27,0.91,45.39,14,0.41,0.75
aff75dad-43d1-4936-a79a-69c5b9258386,2026-07-10,CAMP-6822,Awareness,Social Media,5.6,1.66,29.9,1.47,Demographic,6.35,11.5,3.84,5.39,13.09,73.47,4.25,0.62,31.08,25,0.42,0.79
9ad618b3-db75-4e8c-8639-751727a7da24,2025-10-10,CAMP-2446,Awareness,Website Banner,3.58,3.06,15.96,3.49,Demographic,6.26,10.39,2.24,11.81,15.11,265.07,-0.47,0.6,26.34,24,0.23,0.7
520040c4-e14c-4bfb-8fe0-1c0cda149264,2025-12-27,CAMP-5956,Retention,Social Media,7.56,4.3,21.07,4.12,Demographic,3.83,7.68,3.47,7.81,47.84,220.47,7.04,0.97,10.46,26,0.35,0.79
c728a462-e4b0-452f-b80d-0b0d5697441e,2025-10-11,CAMP-3989,Promotional,Email,8.08,1.58,16.18,2.61,Geographic,9.78,12.52,8.39,23.79,41.22,184.1,9.72,0.69,40.23,46,0.22,0.62
8b07f2d1-d33d-4ce6-8547-f7e487fe7702,2026-05-11,CAMP-4354,Retention,Email,5.01,4.13,22.69,0.77,Behavioral,1.2,14.81,5.58,6.75,57.87,51.39,4.9,0.98,21.47,31,0.33,0.73
fd31ed07-726e-4d7e-91e0-8f337e4d1328,2026-04-15,CAMP-2230,Awareness,Website Banner,6.32,1.77,10.41,0.69,Geographic,5.48,2.44,1.84,12.76,25.81,215.11,0.44,0.84,35.76,33,0.43,0.93
1c0a3355-ae69-4425-924f-db7050e58a5a,2025-11-27,CAMP-2620,Upsell,Email,9.65,1.73,19.81,3.38,Demographic,6.33,3.25,6.24,13.07,21.51,223.79,3.61,0.69,10.88,44,0.48,0.88
0ac1b3fa-8502-46fa-be1b-ef05a114b214,2026-01-16,CAMP-9747,Retention,Social Media,3.14,2.26,24.44,4.67,Geographic,8.41,1.61,1.24,15.91,39.21,261.41,1.02,0.8,20.51,33,0.4,0.79
ea791a09-a74d-4798-9b59-0525c658201f,2026-02-18,CAMP-5793,Retention,Social Media,6.01,1.02,13.23,0.31,Demographic,2.75,2.18,6.79,6.76,89.51,291.02,4.48,0.67,24.46,21,0.37,0.64
0e96c3a3-864c-4dc6-91a2-bbc570914ed1,2026-05-28,CAMP-4690,Retention,App Push,1.81,3.73,22.59,2.9,Demographic,1.02,14.81,5.36,14.5,58.08,149.96,-1.76,0.5,49.09,44,0.43,0.64
2405c937-829d-4127-8f05-90eb6f8414c7,2026-01-24,CAMP-3154,Awareness,App Push,3.36,2.89,27.53,4.1,Demographic,8.32,4.79,2.81,28.18,30.81,115.55,1.19,0.87,42.84,39,0.36,0.87
1b6cc832-23b1-4d4e-a7d2-f74bf5c10970,2026-01-16,CAMP-2192,Awareness,App Push,5.01,0.71,29.41,1.53,Geographic,1.38,1.03,1.09,5.23,59.15,120.73,-0.03,0.57,34.62,37,0.48,0.96
efc9be5e-721d-4272-afb2-1c3afe209775,2025-12-12,CAMP-3769,Awareness,App Push,3.43,4.51,12.94,1.24,Behavioral,1.43,14.96,1.83,18.55,17.57,254.88,3.42,0.62,13.2,25,0.3,0.61
6069ba78-a57f-436f-a40d-7e79a0636077,2026-04-28,CAMP-7203,Retention,Website Banner,1.71,1.47,18.46,3.21,Demographic,1.15,2.93,6.36,12.03,31.46,82.28,-1.38,0.77,18.83,34,0.37,0.94
19e8d086-319c-4690-812e-0946c0ea2c2d,2025-10-23,CAMP-7294,Upsell,Website Banner,3.74,0.56,18.88,1.81,Behavioral,4.4,9.78,4.87,12.01,20.69,168.11,-0.89,0.88,24.1,6,0.15,0.96
8d59b7d3-ebfc-4a9b-96ed-8a617c59f9f5,2025-10-17,CAMP-1975,Promotional,Website Banner,4.56,3.85,25.81,1.73,Behavioral,2.14,14.34,8.39,20.02,57.73,145.91,7.94,0.55,11.33,24,0.16,0.74
69b25924-7a59-4197-9792-fc730ed9bf31,2026-03-18,CAMP-3074,Upsell,App Push,3.9,1.98,22.45,3.51,Geographic,9.72,5.41,2.94,21.47,93.24,240.43,2.43,0.66,47.14,30,0.45,0.71
b148cfc7-738f-4550-b5ba-18a401dcc1a0,2026-03-19,CAMP-5441,Retention,Website Banner,5.1,2.01,11.8,0.38,Geographic,1.22,14.66,4.82,14.69,99.78,159.88,2.44,0.97,40.62,42,0.48,0.69
583a30a9-ad79-4fc6-8b3d-84991a0861b2,2025-09-17,CAMP-8352,Retention,App Push,4.46,3.84,18.17,3.63,Demographic,1.62,8.45,8,20.48,24.52,67.67,0.96,0.67,46.93,7,0.12,0.62
b5338e39-d380-4f00-856a-7bb54ea9e90c,2025-09-13,CAMP-1339,Retention,Email,7.75,4.7,6.01,0.16,Behavioral,9.33,13.14,1.37,5.16,58.42,120.39,5.75,0.51,22,24,0.35,0.64
ada6c178-732a-4dc4-a0c1-f7ea86c49922,2026-06-02,CAMP-6393,Retention,Email,4.21,4.89,20.77,2.54,Behavioral,2.59,2.18,5.7,8.7,87.33,230.45,7.9,0.91,26.09,2,0.14,0.89
88d8c838-7222-4fcd-a8a2-ec8396259ef8,2025-11-25,CAMP-9215,Retention,SMS,1.5,0.82,6.2,1.39,Behavioral,1.84,9.34,3.21,24.08,85.19,131.36,8.58,0.67,22.17,32,0.16,0.64
c124f63a-f53a-448d-b269-ef1c21ec1805,2026-06-01,CAMP-4148,Retention,App Push,4.74,1.71,6.85,3.9,Demographic,9.59,10.3,2.45,21.31,35.39,285.93,-0.4,0.98,32.15,14,0.34,0.84
caf25957-c4e7-41dc-86a8-47b2387031e2,2026-07-20,CAMP-7019,Upsell,Social Media,7.02,3.93,21.36,2.6,Geographic,4.89,1.33,9.53,24.43,79.9,161.32,0.99,0.83,36.61,20,0.35,0.81
1b191e23-d4eb-4245-b6db-3825e2c488f4,2025-10-06,CAMP-9792,Retention,Email,4.13,0.81,13.83,2.58,Behavioral,3.11,9.28,5.08,27.58,68.56,78.23,2.37,0.56,48.18,32,0.21,1
ac838559-3107-45a9-9c73-a5490908908d,2025-12-20,CAMP-4900,Promotional,Email,9.98,3.86,12.65,0.53,Behavioral,6.33,12.08,8.6,12.84,83.52,264.08,-1.88,0.92,23.68,12,0.5,0.71
7d70140e-f682-4d05-a11b-b2edb04460f8,2026-01-10,CAMP-9320,Awareness,SMS,8.18,1.37,9.76,3.58,Behavioral,7.49,4.11,3.65,27.22,21.27,224.67,3.58,0.95,44.29,19,0.41,0.81
d41b92fd-a321-495f-999a-646a3816fe2d,2025-12-21,CAMP-4476,Awareness,SMS,1.21,2.81,26.93,1.18,Demographic,8.47,2.4,8.44,11.35,85.18,197.34,4.8,0.72,24.71,23,0.27,0.97
096bd591-c8c4-44d7-8f71-d3d4feff7e4b,2026-07-04,CAMP-4888,Promotional,App Push,1.49,4.49,16.28,2.03,Demographic,1.77,10.08,6.92,22.72,29.96,276.43,2.83,0.81,38.43,11,0.15,0.88
00ef5395-7acb-49a7-af33-dd82bc38cc98,2026-06-24,CAMP-9450,Awareness,App Push,7.06,2.42,6.65,3.76,Geographic,2.76,4.65,8.69,13.34,92.89,127.5,8.86,0.83,39.29,43,0.36,0.81
b475853a-894a-4cf2-af61-6d899ccd38d9,2025-12-03,CAMP-6088,Upsell,Social Media,3.07,4.7,15.12,1.53,Behavioral,8.01,7.54,9.68,28.34,36.21,291.21,3.24,0.88,32.1,11,0.33,0.77
1896464b-1207-4d03-a2d7-088883c68a57,2026-04-25,CAMP-9692,Awareness,Website Banner,2.12,4.63,29.68,4.83,Behavioral,9.42,8.7,1.77,15.63,27.23,236.46,3.29,0.7,48.87,25,0.31,0.76
4c552b7c-235a-476b-b6f7-6b412f0f6871,2026-02-11,CAMP-5984,Promotional,SMS,8.01,2.6,19.1,0.44,Demographic,9.52,6.43,8.91,21.59,83.18,125.15,2.32,0.72,14.34,17,0.32,0.77
1c0f7e89-bf78-4c2e-a7b5-849e464ce521,2026-01-07,CAMP-9401,Upsell,Social Media,1.39,3.94,14.47,3.89,Demographic,6.96,10.35,5.52,5.51,19.29,213.51,7.46,0.59,12.32,35,0.14,0.9
6fab4baf-7906-47b1-bb37-e232997db413,2025-11-14,CAMP-6935,Upsell,Email,5.09,0.9,26.43,0.9,Demographic,8.63,4.08,2.54,10.15,14.96,278.35,3.41,0.53,24.74,42,0.17,0.98
58c0d89b-71cd-4348-ae21-1a8ca9cbfc9d,2025-12-27,CAMP-7888,Promotional,Website Banner,1.86,2.03,10.94,0.93,Behavioral,2.13,10.68,9.57,24.95,83.11,265.18,-1.05,0.98,40.3,14,0.37,0.61
7fff42d7-e5cb-4c81-8d8c-277b8c74d25c,2026-07-14,CAMP-2575,Awareness,Social Media,1.78,3.48,10.72,2.96,Geographic,1.68,14.34,4.32,23.65,64.03,53.36,5.49,0.88,37.23,28,0.27,0.98
f3e9d3aa-0f7b-4dd5-9709-47f8629432cd,2026-06-23,CAMP-1295,Retention,App Push,3.76,4.12,12.7,1.79,Behavioral,2.25,6.5,7.84,5.36,58.45,195.75,6.77,0.85,34.12,8,0.43,0.82
38e32d7a-30f0-443c-b815-89ca3f833fcd,2026-03-04,CAMP-6405,Retention,Email,6.74,1.36,22.44,0.1,Behavioral,9.24,13.66,3.41,12.55,67.39,60.23,7.65,0.61,45.43,14,0.35,0.82
8b7532fe-3fac-4422-b848-13f72858a8df,2025-08-14,CAMP-7171,Upsell,Email,6.05,4.32,9.9,1.91,Demographic,5.71,1.05,1.94,10.75,80.84,119.18,2.18,0.79,48.37,27,0.13,0.62
0a222d88-8702-40cd-86b3-639923014f15,2026-01-23,CAMP-1308,Promotional,Email,9.13,3.63,24.35,1,Demographic,7.31,2.5,8.6,12.35,99.32,186.76,8.71,0.62,26.38,29,0.28,0.84
87b824b9-849f-455b-b32f-3bc2b72cf153,2026-06-16,CAMP-6358,Awareness,Website Banner,1.36,0.52,23.86,2.39,Geographic,7.51,6.66,3.21,18,67.1,99.62,1.82,0.94,24.63,11,0.35,0.88
0d45d7e1-8dad-46a6-b2b1-308e2ebf5a75,2026-04-22,CAMP-6309,Retention,SMS,1.04,4.73,13.61,4.45,Geographic,1.12,4.53,9.59,9.02,85.91,150.7,4.98,0.84,13.44,4,0.13,0.99
4be06a5e-ad25-4a66-bea6-af5b602eadbc,2026-02-13,CAMP-9540,Retention,App Push,2.25,2.72,18.34,1.82,Demographic,0.65,13.25,6.85,6.87,69.47,288.73,8.75,0.73,48.71,25,0.15,0.93
113ff357-1020-4780-a28d-71b8fbec50d8,2026-07-24,CAMP-1109,Upsell,SMS,7.21,4.32,29,1.43,Behavioral,3.97,4.98,1.68,17.72,65.04,183.14,5.3,0.71,28.35,32,0.21,0.9
39aa6a53-1803-48d0-8717-fede92275803,2025-09-14,CAMP-4341,Promotional,App Push,9.16,1.88,27.38,3.41,Geographic,8.42,10.75,9.1,25.99,62.59,231.69,4.98,0.8,13.62,39,0.43,0.76
bfd8fb26-0513-4634-9aac-d2fbd4be91a2,2025-09-12,CAMP-4908,Retention,Website Banner,8.39,3.24,19.43,3.45,Behavioral,2.09,8.38,2.43,10.03,88.24,216.81,3.25,0.66,15.81,10,0.49,0.64
cc24b44d-3c6e-4fad-9b24-b7d0103c7c47,2025-08-14,CAMP-9967,Retention,SMS,4.76,1.26,20.26,4.17,Geographic,4.44,13.87,5.37,11.85,47.43,206.42,1.05,0.57,15.72,43,0.45,0.66
6ae0e728-3a5e-4f0e-bb0b-96e223899b31,2026-02-20,CAMP-4588,Awareness,Email,8.5,2.66,10.18,1.92,Geographic,8.55,10.69,8.34,8.02,94.18,85.95,0.48,0.53,29.45,16,0.35,0.95
b7bf65e6-5939-44d1-861f-2ddaaef41f57,2026-01-28,CAMP-8547,Awareness,Social Media,5.58,4.47,14.42,1.23,Behavioral,7.18,11.39,4.64,24.04,82.61,297.48,1.78,0.95,37.09,16,0.18,0.72
ed417813-a446-4e9c-acf2-ac95991c0bea,2026-06-14,CAMP-5930,Awareness,Social Media,6.44,4.42,12.48,2.69,Behavioral,9.76,8.77,6.95,28.01,22.78,278.72,-1.11,0.7,21.27,18,0.21,0.9
c0924e3d-d3d2-42f4-91b4-799778b78701,2026-07-05,CAMP-2684,Retention,Website Banner,1.91,1.29,28.54,1.51,Behavioral,5.97,12.43,5.68,23.36,26.58,190.6,5.97,0.87,15.75,3,0.4,0.87
d8986d44-829f-42a5-a59a-c17d8f86c466,2026-02-12,CAMP-1021,Awareness,Social Media,7.34,4.3,14.87,4.47,Behavioral,2.75,4.19,8.05,9.5,91.81,146.01,5.3,0.72,13.6,17,0.26,0.99
999f13e5-bfbb-4c87-8518-26ed318a07cf,2025-12-30,CAMP-1353,Upsell,Email,9.1,1.5,7.96,4.37,Geographic,8.47,1.46,7.25,18.52,39.22,165.94,0.15,0.92,17.73,41,0.13,0.94
84d947b8-9c7b-439a-83db-e12de88e6384,2026-01-07,CAMP-8924,Retention,SMS,2.93,0.61,24.66,1.98,Behavioral,7.16,7.53,5.84,9.7,98.9,94.15,1.87,0.6,25.6,14,0.45,0.86
740c2fcf-16d3-41d0-a3d0-5544dc810a7b,2026-04-26,CAMP-3488,Upsell,Social Media,2.94,3.76,17.84,1.08,Demographic,4.93,13.35,7.66,9.92,54.31,239.01,6.64,0.96,47.9,39,0.49,0.97
dbaa28a0-6b9c-4ce3-916d-3499867be008,2026-04-27,CAMP-4792,Upsell,Social Media,8.5,3.52,25.51,4.7,Behavioral,3.29,4.3,9.93,17.69,64.1,72.86,3.1,0.9,29.51,22,0.41,0.61
0b074420-b2e8-49f6-81e6-82298ec6df84,2026-07-10,CAMP-8207,Awareness,Email,1.8,2.31,26.06,2.53,Geographic,0.63,12.95,6,24.94,91.32,260.78,5.73,0.64,33.96,25,0.13,0.63
28abb1b4-5dc3-48c9-a0dd-0937cfa60b52,2026-04-27,CAMP-7555,Upsell,Social Media,2.46,4,20.05,3.37,Behavioral,4.75,6.12,3.27,20.34,82.5,171.48,9.54,0.89,12.1,29,0.43,0.7
4de00c89-610b-495e-acd6-0fd2bd871783,2025-11-22,CAMP-8260,Retention,Website Banner,4.96,3.21,11.87,1.51,Behavioral,1.34,7.7,6.18,21.96,32.72,197.57,9.72,0.87,40.65,10,0.16,0.81
946d61dd-9a36-4e37-b6d3-4c49489ee52a,2026-01-01,CAMP-4926,Promotional,Website Banner,5.25,0.76,21.84,2.61,Demographic,8.27,5.06,9.37,15.32,11.68,89.39,-1.24,0.82,13.32,22,0.18,0.62
773f51a6-d4d1-491f-bb99-ad4cd40e5645,2026-05-15,CAMP-8548,Promotional,Website Banner,1.72,1.53,29.14,0.71,Demographic,6.58,2.09,3.18,21.59,83.98,197.56,3.63,0.6,38.48,37,0.36,0.92
05e4393a-d4ae-4f20-a18a-ac8fa43ef4c6,2026-06-15,CAMP-4376,Awareness,Social Media,5.4,3.73,26.62,0.53,Behavioral,3.09,9.2,8.44,23.23,84.66,261.89,7.94,0.79,14.25,43,0.13,0.73
ce1cc80d-1f4e-4807-bd9c-fbfeca49d4db,2026-06-05,CAMP-5362,Awareness,SMS,5.29,0.79,20.28,2.67,Behavioral,4.99,14.13,1.23,6.43,73.53,227.1,9.24,0.65,18.84,11,0.39,0.81
7ad7b3e3-d1c3-4329-9b5f-ae05c8df5265,2025-09-27,CAMP-9100,Upsell,Social Media,2.24,1.48,6.23,2.87,Geographic,1.38,10.7,2.97,9.64,16.81,84.17,0.5,0.94,13.69,7,0.49,0.94
68c6e4e2-af55-48b6-b860-837f44bab285,2025-07-24,CAMP-3147,Promotional,App Push,7.36,0.62,13.19,1.2,Geographic,8.47,8.19,7.71,19.1,28,290.47,8.32,0.87,27.61,27,0.45,0.97
b0bed1d9-2e56-4044-8a7b-897a114f7b72,2025-10-13,CAMP-1520,Upsell,Email,2.31,2.13,6.65,1.59,Behavioral,6.06,12.24,1.26,26.16,66.88,180.83,0.48,0.94,22.78,9,0.33,0.95
921d11ab-3143-416f-864e-e108290bb9cd,2025-12-20,CAMP-8713,Retention,Email,5.77,3.23,8.78,3.36,Demographic,8.48,6.52,1.22,19.03,82.94,146.15,3.53,0.75,31.85,40,0.38,0.66
73df6d67-0325-4303-a657-d89c712e7abe,2026-06-16,CAMP-8868,Awareness,Website Banner,7.81,3.61,26.84,4.69,Behavioral,6.55,10.1,8.91,13.46,48,112.82,0.53,0.68,28.77,47,0.45,0.98
16cfc8b2-5fb6-4630-a144-2d621635e244,2025-10-21,CAMP-8740,Promotional,App Push,2.24,0.52,15.63,3.8,Demographic,0.95,12.57,8.48,14.03,31.56,255.02,1.79,0.95,12.13,46,0.46,0.97
80183c74-6728-4076-ad8b-586d0f393b22,2026-06-24,CAMP-1722,Retention,App Push,5.96,1.92,22.62,0.5,Geographic,9.5,8.89,2.8,26.64,56.93,119.14,0.32,0.57,21.25,27,0.47,0.88
33115d2c-ed54-4066-b914-764cb2ac374c,2026-04-29,CAMP-1050,Promotional,Social Media,2.55,0.57,6.87,2.99,Behavioral,8.17,4.13,6.17,25.7,76.14,66.57,4.32,0.65,12.35,14,0.2,0.72
222366bb-bc2f-4175-8ade-71dea6814211,2026-01-14,CAMP-6430,Retention,Email,3.89,1.62,12.5,3.46,Behavioral,1.8,6.22,7.72,12.7,10.44,208.67,8.45,0.91,19.26,22,0.45,0.62
6e3ac449-a3f1-469d-854c-8f2c9027f1ce,2025-12-28,CAMP-3896,Retention,Website Banner,1.37,1.95,12.63,1.68,Geographic,8.02,5.2,8.35,16.8,88.27,190.09,4.08,0.91,17.95,41,0.11,0.87
47e45b44-3282-49b6-b34d-7b7d30ccf8fa,2026-05-27,CAMP-6836,Retention,Social Media,3.39,3.24,24.79,0.77,Demographic,4.29,12.45,8.43,29.6,38.6,71.1,-0.64,0.85,12.69,17,0.44,0.91
e6b5f4c6-00e0-4a56-8814-5823d423bece,2026-04-21,CAMP-6745,Awareness,App Push,2.3,1.03,20.68,4.26,Behavioral,3.06,3.13,1.17,29.96,86.68,246.13,3.46,0.71,27.14,2,0.39,0.6
d205f752-08ad-495e-9de1-3d823d5439d1,2026-07-17,CAMP-8039,Promotional,SMS,2.33,2.51,25.84,4.64,Geographic,4.4,5.13,3.76,7.09,35.52,270.16,9.06,0.54,30.3,38,0.1,0.85
78c96753-205f-4ed0-8fb5-d9e589554498,2026-05-22,CAMP-7934,Promotional,App Push,7.2,1.14,8.59,0.86,Geographic,2.61,4.28,1.48,11.69,75.05,191.05,-0.52,0.86,23.09,45,0.28,0.76
87b9ca80-a350-4c1c-a4d9-cde2c4e1901d,2025-09-25,CAMP-8406,Upsell,Social Media,6.06,2.87,13.92,4.07,Behavioral,2.99,11.27,9.39,10.71,28.05,81.23,4.44,0.85,37.34,17,0.38,1
f7a485e3-1fb1-4207-836d-f1ebacd2dd45,2026-03-14,CAMP-1815,Promotional,Email,9.91,3.11,14.79,0.33,Behavioral,5.43,7.07,9.61,21.38,14.47,145.73,-1.25,0.77,45.15,37,0.48,0.99
d2e14114-11b7-40a2-80db-d4ff4f44d9d6,2026-06-28,CAMP-3117,Awareness,SMS,8.54,1.45,14.46,0.36,Behavioral,8,13.47,5.82,29.34,47.68,194.83,-1.46,0.62,35.62,24,0.34,0.87
e813338f-e692-4500-975a-ae130f8c6b0e,2025-08-06,CAMP-6152,Retention,Social Media,4.45,0.54,19.95,1.96,Behavioral,4.08,1.49,9.18,26.54,28.36,129.7,8.78,0.95,30.96,8,0.12,0.95
08f95914-1142-4ab1-b780-082f42907c0c,2026-03-07,CAMP-6434,Promotional,Website Banner,8.17,2.24,25.43,4.14,Demographic,6.98,1.63,1.42,9.74,63.95,121.27,-1.29,0.68,45.22,6,0.37,0.98
e8bc4bb3-d39a-421d-acf3-9a51f8baead5,2026-06-17,CAMP-8721,Upsell,Website Banner,5.67,2.02,29.15,3.32,Geographic,7.28,8.4,6.15,6.44,18.69,125.21,5.9,0.83,24.7,6,0.22,0.67
254a4c48-17c4-4e92-922b-46a945c8032a,2026-03-27,CAMP-8896,Awareness,Social Media,1.58,4.97,5.96,0.22,Demographic,9.8,5.04,1.01,20.89,79.84,152.49,8.56,0.69,44.44,36,0.45,0.94
a987c589-27a9-4b69-9917-7ceddd5d6b9f,2026-03-31,CAMP-6774,Promotional,Email,6.37,4.09,18.56,2.92,Demographic,4.78,10.78,4.64,8.05,32.86,81,4.82,0.56,47.68,31,0.22,0.98
736eed2f-8090-46e9-8a42-c5aea634406a,2026-06-20,CAMP-6024,Retention,App Push,5.26,2.72,21.87,4.89,Demographic,8.5,13.2,2.7,23.57,66.55,264.49,-0.75,0.61,22.4,15,0.31,0.69
39d52a8a-626d-4a27-afc7-fce24d705751,2025-10-17,CAMP-3497,Awareness,Email,6.79,4.62,26.02,0.71,Demographic,7.27,3.74,1.63,29.28,51.7,258.3,3.77,0.76,13.87,31,0.45,0.78
4e56bcb4-079b-4f23-94ff-0ac532da16fd,2025-08-09,CAMP-8383,Promotional,SMS,3.96,2.83,25.76,4.85,Behavioral,8.75,12.82,3.29,20.55,25.45,225.99,4.49,0.8,42.83,33,0.4,0.75
33af6673-1b19-45b2-8dda-6e0d7e25bde9,2025-12-10,CAMP-4428,Upsell,Website Banner,7.04,1.51,13.72,4.8,Geographic,3.22,4.4,8.47,26.76,92.28,299.8,3.87,0.74,32.77,24,0.42,0.65
80add78e-a0f0-425e-a112-5a7829d40106,2026-04-22,CAMP-7630,Upsell,SMS,1.97,4.79,12.46,1.09,Behavioral,2.8,9.87,3.83,25.04,44.48,66.75,7.79,0.74,26.1,13,0.36,0.92
876a0ead-6c7e-4412-b672-03ed68d4f074,2026-05-10,CAMP-3740,Upsell,Website Banner,8.19,1.57,14.72,2.25,Behavioral,3.24,9.57,5.63,26.06,64.13,143.66,0.29,0.87,26.71,9,0.35,0.77
b7ce0a1d-644e-47aa-8a96-07900e74b09d,2025-08-07,CAMP-6268,Promotional,Email,4.8,3.55,25.76,3.48,Behavioral,2.31,6.47,3.7,29.38,13.61,293.87,0.6,0.89,39.06,2,0.25,0.95
0bc9d664-3a41-418e-a579-e9d6a2c143a7,2026-03-22,CAMP-4922,Promotional,Website Banner,2.11,4.54,11.91,4.35,Behavioral,5.42,8.12,5.84,20.79,75.24,161.68,5.77,0.88,13.74,25,0.16,0.68
bdd1cd1b-e5fd-43eb-aed6-f58f79676376,2026-05-05,CAMP-8148,Promotional,Website Banner,3.62,4.23,28.4,4.52,Geographic,4.22,1.68,5.39,28.23,64.1,133.73,-1.46,0.94,13.64,10,0.1,0.71
61bcfe86-b664-4e14-99e4-a30f176c7f35,2025-07-25,CAMP-8252,Retention,App Push,8.9,2.36,19.92,4.03,Geographic,3.11,12.3,7.23,28.58,91.07,217.7,2.56,0.66,12.53,16,0.36,0.77
92937d13-c19e-412b-a098-c67648be3da8,2026-02-20,CAMP-5229,Awareness,Social Media,8.85,1.96,20.85,4.62,Geographic,2.91,6.31,3.96,13.93,66.73,209.42,7.24,0.93,22.01,15,0.3,0.88
e25e61a0-8f27-4869-8317-70a18b18a4db,2025-12-14,CAMP-4494,Upsell,Website Banner,2.97,4.59,29.86,2.39,Behavioral,1.31,14.24,7.31,27.33,95.49,248.54,-0.71,0.7,41.29,15,0.26,0.64
822d5c21-4a84-40c2-91ab-40799ecf5670,2026-03-22,CAMP-4054,Upsell,App Push,7.3,3.95,24.31,0.9,Demographic,7.95,8.27,6.25,23.57,24.55,108.7,-1.44,0.63,19.92,1,0.29,0.66
3a06bd90-0239-443c-b357-072e3eaa1646,2026-05-21,CAMP-6757,Awareness,Website Banner,3.36,1.2,13.98,2.98,Geographic,9.73,13.93,9.67,16.07,71.97,181.26,9.71,0.89,21.57,3,0.16,0.9
d11f03f3-18e0-4cd9-a65e-16afb776a49d,2025-09-04,CAMP-8328,Retention,SMS,6.09,2.55,7.23,4.89,Behavioral,8.75,12.16,5.05,26.68,15.44,82.47,-1.62,0.61,36.14,32,0.29,0.99
b36548d2-2aea-444b-93df-0feddccad156,2025-11-25,CAMP-2429,Awareness,Website Banner,5.86,3.56,28.37,0.47,Geographic,6.62,3.74,3.31,17.54,90.19,295.9,-1.63,0.6,16.89,17,0.38,0.75
7271f5b4-082c-4c76-96a0-cbc02c603611,2026-03-19,CAMP-8104,Retention,SMS,8.68,2.52,21.22,0.35,Behavioral,9.15,5.51,5.11,15.79,85.36,216.29,5.73,0.81,32.07,36,0.45,0.87
1694179b-b83e-4d7f-8485-6d618fb408dd,2025-09-23,CAMP-8910,Promotional,Social Media,7.48,0.67,16.73,1.53,Behavioral,3.29,8.11,8.7,18.71,29.96,222.08,7.97,0.7,32.11,13,0.2,0.83
b8e23163-556d-4e9d-9e03-fbbc53bdbcf5,2026-07-24,CAMP-5205,Awareness,Email,3.21,3.23,26.3,0.23,Geographic,9.54,9.87,3.69,10,20.96,276.85,6.41,0.61,16.83,4,0.46,0.61
3bdeeb98-6949-4690-93e0-4cee48754811,2025-08-13,CAMP-3066,Promotional,SMS,5.97,3.07,7.7,3.09,Demographic,6.69,14.57,1.16,18.68,16.44,198.73,8.92,0.63,22.71,41,0.25,0.76
fb8bd6b9-0eaf-42f5-9f6a-b470036e080f,2025-12-07,CAMP-5394,Awareness,SMS,1.27,2.81,23.77,1.77,Demographic,4.02,14.65,1.11,7.84,15.89,147.81,5.13,0.7,27.39,12,0.38,0.87
15ba91a7-ee03-4ec8-ba98-1343ef26a263,2026-04-22,CAMP-8017,Awareness,SMS,8.63,3.06,10.6,0.32,Behavioral,9.04,13.37,9.89,13.68,94.42,243.91,5.54,0.63,26.13,9,0.15,0.98
4b2f3579-3db3-4af9-8315-181bc39ecf12,2025-09-01,CAMP-7590,Promotional,SMS,4.71,4.68,15.36,4.55,Geographic,7.76,12.92,4.32,10.62,64.68,67.41,3.54,0.57,27.35,21,0.25,0.72
16fdc133-6e59-4052-8239-60e17405a7bb,2026-01-15,CAMP-4521,Upsell,Social Media,2.44,1.06,8.83,3.75,Demographic,8.7,14.65,4.43,21.57,19.98,278.92,2.15,0.76,41.08,30,0.32,0.69
a7317148-ed32-4cad-bdff-906fdc0f612b,2026-05-02,CAMP-5571,Promotional,Website Banner,9.96,3.02,16.8,1.56,Geographic,7.33,7.92,4.08,15.74,27.84,134.93,0.96,0.76,49.76,36,0.14,0.6
cc6fd052-1486-4be3-b16d-05c210415a58,2026-07-09,CAMP-8337,Awareness,SMS,2.23,2.23,8.77,2.37,Demographic,3.9,1.22,6.82,23.73,62.63,174.44,8.58,0.67,39.78,13,0.23,0.86
8846b2a9-66a3-455e-8887-b183da33935f,2026-01-27,CAMP-7462,Retention,Social Media,9.71,3.39,11.29,2.59,Geographic,6.54,8.93,7.05,26.08,98.52,122.57,1.33,0.83,35.61,11,0.42,0.85
0566b504-7e98-40cd-a6b7-a809a37656cc,2025-10-19,CAMP-1332,Retention,App Push,4.39,0.74,5.31,4.75,Demographic,5.48,8.8,8.57,15.02,31.89,249.33,3.63,0.62,38.41,22,0.44,0.84
0c5d7c83-6516-444f-a967-9b79470351cd,2026-02-09,CAMP-9642,Promotional,Social Media,2.89,3.27,11.17,0.35,Geographic,8.69,2.22,6.61,6.01,78.04,159.59,9.24,1,48.28,36,0.32,0.9
970502a3-83db-463a-b684-93bf86e0216d,2025-10-09,CAMP-1765,Retention,Email,2.17,0.62,28.92,4.5,Behavioral,6.58,12.73,9.29,11.41,43.75,267.69,0.92,0.89,26.68,15,0.11,0.9
eb843809-1a8f-4518-8f74-1d2ddeba7929,2026-05-14,CAMP-3075,Promotional,Email,4.3,4.16,5.86,2.12,Demographic,7.58,14.05,5.75,5.24,35.45,271.36,5.09,0.71,25.5,32,0.35,0.6
ffe508f4-243c-432a-a6b2-8eb530743376,2025-09-01,CAMP-1663,Retention,Social Media,7.54,1.86,17.07,2.11,Demographic,6.46,10.67,9.94,11.24,48.05,66.16,5.83,0.93,16.63,25,0.46,0.83
8dd019b8-5b4f-4530-b206-56b766290a06,2025-12-14,CAMP-3553,Upsell,Email,9.96,2.55,12.94,3.02,Behavioral,1.6,11.61,9.02,8.12,45.28,298.42,9.6,0.84,40.76,38,0.3,0.62
5d714776-d8c0-49e4-976b-9c0cacfcf3d9,2026-05-30,CAMP-1815,Awareness,SMS,3.83,3.91,12.23,4.43,Geographic,1.08,14.7,5.31,6.51,28.19,90.79,0.91,0.77,35.31,18,0.3,0.98
5b1d1347-bcd0-4964-a323-f893817dac82,2026-03-14,CAMP-7286,Retention,Social Media,3.45,2.36,20.56,4.62,Geographic,1.98,4.61,8.16,9.84,99.4,116.09,-1.17,0.57,30.19,5,0.35,0.67
b735f3a4-1b82-44cc-9c5d-aa0f6feaf0af,2026-04-10,CAMP-3217,Promotional,Social Media,8.49,2.56,5.25,3.85,Behavioral,9.54,8.49,1.23,14.23,76.04,61.27,-1.17,0.85,47.69,23,0.1,0.87
53ded176-5341-4c3a-9178-d4b2f204fd26,2026-01-10,CAMP-2603,Upsell,Website Banner,8.12,2.77,24.39,2.42,Geographic,6.95,4.11,6.19,18.07,17.62,148.2,-1.46,0.73,14.32,28,0.22,0.74
babee924-b0ff-44a4-9b5f-bf24eba6118c,2025-09-26,CAMP-4799,Retention,Email,8.63,3.05,29.18,4.71,Behavioral,6.37,7.37,2.94,10.91,22.1,108.84,8.04,0.72,25.56,4,0.4,0.92
f39b6f58-df12-468c-a949-3d6c31421a4c,2026-04-09,CAMP-8838,Awareness,SMS,1.24,3.03,12.18,1.52,Behavioral,6.45,12.45,9.54,16.4,91.17,293.29,6.99,0.82,39.55,39,0.16,0.81
251a70be-a8b7-47ba-98a6-b616719c95a0,2026-06-07,CAMP-1236,Retention,Website Banner,3.65,2.04,14.73,2.01,Demographic,0.92,11.23,1.48,13.97,50,162.52,4.72,0.71,16.08,20,0.28,0.65
9c031c4d-e526-410d-999d-26a8286feeeb,2025-08-27,CAMP-6065,Retention,Email,3.82,3.62,27.29,0.6,Behavioral,5.99,4.64,1.35,7.53,10.74,254.51,0.32,0.82,41.09,44,0.28,0.65
0047fe03-52c3-4b36-a858-7a33e5ea230b,2025-10-26,CAMP-5939,Awareness,Website Banner,3.49,4.39,9.19,1.84,Demographic,2.99,4.75,9.85,13.51,17.13,248.16,3.45,0.71,13.83,15,0.15,0.61
5496a865-d7fd-471d-b0aa-cd61ad7c993f,2026-07-24,CAMP-6357,Upsell,SMS,9.32,2.53,12.98,0.85,Geographic,9.68,13.35,7.7,10.61,22.23,261.42,0.39,0.71,30.29,5,0.26,0.95
ad776819-40b8-4d18-b698-4dab124d7a72,2025-08-30,CAMP-9336,Retention,SMS,9.83,4.24,24.86,3.84,Behavioral,4.84,3.31,9.12,9.46,55.47,50.75,8.57,0.84,43.66,27,0.29,0.65
94da02ff-621c-4f07-aaf9-a4f157505735,2025-09-12,CAMP-2196,Upsell,App Push,7.74,1.69,11.88,0.81,Demographic,8.84,6.04,6.37,12.66,31.5,283.97,6.41,0.61,20.45,36,0.22,0.72
d09db6d7-528d-407a-8b21-00f6542a2403,2026-01-10,CAMP-2437,Upsell,SMS,3.6,1.11,27.97,2.29,Geographic,5.02,8.16,6.62,13.21,37.27,125.89,7.82,0.62,33.84,6,0.36,0.64
ac3c8f27-ae41-4725-b0f1-272e13f07e16,2026-01-04,CAMP-9321,Promotional,Website Banner,3.04,4.35,17.98,2.45,Geographic,0.8,6.35,2.15,21.84,28.03,184.54,9.36,0.61,29.18,47,0.24,0.72
1899468f-f53f-4238-ac99-ac04d8835d4e,2026-02-08,CAMP-2059,Upsell,Social Media,6.06,4.11,24.53,4.28,Behavioral,3.2,5.32,8.28,6,60.8,189.93,7.55,0.81,23.96,9,0.43,0.91
b5a72ebc-d9cb-46e8-a655-cfa22ee7c301,2026-03-31,CAMP-5466,Upsell,Website Banner,6.44,1.94,8.86,3.6,Behavioral,4.12,7.02,1.64,24.12,13.25,183.35,3.2,0.81,14.15,6,0.41,1
6be21641-7eae-42b5-8ea8-618908df72c9,2026-02-15,CAMP-6598,Upsell,Website Banner,8.07,3.08,21.22,1.33,Demographic,2.63,13.56,8.4,8.57,95.86,173.07,7.36,0.6,20.46,7,0.14,0.95
1eaaac5a-4637-40e4-ad04-9b2bd7de58a3,2026-01-05,CAMP-6614,Awareness,App Push,9.36,3.7,21.41,0.25,Demographic,8.25,10.45,6.08,18.63,16.24,189.96,3.34,0.83,45.08,45,0.38,1
bc456f98-497c-4908-bdce-d6710a06b850,2025-08-08,CAMP-4073,Retention,App Push,7.23,2.33,27.1,2.45,Demographic,5.31,5.49,2.16,19.45,75.22,113.05,-1.96,1,39.05,19,0.37,0.7
5bc4882d-99da-4b62-8c92-fbe1c3c95105,2026-05-06,CAMP-9046,Awareness,Website Banner,8.32,3.17,16.09,3.87,Geographic,5.23,1.17,3.84,7.14,93.36,151.69,2.41,0.65,23.83,27,0.34,0.88
73e7d733-8841-4e4a-a39f-1e8a317855b5,2026-04-15,CAMP-5712,Awareness,Social Media,8.29,1.11,10.79,4.84,Behavioral,8.88,1.28,9.43,11.27,12.91,245.93,2.77,0.7,43.25,13,0.34,0.88
c88981c6-5add-4ee2-8531-dcd45980ff2c,2025-12-26,CAMP-6042,Upsell,Website Banner,1.45,0.72,11.95,2.93,Behavioral,7.23,5.62,7.82,14.17,91.93,144.08,4.59,0.53,34.04,29,0.49,0.98
7cc1db5d-57fc-4186-81b8-20c8ac1ec63f,2026-07-20,CAMP-8475,Upsell,Social Media,1.4,3.55,10.25,4.29,Behavioral,4.93,12.12,8.84,15.41,27.56,59.58,-1.61,1,36.8,9,0.26,0.69
24b681b4-18be-4297-a83a-98674f3f00a9,2025-08-22,CAMP-1745,Retention,SMS,9.43,2.34,23.06,1.02,Demographic,3.61,14.8,3.05,9.42,94.47,199.6,5.48,0.74,11.81,22,0.16,0.95
5011d325-62a4-4129-969f-756d3fb79751,2025-12-17,CAMP-2023,Promotional,SMS,6.59,2.92,20.44,0.63,Geographic,7.35,12.31,2.59,24.05,42.87,57.23,5.32,0.68,10.09,28,0.13,0.78
ac595298-c764-4f8b-8860-d5504e6615b6,2025-08-24,CAMP-6802,Upsell,Website Banner,8.13,1.07,19,4.29,Geographic,8.92,3.54,3.45,7.1,21.23,170.28,4.39,0.82,17.8,35,0.16,0.87
37caf46d-e12e-48f1-ba85-f47cbf708e91,2026-06-28,CAMP-9454,Retention,Website Banner,7.67,4.81,8.38,3.24,Behavioral,1.64,10.05,1.91,26.85,97.56,145.06,-0.93,0.66,28.65,38,0.46,0.66
b643a761-5031-49c2-aa91-8babe3e9c271,2026-06-16,CAMP-3114,Retention,Social Media,8.71,4.27,26.88,4.18,Behavioral,7.05,5.94,1.7,22.54,92.07,227.43,-0.31,0.6,35.06,32,0.37,0.74
604a419f-76ee-498d-a3a3-08af1c0787fb,2026-01-25,CAMP-6810,Retention,SMS,6.35,0.73,25.58,0.25,Demographic,2.06,10.07,7.91,5.61,57.33,107.47,2.19,0.56,46.21,44,0.36,0.89
41e61345-5aeb-4904-81d3-b9f5455e2f51,2026-06-29,CAMP-3725,Retention,SMS,9.48,3.74,26.96,0.83,Behavioral,9.68,7.82,8.64,11.42,20.73,241.3,6.14,0.82,48.62,36,0.48,0.69
863947df-8255-442c-a989-32a2af550370,2025-11-16,CAMP-6843,Awareness,SMS,8.74,5,11.61,4.09,Behavioral,3.64,11.97,5.82,18.23,55.06,70.68,-0.47,0.51,19.22,19,0.33,0.72
68a74cf0-adb4-42d5-9f37-8041a7755c20,2026-03-18,CAMP-3679,Upsell,Website Banner,2.06,1.32,21.02,4.36,Behavioral,4.86,11.12,7.58,23.98,11.88,83.92,0.8,0.62,25.23,14,0.33,0.61
ea241b7a-1750-4da8-ae33-75fa1988a613,2026-05-29,CAMP-9709,Promotional,App Push,6.52,2.24,19.66,0.16,Geographic,6,12.13,3.64,15.28,34.14,233.56,9.5,0.52,32.69,38,0.31,0.64
15768073-c218-4b27-836b-9723481ec30c,2025-12-14,CAMP-4496,Upsell,SMS,9.82,3.79,5.79,1.38,Behavioral,8.45,4.11,5.88,29.57,70.52,192.98,7.82,0.98,45.98,8,0.2,0.67
b119a66e-9637-461d-a679-b20dbe0226d3,2025-07-25,CAMP-6385,Awareness,App Push,4.22,1.49,27.24,1.89,Demographic,6.94,11.15,7.87,16.36,22.89,276.12,5.01,0.65,46.58,7,0.38,0.78
598738ab-6895-407e-8b6f-f3ac72e67dba,2026-01-13,CAMP-4642,Awareness,Website Banner,3.7,3.55,21.83,1.97,Geographic,4.5,14.67,2.62,26.12,67.88,182.31,2.32,0.84,11.55,16,0.34,0.62
e0513fec-b210-484a-8ccc-63a54da80a63,2025-08-10,CAMP-7760,Retention,App Push,9.1,2.2,7.8,2.17,Behavioral,0.86,4.91,8.89,29.15,92.07,199.25,8.27,0.63,11.22,10,0.15,0.67
55329b7c-896b-43cd-9c74-b464de350627,2025-08-29,CAMP-7680,Upsell,SMS,7.19,4.11,25.62,3.29,Behavioral,2.9,9.7,7.26,21.74,60.97,274.77,8.01,0.69,48.5,6,0.29,0.63
6e345472-cb4a-4556-9094-9372fc557d62,2025-08-04,CAMP-9544,Awareness,Social Media,9.68,2.45,22.85,3.39,Demographic,3.04,6.47,1.46,15.21,73.36,60.33,9,0.93,37.75,33,0.3,0.69
f0699c88-4d33-4ecb-980d-dade521748e0,2025-09-03,CAMP-7503,Retention,Social Media,2.5,4.48,17.79,1.5,Demographic,9.41,14.91,4.77,26.06,65.61,80.96,5.17,0.72,42.87,14,0.48,0.94
f917c798-1951-452f-a3cc-570edb2e8689,2025-10-22,CAMP-2841,Awareness,Email,9.94,3.79,13.37,4.53,Demographic,7.89,2.2,9.14,19.61,82.76,184.9,-1.69,0.72,22.29,35,0.25,0.89
218984fe-27ab-45a2-af9b-72817f4d8f62,2026-07-02,CAMP-5314,Promotional,Website Banner,9.4,4.61,14.54,3.18,Geographic,8.08,12.09,5.64,18.21,19.16,235.27,3.98,0.76,16.7,37,0.45,0.69
aea57a00-bd6f-46a6-bb87-e239290d99ec,2026-04-25,CAMP-4505,Promotional,Social Media,3.87,1.31,11.97,4.06,Demographic,3.6,8.49,6.85,14.33,92.88,64.43,8.06,0.94,49.11,28,0.43,0.69
441f4ffc-70b6-466f-bf1f-9614bf622436,2026-04-11,CAMP-1722,Promotional,App Push,1.11,3.5,15.41,3.71,Geographic,7.88,2.08,4.73,8.63,97.13,102,7.61,0.69,22.55,32,0.46,0.97
cf80af7a-ba0d-4a3f-909b-4273c76b42d3,2025-09-13,CAMP-7190,Promotional,Website Banner,5.9,3.61,8.68,4.7,Geographic,6.3,3.19,6.42,12.65,14.59,282.22,5.68,0.55,33.04,43,0.23,0.78
fd3850d9-cf0a-49e2-9354-ab68a70b4250,2026-01-21,CAMP-5838,Awareness,App Push,7.13,2.25,27.36,1.64,Demographic,9.99,11.52,5.47,28.71,26.92,185.39,-1.79,0.58,47.24,28,0.38,0.76
238912a1-eab7-4abc-a1bb-3b466330807a,2026-04-17,CAMP-9683,Retention,App Push,2.46,4.54,13.92,0.16,Behavioral,4.85,9.75,5.12,16.79,65.83,109.26,5.83,0.53,13.86,37,0.4,0.79
e939ff7c-b156-47b9-8a4d-0ae8af5202e7,2026-05-18,CAMP-8036,Promotional,Email,4.41,0.65,25.84,4.04,Demographic,3.77,9.92,8.41,15.89,96.51,280.88,6.59,0.62,10.14,46,0.23,0.64
84f0f004-a6c5-4c51-bc3e-494bab19b33c,2025-10-26,CAMP-7343,Promotional,Social Media,8.3,3.58,15.34,4.26,Demographic,6.14,14.32,5.94,19.7,77.69,123.11,8.16,0.87,28.02,26,0.1,0.82
a1a86b37-e88e-4cc0-84f1-c1e75f6a15b7,2026-05-30,CAMP-7043,Awareness,Social Media,5.23,3.73,6.92,2.56,Demographic,6.05,3.31,1.8,29.09,13.31,296.78,5.82,0.66,31.86,38,0.12,0.74
90e39586-6a70-4b66-898e-5fbea09b4d7d,2026-06-24,CAMP-4798,Upsell,SMS,2.04,0.75,26.79,3.04,Behavioral,5.32,5.55,2.67,29.12,58.85,178.55,-1.59,0.86,18.23,6,0.35,0.98
004d096c-f76a-4e19-80d8-471351071538,2026-06-25,CAMP-1113,Retention,Website Banner,6.44,3.06,28,2.38,Demographic,1.53,6.62,1.86,25.09,71.85,144.32,8.8,0.98,43.12,11,0.13,0.91
1c696b89-d560-4385-9e29-e93b0362bbaf,2026-04-12,CAMP-3371,Upsell,Website Banner,7.11,0.61,16.1,0.88,Behavioral,6.57,1.2,5.16,12.49,28.11,75.03,8.08,0.94,19.89,42,0.22,0.87
57e504c4-0de6-4b66-8c47-f25f2ea28d73,2025-10-12,CAMP-9829,Retention,App Push,4.31,1.48,23.94,0.26,Geographic,9.85,8.24,7.11,8.52,63.24,81.75,-1.61,0.85,36.9,7,0.28,0.78
ab90d458-6c80-49e9-a5c4-359a3cd76a2f,2026-02-18,CAMP-9670,Retention,Email,4.06,4.65,12.44,0.13,Behavioral,1.74,9.28,8.33,20.09,19.44,159.44,8.66,0.68,42.77,39,0.19,0.86
b1236302-081f-4a6c-a709-fa9dd0779509,2025-08-04,CAMP-7948,Promotional,Email,1.72,4.65,5.08,4.67,Demographic,9.37,7.4,4.78,25.61,80.25,233.86,3.95,0.69,33.39,6,0.17,0.88
7fa1c8e4-ee52-4ea9-8126-30b50d02f3a6,2026-05-11,CAMP-4819,Awareness,Social Media,9.11,2.81,20.13,3.01,Behavioral,4.8,10.9,3.92,21.45,38.14,183.45,8.84,0.99,49.91,30,0.32,0.86
db649afb-c7b9-40b9-a0e4-fedfecca5c21,2026-07-22,CAMP-5719,Retention,SMS,7.87,0.97,16.12,1.43,Behavioral,8.38,5.43,7.31,29.22,75.6,258.13,3.58,0.84,20.85,21,0.31,0.64
b7105fac-b565-44a6-ac03-4ad700c14681,2025-08-30,CAMP-7861,Retention,SMS,9.52,0.6,7.25,4.38,Behavioral,4.15,8.24,5.27,12.66,12.66,76.98,1.48,0.71,17.04,11,0.4,0.74
74fda110-cca4-4f55-a87a-e46f893476fc,2026-04-05,CAMP-7812,Awareness,Email,7.71,4.35,9.12,2.96,Demographic,2.34,8.68,9.51,28.46,65.21,99.45,7.23,0.93,44.56,18,0.23,0.68
a46e1110-c37c-46f4-a33f-6cf001ae3d6a,2025-08-17,CAMP-7738,Promotional,App Push,9.45,0.64,9.62,2.22,Behavioral,8.48,12.16,7.35,22.52,67.01,76.35,-1.66,0.68,41.46,10,0.15,0.96
a1c8818b-d363-4a79-b315-0d4afea21b7d,2025-08-03,CAMP-5056,Upsell,Website Banner,2.83,2.66,27.4,0.89,Behavioral,1.71,7.01,3.19,27.79,36.77,119.65,-1.12,0.64,49.65,19,0.46,0.87
11ee3c5d-d908-451e-8eaf-45b4ba23aa1f,2026-02-14,CAMP-3296,Upsell,Email,1.33,2.77,26.99,1.91,Demographic,6.51,1.73,3.09,24.42,11.58,76.82,5.94,0.66,36.36,14,0.37,0.76
d7143851-d1da-463d-972f-910a30176545,2026-02-21,CAMP-1719,Upsell,SMS,7.07,1.71,11.2,4.78,Behavioral,4.88,8.3,6.55,15.21,38.66,77.83,9.54,0.53,13.27,36,0.29,0.65
cdd60b9e-7e03-45ed-8c3a-cd7c1b089355,2026-01-23,CAMP-5225,Upsell,Email,3.38,3.65,13.58,3.21,Demographic,2.67,9.31,3.09,13.8,40.58,251.01,5.14,1,46.07,16,0.17,0.73
86f55e2d-e18f-407e-ac04-b98d684587be,2026-01-10,CAMP-2415,Promotional,Website Banner,6.39,1.51,29.6,4.88,Geographic,7.49,10.42,8.44,29.11,45.57,229.79,6.71,0.74,25.25,10,0.22,0.71
5416132f-52d0-4a05-9a67-9ab1b626b7b7,2026-01-07,CAMP-7570,Upsell,Email,7.05,3.41,29.02,1.55,Geographic,7.47,1.28,3.23,12.33,84.28,54.23,2.08,0.66,27.16,36,0.33,1
7e1a99ba-f3c1-4c0e-909e-d6dc39a590a4,2026-01-23,CAMP-5971,Upsell,App Push,5.76,1.66,21.49,4.64,Geographic,8.77,11.47,4.17,17.51,38.14,297.55,2.28,0.69,30.25,6,0.29,0.8
69cf3991-243f-44fa-a25a-f76afd981cf6,2025-08-13,CAMP-5547,Awareness,Email,4.93,1.58,28.85,4.95,Geographic,8.78,12.38,2.85,28.58,14.05,157.1,1.95,0.91,19.75,39,0.4,0.69
8e018f36-ecb3-4191-89f1-b33e68943733,2025-08-20,CAMP-8452,Promotional,App Push,9.19,4.72,12.04,4.82,Geographic,1.89,6.95,4.11,29.18,32.78,70.81,0.18,0.89,20.04,19,0.3,0.86
ec07c327-56bb-45d6-a917-a94fd7e7eb48,2026-01-19,CAMP-3649,Retention,App Push,2.51,2.3,18.56,2.77,Demographic,1.02,10.93,5.39,13.73,11.63,162.19,2.19,0.63,35.09,1,0.34,0.72
d875c851-0f48-43b2-bdad-59f510cfc226,2026-05-18,CAMP-8070,Retention,Social Media,8.99,2.32,24.29,2.52,Geographic,9.86,6.7,6.21,12.17,80.6,55.51,1.28,0.53,35.62,46,0.31,0.94
6f99d72a-1c6b-47e7-9034-488c93049993,2025-10-07,CAMP-1146,Upsell,SMS,1.64,3.99,26.14,2.88,Behavioral,9.03,8.56,1.08,16.4,36.06,182.57,2.82,0.94,15.78,23,0.23,0.84
ce516f60-ffa9-498c-93d2-d9f8155a64d7,2025-10-06,CAMP-8445,Awareness,Website Banner,9.5,1.12,12.68,3.44,Behavioral,7.62,7.53,7.01,10.58,66.45,65.41,0.12,0.56,13.26,34,0.46,0.8
f725d4f0-b9d4-41f8-ba6a-8dcc6e9c62eb,2026-04-08,CAMP-3673,Awareness,Email,7.03,3.78,26.12,0.21,Behavioral,4.48,8.35,2.36,13.72,94.03,170.04,0.5,0.55,13.44,10,0.17,0.74
f44bba9f-6db8-4cef-9776-0e2e56b88641,2026-02-28,CAMP-3829,Promotional,Social Media,2.08,0.62,22.92,3.25,Behavioral,9.71,10.93,8.53,10.29,70.1,246.01,7.9,0.51,31.04,7,0.37,0.63
b39d825f-7189-4932-b4a2-115288523841,2025-11-22,CAMP-5621,Awareness,Social Media,9.04,3.63,23.89,3.02,Demographic,2.48,11.11,8.32,15.43,58.16,206.62,1.16,0.64,30.19,2,0.5,0.75
7973541a-e422-468b-aa30-7d4a8a5c6cd5,2025-09-07,CAMP-1301,Awareness,Website Banner,6.46,1.96,23.56,1.1,Geographic,5.31,5.87,4.36,11.17,34.58,152.06,-1.91,0.91,27.28,35,0.18,0.77
db3d43a1-7922-4b0c-b9a1-75a562fd9dd6,2026-07-14,CAMP-4193,Promotional,App Push,8.71,2.43,19.01,0.19,Demographic,9.45,5.35,8,15.94,68.16,246.24,-1.05,0.68,45.83,15,0.28,0.88
905b6a27-e652-48e7-bb82-2e5e3ad5da63,2026-06-02,CAMP-4261,Upsell,Website Banner,2.7,1.79,13.18,2.22,Behavioral,0.89,12.09,6.35,9.52,30.84,60.03,5.16,0.8,33.96,8,0.24,0.96
84d242fb-b3b5-44da-b43b-d5b8b47ee865,2026-02-13,CAMP-7510,Upsell,Social Media,6.64,4.76,15.89,1.61,Behavioral,5.88,9.44,6.9,16.67,25.23,159.99,1.43,0.99,36.92,7,0.42,0.81
f8f843a9-a301-46a5-ba96-ad60cf99cadd,2026-03-25,CAMP-6596,Promotional,SMS,1.37,2.78,6.85,2.29,Geographic,9.62,7.26,5.38,20.15,34.67,124.9,4.53,0.82,18.43,2,0.16,0.77
f5d03001-c44e-47c6-abf7-bd460743c43c,2025-10-14,CAMP-7679,Promotional,Website Banner,6.06,3.4,24.43,3.56,Demographic,7.55,13.64,2.91,8.85,44.36,88.02,8.94,0.53,17.5,1,0.34,0.95
dbaebaa5-abe2-47d5-a8bb-8ba04b79f32b,2025-10-20,CAMP-7025,Awareness,SMS,4.81,3.12,21.43,2.92,Demographic,1.26,4.54,3.72,29.99,49.38,170.64,3.58,0.9,19.05,47,0.12,0.66
d1c6c9c6-f9ba-4580-b678-452cecd93ed1,2025-08-20,CAMP-3747,Promotional,App Push,8.87,2.55,5.39,2.39,Geographic,0.64,4.47,1.31,29.9,58.82,155.28,-0.55,0.72,34.81,15,0.41,0.67
e0521917-ee8d-4160-8d47-f54b59f87f3a,2025-08-19,CAMP-6100,Retention,SMS,3.68,0.63,7.69,0.98,Geographic,8.56,9.44,2.84,6.5,17.83,88.19,7.35,0.74,39.94,28,0.39,0.74
3a237fe9-022d-472b-932c-7a710b37e418,2026-01-17,CAMP-9100,Upsell,Social Media,8.27,3.27,8.94,4.5,Behavioral,4.89,4.81,2.94,20.36,39.29,50.78,6.55,0.93,39.08,2,0.25,0.69
84966d1f-0e0e-489c-903c-79b0729b1a28,2025-12-08,CAMP-2117,Awareness,Website Banner,3.41,1.23,9.51,1.2,Demographic,3.33,11.28,7.13,28.1,69.76,230.72,4.87,0.6,43.68,33,0.4,0.81
f18ff65e-db8a-41b6-9348-68226e38c8b3,2025-12-28,CAMP-9339,Awareness,Social Media,2.81,3.37,16.43,1.1,Behavioral,5.96,12.62,9.42,13.82,45.65,169.73,5.52,0.68,38.39,26,0.39,0.87
b47c415f-2fd7-404b-9fe2-9e4c5b8a875e,2026-01-09,CAMP-3973,Awareness,Website Banner,4.05,2.4,14.89,2.54,Geographic,7.92,4.18,3.48,25.59,54.77,188.18,7.26,0.94,20.31,15,0.12,0.85
22042c55-194e-4448-b95b-baea7e8d28c9,2026-03-23,CAMP-6586,Awareness,Email,9.67,4.3,24.01,2.05,Behavioral,8.59,14.21,5.81,23.47,90.23,281.96,5.89,0.77,24.84,9,0.24,0.97
05370ab3-3638-4417-b453-1b0dc1348881,2025-12-21,CAMP-1179,Retention,SMS,4.37,1.26,25.83,1.42,Geographic,9.65,8.28,9.91,16.32,64.36,74.5,9.03,0.52,36.43,10,0.44,0.94
877af379-5095-406e-83f2-71f44cbf0cea,2026-06-20,CAMP-2682,Promotional,Website Banner,4.24,3.33,16.13,0.73,Behavioral,9.02,7.97,3.15,18.43,31.9,236.42,0.27,0.59,33.59,4,0.43,0.85
ac678d15-9796-4d22-ae6f-7238fba82f19,2025-11-29,CAMP-4480,Upsell,Website Banner,4.16,3.11,11.9,3.16,Demographic,5.27,7.49,3.51,14.91,53.32,152.49,1.52,0.56,16.16,30,0.36,0.79
3eba0ba8-e615-4784-9926-4f68b0a4af9e,2025-08-15,CAMP-8227,Promotional,Social Media,9.74,0.59,13.37,4.07,Geographic,1.92,6.53,9.43,13.78,75.42,297.18,-1.08,1,46,6,0.26,0.99
1e4020e8-1d08-44eb-8561-d53692007853,2026-05-01,CAMP-6249,Awareness,SMS,5.16,1.92,29.02,4.95,Behavioral,3.77,6.8,7.5,16.45,54.23,201.69,-1.55,0.87,15.79,20,0.3,0.91
25053917-3a5d-4179-816e-0087f92b1492,2026-04-25,CAMP-6150,Upsell,App Push,8.1,0.99,22.26,1.8,Demographic,4.86,6.2,6.65,8.69,22.55,279.85,5.17,0.51,29.08,13,0.49,0.64
4b26258f-b990-49aa-8229-3ccc595edeee,2025-11-30,CAMP-5794,Promotional,Social Media,7.59,2.6,5.04,3.18,Demographic,3.8,8.82,1.52,10.68,83.74,231.88,4.26,0.85,30.66,37,0.45,0.9
11064686-2c43-4493-83c0-a259cf63dddc,2025-11-07,CAMP-3551,Awareness,Website Banner,6.16,0.61,12.4,0.68,Behavioral,8.21,2.93,5.54,17.42,75.23,104.11,6.24,0.93,33.38,47,0.45,0.67
c1276329-2393-4edd-832d-c458e7c9ff5d,2025-07-29,CAMP-9743,Upsell,Social Media,3.92,1.55,19.35,1.8,Demographic,7.61,7.08,2.5,15.68,63.98,141.79,2.06,0.96,15.3,23,0.14,0.81
49cf0ce4-be7a-4716-bc1c-ee640d603eef,2026-06-22,CAMP-9045,Retention,Website Banner,4.4,2.69,25.27,0.14,Demographic,5.54,8.46,7.65,20.89,56.79,283.52,7.24,0.81,45.36,33,0.43,0.63
ef36d221-ca34-4b0a-8aaa-8dfd8c357ffd,2026-07-17,CAMP-6176,Promotional,SMS,4.06,1.04,25.62,2.98,Demographic,4.41,3.64,4.89,13.37,39.2,132.54,2.52,0.75,20.66,14,0.48,0.92
4530078e-4078-4262-bfe9-75300562e06c,2026-01-26,CAMP-9147,Promotional,Social Media,6.41,3.89,16.43,1.44,Geographic,8.6,4.41,6.06,25.1,10.53,76.85,2.02,0.76,23.57,43,0.46,0.75
f79143fc-9d48-45fa-b592-c1f756a4e94e,2026-02-15,CAMP-2401,Awareness,Email,7.46,1.3,23.02,3.6,Behavioral,5.18,10.65,5.8,11.3,96.45,185.76,4.55,0.97,12.84,7,0.1,0.74
01f3a434-1455-48a9-83b1-24660b1eea63,2025-09-08,CAMP-4605,Promotional,SMS,9.73,4.7,17.84,3.44,Geographic,1.85,11.3,9.83,9.03,53.01,200.98,3.8,0.85,15.2,11,0.31,0.7
6d5efbfc-f564-4b28-bb50-b0b5588f931c,2026-01-16,CAMP-7987,Retention,Email,7.35,3.97,27.94,2.32,Demographic,8.97,10.57,7.69,19.82,10.49,113.09,8.08,0.74,27.83,48,0.32,0.77
3f97616c-acc1-4836-89b1-66dac816613b,2025-11-24,CAMP-1683,Retention,App Push,9.51,4.35,5.33,2.39,Geographic,4.18,6.13,7.91,15.1,63.72,164.72,6.98,0.55,46.2,6,0.29,0.73
be9876fd-fe89-45b6-bb3f-e873d63cc28f,2025-11-21,CAMP-7465,Upsell,Email,3.28,1.56,28.92,1.57,Demographic,0.72,2.02,2.24,21.09,61.93,169.58,4.05,0.52,47.42,11,0.21,0.67
cabef53f-a884-4821-b894-06b1258bc661,2026-02-20,CAMP-8491,Promotional,Website Banner,6.76,0.84,29.34,4.17,Behavioral,9.34,3.71,5.55,26.98,43.17,231.39,7.95,0.55,19.01,30,0.13,0.71
23f0c167-df2d-44c3-82d0-a207b8c8b2f2,2026-06-28,CAMP-4180,Upsell,Website Banner,6.45,4.98,20.93,3.24,Behavioral,2.97,9.02,8.18,29.78,41.78,198.26,9,0.56,47.29,22,0.29,0.66
6dc3175d-0696-4d8a-88b6-5017311728ba,2026-06-18,CAMP-3192,Upsell,Website Banner,6.9,3.87,16.09,3.15,Behavioral,7.66,14.95,2.24,24.12,60.82,68.76,8.38,0.91,34.69,40,0.2,0.75
2edbcea8-65ec-49b3-b39b-59b4c22a97fd,2026-05-22,CAMP-1522,Awareness,SMS,1.44,3.27,13.85,2.18,Behavioral,7.22,9.38,2.4,13.95,41.42,277.17,0,0.93,47.31,10,0.17,0.83
23f90baf-2b7f-4049-aefa-1dc86322849d,2026-05-08,CAMP-1966,Promotional,App Push,5.88,1.84,20.36,4.79,Behavioral,7.1,14.26,3.1,14.32,56.58,120.9,5.67,0.92,17.29,10,0.3,0.66
715c985a-0576-47c0-adf9-56a65205e5c1,2026-02-10,CAMP-1169,Upsell,App Push,9.55,3.07,5.98,4.72,Demographic,3.03,1.89,5.63,11.51,62.03,68.54,9.79,0.56,26.18,31,0.19,0.99
706b1659-b8a9-468f-8c7e-526cacac2b6a,2026-01-23,CAMP-7659,Upsell,Website Banner,5.65,1.15,24.43,1.5,Behavioral,4.77,2.91,9.43,21.5,19.74,299.99,0.48,0.74,48.65,13,0.29,0.99
2af75a6f-bb46-47db-ad3b-880ac58ae4fb,2025-11-06,CAMP-2819,Retention,App Push,3.43,2.69,6.69,2.53,Behavioral,7.51,9.56,6.63,6.64,93.4,82.74,2.42,0.67,24.38,31,0.38,0.68
750ae317-fca9-40f1-8552-6a11b25c9a7a,2025-08-17,CAMP-1552,Awareness,Social Media,9.04,2.43,11.47,4.7,Geographic,6.43,10.72,8.81,26.96,15.71,282.91,1.61,0.51,37.94,27,0.19,0.63
57af70b7-598c-4033-a49f-58e529fa350c,2026-07-09,CAMP-6439,Upsell,Email,3.43,1.44,5.29,3.69,Behavioral,4.47,7.8,1.65,16.19,83.93,121.34,-1.49,0.83,18.05,37,0.19,0.63
1aaf56fc-7787-409b-8b4d-f21c372c8c50,2026-06-24,CAMP-9469,Retention,Social Media,9.96,2.91,18.6,2.79,Geographic,5.47,2.75,1.64,28.59,61.36,213.46,2.45,0.57,48.16,31,0.44,0.79
0455bbc8-2176-42f2-b388-105c1a01b926,2026-01-25,CAMP-1746,Retention,App Push,1.42,3.57,13.74,0.53,Behavioral,2.68,6.93,6.11,27.5,92.62,292.96,7.18,0.98,25.07,10,0.33,0.71
c3a1b8d1-afb2-4c7b-a8b6-40ef589e0f41,2025-08-01,CAMP-3612,Retention,Email,5.26,2.59,5.99,2.42,Behavioral,9.62,2.17,3.12,15.37,30.12,61.3,-0.96,0.76,24.61,9,0.38,0.93
ea2688d9-7f8a-4c33-9134-0dcd7bf085b3,2025-10-29,CAMP-7799,Promotional,Email,2.01,1.58,18.68,3.91,Behavioral,5.23,2.56,9.07,22.02,78.69,251.76,1.69,0.79,22.96,36,0.29,0.79
9858ea05-d8a1-48d2-bf1e-1b805b24201e,2026-06-19,CAMP-5561,Promotional,Website Banner,5.21,4.22,18.48,0.38,Behavioral,0.75,6.77,9.64,8.87,12.14,127.26,1.6,0.68,24.16,25,0.16,1
661ac65d-d0a7-4148-bc66-b3a65390cb54,2026-06-25,CAMP-9178,Retention,SMS,4.77,2.67,22.51,2.17,Demographic,4.38,2.48,8.26,18.65,79.24,264.89,6.81,0.87,43.98,32,0.45,0.92
c7ba78d7-0301-48c0-a366-88e0c5a0ba0c,2025-10-08,CAMP-5014,Promotional,App Push,1.29,0.7,14.52,3.68,Behavioral,8.32,7.02,6.32,6.48,58.41,221.95,1.29,0.75,25.15,36,0.42,0.62
824df9d7-43ad-451c-8e51-f13251b35d46,2025-12-06,CAMP-7740,Awareness,App Push,4.19,4.77,7.45,4.39,Geographic,8.59,11.69,4.96,24.86,74.23,179.65,2.03,0.8,44.2,44,0.11,0.62
78ce8ae8-6518-42aa-ab8d-ce8b448c874a,2025-09-15,CAMP-8612,Retention,Social Media,6.78,2.16,17.23,2.87,Geographic,5.47,2.55,7.61,13.75,89.25,289.66,0.37,0.82,23.45,42,0.25,0.88
85b40292-468d-4a3d-ab15-a21c423edb42,2026-07-01,CAMP-4001,Upsell,Email,3.19,4.73,21.03,1.34,Demographic,8.91,3.07,6.55,11.87,84.37,219.4,5.02,0.73,15.4,44,0.11,0.84
ffaf3d13-5f76-43e4-8ef9-cdaa0b3c3d42,2026-05-11,CAMP-8904,Retention,Website Banner,3.14,4.54,5.17,4.54,Geographic,6.87,1.04,5.5,21.57,10.21,210.45,0.03,0.96,34.72,15,0.39,0.85
7acea163-62a3-4325-932c-024ea1d5e692,2026-05-27,CAMP-5463,Retention,App Push,6.93,0.55,11.08,3.92,Demographic,5.52,13.13,5.37,19.58,62.03,168.57,8.01,0.86,21.78,46,0.25,0.69
fd60bcd7-2d47-4c50-8c55-4db91bf2cbd1,2026-02-01,CAMP-9996,Awareness,Website Banner,9.21,1.23,7.43,2.84,Geographic,9.3,7.72,2.57,25.91,45.66,226.74,0.01,0.82,41.95,23,0.1,0.73
88771f3d-7e61-4af7-94d3-455322ad166b,2025-08-05,CAMP-2307,Promotional,SMS,5.29,2.82,22.93,3.54,Demographic,6.42,8.26,6.8,24.18,72.12,184.02,7.19,0.87,32.98,13,0.21,0.69
9a28aae4-1b69-4471-bf92-f3ea1b3e534c,2025-08-04,CAMP-9575,Awareness,Website Banner,8.64,1.77,29.53,2.7,Behavioral,6.63,9.72,3.49,28.27,69.17,127.76,-0.82,0.7,42.56,34,0.19,0.77
38d9d191-d594-4bb7-aadd-2fd5485f1f5b,2026-06-27,CAMP-7229,Promotional,App Push,9.11,4.46,29.11,1.43,Behavioral,3.11,13.61,6.16,7.63,12.9,99.08,9.09,0.56,48.54,29,0.33,0.79
ac70c9fc-42f3-4ddd-9c92-a0b6ab5ea9f4,2026-05-09,CAMP-5790,Promotional,Website Banner,3.19,0.86,24.33,4.44,Geographic,7.5,7.72,5.15,11.33,70.56,285.89,9.67,0.82,39.6,40,0.29,0.83
7e838f75-3058-4c6e-8eda-688fc9dc44d3,2026-01-27,CAMP-3550,Retention,App Push,4.47,3.73,6.18,4.72,Demographic,6.26,2.65,4.23,10.55,14.39,204.7,4.1,0.62,19.4,8,0.39,0.83
926dbb18-9e30-4add-b9a3-5360ac4fb87f,2025-10-06,CAMP-4615,Awareness,SMS,7.94,3.62,25.96,0.76,Behavioral,8.93,2.04,3.7,5.19,22.59,185.74,3.41,0.89,32.85,44,0.18,0.71
545f1c9a-7aff-49ac-a330-a74667861ecd,2025-08-20,CAMP-3843,Retention,Email,9.33,1.65,29.06,3.88,Geographic,9.94,3.59,4.79,23.93,27.81,225.01,6.69,0.56,47.29,28,0.37,0.86
14433127-b825-4a58-a320-d4f0fda0d99a,2026-01-12,CAMP-4449,Promotional,Website Banner,3.28,4.47,5.25,2.29,Demographic,7.07,9.34,9.68,14.44,91.78,78.85,4.1,0.67,33.6,30,0.43,0.7
a8fa4334-8c11-4768-8cdb-394b8a3b1caf,2025-09-17,CAMP-8287,Promotional,Website Banner,3.87,4.33,8.67,3.67,Behavioral,8.4,7.76,6.46,23.16,89.54,208.04,9.03,0.63,35.02,17,0.11,0.93
8ec5cc46-f688-4177-8056-b2c59f92616e,2026-01-04,CAMP-4869,Upsell,Website Banner,8.68,4.16,13.48,4.15,Behavioral,5.28,12.36,3.68,16.95,75.62,209.27,8.05,0.86,36.52,21,0.47,0.93
fc840a33-905e-44ee-a0cd-454e96542b9b,2025-09-20,CAMP-2216,Retention,Social Media,8.44,0.95,21.3,1.88,Demographic,5.19,3.95,7.45,25.63,85.8,182.4,5.92,0.74,31.71,18,0.46,0.64
c98921f3-c75a-4754-848b-5002233a64d6,2025-11-24,CAMP-3886,Promotional,SMS,4.03,0.68,20.87,2.61,Geographic,8.49,14.65,1.06,28.37,79.26,261.04,1.57,0.83,28.74,48,0.35,0.68
89ffd130-f8f4-4e1a-9de0-c11d2eb2a438,2025-08-16,CAMP-9225,Retention,SMS,9.84,3.98,5.52,1.06,Geographic,8.87,12.87,4.11,5.5,42.24,245.63,0.66,0.75,43.22,4,0.26,0.75
b9b53854-b93c-4d47-932b-83c06582a1e1,2026-07-15,CAMP-9604,Retention,Email,7.99,3.75,25,1.17,Demographic,5.23,7.82,1.76,27.98,30.98,76.26,2.8,0.99,22.58,40,0.28,0.94
63cd0bd3-a401-401d-8b31-96a57aa3e59c,2025-08-16,CAMP-2001,Retention,Social Media,1.95,1.88,24.59,4.95,Behavioral,8.53,1.41,3.49,9.33,13.25,139.36,3.28,0.74,48.43,37,0.32,0.98
676b6487-b09b-46d5-aeea-bdf763ff9db3,2026-02-14,CAMP-1036,Upsell,Website Banner,2.89,3.21,14.58,3.34,Behavioral,5.27,3.92,6.81,16.65,78.73,115.52,9.49,0.9,17.77,29,0.17,0.8
47b9f1d5-e9e5-4c35-92e9-bb22e0479d97,2026-03-21,CAMP-6066,Retention,Email,8.1,4.05,13.68,2.12,Demographic,6.53,13.83,8.85,26.55,27.34,191.07,2.03,0.77,49.57,33,0.37,0.94
46914c6d-0dff-4fa1-a2e4-5c1d085280fd,2025-12-05,CAMP-5636,Promotional,Email,3.44,2.29,23.26,1.65,Demographic,8.68,7.05,9.25,12.97,71.35,159.02,-0.37,0.96,41.24,4,0.25,0.73
05d8193c-4089-4a77-9554-e754161bf3df,2026-06-25,CAMP-8597,Awareness,Email,8.22,1.7,14.87,0.68,Behavioral,0.71,1.17,7.8,23.26,98.25,256.67,5.3,0.57,46.66,42,0.23,0.93
3c64ccf3-a9e3-4177-8600-bc0cf7aaea9c,2025-09-18,CAMP-9435,Upsell,Social Media,1.88,4.21,17.5,4.87,Behavioral,5.07,8.16,6.66,10.19,98.55,157.1,4.21,0.64,21.51,26,0.25,0.66
63afb308-9505-4d83-81af-793ffaf065c2,2026-06-13,CAMP-3080,Upsell,Social Media,8.77,2.44,13.06,1.4,Demographic,5.2,1.64,8.7,29.92,27.8,254.28,2.79,0.54,20.3,1,0.15,0.79
008c0570-7626-45b6-b424-4dfa6de1ac28,2025-10-21,CAMP-9044,Retention,Email,7.82,1.23,17.09,4.54,Geographic,0.55,3.48,8.56,15.97,80.06,97.56,8.58,0.94,15.4,42,0.16,0.77
5506eccb-6434-49b0-aa38-11786021082c,2025-08-21,CAMP-3295,Awareness,App Push,8.39,2.66,29.63,0.66,Behavioral,8.5,3.93,6.81,14.47,28.09,152.61,7.37,0.93,44.37,11,0.36,0.66
c2cea66c-21b5-4487-b96a-689f99db4a7a,2025-11-14,CAMP-7201,Upsell,Email,6.55,4,12.37,3.06,Demographic,4.13,9.93,8.96,15.33,23.01,151.15,4.21,0.81,48.98,46,0.22,0.72
d819e474-36b8-4652-9934-ceaf542556ac,2025-10-18,CAMP-2453,Retention,Email,9.6,3.91,9.11,3.94,Behavioral,2.86,4.18,9.79,13.43,88.12,232.37,7.73,0.67,12.32,22,0.31,0.72
c8323120-33b3-40fe-9f5d-fdda6c5980a3,2026-01-02,CAMP-1103,Retention,SMS,7.41,4,5.03,4.84,Demographic,2.93,11.65,2.9,8.42,25.01,141.26,-0.31,0.9,17.04,42,0.34,0.71
34b15b07-b147-4dcf-99be-ae25410c9b01,2025-12-14,CAMP-5345,Upsell,App Push,1.31,2.49,19.07,0.35,Demographic,5.79,9.18,9.63,27.38,37.22,294.42,8.81,0.56,40.64,35,0.24,0.87
168a7acc-fb7e-47a5-82d6-54cd2d21fc20,2026-05-25,CAMP-8885,Awareness,Social Media,2.08,2.09,25.88,2,Geographic,7.31,13.65,7.92,17.88,85.16,144.49,0.43,0.86,33.11,28,0.14,0.68
a3b22da7-773b-4f1c-a5b5-b8c16883a631,2026-06-15,CAMP-4741,Upsell,Email,7.47,1.15,20.66,3.68,Demographic,4.12,4.85,8.86,12.25,65.51,297.82,7.46,0.83,29.49,13,0.31,0.73
f65b9ff2-5ba5-45ac-94ab-4cd4e376f689,2025-12-29,CAMP-6362,Upsell,Social Media,5.41,0.53,11.26,1.2,Geographic,6.84,3.28,3.21,25.35,89.4,154.48,0.75,0.81,29.44,12,0.42,0.73
5e6110f9-5132-4128-b15e-a1d65eb69e70,2026-04-13,CAMP-4604,Awareness,Social Media,8.77,0.86,27.15,2.66,Behavioral,6.3,6.53,3.49,27.1,13.81,118.33,2.72,0.68,37.67,23,0.26,0.93
661936a0-cdd3-44e5-a3bf-07f6ea3528ca,2026-03-04,CAMP-8446,Promotional,App Push,8.4,4.34,17.71,0.76,Behavioral,2.96,14.24,7.6,27.49,23.19,172.49,-0.29,0.6,14.48,33,0.34,0.73
bc527291-5222-42eb-9ec1-d00db6a4053d,2025-09-14,CAMP-6235,Upsell,Email,6.98,1.2,17.56,1.96,Behavioral,3.38,12.85,8.02,22.01,22.67,232.46,7.86,0.63,34.76,39,0.34,0.74
68dae5f7-9d82-4eb5-a4ce-2e0839cecb50,2026-07-20,CAMP-9714,Retention,Website Banner,7.83,1.18,22.07,4.28,Geographic,5.89,12.21,4.89,6.07,73.74,104.16,2.2,0.83,24.19,23,0.12,0.67
8b88f592-2682-4a67-b69c-caf6313cc931,2026-02-18,CAMP-7466,Awareness,Email,5.3,0.97,5.59,2.87,Demographic,7.79,1.48,4.18,24.23,43.46,253.41,-0.75,0.98,24.49,14,0.36,0.6
1b2923be-6b00-40eb-b3f9-d83c1bfd1518,2025-09-20,CAMP-9476,Upsell,Email,1.63,4.79,19.84,2.15,Behavioral,2.33,1.85,1.23,26.01,64.78,79.05,2.42,0.53,40.49,29,0.13,0.78
64c8205e-2108-4415-97c4-585dbafecccc,2026-03-22,CAMP-9156,Upsell,Website Banner,2.15,4.68,16.53,4.9,Behavioral,6.22,14.07,9.29,10.12,94.16,95.61,3.84,0.74,42.9,45,0.44,0.86
74b6e10f-bcde-41ed-b3d4-51bd796d0dbf,2026-05-01,CAMP-4193,Upsell,Social Media,2.52,4.74,20.93,3.58,Demographic,7.71,3.01,6.54,26.19,48.18,147.09,0.64,0.81,16.12,27,0.27,0.96
1a126f3d-ef0a-4649-8d68-e72df0d8e07e,2026-05-01,CAMP-4859,Upsell,Social Media,4.84,2.02,15.56,4.66,Behavioral,8.15,12.61,6.1,7.83,88.17,180.72,-1.74,0.56,35.62,26,0.46,0.72
7b3c09cc-d0e6-42cb-9813-cb22aac00683,2025-11-21,CAMP-7591,Retention,App Push,1.55,3.59,16.16,0.72,Behavioral,5.74,11.8,7.58,21.28,44.39,255.16,1.26,0.75,15.56,28,0.29,0.61
1593b436-652c-4801-8a18-fcbc8b374124,2026-07-16,CAMP-6039,Upsell,Website Banner,9.28,0.98,25.7,0.91,Behavioral,8.68,13.86,8.44,25.31,82.94,140.69,4.23,0.86,22.47,5,0.31,0.85
2f11e8f7-0228-4603-9772-7b03cb1e682c,2026-03-18,CAMP-5270,Retention,Social Media,8.75,2.65,25.9,0.93,Behavioral,8.92,13.9,2.25,6.94,51.85,258.38,-1.34,0.69,49.29,45,0.1,0.87
1783d54c-e995-48ea-af8f-8f8884db3692,2026-03-04,CAMP-9249,Upsell,Website Banner,2.88,0.84,28.19,2.35,Demographic,6.31,12.5,8.27,9.02,33.37,251.46,4.14,0.68,17.17,19,0.13,0.75
fc1a18cc-af11-48d0-b44b-c6cae1dddc05,2025-08-12,CAMP-8643,Upsell,Social Media,7.44,0.52,13.84,0.86,Geographic,6.42,6.32,5.98,10.16,65.85,212.45,3.19,0.96,12.28,17,0.32,0.91
cc3ca6e8-15dd-4f3b-abfd-97a15cd1ac19,2026-03-15,CAMP-6823,Promotional,SMS,8.33,4.26,14.6,2.17,Demographic,2.18,4.19,1.16,23.73,63.52,181.64,7.73,0.58,31.03,15,0.33,0.86
ae656ae8-1216-43b3-a144-f4c40be7cbde,2026-07-04,CAMP-3812,Retention,App Push,2.72,2.2,16.08,0.45,Behavioral,3.95,13.39,5.58,9.44,63.82,138.33,6.88,0.92,25.99,21,0.28,0.8
6b8b8e40-c0f6-4c8a-8adb-2094493ad097,2025-10-06,CAMP-9517,Promotional,Email,7.2,2.5,10.35,3.44,Geographic,2.6,5.95,8.48,18.98,91.58,272.48,3.43,0.7,39.38,10,0.2,0.85
b1c07882-d5a7-48da-af63-14111fa30fe2,2025-11-25,CAMP-6289,Promotional,SMS,1.3,3.33,17.01,4.09,Behavioral,1.27,13.04,2.05,14.28,80.35,292.99,4.02,0.63,19.24,39,0.42,0.97
5cf2f6c4-0489-4361-aa42-0156a14bbea4,2025-08-18,CAMP-2679,Promotional,Website Banner,2.7,2.73,28.04,0.55,Behavioral,8.31,10.03,1.92,16.54,70.45,255.07,4.51,0.72,30.76,35,0.32,0.97
1dc64339-b228-4ed3-afa6-7624b89cd271,2026-05-01,CAMP-3168,Retention,Email,1.51,1.41,26.59,3.59,Behavioral,7.95,5.36,7.98,25.04,82.5,182.19,3.07,0.92,45.68,38,0.32,0.92
c1494d7f-ff10-4910-92e6-182b6428d73a,2026-02-12,CAMP-1705,Awareness,Social Media,7.42,4.95,14.36,0.71,Demographic,7.56,13.11,9.52,27.29,71.96,82.08,7.52,0.88,48.23,13,0.32,0.82
8e915c6a-7045-4c66-9725-01b9e0c40be6,2025-09-03,CAMP-2231,Retention,SMS,2.82,3.5,6.7,0.87,Geographic,4.67,11.35,7.09,14.46,93.07,296.42,5.7,0.75,28.42,45,0.42,0.96
5afc92d1-ad8d-44ab-8938-59e7780a56b5,2025-08-09,CAMP-1926,Retention,Social Media,1.04,1.53,18.9,2.41,Geographic,9.57,12.85,2.25,15,37.8,225.1,1.17,0.89,26.62,36,0.32,0.76
72f194f5-8518-41ab-a9cd-a736bdb82ca9,2026-02-04,CAMP-8093,Retention,Email,5.96,4.3,10.09,3.89,Behavioral,3.96,1.35,4.63,27.64,31.78,148.38,2.11,0.95,35.38,18,0.14,0.93
76625ece-8208-4087-be24-60bb59f2fa8a,2026-03-18,CAMP-5733,Retention,Email,4.31,3.62,25.43,1.85,Demographic,4.8,14.65,6.66,27.99,10.64,65.11,0.3,0.85,21.92,26,0.22,0.72
cb7d2458-56b4-4781-a1e8-89c13556941c,2025-09-14,CAMP-2184,Promotional,Social Media,3.73,2.22,27.28,3.4,Geographic,9.78,12.02,9.65,25.81,41.76,149.15,7,0.66,26.32,40,0.24,0.95
b0362be3-4c05-4fa7-8732-7ac091238591,2026-02-05,CAMP-4943,Upsell,Email,4.61,1.63,29.85,1.41,Behavioral,3.83,9.31,6.65,20.28,18.52,203.51,6.43,0.67,18.5,5,0.16,0.87
20f1a998-4b57-489a-8f4e-5a56037c1be5,2026-02-18,CAMP-7267,Retention,Website Banner,5.27,4.89,26.2,1.42,Geographic,6.44,13.14,1.25,9.18,57.03,224.3,7.83,0.68,38.26,8,0.49,0.88
cd90b17e-35ba-4241-9927-2cc67e57331d,2025-12-21,CAMP-5288,Upsell,App Push,8.28,3.92,9.93,0.12,Demographic,8.31,8.62,3.08,9.82,95.91,298.54,8.26,0.84,19.92,12,0.19,0.9
e1b22c8b-7048-43ae-9400-cf2aeab14c42,2025-10-27,CAMP-2946,Retention,Website Banner,6.66,3.42,11.12,2.52,Geographic,7.16,4.41,2.61,17.8,95.53,163.83,8.85,0.61,27.09,25,0.41,0.93
fb026f40-d857-47e4-bc06-f4235aed8bbf,2026-06-30,CAMP-7557,Promotional,Website Banner,5.61,2.2,6.93,3.35,Geographic,5.47,13.02,2.87,16.87,10.1,176.82,-0.32,0.91,40.42,3,0.15,0.95
f50df2af-eb23-4942-b050-4a07e7fd9590,2026-07-06,CAMP-7254,Awareness,SMS,6.04,0.9,29.42,4.69,Behavioral,1.35,4.37,7.18,20.27,14.41,154.85,1.61,0.55,15.14,31,0.15,0.83
6ec1401b-131b-4a71-b6a1-ef13167271d8,2025-10-22,CAMP-5040,Retention,SMS,9.82,2.76,21.78,1.17,Behavioral,5.26,12.67,2.48,10,48.15,108.35,0.3,0.95,12.78,37,0.3,0.99
14f8b23d-ca72-48b4-9e4f-a10aef745f9a,2026-07-21,CAMP-5142,Retention,SMS,1.86,0.73,22.38,4.18,Demographic,0.7,12.76,1.3,17.24,41.78,202.05,2.79,0.95,24.57,47,0.48,0.93
0e0309ab-d628-4e50-bacb-7590c1900b3e,2025-09-19,CAMP-3631,Awareness,Social Media,1.26,2.2,18.39,3.21,Geographic,3.21,14.23,6.98,11.69,11.18,192.22,2.61,0.76,28.53,9,0.19,0.74
51fe5f96-f87b-44d4-bed7-817e1d77d271,2026-05-03,CAMP-5133,Upsell,Email,3.41,3.81,21.01,1.45,Behavioral,4.58,12.9,6.79,29.9,89.15,150.64,-0.37,0.96,43.18,46,0.37,0.98
aa880565-5321-4fab-81d9-1164d4377855,2025-10-22,CAMP-2756,Upsell,Social Media,8.02,4.94,28.41,2.64,Behavioral,4.74,14.51,6.9,22.95,26.04,109.71,-0.43,0.76,37.52,44,0.32,0.85
e9645235-8fad-4c81-a535-5b02c2ef3e3d,2026-06-17,CAMP-2619,Retention,Social Media,9.06,1.9,15.31,3.49,Behavioral,4.43,6.71,6.46,6.83,41.83,158.3,9.58,0.92,30.91,31,0.21,0.62
88ab8126-b398-4fc2-9eed-307076411840,2026-06-11,CAMP-4832,Awareness,Website Banner,5.8,2.82,7.27,3.05,Behavioral,4.53,2.95,8.56,26.61,46.27,234.23,3,0.52,28.67,42,0.33,0.84
5c715d88-57e5-4888-a6d0-3453facc29c3,2025-10-17,CAMP-6772,Awareness,Website Banner,7.41,4,15.12,1.78,Demographic,2.13,4.29,9.02,10.34,74.26,68.02,5.13,0.75,12.55,3,0.36,0.75
acffb869-ed27-4152-8b9a-37446924d1a5,2026-01-15,CAMP-6630,Awareness,SMS,2.09,2.47,13.41,1.25,Geographic,4.04,1.23,2.44,29.62,84.73,102.51,3.11,0.67,34.87,15,0.22,0.65
283f3382-a213-4bc9-a8d6-0b36ced3dcbc,2025-12-26,CAMP-8964,Retention,App Push,9.05,0.93,28.38,1.8,Demographic,7.25,14.35,1.47,15.88,88.58,286.98,9.5,0.86,23.33,7,0.21,0.75
72cb9b01-6aed-4eee-ba10-a376774474ee,2026-02-17,CAMP-7456,Upsell,Email,3.59,2.85,16.95,1.41,Demographic,1.99,5.75,7.69,16.72,10.76,89.62,0.74,0.99,20.13,26,0.22,0.92
16794d58-c7ad-4fcb-b61f-b166f4394450,2026-07-23,CAMP-7945,Retention,Website Banner,5.56,4.73,21.43,1,Geographic,8.09,9,1.44,11.06,53.31,123.05,8.4,0.53,20.19,23,0.2,0.99
bc24e106-8af7-4d1f-8be2-aead25cddb5d,2026-06-16,CAMP-6608,Retention,App Push,7.99,2.58,24.1,4.08,Behavioral,7.8,12.25,4.74,16.73,78.8,89.43,7.71,0.77,49.8,14,0.22,0.81
d764fd5a-495b-4781-b86e-9d24cb62fd6d,2026-07-15,CAMP-4113,Retention,Social Media,2.61,2.53,22.71,2.71,Demographic,1.66,14.94,8.99,8.94,89.3,98.27,-0.79,0.67,45.14,44,0.39,0.88
93be6685-2c22-44b2-8d8f-d5b8bf2d415c,2025-09-27,CAMP-6975,Awareness,Email,6.54,2.27,12.45,0.18,Demographic,6.91,3.16,2.73,20.17,11.82,95.69,4.59,0.53,44.94,19,0.13,0.62
10db7573-b2aa-47bb-8202-a485d487cc71,2026-02-28,CAMP-7019,Retention,Email,4.89,2.65,27.03,4.41,Geographic,8.93,2.22,1.55,19.83,73,198.87,5.68,0.83,35.3,39,0.42,0.69
6017fab8-639a-4a8a-9349-93ec66915f74,2026-07-11,CAMP-3013,Awareness,App Push,1.49,2.73,28.72,3.06,Behavioral,9.53,10.99,1.62,22.11,45.32,269.16,6.31,0.92,40.19,46,0.41,0.66
0a64c380-963a-4862-bea0-165a955dc61a,2026-04-09,CAMP-6953,Upsell,Website Banner,4.56,2.38,8.47,3.03,Geographic,6.07,5.94,2.15,12.08,84.3,153.9,5.87,0.66,30.38,45,0.21,0.68
e62f20a8-5be7-4281-b83d-557e6877a604,2026-04-25,CAMP-6208,Promotional,Email,4.43,4.62,13.5,0.54,Geographic,5.41,5.16,1.45,21.72,55.55,253.94,3,0.84,31.66,24,0.2,0.63
988882bd-eead-4448-b81b-27a614e7c1c5,2025-10-28,CAMP-7609,Awareness,Website Banner,9.19,1.6,22.13,2.46,Geographic,6.98,6.84,3.48,17.26,66.54,153.26,8.17,0.69,22.89,36,0.37,0.88
25907e04-3f28-49a6-9158-8323ff66571c,2025-11-19,CAMP-7434,Promotional,App Push,3.12,2.1,9.38,2.26,Behavioral,9.61,14.54,9.91,15.4,85.43,239.19,0.65,0.96,34.43,17,0.3,0.74
5da6784f-8781-4460-8343-4195b23f2962,2026-06-02,CAMP-8346,Promotional,App Push,3.19,2.41,5.61,2.57,Geographic,3.4,11.31,2.1,7.37,36.65,101.82,1.65,0.58,43.75,40,0.16,0.85
5041ebf7-818f-455b-a3d0-821b4e0eeeed,2026-04-21,CAMP-2427,Awareness,Website Banner,7.32,3.18,9.14,2.59,Demographic,8.36,6.41,3.7,14.54,37.86,118.32,2.03,0.69,19.89,13,0.44,0.99
094731d8-82dd-45f3-8b8b-690cdddc7fd1,2025-09-23,CAMP-5095,Awareness,Social Media,3.61,1.11,19.39,1.62,Demographic,1.22,11.99,2.47,12.51,83.17,87.31,0.8,0.81,49.2,47,0.39,0.98
c05ea7de-4006-4c3a-b8b4-050731fa6a0e,2026-06-09,CAMP-1571,Upsell,App Push,1.83,4.84,10.48,0.93,Geographic,0.51,10.22,6.19,9.19,27.68,60.27,0.78,0.8,37.42,7,0.36,0.68
3a966855-862a-4536-b417-a2699fc47806,2025-10-26,CAMP-1520,Upsell,Email,2.88,1.3,8.19,2.57,Behavioral,7.02,8.29,3.26,16.68,18.41,133.84,-1.66,0.94,42.26,4,0.28,0.84
dc23b1af-e34a-4a4e-9c34-06ce21a85386,2025-08-02,CAMP-2539,Upsell,Social Media,6.79,3.14,23.16,3.64,Geographic,4.03,3.05,2.43,27.7,64.61,139.68,8.9,0.58,11.25,9,0.45,0.84
e4c1e49a-3f71-49b9-93f9-6adee8645049,2025-11-21,CAMP-4522,Retention,SMS,6.72,0.98,5.6,2.7,Geographic,7.48,14.15,2.24,29.97,26.97,52.29,3.44,0.82,19.03,9,0.15,0.7
afd368ae-ceda-4451-86ac-d56c21d107ba,2026-01-17,CAMP-9279,Awareness,App Push,9.46,0.85,26.79,4.53,Demographic,9.86,3.66,6.98,23.06,69,165.64,7.31,0.72,10.29,12,0.18,0.85
94a5e6bf-45bc-4792-9340-8cb35b3b0319,2026-02-21,CAMP-7715,Promotional,Social Media,3.42,1.85,18.99,0.56,Demographic,3.52,12.85,6.82,19.36,80.96,153.54,4.86,0.95,47.19,31,0.12,0.95
f359d347-4264-4abb-b019-08f3828c43bf,2025-09-12,CAMP-3398,Retention,App Push,1.38,3.17,16.49,3.66,Demographic,5.12,13.78,7.96,6.82,72.58,228.24,-0.91,0.53,44.75,39,0.34,0.9
1e707a96-9fb3-4e8d-8021-521db5133aa8,2025-08-31,CAMP-9291,Retention,Social Media,8.29,4.92,9.1,2.64,Demographic,1.33,4.75,3.31,16.08,39.32,274.73,7.6,0.94,32.76,30,0.49,0.97
48612fcc-50d9-40f8-b60e-e403055422ac,2026-05-02,CAMP-8213,Retention,Email,7.71,2.96,7.55,3.79,Behavioral,6.79,8.18,1.31,29.24,49.76,184.32,6.41,0.58,30.46,24,0.39,0.82
95665752-374c-43d5-bbee-c60654ff4028,2026-02-17,CAMP-9665,Upsell,SMS,2.15,0.51,27.52,2.56,Behavioral,5.64,14.22,9.53,23.24,11.12,215.07,9.6,0.83,20.79,6,0.23,0.81
63ce3a96-488e-4985-8273-af6af648b99d,2025-09-03,CAMP-8685,Retention,Social Media,5.09,2.21,24.48,3.85,Behavioral,8.38,2.87,6.88,9.05,65.35,126.17,8.39,0.97,31.29,28,0.32,0.83
6476e232-3ea9-46f0-b0bf-a9145a891303,2026-03-15,CAMP-8049,Awareness,Website Banner,3.43,3.59,28.37,1.64,Behavioral,1.33,4.1,1.25,10.06,65.12,130.28,-0.72,0.71,18.16,48,0.43,0.81
f2cc2bec-2d4a-4999-98c1-6c39b69da8ba,2026-02-13,CAMP-7321,Awareness,Website Banner,7.58,4.93,25.62,4.51,Geographic,1.07,12.37,7.09,28.37,91.6,230.68,1.85,0.6,38.67,10,0.1,0.75
8057c090-59b5-499e-9b94-e422a33b0483,2025-12-30,CAMP-1519,Retention,Social Media,6.14,2.38,22.31,0.39,Geographic,7.72,14.28,9.74,16.09,95.45,237.69,7.97,0.83,46.01,20,0.42,0.94
a7bf863e-7ed4-4899-b2b5-eb36b237641c,2025-10-26,CAMP-2763,Retention,SMS,1.49,2.23,25.12,4.27,Demographic,9.82,4.11,8.67,23.65,30.55,182.36,1.51,0.67,12.31,4,0.38,0.9
6b929820-2d4b-44c3-b582-4733971410f0,2026-02-19,CAMP-3659,Promotional,Social Media,3.42,2.55,8,3.91,Geographic,5.2,1.17,7.83,26.06,75.31,282.67,2.37,0.85,15.99,1,0.4,0.94
0614e7c1-1503-42a0-940f-47df145543c0,2026-03-02,CAMP-9687,Upsell,Social Media,4.78,3.26,29.65,0.51,Behavioral,6.51,14.82,1.36,25.08,62.36,221.6,6.9,0.95,49.36,41,0.23,0.62
77e249f8-e0a0-42e0-96a0-8d43dea3d992,2025-12-04,CAMP-9512,Promotional,Email,1.67,4.77,7.66,0.91,Geographic,1.37,11.73,9.19,23.12,33.17,203.77,8.6,0.62,15.48,23,0.34,0.96
6f1e988c-11b2-43a9-b5b6-f7fac17abde2,2026-01-25,CAMP-9565,Retention,SMS,9.85,0.82,7.88,0.14,Demographic,7.51,7.19,1.61,26.67,98.47,203.36,-0.32,0.96,39.48,10,0.23,0.84
65ad9c0c-e0fd-46b8-9367-66c214fa3a5b,2026-02-08,CAMP-8403,Upsell,Email,1.12,3.79,6.65,1.62,Demographic,4.45,13.4,4.89,20.05,84.19,235.51,0.08,0.83,25.37,14,0.37,0.96
6d0a4bdd-a246-4dd5-98f6-1a2908752a0a,2026-05-08,CAMP-5929,Promotional,App Push,8.6,3.66,16.93,1.87,Demographic,4.95,12.62,2.97,26.42,60.7,201.37,-0.36,0.65,16.74,3,0.23,0.61
4d34c01a-6224-4028-b57c-6feba7d4bd85,2026-07-14,CAMP-3131,Retention,App Push,6,4.46,23.08,3.06,Geographic,2.69,8.6,5.19,16.77,44.19,69.46,-0.16,0.64,24.37,13,0.23,0.96
5e9175fa-2b3e-4d80-b8e8-51b46a0d59f8,2026-04-13,CAMP-8873,Awareness,Email,4.14,1.47,5.56,4.88,Geographic,4.98,2.39,7.7,6.26,11.73,94.77,4.68,0.59,38.41,38,0.25,0.99
5bd62516-99ed-4dc9-98e9-c9fb35098575,2026-01-01,CAMP-3772,Awareness,SMS,9.22,4.54,7.3,2.48,Behavioral,3.2,6.57,9.79,12.26,93.63,128.96,2.65,0.85,48.57,26,0.41,0.74
7d77979b-967c-4c7f-8777-479c8e0f6142,2025-12-15,CAMP-4252,Upsell,Social Media,3.1,1.49,8.72,2.92,Behavioral,6.85,2.34,8.66,10.28,45.66,92.58,2.4,0.75,13.34,29,0.48,0.92
860bbebe-c61a-43dd-bcd5-8eb290e74fee,2025-08-16,CAMP-3850,Awareness,Social Media,5.19,2.13,27.59,4.02,Demographic,9.91,1.08,7.77,23.55,99.81,79.88,5.3,0.69,34.18,14,0.37,0.83
fd0f9c04-7aeb-4322-be5e-b9220ddc21b8,2026-01-15,CAMP-1197,Awareness,App Push,9.08,0.7,13.72,4.71,Geographic,4.49,5.2,6.89,9.24,56.01,197.89,1.59,1,36.54,34,0.2,0.99
81a58318-a7e0-4e0c-a820-3ebebc6abb62,2026-05-21,CAMP-6073,Awareness,Email,7.84,4.84,27.01,0.98,Demographic,1.65,14.52,7.84,22.54,51.08,57.68,2.71,0.51,42.79,6,0.19,0.61
20cb561d-3699-4220-a7a7-144950a0eeef,2026-03-17,CAMP-5536,Awareness,Social Media,3.01,2.06,12.81,2.89,Geographic,6.07,3.25,2.57,26.66,64.41,194.35,3.64,0.87,18.3,7,0.15,0.67
3ee41daf-171e-436b-85ab-2e5519335755,2026-07-21,CAMP-2706,Promotional,Social Media,9.92,3.92,7.01,2.62,Demographic,8.4,4.61,3.9,17.43,60.18,116.45,4.63,0.94,17.51,12,0.43,0.83
97f2a5fb-fae6-4c59-a749-b2395ae61043,2026-01-19,CAMP-2554,Awareness,Social Media,3.6,3.53,13.8,4.02,Geographic,8.92,3.43,4.68,11.77,92.86,151.05,2.94,0.52,11.01,1,0.13,0.64
0e8ab22b-a441-4267-98f4-661e2784cdd9,2026-02-17,CAMP-1984,Retention,Social Media,4,2,10.46,1.63,Demographic,9.96,2.3,4.9,27.35,36.25,252.21,3.71,0.7,46.17,3,0.13,0.78
1c69fd66-369b-4b2e-bd74-6b4da7bd2745,2025-10-21,CAMP-8271,Upsell,Website Banner,5.37,4.83,28.84,3.75,Behavioral,7.83,7.42,7.77,26.33,54.61,131.59,2.69,0.6,35.29,26,0.25,0.63
09cce7d5-be2d-40e2-b08f-20af4b5204f5,2026-03-30,CAMP-1113,Promotional,App Push,1.77,2.15,23.2,2.88,Demographic,2,8.68,7.59,11.68,91.55,101.18,4.61,0.53,44.97,35,0.39,0.79
6e9d9a6b-aed1-40f3-b3e5-140aefb80c55,2026-04-17,CAMP-3077,Retention,Website Banner,4.4,2.11,26.34,2.39,Geographic,5.53,10.36,3.22,27.15,37.87,112.52,-0.26,0.92,39.64,42,0.43,0.84
0525f95e-0ddd-4158-9098-9d7fb9354a3f,2026-07-17,CAMP-9833,Awareness,Email,5.98,2.13,28.78,1.29,Demographic,6.07,2.37,1.01,21.72,96.97,88.92,5.13,0.61,45.35,25,0.32,0.8
0b2fb78f-af1d-4f7f-a7c7-4f249887143b,2025-08-29,CAMP-2817,Upsell,App Push,3.06,1.69,18.72,4.91,Geographic,9.89,13.35,1.14,6.24,21.38,95.11,5.61,0.71,33.13,10,0.35,0.61
ab3dc3f6-21ec-4b32-87a0-190a188e6131,2026-02-26,CAMP-6811,Promotional,Website Banner,4.18,0.71,11.64,4.49,Geographic,0.91,2.76,5.81,24.82,22.75,102.65,-1.15,0.65,12.18,3,0.4,0.7
4a08da95-5071-4da8-8f31-201ac22cbc7b,2026-01-26,CAMP-3540,Retention,Email,7.26,3.42,9.41,2.42,Geographic,8.21,5.97,2.19,12.19,42.99,90.22,0.35,0.81,13.56,38,0.11,0.96
18d5f991-3ff4-4651-ad4a-092771cdbb2e,2025-08-05,CAMP-4932,Retention,Website Banner,7.9,0.64,19.65,1.03,Demographic,3.9,4.32,3.07,22.18,49.09,225.29,9.86,0.86,46.19,37,0.3,0.67
f23bc547-3339-4fe0-8730-015693c2b9c5,2026-06-12,CAMP-3564,Promotional,SMS,7.8,3.36,27.04,3.73,Geographic,5.87,14.42,4.39,15.89,71.57,77.91,8.21,0.75,15.14,28,0.38,0.61
90c51186-6ac0-467f-b2a1-2a9ada7cbe55,2025-10-17,CAMP-7003,Promotional,Email,1.13,1.1,9.27,1.93,Demographic,7.15,10.76,1.94,10.57,59.74,164.24,9.54,0.58,30.43,33,0.19,0.99
bf5bf6aa-a4d4-45da-8fc8-1dbba448d91a,2026-02-19,CAMP-6668,Awareness,SMS,4.95,1.92,28.33,4.76,Geographic,1.34,7.57,3.49,16.05,49.51,262.41,5.81,0.68,46.95,20,0.45,0.89
ea1a65c8-0bcf-46b5-8b09-ac342803e29c,2025-12-26,CAMP-1839,Retention,Social Media,6.97,1.92,7.45,1.05,Behavioral,9.39,6.53,4.7,7.17,60.94,216.03,9.6,0.59,21.62,42,0.38,0.62
2b6ee096-2d58-4c44-b1e3-720d44ece5a5,2026-05-21,CAMP-3641,Upsell,Email,7.92,4.74,13.22,2.99,Demographic,9.28,3.03,2.1,11.32,29.07,246.5,-0.99,0.85,25.04,46,0.33,0.74
b4f04332-921d-4cc2-b770-f229509481d4,2026-02-07,CAMP-3302,Retention,Website Banner,2.26,3.32,27.33,1.57,Behavioral,6.68,2.39,3.12,14.29,52.67,89.62,-0.34,0.76,10.15,19,0.34,0.69
c3c1023d-a27d-440b-8fbe-3a61f4afa69c,2025-11-09,CAMP-4139,Upsell,Email,9.53,4.24,24.55,3.18,Demographic,3.47,6.9,6.1,14.15,91.55,277.63,5.06,0.82,17.57,32,0.24,0.97
48e82f5f-c0fc-4b83-919d-c65e9a3e7f5b,2026-06-05,CAMP-3277,Retention,Email,3.53,0.57,11.42,2.33,Demographic,4.15,8.56,1.67,11.8,70.07,294.1,1.83,0.74,14,31,0.42,0.65
3f860474-3be8-4148-81fd-a8cc915d5a4a,2025-12-02,CAMP-6030,Upsell,App Push,8.64,3.55,28.5,4.93,Demographic,8.19,7.38,4.04,11.23,95.28,263.05,7.03,0.51,48.79,33,0.41,0.74
595dbf11-9251-4173-9b3a-f64cbef40fff,2025-11-22,CAMP-9294,Promotional,Social Media,3.04,1.23,9.67,3.54,Demographic,6.89,2.96,6.94,15.17,69.51,238.56,6.12,1,39.42,37,0.2,0.99
e76121d4-56c1-43ce-acde-91f03d5a1df0,2025-12-03,CAMP-2767,Awareness,SMS,3.26,4.93,22.11,1.35,Behavioral,5.07,5.22,5.26,23.71,17.64,241.65,6.85,0.56,33.48,45,0.32,0.98
78a773a2-7cd2-47c3-a8f6-ce276a191aed,2025-12-29,CAMP-4822,Promotional,Email,3.55,4.41,28.37,1.09,Demographic,2.69,5.25,1.98,13.76,94.83,75.97,8.54,0.87,11.94,5,0.12,0.93
2af4c2ac-24da-4b9b-bde3-7ab7c484e9ac,2026-01-05,CAMP-3864,Promotional,Website Banner,3.3,0.86,13.77,0.35,Demographic,5.18,11.75,9.84,29.95,46.92,266.85,3.9,0.93,29.85,33,0.43,0.93
fd69426c-db14-41e2-b60f-d0b8dce46946,2026-03-29,CAMP-2552,Awareness,SMS,3.11,4.26,16.99,1.85,Behavioral,9.32,6.38,3.81,23.23,62,179.14,3.19,0.66,32.1,47,0.47,0.87
58b33804-7e23-49de-a915-a91924d84921,2026-05-05,CAMP-4392,Retention,App Push,9.76,4.62,7.76,3.19,Geographic,1.23,3.51,1.9,20.4,43.74,260.78,4.32,0.98,15.44,35,0.49,0.88
8cb6fbbb-56e0-4f0e-9e2c-1e99ed030330,2025-12-20,CAMP-4600,Promotional,Website Banner,6.57,2.53,8.02,4.26,Behavioral,9.63,7.4,6.17,26.22,92.36,236.27,7.39,0.55,14.39,2,0.24,0.75
c5b8cc3f-6c86-4043-b3bd-9acb3ab7b2da,2026-04-26,CAMP-8039,Promotional,SMS,9.85,3.47,10.58,0.81,Behavioral,2.19,10.39,4.1,20.9,38.66,178.92,1.34,0.89,27.14,32,0.31,0.85
91dab7a4-ae9a-4188-8ec3-55975be810a5,2025-12-24,CAMP-9661,Upsell,Email,8.33,4.13,5.54,4.82,Behavioral,1.48,13.68,5.4,19.46,11.07,222.09,7.45,0.73,29.75,28,0.35,0.73
8bc93314-e035-40eb-b33b-980635fdb21f,2026-06-26,CAMP-7711,Awareness,Social Media,2.26,4.69,27.03,1.06,Behavioral,3.48,8.31,8.88,20.75,60.49,205.71,6.3,0.93,37.14,3,0.35,0.91
1c4b4b72-baaf-4e37-b8cb-b2e37a614e49,2025-12-30,CAMP-2027,Awareness,Email,7.66,1.8,15.37,0.97,Behavioral,4.29,12.07,1.65,24.15,69.33,83.98,2.03,0.55,32.69,46,0.27,0.83
4dbd8113-7300-4983-96df-95220cb3c2ec,2025-09-30,CAMP-7202,Promotional,Social Media,4.99,0.95,10.4,3.58,Behavioral,9.81,1.64,4.6,8.97,57.46,127.61,0.02,0.79,43.36,31,0.34,0.78
516bf5c4-207b-4892-97c2-10fefe8579d2,2025-11-19,CAMP-4415,Awareness,Social Media,9.4,0.84,12.64,3.44,Behavioral,5.27,13.52,4.23,21.52,34.06,232.38,5.95,0.71,31.36,30,0.2,0.6
0dc0c15c-fb8b-45cd-b358-1020498b7744,2026-05-15,CAMP-1826,Retention,Social Media,4.03,1.51,10.45,3.89,Geographic,7.92,9.55,1.72,18.44,38.79,196.7,9.13,0.73,50,27,0.23,0.75
8a2ed19d-d5df-4713-9a87-e641b4558fec,2026-06-27,CAMP-2264,Retention,SMS,2.14,1.39,24.74,3.81,Behavioral,7.68,5.69,3.69,15.29,35.29,209.44,8.87,0.54,28.54,9,0.4,1
7de8c146-e3ed-4d95-b50e-715642095372,2026-04-28,CAMP-3015,Retention,App Push,5.43,2.18,26.57,1.19,Geographic,4.49,7.63,8.22,20.71,32.21,64.12,1.3,0.91,31.25,23,0.33,0.87
64d8e4a3-0f49-4bb9-91c4-7737c90fbcb4,2026-03-08,CAMP-2671,Awareness,Email,1.99,4.34,6.36,0.47,Demographic,0.67,2.4,7.86,16.89,35.61,73.59,-1.92,0.87,39.59,1,0.16,0.88
a9f51745-70ee-477e-9272-dca52615b244,2026-07-03,CAMP-3113,Upsell,SMS,3.83,2.19,8.27,2.86,Demographic,5.63,6.71,5.57,20.83,54.11,278.29,9.54,0.5,30.68,27,0.4,0.67
d10af3c1-1e34-4cd1-9f43-f66cc2980c04,2026-07-16,CAMP-1382,Upsell,Website Banner,1.77,2.87,27.68,1.64,Geographic,2.4,11.2,2.18,13,37.93,169.83,9.42,0.94,36.37,35,0.37,0.74
7435cd70-46ea-4e99-b91e-e80b40ffb104,2026-06-01,CAMP-6025,Retention,App Push,5.11,0.65,13.57,2.48,Demographic,4.23,14.53,7.47,24.1,76.17,162.26,-1.42,1,35.4,4,0.46,0.67
5eb7fd63-35df-4d0d-99b5-bb1977a5c630,2026-02-14,CAMP-9139,Awareness,Social Media,1.44,3.17,10.98,1.24,Behavioral,5.53,2.97,9.83,11.86,11.42,142.06,8.19,0.69,30.33,17,0.24,0.83
9d8698df-9e6b-4759-a260-60cfa075012a,2025-09-16,CAMP-4443,Promotional,App Push,7.1,2.43,13.35,4.44,Demographic,3.27,1.19,7.1,10.02,84.55,189.38,1.17,0.59,38.85,8,0.18,0.63
1282a02a-6c41-47c7-b818-5c8638a56cdc,2026-04-14,CAMP-2840,Promotional,Email,9.13,2.87,20.68,2.64,Demographic,7.76,14.11,3.24,19.34,86.4,197.66,-1.97,0.69,49.14,44,0.49,0.81
06103268-0076-4b3d-9b87-622bc20cf30c,2025-07-27,CAMP-8503,Upsell,Website Banner,5.94,2.52,5.54,3.67,Geographic,6.47,12.1,2.01,6.85,17.74,129.16,1.77,0.56,17.29,40,0.5,0.7
6be525e4-7d41-49ea-a7f3-1ef0310fc5b4,2025-10-31,CAMP-3931,Retention,App Push,7.23,3.54,9.42,0.44,Geographic,7.71,5.66,2.29,27.98,12.93,203.35,7.72,0.87,15.72,8,0.44,0.94
16613ba5-4165-4572-8068-edc470fff9b7,2026-05-06,CAMP-4609,Awareness,Email,7.22,1.08,16.64,3.63,Geographic,2.53,11.65,8.46,17.21,68.01,127.96,9.34,0.84,29.51,6,0.46,0.93
fd059cd9-8504-4750-aca0-1110595f0caf,2025-08-22,CAMP-4366,Awareness,Website Banner,7.07,0.64,29.27,0.35,Behavioral,1.41,3.07,7.63,9.54,59.87,133.37,3.14,0.72,38.14,8,0.13,0.66
71638a24-6b05-4b6b-a936-b56bd9bf397a,2026-03-24,CAMP-7410,Retention,SMS,2.86,2.91,22.51,3.88,Geographic,8.36,12.21,1.75,25.52,18.96,224.23,5.64,0.62,10.12,11,0.21,0.91
914e45fe-4eae-4163-aa5b-091bce0b3779,2025-12-11,CAMP-2410,Upsell,SMS,7.05,4.38,27.21,0.59,Behavioral,4.99,2.2,1.92,10.63,63.83,86.1,0.95,0.63,17.51,46,0.32,0.93
145d1dce-b450-46e3-97d9-1067b40b828f,2025-10-18,CAMP-8341,Upsell,Social Media,5.42,2.6,25.94,3.1,Behavioral,7.15,3.25,4.01,16.61,48.71,293.78,0.09,0.93,38.32,13,0.16,0.88
90644b2c-c1bf-4f74-a505-e07cffe6acfa,2026-05-04,CAMP-4660,Promotional,App Push,2.48,3.44,12.13,1.05,Demographic,7.39,2.9,4.26,11.63,12.79,151.83,8.35,0.75,21.18,39,0.32,0.87
a40a2062-2371-45c5-bc1a-3940496b08f4,2026-06-05,CAMP-4332,Retention,SMS,3.3,2.35,5.45,1.05,Behavioral,5.97,10.65,4.32,10.2,18.31,109,8.44,0.97,20.15,13,0.4,0.85
f22da4d5-358d-4dbc-91bd-135332dc8e9a,2025-11-20,CAMP-4663,Promotional,App Push,4.13,3.81,28.29,4.47,Behavioral,1.39,10.76,2.35,26.03,21.76,188.21,2.41,0.51,15.33,37,0.19,0.68
3b2d9d64-d267-44c1-9f9b-54987ef77797,2026-05-10,CAMP-5779,Awareness,Website Banner,2.54,4.27,5.58,3.35,Behavioral,8.88,13.54,7.7,22.33,34.67,238.37,5.3,0.86,28.55,18,0.37,0.67
d94e3172-5608-4902-a8f7-6c0b6dadd3a5,2026-03-28,CAMP-8736,Awareness,Email,9.95,4.61,18.65,1.08,Demographic,1.88,1.56,3.32,9.95,34.32,283.37,2.13,0.74,16.88,17,0.34,0.64
14e818f2-453b-46ca-a692-4f97623f68d0,2025-10-14,CAMP-8447,Upsell,Website Banner,1.39,2.05,9.6,3.17,Behavioral,9,13.89,2.39,7.33,71.62,227.69,4.25,0.81,48.74,34,0.33,0.67
fbed6f21-da57-49dd-a98d-83eb479ef1ab,2026-01-08,CAMP-1372,Retention,SMS,3.2,1.57,22.91,3.44,Behavioral,5.89,1.75,3.59,12.03,12.49,230.7,5.3,0.7,43.19,22,0.32,0.86
e330d6f6-6cae-42f4-b6a9-f0bc7435ca3e,2026-07-22,CAMP-2496,Upsell,Email,4.76,2.45,5.94,0.29,Geographic,3.72,9.76,5.59,6.37,30.69,53.55,2.02,0.63,19.12,12,0.31,0.72
cbd95596-7c08-43a0-bf4f-8f9ae48f8f46,2026-07-10,CAMP-4976,Awareness,SMS,4.96,1.04,29.33,4.3,Behavioral,2.73,3.08,3.43,19.73,92.62,63.35,8.13,0.99,49.6,9,0.48,0.81
6371042a-176e-4007-b32b-f9d506838117,2026-01-04,CAMP-1067,Upsell,Email,6.15,0.78,29.82,1.49,Demographic,0.95,14.02,5.57,24.73,34.72,139.13,1.5,0.92,26.78,33,0.11,0.78
b6429b62-6802-482a-9bec-440f39886cda,2025-08-04,CAMP-1036,Upsell,App Push,7.52,3.84,23.75,4.3,Demographic,6.68,14.77,1.62,20.04,50.09,149.37,9.57,0.58,42.31,29,0.4,0.84
78457f96-e403-4a8e-8c1f-0dc62761f66c,2026-01-15,CAMP-7228,Retention,Email,8.76,1.01,25.85,3.03,Demographic,9.96,2.16,5.86,20.22,84.33,259.06,3.91,0.82,30.42,20,0.25,0.6
8787ca5c-219a-42ab-a3d6-7e563f308dbb,2025-11-22,CAMP-5564,Awareness,Email,6.87,4.16,18.72,2.3,Geographic,8.38,14.03,4.96,21.26,16.19,220.62,4.12,0.7,48.66,46,0.37,0.97
41aad9b1-b67a-4ea6-93db-a0a9528e842e,2025-11-03,CAMP-3068,Awareness,Social Media,2.16,1.93,10.48,3.68,Behavioral,6.13,4.88,3,22.28,78.02,273.36,6.62,0.89,20.59,3,0.21,0.72
703bc3d2-579e-44a9-94ab-09d74f154c88,2026-03-05,CAMP-3487,Promotional,App Push,3.78,2.96,7.25,4.8,Demographic,1.67,4.75,9.86,27.06,81.35,285.18,9.4,0.78,26.4,3,0.15,0.93
b308ebfc-5f48-4717-bce5-4be7a9c0dee9,2026-05-18,CAMP-2575,Retention,App Push,4.56,3,15.97,1.71,Demographic,3.05,7.9,9.18,18.03,77.47,53.43,1.49,0.84,40.59,17,0.21,1
24bfb1eb-8704-4fde-908b-a4a2389efc13,2025-09-22,CAMP-7697,Promotional,Website Banner,2.37,1.57,12.91,0.41,Behavioral,8.41,14.38,8.91,28.55,47.88,197.47,9.58,0.51,23.64,26,0.27,0.97
b9c1390d-7c01-49de-a976-f7c453ebd9de,2026-04-22,CAMP-8392,Promotional,Email,4.89,3.77,10.18,2.95,Geographic,4.6,6.64,1.63,19.64,95.74,211.32,3.19,0.75,15.27,2,0.15,0.96
442a2be8-8e94-4e21-beca-c153ff0500da,2026-01-14,CAMP-1759,Awareness,App Push,6.33,4.09,12.64,3.37,Behavioral,2.69,4.37,9.97,19.34,58.67,130.44,-0.01,0.62,23.22,35,0.34,0.9
227edbb8-414e-4ac8-8b37-3d8888afed52,2025-11-11,CAMP-7996,Awareness,SMS,9.93,3.05,19.96,0.34,Geographic,3.9,12.96,9.56,15.6,61.08,252.98,6.07,0.53,19.03,23,0.21,0.64
3ec4758a-602a-4768-8d89-1b6abeeb0fe2,2026-01-03,CAMP-2790,Awareness,Email,2.94,2.27,18.04,0.88,Geographic,6.73,4.49,3.32,21.64,96.45,175.89,8.79,0.91,37.87,21,0.46,0.62
0d298c2c-c502-4958-8cfe-28be628c6e01,2026-02-16,CAMP-7029,Awareness,Website Banner,5.99,2.21,11.71,3.62,Geographic,2.89,8.32,2.95,7.85,12.99,61.23,7.6,0.82,23.7,8,0.37,0.94
a54f21b8-3745-4e7a-bb8b-407f8121dea1,2026-02-19,CAMP-9091,Retention,Email,1.36,2.06,15.53,1.63,Behavioral,0.68,5.69,3.64,19.59,86.1,183.02,7.84,0.5,28.1,9,0.2,0.92
f93882d5-886d-420f-8823-da39babecbfe,2025-07-31,CAMP-1075,Promotional,Social Media,7.2,4.24,14.79,1.44,Behavioral,1.27,10.22,4.51,24.42,67.82,230.03,6.08,0.62,12.08,8,0.38,0.69
cf271b10-449a-4669-be40-6a2758481ee7,2026-03-08,CAMP-9341,Awareness,Social Media,5.74,2.01,21.63,1.8,Demographic,4.57,7.77,5.7,8.23,91.4,272.87,4.89,0.93,31.31,1,0.15,0.62
90bec16f-b4e4-4e37-afdf-4a51e3eba91f,2025-10-28,CAMP-4760,Upsell,Website Banner,2.13,1.58,24.27,4.3,Geographic,1.4,5.79,9.38,18.93,51.2,125.27,9.88,0.85,45.68,4,0.27,0.87
cdefcfbd-2874-423a-9d83-6b4e848be745,2025-09-20,CAMP-5890,Awareness,Website Banner,9.22,3.79,17.45,3.16,Geographic,5.14,14.53,5.42,22.23,36.97,226.96,0.96,0.89,30.38,35,0.4,0.81
25892970-7823-41fc-843a-458ff6f6f6ec,2025-08-07,CAMP-3541,Promotional,Social Media,2.62,3.1,7.75,4.99,Demographic,1.67,9.88,4.38,26.32,21.36,207.35,0.59,0.89,40.38,13,0.29,0.89
336e9117-99e3-4031-85b1-b754757c08fe,2025-11-03,CAMP-3277,Upsell,Website Banner,2.26,1.37,7.42,2.59,Demographic,1.54,10.38,2.14,14.85,90.87,111.83,9.65,0.59,15.34,8,0.41,0.6
9fd878cd-5d01-456b-bbb8-a08e70f588b3,2026-02-12,CAMP-1369,Upsell,Website Banner,5.69,1.01,19.21,1.72,Behavioral,6.96,5.01,8.46,29.39,85.41,102.3,9.74,0.59,16.16,26,0.41,0.68
18096067-edcf-41c6-8052-2ce15325dd34,2025-11-07,CAMP-3732,Awareness,Social Media,9.18,4.9,9.54,3.41,Behavioral,7.6,9.32,2.59,20.68,50.69,254.59,-0.29,0.59,10.74,7,0.43,0.9
b9ff1228-9711-4c33-8805-08c0754fa75b,2025-12-06,CAMP-3479,Awareness,App Push,3.67,4.92,11.96,2.52,Behavioral,6.3,12.91,1.76,18.15,25.65,229.79,7.7,0.66,46.55,33,0.12,0.87
24c1565e-171c-4d3b-8516-d415555ca688,2025-10-13,CAMP-8435,Awareness,App Push,1.05,2.78,18.32,1.5,Behavioral,9.54,5.36,8.9,24.72,87.77,187.88,-1.54,0.64,34.74,11,0.4,0.85
4419e7d4-082e-4c18-b3af-bfb29cb9f052,2026-07-04,CAMP-8502,Retention,Email,1.23,3.8,14.91,0.73,Geographic,7.62,4.16,7.48,22.19,55.31,149.68,7.22,0.64,41.61,10,0.2,0.89
a0304404-9549-462c-9d82-4f4a2a02f6db,2025-09-03,CAMP-8187,Awareness,Social Media,9.98,4.88,5.83,1.31,Demographic,9.15,1.82,6.69,7.38,63.47,273.75,1.65,0.98,22,29,0.19,0.96
ff4985e7-95f8-4189-bbae-478512ab6efb,2026-04-19,CAMP-5371,Upsell,SMS,4.54,0.76,27.77,2.74,Behavioral,6.94,7.9,9.67,22.81,49.42,93.33,4.72,0.6,28.26,22,0.35,0.8
0cb57142-e291-493d-aaa5-6d9708fac7f7,2026-03-12,CAMP-4686,Upsell,Website Banner,9.87,2.19,14.8,3.7,Behavioral,2.46,5.77,1.45,21.17,92.12,253.56,4.4,0.74,15.08,17,0.3,0.81
8c2014c8-c21d-469f-bc2a-3118dc26387f,2026-07-09,CAMP-5948,Awareness,SMS,8.44,1.37,14.93,1.21,Behavioral,7.39,12.68,5.35,8.38,47.91,134.87,9.55,0.63,33.6,43,0.36,0.95
b20e9ce2-9dbe-4fd7-96b6-6bf60e69809c,2026-07-17,CAMP-6068,Promotional,App Push,9.02,1.21,25.62,3.49,Geographic,1.56,13.84,2.58,5.91,64.9,200.96,-1.04,0.91,22.22,26,0.32,0.94
f186515b-b22b-4707-ad5f-0b04eb9cb370,2026-02-22,CAMP-6975,Upsell,App Push,1.48,3.05,17.93,1.79,Geographic,1.47,3.33,4.84,11.94,91.06,60.16,7.82,0.67,47.22,11,0.12,0.91
74f8385e-29c7-4d59-9df6-ef30aa85383c,2025-11-24,CAMP-2210,Promotional,SMS,4.58,1.74,18.51,1.17,Behavioral,3,5.63,6.67,9.32,95.16,158.2,0.47,0.55,43.74,29,0.35,0.64
abcbf26d-14d1-407b-85b3-968e0bf4511a,2025-11-19,CAMP-7951,Promotional,Website Banner,2.77,0.74,8.36,3.92,Geographic,4.15,7.52,7.63,11.13,25.49,277.03,8.78,0.67,30.33,30,0.17,0.91
50ad662c-2b15-4fbd-939a-28964f6f41e5,2026-04-18,CAMP-1223,Promotional,SMS,9.97,3.64,11.92,2.33,Geographic,0.84,7.86,7.77,7.76,13.68,273.91,6.7,0.71,22.42,20,0.2,0.71
c5b3c6c5-83f6-4cac-8cd8-b9fe96b6737f,2025-10-08,CAMP-5728,Upsell,App Push,1.88,1.02,8.66,1.55,Demographic,7.5,3.07,7.67,26.32,43.75,92.61,4.47,0.68,14.06,44,0.48,0.92
fc9dc9a9-3bd1-4a39-bdc5-50e3f3bd270e,2025-11-29,CAMP-1995,Awareness,Email,3.72,2.78,9.62,0.88,Geographic,5.27,1.67,9.4,19.65,69.76,138.5,-0.98,0.61,28.64,7,0.42,0.64
56a9cb5b-d26c-40ed-8a05-cb688534b74a,2026-07-17,CAMP-4194,Promotional,App Push,6.33,1.89,13.36,4.12,Geographic,3.48,12.57,4.63,18.78,61.69,271.92,8.02,0.96,11.92,37,0.22,0.84
7ee425fd-0e81-4375-aa54-7bc732cc022b,2025-12-20,CAMP-4101,Upsell,Social Media,1.34,2.36,9.9,1.35,Demographic,1.05,7.05,3.4,20.58,44.34,62.49,8.03,0.77,17.4,41,0.13,0.81
89de8337-7f4d-4891-a5ad-ead4bc290607,2026-02-05,CAMP-5949,Retention,Social Media,2.96,2.72,21.66,1.92,Behavioral,1.46,8.01,8.98,17.8,96.38,144.48,2.14,0.82,35.22,11,0.32,0.63
b1e736d2-586b-4e65-9c2d-4e5ba38cfdad,2025-08-16,CAMP-8911,Promotional,Website Banner,7.5,1.86,15.5,2.22,Demographic,3.15,13.16,9.95,18.41,56.95,168.5,4.75,0.55,31.68,19,0.3,0.8
12564bf6-e660-4589-b5b1-da05b1e008c5,2025-08-31,CAMP-2768,Promotional,Email,1.19,1.26,27.3,1.24,Geographic,8.36,3.13,4.85,15.95,57.02,118.74,-0.07,0.55,21.93,8,0.18,0.83
99532fcc-8528-471e-885e-0f6775de4e0a,2026-05-21,CAMP-8172,Retention,SMS,5.48,4.93,19.6,1.85,Demographic,6.32,9.92,3.03,12.57,53.49,83.46,-0.37,0.55,44.89,43,0.16,0.72
e2280c99-4736-4f7f-859c-9de86a33ceda,2025-10-02,CAMP-5747,Retention,Website Banner,2.06,1.7,19.38,2,Geographic,7.21,7.65,5.88,11.77,88.98,247.7,-0.09,0.89,41.83,7,0.1,0.67
5bfee582-7fd9-4d31-bcda-a330334db4e0,2025-09-22,CAMP-9762,Awareness,SMS,1.32,2.27,28.3,3.94,Geographic,4.22,5.44,1.12,29.78,55.44,182.22,6.23,0.6,19.61,25,0.46,0.75
19621f55-68ab-4679-a943-aef1d50b6e8e,2025-10-27,CAMP-6003,Promotional,Email,6.02,0.94,11.62,1.51,Geographic,5.96,8.57,1.83,29.96,92.68,203.09,6,0.89,24.9,10,0.17,0.92
74935bc1-ad3b-4ec6-ac40-d9d39aa9e663,2026-03-08,CAMP-7523,Retention,Social Media,6.54,3.85,15.12,2.42,Demographic,1.61,11.7,4.52,23.14,16.13,65.6,4.56,0.82,42.49,20,0.25,0.94
1d9823cf-953f-4f9c-819a-06d97372143e,2025-10-15,CAMP-6239,Upsell,Email,2.79,1.69,29.59,2.32,Geographic,4.73,12.84,2.89,20.38,83.33,223.64,1.16,0.68,33.5,13,0.29,0.97
3180fb7e-4fcd-485a-b4e4-6264f5ab2a33,2026-03-16,CAMP-4282,Retention,Social Media,8.21,3.01,17.38,0.43,Demographic,1.77,12.21,3.61,8.12,58.23,62.94,1.8,0.75,20.28,48,0.13,0.65
1821db33-2579-4bac-96d2-dfd7db094556,2026-01-01,CAMP-6763,Awareness,App Push,3.85,2.08,5.11,4.48,Geographic,6.06,11.39,9.82,22.96,61.54,163.12,3.99,0.93,39.34,26,0.3,0.9
d5784f84-d91e-474e-b0ec-a001f05c7f81,2026-02-14,CAMP-9018,Retention,SMS,5.83,4.35,14.45,3.66,Geographic,5.97,3.11,1.46,26.78,60.19,133.94,2.8,0.97,17.92,29,0.13,0.95
23e192ea-3e8e-41f9-9a38-0f8ebec4ef49,2026-02-18,CAMP-3251,Awareness,Website Banner,8.6,0.52,18.93,4.81,Behavioral,8.29,13.3,7.54,8.12,63.24,266.19,4.97,0.68,28.25,30,0.24,0.73
9e86f73e-cbd2-412d-b01f-8f920dab9d83,2026-04-06,CAMP-3390,Retention,Website Banner,7.29,2.39,14.98,1.21,Geographic,3.49,11.96,8.55,20.43,86.86,85.52,1.68,0.95,19.99,21,0.26,0.92
738d98fd-b1a0-414f-86f6-a8993048b0ab,2025-12-21,CAMP-1626,Upsell,App Push,6.15,3.74,27.37,1.65,Geographic,8.61,1.33,4.85,27.6,90.7,138.7,5.94,0.79,36.83,35,0.46,0.76
ac9a877a-de2f-467f-a198-4c8f55746f8e,2026-01-17,CAMP-8825,Promotional,SMS,9.91,2.68,22.48,1.09,Behavioral,5.86,2.49,3.9,7.92,82.66,238.93,1.2,0.59,31.75,19,0.21,0.66
3be8ffd1-cf5c-42fc-81c4-9432c506885a,2025-09-06,CAMP-3235,Retention,Email,1.53,2.25,11.01,4.94,Geographic,0.86,11.17,8.64,7.12,99.59,91.18,5.87,0.99,37.82,10,0.43,0.8
5a6c1c0d-eb7c-433e-ba0c-e2fb2ebea172,2026-03-23,CAMP-5696,Upsell,SMS,5.94,1.39,14.19,1.81,Geographic,0.76,10.81,6.94,9.64,61.34,207.27,6.88,0.59,25,1,0.46,0.77
a4e30324-017f-41f1-8b14-0afa5d7daf17,2026-03-29,CAMP-5527,Promotional,Social Media,6.73,4.56,5.75,2.37,Geographic,4.08,11.07,9.36,28.65,52.69,278.62,7.81,0.54,45.79,20,0.15,0.62
aeb668a9-cf07-4679-9084-4d4ab04771ea,2025-08-07,CAMP-3291,Retention,Website Banner,2.3,0.93,8.91,2.19,Demographic,8.15,11.69,6.17,17.36,23.99,224.26,1.48,0.61,23.78,34,0.45,0.84
75980b41-cd84-4d68-b07a-eef6d43e9cfa,2025-08-18,CAMP-5834,Upsell,Social Media,2.19,3.04,8.93,2.53,Geographic,6.78,8.7,1.87,22.36,41.47,291.8,0.41,0.54,29.88,20,0.24,0.98
1aa26494-801a-4119-acf8-3262db4125d8,2026-04-14,CAMP-8384,Upsell,App Push,8.75,2.81,7.34,3.83,Behavioral,6.55,12.63,7.43,18.2,31.51,56.84,-0.94,0.82,14.98,22,0.45,0.98
f83e9740-8095-424e-b32c-7961aa0fe9fd,2025-07-30,CAMP-8291,Promotional,App Push,6.73,2.14,27.8,2.04,Geographic,6.58,1.22,9.98,23.97,99.13,127.75,-0.24,0.73,33.28,4,0.45,0.94
32ca4c83-492e-43e3-943b-9697c4384ffa,2026-03-06,CAMP-7137,Retention,Social Media,3.75,2.48,18.6,2.18,Geographic,1.43,13.48,7.23,20.7,21.3,89.92,2.28,0.64,43.33,38,0.1,0.63
0807070d-e2a5-4538-878f-1c3e67a77e69,2026-03-20,CAMP-8696,Awareness,Email,3.6,0.99,9.34,2.84,Behavioral,7.95,12.43,1.6,29.34,70.95,204.84,-0.13,0.7,27.71,9,0.43,0.94
c2f31067-2ea3-4ed3-bf13-d2a42a7070be,2026-03-09,CAMP-7339,Awareness,Social Media,3.27,1.81,29.09,3.37,Geographic,6.19,3.24,3.27,27.6,36.96,204.29,9.47,0.6,31.93,3,0.24,0.7
63aa246f-3dd5-4d46-be97-9332f68b53d0,2026-06-09,CAMP-4992,Upsell,Website Banner,1.16,1.53,12.14,4.79,Demographic,5.28,6.39,6.86,10.89,74.53,114.42,4.7,0.69,15.65,17,0.25,0.93
5cfd0754-8e0c-41e9-8196-b361be04e152,2025-09-28,CAMP-6582,Retention,Email,5.8,0.97,11.24,3.36,Behavioral,4.55,10.48,9.84,15.56,81.82,69.47,5.5,0.99,33.48,26,0.5,0.74
a1b045f1-7c8f-42ff-ac33-ef86485ac579,2026-03-01,CAMP-6758,Promotional,Social Media,8.12,2.01,8.53,0.76,Behavioral,1.06,11.43,6.81,22.87,80.95,144.18,1.89,0.53,32.47,40,0.44,0.84
66b91f0d-2236-4b02-9090-eee66a263954,2026-01-16,CAMP-4850,Retention,Email,5.48,2.36,16.65,1.74,Demographic,4.57,2.89,1.66,29.84,95.56,140.14,-0.96,0.93,14.87,44,0.46,0.98
9a34776d-a421-49aa-80d6-29ca939469f1,2026-06-10,CAMP-8401,Promotional,Email,9.86,1.53,24.39,2.2,Geographic,5.09,1.77,8.28,23.09,66.61,55.1,5.15,0.57,37.22,44,0.46,0.97
9076ffbc-6ae7-4158-93d0-b28da526c550,2025-09-29,CAMP-7360,Retention,SMS,6.97,3.95,13.67,2.97,Behavioral,3.11,1.74,2.82,5.64,59.92,117.94,0.26,0.57,30.01,27,0.18,0.78
0683f175-0ca8-4f8d-9506-138e3419eee4,2026-02-01,CAMP-3888,Upsell,SMS,7.85,1.51,17.36,4.48,Geographic,4.11,2.95,5.13,14.75,77.84,238.07,1.82,0.55,40.9,24,0.37,0.98
3ecf34d8-04af-4f3f-bb92-80838c03cb75,2026-06-21,CAMP-5276,Promotional,Website Banner,8.31,3.75,12.03,2.89,Geographic,7.99,1.47,3.04,15.14,87.84,276.28,6.46,0.91,25.96,31,0.36,0.62
8a4c7eca-349a-4d20-9cb1-c2193d82cd00,2026-02-21,CAMP-7740,Retention,Email,1.44,3.48,11.3,4.93,Demographic,6.73,4.4,1,16.39,87.34,282.15,-0.6,0.58,45.26,29,0.25,0.96
b72c62a5-6712-499a-98a9-a89064281fa3,2025-12-23,CAMP-5523,Retention,Email,6.34,4.03,7.81,4.92,Behavioral,5.19,4.18,5.21,9.71,18.46,249.1,-0.58,0.97,13,11,0.33,0.61
e63c99a7-acc2-4c85-aeb1-84422be78132,2025-12-27,CAMP-2872,Upsell,Social Media,9.67,1.79,7.14,1.59,Behavioral,9.62,5.17,8.28,21.94,16.95,149.02,2.98,0.96,41.18,45,0.11,0.66
9e6cccac-d725-4ca5-bac6-115f95304bf4,2026-01-01,CAMP-9204,Upsell,Social Media,8.46,3.07,9.9,1.45,Geographic,6.85,14.64,9.95,29.81,75.33,162.27,5.35,0.9,30.32,33,0.42,0.97
d913912c-a9da-4d23-8dcc-a454bb2ead07,2026-07-06,CAMP-9571,Promotional,App Push,3.79,2.71,6.04,4.24,Geographic,8.84,6.05,9.14,8.09,70.29,191.18,-1.14,0.54,46.11,24,0.48,0.73
54d5d890-fbe2-4933-a4fa-cd2f2c5fd892,2025-11-05,CAMP-4020,Retention,Social Media,4.21,4.67,18.43,0.29,Demographic,7.72,10.77,9.54,24.27,24.8,79.08,1.59,0.88,34.14,30,0.1,0.9
4f1e46e9-a8b4-498b-8f39-6d3ccd33f3af,2026-01-01,CAMP-8603,Retention,Social Media,4.92,4.26,20.77,1.52,Behavioral,3.86,7.39,6.21,11.21,35.01,157.49,4.68,0.57,24.03,18,0.11,0.69
bf37030a-d1fa-4464-b510-93f308c33462,2025-09-24,CAMP-6020,Awareness,App Push,6.15,3.97,27.97,3.6,Demographic,9.64,5,5.53,29.82,51.68,271.52,3.39,0.51,19.53,17,0.14,0.96
b579e2d6-4c47-494a-8392-5d827f898680,2025-10-29,CAMP-9758,Promotional,Email,7.6,1.59,18.42,3.17,Geographic,1.67,7.99,1.5,17.47,41.27,136.49,-0.36,0.98,25.62,9,0.36,0.74
83b31ab5-2550-4b23-a22b-78c61ec95d53,2026-01-18,CAMP-6543,Awareness,Social Media,5.9,4.95,24.9,4.57,Geographic,8.37,9.14,7.01,14.18,40.32,153.18,3.23,0.51,40.31,7,0.19,0.98
dd755b6c-4f44-4e4b-97bf-4d3122857087,2025-10-03,CAMP-5055,Promotional,Social Media,2.86,2.55,8.16,1.08,Demographic,6.72,5.22,3.56,22.71,59.61,276.45,0.36,0.71,37.76,22,0.32,0.84
9827fdfe-1586-4261-a11b-bb9b5190a35e,2026-04-05,CAMP-9334,Upsell,App Push,9.87,2.85,13.43,2.19,Geographic,6.78,13.62,1.3,27.78,40,272.18,-0.28,0.74,38.54,7,0.26,0.77
7a203f26-f18e-4010-bc49-bf42d1048c1f,2025-11-10,CAMP-4198,Promotional,App Push,1.89,3.07,20.72,4.79,Behavioral,5.97,7.65,4.73,6.27,37.89,276.33,2.03,0.68,20.72,8,0.27,0.62
6c65d580-13f2-494c-ba98-ec3f4bdaf3d5,2026-03-26,CAMP-5060,Awareness,Website Banner,9.19,1.95,18.83,4.61,Behavioral,7.51,4.2,8.64,23.31,38.33,258.44,3.2,0.6,40.54,23,0.19,0.83
27ba9a00-db34-4a77-adf7-0879a79e1ab5,2025-08-22,CAMP-1389,Awareness,Social Media,6.6,2.3,24.96,3.19,Demographic,5.53,11.41,2.94,21.9,92.17,63.63,9.34,0.7,46.82,34,0.16,0.6
815a3dd9-a7e7-499a-b1d9-e67dd72030d2,2025-10-06,CAMP-2491,Promotional,Website Banner,2.22,1.81,23.96,3.24,Behavioral,9.65,14.24,3.84,14.3,73.26,148.17,-0.07,0.61,32.03,35,0.35,0.96
c7a72c70-51f0-4ae5-97bd-2532892a1a5f,2025-08-25,CAMP-3464,Retention,Website Banner,8.19,2.73,6.86,2.82,Behavioral,8.25,5.87,2.4,27.57,88.86,297.56,0.02,0.99,46.28,8,0.34,0.96
83666754-267c-4c2c-8a64-f07bf0ee5f67,2026-04-23,CAMP-8329,Promotional,App Push,1.29,2.34,26.71,3.94,Behavioral,4.12,1.15,5.02,25.66,85.07,101.44,6.46,0.58,38.94,11,0.16,0.92
239fe9e4-c413-459d-99e2-4c05856de768,2026-06-05,CAMP-1570,Awareness,Email,4.09,0.76,6.1,4.39,Demographic,1.91,6.86,3.2,17.01,99.19,90.95,6.22,0.84,25.05,9,0.38,0.99
f5823a39-e5d8-40cd-b262-e0069a8d11e6,2025-12-20,CAMP-5998,Retention,SMS,3.31,0.63,12.48,1.54,Geographic,7.63,10.97,8.8,21.71,43.45,234.68,7.46,0.76,15.84,9,0.41,0.89
f16aea14-31e2-4557-906a-cfbbe5761ef4,2026-01-07,CAMP-2104,Promotional,App Push,6.97,1.64,9.85,3.77,Geographic,6.13,5.98,1.57,18.06,99.28,293.89,2.6,0.87,49.11,36,0.27,0.94
8bad7d75-6637-41a3-8de1-fd5dd9cb9634,2026-01-13,CAMP-9685,Awareness,Website Banner,8.65,0.85,6.43,4.43,Demographic,6.07,8.03,7.55,27.52,66.83,219.44,-1.03,0.69,14.65,47,0.3,0.81
81a85733-c2ae-4be9-89ed-743d21498fcd,2025-11-18,CAMP-6017,Promotional,SMS,8.61,0.86,29.39,3.71,Demographic,3.04,1.13,6.22,27.14,27.11,255.48,5.07,0.57,45.23,19,0.17,0.61
b8646c97-58c9-4af4-a4fb-00be6ceef3bb,2026-05-27,CAMP-8252,Upsell,Email,3.88,2.54,29.45,0.47,Demographic,9.46,5.5,2.52,20.03,73.96,115.05,1,0.53,35.42,41,0.32,0.61
53263850-c7e1-4401-9af9-3c247dcb1c3c,2026-04-14,CAMP-7056,Retention,Website Banner,2.83,1.15,9.88,0.84,Demographic,8.81,12.51,8.47,29.72,96.44,166.58,2.84,0.52,13.36,35,0.35,0.97
19cd9eee-f99c-472e-b20a-c9745d58e5ed,2025-10-18,CAMP-9774,Upsell,SMS,7.95,1.83,22.85,3.08,Behavioral,7.18,7.4,2.76,20.67,92.31,254.31,2.34,0.96,31.52,44,0.15,0.65
9e2f02b6-fb2b-4755-8eee-cd20357105ba,2025-09-07,CAMP-7427,Awareness,SMS,4.28,3.89,25.77,2.87,Behavioral,8.11,6.83,4.04,20.71,79.8,105.52,5.21,0.77,21.59,17,0.43,1
5ba4fc45-bd85-450f-bb0e-d9824f6de7bf,2026-06-24,CAMP-7183,Awareness,Social Media,7.49,4.81,8.18,0.77,Geographic,6.83,4.6,8.05,9.88,43.41,224.24,0.32,0.6,45.53,42,0.43,0.74
0d28917e-bc95-4968-af24-827d4e2ec884,2026-02-07,CAMP-2719,Promotional,Email,5.25,2.99,13.77,2.43,Behavioral,2.55,1.18,8.64,19.74,15.65,69.57,2.19,0.55,13.74,41,0.17,0.68
ef7985f1-e17c-4ea2-9a38-31d513064807,2025-10-06,CAMP-7471,Retention,Website Banner,8.76,3.69,14.66,2.5,Geographic,7.31,14.05,9.04,21.6,41.91,227.49,6.78,0.94,10.95,19,0.3,0.62
a6951a21-0dbd-4b05-847a-5da53d74cf64,2025-09-25,CAMP-3365,Retention,Social Media,9.98,2.19,29.58,4.5,Geographic,9.79,13.98,2.47,8.22,47.61,109.98,6.88,0.94,26.67,33,0.12,0.85
2ae55381-597e-48db-abc4-b612bd4fe48f,2025-12-29,CAMP-2309,Upsell,Website Banner,1.58,2.06,25.28,3.78,Demographic,9.97,14.03,6.03,10.27,79.55,159.81,0.11,0.68,49.1,26,0.48,0.79
e0f16d53-a050-4dcc-af37-506d5c458631,2025-09-01,CAMP-3814,Retention,App Push,9.64,3.46,17.29,3.66,Geographic,7.08,10.38,9.16,21.62,69.5,77,7.4,0.6,15.02,21,0.47,0.68
2cc2605b-d1a8-4bcd-8cc5-42a833b9c81d,2025-08-01,CAMP-4347,Retention,Website Banner,2.24,3.61,14.9,2.66,Geographic,1.39,7.84,7.12,11.46,88.66,105.88,1.72,0.99,23.54,30,0.45,0.84
b495814a-12a4-45ef-998a-8ab017f161cf,2026-02-03,CAMP-8539,Promotional,App Push,8.75,1.53,9.51,2.86,Geographic,2.75,12.02,3.98,14.64,67.98,85.56,6.24,0.6,25.31,35,0.29,0.83
d32d5da1-0e87-4f60-a143-66fa4876e62d,2025-12-16,CAMP-9162,Upsell,App Push,3.1,1.22,7.39,0.72,Demographic,3.02,1.92,9.56,10.76,82.02,157.51,3.64,0.6,23.54,39,0.15,0.66
66fe0245-789e-4c41-b249-722f8264ce44,2026-06-29,CAMP-8894,Upsell,App Push,8.15,4.41,17.77,1.26,Geographic,2.83,6.84,6.53,25.08,10.42,292.13,8.9,0.65,31.79,19,0.39,0.85
9d17bfd7-b9fa-480e-969b-a49911d22238,2025-12-09,CAMP-1255,Upsell,Email,1.1,4.37,16.44,1.94,Behavioral,5.9,7.29,5.64,6.37,44.9,275.58,0.86,0.74,39.53,31,0.27,0.94
56b74779-fc9a-4578-94e1-28c460c2fb97,2025-09-11,CAMP-8097,Upsell,SMS,2.57,2.31,19.6,1.77,Geographic,6.3,4.04,2.98,13.03,93.33,296.17,-1.26,0.95,24.78,8,0.46,0.95
ada1cd09-4c59-4a10-a0c3-6095200698a5,2025-08-04,CAMP-5105,Awareness,Social Media,7.5,0.5,21.89,4.49,Demographic,6.55,8.24,8.53,21.58,86.69,225.32,-0.59,0.52,12.14,41,0.13,0.92
4226718e-05e4-4832-829c-8454a42b269e,2026-02-11,CAMP-2528,Promotional,Email,3.05,1.68,5.99,3.12,Behavioral,5.02,10.24,5.5,27.99,57.89,296.24,3.96,0.72,36.52,44,0.34,0.64
09a83001-459d-4484-b049-a10a4c72be2e,2026-06-17,CAMP-7194,Retention,App Push,9.28,0.64,29.78,1.24,Behavioral,7.49,10.06,1.05,11.46,64.4,120.31,3.46,0.84,24.97,47,0.26,0.76
42babc3d-2709-4664-9591-cdd1c82fab72,2026-07-24,CAMP-4321,Retention,SMS,8.17,3.8,6.54,4.37,Geographic,6.37,11.57,3.13,8.01,63.21,90.75,8.69,0.68,15.53,15,0.25,0.7
a9a3f098-19cf-4951-8423-773592940bc1,2026-02-21,CAMP-2981,Upsell,Social Media,6.27,0.91,26.89,0.63,Demographic,6.47,11.14,7.95,5.2,94.11,72.6,-1.82,0.93,47.12,5,0.15,0.78
17769322-c648-4c64-abe5-a4060c8c66e4,2026-06-25,CAMP-3631,Awareness,SMS,2.38,2.49,29.18,2.1,Behavioral,5.21,1.18,2.62,28.79,37.38,61.15,9.73,0.55,17.23,17,0.37,0.86
5c3f744f-bccb-473c-bc95-786857508cbe,2026-03-28,CAMP-1719,Awareness,Website Banner,9.12,0.67,9.38,1.86,Geographic,5.97,11.71,4.74,26.27,60.06,122.4,2.37,0.71,11.54,33,0.21,0.82
02f69f2d-9076-41d8-a307-0e548e3c48dd,2026-04-16,CAMP-3254,Retention,SMS,8.28,2.83,24.75,1.3,Behavioral,8.56,12.15,5.74,19.19,34.16,260.45,3.65,0.96,13.78,45,0.12,0.83
09216698-33b4-48f7-afa0-bb56b5c084b3,2026-03-04,CAMP-7814,Retention,App Push,4.4,2.62,17.26,4.53,Demographic,3.16,9.82,2.41,11.95,36.22,87.32,6.54,0.6,27.1,12,0.44,0.71
8ff69926-56d9-4dcb-916e-4f7ca8342707,2025-12-17,CAMP-5901,Awareness,App Push,7.94,2.96,26.52,0.51,Geographic,9,11.01,1.04,15.09,67.74,280.26,5.98,0.52,45.53,39,0.26,0.89
fc28bd8f-8c3b-4a26-abaa-c3ca9a14784e,2025-12-22,CAMP-2646,Retention,SMS,6.44,4.23,26.76,0.41,Demographic,6.17,14.46,9.75,21.08,45.82,277.97,9.51,0.62,49.66,39,0.31,0.84
607cf812-0f07-4ad0-8d5e-b1723001b5cc,2026-07-05,CAMP-5608,Promotional,Website Banner,7.83,2.2,27.81,0.98,Demographic,7.66,9.49,7.08,11.88,54.7,56.15,1.7,0.95,45.82,16,0.37,0.88
0ad936a2-9f3f-492d-a257-cd6946d2dc48,2026-05-21,CAMP-5109,Awareness,SMS,5.06,0.83,12.66,0.55,Geographic,7.68,8.87,1.75,18.48,44.97,293.64,8.91,0.89,14.42,30,0.48,0.89
666af18b-4da3-475e-af81-4825ab693f58,2026-01-03,CAMP-9720,Retention,Email,5.36,1.35,19.85,3.8,Behavioral,6.88,11.58,7,28.69,51.98,293.78,7.06,0.89,17.52,29,0.28,0.89
534696f4-c834-4688-b7fc-ddf18dfbce65,2026-01-17,CAMP-8327,Retention,App Push,6.58,0.75,29.37,0.71,Geographic,0.72,10.78,3.61,15.99,98.28,180.32,4.89,0.63,36.68,31,0.12,0.9
2d95777f-040a-49d8-ac01-f1fe1b3630d1,2026-05-26,CAMP-3628,Retention,Website Banner,3.51,4.58,28.97,0.3,Behavioral,9.11,11.87,5.56,19.91,25.57,222.02,0.04,0.85,42.59,7,0.21,0.72
fa678840-778b-4f50-b9b1-ecd3340e7d96,2026-05-17,CAMP-7324,Retention,SMS,7.84,3.57,26.7,4.77,Geographic,7.43,10.74,9.95,16.38,77.15,267.22,9.35,0.93,12.74,22,0.48,0.68
50214fdf-5c4d-4922-ae45-8f4340557b76,2026-04-13,CAMP-9217,Promotional,Website Banner,3.71,1.93,25.37,4.37,Geographic,7.29,7.52,4.41,12.24,35.18,221.69,0.9,0.64,26.17,23,0.23,0.93
dd3add35-e7d3-4f10-a568-362d8e7ddb96,2025-08-24,CAMP-8113,Retention,SMS,3.49,0.68,22.87,1.55,Geographic,8.77,11.44,1.64,29.72,77.27,187.02,2.56,0.62,34.04,15,0.47,0.62
4e3fa18b-710c-42ba-822c-fa8e26fcf420,2026-04-04,CAMP-3902,Retention,App Push,6.07,0.76,16.91,4.16,Demographic,4.5,2.09,9.71,20.18,30.74,142.39,4.06,1,20.1,45,0.14,0.67
c0b05ec4-ce93-4388-a10e-9b133dcdeb64,2026-03-08,CAMP-1953,Retention,Email,9.05,4.46,12.98,3.86,Behavioral,2.52,14.94,2.85,20.13,56.63,130.35,1.69,0.92,42.38,42,0.45,0.98
9299653d-11ca-43e2-adfa-62ad259be076,2026-03-11,CAMP-5106,Upsell,SMS,1.9,0.84,23,1.34,Behavioral,6.42,7.86,9.31,12.53,54.86,186.84,9.85,0.69,20.83,44,0.45,0.6
9316effe-2fc3-4c3b-84d6-d328b882fba2,2026-05-23,CAMP-6947,Retention,App Push,1.47,4.33,21.61,4.09,Behavioral,3.83,4.82,2.92,29.9,89.24,213.18,6.66,0.7,42.42,42,0.3,0.86
605a6750-c586-453d-839e-f6402d6e93e8,2025-10-05,CAMP-6964,Upsell,Social Media,7.82,4.16,15.14,0.37,Demographic,8.54,6.83,5.02,9.35,19.26,207.58,0.46,0.55,21.44,15,0.12,0.72
8a4deb79-9afd-41cb-a393-060aa4a3bac3,2025-09-13,CAMP-4949,Promotional,App Push,9.29,4.16,18.7,2.14,Demographic,6,4.94,8.76,14.32,40.33,75.19,9.06,0.84,42.08,27,0.47,0.65
ea03d879-caa2-48b9-96d1-492f27d9581d,2026-06-11,CAMP-8329,Promotional,Social Media,7.28,3.96,20.99,3.16,Behavioral,8.18,6.27,3.54,8.43,22.38,119.77,2.21,0.66,29.48,29,0.49,0.97
df83ec73-f336-426c-878a-968a8cc7296b,2025-08-09,CAMP-2848,Promotional,Email,8.44,1.26,25.33,1.81,Demographic,7.63,11.25,1.17,21.69,68.37,218.27,1.64,0.6,19.93,10,0.45,0.8
62c0f090-51c5-4a87-9db2-53cd4f019c1e,2025-10-05,CAMP-2313,Promotional,Social Media,2.53,2.88,10.56,0.12,Demographic,5.1,12.25,1.91,15.92,26.92,73.5,4.7,0.72,12.23,23,0.43,0.85
e258ab1d-3fd1-4bf3-a2d1-dc0d424f1850,2026-05-14,CAMP-4650,Upsell,Website Banner,6.74,4.91,14.83,4.71,Demographic,1.33,12.57,3.54,6.71,14.34,63.83,3.9,0.84,28.43,11,0.2,0.71
dbbf75b2-7080-466c-9594-54d672c6e633,2026-03-02,CAMP-5370,Promotional,Social Media,7.43,3.6,9.21,1.57,Geographic,5.59,4.51,2.24,24.94,81.84,200.24,1.87,0.97,23.43,25,0.27,0.62
8bfc0c6f-b16a-4e16-8346-5ada25c0b274,2025-10-27,CAMP-2990,Upsell,Social Media,6.32,3.27,12.91,4.02,Geographic,9.96,10.8,6.2,23.53,77.64,164.58,1.09,0.65,37.83,21,0.22,0.85
818ef8fb-8061-4e50-8d64-73071da860ea,2026-01-29,CAMP-3196,Awareness,Social Media,6.22,1.64,26.7,1.09,Geographic,9.03,6.19,7.94,25.55,59.95,195.46,7.07,0.72,17.78,42,0.32,0.93
27573b3b-3c98-4a76-9e9c-2fb683a47243,2026-01-07,CAMP-4073,Upsell,App Push,2.4,4.53,21.47,2.86,Behavioral,7,13.16,8.87,27.22,53.79,80.33,9.3,0.62,34.97,16,0.39,0.88
c88beb2f-a2de-4349-9da3-06fb5ae70581,2025-09-01,CAMP-5695,Promotional,SMS,4.43,4.71,25.27,1.33,Geographic,2.38,8.94,6.21,25.04,21.11,292.83,-0.33,0.84,25.2,41,0.41,0.68
5e738af3-1490-44c5-8ae1-1029002d0163,2026-02-28,CAMP-6329,Awareness,Email,10,3.66,17.16,1.2,Behavioral,0.94,14.69,8.47,5.78,99.6,278.71,-1.93,0.97,34.98,12,0.19,0.8
9efe9324-7808-43cd-854b-cff79d5ea53b,2026-06-22,CAMP-1060,Retention,Website Banner,6.57,4.1,6.87,1.22,Geographic,5.66,6.41,1.96,22.58,59.31,81.22,7.51,0.64,17.68,36,0.33,0.61
e07d2099-3bce-4e02-ad08-67c6c5791fdd,2026-07-06,CAMP-4433,Retention,App Push,9.65,4.58,23.14,2.02,Demographic,7.58,10.03,5.24,8.44,29.04,244.42,7.56,0.74,28.77,26,0.11,0.82
02ae1e5d-d267-4b15-82a3-1c71f2c0afd9,2026-06-16,CAMP-5516,Upsell,Website Banner,5.19,4.59,27.7,4.37,Geographic,7.02,4.06,5.04,27.54,97.87,104.28,-0.04,0.88,42.74,6,0.44,0.92
4f6b05f0-c7c5-424d-999b-e3d7291350ce,2025-11-21,CAMP-3505,Promotional,App Push,3.63,4.35,22.91,0.51,Geographic,4.4,3.17,5.27,23.01,80.71,264.43,9.11,0.65,13.09,29,0.49,0.75
f93fee91-523c-441d-9ddf-030de54df39e,2026-06-09,CAMP-7141,Awareness,Website Banner,4.29,1.67,7.2,1.12,Geographic,8.93,7.68,8.71,28.28,21.97,268.18,2.54,0.64,15.36,8,0.45,0.7
f5f980b3-ffb1-450a-9938-81e01d1247d8,2025-08-31,CAMP-7697,Retention,App Push,7.64,0.85,26.08,1.49,Geographic,6.52,1.18,2.73,28.8,67.23,279.43,4.83,0.98,41.72,8,0.29,0.86
63f560e0-0f2a-4952-9ad7-e2eb67fa543b,2026-03-12,CAMP-9259,Retention,SMS,9.39,2.86,29.64,1,Behavioral,2.94,2.84,3.75,17.72,41.15,229.19,9.71,0.89,27.21,24,0.4,0.8
0241662c-b2b7-4328-9c93-dd645e26da40,2025-08-26,CAMP-6088,Retention,Website Banner,6.3,3.09,8.67,4.97,Demographic,4.9,4.91,9.11,28.41,33.54,179.92,1.16,0.8,12.82,6,0.13,0.82
1a883e96-a511-4685-8dab-9c0c95425bd3,2026-05-23,CAMP-4414,Promotional,Email,4.65,1.7,16.75,3.67,Demographic,3.3,10.28,9.63,10.58,94.75,193.23,0.87,0.52,28.71,39,0.28,0.65
d7ac64cd-bbcd-4c63-b5b3-bdde831d9e2d,2026-06-01,CAMP-2242,Promotional,Website Banner,4.75,4.46,20.85,3.15,Demographic,4.76,1.98,2.51,24.74,74.63,294.45,6.6,0.94,31.55,45,0.14,0.76
acae3805-c5b3-454b-967f-ac1fd3ae33c3,2026-03-04,CAMP-9589,Promotional,SMS,7,0.93,8.07,4.56,Behavioral,3.99,14.45,6.26,27.58,21.99,259.36,5.03,0.81,26.85,1,0.11,0.92
43693a78-6d13-44c1-bbfb-ede6804e0143,2025-08-25,CAMP-3619,Upsell,Social Media,3.33,2.99,16.36,1.87,Behavioral,3.74,5.83,7.28,20.26,71.4,55.04,7.27,0.93,43.2,24,0.15,0.83
1e34f902-b4f6-4348-bdea-5dfe3e802bfd,2025-10-27,CAMP-9593,Promotional,App Push,2.72,3.83,17.67,1.14,Behavioral,8.1,4.52,7.85,11.89,24.85,275.15,0.95,0.54,17.82,48,0.44,0.93
4fec24c0-0e80-4b5b-9c21-feba79ec67a3,2026-02-10,CAMP-2995,Promotional,Website Banner,1.71,3.89,12.73,3.37,Behavioral,4.65,7.24,6.5,24.4,23.3,122.31,5.09,0.73,38.45,18,0.48,0.87
e9bf2cb9-7ad4-403d-9dd3-e0715d7529da,2025-07-27,CAMP-4830,Promotional,Social Media,3.54,2.47,25.63,2.27,Behavioral,8.76,5.22,6.25,26.06,76.91,223.54,0.31,0.95,29.22,8,0.49,0.72
1b960ae7-0c20-4146-8652-f2d100cf7e67,2026-06-14,CAMP-7736,Upsell,Social Media,7.77,0.98,23.91,3.14,Geographic,4.02,4.98,1.24,27.12,89.35,60.95,-0.58,0.68,29.15,7,0.27,0.73
b6ab7644-a765-44d3-9e22-2b0e76c9209f,2025-08-27,CAMP-9866,Promotional,Website Banner,4.2,3.78,15.91,1.27,Behavioral,7.4,5.13,1.54,20.79,70.24,111.8,0.75,0.73,12.83,44,0.12,0.82
20229096-c364-42be-824b-52f3f9426933,2025-08-29,CAMP-6451,Promotional,Website Banner,6.33,0.72,26.94,4.84,Demographic,7.26,12.95,6.32,25.85,18.79,204.76,-1.26,0.54,39.43,47,0.35,0.81
8d433db2-9282-40ed-b08b-3a6340b0cf0f,2025-11-12,CAMP-4360,Upsell,Email,1.07,3.13,19.7,4.44,Geographic,9.54,8.44,4.49,6.05,38.2,228.7,3.81,0.67,24.82,13,0.36,0.74
41471b1e-ecd1-4139-8dcb-b657776caab6,2026-07-11,CAMP-7867,Awareness,Email,8.09,3.63,8.6,0.25,Demographic,1.62,10.98,1.98,10.95,87.99,256.19,5.72,0.63,45.48,10,0.36,0.6
4f5573ee-339c-48e4-9b5b-af65bdd8859c,2026-07-18,CAMP-7082,Retention,Website Banner,6.6,3.29,11.97,3.35,Geographic,0.53,3.76,9.62,23.14,71.57,227.23,1.04,0.77,24.06,9,0.43,1
78d0b527-0cfa-49d5-bfc4-fc14d8d276b4,2025-11-22,CAMP-7065,Promotional,Website Banner,5.11,2.94,9.59,2.75,Demographic,8.88,1.35,2.94,28.36,37.01,244.78,-0.33,0.81,18.04,3,0.39,0.9
61c6d00c-f60b-4219-bc8e-e628f6e0b2b5,2026-03-10,CAMP-4347,Retention,SMS,2.2,2.61,7.61,0.34,Behavioral,1.22,12.08,6.65,20.97,62.4,95.84,3.14,0.59,42.33,9,0.29,0.7
b454e2ec-97fe-440f-af69-aff5a71870cd,2025-11-22,CAMP-3211,Awareness,App Push,5.08,0.82,13.41,3.43,Geographic,5.83,14.7,8.34,21.9,92.29,212.03,9.92,0.91,45.43,9,0.47,0.76
c8577afa-f802-48c8-a5d4-69d9f3d1864b,2025-08-21,CAMP-5921,Promotional,Email,6.52,2.79,10.73,3.71,Geographic,7.86,11.97,9.71,29.66,89.15,227.16,-0.8,0.51,48.16,36,0.13,0.68
c9419064-6fd0-40c0-8a84-dd94cfb60ad8,2026-05-09,CAMP-9628,Awareness,Email,1.93,2.27,29.24,4.04,Demographic,1.19,9.48,8.13,18.06,83.09,151.64,4.49,0.7,16.86,28,0.15,0.98
1a8b6090-e78c-407a-8e2e-87d14f2f1579,2025-11-04,CAMP-3344,Promotional,App Push,9.75,4.69,11.3,0.21,Geographic,9.17,6.52,7.5,13.99,74.14,257.21,0.94,0.87,22.1,15,0.26,0.71
ca6cbef2-1a83-4aac-9b4b-d6c4e4ec28fb,2026-01-12,CAMP-2904,Retention,App Push,4.29,0.77,19.79,3.47,Demographic,1.21,11.07,7.76,10.5,59.23,85.31,-1.31,0.78,37.48,24,0.19,0.81
4a447929-6c31-4505-8ca7-155e62eefc10,2025-12-03,CAMP-6039,Promotional,SMS,2.98,2.96,22.07,2.9,Behavioral,6.62,10.63,9.15,9.79,32.07,127.8,1.57,0.61,24.35,31,0.2,0.73
4e6ca40a-6c7d-4e5c-b0d0-062ad53909e3,2025-12-30,CAMP-7455,Upsell,Email,3.8,3.02,18.93,4.59,Demographic,2.34,6.7,8.81,22.57,93.75,138.84,4.74,0.88,46.83,9,0.46,0.7
25379920-87bc-43fa-9996-862fa900a711,2025-12-01,CAMP-7645,Retention,Social Media,7.38,4.17,16.44,1.46,Geographic,8.65,1.74,8.05,28.52,56.36,188.67,2.32,0.6,10.3,36,0.43,0.93
33d273cd-db2f-4713-969a-5eefac810b06,2025-07-27,CAMP-4859,Promotional,Social Media,4.71,2.41,20.34,1.81,Demographic,1.58,4.7,6.05,17.6,27.21,203.51,7.65,0.67,26.11,45,0.19,0.64
126f7810-be86-4865-8ccf-80c94a63f85e,2025-08-01,CAMP-4095,Retention,Social Media,3.63,0.54,22.58,1.33,Behavioral,5.15,5.63,2.06,19.19,29.48,82.69,8.83,0.55,19.56,15,0.41,0.62
bdf23070-58f7-4716-aa15-bb8663405bd8,2026-01-29,CAMP-2493,Retention,App Push,1.65,3.52,22.98,2.28,Demographic,9.6,7.56,5.27,22.59,70.01,173.81,1.57,0.74,12.07,30,0.3,0.77
7d11eb84-c526-49a7-8b6d-705e1840d7ff,2025-08-02,CAMP-1414,Retention,SMS,1.06,2.31,27.43,3.47,Behavioral,1.78,2.53,8.42,10.3,56.97,98.53,1.5,0.85,20.98,8,0.38,0.99
74354746-7165-4d8e-9dba-70ba1b695bb1,2025-08-22,CAMP-2654,Upsell,App Push,4.93,0.82,18.62,3.26,Behavioral,0.68,6.5,4.85,23.43,45.41,208.29,9.8,0.89,10.25,14,0.14,0.87
0e4ac953-7045-4476-9df0-21f0021763e7,2026-07-08,CAMP-3816,Upsell,App Push,6.9,0.66,9.71,3.01,Behavioral,4.94,13.4,9.72,21.62,86.79,123.63,9.97,0.54,16.66,32,0.28,0.75
2e2a268b-b02b-49f8-a6f4-a50c3d83a882,2025-11-08,CAMP-7898,Retention,Social Media,9.07,1.87,17.67,3.74,Behavioral,8.87,10.71,4.27,14.44,50.34,297.91,-0.91,0.78,15.06,9,0.26,0.96
2823716b-264e-450c-a181-4e338b5ad801,2025-08-24,CAMP-1209,Upsell,Website Banner,1.22,1.92,22.45,2.48,Demographic,5.11,13.13,3.4,7.73,36.27,199.29,9.04,0.59,19.18,19,0.12,0.81
e75aaaf0-8e8e-4392-a1c9-543e520fea47,2026-03-14,CAMP-8122,Awareness,Email,1.75,1.36,15.11,0.85,Behavioral,7.63,3.69,9.32,11.87,90.65,75.4,1.17,0.82,31.47,39,0.19,0.63
9de0e1aa-9344-43bc-b7ea-a283de27b0ca,2026-05-21,CAMP-2286,Retention,App Push,2.61,1.06,20.01,4.63,Geographic,7.94,6.79,9.44,29.61,53.81,240.85,7.37,0.57,16.67,25,0.13,0.77
cf107c45-7c3e-4ad3-85e9-71f54e02534b,2026-04-18,CAMP-6131,Retention,Email,3.55,4.75,28.81,2.19,Geographic,9.51,2.65,3.83,26.7,56.23,273.54,0.52,0.64,41.06,26,0.11,0.74
56624ed6-490d-4a65-af1f-56f13bbd3465,2026-05-25,CAMP-6119,Promotional,App Push,9.99,1.35,20.49,0.47,Behavioral,3.67,14.18,6.22,22.73,70.26,131.57,-0.29,0.89,33.34,4,0.18,0.91
2a72341a-d776-441d-866d-a91db5b9ddcf,2025-11-09,CAMP-3319,Upsell,Email,9.59,1.24,24.95,2.6,Demographic,0.57,6.05,9.53,16.89,80.52,175.25,3.51,0.51,49.4,19,0.48,0.91
a578e0bf-74de-4410-b82d-41ca3c21c243,2025-08-10,CAMP-7461,Awareness,Website Banner,2.69,2.3,12.92,1.83,Behavioral,5.54,5.59,4.08,17.28,26.9,121.63,4.73,0.73,33.91,47,0.2,0.68
7288f00a-67a2-439d-b851-0661059f75be,2026-06-01,CAMP-2323,Upsell,SMS,4.63,4.56,5.16,3.3,Demographic,3.32,5.59,2.53,5.27,38.94,149.93,0.15,0.77,16.89,38,0.49,0.88
71a5b93d-64f3-4061-b3e8-91b6ec85d627,2025-12-04,CAMP-2615,Upsell,Website Banner,7.81,0.75,21.97,0.41,Demographic,3.19,3.34,4.62,10.46,86.52,65.56,2.98,0.94,10.02,47,0.31,0.9
5c06606a-439a-4e60-adeb-43e7ace83c3a,2025-10-30,CAMP-4986,Upsell,Website Banner,5.78,0.88,28.89,1.15,Demographic,9.72,8.4,1.67,27.07,98.36,96.69,3.4,0.61,18.69,47,0.4,0.98
218f427c-f3e3-4024-b652-35587db57984,2026-02-01,CAMP-3437,Promotional,Email,7.36,1.74,27.34,1.32,Geographic,7.95,10.53,2.27,27.46,42.28,265.79,7.36,0.73,18.93,3,0.15,0.77
478db29c-206f-4754-8cdd-8838a832fc16,2025-11-19,CAMP-8319,Upsell,SMS,8,2.75,21.07,2.37,Geographic,7.86,11.4,3.28,29.57,12.38,285.52,-0.05,0.89,24.68,36,0.4,0.82
c900482e-6ade-4468-ae69-a991343c2200,2025-08-18,CAMP-4917,Upsell,Social Media,9.88,3.67,10.4,4.96,Demographic,6.29,6.46,7.24,26.64,90.02,68.17,-1.32,0.87,42.44,34,0.3,1
495a2207-d899-46ba-9bec-083085627e3a,2025-12-06,CAMP-7384,Upsell,Email,5.56,3.77,23.08,4.29,Demographic,1.08,13.1,4.83,28.97,79.56,61.68,0.67,0.51,28.13,29,0.2,0.91
11ddbd26-df3b-49db-8c55-585333019f99,2026-06-03,CAMP-4785,Upsell,Social Media,4.49,1.95,24.37,4.58,Demographic,9.73,10.51,2,13.04,13.95,237.98,4.04,0.86,18.1,32,0.19,0.62
7a7267a7-3313-4701-9100-2ded4a9e9221,2026-03-21,CAMP-4331,Upsell,Website Banner,6.2,2.25,19.43,3.06,Behavioral,9.01,5.55,3.64,16.53,12.86,97.51,2.19,0.76,17.96,5,0.27,0.74
edd4a640-ced6-4888-9507-27a72ce35c2b,2026-04-02,CAMP-4013,Promotional,Social Media,7.42,2.47,28.79,1.43,Behavioral,9.1,8.08,7.86,27.34,57.23,127.58,0.74,0.9,20.45,5,0.25,0.61
6836a879-3a6c-4030-93c7-0bbb8adb89c6,2026-06-15,CAMP-6661,Retention,Email,4.17,4.43,8.14,4.58,Behavioral,4.46,9.85,2.29,19.55,85.88,227.68,8.08,0.98,32.06,20,0.25,0.75
6537c5d5-de36-4f1e-8b9d-78b985b210a8,2026-02-27,CAMP-7809,Promotional,Website Banner,6.75,0.95,13.5,0.17,Geographic,7.3,12.3,2,17.32,34.42,174.23,1.69,0.99,22.13,42,0.47,0.84
b54f147a-38b6-40e7-b9e8-3d758c474e7f,2026-03-27,CAMP-6463,Retention,Social Media,7.08,1.31,19.2,1.33,Geographic,5.03,9.49,4.11,8.7,74.8,197.71,8.51,0.89,42.93,24,0.26,0.93
c5ec535e-ee0d-41a9-8399-43979ae8b905,2026-06-01,CAMP-9148,Retention,Social Media,2.32,4.43,19.19,2.12,Geographic,7.77,12.23,4.1,19.2,56.35,269.66,7.45,0.56,37.87,17,0.38,0.72
68da9cf3-5574-4915-a141-bd5c99895da1,2025-07-28,CAMP-7957,Awareness,SMS,4.76,4.02,24.39,1.75,Behavioral,0.86,5.33,5.22,17.28,38.04,95.11,7.11,0.78,41.05,44,0.41,0.73
cc02a3da-ada8-4b0e-aca6-3561a908d620,2026-03-15,CAMP-1180,Retention,App Push,5.02,1.5,18.61,3.78,Geographic,1.45,6.18,7.85,29.99,39.18,256.45,2.06,0.52,38.56,42,0.34,0.74
11c2db4a-606a-4713-89c9-95e44061e1f1,2026-02-27,CAMP-7893,Awareness,Website Banner,5.01,1.92,27.87,2.54,Geographic,7.55,9.33,5.14,12.86,73.54,270.8,0.07,0.99,43.42,42,0.3,0.91
7e2db686-a743-446c-98a5-001486262142,2025-08-24,CAMP-5463,Awareness,SMS,2.52,2.72,28.92,4.75,Demographic,9.7,13.49,6.56,26.51,51.9,200.15,0.93,0.79,27.89,17,0.37,0.71
de177370-78c4-4e96-87b2-d8e9c78afebc,2025-12-29,CAMP-8909,Awareness,Email,1.37,1.97,5.19,0.14,Behavioral,7.61,5.75,4.06,28.31,39.15,123.44,0.24,0.77,44.15,19,0.5,0.74
3eb71206-f990-48ed-9e2d-f3c4070c65f7,2026-05-07,CAMP-7668,Promotional,SMS,9.59,4.09,20.23,2.5,Demographic,0.59,9.36,5.32,19.13,98.7,299.47,9.29,0.94,46.86,14,0.42,0.73
1dce14ab-e82d-4178-a555-1238ef9c4cfa,2025-07-31,CAMP-1615,Promotional,Website Banner,1.8,3.98,24.65,3.93,Behavioral,6.13,4.44,9.3,29.64,60.86,182.21,3.78,0.56,43.53,43,0.41,0.61
16973a19-d402-44a1-8917-3bd99d7291ee,2026-04-22,CAMP-3554,Awareness,Email,5.41,4.84,18.83,3.65,Demographic,2.31,14.65,2.83,15.51,43.74,59.19,-0.92,0.89,12.22,33,0.37,0.65
22f87dfc-7d3d-4518-8e5d-a4aef608532e,2026-01-07,CAMP-1452,Promotional,Social Media,2.78,4.99,15.03,2.45,Demographic,8.84,9,8.7,12.5,11.54,115.67,4.18,0.67,14.33,27,0.44,0.85
8a75f395-b711-4294-9523-fd21af112556,2025-08-03,CAMP-1465,Promotional,Website Banner,8.01,3.33,10.28,0.15,Demographic,4.59,4.91,8.52,17.63,64.91,109.44,-0.11,0.58,36.06,31,0.43,1
9635ad8d-3a16-4bf5-a484-c9ef3a0f959f,2026-02-06,CAMP-2853,Promotional,Social Media,5.94,3.48,22.17,2.79,Demographic,2.55,14.57,4.4,25.21,32.89,213.72,7.33,0.67,24.1,40,0.49,0.94
010e8ce7-e6ff-4556-9451-68cac4cd7701,2026-03-08,CAMP-6176,Upsell,App Push,4.44,3.85,19.38,2.69,Geographic,4.46,6.93,8.83,20.59,97.45,147.85,1.45,0.62,34.92,36,0.43,0.9
48d213b0-f906-43c5-b8f7-b4ac3c4e10c5,2026-06-04,CAMP-9743,Awareness,App Push,3.68,2.99,23.85,2.19,Behavioral,9.32,9.33,8.23,14.31,23.3,112.79,7.62,0.61,39.59,11,0.3,0.65
5c6ade3c-6511-401e-ab65-c00924dfc03d,2025-09-24,CAMP-5108,Retention,SMS,8.68,1.06,10.46,0.82,Demographic,5.55,2.1,8.62,24.1,34.49,61.47,2.02,0.68,19.51,24,0.34,0.87
8de202a7-50a4-497f-8ded-44747ede15aa,2026-03-07,CAMP-1825,Promotional,Email,5.69,4.61,9.97,1.94,Geographic,3.02,14.14,1.57,18.34,65.15,74.74,1.3,0.56,17.47,36,0.26,0.91
0d79fe22-d0ac-4efb-bbc9-e9f93b3e338a,2026-03-31,CAMP-6408,Retention,App Push,5.04,2.64,19.2,4.69,Behavioral,5.29,5.83,6.16,18.22,87.37,213.63,7.3,0.92,49.84,3,0.23,0.81
6c6292e2-823f-434a-8eb4-7c2f98e885a6,2026-02-17,CAMP-3107,Upsell,SMS,7.99,4.66,15.3,0.84,Geographic,2.87,8.9,8.9,15.64,37.51,120.65,0.3,0.88,38.41,31,0.49,0.81
e295d7b0-a0c0-4d73-94a2-338af3f66bf4,2026-03-07,CAMP-1851,Retention,App Push,2.64,1.13,24.33,2.28,Geographic,8.12,12.09,3.71,21.67,11.9,175.83,6.18,0.84,35.32,21,0.11,0.95
068a513b-8e20-4dcd-b3af-2e33635c4881,2026-07-10,CAMP-4755,Upsell,Social Media,1,2.05,18.74,1.83,Behavioral,2.44,10.19,1.24,19.5,79.18,178.22,8.12,0.59,32.76,17,0.35,0.92
e0d4e6bc-38cb-4343-8104-10937ed335bd,2026-01-26,CAMP-6089,Retention,Website Banner,9.47,3.44,5.14,0.46,Geographic,4.88,11.64,7.07,6.36,26.1,278.17,-0.61,0.95,40.94,5,0.46,0.89
fde7020b-cf3f-48c1-a9eb-3b934bee7e35,2026-02-28,CAMP-9750,Retention,SMS,8.47,4.76,7.33,0.37,Behavioral,8.47,3.26,7.27,15.99,74.21,67.82,9.35,0.53,22.17,25,0.19,0.82
272e5451-8573-4c48-b682-0e6fc127642f,2026-04-03,CAMP-9357,Upsell,App Push,1.36,4.88,25.38,0.81,Behavioral,8,10.89,3.02,16.19,12.82,77.88,3.45,0.76,41.42,19,0.37,0.61
9f06ae8e-5cb8-4b9f-9117-12e8a18de986,2025-08-11,CAMP-5545,Upsell,SMS,6.3,2.74,12.47,3.7,Geographic,8.58,7.15,5.71,19.69,58.05,142.12,1.3,0.91,37.96,47,0.33,0.8
51e463b6-e823-4dee-b5fc-f0bf33c68186,2025-10-05,CAMP-8487,Retention,Social Media,9.98,3.18,6.79,2.35,Geographic,5.4,7.73,5.81,8.42,76.2,181.86,6.76,0.92,18.47,24,0.3,0.93
544781f0-eed2-4d04-ab78-7aebb0c2da61,2026-06-03,CAMP-6158,Upsell,Website Banner,4.08,3.98,23.75,2.18,Behavioral,9.32,5.35,1.89,22.91,67.99,83.92,7.92,0.96,14.33,41,0.14,0.87
343df772-5e9f-479b-85b5-a0d502b097ec,2026-02-08,CAMP-2593,Awareness,Social Media,1.95,3.55,17.37,4.27,Behavioral,4.24,7.96,5.46,15.08,74.71,204.94,-1.29,0.58,18.6,44,0.33,0.68
1c1ebdbf-4e66-440a-8653-40f0e8017e01,2025-07-29,CAMP-9073,Promotional,Social Media,3.64,3.48,8.7,0.71,Behavioral,5.57,14.85,4.02,16.49,16.17,163.98,7.23,0.56,19.39,17,0.33,0.95
a0316b53-b8ab-422e-8156-ee63dfa266c8,2026-07-09,CAMP-6289,Upsell,Email,5.74,4.35,21.2,0.98,Behavioral,2.54,12.68,9.48,27.6,30.72,142.67,0.9,0.85,41.75,43,0.39,0.95
463cdc1d-e678-42a2-8ae3-8bd1518be696,2026-04-21,CAMP-1437,Retention,App Push,7.09,1.38,27.73,3.26,Behavioral,9.5,8.66,7.87,7.45,11.05,182.01,8.96,0.81,13.54,11,0.42,0.78
7db90a45-8313-498c-a584-1b924811cb6a,2025-10-12,CAMP-7594,Retention,Social Media,2.49,3.94,23,3.68,Demographic,0.82,10.82,5.57,12.52,92.64,260.41,1.28,0.77,14.78,17,0.32,0.75
6a54e8dc-ea49-4d58-af18-bcbd8e4b6fe9,2026-02-21,CAMP-1056,Promotional,Website Banner,8.47,0.71,17.33,1.18,Behavioral,4.17,6.97,6.32,5.28,31.12,276.03,-1.76,0.57,45.58,24,0.46,0.99
908b2fe3-886f-4904-bf4a-6f4b1bf39e9c,2026-04-23,CAMP-8499,Upsell,Website Banner,8.44,0.82,8.98,4.62,Demographic,3.95,8.82,6.9,8.66,48.8,279.85,1.81,0.8,25.66,10,0.47,0.86
b966c07d-c97b-4812-9c57-2332da989845,2025-09-17,CAMP-6246,Retention,SMS,7.47,1.37,29.85,4.61,Geographic,2.24,2.79,3.83,14.2,23.35,211.3,4.29,0.81,40.27,5,0.3,0.92
cb500ffb-e574-4276-9154-4ce5ad3796c1,2026-06-01,CAMP-2296,Awareness,SMS,1.55,3.04,19.46,2.59,Demographic,5.23,13.35,6.83,22.57,76.01,153.08,-0.9,0.68,41.15,1,0.39,0.69
e238c6fe-9fd0-4321-92ca-0e9d4f204374,2026-01-30,CAMP-8417,Awareness,Website Banner,4.25,3.24,15.9,0.49,Behavioral,4.06,1.71,7.38,28.33,30.76,107.87,1.08,0.6,12.44,11,0.49,0.83
d5987987-67de-4d70-8d34-e0af02c35cee,2025-09-24,CAMP-2324,Retention,App Push,1.55,4.56,18.63,4.23,Geographic,3.43,12.6,5.43,13.41,79.55,179.74,5.88,0.73,43.78,13,0.4,0.97
8d15a488-c532-40fa-8acc-dee085760aef,2026-04-27,CAMP-6411,Promotional,App Push,8.79,2.78,22.66,0.9,Demographic,7.08,8.68,2.58,12.5,90.83,139.95,6,0.58,30.53,46,0.37,0.9
8c419f97-2bb3-45a3-81b2-978c53dc88bb,2026-03-16,CAMP-3532,Promotional,App Push,7.77,4.73,12.71,2.12,Geographic,1.11,9.5,1.81,7.92,75.72,139.86,8.81,0.75,43.13,11,0.14,0.95
d720428d-ec1a-4128-bb81-114ea56c084c,2026-06-23,CAMP-1523,Awareness,Email,2.32,1.03,20.93,2.17,Demographic,7.05,3.4,6.42,21.9,73.29,299.85,4.71,0.59,15.4,31,0.23,0.9
5d4f0ec8-32ff-413e-a8d0-b19a536f4930,2026-03-15,CAMP-2967,Promotional,Website Banner,1.72,1.08,25.35,1.81,Geographic,8.03,7.35,8.34,27.99,80.17,189.49,-1.35,0.81,37.04,20,0.38,0.88
86849d69-0e6a-4253-b3eb-f85a9c2a3b95,2026-01-09,CAMP-5700,Retention,App Push,3.32,4.72,9.96,3.58,Demographic,8.45,12.12,9.24,29.96,46.49,127.34,1.72,0.8,35.17,8,0.34,0.7
46ab937b-6805-427e-b324-7f8bd9c338d2,2026-03-05,CAMP-7910,Promotional,Email,5.87,2.91,29.91,0.13,Behavioral,9.58,4.48,3.95,19.75,90.54,262.83,-1.49,0.5,44,9,0.32,0.76
