Record_ID,Date,Tower_ID,Download_Speed_Mbps,Upload_Speed_Mbps,Ping_Latency_ms,Jitter_ms,Dropped_Call_Rate,Network_Downtime_Hours_Month,Signal_Strength_dBm,Network_Type,Tower_ID_Connected,Handover_Frequency_Per_Session,Packet_Loss_Rate,Network_Congestion_Index,FiveG_Coverage_Availability,Call_Setup_Success_Rate,Network_Latency_by_Region_ms,Quality_of_Service_QoS_Score,Tower_Load_Balancing_Efficiency,Network_Upgrade_Impact_Score,VoLTE_Adoption_Rate,Network_Reliability_Score
bb3e3b63-afb1-4e59-8881-7d57b9e8e853,2025-08-10,TWR-003,73.02,5.58,61,8,0.49,1.5,-91,VoLTE,TWR-003,7,0.34,0.61,40.15,98.7,148,0.86,0.86,0.53,39.32,0.82
35cb8180-64a6-44f9-9c98-5d0876a69733,2026-06-27,TWR-005,122.53,96.46,85,14,0.93,1.1,-79,5G,TWR-003,8,0.29,0.65,50.86,96.05,29,0.9,0.63,0.81,57.31,0.92
88bdc275-79b9-47de-96b4-1b8034e96f01,2025-10-22,TWR-003,12.25,13.66,65,5,0.27,2.2,-87,4G,TWR-005,1,0.41,0.36,22.98,99.14,104,0.97,0.7,0.86,56.87,0.99
6b3411e7-6f0f-4f7c-b556-65441d7ab41a,2025-07-30,TWR-005,59.4,5.82,38,14,1.25,1.9,-83,4G,TWR-004,4,0.52,0.81,89.55,98.47,138,0.97,0.62,0.91,81.2,0.78
2cccd707-b027-4816-b727-841a9af6cd09,2026-06-29,TWR-005,14.38,16.06,34,8,0.13,1.8,-78,4G,TWR-005,1,0.52,0.56,57.9,96.59,116,0.75,0.7,0.76,61.49,0.9
e84947cb-b96a-4530-98dc-29c9e91db51f,2025-12-04,TWR-002,67.29,12.19,100,9,1.47,4.7,-99,VoLTE,TWR-002,9,0.94,0.72,84.77,98.76,64,0.72,0.78,0.61,40.85,0.98
8b191522-5741-4871-9946-facbc0fdcb81,2026-06-08,TWR-002,45.35,15.23,100,10,1.59,4.2,-71,4G,TWR-001,2,0.42,0.66,34.29,97.12,45,0.86,0.67,0.74,68.35,0.79
9cb64299-4896-42fb-a66b-f8a64cb3fab1,2026-03-01,TWR-003,89.74,14.49,16,3,0.66,0.6,-69,VoLTE,TWR-001,5,0.08,0.7,94.83,97.89,38,0.76,0.94,0.9,78.11,0.84
e08f0500-a260-4c88-8d0f-ca47b0bc8116,2026-02-15,TWR-004,843.09,93.38,59,7,0.67,4.3,-100,5G,TWR-001,7,0.93,0.79,35.02,96.43,123,0.94,0.84,0.5,61.4,0.99
1d348a05-a9f6-4f61-a29a-155788cc1a4d,2026-04-17,TWR-002,486.99,28.08,37,4,0.2,0.4,-112,5G,TWR-001,9,0.05,0.71,49.9,97.96,72,0.74,0.73,0.85,67.65,0.84
ed108050-09ed-411c-86b3-8994f54ba8c8,2025-10-19,TWR-001,397.03,92.93,47,19,0.81,1.1,-102,5G,TWR-004,10,0.35,0.41,94.63,98.49,84,0.89,0.75,0.8,30.45,0.99
35621348-0963-4c83-9ac4-2d763ac5b1f3,2025-11-18,TWR-003,58.71,7.66,57,19,1.27,3.2,-114,4G,TWR-005,1,0.26,0.26,54.13,95.27,21,0.85,0.98,0.88,82.96,0.78
901fad2b-5885-4224-ae8b-55bec887364d,2026-03-10,TWR-003,150.67,42.74,34,13,0.74,3.7,-96,5G,TWR-003,9,1,0.15,48.8,97.67,24,0.73,0.77,0.75,35.41,0.96
1e6bf317-749e-46bd-b33f-11c1e25e8947,2025-10-23,TWR-004,56.26,13.83,12,18,0.19,2.6,-73,VoLTE,TWR-001,7,0.13,0.48,29.25,98.37,75,0.84,0.7,0.61,61.61,0.93
891df107-69d7-4021-9034-5d3c85352b18,2026-06-21,TWR-005,872.17,97.81,91,9,0.47,2.9,-68,5G,TWR-001,7,0.03,0.11,25.75,98.38,72,0.71,0.9,0.9,71.85,0.71
409bb6ff-0f97-429b-8046-b4516a9cc378,2025-10-15,TWR-005,92.59,12.3,55,11,0.23,4.2,-119,VoLTE,TWR-004,7,0.48,0.74,40.31,96.52,148,0.73,0.71,0.81,79.62,0.77
8d0ecfc2-98e9-4ffa-8acf-3cb0dd81163b,2026-05-24,TWR-004,142.1,77.48,43,18,1.91,2,-71,5G,TWR-001,5,0.29,0.27,21,98.77,48,0.71,0.85,0.62,72.39,0.97
b6781569-5183-4c36-9b03-1ecd9e5245a5,2025-08-19,TWR-005,23.47,16.08,32,13,0.53,1.2,-73,VoLTE,TWR-003,7,0.3,0.29,86.87,98.28,131,0.71,0.79,0.69,36.22,0.99
2b3c546b-5973-4d85-a1ca-0e73af13a259,2026-02-18,TWR-002,187.86,30.89,23,20,0.79,1.6,-119,5G,TWR-004,8,0.11,0.4,35.81,98.06,116,0.9,0.94,0.73,47.33,0.72
3a9f7c91-4da4-4360-9995-4474a64e4527,2025-09-06,TWR-001,92.65,18.35,15,3,0.99,0.1,-98,VoLTE,TWR-001,8,0.25,0.13,31.98,95.43,73,0.84,0.96,0.57,66.79,0.76
7e9f5bbf-3418-4fd5-b602-9860da987173,2026-02-25,TWR-005,33.9,15.1,18,13,1.37,0.2,-63,4G,TWR-001,6,0.57,0.78,59.79,97.56,95,0.86,0.73,0.71,57.69,0.87
633c167c-f999-4a53-8fe2-0636afa8f298,2026-02-07,TWR-004,30.2,9.44,77,16,0.96,2.6,-78,4G,TWR-002,9,0.47,0.58,64.62,95.32,48,0.81,0.69,0.67,84.94,0.82
3b7ff0fc-7628-4271-b819-6081d21ee0a4,2025-12-31,TWR-005,82.07,5.96,80,20,0.41,2.3,-62,VoLTE,TWR-001,10,0.85,0.77,76.24,98.43,108,0.92,0.98,0.72,32.71,0.87
5efee071-3f20-462e-8d28-bd2b260ed40b,2026-02-16,TWR-005,45.59,12.1,39,4,0.85,2.5,-62,4G,TWR-004,10,0.22,0.84,84.49,96.22,70,0.97,0.79,0.63,56.04,0.78
3284cc91-09ec-4e39-88cd-5055bf050e81,2025-09-18,TWR-002,62.29,8.67,93,5,0.28,4.5,-90,4G,TWR-003,8,1,0.13,46.64,96.74,85,0.89,0.98,0.77,69.88,0.79
19eb96ed-c600-4b06-9f3b-703f0bbab459,2025-09-08,TWR-005,65.54,5.27,31,9,1.74,3.4,-65,4G,TWR-001,4,0.6,0.78,36.76,98.44,34,0.94,0.78,0.87,30.22,0.87
639f46f3-71ec-48bd-bd76-6e8731ece2ef,2026-01-26,TWR-001,672.3,40.53,31,6,0.76,1.5,-86,5G,TWR-005,6,0.79,0.5,81.96,96,101,0.85,0.98,0.63,66.41,0.74
6e9e0bfa-9ea0-4402-872f-eb4d99905525,2026-02-20,TWR-005,69.9,7.27,38,18,1.67,1,-94,VoLTE,TWR-001,3,0.14,0.22,92.77,97.35,97,0.77,0.83,0.98,48.99,0.9
8e2135fa-fbdd-4dc0-896f-ba1f8dea47e4,2026-02-11,TWR-002,69.78,10.62,86,14,0.37,0.3,-97,VoLTE,TWR-001,5,0.48,0.28,44.28,95.01,32,0.83,0.86,0.88,61.38,0.87
7df86bde-e43a-4fa5-9d67-8c174a0fa147,2026-07-03,TWR-004,129,28.95,92,14,0.89,2.1,-64,5G,TWR-002,3,0.62,0.11,27.43,97.8,64,0.85,0.89,0.52,31.44,0.81
e5862627-7635-420f-9d95-a8029c147bb6,2025-08-01,TWR-005,35.83,10.04,62,15,0.2,4.8,-91,4G,TWR-003,7,0.41,0.2,74.4,95.38,42,0.77,0.76,0.98,86.66,0.77
d17115cf-1ddd-4b00-967a-5242d253f63d,2025-12-13,TWR-002,10.92,10.69,96,5,1.21,4.6,-105,4G,TWR-001,0,0.64,0.61,29.11,97.56,128,0.97,0.89,0.85,48.09,0.78
001cd3ff-014c-4068-8962-acc08f3e002c,2026-02-22,TWR-005,89.48,19.44,34,9,0.86,4,-105,4G,TWR-005,9,0.86,0.6,30.16,99.2,52,0.76,0.95,0.95,67.44,0.89
5ed458c7-f004-4c8c-af16-3daffd456879,2026-06-16,TWR-003,45.68,7.55,37,16,1.77,4.4,-109,4G,TWR-004,5,0.55,0.13,67.76,97.94,123,0.73,0.87,0.7,62.04,0.74
f0d8cda3-0d44-44d4-aeca-ba59de564f45,2025-10-04,TWR-004,33.91,5.72,23,14,0.8,3.1,-110,VoLTE,TWR-005,7,0.48,0.62,40.22,99.06,42,0.95,0.98,0.69,85.2,0.92
6c47bd94-96bb-4daf-95c5-92fa8f9079e1,2025-11-04,TWR-005,28.25,11.82,44,5,0.47,2.1,-72,4G,TWR-003,10,0.38,0.49,55.05,96.15,136,0.81,0.65,0.75,36.45,0.75
1770f17b-84bc-4e50-b4c7-618241a1ca26,2026-03-26,TWR-004,58.11,7.12,30,12,1.06,2.4,-101,VoLTE,TWR-004,6,0.18,0.29,23.27,99.65,119,0.84,0.87,0.91,78.57,0.81
2bdbdc03-e8dc-40ed-87ca-dd26403696c1,2026-01-12,TWR-003,183.84,56.97,15,12,0.56,4.3,-100,5G,TWR-002,8,0.09,0.67,39.89,95.97,97,0.85,0.89,0.83,89.96,0.9
5a8d364d-b7b6-4d62-af98-dff89fad6373,2026-07-10,TWR-002,28.39,16.08,39,14,0.01,4.9,-106,VoLTE,TWR-002,7,0.97,0.18,28.86,99.11,61,0.95,0.99,0.77,86.53,0.83
2f5386ff-addd-40c0-be86-de5041a12cf6,2025-10-20,TWR-005,50.74,11.62,68,12,1.47,3.2,-97,4G,TWR-003,1,0.93,0.45,43.56,96.66,136,0.84,0.62,0.6,66.6,0.97
10024b58-5f4d-4bee-95d6-4bb7208093c5,2025-08-04,TWR-003,84.74,5.26,82,18,1.33,3.6,-117,4G,TWR-004,10,0.08,0.86,44.85,97.44,118,0.88,0.87,0.91,40.63,0.77
a6bf1f7b-2807-44b6-b1ae-ea2b53b9a359,2025-11-07,TWR-001,88.04,16.48,85,20,1.83,0.7,-74,VoLTE,TWR-002,0,0.28,0.2,65.43,96.83,64,0.76,0.74,0.88,86.19,0.87
0ae57e25-9336-4071-a932-bdcf05ffc223,2026-04-26,TWR-004,51.34,18.25,94,15,0.26,4.6,-102,VoLTE,TWR-001,9,0.22,0.45,38.59,95.54,117,0.76,0.94,0.58,41.27,0.76
2140c4d1-247f-47ec-93c6-23f89831c188,2026-02-10,TWR-003,44.52,16.15,45,15,1.35,3.8,-95,VoLTE,TWR-002,8,0.85,0.79,24.28,97.17,110,0.86,0.71,0.91,56.6,0.82
9f8b60c4-c4a8-4295-9c10-57a3efe5a9b3,2026-01-19,TWR-002,534.93,68.84,91,7,1.07,4.5,-109,5G,TWR-004,6,0.09,0.57,80.99,98.7,51,0.71,0.69,0.51,78.38,0.8
c74ab7b2-17d3-4a53-b7a9-aa61e53a4a53,2025-10-22,TWR-002,59.74,7.05,45,9,0.14,4.7,-64,VoLTE,TWR-005,7,0.81,0.5,92.22,98.53,77,0.85,0.8,0.61,63.33,0.91
e937084b-aca0-41bf-9392-720600734f08,2026-04-17,TWR-001,96.01,9.57,89,9,0.93,2.7,-75,VoLTE,TWR-001,8,0.5,0.3,45.63,98.83,136,0.74,0.96,0.63,39.01,0.94
310e7cc2-aead-4a5f-befc-428608b18092,2025-12-22,TWR-003,69.98,14.43,91,10,1.08,3.2,-120,4G,TWR-001,10,0.29,0.24,32.39,99.38,28,0.85,0.67,0.58,43.14,0.82
80895e43-8c8a-4326-973f-cdf0b0c62129,2026-02-27,TWR-004,35.46,15.92,37,17,0.28,2.5,-114,VoLTE,TWR-004,3,0.5,0.83,50.43,97.49,81,0.82,0.82,0.93,78.66,0.82
5cfe5f8f-b105-458f-b0be-49c2ed431bf3,2025-12-05,TWR-001,80.53,13.31,40,9,0.6,2.9,-84,4G,TWR-002,3,0.61,0.76,25.69,98.98,37,0.84,0.73,0.61,82.25,0.92
365e2ed6-9599-4eb1-b2a3-75076bf762bc,2026-03-11,TWR-005,31.18,17.15,15,20,1.84,4.2,-66,VoLTE,TWR-004,4,0.85,0.48,25.66,96.57,65,0.94,0.66,0.82,76.44,0.79
3cd753d6-e131-445b-b4cb-599801c5cc0c,2025-09-16,TWR-001,74.75,11.42,38,16,0.05,2,-65,VoLTE,TWR-002,1,0.37,0.67,65.43,96.13,129,0.94,0.86,0.66,73.93,0.76
a8c85cb7-b2d3-43d4-9f95-17b027580887,2025-08-10,TWR-003,300.52,68.92,14,16,1.25,3.7,-88,5G,TWR-002,3,0.81,0.88,37.4,97.46,31,0.99,0.61,0.53,31.41,0.85
119512a3-40d5-4ffa-ab84-310f5ee28c6e,2025-08-12,TWR-002,23.37,8.44,52,15,1.73,3.9,-108,4G,TWR-005,1,0.1,0.18,57.74,98.67,111,0.71,0.82,0.54,48.35,0.87
1d62b683-5f94-44b8-9f8c-16f5644b37f2,2025-11-26,TWR-003,56.53,14.7,12,13,1.6,3,-117,4G,TWR-001,7,0.11,0.87,44.09,98.63,75,0.98,0.94,0.6,83.38,0.79
0fe9119c-e9b3-4c3c-9b5b-d160f240c0a8,2026-04-08,TWR-004,35.26,19.63,35,3,0.57,0.8,-113,VoLTE,TWR-001,0,0.08,0.17,79.27,98.97,87,0.94,0.93,0.68,89.41,0.91
bfca173d-d20f-497a-a6d3-f443cd98d5c6,2025-12-02,TWR-001,35.23,9.04,21,3,0.28,1.6,-73,VoLTE,TWR-003,10,0.42,0.32,59.4,96.42,134,0.77,0.97,0.92,46.44,0.9
a15ecc71-5fd2-4614-979b-f58a2a545b2a,2026-01-28,TWR-004,48.57,5.18,57,5,0.69,0.1,-97,VoLTE,TWR-005,5,0.27,0.16,32.97,98.22,128,0.8,0.75,0.73,86.51,0.93
5f625a21-bba0-4653-a9cd-3b425bf95c54,2026-06-02,TWR-005,72.93,7.76,73,15,1.4,0.8,-84,VoLTE,TWR-005,8,0.74,0.55,46.93,96.69,61,0.77,0.88,0.67,66.73,0.85
0045aa7a-ec8d-4fd9-a379-7715f568f60c,2026-03-20,TWR-001,14.52,12.86,86,5,1.53,4.4,-89,VoLTE,TWR-002,1,0.17,0.75,26.8,96.09,146,0.88,0.71,0.81,81.39,0.99
2bacd95a-b5b0-498c-91be-a945a36dcdb1,2026-06-09,TWR-002,64.4,11.68,20,3,0.24,4.7,-112,4G,TWR-001,9,0.05,0.12,86.49,96.5,141,0.97,0.66,0.53,80.1,0.81
26e6224d-7b8d-4777-ad1d-f463cd7ee7d8,2026-06-12,TWR-001,77.54,13.59,10,3,0.83,4.8,-113,VoLTE,TWR-002,10,0.07,0.22,46.99,99.22,45,0.73,0.91,0.87,74.89,0.99
c8c05b97-5e11-4392-a13d-f1ceaf19a7b3,2025-10-12,TWR-003,55.02,14.68,64,11,0.63,3,-113,4G,TWR-004,4,0.5,0.57,90.3,95.07,92,0.74,0.65,0.92,74.45,0.89
fc91871e-d522-440f-8fe0-954daea23036,2026-04-23,TWR-003,55.78,15.12,31,18,1.94,1.3,-117,4G,TWR-005,5,0.48,0.12,76.89,99.69,45,0.93,0.99,0.88,88.45,0.73
5eb0c435-b2a3-46cd-8a98-3ed665f2fecc,2025-07-28,TWR-004,90.34,12.41,49,15,0.09,0.6,-89,VoLTE,TWR-003,10,0.22,0.31,88.21,96.46,118,0.85,0.75,0.55,77.95,0.93
c27074be-f2e0-428d-8b3f-21f6072bed93,2026-05-17,TWR-004,828.51,56.32,22,19,1.47,2.7,-62,5G,TWR-003,4,0.58,0.86,83.12,97.86,67,0.82,0.88,0.52,89.07,0.96
c69eecb0-aeab-4bc4-9bf1-ea71ea72e5ac,2025-08-31,TWR-005,18.01,11.03,63,17,0.46,0.4,-103,VoLTE,TWR-001,0,0.69,0.88,22.25,99.69,134,0.93,0.69,0.99,72.96,0.93
c6bc0276-5539-4c63-aa17-8e68bbefdda3,2026-05-09,TWR-002,61.03,14.12,46,17,1.09,3.3,-76,VoLTE,TWR-005,6,0.76,0.22,48.73,96.5,68,0.87,0.77,0.77,40.81,0.88
2a3f79df-8203-4a8c-9fc8-3515680bdfc8,2026-06-30,TWR-005,64.12,7.17,100,20,0.99,3.7,-79,VoLTE,TWR-004,7,0.72,0.45,30.54,97.74,39,0.79,0.76,0.91,32.96,0.84
c47d4b02-f0b5-4fda-868d-212fb493fba3,2025-11-03,TWR-005,82.25,16.66,39,17,1.39,1.9,-91,VoLTE,TWR-002,6,0.55,0.87,58.36,96.84,68,0.9,0.72,0.85,86.06,0.86
0facde61-c032-4ffb-870b-d62d9cf9d443,2026-05-02,TWR-002,734.54,42.54,68,2,1.72,3.7,-93,5G,TWR-001,8,0.77,0.28,52.69,97.1,23,0.71,0.74,0.86,76.12,0.89
f9187ad1-b37f-4298-9c11-65362b748335,2025-12-03,TWR-005,32.8,17.54,71,2,0.03,3.2,-105,VoLTE,TWR-005,4,0.8,0.86,69.29,98.77,141,0.9,0.66,0.52,78.96,0.95
ddf787b8-9c3d-46d4-b7f6-a69f0ff975b3,2025-10-28,TWR-002,26.49,15.74,71,19,0.67,2,-95,VoLTE,TWR-002,0,0.56,0.37,57.35,97.44,70,0.75,0.61,0.93,55.95,0.7
b1f9e648-4b12-49a6-bc51-392ad7e33a3d,2026-07-18,TWR-005,849.18,48.06,74,15,0.56,2,-82,5G,TWR-002,3,0.93,0.89,33.75,96.71,133,0.72,0.88,0.66,53.11,0.77
f14784d3-2789-49f7-bbb6-55fe22a56521,2025-10-15,TWR-001,94.33,15.15,73,14,0.36,3.6,-85,4G,TWR-005,2,0.38,0.84,53.86,99.42,142,0.74,0.76,0.86,54.33,0.97
ae690a54-c6fb-4c1c-ba99-3d316649e290,2025-11-13,TWR-005,689.83,83.46,76,19,0.56,1.4,-62,5G,TWR-001,7,0.63,0.7,64.51,95.68,146,0.95,0.62,0.99,73.41,0.9
a1315960-d3fe-4fdb-b172-39aa42ac7e5e,2026-02-06,TWR-001,63.24,17.02,96,19,1.96,1.6,-96,VoLTE,TWR-002,1,0.97,0.42,37.26,96.96,50,0.99,0.92,0.6,48.42,0.78
9f44774e-eef8-4498-b972-0b624c60fabc,2025-09-25,TWR-004,54.63,19.34,21,18,1.69,1.5,-82,VoLTE,TWR-004,2,0.13,0.9,38.37,98.38,70,0.83,0.9,0.97,48.54,0.8
8f166f12-30d7-4314-90df-9dbe73abb9ae,2025-09-11,TWR-002,57.26,9.37,39,11,1.63,1.8,-101,VoLTE,TWR-001,8,0.56,0.47,83.7,99.8,122,0.99,0.61,0.86,38.23,0.84
db5e8eab-7807-4127-a604-95b62c939a6c,2026-05-17,TWR-002,596.54,58.54,29,5,1.06,3.1,-87,5G,TWR-002,2,0.53,0.14,61.2,98.72,52,0.82,0.64,0.93,52.59,0.89
47add276-a52b-41ab-aa4e-3f616ca266f2,2025-10-22,TWR-002,203.91,42.65,83,14,0.76,3,-81,5G,TWR-001,5,0.41,0.47,80.99,95.12,94,1,0.75,0.6,34.74,0.72
69caf76d-63cd-4a65-ba1a-400de11a14ba,2026-03-01,TWR-003,34.77,12.31,23,16,0.7,3.7,-92,VoLTE,TWR-005,3,0.29,0.68,59.98,98.86,116,0.91,0.65,0.63,30.05,0.81
200dc101-c863-4186-a225-a26a267dcd66,2026-02-16,TWR-002,67.25,15.83,20,13,1.27,2.9,-83,VoLTE,TWR-005,1,0.71,0.45,52.22,96.17,86,0.97,0.65,0.76,51.91,0.9
6ad6f88e-2b84-4b9a-a28a-10925e44bcfb,2026-01-25,TWR-005,76.84,19.76,87,9,0.93,0.4,-68,VoLTE,TWR-004,9,0.61,0.59,70.08,96.79,80,0.71,0.68,0.59,48.4,0.86
19f6d8a5-5b0a-42da-a1c2-45681bc5d506,2025-10-20,TWR-002,74.8,9.25,25,7,0.93,3.1,-111,VoLTE,TWR-003,9,0.39,0.43,76.6,97.39,56,0.7,0.71,0.79,87.9,0.88
e6209abe-8a61-4936-bd9d-4a4707022c88,2026-06-25,TWR-002,579.28,69.83,52,2,1.09,0.7,-101,5G,TWR-001,3,0.77,0.72,54.9,96.54,37,0.82,0.94,0.75,88.83,0.85
02d1b760-f16f-4e05-b9f9-cf1715da07d6,2025-12-31,TWR-005,50.31,10.72,59,7,1.94,0.7,-117,4G,TWR-001,3,0.92,0.75,30.07,95.23,110,0.89,0.91,0.79,58.34,0.99
1d19edb7-7681-4adc-8961-1709e11b9da3,2026-07-04,TWR-003,65.4,13.29,42,8,0.67,5,-82,VoLTE,TWR-003,7,0.64,0.59,21.9,98.35,121,0.88,0.91,0.91,67.18,0.88
442dbd64-6b5c-4034-b3b4-4a2925692b50,2025-10-17,TWR-005,34.22,7.23,17,19,1.05,3.5,-92,4G,TWR-004,8,0.2,0.12,32.48,95.25,91,0.93,0.77,0.54,78.4,0.71
8cd2b216-7804-4924-ad5b-d23c35f4b8a8,2026-02-26,TWR-001,64.86,7.77,47,3,1.41,2.5,-88,4G,TWR-004,4,0.15,0.78,35.57,95.13,145,0.78,0.8,0.55,50.15,0.86
bbbb6d1c-d1f2-4b6f-9c32-f7acce84e6eb,2026-05-30,TWR-003,14.26,12.03,32,5,1.39,3,-79,VoLTE,TWR-004,1,0.59,0.51,20.41,99.63,75,0.98,0.87,0.74,89.13,0.96
e23650f3-55ca-406f-8fd6-998163e35bc5,2025-09-11,TWR-004,21.87,17.8,39,12,1.37,1.7,-102,4G,TWR-001,1,0.24,0.72,84.76,96.64,132,0.71,0.92,0.9,71.93,0.82
d3cdb273-f765-4cd3-9985-2c3257a7ba72,2026-01-23,TWR-004,72.42,5.39,70,4,1.64,4,-118,VoLTE,TWR-005,7,0.11,0.81,79.08,98.38,142,0.81,0.68,0.69,84.59,0.77
c3dc7a52-a4fe-4b54-aad9-f77732b1b84e,2025-08-05,TWR-003,12.86,13.58,80,14,1.79,1.3,-72,VoLTE,TWR-002,2,0.77,0.64,72.55,96,83,0.76,0.76,0.73,30.26,0.72
86a5bb10-df1d-4ae7-bffc-df7918a39ea7,2026-06-19,TWR-001,47.38,11.97,69,16,0.65,2.8,-101,VoLTE,TWR-001,5,0.93,0.15,53.35,99.64,56,0.77,0.87,0.56,34.01,0.8
746dc81a-76c8-43cd-8b30-2721ec874b81,2025-10-17,TWR-002,771.19,46.41,72,15,1.43,4.1,-89,5G,TWR-002,8,0.71,0.31,69.64,98.89,104,0.84,0.73,0.95,71.83,0.86
1f6c02e0-d262-4bc0-ac78-3a8f1978a4f4,2026-01-08,TWR-002,26.6,8.02,77,5,0.53,1.2,-116,VoLTE,TWR-003,2,0.45,0.28,75.6,96.2,27,0.93,0.64,0.95,40.59,0.86
afee8384-db98-48fc-b4c9-8ca4cc9f6bfd,2026-01-19,TWR-003,820.29,20.68,17,14,0.65,1.1,-73,5G,TWR-003,8,0.38,0.68,32.63,99.33,84,0.83,0.89,0.61,41.55,0.83
721e15b7-ad85-49dc-bf9c-5552dfe50216,2025-11-06,TWR-002,38.02,10.78,91,1,0.94,1.4,-72,4G,TWR-003,7,0.23,0.33,54.35,95.24,135,0.85,0.83,0.78,73.09,0.86
02c0749d-1383-49f0-933c-50b3d640cdb6,2026-06-22,TWR-005,32.65,10.63,90,2,0.88,1.1,-118,4G,TWR-002,4,0.31,0.66,24.02,96.01,110,0.91,0.98,0.58,50.05,0.75
84fb916c-f3be-4ee2-a81b-8c49e145d36c,2025-08-13,TWR-002,16.76,15.49,50,9,0.39,4.9,-92,VoLTE,TWR-004,2,0.85,0.42,66.91,95.94,62,0.73,0.83,0.92,74.81,0.92
f63077c6-9357-45fc-9b55-d3984b6acce5,2025-08-07,TWR-002,885.88,27.71,51,14,0.63,3.7,-85,5G,TWR-005,5,0.89,0.4,83.3,95.25,57,0.85,0.85,0.54,48.31,0.89
72f280bc-c1ce-4512-a009-8949ce943777,2025-09-04,TWR-002,56.58,19.95,40,4,1.54,0.5,-64,VoLTE,TWR-001,5,0.38,0.12,52,96.06,127,0.98,0.84,0.82,67.57,0.71
40037b2d-f4d9-4a24-9b25-cdfa9de96987,2025-08-11,TWR-002,893.07,65.98,40,8,1.35,1.4,-63,5G,TWR-002,4,0.52,0.2,83.04,99.22,63,0.93,0.64,0.9,39.12,0.74
d08f8138-42f4-4ee8-b06c-c79cb0d3ae44,2025-12-31,TWR-001,48.18,17.7,43,6,0.81,3.8,-67,VoLTE,TWR-003,4,0.61,0.85,26.32,99.06,72,0.81,0.65,0.51,82.89,0.79
bdd3b357-c650-4d8a-b235-f1a1206f21bd,2025-09-21,TWR-003,391.51,86.87,48,17,0.92,4.6,-79,5G,TWR-001,5,0.17,0.14,26.18,98.81,27,0.98,0.83,0.9,58.43,0.85
70683f17-5afd-4a94-a97a-b4d40cb581e4,2025-07-28,TWR-003,83.68,15.46,85,10,0.91,2.2,-79,4G,TWR-004,6,0.79,0.89,26.41,95.3,119,0.77,0.96,0.67,58.03,0.88
de5ad923-92bd-4b6a-8038-6c648f7b6577,2026-03-11,TWR-004,46.17,10.01,96,13,0.27,3.8,-106,VoLTE,TWR-004,8,0.87,0.14,76.69,98.74,105,0.86,0.66,0.51,84.42,0.72
1f0cf265-24b0-4181-9bdd-34867550b1ec,2026-05-18,TWR-001,597.49,28.01,31,18,0.35,0.2,-67,5G,TWR-005,3,0.47,0.17,86.87,96.13,87,0.93,0.62,0.76,81.85,0.82
bb35834b-2261-4a86-a286-1b4d4cdac94f,2025-09-09,TWR-002,341.75,40.51,79,10,1.83,2.3,-100,5G,TWR-004,2,0.08,0.79,26.88,97.15,115,0.87,0.75,0.97,85.27,0.95
413ba06e-bfb9-4d28-bce4-4169c7130444,2026-02-05,TWR-001,68.79,9.13,59,7,1.61,1,-112,VoLTE,TWR-005,3,0.57,0.14,26.85,97.78,31,0.84,0.84,0.56,34.58,0.84
c14ef6ef-e579-432d-a4c6-717b888c8539,2026-04-29,TWR-003,111.82,24.91,41,15,0.36,0.5,-104,5G,TWR-004,0,0.85,0.12,85.5,97.66,38,0.71,0.87,0.69,79.54,0.94
35932c44-9ac0-4e8f-8288-e2d82d64578d,2026-02-18,TWR-001,37.87,14.4,69,11,1.69,1,-60,4G,TWR-002,7,0.9,0.41,73.37,97.98,137,0.74,0.64,0.92,59.79,0.94
66d4d7ea-b957-4e53-9686-4f4216a46d3d,2025-10-03,TWR-005,67.52,12,79,6,0.77,0.1,-93,4G,TWR-003,0,0.11,0.6,35.46,95.1,51,0.85,0.91,0.77,66.88,0.92
9ecc1a6c-94ef-40af-bd75-f7ba3d80221e,2025-10-07,TWR-004,36.33,9.23,72,19,0.86,3.1,-115,4G,TWR-005,6,0.54,0.71,25.85,99.19,40,0.98,0.85,0.89,39.19,0.92
a1c8eacf-74f4-4374-a171-b9750075855a,2025-10-27,TWR-004,63.3,18.08,10,16,0.07,3.7,-65,VoLTE,TWR-001,7,0.43,0.73,43.43,99.61,126,0.82,0.68,0.98,36.31,1
c45e92ca-b58f-42a7-8614-774a9018616e,2026-02-28,TWR-001,57.9,14.82,46,6,0.55,3.3,-109,VoLTE,TWR-004,4,0.1,0.81,42.69,96.97,113,0.7,0.91,0.84,75.16,0.77
e9e3c255-9bcd-4e6b-a090-4e23eee5b0ca,2026-07-07,TWR-003,43.89,19.85,81,14,1.23,2,-91,4G,TWR-005,4,0.03,0.75,59.42,97.2,29,0.73,0.76,0.79,34.33,0.94
e23d81f2-5089-4e39-971d-0c57c0a22bb5,2026-03-13,TWR-001,59.72,17.34,56,16,0.79,0.4,-61,4G,TWR-003,4,0.88,0.58,24.22,95.88,100,0.85,0.79,0.81,80.65,0.78
d0f9988a-bd61-41bd-94e2-d42d93b490be,2025-10-30,TWR-003,49.11,18.78,11,11,1.66,0.5,-103,VoLTE,TWR-005,5,0.63,0.68,41.04,96.82,138,0.8,0.61,0.88,42.06,0.72
32aec0d9-ab24-49b7-a095-f30f5e4ce780,2025-11-09,TWR-005,353.86,36.98,31,6,1.81,4.3,-71,5G,TWR-002,1,0.71,0.82,21.44,97.98,41,0.9,0.76,0.65,35.32,0.71
ee2e3ce3-3614-4bd9-a0f7-d01601dbccee,2025-09-14,TWR-005,27.86,7.16,33,5,1.87,0.8,-107,VoLTE,TWR-005,6,0.93,0.43,92.99,98.83,83,0.88,0.68,0.69,43.74,0.82
969f5320-d73d-46d2-8368-650a494ed13e,2026-06-18,TWR-001,22.88,16.58,22,2,0.83,1,-89,VoLTE,TWR-001,6,0.84,0.2,62.53,99.11,109,0.89,0.64,0.53,85.41,0.86
be30d241-9f4e-4817-98ae-abd523cf7389,2025-11-15,TWR-004,15.87,13.08,28,16,0.04,2.5,-111,4G,TWR-001,3,0.99,0.31,87.58,96.53,26,0.89,0.71,0.58,80.53,0.72
9d420e75-fd63-4875-a06b-acb626866d86,2026-02-09,TWR-001,19.38,14.24,44,15,0.48,0.6,-84,4G,TWR-004,4,0.82,0.64,24.29,99.74,109,0.7,0.69,0.73,84.18,0.98
5c72aeb0-63c6-40a0-8d4a-680ae962cfd3,2026-03-11,TWR-004,23.92,18.79,100,10,1.84,3.6,-106,VoLTE,TWR-003,4,0.62,0.47,48.52,98.16,82,0.86,0.78,0.99,68.45,0.8
08295606-ed6b-4193-8615-03ce8e5e6e38,2026-05-23,TWR-002,44.6,15.71,27,19,1.04,2.4,-108,VoLTE,TWR-002,4,0.44,0.55,31.35,98.9,75,0.87,0.75,0.55,62.19,0.83
9a76b132-dba4-4f3b-877c-6ce4f94dce37,2025-10-30,TWR-002,712.56,95.11,39,4,0.3,0.9,-104,5G,TWR-002,9,1,0.73,23.55,99.81,63,1,0.88,0.69,83.69,0.9
d60caa39-78fb-4964-9f6c-787e7ef6bbe3,2025-12-31,TWR-002,13.58,15.05,16,2,0.73,4.9,-71,4G,TWR-003,3,0.57,0.2,31.93,96.79,91,1,0.66,0.91,41.64,0.96
bf654e4b-ecbd-4e6a-9e0d-c8a6771099d3,2026-02-13,TWR-005,46.13,10.36,25,19,0.69,1.2,-64,VoLTE,TWR-003,0,0.76,0.73,78.23,99.2,110,0.72,1,0.83,30.14,0.81
49911fb9-b1b7-40cc-92fc-16a616ecd815,2025-07-31,TWR-002,44.03,14.42,39,7,1.1,1.2,-80,4G,TWR-005,5,0.2,0.81,91.53,98.13,95,0.9,0.94,1,73.65,0.91
f1d1269e-79b9-487c-a123-d9fe802b8c85,2026-05-15,TWR-001,31.97,8.9,26,11,0.14,0.8,-106,VoLTE,TWR-004,4,0.89,0.84,62.64,96.58,43,0.86,0.77,0.98,82.25,0.81
8c61d16c-27bd-453a-b5ba-dde526e442cf,2026-06-02,TWR-001,66.53,14.47,73,11,1.89,4.7,-94,4G,TWR-004,0,0.89,0.35,40.22,96.29,96,0.96,0.65,0.99,36.17,0.72
34e2e32e-4c62-4939-b2b3-40f34636f8f7,2026-02-01,TWR-001,37.41,19.76,72,6,1.03,0.4,-62,VoLTE,TWR-005,3,0.25,0.27,24.84,99.85,146,0.77,0.75,0.79,83.13,0.86
d4a0c269-8701-453a-8c67-549440f03dce,2025-08-14,TWR-001,43.54,7.26,81,6,1.63,2,-101,4G,TWR-003,1,0.36,0.5,93.85,98.34,140,0.83,0.63,0.76,42.47,0.8
2cfb4e82-7286-4e30-9cc0-0857ca64c2be,2026-03-23,TWR-004,12.17,18.4,86,2,0.51,3.6,-99,VoLTE,TWR-005,7,0.71,0.38,75.68,99.42,49,0.73,0.83,0.58,83.73,0.78
a45460e8-30f6-4684-a91d-c2247de54e78,2026-02-27,TWR-001,91.82,12.49,72,19,1.4,0.8,-66,VoLTE,TWR-005,3,0.33,0.55,29.84,99.57,66,0.78,0.67,0.91,80.86,0.87
76dd387b-4800-487e-882f-69ce2f3aada5,2025-10-13,TWR-001,60.53,13.29,64,15,1.07,4.5,-82,VoLTE,TWR-001,5,0.21,0.32,35.8,96.98,46,0.74,0.86,0.85,46.25,0.75
a051e63c-c776-4343-aa17-8f3c4de11700,2025-08-24,TWR-002,880.8,84.27,50,7,1.07,1.7,-85,5G,TWR-003,8,0.53,0.83,90.27,96.51,33,0.7,0.73,0.74,55.9,0.86
de2eb360-11f1-4c70-b8b3-fabeef7e1974,2026-07-21,TWR-004,497.48,62,22,5,1.56,4.6,-105,5G,TWR-002,3,0.41,0.46,58.91,98.36,94,0.95,0.95,0.66,48.95,0.87
02b3b665-9e5a-431e-a5f0-77c799ce7305,2025-11-19,TWR-003,70.42,17.61,77,2,1.09,2.7,-118,4G,TWR-004,6,0.69,0.22,25.26,96.55,66,0.75,0.94,0.98,77.02,0.91
36a0cb28-3a15-42d6-bd3b-732abc7ab117,2025-10-28,TWR-004,78.01,9.64,79,17,1.58,2.9,-91,VoLTE,TWR-002,4,0.22,0.27,46.62,96.87,145,0.91,0.91,0.55,58.32,0.8
dd0cdf7a-969a-4d13-a1f5-791c885d5253,2026-05-09,TWR-002,49.06,7.03,60,17,1.03,2.9,-96,4G,TWR-001,5,0.13,0.4,88.1,96.98,120,0.83,0.85,0.88,31.69,0.79
af0c3aae-e89c-433d-bc57-c0a2577bdaf8,2025-12-28,TWR-005,74.75,8.87,92,13,1.38,1,-65,VoLTE,TWR-004,5,0.06,0.35,45.46,96.64,64,0.95,0.87,0.65,55.02,0.99
5287d32a-c001-42e1-8065-bec4d42ea62f,2025-10-15,TWR-003,94.54,6.79,16,12,1.21,2.8,-74,VoLTE,TWR-005,4,0.83,0.74,49.63,99.56,34,0.78,0.78,0.99,72.47,0.98
4832c5e1-4550-4576-a57e-6972024e9937,2025-09-05,TWR-002,487.54,44.78,32,20,0.29,3.2,-99,5G,TWR-004,4,0.14,0.36,31.48,97.52,74,0.72,0.73,0.69,37.32,0.73
03e236e2-b29b-44c5-aa8b-049c49cdffd1,2025-10-11,TWR-004,50.49,10.41,53,19,0.02,2.8,-69,VoLTE,TWR-003,3,0.16,0.18,81.1,95.8,89,0.7,0.97,0.75,87.17,0.96
7203b58a-0aa7-4998-89d8-6c3b4f6d2604,2026-07-14,TWR-003,574.38,47.68,79,13,0.23,3.9,-94,5G,TWR-003,7,0.67,0.64,93.14,97.33,101,0.85,0.67,0.52,89.34,0.7
2253df19-8db0-4d96-b3af-d04f75835f99,2025-08-03,TWR-002,81.14,17.79,95,5,0.13,1.3,-91,VoLTE,TWR-002,4,0.83,0.61,58.85,99.88,76,0.74,0.7,0.86,52.9,0.76
768ce1d5-3822-46ac-807f-c634ac90eeff,2026-03-18,TWR-002,78.94,18.9,33,17,1.62,3.2,-116,4G,TWR-001,9,0.54,0.59,25.19,96.67,117,0.97,0.7,0.74,61.36,0.74
ba0d15c7-34e1-4369-9d31-a26d0a5a83b9,2026-05-27,TWR-001,80.12,9.33,33,11,0.65,0.9,-96,VoLTE,TWR-004,8,0.76,0.13,33.71,98.11,97,0.81,0.96,0.63,78.11,0.91
c3bfb41b-b1ed-4626-9758-c8dcc4325def,2025-11-13,TWR-002,874.96,80.96,54,12,0.08,4.3,-100,5G,TWR-003,7,0.82,0.68,54.79,98.66,119,0.74,0.95,0.51,86.9,0.99
8ff5c733-41d0-4804-a954-7bf801720144,2025-11-17,TWR-002,737.67,48.51,37,16,0.97,2.6,-110,5G,TWR-002,9,0.02,0.56,60.84,99.35,23,0.88,0.88,0.87,39.13,0.77
abdaa90f-53aa-4f53-a2ff-831525420968,2026-07-07,TWR-003,474.74,53.12,72,14,0.51,4.9,-113,5G,TWR-003,9,0.57,0.73,55.73,95.19,106,0.91,0.92,0.97,45.34,0.78
eb9f997a-eaad-4e2e-b3f6-edb966acae33,2026-01-22,TWR-003,19.09,19.99,80,4,0.06,0.1,-67,VoLTE,TWR-002,5,0.4,0.69,82.09,95.38,120,0.92,0.81,0.71,76.54,0.8
366be423-9599-4b86-9a87-8c38ace263e3,2025-09-03,TWR-004,30.65,8.32,48,16,0.4,3.7,-102,VoLTE,TWR-004,5,0.98,0.12,42.55,96.41,92,0.93,0.98,0.59,54.53,0.75
37d6379b-883e-4f45-9b4f-16cab9fc0f9a,2025-09-09,TWR-003,29.86,16.46,25,3,0.36,2.6,-109,VoLTE,TWR-004,4,0.07,0.15,71.4,98.42,76,0.9,0.96,0.85,47.99,0.87
c78a33c4-df84-4c1d-bade-8f415d276f0f,2025-11-27,TWR-001,34.54,6.13,87,4,1.12,3.9,-109,VoLTE,TWR-003,4,0.37,0.6,92.04,97.32,111,0.98,0.79,0.69,82.06,0.81
016ab3c9-0e5d-46b4-b0b7-bae05457f3d2,2025-10-13,TWR-003,56.12,18.8,82,9,1.01,3.6,-79,VoLTE,TWR-001,6,0.69,0.17,67.64,99.78,147,0.8,0.73,0.7,83.95,0.72
a1daed5b-727e-4804-bd9a-588d053c989f,2025-08-13,TWR-005,26.05,5.45,16,5,0.89,3.4,-90,VoLTE,TWR-003,9,0.87,0.72,32.84,95.92,66,0.82,0.96,0.83,83.79,0.92
2e38b530-0d0d-4970-851b-e4ffdf44fc9f,2026-02-07,TWR-003,258.84,74.9,34,8,1.38,3.6,-96,5G,TWR-003,3,0.29,0.57,53.99,98.25,144,1,0.77,1,33.96,0.98
ed605d26-d174-40c1-86ec-6ded33925cdc,2025-10-28,TWR-001,70.03,18.82,29,8,1.81,1,-111,VoLTE,TWR-002,3,0.66,0.62,37.3,97.27,60,0.9,0.89,0.52,41.65,0.74
f4ff10e7-6872-4bd1-920a-59d06c8b8570,2025-07-26,TWR-002,66.57,17.85,25,7,1.35,4.5,-81,VoLTE,TWR-003,2,0.12,0.51,64.66,97.19,59,0.91,0.97,0.72,70.53,0.86
a99eb4a8-cdc2-4c8b-b429-8929c8e11937,2025-12-28,TWR-001,84.14,14.65,71,16,1.34,4.7,-81,4G,TWR-002,0,0.69,0.73,35.99,97.66,71,0.72,0.81,0.91,39.4,0.81
71e7c48e-a31e-4134-b3fb-f96fabcb29ba,2025-08-05,TWR-003,37.78,18.13,59,16,1.01,1.1,-86,4G,TWR-002,6,0.12,0.33,57.86,96.53,136,0.92,0.63,0.99,85.11,0.9
85066844-7008-4f10-be85-e71544d71b6a,2026-07-18,TWR-004,819.35,92.75,92,6,1.99,0.6,-105,5G,TWR-005,8,0.6,0.42,79.43,99.14,99,0.95,0.87,0.77,31.74,0.87
1d4f48ca-88a4-47cd-bb87-e51a49a2d644,2026-03-05,TWR-001,45.86,7.74,80,18,0.66,4.2,-81,4G,TWR-001,5,0.77,0.43,54.47,98.63,134,0.89,0.95,0.56,30.28,0.82
5fcad39f-a15d-4651-8791-22e918cf9c7d,2025-08-23,TWR-002,818.61,98.13,33,14,0.1,1.9,-75,5G,TWR-005,7,0.17,0.23,70.44,96.92,25,0.89,0.64,0.88,48.73,0.92
12ed9be1-b17b-4ea3-b109-093860510618,2026-03-19,TWR-001,15.79,8.4,77,6,0.83,2.4,-117,4G,TWR-004,6,0.9,0.16,68.9,95.15,143,0.72,0.74,0.81,68.72,0.86
4c2ae2b9-ded3-4923-ab9c-5dd785da9e61,2026-04-20,TWR-001,383.85,20.83,21,7,1.61,3.3,-80,5G,TWR-001,8,0.81,0.68,20.23,95.59,35,0.9,0.81,0.97,72.72,0.86
2f4754dc-3a53-46f5-a6f0-3f680bd55a09,2026-01-27,TWR-005,931.74,68.8,46,12,1.61,4.3,-111,5G,TWR-002,5,0.77,0.61,38.67,98.78,23,0.72,0.86,0.95,73.8,0.88
314a0f1f-6d16-4496-930f-16ced39570c5,2026-01-22,TWR-005,847.05,75.16,44,4,0.94,2.2,-73,5G,TWR-003,9,0.78,0.45,88.8,97.53,27,0.9,0.87,0.78,39.1,0.84
7302689d-4bc2-4f7a-af0e-985fe0460d71,2026-02-12,TWR-001,682.27,62.82,64,13,0.19,3.2,-110,5G,TWR-005,3,0.26,0.88,54.63,99.58,25,0.83,0.84,0.78,61.81,0.8
fcb0eadd-21d1-455c-8541-fc984d64ad1b,2026-04-23,TWR-004,80.67,17.43,50,15,1.91,0,-82,4G,TWR-001,1,0.5,0.42,45.66,96.2,127,0.72,0.97,0.69,66.41,0.74
faf51358-b774-450c-8189-b18c6c32f895,2025-07-28,TWR-003,352.23,32.13,14,18,0.41,3.6,-69,5G,TWR-004,10,0.59,0.81,72.67,97.86,85,0.87,0.64,0.99,64.66,0.73
269be7d6-a5e3-4170-acca-5fbec83fdc57,2025-08-12,TWR-005,47.64,19.28,26,7,1.6,3.4,-119,4G,TWR-003,6,0.41,0.52,64.71,99.51,88,0.95,0.66,0.75,43.52,0.95
3715f938-e852-42b8-95d2-26132994ac41,2026-02-17,TWR-002,86.26,10.67,60,11,1.82,3.8,-109,VoLTE,TWR-003,2,0.64,0.81,92.15,96.12,81,0.95,0.81,1,68.72,0.85
b9d5c480-2ef6-4c22-99fe-f53912cffd5e,2025-09-04,TWR-005,76,6.62,10,17,0.46,4.6,-101,VoLTE,TWR-004,7,0.96,0.66,47.58,95.29,74,0.91,0.73,0.83,33.82,0.72
031f1271-26fb-42c2-acdb-a86f6c8d7e91,2026-01-10,TWR-001,66.66,12.98,25,2,1.75,3.3,-86,4G,TWR-003,1,0.05,0.8,35.13,96.59,138,0.96,0.94,0.7,72.91,0.8
623c0e55-c5b9-48e8-ba2c-8417d824fe39,2026-01-06,TWR-004,21.89,17.68,22,4,1.13,1.8,-99,4G,TWR-005,8,0.06,0.47,83.22,96.95,50,0.86,0.76,0.92,89.69,0.82
44a6037f-d0e5-4303-8790-6f00e7de17ae,2025-07-26,TWR-005,354.43,76.77,13,4,0.43,1.2,-117,5G,TWR-001,2,0.71,0.4,45.38,98.61,148,0.94,0.68,0.63,62.5,0.81
9167a978-a53c-438d-9899-8f4970156e87,2026-01-30,TWR-001,52.68,9.81,17,2,1.47,3.2,-74,4G,TWR-004,8,0.37,0.44,60.64,98.93,64,0.98,0.8,0.52,89.37,0.82
c7f41535-f41c-4e73-8f9b-c9e23b238669,2025-09-15,TWR-005,608.88,23.81,90,10,0.13,3.4,-74,5G,TWR-005,3,0.72,0.15,83.66,96,70,0.98,0.82,0.85,47.53,0.8
fde5ffc6-b21e-4108-8bbc-6ce13af3b94d,2025-12-06,TWR-001,485.92,79.36,18,11,1.26,4.8,-79,5G,TWR-002,1,0.84,0.63,43.45,96.92,111,0.91,0.97,0.75,75.89,0.81
75d535b0-8b40-4378-a4d3-2a3a1d364117,2026-07-14,TWR-004,264.59,85.54,62,14,1.38,3.2,-96,5G,TWR-002,5,0.73,0.44,30.3,95.78,132,0.87,0.67,0.88,57.04,0.75
d8cc2153-2d47-4d95-a4f8-25e24c9de975,2026-05-12,TWR-004,20.31,7.87,98,10,0.64,3.7,-82,VoLTE,TWR-004,2,0.76,0.57,49.06,97.63,30,0.87,0.84,0.88,57.69,0.81
8a5001b0-8728-424e-a2df-4e8d9293ebbd,2025-12-26,TWR-005,798.17,54.72,43,9,1.76,0.4,-80,5G,TWR-003,2,0.67,0.27,88.62,95.9,53,0.81,0.65,0.52,73.63,0.96
46fc30a5-d2cb-4635-a811-a17bbbc9e4de,2026-02-13,TWR-002,273.1,84.36,89,11,1.66,4.9,-118,5G,TWR-001,3,0.96,0.29,43.77,99.2,66,0.91,0.74,0.97,55.78,0.87
ec8ec1df-1072-4bdd-9ef1-dd3c6d1ff12d,2025-11-27,TWR-003,37.18,7.16,13,9,1.16,0.7,-73,4G,TWR-004,2,0.25,0.53,37.13,95.76,137,0.71,0.84,0.64,36.85,0.84
1c671eaf-b62a-48f2-a9a4-5c769038d2b5,2026-05-15,TWR-001,62.9,15.65,14,12,0.67,3.8,-85,VoLTE,TWR-003,6,0.67,0.82,93.57,99.49,92,0.95,0.75,0.81,62.31,0.81
d39618ec-83fb-4a5e-b4ad-16dcaa783078,2025-11-21,TWR-002,89.25,6.69,44,18,0.94,2.4,-104,VoLTE,TWR-003,9,0.69,0.55,77.2,98.36,52,0.74,0.75,0.58,45.98,0.86
2b045afe-6048-48e4-9c4b-61715fcfa1c5,2026-04-24,TWR-005,320.49,42.22,37,13,0.57,2.5,-80,5G,TWR-005,8,0.3,0.45,94.53,95.23,66,0.76,0.84,0.83,57.19,0.83
1d70aafa-86c9-49d0-ad60-c821584ccbe3,2026-03-22,TWR-002,58.42,16.33,90,13,0.16,3.3,-78,VoLTE,TWR-001,7,0.8,0.78,63.17,95.33,124,0.99,0.97,0.55,45.34,0.74
51cbc608-daab-499c-bc68-f69a863c1fa4,2026-06-30,TWR-003,70.39,10.13,63,9,1.78,4.6,-119,4G,TWR-005,4,0.9,0.55,68.14,99.23,86,0.76,0.61,0.53,69.25,0.8
237732e0-b933-43aa-bc9a-fa1e3a916f75,2025-12-28,TWR-001,61.38,18.29,25,9,1.11,1.7,-96,4G,TWR-001,0,0.01,0.74,61.96,96.82,89,0.85,0.83,0.95,41.63,0.88
ddbf30ab-afa4-4cc1-964c-167ddc7332f0,2025-12-19,TWR-004,66.27,14.05,40,15,1.55,4.7,-78,VoLTE,TWR-001,4,0.5,0.48,90.54,98.85,101,0.79,0.7,0.89,49.24,0.83
9ab913df-5da9-4439-8b8c-9e74ea91d85a,2026-05-11,TWR-003,95.59,12,58,12,1.75,0.8,-90,4G,TWR-002,3,0.44,0.69,29.07,99.05,60,0.91,0.78,0.82,43.76,0.79
0c6ce33d-17f0-41bd-b4c4-79f52ad6e068,2025-12-08,TWR-002,23.82,14.93,39,4,0.45,0.7,-101,VoLTE,TWR-004,9,0.39,0.53,76.22,96.15,132,0.81,0.94,0.78,57.23,0.73
ee1afb52-ab42-4aba-a0f4-6c0d3201e787,2026-05-13,TWR-002,36.68,11.3,19,9,0.3,3,-86,VoLTE,TWR-004,3,0.94,0.55,90.56,97.9,21,0.95,0.93,0.72,62.06,0.75
b9442278-6043-4022-9cc8-d62c01850a22,2026-05-04,TWR-001,39.37,16.77,69,11,0.95,4.8,-109,4G,TWR-002,7,0.79,0.16,60.9,98.27,22,0.77,0.83,0.84,45.24,0.78
59c0aea8-96c6-4351-89fd-28019f7c82e3,2025-10-09,TWR-002,702.57,96.57,78,9,0.9,2.5,-120,5G,TWR-001,1,0.43,0.51,43.54,95.79,64,0.88,0.75,0.52,75.73,0.92
7f4c368f-8d2a-4513-b1e0-04c18833eac9,2026-01-08,TWR-001,27.65,12.13,11,8,0.32,2.6,-77,4G,TWR-004,0,0.14,0.44,67.72,99.43,45,1,0.76,0.64,65.25,0.74
687dc32b-5962-474b-91e5-e9a1d3c37b0f,2025-09-10,TWR-002,46.61,8.71,73,7,0.06,0.4,-105,4G,TWR-005,3,0.09,0.6,59.9,96.26,36,0.76,0.7,0.76,79.14,0.81
d6b8b7df-0bbb-4ef0-ac61-cbea3266cd83,2026-01-20,TWR-001,62.12,12.98,83,1,1.09,4.4,-108,4G,TWR-002,4,0.06,0.66,35.34,96.2,141,0.91,0.92,0.55,39.23,0.96
91ecc7e1-28ac-43ed-8577-17767f2373da,2026-05-03,TWR-001,37.25,13.56,67,12,1.25,2.1,-79,VoLTE,TWR-005,1,0.32,0.71,40.11,95.19,102,0.84,0.98,0.79,53.1,0.82
c8c74e86-b35b-45fe-a4b2-f5839946c24f,2026-02-10,TWR-004,88.1,10.51,81,6,1.04,0.9,-94,VoLTE,TWR-003,4,0.91,0.15,86.09,97.72,97,0.81,0.78,0.7,71.15,0.73
2109b38f-fb89-492a-95f0-4c3d10c8875d,2025-09-01,TWR-005,109.42,56.05,19,10,0.88,2.7,-106,5G,TWR-005,5,0.9,0.39,42.84,97.51,77,0.7,0.75,0.9,70.53,1
9f836ecc-bdd3-45a4-acc5-4eb4bfc5009e,2026-04-09,TWR-005,77.3,14.07,82,8,1.19,3.9,-95,VoLTE,TWR-005,4,0.13,0.65,45.4,97.28,120,0.8,0.65,0.92,89.33,0.73
c46e4ec4-3090-4ba0-91ae-8ec141aec8d4,2026-03-03,TWR-003,431.56,57.93,25,2,1.61,1.5,-95,5G,TWR-001,6,0.9,0.18,51.46,96.63,39,0.85,0.88,0.62,85.43,0.97
48c0a95f-d196-4065-9a5d-b5af4aec48ee,2026-02-13,TWR-002,17.89,15.17,78,7,0.67,4.9,-96,4G,TWR-005,8,0.51,0.59,43.5,96.33,28,0.88,0.87,0.56,62.54,0.78
e5828045-b71d-4a64-afd6-bad64868cd99,2026-04-14,TWR-004,26.47,17.68,92,4,1.91,0.8,-114,VoLTE,TWR-003,6,0.57,0.51,25.16,98.74,121,0.77,0.73,0.67,84.21,0.94
e7a214ac-a4e9-44ad-8094-25744c4bfaed,2026-01-19,TWR-002,935.35,45.74,14,19,0.89,2.3,-75,5G,TWR-004,9,0.67,0.82,67.89,96.69,30,0.71,0.62,0.99,75.08,0.93
b6d2174d-e375-4d0b-b86e-c68ad77cdc83,2026-01-18,TWR-005,422.78,33.29,93,11,1.08,3.5,-114,5G,TWR-001,1,0.68,0.82,28.86,96.35,69,0.85,0.77,0.7,45.49,0.98
f743f87f-643b-4639-9599-ce578ced344e,2026-04-23,TWR-001,558.91,41.14,11,10,1.29,0.6,-63,5G,TWR-004,3,0.13,0.53,20.87,98.5,143,0.85,0.87,0.75,66.28,0.95
ad0fc3b3-7fbc-4e87-a07e-550acdc09007,2026-03-08,TWR-005,133.01,91.5,21,19,1.34,1.2,-97,5G,TWR-002,9,0.47,0.45,68.97,96.51,132,0.84,0.65,0.97,85.21,0.87
bbf91e1b-17e5-4d40-9808-079ed138848a,2025-08-06,TWR-002,424.15,77.91,91,15,1.33,0.4,-97,5G,TWR-003,3,0.77,0.13,52.91,96.63,29,0.85,0.78,0.97,52.49,0.72
d0f15b2b-2a20-4ac9-b110-1393813f6ead,2026-05-20,TWR-002,27.39,13.28,45,16,0.56,2.4,-119,VoLTE,TWR-005,1,0.12,0.4,62.94,98.3,57,0.93,0.72,0.57,64.83,0.94
a63a8786-849c-4e99-9942-62bad008e757,2026-06-17,TWR-003,65.91,13.48,77,19,0.79,3,-81,VoLTE,TWR-001,3,0.97,0.62,88.43,97.72,146,0.75,0.96,0.96,61.19,0.74
aadd1cb1-0700-48d0-ae8c-006d8e6d3d49,2026-07-19,TWR-004,54.47,9.43,32,16,1.8,2.9,-114,4G,TWR-003,4,0.18,0.86,45.84,97.87,127,0.93,0.94,0.88,59.94,0.71
ec27952f-1d76-4a83-acd6-d188b87bec0b,2026-01-22,TWR-001,91.87,13.83,24,6,0.77,1.8,-120,VoLTE,TWR-002,5,0.54,0.28,54.72,98.19,93,0.86,0.91,0.51,79.74,0.84
1dcc28c5-1b1e-43d3-986f-bc87690665c1,2025-07-28,TWR-002,55.04,8.01,95,2,1.88,1,-85,4G,TWR-003,0,0.41,0.55,53.52,95.33,26,0.73,0.96,0.79,32.02,0.92
33b7cf86-22c1-44cb-8d2a-7640506f4ec1,2026-03-25,TWR-004,74.97,13.82,49,14,1.87,2.9,-113,VoLTE,TWR-005,4,0.91,0.33,38.71,99.3,28,0.91,0.64,0.51,30.46,0.98
bb5742fb-5b15-4b56-af37-5c9399a2e627,2026-01-09,TWR-005,18.23,13.88,78,18,1.1,1.7,-88,VoLTE,TWR-005,4,0.55,0.72,37.99,95.09,125,0.93,0.94,0.81,48.11,0.82
0e623387-91b6-4a71-86f1-a36509d29921,2026-03-15,TWR-004,645.21,38.47,17,5,1.82,0.5,-74,5G,TWR-001,4,0.81,0.42,71.51,99.56,142,0.85,0.68,0.94,35,0.73
ed5efad0-4bdc-44a7-b783-1fc5c8400c37,2025-11-08,TWR-004,10.42,19.9,29,11,1.66,3,-119,4G,TWR-002,9,0.8,0.37,45.33,97.46,65,0.73,0.63,0.71,56.1,0.84
366bb113-a046-415d-adf1-40f28642100c,2026-07-10,TWR-004,69.74,5.72,97,11,1.71,3.1,-68,4G,TWR-001,9,0.73,0.7,30.43,97.74,105,0.8,0.78,0.65,84.76,0.82
07fef508-c46d-4e33-979d-033ef42a57c3,2025-10-07,TWR-001,882.71,90.45,51,3,0.11,2.2,-120,5G,TWR-001,6,0.93,0.38,91.9,99.37,140,0.89,0.81,0.76,87.64,0.89
2e0a52be-df31-4c71-ac8a-217d866ad382,2026-06-03,TWR-001,630.95,80.85,72,3,1.87,3.2,-74,5G,TWR-005,4,0.52,0.72,72.54,98.25,93,0.91,0.74,0.63,68.2,0.91
cf870ed0-13a8-4d70-a510-b70986e0a2d8,2026-06-04,TWR-005,970.26,65.38,96,9,0.41,3.2,-92,5G,TWR-002,8,0.72,0.27,22.63,98.85,45,0.93,0.68,0.61,45.01,0.73
ecdd53d5-ec6c-4e03-9d4f-5f7d002b15fe,2025-08-15,TWR-002,50.73,13.32,57,15,1.97,3.1,-118,VoLTE,TWR-001,1,0.46,0.44,87.87,99.63,61,0.95,0.92,0.66,62.19,0.85
07a04101-6ac0-4844-83bb-1e5947d81076,2025-09-07,TWR-005,29.35,18.51,35,11,0.78,3.6,-87,4G,TWR-003,0,0.42,0.17,50.72,96.93,92,0.86,0.78,0.54,33.1,0.99
305bd096-a912-4308-8840-b7dcb12c52f9,2025-11-05,TWR-002,21.05,17.94,84,19,0.62,4.8,-86,VoLTE,TWR-001,4,0.41,0.18,47.34,98.01,142,0.88,0.86,0.74,89,0.8
496179ad-dc3e-4191-9b5c-0d609e035b66,2026-06-07,TWR-005,10.51,16.46,42,14,0.47,1.8,-111,VoLTE,TWR-002,4,0.61,0.31,58.58,99.06,108,0.75,0.85,0.59,81.66,0.92
32a99ee6-f9cc-44e3-9b99-ac3d83018f1e,2026-03-23,TWR-001,29.29,6.12,62,12,1.45,1.9,-96,4G,TWR-001,1,0.75,0.84,59.14,96.48,111,0.89,0.93,0.62,56.82,0.82
bb1ec751-1d52-4bd9-b795-226b4e02d294,2025-11-27,TWR-002,17.43,6.85,49,16,1.81,2.1,-72,4G,TWR-001,0,0.14,0.15,30.11,99.01,57,0.94,0.67,0.9,85.78,0.92
e17d4422-47ae-4179-8ee5-92120ae8249c,2026-07-14,TWR-003,83.18,16.86,63,8,1.94,2.7,-103,4G,TWR-001,5,0.13,0.59,51.78,99.4,103,0.78,0.83,0.65,52.8,0.97
fa4388d3-28ab-4ec7-b2da-1d8cd1f77f27,2026-02-03,TWR-004,577.19,65.86,32,20,0.85,3.8,-88,5G,TWR-005,8,0.18,0.76,55.11,96.47,32,0.93,0.7,0.52,45.76,0.9
6a878992-b32c-494d-972e-ffc3e92f0cd2,2026-02-06,TWR-002,83.41,19.03,46,9,1.05,0.8,-93,VoLTE,TWR-005,6,0.43,0.37,55.05,97.31,28,0.91,0.78,0.59,54.39,0.85
13923a39-12d2-46bb-b1df-e4136e9ba3cf,2025-11-06,TWR-001,17.15,9.9,65,4,1.23,1.4,-100,4G,TWR-004,4,0.74,0.88,22.04,96.15,127,0.98,0.69,0.51,74.62,1
f85afdcb-5a81-4cd0-ad29-6e6e1634c989,2025-10-14,TWR-002,850.08,22.35,32,20,0.16,4.3,-65,5G,TWR-005,4,0.36,0.61,57.99,97.03,101,0.95,0.71,0.55,49.09,0.83
c42f4aef-d5d2-48ac-ab9e-5a73af2ab7bd,2025-12-25,TWR-005,61.46,13.91,87,11,1.95,3.3,-80,4G,TWR-005,5,0.44,0.67,86.54,99.56,125,0.8,0.78,0.99,81.96,0.91
46bdb55e-21ad-4d61-91c6-945f3aa0e8bd,2026-02-05,TWR-002,70.16,18.75,38,2,1.88,2.4,-77,VoLTE,TWR-005,7,0.34,0.23,33.14,97.65,49,0.74,0.75,0.83,59.89,0.9
808ec143-a628-4fb8-bcca-933ce6f093f8,2026-06-11,TWR-003,64.15,7.6,47,16,1.92,4.4,-117,4G,TWR-004,8,0.95,0.62,20.99,98.5,23,0.74,0.96,0.62,65.93,0.82
4fbfdfc4-f086-4ac0-aecb-476c18bf1aa2,2026-03-09,TWR-005,69.79,10.41,76,3,0.15,2.6,-75,VoLTE,TWR-001,7,0.2,0.7,54.52,98.91,112,0.84,0.8,0.54,77.66,0.73
5b070ec3-881b-4605-9f4b-4b22d81584d4,2026-03-29,TWR-005,336.99,47.42,40,5,1.28,4.2,-104,5G,TWR-001,9,0.81,0.48,56.83,99.43,21,0.99,0.76,0.79,52.2,0.8
8732db38-263f-450b-81cb-b2a21d56a881,2026-07-08,TWR-001,73.23,11.37,53,13,0.38,4.7,-80,VoLTE,TWR-001,8,0.2,0.54,38.76,96.7,30,0.93,1,1,68.45,0.78
cc73e58f-2ddf-445a-8f79-1062ab21579c,2026-05-26,TWR-005,28.49,13.6,61,14,1.94,1.3,-76,4G,TWR-004,10,0.06,0.64,42.92,99.7,71,0.84,0.61,0.94,64.2,0.82
06b75ae4-5dbe-4553-a66f-9a2c26419977,2025-09-15,TWR-005,106.25,36.72,45,14,1.24,3.9,-108,5G,TWR-004,7,0.4,0.56,71.47,99.6,111,0.76,0.6,0.93,76.57,0.93
de558847-a37e-4520-976e-32bca884a603,2026-01-13,TWR-004,521.54,75.26,65,2,0.87,1.7,-78,5G,TWR-002,10,0.8,0.65,42.24,95.89,118,0.77,0.71,0.67,75.63,0.89
d545c7f9-201f-46cd-9006-6d39a4d1f904,2026-02-14,TWR-005,263.63,74.33,39,11,0.47,4.6,-68,5G,TWR-001,6,0.12,0.44,78.13,96.23,62,0.8,0.75,0.93,77.65,0.87
d80aa713-9e78-46c7-b674-ea9cd0c97dc0,2025-08-01,TWR-003,70.46,9.16,24,20,0.38,1.7,-83,VoLTE,TWR-003,7,0.33,0.32,39.1,99.64,51,0.7,0.72,0.96,54.61,0.72
adcb7d29-bac6-4fee-a15b-fae80bf5cb94,2026-05-05,TWR-001,47.88,18.91,45,19,0.81,1.5,-113,VoLTE,TWR-001,4,0.52,0.6,75.14,96.32,102,0.96,0.89,0.63,34.62,0.97
e65ff4b9-fe0b-41ec-9749-ebb474dd17e2,2025-10-10,TWR-005,52.18,17.53,50,10,0.09,0.4,-113,4G,TWR-003,8,0.4,0.45,81.35,98.47,54,0.92,0.62,0.52,52.63,0.81
d48a3ab3-f471-4ee0-b849-c97376da31bb,2025-11-17,TWR-001,22.28,12.31,49,17,1.3,1.4,-77,4G,TWR-003,1,0.75,0.67,47.03,95.84,70,0.84,1,0.66,56.78,0.99
b1180e89-bce2-469b-9b21-e60f6c1fddd5,2025-09-13,TWR-001,41.21,5.37,69,4,1.3,2.6,-97,VoLTE,TWR-004,0,0.46,0.37,34.42,96.1,50,0.93,0.91,0.7,44.63,0.79
9e219720-d30a-409e-b679-f5cc1a302fff,2025-11-05,TWR-005,45.49,9.54,93,3,1.05,3.8,-91,VoLTE,TWR-003,10,0.54,0.85,61.38,95.8,49,0.91,0.68,0.98,74.92,0.99
87febc94-2e6d-48c7-9174-4ed9bb4f062d,2026-04-01,TWR-002,83.87,9.72,46,10,1.54,3.9,-109,VoLTE,TWR-004,1,0.21,0.69,82.83,96.19,80,0.98,0.85,0.61,31.74,0.77
02498316-49ab-4f20-8bbf-79aba39d5d7e,2025-12-27,TWR-004,73.76,19.39,90,15,1.71,2.3,-89,VoLTE,TWR-005,6,0.33,0.48,80.21,96.68,33,1,0.98,0.78,84.35,0.88
bc2e1cb2-d3f7-4532-92c0-aeb84fcc634d,2026-01-13,TWR-001,356.52,57.4,86,11,0.08,3.9,-113,5G,TWR-001,3,0.55,0.47,66.32,97.55,32,0.71,0.89,0.86,31.13,0.82
af6f7a9e-75ea-468c-b879-a6d3a2a16862,2026-06-14,TWR-001,220.71,68.92,62,2,1.93,1.7,-73,5G,TWR-002,0,0.49,0.45,30.68,98.37,99,0.81,0.71,0.57,46.8,0.89
c48eb353-cdd9-4d97-8f59-e120667011ab,2025-12-10,TWR-004,70.1,16.71,66,14,0.35,2.9,-74,VoLTE,TWR-005,3,0.06,0.47,40.58,95.24,86,0.85,0.76,0.6,55.58,0.82
fddf5685-5f34-4b1d-9a4e-e6214f7733a1,2025-10-14,TWR-004,71.76,14.34,92,13,1.48,1.6,-83,4G,TWR-003,3,0.55,0.53,30.04,96.48,99,0.73,0.86,0.94,66.3,0.74
d5e17308-ae47-4eab-bfd6-fe877f361fc4,2026-01-07,TWR-001,676.13,32.75,45,5,1.52,0.2,-118,5G,TWR-003,4,1,0.89,32.54,98.44,37,0.84,0.97,0.88,83.03,0.9
5f1f87fb-d0c1-4582-9df1-05236f35698c,2026-07-05,TWR-002,966.76,87.81,12,6,0.72,0.4,-86,5G,TWR-004,9,0.41,0.51,80.57,96.79,88,0.97,0.72,0.72,83.03,0.77
2ec8f78f-84cf-424c-8f28-061be3b31f20,2025-10-08,TWR-004,68.4,8.6,65,19,1.74,2.5,-78,4G,TWR-003,3,0.96,0.75,72.04,96.4,40,0.99,0.82,0.64,86.42,0.83
23e6c78a-02e7-454e-baff-4abd2b86d52a,2026-02-20,TWR-004,377.61,28.75,84,16,1.26,1.4,-113,5G,TWR-002,3,0.52,0.61,82.83,99.5,40,0.9,0.62,0.92,36.6,0.96
e2eef739-97b5-4f3f-af19-4637ee023531,2026-02-18,TWR-001,648.63,76.08,51,6,0.45,1,-85,5G,TWR-003,5,0.5,0.84,91.97,99.2,93,0.96,0.94,0.88,75.88,0.78
d82e647c-34e3-469f-81a2-77336b707b53,2025-09-29,TWR-002,43.71,9.41,94,17,0.68,1.2,-89,VoLTE,TWR-002,5,0.99,0.22,51.13,97.12,112,0.94,0.86,0.92,75.03,0.8
3fbc84f4-266d-440a-b201-9f8880777071,2025-08-15,TWR-003,288.78,31.32,96,11,0.45,0.9,-67,5G,TWR-002,3,0.36,0.14,59.13,95.41,67,0.98,0.79,0.69,79.02,0.74
9301e049-9b3e-40bc-a95e-ab07e8ff2cea,2026-03-30,TWR-002,616.18,43.86,97,13,1.79,4.4,-68,5G,TWR-005,5,0.47,0.26,32.05,99.84,42,0.71,0.93,0.99,47.1,0.88
eb1eec8a-0380-443d-9734-4ae721ff1d47,2025-08-02,TWR-005,956.05,94.6,29,19,1.58,3.2,-93,5G,TWR-005,2,0.84,0.17,26.94,95.82,129,0.95,0.76,1,78.21,0.87
ce16eef1-9546-4f7b-bc5e-abb0a6f000ad,2026-04-13,TWR-003,66.08,18.8,78,2,1.65,3.5,-62,VoLTE,TWR-004,2,0.71,0.14,41.8,98.52,70,0.79,0.74,0.54,37.69,0.9
62173066-4af9-41e8-b5e4-132fc6af25f7,2026-07-12,TWR-003,449.27,80.42,78,19,0.28,4,-62,5G,TWR-001,1,0.12,0.26,29.1,99.03,118,0.75,0.72,0.51,46.83,0.79
92902d99-0c17-40e6-931b-dfe9576c1522,2026-04-26,TWR-004,23.8,10.65,88,1,0.85,2.6,-105,4G,TWR-005,2,0.35,0.58,66.74,97.63,84,0.89,0.86,0.91,79.3,0.89
26687162-428d-48a1-ba0b-8dbaa4249b2f,2025-12-20,TWR-002,273.6,89.17,58,5,1,4.2,-117,5G,TWR-004,3,0.23,0.24,88.29,96.37,25,0.91,0.78,0.6,85.04,0.73
55e5876a-d11c-4985-adc2-2e9ac7ba4ac5,2026-04-04,TWR-003,87.86,11.13,88,5,1.64,1.4,-104,4G,TWR-004,2,0.91,0.21,53.6,96,121,0.75,0.65,0.71,71.69,0.87
851d5fe1-011c-4da6-9695-7d2c77c7cc04,2025-10-17,TWR-004,44.24,5.6,38,8,1.9,0.2,-115,VoLTE,TWR-004,6,0.99,0.46,64.8,96.98,76,0.78,0.84,0.74,43.9,0.94
00f9e281-cbad-4f05-af27-b44c46017319,2025-09-07,TWR-004,112.42,75.56,34,9,0.27,3.4,-102,5G,TWR-002,8,0.73,0.89,33.81,97.11,81,0.77,0.76,0.74,73.75,0.94
3f19b1a8-cf96-4bfe-97f7-ba893a6bbeae,2026-04-21,TWR-003,44.93,18.92,76,6,0.61,3.1,-102,VoLTE,TWR-001,5,0.67,0.59,40.5,95.04,97,0.93,0.69,0.71,78.7,0.71
9d3a6ca0-25a0-44c8-86d5-1e5852965d51,2026-01-07,TWR-004,16.32,6.52,75,11,1.44,2.6,-112,4G,TWR-003,8,0.9,0.76,85.27,97.32,28,0.84,0.85,0.56,88.67,0.73
3435734a-206d-4271-ba0e-c86c355b294f,2026-04-09,TWR-005,612.19,22.15,39,12,1.59,4.2,-83,5G,TWR-003,5,0.54,0.47,34.35,99.7,142,0.9,0.69,0.52,81.49,1
8809f6dd-66e8-4362-a29c-57005355b97e,2025-12-29,TWR-002,23.55,13.57,73,1,1.81,3.8,-109,VoLTE,TWR-005,3,0.83,0.15,80.99,99.41,63,0.96,0.65,0.94,61.36,0.73
f0e93aaf-dc18-4fc2-ae35-f0704228f68d,2026-05-04,TWR-005,10.16,15.49,74,12,0.19,2.6,-106,VoLTE,TWR-002,6,0.9,0.53,61.43,97.23,134,0.79,0.87,0.97,79.41,0.85
d718a080-7348-40af-868a-6f42ed5f3c3e,2025-11-01,TWR-001,89.9,12.02,87,19,0.31,2.6,-75,4G,TWR-004,4,0.53,0.36,87.54,99.85,145,0.98,0.69,0.72,87.12,0.98
c3a9c200-fdad-4cff-bb10-83facd4e78a5,2026-03-12,TWR-002,25.82,11.91,26,3,1.28,3.5,-108,4G,TWR-001,5,0.63,0.25,81.64,96.76,97,0.88,0.86,0.98,53.15,0.98
7979623b-d6b8-46b4-9dcd-4b87dffd8fbd,2026-04-16,TWR-004,44.79,12.88,99,18,1.04,2.4,-95,VoLTE,TWR-002,3,0.92,0.88,30.23,96.01,82,0.85,0.74,0.76,57.53,0.83
03ab11dd-e5d1-4ec7-aa1f-84056da83308,2026-07-16,TWR-001,37.91,6.75,17,14,0.47,0.9,-109,VoLTE,TWR-005,10,0.61,0.47,24.36,96.97,131,1,0.68,0.67,35.4,0.74
d99e09aa-9c9f-47d9-b0ba-18785192d598,2025-12-19,TWR-004,12.82,6.01,87,17,1.82,4,-120,4G,TWR-001,0,0.46,0.83,54.76,98.48,144,0.87,0.85,0.71,73.03,0.89
f4593e5a-f4e1-4feb-a37f-10ec68827c61,2026-03-01,TWR-004,76.9,6.72,63,10,1.02,1.5,-77,4G,TWR-002,10,0.31,0.48,71.03,97.94,78,0.77,0.78,0.9,38.46,0.93
268a4ebf-52b2-4df2-bb73-c47209c06d36,2025-10-04,TWR-002,83.58,6.46,78,19,1.49,1.4,-111,VoLTE,TWR-002,7,0.65,0.66,23.69,96.92,29,0.7,0.81,0.6,34.74,0.82
3c79334d-c12f-4138-8740-528524a48034,2026-07-10,TWR-001,27,11.23,38,17,1.75,3.5,-79,VoLTE,TWR-004,8,0.49,0.73,84.97,95.51,135,0.94,0.66,0.53,50.25,0.91
87857527-5c7f-4565-b9d3-93f5812f358e,2026-04-26,TWR-005,23.53,16.05,22,17,1.64,3.4,-103,4G,TWR-001,4,0.87,0.54,23.52,98.52,106,0.73,0.69,0.99,68.93,0.88
f552ffe7-638a-48a7-ac17-53b6e79643e6,2026-02-13,TWR-004,11.3,14.31,69,7,1.84,0.4,-111,VoLTE,TWR-004,8,0.35,0.16,87.97,97.86,118,0.88,0.97,0.81,61.11,0.88
440ab6f7-b19a-49e1-acaf-0997a9c2e165,2025-11-25,TWR-001,785.39,69.36,60,6,1.78,4.1,-87,5G,TWR-001,7,0.53,0.4,58.41,96.53,100,0.81,0.76,0.82,52.91,0.78
b6273b75-ee5b-4dc3-8bd7-39761ef1c1c4,2025-08-31,TWR-003,53.72,16.24,56,13,0.93,3.2,-91,4G,TWR-003,2,0.55,0.46,50,96.1,33,0.79,0.72,0.57,46.55,0.75
1cdf3591-423f-49fe-b163-85307bbcfce2,2026-02-19,TWR-005,183.02,70.86,23,7,1.18,0.7,-85,5G,TWR-004,9,0.4,0.36,60.85,99.43,65,0.72,0.63,0.54,43.16,0.97
8b513139-3ff3-4ed7-90eb-de8728f40f80,2026-07-05,TWR-004,46.02,8.61,69,4,0.98,1.7,-112,4G,TWR-003,8,0.33,0.57,78.85,95.07,108,1,0.69,0.67,77.74,0.92
8d548849-8f64-4550-93e3-404ed62f20bd,2025-12-11,TWR-003,44.38,9.37,92,18,0.34,3.5,-93,4G,TWR-001,7,0.57,0.84,76.24,96.47,90,0.9,0.99,0.72,40.88,0.98
b8f4156e-a958-4e04-a48e-c7fe6699e936,2025-08-27,TWR-001,748.99,90.65,88,6,0.11,4.5,-106,5G,TWR-005,9,0.19,0.82,44.77,98.83,142,0.86,0.84,0.61,42.83,0.97
f6a53494-d231-41c8-b0a5-8305b19eddb4,2025-11-04,TWR-002,98.71,7.75,58,3,0.2,1.4,-88,VoLTE,TWR-002,7,0.92,0.72,90.25,99.49,44,0.97,0.96,0.85,43.72,0.74
10fbc469-f316-4d6c-bf7b-408b1501430d,2025-08-30,TWR-004,60.02,12.76,64,7,0.13,0.8,-70,4G,TWR-004,2,0.55,0.79,30.44,99.15,26,0.93,0.8,0.97,85.98,0.95
601c0afc-0615-4cab-88cc-3a2c5b73eda1,2026-03-29,TWR-001,21.82,13.31,18,16,1.91,2.7,-93,VoLTE,TWR-005,9,0.28,0.24,54.58,97.12,94,0.78,0.62,0.51,46.96,0.85
7f0c426c-c9ff-46a6-87bc-a95939a10738,2026-05-05,TWR-002,21.51,12.37,97,8,1.82,1,-113,4G,TWR-003,8,0.51,0.73,76.4,98.51,43,0.98,0.67,0.96,58.05,0.71
6179ce11-5319-4919-b64d-c56d211e0c6d,2025-08-16,TWR-002,45.12,6.55,13,13,1.64,3.4,-68,4G,TWR-002,3,0.08,0.43,89.85,98.89,40,0.82,0.93,0.61,65.31,0.81
e02c3c06-7575-4615-88f7-3820c55b4712,2025-10-15,TWR-002,99.65,18.05,71,11,0.44,4.5,-106,VoLTE,TWR-001,0,0.07,0.61,41.33,98.37,22,0.88,0.69,0.56,37.17,0.92
9a73d4df-80d8-4e15-bc30-0eecd04ffb5a,2026-04-25,TWR-004,78.54,9.54,90,3,0.28,1.7,-69,4G,TWR-005,0,0.23,0.14,78.91,99.32,30,0.9,0.85,0.61,72.71,0.93
372f31e9-2e63-4606-9d39-81cecacc80d9,2025-10-23,TWR-004,216.66,76.25,85,17,1.24,1.5,-105,5G,TWR-005,7,0.38,0.23,83.45,95.89,32,0.81,0.82,0.61,58.1,0.81
9a96480e-8f27-4052-a599-a3a7eff62096,2026-04-20,TWR-004,92.45,11.82,46,7,0.79,2.3,-117,VoLTE,TWR-005,1,0.9,0.62,52.91,99.46,135,0.72,0.69,0.69,79.66,0.89
c8177eed-da30-4a1e-8982-6e1693fd6b34,2025-11-12,TWR-001,464.38,59.23,43,9,0.36,1.9,-95,5G,TWR-003,6,0.46,0.28,22.73,97.48,32,0.79,0.76,0.68,49.94,0.76
d1651486-c57c-44e5-aeab-f45a47117e9f,2026-06-09,TWR-004,86.56,19.49,50,9,1.49,2.7,-70,VoLTE,TWR-001,10,0.95,0.69,90.77,95.68,84,0.95,0.66,0.85,68.01,0.75
c9b0f1ad-0c12-4f13-ac2c-b13b19daf5dd,2026-05-04,TWR-001,82.69,19.96,81,12,1.35,3.5,-106,4G,TWR-004,10,0.27,0.47,58.09,98.41,51,0.86,0.62,0.99,59.75,0.96
a597bd16-f834-444e-99ed-333def2630cc,2026-07-01,TWR-001,282.49,59.94,91,19,1.56,2.6,-87,5G,TWR-003,5,0.83,0.73,71.07,95.11,21,0.9,1,0.8,66.81,0.72
c2c897ec-6e44-4565-a664-8f466846f9f2,2026-04-08,TWR-005,75.99,13.31,66,13,0.56,0.4,-108,4G,TWR-005,5,0.82,0.52,53.52,95.25,32,0.9,0.78,0.92,56.36,0.84
1b2f980e-9444-41a3-a341-6823e8529b40,2025-11-10,TWR-001,62.77,7.98,95,4,1.64,4.6,-64,4G,TWR-005,3,0.06,0.58,69.15,97.36,29,0.94,0.74,0.56,53.57,0.79
23c253b8-dee4-4322-9e4e-ba9711925802,2026-01-01,TWR-004,68.53,16.38,44,9,0.43,3.1,-80,VoLTE,TWR-001,6,0.85,0.38,63.1,98.9,108,0.77,0.82,0.56,59.76,0.88
6bc05f45-3b97-42e6-9413-e8eb8bfc85a2,2026-01-24,TWR-001,422.4,55.62,50,16,0.63,3.6,-92,5G,TWR-005,10,0.38,0.86,68.46,96.61,45,0.82,0.87,0.68,52.26,0.95
d3767945-3b0e-4190-aacf-1a8657a2cfb0,2026-05-28,TWR-001,334.17,68.46,96,14,1.15,4.4,-65,5G,TWR-005,7,0.98,0.58,43.06,97.48,100,0.94,0.93,0.79,78.03,0.88
6fa6c3d0-bc04-44f4-bb78-ea749b2def84,2026-04-26,TWR-004,86.39,5.95,62,4,0.59,3.3,-84,VoLTE,TWR-003,5,0.22,0.21,66.03,96.49,64,0.78,0.66,0.87,86.17,0.8
0efdfcd4-8067-4a65-9e65-acd2e1ade7e1,2025-08-23,TWR-002,20.44,19.24,37,3,0.42,2.9,-114,4G,TWR-004,3,0.52,0.19,48.08,97.16,29,0.73,0.8,0.81,55.94,0.83
4dad0940-faab-41d1-b83b-62a6206ac986,2026-03-02,TWR-005,48.61,18.84,76,20,1.47,4.2,-65,4G,TWR-005,5,0.26,0.58,86.4,97.17,41,0.93,0.94,0.57,83.45,0.75
9e5f63ed-7a6b-41ce-bec5-840128b80ec7,2026-06-10,TWR-002,18.97,19.38,41,19,1.2,4.9,-87,4G,TWR-001,3,0.1,0.37,22.66,98.12,46,0.84,0.72,0.88,74.86,0.7
401264de-1a3b-43f7-a6ee-fa69f67ac566,2026-05-18,TWR-004,41.4,11.89,15,3,1.46,2.6,-101,4G,TWR-005,8,0.44,0.79,20.34,97.87,29,0.98,0.98,0.88,36.88,0.75
d63fc2b0-2158-4d22-9961-957ca678b860,2025-10-05,TWR-003,21.57,6.83,14,12,1.13,0,-105,VoLTE,TWR-003,5,0.49,0.87,87.03,95.74,75,0.89,0.69,0.57,40.52,0.92
9bf99bed-4389-4cec-a225-22cc2f0a6106,2026-07-10,TWR-005,23.86,13.28,61,12,1.2,1.5,-72,VoLTE,TWR-005,9,0.14,0.21,75.84,97.41,106,0.93,0.69,0.94,39.19,0.97
39b7814b-042f-4763-9e62-aeefd5c3272a,2025-08-30,TWR-005,66.27,19.92,16,14,0.11,0.2,-107,4G,TWR-001,8,0.97,0.72,93.22,95.8,142,0.84,0.77,0.92,67.73,0.7
a547135b-8961-4d1c-a5c9-2d502c495eb7,2025-08-07,TWR-005,93.77,13.61,66,12,1.5,3.3,-110,4G,TWR-003,3,0.34,0.33,77.22,98.22,64,0.85,0.98,0.65,34.09,0.89
6ea41807-a85b-4d9d-97c0-70774d3565ed,2026-04-27,TWR-005,497.09,94.34,42,12,1.8,1.1,-87,5G,TWR-002,3,0.29,0.57,46.62,97.78,82,0.91,0.63,0.54,78.19,0.99
be11f9b9-567e-4f0c-9c34-ca14591a78f3,2026-06-07,TWR-004,594.63,37.66,84,2,0.19,3.3,-105,5G,TWR-002,0,0.29,0.42,58.53,98.07,137,0.89,0.67,0.84,80.86,0.79
f66996ac-c231-492e-aedc-a79637b951a1,2025-10-16,TWR-002,40.91,11.85,93,11,0.27,0.4,-65,4G,TWR-003,4,0.76,0.64,68.3,95.44,90,0.72,0.81,0.94,47.74,0.73
5ca599ef-f42c-482b-a145-f9fe49b19679,2026-03-19,TWR-004,34.84,19.83,42,16,0.66,2.2,-71,VoLTE,TWR-001,8,0.95,0.81,48.6,97.71,94,0.95,0.63,0.96,38.17,0.71
2a82c3ea-12c6-47df-aab0-d70c0f8e1fcd,2025-11-27,TWR-004,31.48,18.25,75,20,0.16,3.6,-100,4G,TWR-003,5,0.12,0.22,83.03,98.33,41,0.81,0.89,0.58,67.25,0.97
b9fc3e00-2880-4340-a4f0-a4501a3e369b,2026-07-10,TWR-003,65.35,16.61,61,2,1.92,1.1,-87,4G,TWR-005,2,0.44,0.72,58.43,95.93,95,0.93,0.7,0.81,87.15,0.76
8ed7cd28-8962-40bc-a601-6d36e56a0919,2025-12-29,TWR-002,55.75,7.24,12,6,1.21,2.1,-111,VoLTE,TWR-002,1,0.87,0.54,81.68,96.08,27,0.98,0.96,0.55,44.03,0.73
b1e89da0-97a4-4445-9ed9-e62f214596cd,2025-11-08,TWR-003,91.67,15.37,80,13,1.75,1,-64,4G,TWR-005,0,0.79,0.52,92.41,97.55,78,0.93,0.67,0.76,69.43,0.75
39122a8f-e4b0-4fb1-8115-77e314c4e2a5,2025-12-14,TWR-001,243.88,55.05,31,4,1.59,2.9,-90,5G,TWR-002,3,0.5,0.58,36.23,96.76,139,0.87,0.71,0.62,50.69,0.82
5ac70d64-f8e4-4f12-abe4-9f158cfb0b7d,2026-07-18,TWR-002,185.99,71.41,93,10,0.43,0.3,-90,5G,TWR-002,7,0.44,0.66,71.77,95.72,113,0.86,0.86,0.53,60.69,0.96
ae0cc310-4c3a-4aa8-9b88-49b5a58db54f,2025-08-21,TWR-002,48.98,16.51,79,7,1.79,1.8,-87,4G,TWR-002,10,0.12,0.23,51.98,95.94,73,0.93,0.8,0.84,51.1,0.86
8a69742a-9408-4a85-9b41-c05804efd333,2026-06-15,TWR-002,254.29,57.63,31,16,0.31,0.7,-92,5G,TWR-003,1,0.29,0.76,93.41,99.47,40,1,0.69,1,42.19,0.89
17168d7f-9ca1-4c51-9d49-a1a9dbfa06fb,2026-02-09,TWR-002,177.75,35.29,93,7,1.07,1.3,-72,5G,TWR-004,6,0.85,0.13,65.09,96.53,21,0.87,0.9,0.68,88.8,0.89
74c83e3d-c13c-42c0-aa90-3d43173f552c,2026-03-27,TWR-002,66.96,18.26,20,11,0.79,4,-84,4G,TWR-003,3,0.76,0.66,38.65,99.7,65,0.9,0.98,0.87,69.4,0.77
d17e1ccd-c998-4aa3-aa72-573ac2127562,2026-03-31,TWR-001,84.17,10.95,39,18,0.54,3.5,-114,VoLTE,TWR-002,6,0.64,0.23,91.1,95.74,70,0.96,0.72,0.59,34.16,0.85
9320124a-ca7d-4bc8-828a-28b1c8df1e97,2025-09-08,TWR-002,81.26,10.72,99,5,1.71,4.7,-105,VoLTE,TWR-001,7,0.03,0.54,31.38,99.27,80,0.82,0.64,0.5,50.64,0.78
9ccc58e7-9299-4142-bafb-f710db05966c,2025-11-23,TWR-002,203.87,66.77,21,3,0.73,3.7,-102,5G,TWR-002,1,0.78,0.23,45.56,98.44,146,0.78,0.97,0.96,63.11,0.9
2b158f3e-3b8d-4889-893f-628c84221836,2026-02-18,TWR-003,79.24,16.15,81,18,0.52,0.3,-97,VoLTE,TWR-002,2,0.37,0.32,48.3,99.73,128,0.88,0.94,0.84,60.6,0.96
04511c37-c1a9-49d6-9c40-6c4bba8f31e3,2026-05-09,TWR-002,19.34,13.35,13,16,1.28,0,-65,4G,TWR-001,9,0.19,0.78,56.13,98.42,126,0.7,0.97,0.73,79.74,0.86
72d2c1fa-4ff1-4074-9643-ed3c514d7b6e,2025-12-12,TWR-004,17.61,5.5,59,9,0.63,3.7,-71,4G,TWR-005,2,0.41,0.39,73.44,99.21,128,0.95,0.82,0.78,45.33,0.86
38226cde-3f9d-4721-924b-64c8254e07c0,2026-05-18,TWR-002,91.97,10.29,27,17,0.3,2.3,-81,4G,TWR-004,2,0.55,0.71,86.13,95.56,67,0.94,0.7,0.57,49.6,0.73
eaced506-ff82-43c1-addc-9ab931877337,2025-08-20,TWR-003,37.25,5.86,26,12,1.75,0.9,-84,VoLTE,TWR-001,5,0.71,0.31,67.9,96.74,74,0.93,0.82,0.83,30.74,0.94
eba71bbf-e713-4b7c-b4cd-fcd0ee8ee657,2026-02-07,TWR-004,955.52,59.61,43,9,0.28,1.2,-75,5G,TWR-003,7,0.68,0.32,56.77,97.84,130,0.93,0.99,0.52,87.98,0.87
497f8c14-635f-41f8-9ac5-f2ff49a62786,2026-06-05,TWR-001,56.22,13.39,32,2,0.34,2.5,-74,4G,TWR-003,10,0.21,0.42,69.57,97.22,44,0.91,0.93,0.79,75.7,0.98
9406a218-3d2e-480d-800d-1f1adeefdbb7,2026-04-17,TWR-005,93.37,9.54,95,12,1.34,4.9,-110,4G,TWR-005,5,0.09,0.68,55.02,97.2,35,0.91,0.94,0.85,30.26,0.96
f53cd074-283b-4078-a13e-edca0dedc0b3,2025-09-28,TWR-003,90.28,5.4,23,14,0.4,2.1,-94,4G,TWR-002,7,0.31,0.32,28.25,95.96,30,0.81,0.9,0.74,35.52,0.79
a36097e8-77da-41a6-b178-a5974468cedb,2026-02-04,TWR-001,60.9,16.79,73,3,1.86,3.8,-90,4G,TWR-002,7,0.55,0.56,44.55,96.64,142,0.87,0.76,0.84,76.24,0.77
6027f678-9fc6-40da-8edf-918457c9dbca,2026-03-04,TWR-001,812.96,67.5,24,14,1.39,1.5,-92,5G,TWR-005,7,0.95,0.58,48.79,97.92,65,0.72,0.82,0.61,57.57,0.81
de49c4cb-3066-4c71-8d13-39437d7865a2,2026-02-01,TWR-001,46.5,8.2,62,14,1.7,3.7,-83,4G,TWR-005,9,0.34,0.38,32.33,99.04,77,0.74,0.6,0.66,61.26,0.78
9b9f64d2-01d2-4d45-9fba-e40647cb297f,2025-08-08,TWR-002,10.08,16.26,16,20,0.26,4.9,-103,VoLTE,TWR-001,5,0.17,0.57,54.16,95,142,0.96,0.86,0.73,55.52,0.96
f73ad715-a1f2-43ff-861e-f0351ed4cc06,2026-03-13,TWR-002,83.56,18.88,56,1,0.89,0.4,-120,VoLTE,TWR-004,2,0.99,0.33,32.84,96.15,97,0.72,0.99,0.85,82.52,0.82
36ecff40-4dda-40c6-8b70-fa8601c88b3b,2026-07-06,TWR-003,807.12,97.02,84,9,1.79,4.6,-75,5G,TWR-001,6,0.86,0.67,89.91,98.35,139,0.87,0.79,0.69,69.17,0.95
945d962a-dd1d-4072-9194-67cb5b728503,2026-07-22,TWR-003,28.54,16.59,42,10,0.91,0.1,-79,VoLTE,TWR-004,2,0.89,0.63,89.93,98.32,20,0.85,0.99,0.91,57.21,0.7
22430e14-fc98-4dea-980d-fcbbbe057f5f,2025-12-05,TWR-005,24.45,9.98,30,8,1.78,2.8,-65,VoLTE,TWR-001,1,0.18,0.89,39.15,98.84,116,0.85,0.93,0.64,57.63,0.73
4d7dab0a-a08d-4959-9b3e-05149e7cf2c5,2025-09-10,TWR-003,15.12,9.66,21,7,1.22,3.2,-62,VoLTE,TWR-001,8,0.22,0.15,25.66,97.98,67,0.77,0.71,0.76,38.09,0.74
74e890e1-56fc-465b-88a5-5e0bac66ec1e,2026-01-18,TWR-001,95.36,9.03,23,7,1.96,1.5,-97,VoLTE,TWR-005,4,0.48,0.23,78.44,98.68,145,1,0.6,0.71,70.59,0.92
aea6a989-abce-4634-9986-4046b813fd02,2026-06-03,TWR-001,653.43,81.81,67,10,1.99,4.5,-73,5G,TWR-004,8,0.46,0.17,32.54,97.57,139,0.82,0.83,0.95,67.56,0.88
f55c9cfa-853c-4462-af4b-e5cb9d5f89a5,2025-12-19,TWR-002,49.74,8.41,13,14,1.19,2.6,-116,VoLTE,TWR-005,3,0.23,0.89,93.27,97.08,55,0.93,0.82,0.72,74.82,0.95
edbaa77b-1a1a-443d-a994-aec4f119a7c7,2026-03-13,TWR-003,95.53,5.07,26,17,1.03,3.2,-78,VoLTE,TWR-005,1,0.13,0.82,21.11,95.83,86,0.97,0.78,0.75,40.76,0.73
13b1be89-8158-4579-9b2b-2ff61c288576,2026-05-31,TWR-005,26.5,5.26,42,16,0.42,4.4,-80,VoLTE,TWR-005,4,0.21,0.87,23.48,95.36,28,0.88,0.79,0.55,70.2,1
b95fcc60-c4c9-47b5-ab0a-cf1bd691dbe8,2025-09-03,TWR-001,63.72,12.88,69,8,1.16,4.6,-87,4G,TWR-003,5,0.65,0.41,23.91,97.03,69,0.97,0.76,0.51,81.91,0.75
b67b6830-dcbb-43e2-b98c-001b3ebef3c1,2026-06-04,TWR-002,580.66,77.69,73,4,0.13,2.4,-72,5G,TWR-004,7,0.45,0.67,90.21,98.78,114,0.95,0.69,0.72,46.49,0.87
8d505716-b9dc-4a37-bc49-fdcb6064f197,2026-04-23,TWR-003,231.53,38.63,63,2,0.73,2.4,-109,5G,TWR-003,5,0.92,0.59,80.39,99.81,83,0.97,0.79,0.79,89.35,0.88
3cf95f31-15af-470b-a328-a1f6d0f1a027,2025-10-26,TWR-004,31.82,9.76,91,12,0.87,0.8,-115,4G,TWR-002,0,0.48,0.31,75.15,97.1,130,0.87,0.6,0.66,66.51,0.71
d38f54f0-8259-43b0-8f46-881a344d17ea,2025-09-20,TWR-005,83.04,12.4,80,5,0.3,1.4,-72,VoLTE,TWR-005,4,0.91,0.18,74.36,98.12,101,0.93,0.86,0.69,70.07,0.84
aa3c113e-444a-4f16-9543-d2cb68590032,2026-04-11,TWR-003,19.05,8.44,34,7,1.26,4.6,-111,VoLTE,TWR-004,8,0.05,0.49,32.79,96.42,26,0.81,0.92,0.99,38.06,0.94
2c7a1f63-887b-4745-9839-988d168f49c9,2025-12-22,TWR-001,227.76,25.31,58,20,0.79,0.1,-108,5G,TWR-003,10,0.2,0.77,58.85,95.43,100,0.77,0.66,0.59,80.64,0.98
bc26602b-fe86-45bc-8954-8ceb99139e6a,2026-07-06,TWR-002,39.71,17.33,93,1,0.26,4.7,-118,4G,TWR-005,0,0.03,0.11,57.05,95.76,88,0.85,0.73,0.9,85.06,0.9
93014134-1ca5-4360-8369-5d794df44bfe,2025-09-29,TWR-004,209.4,24.45,34,18,0.78,0.5,-104,5G,TWR-005,4,0.16,0.78,30.93,98.96,76,0.82,0.75,0.67,61.46,0.8
8bdb3145-3230-47e1-b651-720482059a85,2025-12-28,TWR-005,984.33,66.09,55,3,0.76,0.5,-66,5G,TWR-004,9,0.8,0.65,94.06,95.4,99,0.72,1,0.63,34.98,0.87
11387dbf-513d-48d0-9b22-a669496c00e3,2026-05-15,TWR-004,97.63,5.11,51,8,1.02,3.9,-118,4G,TWR-003,1,0.48,0.44,67.5,96.44,105,0.72,0.6,0.83,73.96,0.92
ffc67b05-ebc6-45d4-b059-bc30a9b06502,2025-08-21,TWR-004,47.1,13.26,83,16,0.2,5,-118,VoLTE,TWR-003,0,0.71,0.38,42.9,96.4,33,0.95,0.73,0.9,46.91,0.95
9b973863-cd8c-40a8-b352-6072fe19d493,2026-01-22,TWR-003,71.73,10.02,49,10,1.64,2.4,-85,VoLTE,TWR-001,4,0.25,0.2,50.84,95.62,44,0.86,0.71,0.98,76.3,0.8
877f4c94-f9d7-473f-ae5d-236253be7a91,2025-10-16,TWR-003,55.68,9.27,35,16,0.19,0.4,-100,4G,TWR-005,10,0.36,0.57,40.35,99.75,58,0.76,0.96,0.76,75.89,0.89
5d058fc1-973b-4246-8166-30d1150a60d8,2025-10-30,TWR-003,234.88,75.5,96,13,1.48,1.5,-100,5G,TWR-002,5,0.16,0.37,44.82,97.95,109,0.82,0.62,0.63,62.29,1
fa2608fe-cd9f-4389-b171-d5f3d72b1bfb,2026-02-09,TWR-002,72.28,12.12,40,5,0.51,0.8,-96,VoLTE,TWR-004,8,0.81,0.66,62.75,95.53,51,0.93,0.79,0.66,30.99,0.99
7262ee19-65dd-4d5e-b8f5-c8c0c7d2514d,2025-10-25,TWR-003,963.34,64.55,90,19,1.59,2.8,-112,5G,TWR-003,4,0.4,0.32,47.56,99.29,21,0.76,0.74,0.63,51.52,0.91
5c78db41-5ffc-475f-87f3-d69994377f81,2025-09-23,TWR-004,42.93,18.33,37,7,1.35,4.9,-103,VoLTE,TWR-002,6,0.91,0.58,46.74,95.18,71,0.8,0.65,0.95,81.83,0.73
2180db03-bc0f-433b-988b-5a9c10f0e5f1,2026-04-28,TWR-001,56.39,17.2,94,12,1.7,2.3,-92,4G,TWR-004,4,0.29,0.65,30.22,99.85,100,0.94,0.73,0.66,56.23,0.93
a481f8d8-d2d7-436a-9a01-d82ac49f6549,2026-03-18,TWR-003,72.58,13.28,18,3,0.51,3.9,-105,VoLTE,TWR-004,6,0.14,0.33,20.55,99.77,73,0.77,0.96,0.84,81.46,0.93
cc55cbc9-b404-4a71-a03f-31d5e789eff2,2025-08-13,TWR-003,33.76,5.95,57,2,0.49,2.3,-63,VoLTE,TWR-003,3,0.31,0.18,56.51,97.35,73,0.79,0.69,0.67,61.24,0.72
dfd8a26c-d61f-4aee-b768-fcf8c23c1c2b,2025-09-23,TWR-003,368.03,86.11,97,5,0.37,2.1,-100,5G,TWR-004,5,0.9,0.28,68.75,99.68,57,0.81,0.61,0.72,55.06,0.8
e9d4a29a-cc45-422d-b955-54cba7dee66a,2025-09-30,TWR-003,98.04,7.85,31,7,0.5,4.9,-70,VoLTE,TWR-001,8,0.88,0.11,35.42,98.65,52,0.83,0.79,1,31.74,0.79
9cbf226c-491c-466a-a704-4612f16e82cd,2026-04-28,TWR-005,43.88,19.93,18,17,0.16,3.3,-76,VoLTE,TWR-004,4,0.69,0.52,21.95,98.74,34,0.79,0.95,0.94,55.72,0.98
5491466e-d72c-4b78-8565-23559af1155a,2025-11-20,TWR-004,81.3,12.78,36,13,0.99,4.9,-62,4G,TWR-003,0,0.23,0.86,45.76,98.58,89,0.8,0.67,0.92,67.98,0.72
b30e8fc0-b9c8-433f-a201-7faade4ff3b3,2026-04-11,TWR-005,594.6,71.45,56,4,1.15,4.3,-100,5G,TWR-005,5,0.85,0.46,51.94,97.88,109,0.77,0.91,0.62,56.63,0.75
d1d92e98-d64e-4632-bcfd-3d0349b684e7,2025-09-02,TWR-001,555.78,35.12,48,12,0.96,0.5,-100,5G,TWR-005,8,0.59,0.33,36.12,99.47,76,0.86,0.79,0.71,57.07,0.99
82f6b456-7413-4822-863b-158636de0cf3,2025-12-06,TWR-005,80.03,9.12,17,10,0.58,0.5,-73,4G,TWR-002,1,0.1,0.55,56.59,97.06,55,0.8,0.67,0.84,39.46,0.91
2d99c979-811c-4600-8592-3fef439de424,2025-11-26,TWR-004,71.54,10.08,87,5,0.23,2.5,-97,VoLTE,TWR-001,1,0.07,0.39,51.27,97.91,23,0.95,0.75,0.96,80.01,0.85
63b5596c-8cc6-4b25-9b56-448fd9fa164c,2025-10-28,TWR-003,71.64,6.3,77,16,1.14,0.5,-83,4G,TWR-003,9,0.12,0.45,91.18,97.32,97,0.99,0.75,0.84,48.37,0.92
a4d00119-edec-42a0-acc0-d91d5452749f,2026-03-09,TWR-003,713.78,65.35,42,14,1.54,1.7,-102,5G,TWR-001,0,0.41,0.17,29.16,99.67,29,0.76,0.8,0.57,52.93,0.97
59ad3384-a5d5-4303-8eb4-2b873c42fa5f,2025-09-08,TWR-001,85.75,7.06,66,11,0.74,1.2,-103,VoLTE,TWR-003,2,0.92,0.85,82.44,99.6,52,0.78,1,0.6,44.48,0.82
239e9010-c817-42bc-94a0-91f758fbfe5c,2026-03-03,TWR-003,962.72,68.8,86,5,1.56,3,-119,5G,TWR-001,8,0.5,0.84,91.88,97.83,128,0.74,0.68,0.8,42.18,1
d285b5f9-3cee-4b3b-898e-23c94fdb766c,2026-04-18,TWR-004,75.34,19.02,96,10,1.56,4.6,-104,VoLTE,TWR-005,3,0.19,0.12,35.48,99.63,62,0.95,0.85,0.67,74.09,0.77
31da8388-9d80-4b63-9263-b036094c2157,2025-11-10,TWR-002,73.87,7.18,99,12,1.34,3.7,-79,4G,TWR-005,2,0.66,0.65,39.2,97.42,132,0.83,0.9,0.77,76.43,0.78
c904b4b3-f36e-43d3-8b92-b59e111b6ec0,2025-12-21,TWR-003,74.5,14.76,98,17,0.16,0.3,-81,4G,TWR-003,6,0.48,0.73,53.57,95.49,109,0.8,0.68,0.55,84.29,0.77
87b226d7-6bc5-446e-aae0-8153b07d4f7a,2026-03-20,TWR-005,11.41,6.54,57,2,0.55,4.4,-84,4G,TWR-003,4,0.8,0.62,49.93,98.39,66,0.92,0.98,0.75,64.74,0.75
fe6053cb-62cb-4c37-a92f-187d3e21c7e8,2025-12-07,TWR-005,86.73,19.94,70,15,0.29,4.1,-76,4G,TWR-002,2,0.94,0.55,48.02,98.9,135,0.78,0.95,0.56,58.22,0.7
e560f4b7-414f-4419-a1aa-55131c75cc06,2025-09-08,TWR-001,860.11,62.46,19,20,0.99,1.5,-100,5G,TWR-003,9,0.52,0.55,68.44,98.87,114,0.97,0.87,0.9,42.17,0.93
6bd0809d-9a66-4f82-97ba-f0318de52ea1,2025-09-25,TWR-003,386.36,43.41,71,13,1.33,1.6,-61,5G,TWR-003,7,0.9,0.45,30.02,97.66,45,0.86,0.81,0.59,67.05,0.94
71c2569b-b91b-493a-bf09-6ce8c6706bbf,2026-05-13,TWR-002,39.4,9.47,68,15,0.76,1.2,-77,4G,TWR-005,7,0.16,0.35,85.16,95.14,145,0.74,0.77,0.54,83.36,0.84
36d974d3-aca3-4740-9adb-3f2a02d2c13b,2026-01-07,TWR-005,70.37,12.24,11,15,1.88,3.2,-120,4G,TWR-002,2,0.36,0.29,25.76,95.01,74,0.99,0.88,0.81,68.28,0.89
af513755-7326-4d85-84fe-fcf70d40de9e,2026-06-23,TWR-004,990.77,89.46,48,5,0.6,1.2,-87,5G,TWR-003,2,0.67,0.89,68.14,97.82,110,0.81,0.61,0.99,38.89,0.98
c4592ed1-6c86-4fe7-b72b-840e3ac28f4d,2025-10-12,TWR-004,965.95,64.9,82,7,0.84,2.3,-79,5G,TWR-005,6,0.41,0.35,20.91,95.07,51,0.82,0.64,0.66,82.66,0.95
aae26f8f-ea66-4cef-9451-db5cf5b3751e,2025-11-27,TWR-003,728.02,22.61,72,17,1.68,0.3,-61,5G,TWR-003,5,0.89,0.77,84.2,98.43,22,0.92,0.97,0.71,65.49,0.94
2247f751-d870-42ca-a978-c8ef386ff119,2025-11-27,TWR-003,51.87,5.98,18,14,1,4.3,-61,4G,TWR-001,8,0.74,0.71,77.97,95.02,142,0.9,0.95,0.66,47.01,0.72
f267b8c7-a6fd-4126-82f5-205a87063856,2026-05-11,TWR-005,754.08,28.65,28,11,0.25,0.3,-104,5G,TWR-002,7,0.04,0.59,49.02,95.03,124,0.73,0.76,0.85,44.89,0.8
24a44aa7-f33c-4b80-a32d-ea34c8801ffc,2026-04-11,TWR-003,31.96,16.89,64,3,1.3,2.5,-73,VoLTE,TWR-004,1,0.67,0.6,94.22,98.18,147,0.99,0.69,0.51,76.29,0.84
baad8e4d-b1fd-499f-ad2c-5a490b945ab4,2026-05-18,TWR-005,69.05,15.62,95,4,1.32,0.6,-74,4G,TWR-005,1,0.37,0.31,29.2,95.6,123,0.94,0.6,0.7,69.1,0.96
6f676658-fa4c-449f-80ba-0d4de1512293,2026-02-02,TWR-001,269.32,71.03,58,11,1.97,4.6,-65,5G,TWR-004,0,0.82,0.55,84.26,96.45,112,0.93,0.66,0.68,55.48,0.89
5bd01c02-730f-4b83-ac68-025d73003558,2025-08-08,TWR-004,51.61,16.98,39,15,0.01,2.1,-103,4G,TWR-001,0,0.98,0.84,38.27,99.65,94,0.86,0.66,0.63,68.4,0.75
b367e5c5-8606-4054-98ef-a632988b5be5,2026-01-02,TWR-001,56.32,19,61,4,0.51,4.1,-85,VoLTE,TWR-002,2,0.64,0.1,56.94,96.74,49,0.98,0.97,0.56,61.98,0.77
a5d6e03e-dfc4-479e-92d5-93e9707beadd,2025-08-18,TWR-004,199.79,34.92,34,4,0.37,4.1,-81,5G,TWR-001,7,0.84,0.61,55.22,95.49,125,0.93,0.99,0.89,52.19,0.92
7b11d61d-bac3-48a1-a135-a5e8211a8bec,2025-09-25,TWR-005,58.99,9.94,18,17,1.56,2.2,-108,VoLTE,TWR-003,3,0.55,0.24,39.11,99.05,74,0.71,0.86,0.63,83.49,0.9
6d98e2fe-14e5-4f27-b451-77e77ab93b73,2025-09-18,TWR-003,508.58,27.4,68,19,1.1,1.2,-106,5G,TWR-005,1,0.3,0.79,61.39,98.21,107,0.9,0.63,0.9,88.94,0.94
e0e01753-5a66-4b4b-851c-756b81dffe1e,2026-02-26,TWR-004,38.47,14.93,46,18,1.65,0.7,-86,VoLTE,TWR-005,5,0.44,0.8,62.82,99.89,138,0.95,0.64,0.7,53.32,0.8
b90cfedb-312b-45f2-8c3d-8f33ae4b6303,2026-01-28,TWR-005,912.95,30.75,72,2,1.83,1.6,-96,5G,TWR-002,5,0.3,0.15,83.43,96.53,51,0.8,0.92,0.88,54.4,0.85
e11ebf55-74e2-4f60-aa4f-f56335fce82d,2026-02-20,TWR-003,152.07,48.09,31,7,0.46,0.4,-73,5G,TWR-005,5,0.34,0.41,82.18,97.72,112,0.92,0.81,0.79,83.92,0.88
9344e521-777b-4412-9f56-506fb8477379,2025-09-21,TWR-001,989.34,32.91,94,5,0.69,0,-114,5G,TWR-001,0,0.78,0.42,47.48,95.86,106,0.73,0.74,0.68,51.76,0.8
44200452-6364-4d9d-a3a7-787fe3e0fbf2,2026-06-11,TWR-003,68.72,12.38,84,1,1.68,3.2,-64,VoLTE,TWR-001,4,0.2,0.12,52.78,99.76,149,0.98,0.75,0.78,51.27,0.98
1b3b9dbe-00d2-4a00-aefb-6a467b0a743d,2025-12-16,TWR-003,353.03,85.4,97,13,1.05,0.1,-72,5G,TWR-005,2,0.56,0.85,54.65,97.73,79,0.76,0.8,0.56,66.06,0.89
172705e2-7f97-4241-bf1e-46fc8d508454,2026-02-26,TWR-004,548.07,49.54,46,10,1.32,4.8,-78,5G,TWR-004,2,0.07,0.9,90.34,96.41,26,0.81,0.86,0.67,53,0.92
2071cc9b-a53e-4dea-aea7-eb043505d2d3,2026-03-03,TWR-005,28.61,12.37,10,13,0.86,1.4,-78,VoLTE,TWR-003,7,0.63,0.55,85.39,97.9,119,0.75,0.78,0.96,62.95,0.99
cda944cb-515d-46da-91d9-83d7dd9c68d5,2026-04-23,TWR-005,164.17,68.41,54,17,1.27,3.2,-84,5G,TWR-001,4,0.61,0.28,82.11,95.36,35,0.92,0.67,0.63,70.18,0.97
76471e9d-7dd2-4322-9cc8-a6d704f58b62,2026-01-05,TWR-005,33.52,16.21,66,2,0.47,0.4,-71,4G,TWR-001,5,0.18,0.46,51.91,96.83,148,0.95,0.93,0.67,83,0.83
3d41c8da-c863-4979-9fb0-ab29a9247eda,2025-10-28,TWR-001,683.21,98.1,40,3,0.5,1.4,-103,5G,TWR-003,3,0.28,0.59,38.84,98.71,113,0.87,0.89,0.94,48.75,0.91
912c6fda-0e72-431b-a262-cebcedf9e67c,2025-08-25,TWR-001,18.58,11.75,27,17,1.93,4.1,-83,VoLTE,TWR-002,3,0.72,0.42,48.92,97.42,62,0.73,0.83,0.86,57.54,0.8
3fc1a07d-76d2-43ae-b551-ba7645560d9f,2025-08-18,TWR-001,58.27,8.01,12,14,1.9,1,-90,VoLTE,TWR-005,3,0.19,0.61,44.79,97.15,140,0.74,0.64,0.78,35.17,0.9
3ef5ab43-f4b4-40fe-bedc-f694bd5b0845,2026-01-18,TWR-001,48.67,14.55,82,17,1.46,4.8,-63,VoLTE,TWR-001,3,0.13,0.86,28.09,95.4,102,0.94,0.93,0.6,85.03,0.98
bb7eff9e-5758-4b7a-b1c7-3fb2b70071d6,2025-10-07,TWR-003,90.44,5.76,97,16,0.37,4.8,-92,VoLTE,TWR-004,8,0.11,0.13,32.03,99.07,107,0.7,0.64,0.69,79.22,0.87
8e920188-13c1-47eb-b7c0-2c3090fcb945,2026-01-11,TWR-004,45.22,8.4,47,12,0.17,0.4,-120,VoLTE,TWR-001,6,0.28,0.76,48.42,95.67,62,0.73,0.82,0.82,79.87,0.78
791d6513-a56c-4235-ab5b-281f80c72f70,2026-06-03,TWR-005,213.35,32.96,93,12,0.71,1.8,-92,5G,TWR-004,3,0.05,0.27,48.84,97.88,38,0.85,0.85,0.76,65.98,0.94
7c867c8b-fc14-4cce-8347-7701524702a3,2026-05-15,TWR-004,68.79,15.16,17,12,0.86,1.9,-96,VoLTE,TWR-005,1,0.22,0.69,89.38,95.73,31,0.75,0.71,0.77,61.97,0.87
b95a8bf5-901e-4695-9332-9a6a0ed03859,2025-09-22,TWR-004,60.32,18.49,91,2,1.2,2.3,-65,4G,TWR-002,4,0.3,0.87,83.33,97.87,137,0.93,0.91,1,44.78,0.99
350e1347-3b32-4884-9495-b08a53eb371e,2025-09-07,TWR-001,77.08,19.47,25,3,1.36,1.3,-117,VoLTE,TWR-005,0,0.43,0.7,70.16,99.76,117,0.92,0.6,0.63,88.2,0.77
19b7cbe4-c7a9-4286-854c-2f15487d29cd,2026-05-17,TWR-001,199,64.65,45,4,1.23,2,-64,5G,TWR-003,7,0.13,0.73,43.43,97.45,63,0.77,0.84,0.85,78.75,0.98
380ebee0-c2e4-40bb-92b4-483ee925fb8e,2025-10-10,TWR-001,668.53,82.72,79,18,0.29,4.3,-77,5G,TWR-005,4,0.17,0.75,83.6,97.44,28,0.98,0.86,0.61,72.34,0.87
c0d73f17-1423-47d0-a965-918386555c6d,2026-02-26,TWR-005,28.02,8.93,13,1,1.87,3.1,-111,VoLTE,TWR-004,4,0.74,0.15,80,97.66,44,0.72,0.62,0.91,61.1,0.82
8e0eca08-7478-4fb8-a26c-ac4f071f0e19,2025-11-18,TWR-002,376.53,61.35,60,8,1.99,0.6,-106,5G,TWR-005,0,0.25,0.59,34.99,97.47,67,0.73,0.72,0.93,52.5,0.98
a30552e6-df5c-4558-b552-74adf1be5f50,2026-04-18,TWR-005,52.55,7.13,30,4,1.13,4.4,-94,4G,TWR-003,0,0.1,0.61,85.01,96.23,68,0.71,0.68,0.68,76.76,0.97
8836a43a-49de-4870-b752-2288eb840da7,2026-04-21,TWR-003,541.65,85.75,77,14,1.64,2.8,-75,5G,TWR-004,9,0.46,0.88,70.44,96.21,101,0.71,0.96,0.87,43.56,0.73
9244b824-878d-4341-af9a-741914240733,2026-03-20,TWR-003,593.86,35.96,66,15,0.74,1.1,-101,5G,TWR-002,2,0.81,0.35,73.33,96.38,38,0.93,0.94,0.72,83.4,0.75
801a2899-8a3c-40a6-ac34-a263e4fb10aa,2025-08-26,TWR-005,265.22,26.15,86,4,0.28,1.5,-111,5G,TWR-002,3,0.5,0.77,39.4,95.46,83,0.82,0.65,0.82,38.65,0.79
72d77046-96c0-43ea-b269-c0d182bf3711,2026-05-13,TWR-005,97.97,13.9,69,4,1.6,0.7,-118,VoLTE,TWR-002,7,0.03,0.11,26.89,98.59,100,0.71,0.97,0.74,44.94,0.77
344d53de-dfb3-428a-ac6e-4f2c2bfe8d29,2026-04-12,TWR-002,84.2,15.13,30,12,0.74,4,-91,4G,TWR-002,7,0.06,0.16,67.82,98.78,94,0.84,0.65,0.9,44.25,0.93
129f994e-8dc9-4be8-85c1-bda77e69c16c,2026-05-09,TWR-005,726.18,71.03,59,14,1.2,4.7,-65,5G,TWR-002,4,0.68,0.84,69.81,99.72,58,0.87,0.68,0.65,81.98,0.91
02989706-8dce-4d5e-b03c-0ee116b6eb51,2026-03-19,TWR-002,52.1,17.29,44,13,0.05,0.2,-75,4G,TWR-003,9,0.67,0.63,20.71,95.01,141,0.74,0.8,0.79,78.2,0.71
6140bd1b-2fbb-4355-a7a7-7e8d79c110a6,2026-01-02,TWR-005,941.75,48.92,11,14,1.2,0.2,-102,5G,TWR-004,9,0.4,0.27,36.65,95.92,92,0.71,0.6,0.84,73.71,0.85
96870452-2935-42db-b346-e86b9ad06404,2026-01-26,TWR-003,67.36,12.07,91,12,1.64,2.1,-67,VoLTE,TWR-002,2,0.17,0.4,74.86,99.61,121,0.78,0.68,0.8,33.29,0.97
23430437-ecfe-43e2-81d6-1a713684521f,2026-01-07,TWR-005,902.68,88.07,93,14,1.31,4.2,-81,5G,TWR-003,1,0.16,0.18,51.81,97.58,26,0.7,0.83,0.7,76.28,0.78
066a7619-c785-4ea6-be40-eb34b937f82f,2026-03-17,TWR-001,27.52,15.56,94,6,1.9,4.2,-61,VoLTE,TWR-004,4,0.44,0.59,54.84,98.92,119,0.76,0.74,0.83,72.33,0.9
54cf6856-7d2f-4864-b467-9f6d6e6be8fd,2026-06-08,TWR-002,92.61,10.66,20,16,0.69,4.8,-82,VoLTE,TWR-003,2,0.71,0.74,59.73,98.72,146,0.89,0.87,0.58,34.82,0.85
d0fe457c-ca75-4c03-8824-b8850adb2156,2025-12-21,TWR-004,421.16,73.15,92,18,1.66,2.8,-114,5G,TWR-001,8,0.73,0.14,72.15,98.72,147,0.99,0.72,0.63,51.31,0.99
f48ba05a-32eb-4d22-9af0-0b2fe6241035,2026-05-02,TWR-005,80.35,12.72,21,15,1.43,2.8,-102,VoLTE,TWR-002,2,0.76,0.54,78.45,96.72,121,0.88,0.88,1,78.64,0.99
586203b8-e52f-4da2-a465-78fed330baf1,2026-05-02,TWR-001,71.06,5.74,47,9,1.76,0.3,-81,VoLTE,TWR-001,8,0.11,0.42,63.32,97.44,52,0.76,0.79,0.81,62.4,0.89
a26c1361-ac2c-416d-8332-78d74f4a0e59,2026-04-17,TWR-003,702.09,60.38,51,13,1.56,3.8,-117,5G,TWR-005,7,0.31,0.23,41.21,96.39,143,0.97,0.76,0.69,83.13,0.95
a16389ac-d513-42f0-a9a0-f1d1dfe79e6b,2025-10-26,TWR-001,747.63,75.22,68,11,1.53,0.8,-120,5G,TWR-004,8,0.69,0.14,63.47,96.73,115,0.76,0.86,0.97,39.01,0.97
4321821f-ff39-4230-bf4e-c7879433be8a,2026-04-30,TWR-002,10.73,11.66,46,18,1.03,4.2,-98,4G,TWR-001,5,0.89,0.82,28.24,99.74,119,0.94,0.96,0.89,57.66,0.88
928680f2-aa4b-4ce9-931f-ae56aee7269c,2026-01-01,TWR-001,42.81,11.45,57,4,1.5,2.8,-66,VoLTE,TWR-004,1,0.08,0.32,60.75,97.45,102,0.72,0.68,0.6,89.69,0.73
7ec83e1e-854c-4847-9027-0cfe3028fad7,2026-06-02,TWR-001,791.46,20,38,7,0.57,3.4,-114,5G,TWR-001,5,0.36,0.81,36.01,96.4,58,0.75,0.62,0.52,81.32,0.74
a770c74c-b828-4715-b8b1-b0e826798068,2025-12-31,TWR-004,42.12,6.11,47,5,1.14,4,-99,VoLTE,TWR-005,6,0.45,0.18,64.33,95.02,60,0.98,0.99,0.86,86.52,0.78
d919ed73-7d24-4359-8665-193bf1034135,2026-06-27,TWR-004,74.47,15.05,56,3,1.07,2.8,-112,VoLTE,TWR-001,6,0.61,0.47,22.94,98.5,27,0.9,0.82,0.54,31.09,0.95
48dbca1f-be75-4142-b059-1790b79ee048,2025-10-31,TWR-002,109.37,41.56,57,7,1.11,0.4,-77,5G,TWR-003,8,0.25,0.26,68.66,97.24,44,0.83,0.96,0.79,65.42,0.9
3ea83106-530a-4d91-9df3-62095b08b013,2025-10-16,TWR-005,14.52,17.45,44,18,0.33,3.5,-107,VoLTE,TWR-003,3,0.9,0.43,43.99,95.27,27,0.9,0.86,0.72,41.26,0.76
30cc4d78-ff41-43a6-83ad-74ffd0b4efc8,2026-01-12,TWR-001,99.56,12.89,90,6,0.94,0.5,-93,VoLTE,TWR-002,6,0.51,0.74,66.35,99.3,112,0.71,0.68,0.57,69.28,0.92
96e8c98e-404d-48e3-88f8-6c48ffe2941a,2025-11-27,TWR-005,17.13,12.69,50,5,1.61,1.8,-92,4G,TWR-002,5,0.7,0.63,37.61,95.59,45,0.9,0.75,0.52,68.15,0.91
eef5bc96-7397-44c1-8d90-d6193e26f007,2026-05-31,TWR-001,66.06,16.41,54,2,0.09,3.2,-66,VoLTE,TWR-003,5,0.9,0.73,50.79,97.35,122,0.98,0.66,0.55,39.48,0.73
d5abd90c-83a4-4db2-80ae-a66f720dcb18,2025-08-09,TWR-003,657.79,87.45,72,3,1.42,2.1,-80,5G,TWR-001,5,0.55,0.47,56.69,96.72,140,0.79,0.94,0.8,69.68,0.73
42c61060-da6f-49cc-bbca-a5667d8c3b08,2025-09-21,TWR-001,176.36,59.43,36,12,0.62,2.9,-113,5G,TWR-002,8,0.27,0.26,91.38,95.34,38,0.76,0.74,0.52,88.01,0.92
e8ff1bce-7a7f-4dd5-bc1a-9ef1d0672f07,2025-08-21,TWR-003,488.33,92.65,46,17,1.21,1.3,-83,5G,TWR-004,1,0.29,0.21,34.17,96.22,62,0.97,0.96,0.95,49.91,0.99
d2b3c492-b631-4e40-8fd6-ba44e3f0a2db,2026-05-21,TWR-001,175.02,71.79,79,8,0.78,4.2,-77,5G,TWR-003,3,0.31,0.85,74.02,98.22,26,0.76,0.76,0.69,58.31,0.88
f842d788-fee6-4769-bf33-bbb96416f281,2025-09-15,TWR-004,88.63,10.39,48,18,0.26,4.8,-114,VoLTE,TWR-002,4,0.45,0.79,75.57,97.59,87,0.97,0.92,0.66,32.72,0.86
c77ddca5-aa3b-4e1e-bd58-0882f65156e5,2026-05-17,TWR-005,887.34,53.53,70,3,0.49,4.2,-91,5G,TWR-005,7,0.22,0.65,59.48,95.91,65,0.87,0.61,0.53,84.12,0.77
07c2ef11-52e3-4291-9596-93ada75b3000,2025-10-20,TWR-005,950.64,38.06,50,17,1.93,3.1,-78,5G,TWR-003,9,0.27,0.21,49.02,97.76,64,0.77,0.8,0.97,31.5,0.94
34f422a5-4760-4eef-a0eb-641a6cf1346c,2025-08-03,TWR-001,328.42,95,52,14,0.69,3.7,-63,5G,TWR-004,2,0.64,0.24,51.67,97.37,47,0.97,0.9,0.79,58.3,0.98
c8272a25-75a9-43d1-b266-c2cd3624ea98,2026-01-16,TWR-005,84.61,16.51,93,9,0.32,4.1,-96,4G,TWR-004,9,0.75,0.11,42.62,97.03,76,0.92,0.84,0.99,56.31,0.88
dc6c6ebd-9c88-41ca-b5fa-31c0c8179282,2026-05-09,TWR-001,48.24,12.51,79,5,1.09,1,-65,VoLTE,TWR-001,4,0.44,0.82,75.94,95.66,53,0.82,0.96,0.67,45.73,0.84
852da3ae-a887-4bd9-ad1c-cd7de5396a3e,2025-08-21,TWR-005,603.31,39.59,15,8,1.22,0.9,-105,5G,TWR-001,1,0.24,0.69,43.08,96.46,104,0.95,0.63,0.95,47.67,0.84
929d5e77-c120-412f-a6d1-b4be42044d59,2026-01-30,TWR-001,67.81,13.45,61,14,1.89,0.3,-83,VoLTE,TWR-004,6,0.67,0.73,64.24,99.03,146,0.96,0.78,0.76,79.32,0.77
51610b3a-bedb-44b7-928a-50724eca204b,2025-10-03,TWR-003,92.14,18.5,30,14,1.41,3.8,-86,4G,TWR-005,8,0.25,0.26,85.74,96.81,139,0.96,0.95,0.75,58.45,0.7
0a6518cf-c22a-410c-a2f1-ea2ff9e58df5,2025-11-07,TWR-005,96.02,19.03,82,19,0.45,0,-75,VoLTE,TWR-004,2,0.74,0.51,51.08,98.07,63,0.71,0.93,0.83,82.75,0.98
80435b54-c26f-41e2-9c2c-0338f60ae381,2026-03-30,TWR-005,32.08,12.76,71,19,0.6,1.9,-70,VoLTE,TWR-001,2,0.78,0.8,85.69,97.12,93,0.89,0.88,0.7,86.8,0.82
bb03879a-397c-4f39-b6aa-7e54886e1813,2025-11-13,TWR-005,27.37,7.22,30,4,0.37,2.5,-86,4G,TWR-001,5,0.62,0.48,46.71,98.21,57,1,0.65,0.72,86.36,0.71
3702f74c-faa4-4f69-9f95-8061e0b51a4b,2025-12-26,TWR-004,284.23,80.54,89,15,1.64,3.7,-85,5G,TWR-002,5,0.14,0.48,85.28,96.99,79,0.73,0.62,0.8,38.62,0.99
fef1c696-3932-475d-b510-ba85a387cfe3,2025-11-14,TWR-003,75.97,12.17,43,4,0.38,3.3,-61,4G,TWR-003,2,0.94,0.63,32.87,97.73,116,0.85,0.97,0.74,89.6,0.71
35527baa-7fe6-4bbe-8549-e1a4f8549a03,2026-04-21,TWR-005,294.95,47.12,89,12,0.25,3.3,-103,5G,TWR-001,9,0.45,0.3,74.11,96.22,22,0.75,0.84,0.97,80.48,0.8
bca85049-32d8-4bb9-853e-52482faf9289,2026-05-04,TWR-001,863.97,74.96,61,8,1.4,4.6,-70,5G,TWR-001,2,0.3,0.16,65.19,96.8,71,0.93,0.88,0.71,69.44,0.91
f436b1cd-3d3b-4d26-b3c4-31dcf874160b,2025-12-31,TWR-001,232.29,59.42,77,15,0.47,2.2,-75,5G,TWR-001,6,0.39,0.44,62.36,95.93,111,0.81,0.93,0.54,60.19,0.83
40267515-129e-46a9-80d4-bb705a15b85e,2025-09-17,TWR-003,28.57,10.77,31,6,1.76,0.7,-62,VoLTE,TWR-003,10,0.94,0.43,91.6,98.63,116,0.95,0.95,1,71.09,0.89
01be256c-c489-4619-8ab9-70ae828d62da,2026-05-02,TWR-002,264.75,60.67,49,17,1.46,1.6,-63,5G,TWR-004,4,0.84,0.36,33.39,96.61,95,0.76,0.69,0.94,42.87,0.91
4da275c0-2b09-4099-a516-af89ac17333e,2026-05-16,TWR-002,845.74,44.06,38,12,0.03,3.6,-91,5G,TWR-002,10,0.46,0.54,63.56,96.47,123,0.85,0.96,0.96,81.03,0.86
5a6a59f6-dd8a-47fc-a55c-52618ecae331,2026-02-07,TWR-004,31.12,16.65,99,19,1.47,3.7,-94,4G,TWR-003,6,0.14,0.18,37.84,96.45,112,0.72,0.85,0.54,38.23,0.95
40b8693f-4fc1-4278-bc6c-811c4c7f3057,2026-07-08,TWR-003,75.75,16.44,78,14,1.28,4.3,-106,VoLTE,TWR-003,8,0.03,0.46,67.71,95.01,71,0.86,0.83,0.69,55.18,0.94
46e258b6-d570-4ed2-8d7a-a4234dc0b156,2026-01-14,TWR-001,734.53,68.87,10,7,0.02,4.8,-111,5G,TWR-001,4,0.94,0.1,77.49,97.91,64,0.99,0.8,0.87,47.56,0.92
d0671269-86f5-4b46-8c24-e4a43e0b756d,2025-09-03,TWR-003,593.99,23.97,54,9,0.37,1.6,-98,5G,TWR-004,8,0.24,0.89,81.52,96.79,113,0.8,0.77,0.62,60.59,0.81
7e6742c9-3612-4c34-a40f-2095b6b079e1,2026-02-03,TWR-001,15.85,13.64,66,13,1.86,0.7,-86,4G,TWR-005,7,0.48,0.6,83.96,96.62,130,0.84,0.69,0.95,49.5,0.86
d544696c-e402-4490-8405-72c45a7c28a7,2026-04-16,TWR-003,46.55,10.22,48,17,0.3,0.2,-119,4G,TWR-001,1,0.4,0.15,31.17,96.53,66,0.92,0.61,0.6,50.79,0.71
38ac0eb2-0fc5-49e2-bdc7-6fe6f6862f0d,2025-07-29,TWR-002,47.23,11.04,65,18,1.34,2.9,-63,VoLTE,TWR-001,1,0.66,0.29,68.01,97.35,45,0.71,0.93,0.9,82.43,0.96
8711bb3d-2282-41d1-b9a0-1313ef8a1f29,2025-09-29,TWR-005,96.83,10.08,71,15,1.93,2.5,-118,4G,TWR-002,1,0.02,0.33,86.12,99.65,74,0.96,0.94,0.68,76.29,0.75
3fa7d5bd-3457-4a03-a0cb-e8dd06e0260d,2025-11-23,TWR-004,10.74,10.37,14,19,0.78,1.7,-62,VoLTE,TWR-004,8,0.31,0.84,39.2,97.19,71,0.92,0.84,0.99,46.12,0.88
d25d67ba-06f2-4aab-b066-0779aae68a3f,2026-02-13,TWR-003,34.97,11.29,63,14,1.27,2.8,-74,VoLTE,TWR-002,6,0.54,0.68,83.82,97.54,66,0.89,0.69,0.75,82.55,0.73
19503350-e0ce-451b-8d25-c0256a2b2e9a,2025-08-18,TWR-005,21.63,8.32,89,11,0.34,4.9,-107,VoLTE,TWR-005,3,0.68,0.14,61.81,99.56,119,0.98,0.69,0.61,50.71,0.85
f13bc444-2ce5-4e46-91d2-37a319b57a26,2026-06-07,TWR-004,430.17,61.41,56,4,0.57,1.5,-73,5G,TWR-003,6,0.31,0.28,31.87,98.78,147,0.82,0.83,0.81,55.55,0.83
7c3ee99e-302e-4727-9cc1-659285614135,2025-08-17,TWR-005,336.67,64.35,58,3,1.15,2.5,-79,5G,TWR-001,4,0.23,0.33,90.29,99.63,111,0.92,0.73,0.57,52.85,0.74
2b890b80-d56b-4cc5-bc4f-b2f994808f4c,2026-02-12,TWR-001,41.84,10.76,23,19,1.19,2.7,-79,4G,TWR-001,4,0.35,0.75,68.97,97.81,126,0.86,0.92,0.92,43.58,0.85
fb57c519-bd0e-4d2b-a4ed-77bf1507eba6,2025-12-08,TWR-005,94.14,10.33,79,13,0.02,2.4,-85,VoLTE,TWR-003,2,0.41,0.77,46.19,97.29,30,0.76,0.83,0.8,63.36,0.82
4827f042-6796-4985-8e09-9bde0e4d1256,2026-05-06,TWR-001,215.35,97.82,99,6,1.57,3.6,-110,5G,TWR-004,5,0.72,0.16,66.05,95.89,112,0.78,0.82,0.59,57,0.8
f7704f4c-26ed-4085-85fb-e8011eeadaf4,2026-07-11,TWR-005,78.63,17.39,84,4,1.11,0.9,-70,4G,TWR-002,3,0.46,0.31,65.86,98.25,69,0.84,0.96,0.97,44.89,0.74
f7b48343-9aa9-49c4-a438-d54ce5e06839,2026-01-09,TWR-005,55.61,18.98,52,3,1.49,0.5,-71,4G,TWR-004,5,0.65,0.76,65.35,97.99,84,0.97,0.66,0.57,31.54,0.93
534c79c6-0fc0-4f74-8622-33be7d5bc07c,2025-09-28,TWR-001,884.94,64.7,98,2,1.71,3.4,-108,5G,TWR-003,7,0.52,0.88,63.02,98.04,101,0.75,0.98,0.78,52.62,0.71
ca5f6057-b035-4f1b-99fe-e953ed964ffb,2025-12-13,TWR-003,31.3,18.02,84,15,1.84,0.8,-93,VoLTE,TWR-002,3,0.41,0.46,30.85,99.59,51,0.73,0.65,0.62,40.86,0.7
056ce5ca-cd61-4064-8f2b-8b393d4873e3,2025-08-06,TWR-002,68.32,7.08,25,17,0.78,1.3,-96,VoLTE,TWR-001,1,0.79,0.78,58.7,95.04,111,0.89,0.98,0.66,47.03,0.9
76c3a795-3985-4e50-978b-8405cd940b71,2026-05-15,TWR-005,840.24,87.78,23,9,0.67,1.2,-72,5G,TWR-001,3,0.69,0.66,90.95,99.39,70,0.78,0.71,0.89,45.95,0.82
774a2ac0-a1eb-4ec4-b325-d60516b0a5c3,2026-06-28,TWR-003,45.47,15.64,27,15,0.48,1.3,-75,VoLTE,TWR-001,4,0.46,0.47,36.51,95.77,93,0.92,0.9,0.71,80.7,0.97
70d3554a-5176-41d0-857a-952fb3eb7593,2025-11-06,TWR-004,14.28,9.16,36,18,0.38,3.5,-92,4G,TWR-002,5,0.16,0.78,23.98,96.22,28,0.79,0.63,0.58,34.36,0.75
dca801ed-5682-47dd-b812-2bf0dda461b3,2026-02-14,TWR-002,51.74,13.32,89,6,1.91,2.4,-116,VoLTE,TWR-004,7,0.07,0.16,87.02,97.59,106,0.72,0.99,0.99,33.57,0.95
ed2c218e-523d-40a2-a526-9ac3764da2ac,2025-09-27,TWR-004,72.17,12.61,56,18,0.1,4.4,-74,VoLTE,TWR-005,9,0.29,0.28,30.08,99.4,58,0.8,0.95,0.92,48.46,0.75
92475a24-d44d-49c7-8c6a-f7e6fa8c678c,2026-07-01,TWR-001,652.38,39.22,15,15,1.59,2,-89,5G,TWR-002,4,0.46,0.16,67.56,95.45,126,0.95,0.87,0.59,44.61,0.71
3a852fdc-4305-4828-90fd-fec2f362d189,2025-10-10,TWR-001,14.88,5.08,84,3,1.07,1.8,-91,VoLTE,TWR-004,5,0.66,0.61,62.57,99.65,114,0.93,0.81,0.92,67.38,0.7
6011f232-75b4-4cf7-9c4c-e3181d52f1a6,2025-11-05,TWR-003,45,10.94,25,11,1.06,2.6,-95,VoLTE,TWR-005,0,0.22,0.56,48.2,96.04,139,0.84,0.72,0.91,51.31,0.79
d3932240-9bd6-4815-9fcd-8fa3ed814971,2025-12-10,TWR-002,16.5,16.08,60,8,0.91,1.3,-107,4G,TWR-001,6,0.8,0.63,36.09,99.43,106,0.91,0.93,0.79,30.83,0.76
d9a0a800-5341-495f-9bed-1e7093b6a7c9,2026-01-10,TWR-001,44.06,7.65,80,13,1.91,3.7,-106,4G,TWR-005,3,0.84,0.4,35.58,97.54,85,0.81,0.8,0.6,56.16,0.95
fac12e20-a2be-401a-9d9b-8c46e64be526,2026-04-19,TWR-004,319.69,45.79,83,12,1.42,3.9,-76,5G,TWR-002,4,0.4,0.51,73.11,95.19,40,0.95,0.82,0.68,83.48,0.95
613ca488-e255-4e01-9613-ad5e01e5588c,2025-10-24,TWR-002,823.01,86.26,18,15,0.96,4.4,-118,5G,TWR-005,6,0.69,0.72,70.77,96.44,107,0.88,0.63,0.73,49.16,0.75
aeb58ba8-6a5b-4b98-a19a-016adc768d0c,2026-06-06,TWR-005,64.01,10.78,50,15,1.81,3.7,-63,VoLTE,TWR-001,5,0.44,0.84,85.69,96.99,87,0.77,0.6,0.71,50.01,0.75
d0ceec29-c90d-4f9b-b466-c012375a16a4,2025-08-05,TWR-001,40.39,15.61,40,12,1.98,4.8,-89,VoLTE,TWR-005,0,0.25,0.46,90.05,95.29,93,1,0.82,0.74,40.15,0.81
f68bc4e4-5581-4b80-bf9d-d9617b4bc4da,2025-10-27,TWR-001,81.07,11.57,16,4,1.7,4.1,-98,4G,TWR-005,3,0.7,0.82,85.38,96.58,34,0.84,0.8,0.59,37.52,0.75
7ac9184c-356b-49c0-966f-8e9cdec11ddb,2025-09-29,TWR-004,325.46,79.8,59,20,0.02,4.8,-118,5G,TWR-004,7,0.95,0.52,81.11,96,35,0.89,0.65,0.96,41.26,0.71
ccf22bbf-c946-4181-bdc3-fb4f32deb8e5,2026-02-28,TWR-005,37.69,15.32,12,10,1.7,2.6,-75,VoLTE,TWR-003,9,0.26,0.33,76.13,95.12,69,0.87,0.67,0.88,44.92,0.74
e4872bbd-78d5-443c-9622-ad43d149c995,2025-09-07,TWR-002,717.85,66.84,77,4,0.48,0.4,-82,5G,TWR-002,9,0.9,0.85,92.31,98.09,33,0.8,0.74,0.91,75.54,0.76
72f6867a-ef55-4efb-b20b-a71026accbe0,2025-08-25,TWR-005,38.18,10.22,32,4,0.28,1.2,-71,VoLTE,TWR-003,5,0.47,0.43,63.82,98.25,132,0.92,0.91,0.6,61.08,0.88
4ccb22dd-af3f-48b6-bcb7-0a30a6160d53,2026-03-19,TWR-005,63.25,5.74,18,17,0.41,4.9,-117,4G,TWR-001,8,0.82,0.65,83.97,95.91,76,0.82,0.84,0.65,73.87,0.97
05fd9983-ff2d-4aec-a732-e1c2122bc84e,2026-07-03,TWR-003,788.54,90.27,86,14,0.67,1.8,-85,5G,TWR-001,2,0.17,0.77,20.92,96.58,69,0.74,0.88,0.61,72.42,0.79
1f12ceb0-b1fe-4f22-a240-644ca2acd181,2025-09-21,TWR-003,864.36,62.26,35,16,0.99,0.2,-77,5G,TWR-003,5,0.8,0.3,86.64,95.03,49,0.98,0.82,0.67,46.62,0.96
cc67fef2-cc9d-4f33-b9b0-a40a56afe1eb,2025-11-13,TWR-001,127.23,52.5,42,2,1.27,1.8,-68,5G,TWR-005,2,0.67,0.14,62.2,98.5,69,0.95,0.74,0.74,41.41,0.86
2a6912d3-c3a1-45d7-8093-569999bb2404,2026-04-11,TWR-001,77.52,12.7,98,18,1.13,2.6,-82,4G,TWR-002,10,0.14,0.86,20.16,96.12,28,0.82,0.9,0.88,78.16,0.99
bf3623fd-4bac-43dc-8d29-84fb6a1cebf7,2025-12-31,TWR-003,64.2,6.52,43,11,0.61,2.4,-67,4G,TWR-003,2,0.24,0.54,80.92,98.18,99,0.81,0.78,0.71,64.61,0.92
17957103-bb69-432d-9326-ac85aeb02920,2026-03-22,TWR-005,78.92,17.88,96,9,0.1,1,-97,VoLTE,TWR-005,2,0.71,0.81,44.85,99.44,68,0.74,0.69,0.99,73.43,0.74
5cf88511-ed35-4e68-bfab-9132e462b4d9,2026-04-22,TWR-004,83.5,6.12,36,13,0.77,3.9,-79,4G,TWR-001,5,0.26,0.61,31.35,98.36,125,0.84,0.81,0.95,88.35,0.71
210ece2e-3a9f-4f75-b024-77386ff7b7e6,2026-06-01,TWR-005,97.26,5.12,34,6,0.94,1.6,-102,VoLTE,TWR-003,10,0.63,0.74,82.99,98.99,148,0.95,0.62,0.56,72.67,0.71
679d66fb-b35d-431c-a3d9-1eb99ceb40a0,2025-09-10,TWR-002,650.06,83.44,59,4,1.87,4.6,-114,5G,TWR-003,6,0.65,0.19,55.66,97.67,58,0.73,0.72,0.94,83.28,0.98
cc251ce4-0ac3-4654-b612-a4f3042b281a,2026-04-01,TWR-005,98.29,7.71,17,7,1.96,0.4,-87,VoLTE,TWR-005,4,0.62,0.29,20.6,97.39,75,0.77,0.94,0.8,46.09,0.8
e08b3542-ef0e-4ca5-993a-7af66c5dc7cd,2025-08-12,TWR-003,97.17,5.54,44,8,1.43,1.3,-72,4G,TWR-002,7,0.72,0.89,93.66,98.98,144,0.71,0.97,0.61,70,0.86
ce41a6d0-063d-42b8-b594-e9ad7a3e5076,2026-04-01,TWR-002,15,19.3,21,1,1.78,1.5,-93,VoLTE,TWR-001,6,0.2,0.83,79.47,97,96,0.77,0.98,0.96,52.86,0.99
4bf8dfa4-09b9-49f2-bdef-39011c966453,2026-03-20,TWR-005,46.85,12.93,82,14,1.18,4.8,-71,VoLTE,TWR-003,3,0.78,0.62,67,99.28,46,0.93,0.85,0.92,49.18,0.79
38ec1685-6fba-4845-b44d-1e2c2c6bbf67,2026-01-28,TWR-003,509.51,52.28,49,17,1.22,3.5,-64,5G,TWR-002,7,0.1,0.75,89.33,99.68,103,0.8,0.82,0.5,32.37,0.91
ee3c3012-22f1-4c13-b507-a61a58bbe827,2026-01-26,TWR-003,40.4,15.96,35,18,1.19,3.6,-60,VoLTE,TWR-003,10,0.87,0.65,53.29,97.38,105,0.85,0.61,0.91,65.54,0.84
1fa6b029-1973-48b9-9e44-deff5436a80e,2026-05-16,TWR-003,91.78,7.43,18,7,1.87,2.1,-115,4G,TWR-005,4,0.6,0.9,27.67,99.57,102,0.91,0.61,0.51,72.83,0.9
4d517c65-7c2a-4908-8f9c-de8db33cff8c,2026-02-23,TWR-004,986.54,99.59,63,18,0.48,4.6,-88,5G,TWR-003,4,0.94,0.24,57.96,98.99,116,0.93,0.89,0.56,53.86,0.97
9f84db9d-27c7-4891-b6ae-86373661d442,2025-12-25,TWR-004,99.73,14.88,48,7,1,0.7,-74,VoLTE,TWR-002,5,0.07,0.46,43.91,99.57,31,0.73,0.86,0.7,33.54,0.94
a3ec92b3-d95f-4207-aae4-688dbf261237,2025-09-22,TWR-002,139.62,59.59,65,9,0.48,0.8,-63,5G,TWR-001,4,0.4,0.18,63.8,99.37,149,0.9,0.83,0.8,32.73,0.96
3cc34e2f-c121-44f5-b1a0-fd2199a92be2,2026-01-18,TWR-001,984.13,22.79,37,14,1.91,2.4,-72,5G,TWR-002,5,0.82,0.64,27.76,97.6,150,0.89,0.77,0.7,47.23,0.78
2e3257fa-8f5f-4b0f-92e3-779c5873543c,2025-10-06,TWR-005,83.43,16.88,30,2,1.13,0.5,-83,4G,TWR-005,7,0.24,0.12,61.44,99.66,133,0.91,0.99,0.56,60.52,0.88
5690db97-9b95-43f1-83fc-3009eb6dcee6,2026-06-21,TWR-002,48.5,19.05,13,18,1.41,4.6,-61,4G,TWR-001,9,0.85,0.61,24.38,98.86,74,0.99,0.61,0.51,81.87,0.75
b0bf7e8d-866a-499a-afc9-dde0432de214,2025-09-07,TWR-005,741.41,27.6,63,8,0.52,0.3,-65,5G,TWR-005,4,0.29,0.27,41.35,95.29,140,0.86,0.91,0.8,65.39,0.78
1f2bbd00-cad1-4aeb-9bfb-8ab143ef7c26,2026-03-28,TWR-002,42.88,8.9,95,11,0.5,0,-73,VoLTE,TWR-005,3,0.71,0.15,70.16,96.44,139,0.94,0.91,0.9,42.85,0.86
56ca9867-c9a1-4808-b537-e0d7e34bc430,2025-09-06,TWR-003,53.62,7.22,67,6,1.21,3.6,-100,4G,TWR-003,9,0.76,0.49,51.76,96.91,147,0.99,0.63,0.81,30.3,1
e69a8539-2fb9-4890-91ee-05f715be6612,2026-05-18,TWR-003,59.22,7.45,12,2,1.57,0.1,-108,4G,TWR-004,8,0.96,0.56,81.94,96.53,116,0.98,0.66,0.7,31.23,0.84
3f289c95-164d-4b17-b550-36a7317b15f9,2025-10-17,TWR-005,122.29,53.97,38,5,0.4,4.1,-64,5G,TWR-005,1,0.43,0.87,88.9,98.26,104,0.79,0.96,0.74,61.98,0.72
2e614c4a-7186-4f19-b4bb-713746aea48b,2025-08-02,TWR-002,749.82,98.88,41,17,0.42,1.8,-88,5G,TWR-003,7,0.64,0.55,34.1,95.51,85,0.99,0.97,0.57,81.9,0.71
a86c71d5-e41f-421f-ab97-f4f37e2e4136,2026-06-01,TWR-002,88.95,9.89,75,3,1.36,4.6,-90,4G,TWR-001,10,0.67,0.67,70.52,95.68,57,0.94,0.72,0.94,50.69,0.81
4149724a-c390-4bba-8cf3-ce2a2770c304,2026-06-23,TWR-005,36.18,16.15,79,11,1.81,3.7,-102,VoLTE,TWR-001,7,0.91,0.54,61.63,99.44,125,0.87,0.91,0.85,86.96,1
56880629-7889-40e1-b044-050f99d6279d,2026-03-21,TWR-005,21.1,15.99,17,7,0.03,1,-62,4G,TWR-003,3,0.96,0.32,89.98,98.56,61,0.85,0.95,0.68,33.5,0.71
d297d4b7-5c40-41d4-9d03-31ceae1e9e58,2026-01-12,TWR-001,78.51,5.04,85,12,0.97,1.8,-83,4G,TWR-004,9,0.67,0.25,56.56,95.96,106,0.84,0.71,0.66,58.42,0.96
8440cee8-4a54-47fd-8998-32f5de73ca62,2025-08-04,TWR-001,818.55,86.97,90,19,1.42,0.6,-75,5G,TWR-004,9,0.66,0.14,69.93,98.62,121,0.96,0.85,0.74,47.69,0.77
558f3a90-ba22-4d2d-af53-15e950030c82,2026-03-25,TWR-001,30.72,5.48,60,4,1.73,2.1,-116,VoLTE,TWR-002,0,0.59,0.55,87.43,97.52,83,0.99,0.75,0.88,79.64,0.99
c82448a4-61e7-4d55-b5c5-6ca0f6fb109e,2026-01-14,TWR-004,86.56,8.65,66,7,0.56,3,-111,VoLTE,TWR-003,1,0.96,0.54,34.6,99.84,113,0.97,0.99,0.55,51.14,0.95
88e21e09-bbd4-4999-825a-0f2729bbaa35,2026-06-21,TWR-002,46.44,15.23,64,17,1.06,2.8,-78,VoLTE,TWR-005,4,0.02,0.87,57.49,99.29,99,0.79,0.65,0.76,38.73,0.81
effe28bc-a184-4dea-a244-d82ef937c319,2026-02-04,TWR-003,94.04,8.18,94,14,1.94,3.5,-108,VoLTE,TWR-004,6,0.8,0.73,23.37,97.49,120,0.8,0.79,0.65,65.06,0.76
52de60bd-daad-4646-90b9-1fcfec77e2eb,2025-10-20,TWR-005,131.61,43.65,53,16,0.4,4.7,-61,5G,TWR-003,6,0.37,0.86,21.3,99.48,87,0.92,0.89,0.82,63.89,0.93
01efa4ee-13d8-4ba8-9d54-a34ed18db6df,2026-05-08,TWR-002,848.6,97.88,79,3,0.3,5,-114,5G,TWR-001,1,0.09,0.62,86.15,95.15,104,0.91,0.62,0.9,32.47,0.84
4a2224c4-3239-4699-b94f-4f6be2bcdf23,2025-11-25,TWR-005,96.8,8.53,67,13,1.35,0.1,-110,4G,TWR-004,2,0.27,0.8,73.16,99.13,139,0.87,0.65,0.51,49.74,0.86
751abf1c-089e-42e9-9120-8d2b4c3d61b1,2026-02-20,TWR-003,929.57,38.83,24,5,0.52,3.4,-119,5G,TWR-004,6,0.95,0.23,68.46,95.56,123,1,0.93,0.78,70.65,0.87
1e487e6e-b00b-4f87-9c4b-02ddb574aa4d,2026-07-23,TWR-002,284.43,74.39,63,2,1,2.4,-62,5G,TWR-002,8,0.22,0.24,68.36,96.47,101,0.83,0.9,0.7,89.85,0.74
81cb76ba-c503-4191-a6b4-e427287b531e,2026-07-13,TWR-003,20.16,11.83,48,14,0.13,3.1,-119,VoLTE,TWR-003,4,0.62,0.44,53.61,96.61,40,0.87,0.77,0.99,75.8,0.75
3cfb12fa-5c14-4e94-b240-415c700e6b68,2025-12-14,TWR-001,51.38,9.18,95,2,1.99,5,-62,4G,TWR-004,8,0.68,0.36,80.22,95.69,93,0.74,0.92,0.71,45.7,0.84
6090919c-7fcd-47fb-99d1-6658647e1ba6,2025-12-23,TWR-002,44.81,5.58,14,19,1.82,4.7,-118,4G,TWR-005,8,0.57,0.61,69.41,99.2,125,0.8,0.73,0.66,41.07,0.74
79752b07-1fe0-4912-ab59-03223e4dc768,2025-10-11,TWR-001,67.17,17.54,85,13,0.54,0.7,-99,4G,TWR-001,4,0.85,0.26,39.26,96.62,147,0.86,0.92,0.61,64.92,0.98
812ee752-301c-404b-84dc-6d8b825bfdae,2025-12-04,TWR-001,68.46,15.62,86,7,1.17,1.2,-113,4G,TWR-002,5,0.75,0.8,89.98,95.14,77,0.77,0.87,0.54,89.63,0.89
009597f3-065c-4e0b-a205-8bd4084e2bdd,2025-12-01,TWR-001,37.35,18.52,42,18,0.52,4,-61,VoLTE,TWR-002,7,0.33,0.39,73.03,96.11,36,0.86,0.88,0.51,80.48,0.85
889e529c-a879-4c71-8817-9b6e3669c1d8,2026-07-06,TWR-004,33.63,18.56,66,15,0.48,3.8,-105,4G,TWR-003,7,0.94,0.67,56.59,95.81,117,0.87,0.63,0.63,45.23,0.8
b2b6034a-abc2-4321-945d-97b74114fa69,2026-05-19,TWR-002,91.81,18.35,54,19,0.81,3.5,-117,VoLTE,TWR-001,7,0.1,0.13,82.99,99.85,62,0.71,0.83,0.65,86.43,0.85
2ba1a1a1-dcaa-4559-83b0-797b86f7ea61,2026-03-28,TWR-002,80.29,18.21,36,6,1.93,4,-67,4G,TWR-005,3,0.6,0.52,20.29,97.38,55,0.74,0.87,0.75,76.78,0.9
6e317df5-5f4e-4760-973f-fc290e55ddbf,2025-09-06,TWR-001,763.08,70.64,47,11,1.79,3.5,-73,5G,TWR-005,7,0.97,0.41,61.23,98.75,139,0.7,0.75,0.68,42.96,0.88
5a4da915-7b38-43aa-be66-be239118a5a0,2026-01-09,TWR-005,645.88,35.85,48,7,1.05,4.7,-68,5G,TWR-002,6,0.21,0.79,46.06,99.87,39,0.98,0.98,0.94,77.46,0.8
a4fe2fe3-3e7a-49e3-8b5f-c6d96c5f27be,2025-09-03,TWR-005,34.34,7.86,84,9,1.68,4.9,-84,4G,TWR-005,1,0.75,0.73,20.33,97,93,0.97,0.7,0.65,42.49,0.96
724337c4-cd34-4eed-93d3-1493caf39ab7,2026-05-17,TWR-003,699.93,40.97,20,5,0.63,1.1,-115,5G,TWR-004,7,0.98,0.87,93.86,98.1,135,1,0.8,0.98,81.4,0.9
87ef51bb-2cbe-49de-892e-6388cc6796ce,2025-11-09,TWR-003,957.48,44.52,64,16,0.09,2.5,-82,5G,TWR-002,1,0.99,0.64,94.6,98.48,58,0.81,0.82,0.74,39.9,0.75
6621860a-2ae8-433d-9c94-de3e7bb6e592,2025-08-20,TWR-002,21.57,10.31,11,5,0.09,0,-88,4G,TWR-003,4,0.02,0.71,91.11,98.02,98,0.78,0.66,0.54,59.25,0.71
f79cb754-c278-4495-86fe-9f7518fd4ae9,2026-07-11,TWR-005,425.4,37.1,88,8,1.25,3,-110,5G,TWR-002,5,0.79,0.15,23.24,95.18,100,0.7,0.77,0.76,41.54,0.89
422f98e8-fd37-4f18-b91b-4f323aa6419f,2025-08-05,TWR-004,22.92,7.08,51,9,1.33,0.9,-78,VoLTE,TWR-002,1,0.94,0.33,93.46,95.64,106,0.73,0.92,0.55,47.39,0.92
f628e73c-b7d8-4b5f-a4e2-2302905b01cc,2026-01-11,TWR-003,94.97,9.14,27,7,0.83,2.7,-107,4G,TWR-003,7,0.5,0.48,56.4,98.55,142,0.86,0.97,0.76,60.29,0.75
5d7a46f9-aa66-4ba7-9f9c-aeb4fb7623c7,2026-07-09,TWR-001,21.89,18.96,72,2,0.2,3,-109,VoLTE,TWR-003,3,0.12,0.26,52.97,98.71,40,0.96,0.83,0.62,88.07,0.9
d8f82d7a-1edf-4aa1-933c-725cca284c29,2026-01-30,TWR-003,668.11,83.55,59,7,1.26,2,-86,5G,TWR-003,3,0.77,0.86,20.15,99.29,37,0.86,1,0.76,73.68,0.93
081a68b7-3a52-4834-bea3-0f5b4d6469e8,2026-03-08,TWR-005,139.57,50.29,34,18,0.16,0.2,-62,5G,TWR-004,4,0.76,0.75,24.88,97.31,66,0.99,0.72,0.78,78.22,0.96
9a5fd23e-7304-4767-9638-4e8a6f47dc29,2026-06-18,TWR-002,30,13.12,40,14,1.14,4.5,-76,VoLTE,TWR-005,8,0.28,0.49,89.27,95.44,82,0.76,0.84,0.56,62.09,0.95
9e59c3e2-dd57-422c-b79f-c2bb305e3680,2026-02-16,TWR-002,905.66,32.18,91,4,0.57,3.2,-83,5G,TWR-004,4,0.09,0.34,39.51,95,22,0.98,0.66,0.9,89.05,0.71
d1dfcf77-9c5f-45c1-87f8-290c3bdbea51,2026-05-06,TWR-003,43.28,5.12,62,11,0.25,2.7,-72,4G,TWR-001,6,0.29,0.35,90.04,99.7,34,0.89,0.68,0.69,42.79,0.84
3059b46b-ba7e-4333-a440-839c6bc0a904,2025-11-27,TWR-002,81.3,5.15,48,4,1.61,1.3,-69,VoLTE,TWR-001,9,0.61,0.24,41.67,98.22,134,0.84,0.6,0.79,37.16,0.9
b3480c28-c533-4ca0-ad3a-4f9f144adea2,2026-06-01,TWR-001,47.47,16.74,98,16,1.5,2.4,-70,4G,TWR-004,1,0.02,0.43,64.97,96.75,58,0.75,0.63,0.66,44.13,1
3cbf913c-2d77-42fe-b0f6-a639011c2770,2026-04-01,TWR-005,26.51,12.97,32,4,0.73,2.7,-101,VoLTE,TWR-001,9,0.88,0.71,76.86,96.41,74,0.91,0.89,0.93,81.99,0.83
679ef12f-0919-499f-859c-e0d84050b572,2026-05-28,TWR-005,75.77,17.23,64,5,0.68,0.4,-71,VoLTE,TWR-002,5,0.64,0.62,55.12,95.99,102,0.84,0.79,0.9,40.95,0.96
db3a71bf-9119-47a8-b079-9a07e02d4c86,2026-04-04,TWR-003,59.13,18.84,38,11,1.84,3.6,-65,VoLTE,TWR-003,9,0.62,0.73,70.36,95.85,125,0.8,0.7,0.81,47.03,0.83
1b70f924-bad3-4f2b-a395-7356e2e01a54,2025-12-18,TWR-005,53.72,15.69,84,3,1.49,4.9,-79,4G,TWR-004,8,0.82,0.13,65.96,97.88,59,0.78,0.87,0.8,47.65,0.84
191f45e5-367f-4dbd-b2f8-c2e17368fb52,2026-03-11,TWR-002,107.33,85.61,11,14,1.93,0.6,-107,5G,TWR-001,5,0.01,0.27,22.61,96.13,146,0.94,0.9,0.73,89.48,0.75
78e73192-f5d4-4d8e-a730-6e2adddeacba,2026-03-07,TWR-003,369.21,62.94,74,16,0.76,0.5,-93,5G,TWR-005,3,0.47,0.59,41.35,97.27,23,0.81,0.77,0.69,67.84,0.97
ff1b155c-f19b-4c30-97ba-83ba0e97dfd3,2025-10-04,TWR-005,10.57,6.43,87,19,0.5,2.1,-70,VoLTE,TWR-002,9,0.77,0.78,90.11,96.3,124,0.8,0.83,0.86,66.01,0.76
1c8cac24-9275-4ba8-9f5d-678e7eef1743,2026-03-26,TWR-005,689.78,51.23,36,14,1.5,1.7,-74,5G,TWR-004,9,0.24,0.25,63,97.55,67,0.81,0.63,0.58,74.55,0.82
042b51b1-6608-415b-b0d0-1181d4e137ca,2026-07-20,TWR-003,195.1,76.88,28,9,0.81,1.9,-107,5G,TWR-005,2,0.63,0.86,91.16,99.8,115,0.78,0.79,0.6,60.77,0.85
3e157270-1648-4967-a394-67575055c09a,2026-07-08,TWR-003,367.75,52.37,81,13,1.76,0.7,-97,5G,TWR-001,8,0.08,0.84,23.25,98.66,24,0.98,0.64,0.58,78.51,0.93
faea0fd3-fa68-42f0-b7d3-46a2af8d1f02,2026-01-16,TWR-001,58.18,6.58,86,14,1.25,2.5,-77,4G,TWR-001,2,0.33,0.26,92.84,95.31,130,0.71,0.68,0.86,83.23,0.78
59c319f6-f729-4777-bc4b-8de8eeab0044,2026-03-12,TWR-002,37.38,15.45,41,8,1.51,0.8,-109,4G,TWR-003,7,0.09,0.49,44.07,96.74,129,0.86,0.87,0.92,81.6,0.75
16db0c75-a82d-41c4-ae8a-10c6861ed0f8,2025-10-23,TWR-005,390.59,37.92,52,17,1.32,0.3,-72,5G,TWR-003,2,0.29,0.27,62.71,97.62,132,0.89,0.96,0.71,56.97,0.86
4b591484-78a3-4863-b3a9-2c050fb16529,2026-01-20,TWR-004,84.35,12.84,95,20,1.07,2.9,-114,VoLTE,TWR-003,4,0.17,0.65,88.45,97.67,118,0.88,0.87,0.85,62.6,0.97
7e7a970d-11cb-4117-966a-5f0f7b3a4165,2025-12-21,TWR-003,562.95,82.48,78,4,1.7,0.6,-83,5G,TWR-003,2,0.31,0.56,36.27,99.68,71,0.76,0.94,0.79,38.75,0.77
df901ddc-5fa6-4318-a38c-7bf98a81e620,2026-02-19,TWR-005,51.22,10.75,39,19,1.86,1.7,-68,4G,TWR-005,5,0.54,0.73,30.87,99.53,63,0.81,0.65,0.68,47.66,0.94
ab7f5d8b-5f39-4219-884b-442eda661502,2026-07-15,TWR-003,60.54,18.41,97,1,1.01,0.3,-93,VoLTE,TWR-001,5,0.92,0.41,91.51,96.34,60,0.83,0.85,0.56,75.76,0.77
1f1a2393-efa1-4db7-9183-2552bba58d44,2025-10-07,TWR-002,623.79,24.87,11,12,1.3,4.1,-64,5G,TWR-004,6,0.36,0.26,44.95,98.52,22,0.83,0.76,0.56,57.07,0.79
5914a44e-8b88-4435-828c-3e23d8769995,2025-12-15,TWR-001,36.81,9.71,24,10,1.35,2.3,-75,4G,TWR-003,8,0.42,0.85,37.3,96.4,130,0.97,0.8,0.74,80.23,0.79
999d2eca-ac52-409c-8265-1abfb0262e6f,2025-10-27,TWR-001,93.95,8.08,20,10,1.12,1.1,-89,4G,TWR-004,9,0.65,0.62,60.27,96.97,109,0.98,0.72,0.81,40.27,0.86
6cc24c2a-2254-457c-b4dc-8a5499316061,2026-06-29,TWR-005,89.09,9.61,20,16,1.71,4.2,-65,VoLTE,TWR-003,7,0.86,0.84,42.38,97.75,107,0.94,0.95,0.94,53.79,0.93
9b485555-dd16-480a-9bcf-a7110145f26c,2025-08-16,TWR-004,21.04,18.74,19,13,1.88,3.5,-76,4G,TWR-005,1,0.2,0.71,94.61,99.44,144,0.91,0.91,0.94,69.94,0.78
59b69ffc-ff6f-43e5-90de-c4e7ee792ca1,2025-11-07,TWR-004,208.99,74.85,83,15,1.19,4.7,-99,5G,TWR-004,10,0.19,0.44,22.34,98.89,72,0.9,0.71,0.61,79.75,0.71
26617a24-b15f-4715-98b1-52be4a70b1fc,2025-09-24,TWR-001,690.96,35.43,55,14,0.26,0.6,-97,5G,TWR-002,5,0.04,0.4,89.89,96.46,103,0.95,0.69,0.7,82.37,0.87
060828d9-6b7d-4bfc-9bc4-8e71238692d9,2026-03-28,TWR-001,895.98,61.11,56,13,0.85,3.2,-83,5G,TWR-004,3,0.55,0.6,60.07,95.12,82,0.79,0.66,0.66,32.88,0.95
df064e00-9688-4fed-81c9-8bd8d7d6c3b6,2026-07-14,TWR-003,11.1,14.12,28,8,0.01,3.3,-89,VoLTE,TWR-004,3,0.24,0.5,63,96.58,29,0.74,0.86,0.99,41.73,0.79
e06b7e66-787e-468a-b15f-e4dd10057805,2025-08-16,TWR-003,401.59,67.42,59,10,1.98,4.1,-79,5G,TWR-004,5,0.69,0.52,36.78,98.36,143,0.84,0.78,0.68,52.03,0.86
5bab5e4b-0f05-4c71-8b49-f6f183780d85,2025-08-31,TWR-003,457.11,52.11,76,12,0.04,0.1,-69,5G,TWR-004,1,0.12,0.73,71.1,96.74,42,0.87,0.99,0.63,50.74,0.81
5f0b4d73-d82a-47a8-a708-7feca166d474,2026-01-03,TWR-005,491.76,94.41,97,8,1.45,2.1,-99,5G,TWR-001,8,0.65,0.49,50.21,98.44,112,0.94,0.95,0.92,48.35,0.97
2ec4f80d-084b-4cec-94e0-4b52f20a2375,2026-07-01,TWR-005,33.43,9.62,46,16,0.67,3.8,-80,4G,TWR-004,10,0.56,0.33,25.31,95.2,76,0.91,0.75,0.85,51.92,0.78
1ef5908d-954e-46a0-8c69-8e5fcf044b3b,2026-01-08,TWR-003,99.01,9.18,53,14,0.17,3.4,-76,4G,TWR-002,2,0.19,0.2,40.73,96.72,44,0.97,0.95,0.68,44.9,0.82
aa03b338-abbf-4e93-87b3-e75d9a0443b2,2026-04-28,TWR-002,75.47,10.31,68,9,1.42,4.4,-82,VoLTE,TWR-004,0,0.9,0.26,25.84,95.49,64,0.89,0.74,0.88,57.72,0.92
67d84c69-7faf-4059-a8e9-2278501c04e1,2026-07-17,TWR-002,94.45,18.52,62,4,1.97,3.3,-78,4G,TWR-005,10,0.81,0.79,89.19,98.62,71,0.93,0.84,0.67,80.17,0.78
00dcad4c-46df-48f5-85a2-d9dd4931d3bb,2025-07-30,TWR-001,558.97,38.7,80,2,0.49,1.5,-120,5G,TWR-005,4,0.88,0.28,50.13,96.92,48,0.75,0.93,0.59,38.24,0.9
de136b21-8cd8-431b-abea-1b90e338fb09,2026-06-01,TWR-002,58.35,7.25,11,3,1.31,0.9,-84,4G,TWR-002,3,0.97,0.4,34.55,96.3,113,0.74,0.8,0.55,49.74,0.76
428cf516-540c-476e-8fc7-bf1f70703d57,2025-12-15,TWR-003,51.61,11.64,76,16,0.49,0.2,-63,VoLTE,TWR-002,6,0.61,0.43,66.6,99.81,89,0.85,0.96,0.97,43.77,0.84
b4a40e99-089a-4987-a3f8-c70cebe044f8,2026-07-02,TWR-003,19.16,8.71,71,4,1.23,0.7,-107,4G,TWR-003,9,0.42,0.47,37.48,98.42,25,0.95,0.84,0.68,70.36,0.94
9a34eb1d-4bb1-4488-a196-7b9284af97ab,2026-06-09,TWR-001,488.04,52.29,72,10,1.66,0.4,-75,5G,TWR-005,3,0.65,0.57,29.03,95.47,100,0.81,0.88,0.56,74.55,0.92
8c5f8d02-f70d-4cfb-92af-766853184b47,2025-11-27,TWR-002,586.25,39.61,63,17,0.34,2.5,-70,5G,TWR-004,2,0.79,0.45,38.14,95.52,79,0.85,0.62,0.71,64.52,1
d77ef8f3-5cb6-4340-8f59-59f8df4f474d,2025-09-09,TWR-003,70.93,14.15,65,18,1.41,3.3,-71,4G,TWR-005,8,0.55,0.61,94.44,98.59,57,0.76,0.69,0.86,56.29,0.76
f4be876d-37fe-4b9c-90e2-9ee618c9f9fb,2025-11-14,TWR-003,12.6,10.8,79,20,1.51,4.7,-67,4G,TWR-004,1,0.25,0.74,39.03,97.74,40,0.99,0.77,0.58,51.02,0.88
e5d227d2-b3df-481f-93f1-4ed117c6f30b,2025-12-21,TWR-003,536.91,20.98,33,7,0.93,0.7,-103,5G,TWR-005,9,0.74,0.89,53.01,95.74,136,0.94,0.74,0.55,76.42,0.9
3602bea4-aa94-4c1a-85e8-4d40a8825efa,2026-06-07,TWR-001,70.93,14.6,18,15,1.73,1.4,-114,4G,TWR-005,6,0.46,0.27,36.85,98.57,104,0.95,0.76,0.76,47.79,0.8
d186a709-c401-4f0c-80ba-d3c472a6d59c,2026-07-15,TWR-005,47.59,5.06,51,17,1.62,0.9,-77,4G,TWR-001,2,0.81,0.53,88.79,95.87,137,0.89,0.64,0.79,77.58,0.78
a67ca945-c274-4410-ab4c-dd9347e0935c,2025-08-27,TWR-003,73.28,10.48,62,4,1.97,1.9,-117,4G,TWR-005,7,0.53,0.33,81.67,97.16,106,0.86,0.83,0.91,79.88,0.7
e9447686-63e0-4dd5-b1dc-f0ba4a9016cb,2026-03-17,TWR-001,16.45,19.76,72,20,1.18,2.4,-110,4G,TWR-005,6,0.81,0.45,58.97,97.65,99,0.95,0.87,0.99,55.75,0.98
8a4e7135-a39b-40aa-83f9-96026d9cc532,2026-02-15,TWR-003,34.94,5.99,11,15,1.8,1.4,-103,4G,TWR-002,3,0.33,0.79,91.98,96.97,97,0.86,0.95,0.98,86.6,0.89
19950922-0701-431f-8d4c-143bcd39832f,2026-05-27,TWR-003,370.81,43.74,30,18,1.15,1.3,-102,5G,TWR-002,3,0.87,0.14,68.78,96.31,91,0.73,0.71,0.54,59.4,0.72
5430776b-493f-440a-ad2b-013ef3ccd3e8,2026-01-07,TWR-003,65.71,7.08,45,6,0.83,0.4,-119,4G,TWR-004,5,0.73,0.57,42.44,96.07,104,0.85,0.77,0.88,42.58,0.99
8c5c98a8-abe1-4a3b-bc37-d065bcc6270c,2026-01-11,TWR-005,38.7,13.82,36,13,1.26,4.1,-60,4G,TWR-003,8,0.17,0.72,30.52,96.68,45,0.75,0.85,0.53,86.25,0.76
8d70b19e-481c-4b06-ab1d-fc68a9397c1d,2026-03-10,TWR-002,43.03,18.47,39,11,0.26,1.8,-101,4G,TWR-003,4,0.3,0.69,86.32,95.52,112,0.84,0.81,0.7,47.55,0.94
2f99b19e-c747-4233-83b9-7abfc5a52436,2026-04-24,TWR-005,810.23,40.94,71,3,1.87,4.8,-89,5G,TWR-001,6,0.31,0.15,29.48,95.15,21,0.83,0.65,0.56,56.14,0.92
80aaa0b7-0fad-42a6-9543-95d8c74bfa9e,2025-12-23,TWR-003,56.54,6.68,80,10,0.35,1.1,-71,VoLTE,TWR-004,5,0.07,0.39,30.8,96.63,37,0.99,0.6,0.71,67.97,0.83
e6ad04b2-5cee-4235-b161-a04c873234ed,2025-11-26,TWR-002,43.02,16.81,71,4,1.11,2.9,-119,4G,TWR-002,0,0.3,0.19,46.84,98.25,32,0.94,0.78,0.54,78.79,0.94
0389399d-1c6d-4aae-9956-ab7ccc149cf3,2025-12-22,TWR-002,19.92,14.1,27,3,1.44,1.4,-89,VoLTE,TWR-005,5,0.48,0.44,52.54,96.73,97,0.92,0.69,0.56,54.3,0.99
1e75b7a6-51ff-4e29-9c66-5735033584da,2026-02-12,TWR-005,35.48,11.43,76,8,0.6,0.7,-101,4G,TWR-001,2,0.09,0.5,51.63,96.12,146,0.95,0.83,0.78,35.92,0.79
a22a614e-7f33-468d-a09e-1b4eccedfdfb,2025-12-08,TWR-002,859.89,58.95,78,4,0.4,2.5,-111,5G,TWR-003,1,0.22,0.3,64.74,97.02,74,0.74,0.72,0.66,81.84,0.92
41a5ace2-e776-462c-8e06-126e88e4a452,2026-07-07,TWR-005,656.01,73.68,51,14,0.38,2.3,-119,5G,TWR-004,8,0.64,0.37,67.94,98.88,121,0.75,0.98,0.77,69.24,0.89
9575b804-c445-4a86-a860-af92a496690f,2025-11-22,TWR-001,31.96,10.81,35,2,0.9,3.2,-109,4G,TWR-004,7,0.06,0.63,76.49,95.83,94,0.83,0.7,0.74,45.75,0.99
d249a490-e015-4b69-8f9a-4de8c475cdc4,2026-04-14,TWR-003,46.26,13.96,94,3,1.4,3.1,-109,VoLTE,TWR-005,7,0.67,0.67,32.21,97.31,40,0.93,0.6,0.65,65.08,0.99
87a4dc50-41cd-4b79-b7e7-8279877fbd1f,2026-03-18,TWR-002,711.73,48.85,61,15,1.93,2.4,-100,5G,TWR-005,10,0.14,0.63,91.89,99.65,53,0.81,0.98,0.76,52.57,0.99
f6c5e08e-836c-4b09-94ac-31bf4b24c54f,2025-12-04,TWR-003,17.37,7.77,90,11,1.25,0.2,-65,VoLTE,TWR-002,4,0.65,0.33,53.99,99.79,113,0.93,0.89,0.76,60.62,0.77
6478f50d-b845-4e09-ad15-9f8fc10e97cf,2026-03-31,TWR-002,232.67,65.39,70,4,0.87,0.8,-110,5G,TWR-003,2,0.55,0.41,74.68,98.54,105,0.75,0.93,0.62,31.41,0.84
f88abccc-6d1a-4ef2-a7d1-adc112876b2a,2026-06-09,TWR-004,656.13,39.36,91,10,0.15,1.2,-90,5G,TWR-004,9,0.7,0.53,72.56,96.64,38,0.97,0.79,0.86,56.27,0.99
4b18091c-c77f-4931-b9ef-dc118add6b89,2025-12-22,TWR-003,84.88,11.45,94,17,0.98,3,-82,VoLTE,TWR-004,3,0.06,0.9,55.29,97.54,145,0.89,0.62,0.51,63.91,0.72
37a7b24d-a6c8-4547-b5ce-383b339a29c3,2025-08-08,TWR-001,823.07,42.91,20,3,0.94,0.6,-90,5G,TWR-003,7,0.45,0.72,77.78,96.58,146,0.9,0.8,0.78,77.76,0.74
fe7cf622-5f48-4973-b387-cb7d885ed583,2025-09-01,TWR-002,70.36,5.79,83,12,0.47,1.4,-86,VoLTE,TWR-001,2,0.01,0.25,64.71,95.14,104,0.75,0.95,0.61,33.18,0.73
f327f827-1267-49fc-8458-da7ef8a1f2f0,2026-02-21,TWR-005,60.36,6.74,81,11,1.08,4.6,-106,4G,TWR-005,2,0.45,0.15,91.7,96.07,71,0.93,0.72,0.67,75.9,0.79
6374a057-482d-48c8-8212-60577c5b1079,2026-02-28,TWR-005,68.89,8.96,50,19,0.48,0.4,-103,4G,TWR-005,3,0.8,0.29,48.03,97.37,138,0.81,0.8,0.71,65.15,0.75
10b0544b-c301-4f81-89f9-5ee2e764d765,2026-06-09,TWR-003,31.49,19.93,46,5,0.27,1.6,-98,4G,TWR-002,4,0.36,0.2,85.35,96.07,86,0.95,0.93,0.84,80.62,0.82
0d18ecf0-b338-47c4-803c-95706b576750,2026-03-04,TWR-001,41.35,11.7,99,7,1.83,0.4,-95,VoLTE,TWR-003,4,0.96,0.39,38.16,99.63,49,0.98,0.81,0.56,42.24,0.93
a683ccc3-e0d8-4b46-9921-40cfb87c613f,2025-09-07,TWR-003,593.83,47.28,98,7,0.52,4.5,-81,5G,TWR-003,5,0.63,0.4,78.9,95.04,33,0.93,0.93,0.6,52.72,0.78
ee63d1ba-7cbe-4f5c-96f8-45c1acd333b1,2025-10-24,TWR-004,554.25,25.95,18,12,0.31,3.2,-63,5G,TWR-002,6,0.27,0.34,57.37,97.39,36,0.87,0.83,0.83,31.62,0.78
756bafae-8307-44de-aa27-492062c5942f,2025-12-21,TWR-001,681.51,61.97,68,18,0.85,3.8,-70,5G,TWR-005,9,0.82,0.72,75.05,96.89,109,0.94,0.72,0.65,31.6,0.84
36c5c5e8-4522-4bd7-812e-5563fe231feb,2026-03-31,TWR-005,70.27,11.9,34,18,0.24,4.7,-116,VoLTE,TWR-004,2,0.87,0.69,32.5,95.5,60,0.72,0.79,0.51,70.71,0.87
12e7a0cd-59cf-4fec-ba65-07d00f2542f9,2026-07-13,TWR-003,26.1,6.09,88,5,0.4,2.4,-89,VoLTE,TWR-003,0,0.7,0.88,48.62,95.9,34,0.74,0.96,0.67,89.32,0.83
2fe4a608-edc3-4895-a256-c8553eaf1d49,2025-08-14,TWR-005,59.51,19.85,11,6,0.73,4.2,-106,VoLTE,TWR-003,7,0.55,0.45,66.6,95.05,46,0.77,0.64,0.84,49.79,0.9
2ce86a75-57ab-41c8-8e97-ae38202db162,2025-12-26,TWR-004,96.69,9.44,69,7,0.97,0.5,-107,4G,TWR-003,5,0.68,0.13,69.77,98.58,68,0.99,0.93,0.86,57.96,0.85
020a7627-2855-4413-9dbe-04b57678ba39,2025-11-02,TWR-001,949.84,51.1,44,11,1.26,4.9,-103,5G,TWR-002,6,0.97,0.19,69.47,97.24,34,0.82,0.85,0.56,47.51,0.99
356b870b-986e-4299-8c84-ee34c1b37fa3,2026-01-31,TWR-001,13.74,5.08,70,15,1.94,3,-98,4G,TWR-003,2,0.44,0.66,68.9,99.23,91,0.77,0.84,0.97,35.38,0.83
2fa5c662-d479-4388-a6d9-a3871e43838f,2026-03-19,TWR-002,217.18,52.89,78,12,1.98,3.9,-69,5G,TWR-003,10,0.73,0.38,73.52,95.72,118,1,0.93,0.6,72.69,0.91
d20152d1-ce93-429a-a215-4c011d528af9,2026-04-19,TWR-001,81.42,8.22,19,13,1.44,3.3,-67,4G,TWR-003,6,0.95,0.57,48.17,99.4,65,0.92,0.87,0.82,78.91,0.85
2567f0eb-51a0-458e-95fb-db6148151637,2025-09-26,TWR-005,84.83,18.44,85,4,1.93,0.7,-112,VoLTE,TWR-002,9,0.66,0.49,44.08,98.32,150,0.77,0.7,0.81,37.41,0.99
f77e3997-f6ce-4505-9270-8120e71c4f73,2025-08-10,TWR-005,49.97,15.24,31,6,0.48,4.2,-107,4G,TWR-005,7,0.97,0.27,85.5,95.79,70,0.77,0.73,0.68,78.49,0.79
d77db9b1-e2b5-4ac8-a4c8-3b1c0257246e,2025-12-18,TWR-003,244.91,84.87,88,2,1.3,2.2,-83,5G,TWR-003,2,0.2,0.4,81.06,95.79,84,0.94,0.9,0.63,62.12,1
fb947e82-5d26-4024-ac00-646f6395a0d2,2026-05-13,TWR-003,21.87,16.27,93,1,0.56,3.4,-111,VoLTE,TWR-002,1,0.3,0.44,81.59,95.25,135,0.93,0.9,0.59,68.42,0.79
d2ec4f56-f5fe-4a0d-b0d2-e763fd8c7839,2026-02-27,TWR-005,12.8,14.47,15,12,1.55,3.4,-100,VoLTE,TWR-003,2,0.75,0.15,20.9,95.98,94,0.88,0.66,0.9,50.92,0.89
3793f2a9-10d2-4565-a384-198d6bad4f43,2026-03-05,TWR-005,817.08,53.74,17,15,0.85,4.5,-90,5G,TWR-002,3,0.24,0.18,55.81,99.49,103,0.73,0.6,0.97,45.02,0.94
fc77fe3a-9941-4fba-89e0-f16fd1663fc8,2026-06-17,TWR-005,88.24,14.52,98,7,1.84,1.7,-104,VoLTE,TWR-005,5,0.76,0.53,71.45,96.56,107,0.74,0.9,0.68,51.86,0.92
64d78fbb-976b-4211-8fb7-75ebdf612c82,2026-06-04,TWR-002,56.11,5.5,30,17,0.04,3.2,-103,VoLTE,TWR-004,4,0.55,0.11,80.89,96.08,94,0.93,0.73,0.53,68.22,0.81
ad7fef76-5065-40db-9e5f-7a62f885daf4,2025-12-18,TWR-001,13.73,10.34,19,19,1.09,4.5,-115,VoLTE,TWR-002,8,0.14,0.87,81.54,96.41,114,0.8,0.89,0.81,76.52,0.87
931a0369-0b39-4607-bb23-ffc80ace908b,2026-05-15,TWR-002,96.33,11.95,73,6,1.7,3.2,-112,4G,TWR-002,8,0.82,0.65,57.25,95.77,60,0.84,0.81,0.81,66.6,0.88
0b70990b-ea49-4896-abdb-b8347d7a5582,2026-05-25,TWR-003,89.32,15.48,95,19,1.14,4.1,-64,4G,TWR-002,7,0.78,0.4,84.45,98.74,100,0.92,0.85,0.97,82.07,0.8
7d8a1b65-08e2-4862-84ff-ceb62c2a6405,2025-08-25,TWR-001,22.29,10.96,61,13,1.17,0.2,-63,VoLTE,TWR-004,7,0.5,0.73,85.39,95.37,31,0.71,0.92,0.97,74.86,0.75
cacf483e-31ae-4714-82c3-29cdc2bbc25e,2025-09-18,TWR-004,92.45,5.68,84,3,0.73,0.8,-93,4G,TWR-003,8,0.2,0.47,39.46,99.61,120,0.93,0.96,0.81,79.76,0.82
458511bf-5ba0-408f-9db8-0169db7f552a,2025-11-18,TWR-004,487.33,37.31,18,11,0.39,2.1,-96,5G,TWR-002,2,0.55,0.18,66.23,97.84,45,0.97,0.63,0.54,80.66,0.93
9ebf0c74-2110-4bc9-96d6-404f5e608bef,2026-05-15,TWR-004,44.55,12.35,51,5,0.91,0.7,-66,4G,TWR-001,4,0.94,0.31,43.63,96.22,144,0.83,0.84,0.62,75.15,0.89
770877f0-91cb-4ffd-be60-62e04d084f01,2025-11-28,TWR-005,96.64,19.04,50,14,0.64,3.9,-89,4G,TWR-003,10,0.18,0.28,40.78,97.4,55,0.88,0.62,0.89,46.3,0.74
1e6b556c-00ae-4bd5-8f64-d6e20389883a,2026-02-23,TWR-002,10.1,19.53,42,8,0.49,1.9,-116,VoLTE,TWR-003,1,0.4,0.46,46.83,96.13,36,0.77,0.9,0.95,59.6,0.75
01c0b92f-c6d6-448e-a2ae-f1a17111b7f7,2026-04-22,TWR-002,21.33,16.29,47,7,1.64,1.4,-64,4G,TWR-001,5,0.22,0.49,26.72,98.47,133,0.94,0.89,0.81,71.22,0.74
448cd421-b5de-4cc5-a6ba-42b817889cb2,2026-02-18,TWR-003,77.56,14.59,79,2,0.44,2.9,-73,VoLTE,TWR-003,4,0.46,0.58,64.62,96.06,53,0.88,0.99,0.61,30.24,0.97
05643bdc-ce61-4ff7-8a43-51fd8a7d4d42,2026-06-24,TWR-005,13.28,17.54,61,12,1.16,2.8,-103,4G,TWR-001,7,0.43,0.78,92.6,97.72,75,0.98,0.9,0.63,45.96,0.93
ee830092-39c5-4670-845f-9537a8afa647,2025-08-30,TWR-001,946.47,54.1,13,10,1.76,1.3,-104,5G,TWR-003,1,0.4,0.57,49.83,96.56,38,0.99,0.84,0.96,51.88,0.79
1958827d-d13e-4220-9a3c-62db26082599,2026-04-07,TWR-001,10.17,13.56,53,10,0.84,0.6,-114,VoLTE,TWR-004,9,0.55,0.16,64,99.86,34,0.96,0.83,0.63,76.62,0.77
6f1e7de0-2e8b-455e-af78-eb1cfe953fd3,2025-10-16,TWR-002,19.88,9.35,74,13,0.02,0.4,-109,4G,TWR-005,9,0.02,0.17,54.02,95.37,127,0.77,0.63,0.97,64.64,0.71
f531a961-80dc-48dd-acec-a713504061f7,2025-11-19,TWR-001,587.91,67.1,49,11,1.69,4.9,-75,5G,TWR-003,4,0.13,0.84,92.06,95.34,33,0.72,0.68,0.75,82.31,0.89
c333c815-5367-4c94-a174-1b9d440596ef,2026-04-29,TWR-004,555.08,47.16,51,17,0.75,3.7,-77,5G,TWR-003,6,0.05,0.47,45.68,99.17,69,0.99,0.62,0.73,56.38,0.89
285b1bba-0e09-497c-a1aa-7933af2a3105,2026-04-11,TWR-001,12.9,15.75,42,16,0.47,0.1,-103,4G,TWR-004,6,0.29,0.84,90.58,99.69,33,0.79,0.7,0.58,38.71,0.76
890443ec-4f8f-4219-a506-bc1768914f48,2025-08-08,TWR-001,51.92,6.74,15,15,1.67,2.6,-71,4G,TWR-003,9,0.98,0.73,33.53,98.51,94,0.94,0.67,0.76,61.64,0.97
09e1c667-176b-44fc-abc2-b28c6ff10816,2026-07-15,TWR-004,37.67,19.13,48,7,1.06,3.2,-87,VoLTE,TWR-001,4,0.52,0.74,38.43,99.72,102,0.76,0.83,0.66,74.31,0.83
659b1f84-03da-4e58-b89d-626db499f646,2025-09-20,TWR-003,73.15,10.82,48,2,1.64,3.2,-108,VoLTE,TWR-005,7,0.43,0.47,32.93,97.89,127,0.76,0.8,0.6,85.75,0.76
729ec9e1-c348-4413-847d-8bfc91fc0018,2025-10-20,TWR-001,189.93,46.38,22,8,0.58,3.3,-65,5G,TWR-002,5,0.18,0.15,63.83,98.62,77,0.95,0.72,0.55,65.5,0.98
609b77eb-9023-4f15-a0db-8075466031f2,2026-07-08,TWR-003,181.49,37.26,90,5,0.06,2,-114,5G,TWR-001,10,0.51,0.15,53.11,98.59,117,0.93,0.93,0.77,30.77,0.98
d0ea3f10-f9b9-4456-b5ba-13970951b0d6,2025-09-10,TWR-002,93.96,13.39,88,18,1.3,0.4,-98,4G,TWR-002,1,0.47,0.38,90.53,96.13,43,0.72,0.61,0.94,72.74,0.96
f31fa9b8-07d5-457d-a16c-7766b1d124e1,2025-12-31,TWR-003,56.03,19.98,97,10,1.07,1.5,-115,4G,TWR-004,3,0.81,0.76,80.65,96.84,114,0.86,0.75,0.79,66.18,0.81
947cd761-6a9d-4047-b819-caab12afe3e2,2026-02-07,TWR-003,12.97,5.01,49,6,1.85,3.3,-98,VoLTE,TWR-001,9,0.23,0.79,51.08,99.05,69,0.7,0.86,0.6,70.9,0.79
583228dc-e209-4b4f-bf43-c2362bef379f,2025-08-14,TWR-002,32.7,8.72,89,11,0.03,2.3,-119,VoLTE,TWR-003,3,0.63,0.11,74.14,97.03,115,0.85,0.96,0.75,87.68,0.75
e84f6cd7-b16b-4104-915e-9f75f6695e7e,2026-05-23,TWR-005,96.72,8.5,31,1,1.95,2,-105,4G,TWR-003,8,0.73,0.28,92.82,99.34,132,0.72,0.66,0.7,80.18,0.77
54ee0d38-863b-4bf2-922d-6b826c4aa93a,2025-11-02,TWR-001,66.15,19.39,34,6,1.8,4.3,-67,VoLTE,TWR-002,3,0.83,0.22,78.56,95.93,62,0.9,0.87,0.99,78.85,0.76
df73bd42-76a2-4d5d-aa42-491cade20832,2025-12-13,TWR-005,25.53,14.3,31,4,1.26,2.6,-94,VoLTE,TWR-005,2,0.86,0.1,21.11,95.94,28,0.89,0.82,0.78,83.24,0.75
9de5c825-db54-47a0-b851-b50ce6f70154,2026-06-14,TWR-005,860.55,37.62,14,17,0.82,1.3,-117,5G,TWR-002,8,0.54,0.12,71.02,98.38,54,0.75,0.79,0.69,40.71,0.99
942ee260-0c62-4a01-b426-457e5c8344fc,2026-07-01,TWR-002,75.56,6.39,18,2,1.01,0.1,-89,VoLTE,TWR-002,9,0.98,0.64,48.94,96.56,125,0.9,0.86,0.92,54.31,0.81
b9938dbd-9392-409f-b646-c00505f49bfc,2026-01-01,TWR-004,55.62,18.34,42,10,1,1.7,-112,VoLTE,TWR-002,2,0.36,0.36,27.62,97.55,63,0.94,0.82,0.79,44.59,0.86
7d3d2b4f-c509-4676-beed-f29e7a1a94d0,2025-11-09,TWR-004,93.97,15.7,41,14,0.11,3.2,-75,4G,TWR-005,0,0.53,0.79,81.21,98.69,22,0.97,0.65,0.87,67.57,0.75
b899b364-e7f7-47ae-94c8-e925a3d8ec0b,2025-10-13,TWR-002,919.51,24.2,95,5,1.35,4.5,-93,5G,TWR-003,3,0.81,0.16,40.09,98.36,136,0.76,0.78,0.78,58.87,0.76
f9058f85-8a70-4a4f-8fde-dfca69290bc5,2025-08-29,TWR-004,47.35,18.53,24,14,1.05,3.5,-114,4G,TWR-003,5,0.96,0.17,28.7,96.04,88,0.91,0.74,0.69,50.11,0.89
ffdacfc3-8768-451e-93de-5fca2ad39667,2026-05-21,TWR-004,253.59,20.79,13,9,1.25,2.2,-117,5G,TWR-003,5,0.76,0.88,53.16,96.8,142,0.82,0.94,0.7,62.94,0.72
05d71d33-0875-44e7-8fac-4c136411333b,2025-11-28,TWR-001,249.13,41.2,97,4,1.23,0.7,-119,5G,TWR-001,3,0.88,0.64,45.55,97.31,21,0.95,0.7,0.77,82.54,1
992c811b-df25-4336-a06f-eaa3241666a0,2025-11-05,TWR-002,832.19,62.05,82,14,1.48,0.3,-70,5G,TWR-005,2,0.7,0.11,87.05,98.71,70,0.83,0.66,0.58,59.97,0.77
15bd53e9-d043-4322-9e0b-4318905248e6,2025-11-13,TWR-005,40.48,18.93,27,14,1.6,1.5,-107,4G,TWR-002,4,0.91,0.56,87.67,95.43,43,0.87,0.67,0.62,64.06,0.84
89193cda-a861-4fff-847c-2bda37a36c5c,2026-05-21,TWR-001,504.65,34.55,48,10,1.65,1.3,-89,5G,TWR-004,9,0.26,0.54,63.5,98.31,93,0.84,0.74,0.7,41.55,0.96
c893c445-9308-4b83-850d-49b6a79a351f,2026-05-02,TWR-002,232.12,22.23,91,4,1.16,0.6,-84,5G,TWR-005,10,0.81,0.14,55.49,97.68,66,0.98,0.78,0.72,50.06,0.97
836d6961-bf62-4755-9fce-3e0c133660a9,2025-12-29,TWR-005,914.67,68.95,54,16,1.66,0.6,-73,5G,TWR-004,3,0.66,0.86,66.56,95.56,128,0.99,0.8,0.79,66.92,0.8
3140181b-dee2-4811-b4f1-6401cb935659,2026-06-05,TWR-002,52.61,17.72,65,16,1.46,0.6,-71,4G,TWR-003,7,0.75,0.27,77.4,98.27,69,0.89,0.87,0.53,46.89,0.75
bc6f9715-aed3-4424-a1a2-f04cfdd2b7c3,2026-04-04,TWR-001,61.58,9.88,72,18,0.49,3.9,-93,4G,TWR-002,1,0.6,0.56,53.82,97.7,74,0.76,0.93,0.65,61.11,0.95
0f193384-563d-43ba-95cd-12b0398c17ee,2025-12-24,TWR-004,74.7,10.13,32,6,1.4,0.4,-117,VoLTE,TWR-005,3,0.61,0.14,86.71,95.76,140,0.97,0.72,0.73,36.07,0.76
51dd7b39-01be-4e86-a0ab-e5a750b77a50,2026-01-30,TWR-001,577.25,97.34,70,16,1.68,0.1,-85,5G,TWR-001,6,0.65,0.21,72.27,96.47,59,0.77,0.82,0.97,37.41,0.74
7669e5c0-e80b-4408-a7d5-8efe0992e1cb,2026-03-17,TWR-001,603.26,42.97,63,6,1.6,4.8,-102,5G,TWR-005,3,0.14,0.18,37.8,97.7,55,0.71,0.97,0.75,53.33,0.88
e10340ec-9a02-4468-9fb6-41d40768446f,2025-12-25,TWR-005,38.38,18.79,42,4,0.17,4.8,-117,VoLTE,TWR-001,0,0.66,0.3,87.85,96.81,45,0.88,0.9,0.63,82.14,0.71
3c58bab2-2c38-47f1-bf03-20e611b5509a,2026-04-21,TWR-003,34.12,15.65,33,7,1.3,1.4,-70,4G,TWR-003,1,0.17,0.3,83.42,96.58,36,0.85,0.72,0.63,53.12,0.9
65362147-5a45-4fae-8c95-57417a8e2e7a,2026-02-09,TWR-004,18.39,15.54,27,7,1.68,0.1,-115,4G,TWR-004,8,0.74,0.69,92.85,96.16,36,1,0.9,0.94,61.21,0.87
a39af1fa-50e1-4adf-aa13-c9facf353a98,2026-04-29,TWR-003,768.97,74,32,17,0.26,0.8,-100,5G,TWR-001,2,0.92,0.57,34.19,97.54,41,0.97,0.83,0.65,86.91,0.87
2a2928fe-c96e-4df2-a250-c57b688f954c,2026-05-31,TWR-004,76.75,9.14,20,13,1.31,0.5,-119,VoLTE,TWR-002,2,0.1,0.13,84.77,99.82,73,0.91,0.92,0.54,37.6,0.76
002d5eae-ace1-4ec5-bd2a-e7225e099753,2026-03-01,TWR-003,80.14,17.04,87,6,1.73,2.9,-108,4G,TWR-005,5,0.97,0.27,63.34,96.71,93,0.71,0.98,0.83,33.99,0.91
c276d52c-740e-4f24-a7f8-ba34d29cf242,2025-10-22,TWR-002,70.47,10.78,29,3,0.85,3.5,-90,VoLTE,TWR-003,5,0.23,0.16,22.24,99.34,47,0.97,0.84,0.77,50.08,0.85
f0f15745-5b6e-424e-bd1e-955f86dec522,2026-03-09,TWR-003,83.81,6.45,62,14,0.79,1.4,-77,4G,TWR-001,3,0.66,0.87,83.87,98.08,35,0.84,0.9,0.87,57.45,0.78
a11f2aab-83c5-485e-a309-908e3e4de75f,2026-02-11,TWR-005,717.37,55.63,16,13,1.57,3.8,-103,5G,TWR-002,5,0.64,0.13,61.62,97.75,129,0.98,0.62,0.96,63.39,0.84
d91a599b-28aa-4ac9-a4a1-8148a472dce2,2025-10-04,TWR-003,99.64,14.82,55,11,1.88,3.6,-115,VoLTE,TWR-003,0,0.53,0.44,45.11,97.23,79,0.94,0.71,0.56,37.05,0.91
fbe9cd99-f6e8-45ca-9fb5-36e7b2c41b3f,2025-11-16,TWR-001,62.79,19.05,27,5,1.87,0.5,-89,VoLTE,TWR-005,7,0.58,0.5,78.85,97.28,131,0.7,0.69,0.81,88.83,0.89
0ae40d3e-03b8-49ea-b506-aa6b71925497,2026-03-24,TWR-002,20.89,14.54,11,11,1.58,1.3,-64,4G,TWR-002,1,0.48,0.31,70.72,98.57,67,0.9,0.97,0.81,33.98,0.82
64056994-bc4e-4a96-a5a9-7a0f798efd88,2025-10-15,TWR-003,67.56,19.05,55,2,0.16,2.5,-96,4G,TWR-001,2,0.46,0.71,26.81,95.38,35,0.93,0.81,0.87,82.75,0.93
207ad8e9-0ec3-4e75-a9ca-cca99414ad01,2026-02-13,TWR-001,72.65,10.05,16,13,1.92,0.2,-62,VoLTE,TWR-001,9,0.83,0.37,94.4,97.84,31,0.96,0.73,0.92,54.76,0.88
59fdc1a6-cc79-4b7d-8f3c-a6535acd7892,2025-11-13,TWR-005,72.52,19.51,32,15,0.02,3.5,-90,4G,TWR-004,9,0.86,0.16,69.68,96.98,133,0.85,0.91,0.82,48.41,0.95
f4094b0d-d67b-4e73-91f1-d735ae0755d4,2026-01-21,TWR-005,998.79,36.88,25,18,0.03,2.4,-81,5G,TWR-004,2,0.26,0.18,92.64,97.06,36,0.73,0.81,0.75,72.99,0.88
66f27198-163d-4b8f-b03c-a661031bc95c,2026-01-02,TWR-003,96.7,8.91,19,3,1.17,2.7,-73,VoLTE,TWR-003,9,0.2,0.72,59.84,99.05,83,0.85,0.71,0.62,79.72,0.97
84ab8ea0-bb0d-4fef-9f72-a26378fee545,2026-02-03,TWR-005,82.07,12.85,40,5,0.28,0,-86,4G,TWR-001,3,0.48,0.3,25.7,98.44,26,0.74,0.73,0.97,64.32,0.84
8396cbca-a6d7-4824-87b3-708cbd2d2e2a,2025-11-26,TWR-002,81.39,15.5,36,7,1.94,1.7,-84,VoLTE,TWR-004,7,0.11,0.73,53.12,99.37,21,0.71,0.87,0.72,82.64,0.91
ffc31299-08a4-4670-ba2f-8097a44f6cd9,2026-04-18,TWR-004,315.37,44.31,52,1,0.2,1.6,-73,5G,TWR-001,3,0.49,0.71,62.87,95.66,56,0.96,0.8,0.81,42.42,0.93
1c559daf-5929-46e0-988c-1b5c41cfa701,2025-07-29,TWR-005,81.71,10.04,72,5,0.18,1.9,-111,4G,TWR-001,6,0.97,0.87,37.82,98.37,23,0.82,0.89,0.65,81.71,0.94
ca9eeab9-f751-4f12-b1ea-cbea23fae5c1,2025-10-12,TWR-004,81.28,10.39,60,2,0.55,0,-71,VoLTE,TWR-004,4,0.59,0.33,34.52,98.69,108,0.85,0.87,0.95,46.05,0.85
f21d32c3-0230-48de-a748-04bb49d85ead,2026-07-09,TWR-003,74.36,12.36,13,2,1.62,0.4,-117,4G,TWR-005,1,0.47,0.36,60.72,98.92,147,0.73,0.7,0.88,73.9,0.91
60cb727c-72e8-4f1c-91e8-bbc02a160517,2025-11-17,TWR-001,30.81,10.09,68,19,1.93,1.9,-94,4G,TWR-003,7,0.44,0.36,71.37,95.2,135,0.96,0.77,0.89,71.1,0.99
6e9b4de2-643c-43ee-8c33-e31a3acbea37,2025-10-05,TWR-002,796.1,37.82,59,9,1.38,2,-109,5G,TWR-003,8,0.84,0.76,58.36,95.05,149,0.75,0.68,0.6,75.3,0.79
83c13ed1-3c54-435f-9cfb-699d6f4e4a73,2026-06-05,TWR-001,159.62,22.86,42,2,1.12,4.6,-107,5G,TWR-002,5,0.14,0.29,51.89,95.98,21,0.97,0.86,0.58,32.78,0.98
3b758274-7731-4c9d-b652-2d6c42c8520b,2026-06-08,TWR-005,69.46,14.47,66,13,0.58,3.6,-72,VoLTE,TWR-002,10,0.99,0.61,60.21,95.95,37,0.81,0.92,0.8,55.54,0.91
cffe7600-e908-4303-a4ab-bdd82c4da0eb,2025-08-25,TWR-004,295.87,80.75,41,3,1.97,4.4,-95,5G,TWR-003,1,0.7,0.68,52.91,95.17,102,0.94,0.84,0.7,36.06,0.85
1fd0bfeb-b37a-4027-92ad-aba46f4d133c,2025-08-08,TWR-003,19.97,12.49,52,2,0.69,3.8,-116,4G,TWR-001,0,0.29,0.57,45.55,95.6,110,0.8,0.63,0.57,53.46,0.93
d8ef5d5b-d973-49a8-b899-93445d2f65ae,2026-07-02,TWR-001,48.86,16.02,100,3,1.51,0.7,-61,4G,TWR-004,8,0.1,0.65,65.35,97.68,71,0.95,0.74,0.83,77.2,0.71
ea254205-3c0d-4f15-afb6-e2e5dd14a930,2025-09-20,TWR-005,16.66,15.55,23,2,1.26,0.4,-101,4G,TWR-004,8,0.18,0.58,57.51,96.89,75,0.95,0.65,0.63,67.78,0.73
14674a30-ef4f-415d-9087-0a8e0a60cfd2,2025-10-03,TWR-001,59.68,19.58,15,1,1.54,0.9,-61,4G,TWR-002,3,0.87,0.13,26.95,98.8,85,0.81,0.67,0.55,81.99,0.93
5aef530e-38df-4432-84b9-6e61b3ef03e4,2025-11-02,TWR-005,11,10.13,15,14,0.86,4.1,-99,4G,TWR-003,9,0.08,0.28,80.34,97.22,137,0.88,0.63,0.87,46.09,0.97
867717fe-2e27-428e-a68e-9152f758ab80,2026-07-05,TWR-001,20.68,14.01,78,10,0.63,4.8,-91,4G,TWR-002,3,0.96,0.49,27.11,97.03,112,0.79,0.66,0.69,49.28,0.81
76d9bf9e-ab3e-45d1-9d8c-668e6320674e,2026-01-19,TWR-002,362.37,51.05,81,5,1.34,1.3,-114,5G,TWR-005,7,0.68,0.48,49.87,96.82,66,0.82,0.75,0.68,45.04,0.87
b5c6a2ef-aff9-49cc-814b-5cf921e6159a,2026-04-27,TWR-005,90.03,13.57,38,15,0.86,2.9,-112,4G,TWR-002,3,0.94,0.73,41.59,97.2,124,0.75,0.87,0.7,62.08,0.75
23a07ddc-e07c-4078-89ca-2a8849d99e6a,2025-10-08,TWR-002,962.18,64.87,22,3,1.02,4.5,-93,5G,TWR-001,1,0.71,0.86,92.14,95.89,21,0.98,0.72,0.76,67.68,0.97
f0220045-9c89-4250-8195-fce74e20db1d,2026-02-28,TWR-001,33.63,6.64,65,4,0.24,4.1,-98,4G,TWR-002,3,0.76,0.3,91.7,96.64,138,0.91,0.81,0.56,38.9,0.94
2db71d0a-f5fb-4b08-85cb-5c1e6d821b6b,2026-03-09,TWR-001,393.01,37.84,53,18,1.16,2,-68,5G,TWR-002,0,0.4,0.54,31.35,96.79,131,0.87,0.9,0.72,41.71,0.8
9b485b25-58da-487f-ba91-76e285c92b42,2026-04-28,TWR-004,672.12,77.08,100,5,1.81,1.3,-110,5G,TWR-004,9,0.3,0.66,32.85,95.06,81,0.88,0.67,0.7,62.23,0.97
601afae8-b66f-40a4-b62c-48fd1826d71e,2026-06-03,TWR-004,67.16,10.59,19,12,0.55,2.3,-91,4G,TWR-002,6,0.28,0.39,51.64,95.47,119,0.73,0.86,0.96,39.54,0.71
91551ea7-62a1-438f-9983-5ef9a5b5669a,2025-08-01,TWR-004,34.77,17.03,25,17,0.83,2.9,-91,4G,TWR-003,3,0.79,0.68,28.75,96.38,137,0.96,0.99,0.6,82.29,0.79
d19569d4-f77d-4244-85ac-669075c8d9b4,2025-08-09,TWR-003,35.75,10.28,68,19,1.16,4.7,-112,VoLTE,TWR-005,5,0.74,0.76,20.07,99.44,28,0.74,0.69,0.56,68.46,0.8
7a6eeb49-15dd-4636-818d-7b5327e3784e,2026-04-05,TWR-001,921.74,89.1,98,2,1.66,4.7,-74,5G,TWR-005,7,0.51,0.25,71.33,99.55,106,0.92,0.78,0.77,38.51,0.92
cba7f3e0-d221-4451-b8a2-f81c8687d6ce,2026-03-03,TWR-001,476.23,58.79,91,14,1.53,1,-91,5G,TWR-001,7,0.71,0.23,58.03,95.11,130,0.98,0.93,0.97,36.68,0.87
836ca37e-5dca-469d-b1a6-416ed15fe74d,2026-04-16,TWR-002,845.09,70.9,84,14,1.98,4.6,-79,5G,TWR-001,1,0.97,0.64,88.3,96.88,67,0.99,0.65,0.95,69.83,0.81
8853f5d4-9a83-4691-910e-d4f3983e5235,2025-10-06,TWR-001,398.65,32.12,35,7,1.67,2.6,-98,5G,TWR-002,3,0.65,0.54,32.16,95.18,135,0.71,0.81,0.85,76.64,0.81
680040f4-2be2-47c3-87ac-5c4648c8b2ae,2025-12-16,TWR-003,41.17,13.96,70,12,0.88,3,-110,VoLTE,TWR-004,6,0.85,0.69,65.02,99.87,25,0.85,0.86,0.6,80.73,0.97
03662632-98bb-49fb-bea5-221d72d7a17d,2026-01-15,TWR-003,85.6,10.04,36,14,0.5,0.9,-62,4G,TWR-005,1,0.77,0.69,64.9,95.88,47,0.93,0.72,0.99,69.64,0.94
b94a8c21-8d5c-459b-87ce-6f8402f317e7,2025-08-29,TWR-001,600.27,56.46,86,10,0.88,4.6,-103,5G,TWR-002,5,0.13,0.75,23.63,96.15,40,0.9,0.65,0.99,62.25,0.79
491dccee-4eb9-472a-8ae3-67d6d960910e,2026-02-20,TWR-002,83.91,15.4,13,12,0.88,1.9,-68,VoLTE,TWR-005,1,0.69,0.67,31.41,95.38,88,0.88,0.66,0.92,55.74,0.79
406a82ad-4147-4516-802c-8f69019a3a32,2026-06-23,TWR-005,873.27,45.47,85,12,1.45,4.5,-78,5G,TWR-004,6,0.61,0.7,80.05,97.99,141,0.95,0.87,0.71,80.65,0.84
76d664e2-f47d-41bb-bd6b-0886eb0b76f2,2025-07-31,TWR-005,574.17,22.8,95,13,0.05,3.4,-94,5G,TWR-005,2,0.96,0.55,82.72,96.21,117,0.75,0.9,0.52,55.78,0.73
824d186c-23af-4be0-aa19-cf974a30480f,2025-12-11,TWR-001,54.83,17.33,59,15,0.3,0.3,-115,4G,TWR-001,4,0.61,0.5,49.92,95.95,84,0.92,0.91,0.92,51.3,0.75
7abe7100-1f4b-4285-968b-863b76f4f74e,2026-06-10,TWR-002,67.59,19.56,11,2,0.34,4.9,-114,VoLTE,TWR-003,6,0.59,0.49,63.22,98.9,137,0.95,0.78,1,62.47,0.83
ee66bab2-986f-4d27-acec-47ef4b7281cf,2026-06-11,TWR-005,44.78,13.19,88,4,1.41,3.5,-105,4G,TWR-005,6,0.89,0.59,45.24,99.56,142,0.75,0.94,0.99,61.22,0.77
6590ec14-3fcb-4c76-8644-8a2abe0099ad,2025-08-08,TWR-003,549.04,40.17,40,5,1.07,4.3,-108,5G,TWR-002,7,0.02,0.37,61.47,96.94,49,0.84,0.99,0.75,50.78,1
899cfc81-8b48-4d21-b928-c447461a3f1b,2025-08-22,TWR-003,143.18,31.65,69,10,1.56,2.8,-82,5G,TWR-004,6,0.42,0.66,54.74,96.8,50,0.86,0.78,0.51,74.16,0.77
68c31cbf-e7a9-4538-9917-6ced070aa093,2026-05-28,TWR-003,80.8,18.35,28,2,0.87,3.1,-109,4G,TWR-001,3,0.54,0.59,39.01,97.39,66,0.73,0.94,0.91,62.81,0.8
81d8a1c3-dd7c-44a1-a573-0091edec23ec,2026-07-16,TWR-002,677.8,69.59,57,4,0.17,4.8,-115,5G,TWR-003,3,0.42,0.8,67.88,97.99,143,0.97,0.81,0.53,79.18,0.85
4d1c1d37-befa-4958-a323-bb6d70599b4b,2026-05-07,TWR-001,520.57,48.47,51,5,0.85,1.7,-70,5G,TWR-005,8,0.44,0.41,91.84,97.03,35,0.83,0.68,0.51,60.58,0.9
e6b04033-296f-4c68-9092-3a665c22b6bc,2026-02-01,TWR-005,54.69,10.48,20,4,1.6,0.5,-92,4G,TWR-001,8,0.25,0.12,75.93,95.73,110,0.99,0.84,0.83,75.1,0.73
98b8f70b-5121-4022-b247-319de9898a9c,2026-03-12,TWR-005,69.87,12.73,14,2,1,2.3,-79,VoLTE,TWR-005,5,0.12,0.5,58.7,95.34,139,0.73,0.92,0.78,81.83,0.84
6a3a1c41-3568-4287-8ed7-f76a0cac992b,2026-06-04,TWR-005,41.81,6.16,47,11,1.3,2.2,-90,4G,TWR-002,3,0.78,0.51,33.77,96.5,62,0.8,0.73,0.72,58.24,0.83
e76b80e3-969a-4fca-8cf6-915600a01ea8,2025-10-12,TWR-002,22.35,16.14,74,8,0.69,1.7,-71,VoLTE,TWR-001,7,0.7,0.25,83.65,96,51,0.82,0.75,0.57,87.2,0.87
b3010eea-1844-4348-b91e-58cec787cddd,2025-12-31,TWR-005,692.61,89.89,13,5,1.09,2.8,-90,5G,TWR-002,10,0.69,0.29,36.26,96.76,73,0.76,0.75,0.51,68.98,0.79
be8f9b95-d2ff-46e7-93d5-0a4c48e0642c,2026-03-10,TWR-005,457.02,23.52,13,3,1.95,2.5,-113,5G,TWR-003,2,0.8,0.69,57.56,97.51,39,0.72,0.79,0.57,58.54,0.76
3ca02148-d547-472c-9405-8a75b1cf2019,2026-02-04,TWR-004,74.39,12.23,16,2,0.54,0.9,-72,VoLTE,TWR-001,9,0.97,0.78,35.16,96.92,129,0.72,0.62,0.55,75.86,0.96
2a8d2e81-ce1f-4a00-8ba2-844139511242,2026-01-23,TWR-005,31.89,7.85,14,1,1.37,0.4,-82,VoLTE,TWR-003,5,0.03,0.18,69.61,96.87,132,0.8,0.67,0.84,86.87,0.7
d32339ff-84d7-441e-8de4-fe9f32f46a22,2025-12-07,TWR-005,58.24,10.88,38,8,0.13,2.5,-81,4G,TWR-003,8,0.96,0.47,74.14,98.47,108,0.77,0.85,0.8,55.24,0.76
704062a8-6883-4112-8475-0c6c4e66e693,2025-07-28,TWR-003,96.37,13.9,51,17,0.54,0.8,-63,4G,TWR-001,3,0.83,0.66,38.39,97.58,35,0.83,0.99,0.89,44.34,0.89
baf04899-26d7-443a-b659-97eb43815ff3,2026-03-09,TWR-001,73.09,10.26,24,7,0.76,1.4,-88,VoLTE,TWR-001,7,0.09,0.68,68.79,97.99,64,0.81,0.92,0.89,82.69,0.97
3d45e0a4-cc25-4b62-8f84-a019b04a8f4e,2026-05-11,TWR-004,34.47,13.83,84,2,0.48,0.9,-89,VoLTE,TWR-003,8,0.84,0.32,73.49,97.01,133,0.8,0.74,0.75,59.9,0.92
6d28d5c9-65ac-4c82-9bbb-7cc28e6bd136,2025-09-14,TWR-003,670.01,81.41,92,14,0.92,5,-72,5G,TWR-001,2,0.41,0.55,90.95,99.81,59,0.89,0.82,0.83,36.87,0.75
f9e7effb-f2cb-4268-986f-899a7e80ac62,2025-10-11,TWR-004,914.06,95,26,14,1.63,0.6,-64,5G,TWR-003,9,0.86,0.79,21.44,99.59,72,0.85,0.74,0.95,57.91,0.87
ec30acab-eae3-46d3-9683-639aa0af00e0,2025-07-26,TWR-003,70.49,5.25,20,3,1.99,0.5,-62,4G,TWR-004,1,0.11,0.6,38.72,95.83,65,0.81,0.69,0.77,89.1,0.97
0c5306ce-e77c-46d5-a3b6-3acff6896a22,2025-08-17,TWR-004,44.33,8.34,80,19,1.85,2.2,-119,VoLTE,TWR-002,7,0.41,0.11,77.66,95.87,86,0.76,0.74,0.77,71.33,0.93
5d29b728-1955-4c0f-b8b3-f21ce9fc40b1,2026-06-08,TWR-001,559.58,64.01,57,5,1.78,3.2,-93,5G,TWR-002,7,0.82,0.65,60.71,99.41,24,0.72,0.91,0.56,60.03,0.77
bbce0cfe-db4e-4afe-a879-7e1ff1f62a15,2026-05-15,TWR-005,27.73,19.99,62,18,1.42,4.3,-93,VoLTE,TWR-005,6,0.22,0.74,91.87,99.45,52,0.85,0.87,0.95,38.31,0.75
03a90dd3-6372-4553-8203-497e4fdda91d,2026-01-25,TWR-002,22.18,17.35,35,8,0.88,1.7,-83,4G,TWR-004,9,0.65,0.16,65.92,97.86,57,0.92,0.78,0.54,89.74,0.86
e542cdb3-a084-453f-ada4-d1092c405128,2026-01-03,TWR-001,97.18,16.51,27,19,1.65,1.9,-62,VoLTE,TWR-003,6,0.1,0.51,20.99,96.32,23,0.87,0.89,0.99,48.61,0.78
1c6610fa-d313-489c-8d08-ef5d085eaaec,2025-12-02,TWR-003,20.7,17.59,16,7,1.41,3.3,-76,VoLTE,TWR-001,6,0.03,0.44,82.16,95.21,92,0.79,0.94,0.83,65.26,0.94
d41cff7d-f0d6-403d-82f5-96821d33ffe9,2026-05-28,TWR-003,36.34,6.38,10,20,1.75,1.6,-69,VoLTE,TWR-005,5,0.27,0.17,42.87,97.21,94,0.91,0.96,0.53,89.29,0.74
a8aa8882-74a8-4f8a-92bc-10f24ee5e8bd,2026-02-19,TWR-004,802.36,78.54,87,3,0.93,1.4,-91,5G,TWR-004,1,0.27,0.52,77.47,97.02,24,0.96,0.91,0.75,80.51,0.96
0d7fda99-9c71-4166-84b1-13d492fbbce8,2026-07-11,TWR-005,69.65,7.07,81,8,1.75,1.3,-77,4G,TWR-004,8,0.56,0.61,40.04,97.97,101,0.84,0.76,0.86,78.52,0.76
0f0d9dd3-00da-40d8-93b8-6c2b65cf964f,2025-08-15,TWR-004,92.02,17.58,39,20,0.84,0.6,-90,4G,TWR-003,6,0.78,0.65,29.78,98.63,142,0.84,0.77,0.56,65.78,0.82
4549a566-6e29-4337-9e99-82a745830abd,2025-10-08,TWR-004,28.08,18.98,79,11,1.72,1.6,-87,VoLTE,TWR-001,1,0.5,0.73,77.26,97.27,73,0.99,0.65,0.76,51.14,0.89
72f211ee-02cc-4744-adc1-01b8939b2e07,2026-03-12,TWR-005,37.02,9.6,66,1,0.83,1.6,-65,VoLTE,TWR-001,5,0.78,0.62,25.06,98.96,137,0.92,0.67,0.54,53.89,0.77
added74c-ed81-4d75-b0a0-4e30f984978b,2026-05-25,TWR-002,40.27,14.27,31,20,0.05,2.8,-81,VoLTE,TWR-002,7,0.24,0.33,80.86,98.93,106,0.81,0.92,0.54,75.91,0.85
791bde7b-b75d-4af1-b9bf-ac8da80436f4,2025-12-08,TWR-003,15.7,9.1,83,2,1.84,3.7,-86,VoLTE,TWR-001,5,0.19,0.28,92.29,99.83,117,0.84,0.84,0.78,66.69,0.7
ae4300d4-121d-480e-816f-94ead43c2c1b,2026-04-18,TWR-001,67.8,18.65,52,1,1.25,0.9,-106,VoLTE,TWR-001,4,0.53,0.18,55.29,99.87,148,0.9,0.85,0.72,37.46,0.9
d12e4ccf-bb2f-4c4a-abd5-16348c4d85c9,2026-05-08,TWR-004,95.87,19.76,73,11,0.85,4.6,-118,VoLTE,TWR-003,2,0.36,0.63,27.71,96.32,57,0.91,0.8,0.51,88.2,0.8
ac208689-8acf-414d-bec0-1223a34d8b27,2026-06-09,TWR-001,48.76,18.94,28,14,1.23,1.7,-81,VoLTE,TWR-003,7,0.92,0.26,49.02,97.72,126,0.99,0.72,0.58,60.56,0.73
23f50a5d-c275-4a6d-a0d1-34aa0449070f,2026-02-18,TWR-004,53.03,18.14,20,18,1.85,0.1,-93,4G,TWR-005,3,0.85,0.63,57.95,98.29,114,0.71,0.75,0.9,52.92,0.74
638ac174-41f8-435c-9b58-c8bc13835f7d,2026-01-08,TWR-005,542.8,84.54,88,15,1.04,1.7,-98,5G,TWR-004,4,0.19,0.56,91.89,96.06,101,0.76,0.61,0.77,54.57,0.74
1469b81c-8b6c-4b46-9c56-09fc5fa3a2e4,2026-04-01,TWR-001,980.96,61.17,84,9,0.28,0.2,-95,5G,TWR-004,5,0.29,0.28,83.01,95.51,128,0.76,0.65,0.85,78.93,0.88
c909ecad-5da4-437f-857a-0c39f4147ebf,2026-03-15,TWR-005,48.57,10.4,49,12,0.88,4.2,-83,VoLTE,TWR-002,3,0.13,0.24,92.03,96.41,148,0.78,0.96,0.59,81.05,0.8
a93f487d-b7c1-4f8f-b5b8-88012d9d87d6,2025-10-18,TWR-005,86.53,16.65,43,12,0.1,1.2,-75,4G,TWR-004,7,0.68,0.14,28.34,96.12,93,0.94,0.7,0.55,65.49,0.82
ac86a73d-ed96-4ce3-82e0-065d9415ebe7,2025-10-30,TWR-003,64.15,19.87,13,15,1.3,1.6,-72,VoLTE,TWR-001,0,0.61,0.52,89.55,95.86,62,0.87,0.81,0.77,46.04,0.87
4cfcc209-6c5d-412d-aa2b-0249d8323947,2026-04-26,TWR-005,525.43,56.5,90,2,1.34,3.3,-82,5G,TWR-002,2,0.56,0.89,56.11,98.29,28,0.98,0.74,0.61,55.78,0.85
b93f882e-60a9-483e-ac74-b70b01bf29af,2026-02-27,TWR-001,74.03,16.05,41,2,1.68,4.2,-65,4G,TWR-004,4,0.97,0.36,57.85,96.12,127,0.94,0.91,0.73,46.17,0.71
68a765cc-360f-4c10-afc0-a3fca9b8bcc7,2026-01-29,TWR-005,472.53,51.69,88,11,1.42,4.4,-77,5G,TWR-005,8,0.3,0.74,75.3,98.83,141,0.88,0.94,0.75,66,0.96
00272af5-2254-49d6-9d09-1784cf6dee09,2026-04-18,TWR-001,21.98,14.14,40,10,0.27,3.9,-97,VoLTE,TWR-001,9,0.29,0.39,49.04,95.31,66,0.78,0.73,0.94,72.44,0.99
556f17a6-fdfb-4854-94be-dcead680e6b0,2025-08-30,TWR-005,45.77,11.92,70,2,0.13,3.6,-113,VoLTE,TWR-003,1,0.29,0.29,93.69,96.03,74,1,0.68,0.9,42.98,0.81
e75f8e88-b762-4b48-a83d-235423ee274c,2026-03-15,TWR-004,599.3,58.2,39,6,1.84,2.9,-72,5G,TWR-004,9,0.77,0.46,64.26,97.16,145,0.74,0.93,0.77,87.98,0.98
94c80a27-c2e4-4a87-b60a-1a866abe9dd5,2026-01-14,TWR-002,75.02,14.97,56,10,1.7,2.3,-75,4G,TWR-004,3,0.82,0.23,68.07,96.71,90,0.85,0.9,0.88,84.25,0.77
1167b370-5c9a-4f55-b472-44334da41357,2026-03-17,TWR-002,68.96,10.54,43,9,0.28,1.6,-108,VoLTE,TWR-004,2,0.37,0.27,74.19,99.67,84,0.82,0.81,0.74,82,0.88
5dc2985f-fd63-48bb-905f-6320aa20cf95,2026-04-19,TWR-001,65.39,11.7,56,14,1.22,0.5,-98,VoLTE,TWR-005,2,0.61,0.47,64.67,99.17,137,0.98,0.82,0.73,86.71,0.96
7cf87804-7d2b-4113-86d4-3c5dd9df5c5b,2026-03-29,TWR-002,67.8,6.91,19,2,0.28,3.8,-77,VoLTE,TWR-001,6,0.49,0.38,73.25,95.92,106,0.86,0.66,1,45.18,0.94
6eb54731-f061-4a1d-b918-6c53df6532c8,2026-05-10,TWR-002,19.64,11.54,15,12,0.29,0.2,-110,4G,TWR-004,4,0.74,0.34,29.32,97.3,104,0.77,0.65,0.53,52.55,0.9
2c799a7f-c7e4-4244-9482-8d8c9eaa77eb,2025-10-11,TWR-001,35.14,16.87,30,6,0.9,0.2,-77,4G,TWR-003,1,0.93,0.68,34.46,96.63,108,0.89,0.88,0.97,67.36,0.71
af4cd263-319d-4001-b161-639b30291d09,2026-06-23,TWR-001,63.52,14.66,34,14,0.17,4.3,-66,4G,TWR-001,2,0.11,0.51,94.42,96.4,106,0.83,0.78,0.75,48.12,0.93
a2691c3f-eef3-4743-a9bf-5b3e6d702c98,2025-08-06,TWR-004,354.82,90.23,86,8,1.61,4,-66,5G,TWR-004,4,0.04,0.39,81.35,98.17,36,0.86,0.65,0.55,81.15,0.82
385cae18-fc7a-4a3a-ad77-1425a7f2028e,2026-07-12,TWR-003,18.81,5.99,77,10,1.82,2.4,-109,4G,TWR-005,0,0.12,0.43,86.74,99.54,136,0.98,0.65,0.85,48.96,0.8
ccd8a536-9453-49da-8c47-969e7847a9fd,2026-05-20,TWR-002,214.87,68.64,99,7,1.77,2.3,-114,5G,TWR-002,1,0.19,0.44,23.18,98.07,58,0.8,0.97,0.88,50.8,0.73
af4f920b-a8ae-4c86-afe9-01fadf464c85,2026-07-20,TWR-001,64.23,16.92,90,12,0.42,4.4,-83,VoLTE,TWR-001,8,0.78,0.41,36.88,95.36,46,0.76,0.88,0.74,68.55,0.78
a68cb04c-1808-4adc-848a-238a706dcd9b,2026-03-13,TWR-005,26.91,10.71,53,7,1.8,2.9,-92,VoLTE,TWR-004,1,0.52,0.41,20.63,97.67,72,0.75,0.93,0.67,80.32,0.77
7c3475d7-7092-40b7-9315-981b7fd2ed73,2026-07-10,TWR-003,78.81,13.78,69,14,0.58,4,-62,VoLTE,TWR-004,4,0.84,0.43,31.11,98.02,47,0.94,0.74,0.9,81.47,0.97
9b0412ee-9fff-43ff-9c6c-21b4ff5da4c9,2026-01-11,TWR-005,40.76,15.99,47,7,0.58,2,-85,VoLTE,TWR-002,8,1,0.14,61.78,98.8,100,0.77,0.94,0.77,72.77,0.72
42759b65-30c6-4fa6-8520-490a7b1a6edd,2025-08-21,TWR-005,82.13,18.67,11,18,1.92,4.1,-65,4G,TWR-001,6,0.78,0.14,46.1,96.24,105,0.87,0.69,0.91,41.73,0.76
185b78b3-a1b7-4341-a088-06a1ea28354d,2026-06-09,TWR-002,85.49,19.48,73,6,0.59,2.1,-74,VoLTE,TWR-002,8,0.71,0.17,83.37,98.27,67,0.8,0.73,0.78,33.25,0.73
14f258d0-581e-4fe1-b571-e6430fc92c1d,2025-10-08,TWR-001,68.76,11.89,40,18,1.82,3.5,-104,VoLTE,TWR-005,7,0.5,0.18,83.14,96.43,61,0.78,0.81,0.7,53.23,0.8
29eaa8b0-b132-4ab5-a2a0-9d4b1e13d27f,2025-12-05,TWR-002,634.39,63.49,41,4,0.72,2.7,-84,5G,TWR-004,7,0.47,0.62,25.1,97.94,53,0.98,0.64,0.54,43.89,0.89
d2b66a68-60df-4690-afd4-dad1df6854b6,2025-08-20,TWR-005,66.77,7.61,26,10,1.86,4.3,-77,VoLTE,TWR-002,5,0.61,0.13,52.04,99.75,47,0.74,0.77,0.82,75.66,0.74
d53b87ba-ffc3-4f15-b79b-b3c58daaaf53,2026-04-12,TWR-004,23.88,17.09,94,19,0.54,3.1,-82,VoLTE,TWR-002,0,0.27,0.27,38.16,98.63,34,0.9,0.9,0.86,84.3,0.78
109b6317-6c0d-43cf-94db-7582198a731f,2026-01-03,TWR-002,202.12,53.15,38,8,1.18,4,-105,5G,TWR-001,2,0.54,0.53,40.98,99.03,146,0.87,0.87,0.82,83.64,0.79
b007b8bc-3945-4d7d-a1fe-43ebd3ca4c7d,2026-01-28,TWR-005,56.42,11.62,38,1,0.51,2.7,-66,4G,TWR-002,3,0.76,0.6,24.9,96.11,82,0.92,0.94,0.79,62.93,0.77
bffbed9f-f0a5-4a83-8567-39f5dd6490a4,2026-06-07,TWR-001,90.48,15.07,32,19,1.33,1.3,-80,VoLTE,TWR-005,9,0.26,0.23,67.3,97.34,134,0.9,0.68,0.54,75.2,0.91
04cffbe7-bc21-447e-bd79-56f066ad4401,2026-01-18,TWR-005,95.02,19.27,73,8,1.23,1.1,-73,VoLTE,TWR-002,9,0.88,0.62,91.49,98.62,131,0.89,0.71,0.95,30.84,0.99
1284740e-bdab-45ea-991d-26b3c3379064,2026-03-17,TWR-004,23.38,8.96,49,5,2,2,-109,VoLTE,TWR-004,8,0.12,0.53,46.64,97.13,35,0.82,0.68,0.7,73.2,0.8
39f145d7-df13-4c86-9cb2-b76e4f42e245,2026-04-28,TWR-003,90.89,6.31,41,7,0.35,0.1,-71,4G,TWR-003,5,0.73,0.9,65.8,99.01,145,0.76,0.64,0.67,79.65,0.9
c8a30dc1-70e2-4379-b3ee-819ca7294fc5,2026-05-02,TWR-002,86.29,16.28,93,14,0.84,0.3,-110,VoLTE,TWR-005,9,0.92,0.27,36.01,96.3,126,0.8,0.97,0.94,87.94,0.8
f8322994-4176-49ec-9427-03e6cf55d9d4,2026-07-23,TWR-004,291.71,93.4,53,9,1.17,1.1,-79,5G,TWR-002,0,0.92,0.17,26.43,99.82,90,0.97,0.97,0.59,35.07,0.87
1541d554-24fb-42a8-a4ff-a7ba730b97e8,2025-10-10,TWR-004,78.27,7.13,54,15,1.96,1.5,-115,VoLTE,TWR-001,2,0.25,0.63,27.68,96.63,70,0.99,0.74,0.77,59.05,0.89
80eaafab-dab9-42f2-8690-e32b750e4222,2026-04-29,TWR-003,909.23,85.17,67,20,0.36,4.4,-74,5G,TWR-004,4,0.58,0.79,71.5,98.39,44,0.89,0.7,0.85,49.1,0.94
c138b4b6-d5b9-431f-9bb4-98e24ae7d678,2025-09-30,TWR-003,494.83,55.69,29,3,0.35,0.5,-110,5G,TWR-005,4,0.96,0.62,86.2,98.92,110,0.91,0.8,0.58,68.68,0.74
e09b8bc5-3724-4907-97c2-a3489c2de6e8,2026-05-22,TWR-003,29.05,12.68,73,12,0.43,0.1,-66,4G,TWR-004,6,0.23,0.84,41.14,96.61,99,0.88,0.71,0.64,44,0.94
1a679b48-c93a-42ce-bf4b-b61010f8f535,2026-07-07,TWR-002,717.7,39.63,64,5,0.54,0.1,-62,5G,TWR-005,5,0.91,0.8,77.43,98.33,107,0.8,0.71,0.93,83.5,0.71
5d336ed9-3cb9-44e9-871a-4ef80dde38bd,2026-07-21,TWR-001,65.36,9.9,77,3,1.53,3.5,-81,VoLTE,TWR-003,9,0.92,0.29,36.6,98.82,117,0.95,0.66,0.83,89.91,0.88
f1e24d83-c1d7-4805-a369-b60524bb38ee,2026-05-15,TWR-004,848.7,48.67,59,7,0.14,4.3,-84,5G,TWR-003,5,0.12,0.66,92.03,95.85,96,0.82,0.74,0.83,67.87,0.83
7cd99b6c-e836-42e2-a37d-cb35ee92fd12,2026-05-08,TWR-003,13.91,15.32,97,17,1.21,0.4,-80,VoLTE,TWR-004,8,0.72,0.4,31.78,99.86,144,0.84,0.88,0.79,43.82,0.98
d52eef5e-723c-458d-8870-9ae8bcd17786,2026-06-22,TWR-001,71.4,9.93,28,13,0.83,1.5,-75,VoLTE,TWR-004,4,0.29,0.51,49.13,97.38,48,0.8,0.83,0.63,79.04,0.78
e21d47ac-844c-4b81-a014-fdcc15e14ef7,2026-01-01,TWR-001,468.83,29.18,79,17,0.43,2.6,-62,5G,TWR-002,1,0.39,0.2,74.42,97.23,23,0.75,0.65,0.7,77.25,0.8
a84ffdfd-3d84-4516-9ca7-ca13c938fcff,2026-01-04,TWR-004,78.34,19.33,53,17,0.44,3.4,-67,VoLTE,TWR-002,4,0.07,0.71,73.57,97.24,126,0.78,0.83,0.84,73,0.71
749adfd9-2b05-442e-8847-590af423a1d1,2026-01-14,TWR-001,17.24,16.18,43,17,1.7,4.7,-84,4G,TWR-002,4,0.25,0.36,70.73,99.67,22,0.88,0.92,0.92,82.2,0.76
86c098ca-a9ba-4bd4-a6d4-5e74fe26a2ec,2025-10-30,TWR-001,25.08,12.94,85,11,0.37,1.7,-84,4G,TWR-001,1,0.33,0.34,67,99.3,61,0.84,0.72,0.84,73.3,0.73
8ea2e692-952c-4dc5-96b8-7affb069d5b8,2026-02-01,TWR-004,35.49,5.83,56,12,1.4,1.7,-78,4G,TWR-003,1,0.44,0.2,94.69,96.08,139,0.88,0.9,0.84,79.12,0.86
cd6ce25b-3094-42cd-b2c8-9645057dd5a4,2025-10-21,TWR-003,16.12,6.01,45,12,1.53,1.1,-88,VoLTE,TWR-001,7,0.81,0.59,78.38,98.59,60,0.91,0.83,0.7,80.1,0.85
7a1820e1-5c25-4fc6-b36b-fceff0cf8dd8,2025-10-27,TWR-002,86.57,7.1,14,10,1.14,4.8,-88,4G,TWR-001,5,0.99,0.66,69.76,99.36,32,0.75,0.93,0.6,59.98,0.72
0aef8f8f-2457-4e67-bb54-d877ac05f71b,2026-05-17,TWR-004,93.81,15.03,42,18,0.85,4.8,-80,4G,TWR-005,9,0.67,0.76,54.75,96.1,66,0.85,0.88,0.7,80.36,0.75
012073e0-2953-400b-a676-5d84af8cdab6,2026-04-02,TWR-004,68.81,14.71,60,14,0.54,3.9,-70,VoLTE,TWR-001,5,0.87,0.15,67.82,99.47,56,0.71,0.86,0.59,89.82,0.99
0d476099-6253-4b37-a08a-8cb621de8d9b,2026-04-11,TWR-003,97.91,14.08,24,6,1.52,3.9,-117,4G,TWR-004,7,0.95,0.62,75.38,97.04,144,0.79,0.62,0.63,67.42,0.84
0e1f6ff7-f35e-4d58-b4a4-10afeb371a11,2025-09-11,TWR-004,156.44,24.07,66,4,0.73,4.6,-69,5G,TWR-003,2,0.59,0.81,58.43,97.01,82,0.97,0.71,0.54,36.03,0.83
992ed774-015f-4c9e-8161-ee3b7f863af3,2025-11-24,TWR-004,16.13,11.76,89,2,0.7,0.6,-83,4G,TWR-005,1,0.77,0.84,84.14,97.82,140,0.87,0.93,0.73,54.09,0.89
1951ff3e-7eda-406b-9e70-2b1c265dc82b,2025-09-24,TWR-004,69.72,12.28,94,4,1.52,3.2,-63,VoLTE,TWR-001,3,0.61,0.54,45.53,98.47,43,0.93,0.78,1,67.02,0.87
abb90f8e-a8e4-4bea-89c0-f71194d3f5fb,2025-08-06,TWR-002,773.37,62.01,77,19,0.63,1.4,-117,5G,TWR-002,9,0.8,0.29,31.11,97.2,145,0.74,0.71,0.89,52.41,0.83
a2c63f9e-8760-405f-bbfb-350bd8e46f1a,2026-02-01,TWR-005,718.19,51.33,96,9,0.68,3.9,-113,5G,TWR-005,6,0.66,0.31,39.66,96.2,56,0.95,0.94,0.7,48.77,0.91
caa6c627-c223-4e0e-a1a6-e96030f16d96,2026-07-15,TWR-005,335.24,93.45,35,7,0.55,1.3,-62,5G,TWR-003,6,0.12,0.33,92.04,99.25,64,0.89,0.97,1,74.05,0.99
328de86f-8a8c-412b-a6dd-ebbb08fd9c32,2025-10-18,TWR-004,629.69,66.8,84,4,1.83,3.6,-110,5G,TWR-002,8,0.1,0.52,72,95.35,100,0.77,0.71,0.76,61.75,0.77
b0a1e19c-845d-4ebe-b930-3ee62133a7d2,2025-11-09,TWR-004,12.97,13.37,20,6,0.89,3.3,-105,4G,TWR-004,4,0.8,0.58,27.79,98.11,118,0.96,0.81,0.84,43.29,0.71
1498d788-89f4-4321-9cdc-448442014a45,2026-06-19,TWR-002,27.36,8.48,44,10,1.93,1,-102,VoLTE,TWR-001,1,0.11,0.4,46.78,99.05,120,0.86,0.75,0.91,68.6,0.73
058656fb-611e-4040-991d-9bcbf0681821,2025-08-25,TWR-003,56.99,9.48,54,13,0.71,3.2,-115,4G,TWR-002,9,0.07,0.31,72.44,95.04,61,0.98,0.78,0.83,51.6,0.78
7e8d5651-afc3-4357-a2c4-2be839db620f,2026-04-08,TWR-002,86.11,9.58,73,9,1.88,3.2,-115,4G,TWR-005,1,0.84,0.48,81.53,95.78,58,0.81,0.72,0.91,70.66,0.85
3f7493fd-6cda-46bf-a26a-97708cf58f71,2026-04-05,TWR-003,10.72,6.38,60,9,1.85,0.2,-79,VoLTE,TWR-002,3,0.99,0.7,94.11,95.77,61,0.85,0.79,0.6,84.58,0.84
e5c8fa22-31c9-43ef-845d-0dfa810586df,2025-09-17,TWR-003,79.36,13.54,92,2,1.65,0.7,-93,VoLTE,TWR-002,3,0.62,0.13,72.22,96.32,135,0.88,0.82,0.99,56.7,0.77
0e60e56d-be02-4a38-a8c5-62ad5f00dc78,2026-01-17,TWR-004,13.77,16.72,36,10,0.83,3.6,-94,4G,TWR-002,8,0.29,0.45,48.47,99.21,114,0.92,0.61,0.57,80.83,0.92
edd3909d-f153-4271-a29c-8cc67de29158,2025-10-13,TWR-003,334.99,82.59,61,7,1.88,4.1,-117,5G,TWR-004,8,0.85,0.18,60.32,97.67,45,0.96,0.67,0.84,61.83,0.92
dfc083e8-54e5-4c88-a875-bc7b2e049afd,2025-12-18,TWR-003,397.64,37.32,85,4,0.58,4.9,-111,5G,TWR-002,7,0.12,0.4,73.35,96.15,126,0.89,0.71,0.83,61.01,0.79
28df6aee-4820-4040-9970-3f5862318f23,2025-11-09,TWR-003,57.04,5.17,42,7,0.22,2.8,-69,4G,TWR-003,6,0.07,0.78,28.83,95.82,133,0.96,0.7,0.67,51.43,0.8
f097f4ed-8a13-4092-aa06-79ff1960a498,2026-06-23,TWR-003,83.67,15.5,80,7,1.26,2.9,-101,VoLTE,TWR-005,6,0.29,0.78,84.92,95.78,71,0.84,0.97,0.54,31.3,0.73
6132f83a-b562-45ed-a834-5c762a29e23e,2025-08-25,TWR-001,72.62,17.94,24,19,1.64,3.6,-101,VoLTE,TWR-003,7,0.69,0.24,70.25,99.3,90,0.75,0.85,0.9,85.97,0.87
381f1fea-a26d-432b-a8f0-6c6898ab97d9,2026-07-21,TWR-001,180.6,20.1,67,5,0.76,4.9,-70,5G,TWR-004,10,0.06,0.2,63.25,95.4,65,0.99,0.69,0.6,44.75,0.74
657bceed-4422-4edb-8d86-68d8312fac46,2026-05-03,TWR-003,37.54,18.42,59,7,1.08,1.5,-67,VoLTE,TWR-002,5,0.34,0.3,23.74,95.95,108,0.91,0.66,0.86,82.84,0.72
25a0c093-30da-4009-b2fa-1016262e52b4,2025-08-07,TWR-005,61.25,14.44,78,13,1.39,4.8,-109,4G,TWR-005,3,0.03,0.54,67.43,99.17,112,0.98,0.99,0.53,88.73,0.86
9892a0e7-41e4-4a80-89a7-ee775ad82bf3,2025-10-06,TWR-003,22.36,13.2,53,11,1.05,4.3,-100,4G,TWR-005,10,0.56,0.73,48.84,95.5,28,0.83,0.79,0.93,69.11,0.78
e94c1efe-4850-4065-a11c-aa0b3255c126,2025-12-01,TWR-002,46.99,11.62,27,2,1.78,4,-91,VoLTE,TWR-005,5,0.41,0.13,47.5,96.41,115,0.83,0.86,0.66,66.9,0.83
1333508c-ce2b-4d03-99be-c4e55330f1e6,2025-08-26,TWR-002,513.4,85.17,79,15,0.17,2.9,-70,5G,TWR-001,1,0.04,0.8,85.55,95.38,45,0.96,0.93,0.77,89.71,0.84
9befcc90-c248-458d-b39b-db80a1442267,2026-07-03,TWR-001,42.14,13.13,28,7,0.27,1.2,-63,VoLTE,TWR-003,4,0.88,0.11,67.87,95.1,72,0.94,0.95,0.81,52.01,0.88
e2ec6506-55a3-4ab1-ba60-a0825385b434,2025-08-30,TWR-003,139.74,97.81,68,19,1.26,0.9,-105,5G,TWR-005,9,0.21,0.72,86.71,98.12,61,1,0.82,0.83,39.02,0.8
b3848553-2188-414a-9824-760e6db09bb1,2026-05-31,TWR-004,704.93,65.14,61,5,0.5,4.5,-117,5G,TWR-001,7,0.16,0.16,64.68,99.85,105,0.94,0.89,0.77,70.79,0.78
3fd4c8ca-4da5-45ee-b56e-e41c9dd736cd,2025-12-06,TWR-005,498.53,38.46,21,7,0.13,4.8,-95,5G,TWR-002,5,0.97,0.42,43.42,97.93,92,0.7,0.97,0.69,57.77,0.96
e2fcacca-9be6-473b-baea-7750658d7639,2026-05-15,TWR-005,165.48,78.21,39,19,1.28,0.6,-115,5G,TWR-005,9,0.82,0.79,64.84,99,148,0.78,0.68,0.54,69.06,0.91
9b7eaa2b-8d64-4b90-97d3-892ea8f8bc90,2026-03-02,TWR-002,40.78,16.63,85,9,1.5,3.4,-119,4G,TWR-005,6,0.92,0.59,24.13,99.21,88,0.76,0.91,0.88,87.49,0.8
47742c20-fa41-47d5-8591-06121dcfd4e0,2026-07-18,TWR-002,82.93,11.5,78,9,1.83,1.2,-69,4G,TWR-004,5,0.43,0.22,27.61,99.02,92,0.86,0.67,0.84,73.88,0.97
556f7e65-3165-4981-b173-4f07ed51014c,2025-12-01,TWR-003,326.26,58.46,17,14,1.77,3.8,-78,5G,TWR-005,5,0.54,0.71,50.29,95.68,22,0.96,0.71,0.58,89.29,0.91
ccbbed71-ad5e-453e-8245-8ba799622048,2025-10-12,TWR-003,61.12,9.01,35,19,1.8,0.8,-97,VoLTE,TWR-004,3,0.16,0.85,65.69,97.21,88,0.91,0.78,0.9,73.9,0.87
5298241b-9692-42db-bc31-bda3f410f69f,2025-12-14,TWR-001,59.51,5.01,94,14,1.09,1.5,-72,VoLTE,TWR-005,7,0.04,0.33,94.71,97.38,83,0.9,0.9,0.82,39.43,0.8
44695e09-1d54-42e0-a575-ba2f63605289,2026-01-02,TWR-002,90.51,5.57,57,13,0.52,2.9,-80,4G,TWR-002,8,0.53,0.24,80.36,98.53,137,0.79,0.91,0.56,72.62,0.7
539e6296-46fa-48a2-9748-0bd30dd5ae79,2025-10-16,TWR-001,238.61,25.72,31,16,0.94,0.7,-78,5G,TWR-002,0,0.24,0.34,54.67,99.76,105,0.73,0.86,0.75,30.8,0.97
5631adfc-1be0-4321-a93e-70e8f01b5d19,2025-07-26,TWR-002,741.26,63.04,24,3,1.15,5,-114,5G,TWR-002,7,0.45,0.49,42.79,97.95,50,0.98,0.86,0.86,30.73,0.78
4b9e258b-9b77-47ed-a1fa-00eee9b8a80e,2025-12-23,TWR-003,625.03,85.16,66,6,1.59,1.4,-74,5G,TWR-001,9,0.53,0.32,30.62,98.83,98,0.79,0.7,0.61,81.85,0.99
9c49506d-cbce-47d6-9f8e-0b5ebf3df272,2026-04-08,TWR-001,54.79,14.29,13,11,1.85,3.8,-65,4G,TWR-002,10,0.78,0.42,61.99,96.59,70,0.89,0.62,0.52,74.97,0.97
663ad102-0ca1-47c0-9247-e1d51d1da698,2025-09-25,TWR-005,218.62,66.86,37,13,0.53,4.1,-106,5G,TWR-004,4,0.42,0.62,72.11,99.77,53,0.93,0.69,0.5,44.55,0.73
62965311-0f45-46a3-bdcf-28233ff7cf9c,2025-11-14,TWR-004,45.9,19.96,32,7,0.86,0.6,-87,VoLTE,TWR-003,8,0.22,0.14,74.39,98.39,70,0.77,0.71,0.58,74.21,0.83
10240d6f-df2d-4ea0-b113-d5c2f3671538,2026-05-29,TWR-002,83.65,19.47,11,15,1.42,3.5,-82,4G,TWR-002,0,0.29,0.23,47.42,95.93,149,0.99,0.61,0.97,75.3,0.83
9183dba4-b1c5-4c0b-94bb-51e179a9ea66,2025-11-16,TWR-003,423.16,52.61,61,18,1.91,0.2,-65,5G,TWR-005,3,0.95,0.16,24.03,98.79,120,0.82,0.63,0.52,35.67,0.91
8c926b46-e5c0-4e07-84b7-d99fdef19f41,2026-05-21,TWR-001,65.67,13.79,26,4,0.98,3.8,-118,VoLTE,TWR-002,3,0.37,0.57,37.26,98.77,74,0.94,0.81,0.94,47.75,0.9
c24aeae0-753d-438d-a88f-e2cd38dfc34c,2026-05-04,TWR-003,26.2,12.91,82,20,0.24,3.7,-105,VoLTE,TWR-005,7,0.54,0.77,65.71,99.11,73,0.77,0.62,0.95,39.12,0.82
65ba8bdd-ddc0-4987-9c6a-a6a6b87b67c2,2025-12-25,TWR-005,54.35,19.41,92,1,0.03,3.6,-70,4G,TWR-001,0,0.98,0.37,27.89,98.93,49,0.86,0.67,0.66,62.21,0.77
16425261-d383-45e1-b77a-63c0ba94aa87,2026-04-02,TWR-003,769.58,83.75,98,13,1.26,4.5,-71,5G,TWR-003,0,0.32,0.29,70.18,97.57,24,0.82,0.7,0.6,86.61,0.87
53b13b00-81a9-478e-abf5-39f3aae3bc30,2025-09-09,TWR-001,84.66,16.27,24,6,0.85,4.8,-119,4G,TWR-003,2,0.55,0.18,54.36,97.55,114,0.98,0.73,0.64,61.59,0.86
fd41c9a4-b21c-47c0-a48e-f46bc55e9518,2026-07-21,TWR-001,36.38,10.61,33,7,0.51,3,-120,VoLTE,TWR-002,8,0.87,0.8,88.42,95.15,69,0.79,1,0.99,51.54,0.85
b632268a-2763-4422-9209-03493a122817,2026-06-22,TWR-003,36.12,11.13,92,14,0.24,1.4,-107,4G,TWR-002,7,0.17,0.83,51.98,97.65,96,0.72,0.82,0.92,89.89,0.8
b1a550b4-591d-4174-acde-b799c4d611bd,2025-11-18,TWR-004,24.77,16.52,53,4,0.59,2.8,-91,4G,TWR-004,8,0.51,0.86,44.77,98.82,50,0.86,0.8,0.99,76.31,0.76
4c99ba1f-4c5e-4854-bbdd-8edb64789245,2025-08-28,TWR-001,55.99,15.49,70,8,1.01,3.8,-117,VoLTE,TWR-003,1,0.79,0.54,20.24,99.42,26,0.71,0.8,0.62,75.86,0.89
3f332a27-f785-4874-81a6-fb5a06ce56a3,2026-06-02,TWR-002,62.78,14.44,53,2,2,2.3,-71,VoLTE,TWR-004,7,0.84,0.36,21.47,95.78,29,0.92,0.81,0.73,66.77,0.99
84346e56-6471-45ee-842e-b3a6764ecbf4,2025-11-06,TWR-002,85.73,10,80,8,0.25,2.8,-119,VoLTE,TWR-004,6,0.52,0.6,94.49,99.43,144,0.88,0.93,0.6,44.42,0.8
272bc595-2197-4b8a-8443-d3158c4107db,2026-02-21,TWR-002,69.37,18.96,97,18,0.77,2.5,-69,4G,TWR-003,4,0.65,0.32,77.25,96.44,85,0.75,0.77,0.56,70.93,0.8
708ba313-3232-4446-898f-8070f74c16d4,2026-04-28,TWR-002,62,19.32,89,14,1.83,2.9,-110,4G,TWR-005,3,0.78,0.12,41.89,98.3,84,0.84,0.61,0.6,40.34,0.83
eb8b9be8-aa9c-4db6-8029-50636c9bf7f6,2026-04-08,TWR-005,45.36,6.19,43,9,1.85,4.7,-90,4G,TWR-003,8,0.49,0.47,25.19,97.32,31,0.85,0.75,0.98,51.22,0.8
6e6c2840-f735-4d22-9109-576f1cda565f,2026-01-22,TWR-003,492.91,89.55,58,9,0.96,2.6,-81,5G,TWR-004,3,0.05,0.44,91.54,95.72,129,0.93,0.61,0.83,32.48,0.74
ebe0f4b0-a155-4880-8d76-062944b9591c,2026-05-01,TWR-002,296.49,42.83,91,2,1.32,3,-77,5G,TWR-002,5,0.98,0.66,81.54,97.56,67,0.79,0.68,0.94,50.17,0.96
b41f5038-0837-4814-9fdb-12c2ffb30a8a,2026-06-30,TWR-001,32.01,13.27,63,2,1.29,3.9,-86,4G,TWR-002,1,0.11,0.25,69.24,95.92,67,0.93,0.78,0.98,64.67,0.87
214b0499-7b1f-46a4-b4e0-b46f155ca683,2026-06-13,TWR-001,845.42,42.86,93,2,0.17,1.9,-82,5G,TWR-003,8,0.78,0.83,64.39,98.29,31,0.73,0.85,0.78,75.2,0.73
5752d5eb-dd8f-4346-aaac-3610bc3e1086,2025-09-07,TWR-004,11.6,7.62,94,14,0.95,4.4,-66,4G,TWR-002,3,0.67,0.25,29.04,98.83,95,0.74,0.95,0.52,87.39,0.76
04a2e600-56cc-47e2-a3b4-8d0ff0356026,2026-03-16,TWR-001,524.98,60,67,9,0.16,2.6,-62,5G,TWR-003,3,0.89,0.24,59.67,97.38,79,0.8,0.7,0.96,41.27,0.84
4bc64856-240d-439a-8fd8-3a1fc9eb3335,2026-06-13,TWR-003,383.35,40.88,48,17,1.09,0.6,-113,5G,TWR-003,8,0.75,0.1,91.9,99.25,94,0.73,0.94,0.58,69.42,0.88
1ec16b00-b7c6-4357-a2ad-6506dadb3ca4,2026-03-16,TWR-005,34.04,10.4,41,3,1.03,0.7,-83,4G,TWR-003,10,0.5,0.37,36.53,99.38,50,0.83,0.86,1,31.56,0.9
02e601f4-cd48-4323-b6b0-dbb755a845f1,2025-11-25,TWR-003,31.74,14.9,19,7,1,4.1,-102,VoLTE,TWR-001,5,0.95,0.12,59.72,99.12,92,0.9,0.99,0.93,56.71,0.9
cdcaf033-db8d-4b75-a4cd-a014a8afa762,2026-02-12,TWR-004,87.94,12.38,64,2,1.6,4.4,-119,VoLTE,TWR-001,10,0.51,0.19,61.89,97.52,34,0.92,0.84,0.64,88.52,0.93
6ce3f1f5-a320-4635-b10a-155a607e7c46,2025-12-29,TWR-003,34.15,13.49,39,1,1.78,2.3,-87,VoLTE,TWR-001,3,0.44,0.34,42.28,97.58,77,0.9,0.88,0.81,70.23,0.72
4a52749c-b9d5-4c5f-8a3a-e2248206c503,2026-06-19,TWR-002,98.15,16.65,46,18,0.54,1.2,-68,4G,TWR-001,4,0.27,0.47,66.47,95.81,83,0.84,0.72,0.52,31.67,0.85
e384fcb8-e2bd-4a63-a215-56688eb3664d,2025-12-05,TWR-004,81.32,19.93,19,13,0.43,2.7,-84,4G,TWR-003,1,0.2,0.22,64.5,95.77,142,0.99,0.9,0.56,81.53,0.98
b84a8391-021d-43ee-9113-ecf5f652ab20,2026-07-13,TWR-004,718.46,99.25,52,9,0.12,1.3,-88,5G,TWR-001,5,0.72,0.36,31.04,96.2,110,0.9,0.81,0.62,68.45,0.76
1593bba1-ecee-49d2-acd6-bffea9337f87,2025-08-29,TWR-001,64.72,16.59,80,20,1.1,2,-112,4G,TWR-002,7,0.99,0.57,26.56,95.26,22,0.72,0.94,0.76,86.4,0.92
b03ec749-686c-47de-8c3b-a8446e99d602,2026-04-06,TWR-002,689.34,36.73,95,19,0.38,0.9,-77,5G,TWR-001,9,0.8,0.62,87.1,98.86,116,0.83,0.64,0.56,66.52,0.94
82c5749d-746f-4d36-bedc-03097900df87,2025-09-16,TWR-005,96.29,10.72,19,7,0.73,1.7,-109,VoLTE,TWR-003,5,0.75,0.23,45.1,96.28,47,0.88,0.95,0.59,71.69,0.74
ad7434da-4e24-4e91-8d43-cec90b6f5b9e,2026-06-13,TWR-003,554.03,83.24,21,17,0.27,1.6,-87,5G,TWR-001,0,0.98,0.8,72.01,95.41,140,0.77,0.84,0.52,80.68,0.81
7e374971-63a9-4f7d-ac20-eaac7fb42499,2025-07-31,TWR-001,56.02,17.06,41,14,0.66,1,-85,4G,TWR-002,3,0.76,0.79,73.6,96.8,105,0.73,0.89,0.73,36.04,0.86
5cbcca0d-1885-4778-9db1-5e353b226fba,2026-06-01,TWR-002,93.12,11.88,57,19,1.39,1.9,-66,4G,TWR-002,10,0.87,0.47,38.31,97.62,74,0.95,0.6,0.66,67.14,1
3d9b4b78-0aa9-45fa-9a42-d68e12a3c065,2026-04-11,TWR-002,21.53,13.81,95,4,1.8,4.4,-115,4G,TWR-002,5,0.3,0.88,73.74,95.96,28,0.8,0.79,0.89,40.56,0.82
14f57bd4-7ce4-4349-88f5-e0bf872870b3,2026-04-04,TWR-003,685.13,78.13,40,12,1.66,2.3,-90,5G,TWR-003,4,0.27,0.87,51.7,97.47,75,0.75,0.74,0.74,83.64,0.92
daf18f90-0f3a-4a06-920d-9c5bac5a454b,2025-08-13,TWR-002,63.76,15.13,48,12,1.36,2.2,-88,VoLTE,TWR-001,4,0.76,0.46,89.68,99.57,89,0.73,0.85,0.88,64.19,0.9
38b3c530-6497-46c6-a547-2191e4c5a8f4,2026-01-26,TWR-005,12.15,16.24,16,1,0.8,2.2,-82,4G,TWR-004,5,0.31,0.26,66.72,96.03,119,0.83,0.61,0.88,34.23,0.87
353a93a7-11f0-47f6-9ab6-6b827306f9d3,2026-02-24,TWR-005,861.01,88.65,73,4,1.7,1.5,-96,5G,TWR-001,2,0.49,0.58,70.98,97.66,143,0.79,0.74,0.6,76.25,0.83
61fc9171-9421-43fe-a4e0-05c3a11bc31e,2026-01-31,TWR-001,873.52,86.75,35,17,1.17,2,-86,5G,TWR-004,2,0.6,0.85,83.02,97.79,87,0.74,0.77,0.61,66.43,0.78
e74e9a8b-6bf3-4243-a65d-04b5cee4a7f5,2026-06-13,TWR-003,77.1,18.63,56,8,0.35,2.8,-84,VoLTE,TWR-004,0,0.92,0.27,65.21,95.61,107,0.98,0.72,0.53,46.12,0.78
cc388f6d-d378-4b73-94e7-1754947693a5,2026-07-03,TWR-003,517.8,53.08,48,13,0.29,1.6,-73,5G,TWR-004,1,0.12,0.61,49.8,99.62,37,0.75,0.84,0.72,81.38,0.8
211ed38d-29c2-46b1-acf0-07d7ba1b6af4,2025-10-22,TWR-002,33.05,12.38,24,9,0.83,1.1,-99,4G,TWR-002,8,0.48,0.9,31.27,95.25,89,0.84,0.7,0.79,64.59,0.97
4343439a-2a93-4454-aeb9-bb99d90293f6,2026-05-25,TWR-003,153.75,85.58,18,7,1.87,4.4,-105,5G,TWR-001,6,0.7,0.28,54.54,98.41,127,0.9,0.96,0.94,73.96,0.79
6df8b961-0593-44be-82ab-9fd802887c62,2025-12-04,TWR-004,80.48,7.69,93,3,0.2,5,-115,4G,TWR-001,5,0.75,0.46,28.88,99.7,48,0.87,0.79,0.71,64.16,0.86
07c7e883-e833-4bbc-8afa-41d63d2f8495,2026-07-08,TWR-002,94.37,5.97,15,18,1.52,2.1,-84,4G,TWR-004,2,0.84,0.22,39.25,97.49,105,0.8,0.7,0.96,31.76,0.98
0cffaf6c-1121-4d83-beae-bd305a3cf248,2026-01-17,TWR-001,409.78,64.22,21,14,0.2,0,-75,5G,TWR-002,6,0.03,0.15,42.57,96.5,101,0.83,0.81,0.71,84.56,0.8
f408a282-3380-410c-b68a-3100f14ab878,2025-09-11,TWR-004,81.42,15.42,25,12,0.75,4.7,-114,4G,TWR-005,7,0.79,0.13,49.38,97.91,141,0.71,0.65,0.89,35.99,0.84
fe0382a7-fb43-46ce-85b3-d969ab897619,2026-06-29,TWR-005,45.61,12.03,34,3,0.54,2.8,-111,4G,TWR-005,6,0.79,0.16,54.33,98.13,134,0.71,0.89,0.63,88.54,0.82
f2019e69-7fdd-4bb5-96fd-6688a5dc8c3b,2026-01-22,TWR-004,10.42,12.84,66,12,0.01,3,-97,4G,TWR-002,8,0.33,0.5,24.25,95.24,109,0.85,0.74,0.64,36.37,0.95
37e580a4-7e28-41bd-8c80-c94ffcbf80d7,2026-05-16,TWR-005,55.3,16.87,37,3,0.08,0.7,-91,4G,TWR-004,7,0.5,0.81,84.38,95.73,32,0.93,0.83,0.78,79.27,0.95
d239bcd8-c9ed-4a62-bb1c-86a0d51a839e,2025-10-14,TWR-002,96.58,17.15,45,8,1.17,3.7,-115,VoLTE,TWR-003,8,0.35,0.33,48.14,99.58,99,0.84,0.95,0.51,76.13,0.8
4f63bd18-5785-49c2-a8de-3e718d97dd1b,2025-11-10,TWR-002,524.71,98.49,63,8,1.44,2.1,-101,5G,TWR-005,4,0.49,0.28,57.23,96.88,148,0.9,0.64,0.72,65.21,0.95
6639f6c4-7491-43da-a19e-15a6736c467b,2025-10-20,TWR-001,45.31,11.04,58,16,1.57,3.5,-84,4G,TWR-001,5,0.22,0.66,28.77,98.03,121,0.93,0.92,0.92,81.59,0.83
5b77c91b-0183-43c5-93b3-f12f86bfa93a,2025-09-23,TWR-002,640.87,31.69,65,18,0.55,2.5,-63,5G,TWR-005,8,0.89,0.27,93.85,95.44,126,0.77,0.78,0.97,82.36,0.87
eeca9c72-2f4d-47bc-af95-7321ab68a3e3,2026-04-02,TWR-003,37.07,17.36,38,7,1.05,4.7,-73,VoLTE,TWR-001,2,0.34,0.69,30.17,98.36,90,0.86,0.75,0.6,71.19,0.86
e2311492-a7c2-421a-b226-1598b56b00c0,2026-07-13,TWR-004,185.49,38.66,90,15,2,1.7,-75,5G,TWR-001,8,0.43,0.24,37.95,98.76,63,0.73,0.68,0.9,64.79,0.99
39d0b290-bc34-443f-bb48-c6ab952d1bf2,2025-07-26,TWR-005,959.34,24.68,45,18,0.97,2.9,-68,5G,TWR-005,10,0.44,0.29,55.36,99.6,74,0.82,0.78,0.6,43.81,0.84
9bdb4816-9509-4390-b417-3d018209b492,2025-08-02,TWR-003,51.86,17.43,29,11,0.07,4.3,-100,VoLTE,TWR-005,8,0.75,0.49,29.15,96.74,76,0.81,0.99,0.54,64.34,0.95
aff683c0-8616-48f5-aeef-6061f92c9b51,2026-01-03,TWR-005,16.81,9.81,16,7,1.22,1.3,-75,4G,TWR-003,2,0.96,0.23,80.05,99.25,78,0.93,0.83,0.89,68.7,0.98
63f092d8-0b09-44f0-a5e3-4e90cbee7579,2025-10-05,TWR-005,72.49,18.22,22,5,0.21,0.1,-88,VoLTE,TWR-003,5,0.35,0.18,28.3,97.03,94,0.73,0.88,0.57,83.23,0.84
f0546331-e77d-4eb5-8970-de8e4894636b,2025-10-12,TWR-003,16.69,6.1,21,9,1.42,0.3,-62,4G,TWR-003,7,0.42,0.28,21.61,96.79,99,0.98,0.89,0.77,77.94,0.71
54c98b6e-6725-4487-9e77-7c7d97acc6e6,2025-08-25,TWR-002,691.74,92.99,25,18,0.63,2.9,-108,5G,TWR-002,4,0.98,0.77,68.06,99.53,94,0.72,0.79,0.98,74.87,0.77
1308d6b4-c61b-47cb-a277-4a3fa514f206,2026-02-17,TWR-005,39.09,9.49,40,4,0.11,3,-103,VoLTE,TWR-005,7,0.48,0.12,29.73,98.92,92,0.75,0.96,0.84,35.8,0.81
22d878f3-08d7-484c-b831-5c1f67da95d2,2026-02-12,TWR-004,25.43,9.88,91,5,1.06,4.1,-70,VoLTE,TWR-002,9,0.06,0.38,48.84,96.3,104,0.91,0.83,0.95,64.72,0.99
c7442de6-156a-4769-8a33-f2cdc5701e85,2025-12-19,TWR-003,63.31,9.21,43,12,1.4,2.3,-110,4G,TWR-003,2,0.07,0.76,89.18,99.63,83,0.92,0.75,0.63,83.74,0.97
016403f2-f57d-4557-8ede-6eca051f88d2,2025-07-26,TWR-001,234.65,29.14,80,2,0.22,4.6,-90,5G,TWR-004,1,0.55,0.77,24.74,98.89,72,0.93,0.79,0.74,36.9,0.86
0c939e99-ff1a-4321-bc79-3da2889af3f8,2026-01-06,TWR-003,590.39,77.63,68,9,1.87,1.3,-65,5G,TWR-002,6,0.04,0.62,63.37,96.91,37,0.89,0.85,0.61,68.11,0.72
8fc05b22-f096-4f90-bb2e-ab3ad284f0c4,2026-01-11,TWR-003,687.26,48.32,67,7,0.28,3.2,-77,5G,TWR-004,0,0.7,0.85,79.06,95.38,24,0.86,0.96,0.72,57.15,0.87
0cb0191e-c86b-4913-a3ae-511126ec42e2,2025-12-31,TWR-004,542.18,84.68,38,4,0.64,1.8,-114,5G,TWR-001,4,0.53,0.23,72.78,98.36,62,0.8,0.71,0.9,56.18,0.74
7622a4a9-4c6e-410f-a3bf-768ed1794d03,2025-10-24,TWR-001,16.2,15.29,79,17,0.39,1.1,-117,4G,TWR-003,5,0.77,0.87,61.61,95.38,126,0.74,0.66,0.98,55.34,0.86
e8ecf14e-ec6b-492c-8541-e9cc81911336,2026-07-01,TWR-003,535.47,71.15,99,13,1.7,3.9,-89,5G,TWR-004,3,0.35,0.47,69.34,97.15,70,0.8,0.88,0.72,33.71,0.84
133bfe9d-f674-408b-8443-bca98f1e957f,2026-03-28,TWR-002,81.76,5.89,19,17,0.32,2,-89,4G,TWR-004,3,0.35,0.17,93.94,97.8,129,0.88,0.72,0.55,76.3,0.82
f95dee10-2c58-47cb-bcc2-cec04cbdf5da,2026-07-19,TWR-001,10.02,14.34,63,3,0.43,1.1,-107,4G,TWR-001,7,0.66,0.86,80.36,97.72,55,0.93,0.71,0.72,49.85,0.7
cf36aaeb-f4e7-43dc-a64b-52a5560fee95,2026-04-26,TWR-003,21.29,15.47,80,19,0.83,2.6,-75,4G,TWR-001,8,0.22,0.39,26.31,98.73,53,0.98,0.85,0.55,78.5,0.82
fecf7fc9-2569-4a20-90fa-445ca47052ab,2026-01-01,TWR-004,72.46,6.44,48,11,0.71,3.6,-83,VoLTE,TWR-001,10,0.12,0.35,93.15,97.31,113,0.76,0.91,0.73,87.15,0.89
d3e0a924-6114-42eb-bcf1-fbbed1817b24,2026-05-13,TWR-004,53.18,7.3,19,9,0.46,3.1,-107,4G,TWR-002,6,0.04,0.85,51.98,97.95,50,0.89,0.84,0.7,64.33,0.76
bf765122-d9e5-414a-b544-5f1d1d77ec56,2025-10-06,TWR-001,880.48,85.72,21,14,0.13,4.4,-105,5G,TWR-004,3,0.33,0.11,92.49,96.66,121,0.85,0.84,0.91,88.42,0.98
3370b774-4806-4fb2-8b75-4f9263d0c1b6,2026-04-08,TWR-002,35.5,19.27,76,5,0.74,4.7,-108,4G,TWR-002,3,0.63,0.49,26.07,97.09,100,0.73,0.78,0.96,60.82,0.98
8b9073a0-18da-4983-9761-298583b5ed9a,2026-02-02,TWR-005,659.84,54.94,66,9,0.58,4.1,-94,5G,TWR-003,7,0.1,0.18,48.55,97.82,92,0.94,0.71,0.54,45.76,0.79
9a97fa48-4f85-4dd7-bc35-3f6be8c3a250,2026-04-20,TWR-003,142.56,65.23,51,12,0.89,1.3,-73,5G,TWR-002,1,0.67,0.47,84.5,96,104,0.97,0.8,0.86,78.77,0.76
7042c511-6a1e-4aba-9823-77909e5361e7,2026-02-17,TWR-001,54.99,16.31,80,9,1.94,4.9,-68,VoLTE,TWR-005,9,0.12,0.58,51.71,97.45,67,0.79,0.66,0.77,55.32,0.71
a0f9c3e2-16ca-4be8-86bd-328b77bb045a,2025-09-27,TWR-003,501.43,47.45,72,7,1.91,1.3,-62,5G,TWR-004,6,0.5,0.21,81.58,98.41,139,0.83,0.84,0.5,46.82,0.91
712df3c5-d556-4421-a448-ee5628b39753,2026-05-16,TWR-005,372.1,93.39,34,17,0.25,4.4,-81,5G,TWR-002,7,0.75,0.62,82.37,98.85,132,0.74,0.8,0.62,33.45,1
12a9bef8-44fe-4dd3-8ad7-73ffe1a671ca,2026-01-11,TWR-001,915.71,86.69,54,11,0.48,2.1,-104,5G,TWR-002,9,0.31,0.45,42.44,95.88,21,0.84,0.63,0.87,61.45,0.77
07179c0e-ed5a-456e-ae3c-d45ecb658421,2026-02-14,TWR-003,48.87,8.08,19,4,0.06,4.8,-71,VoLTE,TWR-005,7,0.73,0.68,62.16,98.72,123,0.92,0.99,0.79,35.53,0.78
1af29315-baff-4fac-9263-3b1ebccc052f,2025-11-21,TWR-002,24.28,6.44,91,15,0.98,1.3,-78,4G,TWR-004,10,0.82,0.29,94.2,97.29,143,0.93,0.9,0.67,83.63,0.93
85c9e017-0f98-4204-a1b1-5d98bfe9e7ac,2026-03-17,TWR-002,991.71,54.26,23,5,0.52,1.3,-92,5G,TWR-005,8,0.69,0.49,74.9,98.57,114,0.73,0.87,0.71,37.6,0.77
ff6d20e5-543c-4e3e-a281-eb6279ce9ee7,2026-02-21,TWR-001,46.17,10.03,14,2,0.03,3.9,-114,4G,TWR-002,7,0.62,0.6,87.55,96.88,148,0.73,0.64,0.82,77.07,0.92
57615cbd-3f1e-4450-a7ea-a74f9df4098c,2025-10-14,TWR-004,58.79,5.57,13,12,1.63,0.2,-116,VoLTE,TWR-001,8,0.16,0.68,74.59,97.02,90,0.85,0.9,0.98,53.65,0.88
bead35f4-809d-4223-a8e7-f4418464d54d,2025-09-09,TWR-003,705.76,41.74,39,8,0.3,0.7,-90,5G,TWR-005,1,0.33,0.54,48.54,97.81,30,0.72,0.67,0.63,30.27,0.97
125d2e1b-4330-48f9-9ce7-8ae47103d0c8,2026-01-31,TWR-001,490.01,21.11,68,5,0.76,2.5,-117,5G,TWR-005,5,0.43,0.12,20.34,95.3,26,1,0.69,0.5,31.65,0.98
58ae0b65-0412-4f89-95bf-689b4f562755,2026-07-24,TWR-003,74.46,9.74,78,4,1.65,1.3,-119,4G,TWR-004,6,0.62,0.8,66.96,97.97,56,1,0.69,0.56,53.95,0.81
7741c51f-4dce-473c-86c2-4d6e4a3c1f33,2026-05-18,TWR-005,760.68,44.15,33,13,1.69,2.6,-92,5G,TWR-001,1,0.23,0.79,60.82,98.81,56,0.94,0.88,0.53,50.77,0.8
923efa62-bce6-4b35-8d53-ea26b869b0f1,2025-09-04,TWR-001,76.69,17.77,37,4,0.81,3,-62,VoLTE,TWR-001,3,0.37,0.69,58.98,99.73,64,0.93,0.9,0.76,83.42,0.71
19a0e652-3421-4e0b-b6fc-d00e1e2778c1,2025-09-14,TWR-003,28.47,10.29,43,5,1.2,4.9,-76,4G,TWR-002,2,0.36,0.63,27.11,95.25,83,0.89,0.89,0.93,57.91,0.87
b385a0c7-8740-468d-ab5b-a469b9ebde15,2025-12-08,TWR-002,14.63,7.92,54,16,1.72,4.1,-120,4G,TWR-003,4,0.21,0.65,23.89,97.1,88,0.71,0.87,0.67,89.07,0.74
0b6baeca-3490-4a0a-9ea1-7ef5103667f6,2026-02-13,TWR-005,49.76,17.57,62,7,1.83,0.1,-98,VoLTE,TWR-003,7,0.82,0.39,33.25,96.52,140,0.78,0.89,0.75,87.71,0.8
a8c66692-2eb8-4d81-a1a5-762e9fa2e1c0,2026-01-11,TWR-003,99,17.99,28,17,0.1,0.2,-114,VoLTE,TWR-004,2,0.49,0.31,66.56,99.38,31,0.96,0.74,0.59,82.33,0.78
1ede8dc4-1317-4f5c-b138-a670e6e8bd33,2026-02-02,TWR-001,97.49,11.41,62,19,0.32,0.5,-80,VoLTE,TWR-001,7,0.71,0.52,88.59,95.39,61,0.78,0.9,0.93,59.63,0.72
bdf3e0b2-b8d3-4e5e-9e11-b5f295dcf8a9,2026-05-08,TWR-005,536.99,48.73,75,7,1.07,4.9,-74,5G,TWR-001,9,0.49,0.86,59.36,95.98,33,0.77,0.77,0.58,68.43,0.96
e64f4eb7-127a-4b2a-80fc-1da65486f6f4,2025-10-02,TWR-004,53.3,7.28,81,5,0.25,1.6,-102,VoLTE,TWR-003,3,0.23,0.56,92.6,96.21,74,0.99,0.89,0.78,43.12,0.76
1ec7f3d7-0181-445f-9b7c-93ee4f9489e8,2025-12-08,TWR-001,856.09,62.58,45,12,0.74,0.3,-100,5G,TWR-004,7,0.64,0.13,73.81,96.85,104,0.91,0.69,0.85,37.94,0.76
9ddaeaaf-ba41-4eb1-bb32-e0e9839ec999,2025-09-11,TWR-005,63.91,6.26,88,14,1.72,0.9,-78,VoLTE,TWR-003,1,0.57,0.42,61.27,98.25,105,0.83,0.82,0.82,65.68,0.85
41541636-ec00-4830-9e0e-decfdea02127,2026-06-30,TWR-005,99.51,15.31,70,9,0.53,3.9,-93,4G,TWR-003,5,0.02,0.35,20.2,95.64,130,0.98,0.88,0.63,58.46,0.79
276a075b-943a-4ec7-9348-aca0a9f4582e,2026-03-09,TWR-004,57.92,5.6,67,14,0.85,4.8,-90,VoLTE,TWR-004,2,0.84,0.67,62.45,96.84,96,0.95,0.68,0.91,49.65,0.72
0d102325-30bd-468c-86bc-f0fd9673b40a,2026-04-07,TWR-005,515.53,31.46,63,18,0.45,2.1,-82,5G,TWR-002,0,0.33,0.41,84.88,95.89,120,0.86,0.61,0.57,83.82,0.7
d1934a64-f2a3-40d0-9501-ddadc50d77fb,2026-05-14,TWR-002,50.89,5.76,90,20,0.9,3.6,-73,VoLTE,TWR-005,9,0.39,0.27,70.57,96.59,59,0.76,0.8,0.68,55.46,0.84
b481d20e-2aa4-4e8d-8373-0d098df8b2e2,2025-09-17,TWR-005,84.09,12.48,90,20,0.29,2.2,-90,VoLTE,TWR-001,2,0.14,0.16,28.11,96.79,52,0.83,0.96,0.94,56.46,0.74
eefcc4f2-cc9f-42ea-a62b-8094fe138750,2025-10-13,TWR-002,39.13,12.46,19,17,0.06,4.6,-88,4G,TWR-001,9,0.67,0.29,42.99,99.31,116,0.9,0.67,0.53,64.23,0.79
296775f7-5252-44b1-bf33-7a69cefd7826,2025-10-29,TWR-004,849.34,60.73,32,3,1.7,3.7,-119,5G,TWR-005,5,0.88,0.83,31.08,95.74,95,0.92,0.82,0.59,77.44,0.76
0abd512c-1c90-4299-9bfa-e340f8a41717,2025-11-19,TWR-003,73.28,17.94,86,10,0.03,4.3,-60,VoLTE,TWR-001,4,0.45,0.68,87.23,99.3,131,0.99,0.95,0.81,82.07,0.97
875fc35b-9e96-40c7-8a5e-156189c986b5,2026-03-23,TWR-002,772.53,42.89,52,10,1.85,4.4,-106,5G,TWR-005,3,0.62,0.78,69.08,96.36,23,0.75,0.72,0.87,70.37,0.88
7468a1ab-fa8b-442d-9ad9-bb83bd3345e5,2026-05-01,TWR-004,16.02,19.75,13,15,0.82,2.3,-110,4G,TWR-003,5,0.47,0.69,24.12,96.36,60,0.97,0.95,0.57,61.49,0.74
b01f5717-b603-4464-a9b4-8d71306a8d20,2026-05-17,TWR-005,82.01,5.31,19,6,0.24,3.1,-117,4G,TWR-004,7,0.25,0.14,52.89,96.81,23,0.76,0.63,0.64,36.74,0.89
0fb6b0cf-7626-401f-873c-e3c81385fcae,2026-04-24,TWR-002,425.1,89.38,71,11,0.06,1.5,-82,5G,TWR-003,2,0.9,0.85,33.25,97.89,64,0.99,0.73,0.92,31.99,1
5708c29a-08ae-4863-9d72-921cb9feb463,2026-03-07,TWR-005,67.56,7.08,75,8,0.24,4.1,-69,4G,TWR-004,5,0.55,0.47,78.74,97.65,92,0.83,0.87,0.53,30.48,0.8
5223c837-30cc-4143-8853-be872fbdaa62,2025-11-12,TWR-002,32.32,9.05,43,18,1.52,0.4,-74,VoLTE,TWR-002,1,0.83,0.77,26.97,96.09,124,0.79,0.87,0.63,43.58,0.88
146aedc0-757c-46d3-a8fd-35963b249cb0,2026-05-16,TWR-005,558.69,37.15,23,11,1.81,0.8,-88,5G,TWR-005,7,0.53,0.82,41.56,98.64,115,0.85,1,0.99,55.14,0.97
52ea8278-30f3-4f39-aba5-8feecead05ce,2026-04-24,TWR-004,756.42,30.42,85,6,1.61,3.3,-118,5G,TWR-001,10,0.05,0.13,20.51,98.13,88,0.97,0.78,0.87,59.12,0.9
859bd2f3-bedf-4ca3-a160-19cac51413f6,2026-01-08,TWR-003,73.5,7.98,22,3,0.94,1.8,-112,4G,TWR-005,1,0.54,0.23,33.18,98.44,48,0.92,0.98,0.67,85.14,0.71
25040284-ffe8-4886-a742-ddb0ba207419,2026-04-26,TWR-003,551.94,24.61,43,9,1.49,1.8,-93,5G,TWR-002,1,0.46,0.34,37.5,96.06,96,0.91,0.95,0.76,73.56,0.96
390a855c-4675-47a6-a92e-2d84980f978e,2026-01-26,TWR-001,77.4,10.31,51,16,1.49,2,-77,VoLTE,TWR-005,5,0.78,0.67,30.14,97.21,133,0.76,0.6,0.8,40.78,0.87
727d56be-2de7-4a31-a54e-6e149d9b0811,2026-05-20,TWR-002,143.18,60.06,94,19,1.65,2.1,-91,5G,TWR-005,8,0.73,0.87,29.3,96.4,98,0.74,0.67,0.91,73.97,1
e59dd6ee-8e4e-410a-ae15-eb62ed57845f,2026-04-23,TWR-003,309.8,50.13,39,6,1.08,0.2,-74,5G,TWR-003,2,0.76,0.24,63.14,98.76,86,0.87,0.86,0.65,66.55,0.78
a7332c7c-8abd-44c9-8802-9e76e7027e6f,2026-07-20,TWR-005,697.17,58.08,78,1,0.68,2.7,-64,5G,TWR-004,1,0.3,0.67,85.26,96.7,104,0.86,0.73,0.83,75.46,0.96
22494481-1209-486a-accf-dda2bc31abe7,2026-07-03,TWR-004,44.84,15.73,86,5,1.38,0.4,-83,VoLTE,TWR-005,4,0.48,0.2,77.95,97.87,69,0.86,0.93,0.73,66.74,0.79
51461e61-f7b2-4c16-8236-aa5e027fa8bb,2026-03-26,TWR-004,388.88,84.52,40,3,0.5,4.4,-94,5G,TWR-001,4,0.46,0.66,53.77,98.73,99,0.92,0.79,0.58,39.62,0.87
888a7dd4-ebed-4027-b42a-ac1fccc36677,2025-11-15,TWR-004,138.61,42.52,57,7,0.99,3,-63,5G,TWR-003,10,0.91,0.13,27.3,98.62,30,0.9,0.96,0.56,76.2,0.85
03af855d-1f11-4652-9700-3c7905bdcec5,2026-03-10,TWR-002,25.23,19.79,90,10,1.63,3.6,-75,4G,TWR-002,0,0.66,0.32,23.74,95.42,104,0.84,0.71,0.63,67.87,0.72
1847d33e-a0d4-451b-88ef-0c7c834c36c5,2025-11-11,TWR-001,638.06,34.45,49,16,1.88,4.4,-85,5G,TWR-004,10,0.35,0.36,51.44,99.33,43,0.85,0.78,0.67,38.5,0.97
a20011be-12c2-419b-9737-3821de267a17,2026-02-26,TWR-002,27.73,14.24,94,10,0.89,1.5,-101,VoLTE,TWR-005,5,0.22,0.51,92.2,99.89,42,0.88,0.72,0.59,31.19,0.72
e16830bf-0cd0-466a-b548-470777ed1126,2025-12-06,TWR-005,88.45,5.65,10,11,1.72,3.4,-74,4G,TWR-001,0,0.54,0.54,23.42,98.19,113,0.72,0.98,0.84,56.23,0.82
06f1d67d-05ab-40b1-8c42-258a78e07b52,2026-04-26,TWR-001,12.67,12.43,56,20,0.42,2.7,-86,4G,TWR-004,1,0.81,0.54,26.96,99.72,87,0.82,0.9,0.5,54.63,0.84
1515aa3f-5c65-4d18-b9cf-94cfd676bdd0,2026-03-17,TWR-003,782.74,71.19,68,13,0.69,4.8,-92,5G,TWR-001,8,0.41,0.78,31.64,99.5,103,0.84,0.6,0.98,42.57,0.89
a2ec95a0-70a7-48ac-b8be-a9593a6bd6b4,2026-01-18,TWR-005,79.75,18.19,93,13,0.63,1.9,-99,VoLTE,TWR-005,4,0.48,0.54,86.95,95.64,37,0.83,0.94,0.97,62.69,0.93
6af75eeb-bd78-40d2-b396-39f3fcf2d717,2026-04-10,TWR-005,52.52,15.57,12,15,1.35,4.2,-99,4G,TWR-003,8,0.75,0.64,65.81,97.73,58,0.78,0.88,0.52,78.85,0.86
aa39e5f6-17e3-42fc-bba6-a94269ee738c,2025-10-22,TWR-002,245.94,24.67,43,8,0.03,1.9,-118,5G,TWR-004,3,0.71,0.74,62.12,96.8,22,0.85,0.97,0.7,35.01,0.88
abdeee22-d2f7-4cac-a36e-e87746abdc8f,2026-05-27,TWR-001,866.84,72.37,18,3,1.37,4.9,-76,5G,TWR-003,4,0.12,0.75,36.02,99.34,22,0.9,0.89,0.57,61.09,0.94
0bb7c28e-795a-4304-bd4f-63b8841dd36f,2026-03-25,TWR-005,481.21,91.61,22,8,1.72,4.1,-67,5G,TWR-004,3,0.24,0.4,75.47,97.21,64,0.86,0.75,0.58,60.2,0.81
954d5c07-a75c-45ec-ac0b-76eb2f500023,2026-05-05,TWR-004,25.18,15.25,98,10,0.16,1.4,-77,4G,TWR-004,2,0.02,0.88,58.42,96.07,145,0.74,0.73,0.96,30.92,0.86
bd47ea2f-1b00-4bc0-b2a7-4578597fdcd5,2026-05-10,TWR-004,11.38,13.81,54,3,0.75,4.2,-80,4G,TWR-005,7,0.87,0.23,81.91,96.36,97,0.82,0.72,0.85,75.52,0.82
fc4c8194-6126-4024-8316-27430aa249f4,2025-09-22,TWR-003,355.21,50.26,11,11,0.9,3.8,-94,5G,TWR-002,7,0.88,0.65,91.32,96.48,47,0.85,0.61,0.6,52.85,0.74
567ff041-29c4-414c-9696-7d3a68f15e03,2026-05-31,TWR-005,11.71,16.81,80,11,1.39,1.3,-79,VoLTE,TWR-004,9,0.17,0.8,53.23,95.74,114,0.98,0.66,0.72,82.93,0.94
228e0968-b51c-4566-b674-026dc3c37c7f,2026-05-30,TWR-005,98.11,6.53,71,15,1.38,1.9,-102,VoLTE,TWR-004,3,0.39,0.57,29.6,98.95,75,0.97,0.74,0.52,72.07,0.74
1cc9302e-011a-4b92-97f9-a7cacaed28ab,2025-11-24,TWR-003,152.73,96.68,97,12,0.04,2,-86,5G,TWR-001,1,0.69,0.34,24.25,97.95,71,0.91,0.97,0.97,84.79,0.98
6a5a6d08-a84c-4804-92e2-bd4b3e2e6306,2026-01-31,TWR-003,26.39,17.96,93,11,0.33,2.9,-99,4G,TWR-005,5,0.4,0.1,65.23,97.03,125,0.91,0.67,0.72,31.18,0.74
e56bf443-cb09-4ad7-ac7e-e2b789eab916,2026-03-10,TWR-003,31.31,15.33,87,8,1.18,1.4,-108,4G,TWR-005,6,0.52,0.2,54.03,96.92,76,0.75,0.96,0.61,87.03,0.89
ca2ea29b-f0c7-4628-9ec2-a8af0ccefa2a,2026-02-02,TWR-004,22.06,7.41,62,15,0.04,3.8,-75,VoLTE,TWR-002,3,0.99,0.26,58.75,98.78,138,0.77,0.76,0.77,35.56,0.75
075b676a-5f22-4f76-b71a-67e2847c40a3,2025-09-30,TWR-003,412.88,78.72,73,4,0.93,0.9,-85,5G,TWR-002,6,0.8,0.42,47.58,98.54,40,0.96,0.97,0.64,59.11,0.86
cd9fa82a-b0b0-460b-93ac-f3c4eccadf04,2026-05-04,TWR-004,698.82,58.34,47,4,0.55,3.4,-82,5G,TWR-002,7,0.86,0.32,86.98,97.36,114,0.83,0.6,0.95,33.5,0.99
b12b0ba2-b353-419e-8d3a-949ead9132c6,2026-02-18,TWR-002,89.18,15.42,89,10,0.87,2.8,-75,4G,TWR-003,1,0.78,0.85,72.48,96.59,86,0.82,0.95,0.8,68.96,0.94
523f80ba-f2eb-4963-b001-d058b0236732,2025-10-24,TWR-004,81.5,19.09,11,15,1.58,1.3,-61,4G,TWR-002,9,0.47,0.28,33.15,96.7,142,0.93,0.89,0.77,80.24,0.94
1b386813-251e-43ed-9c0e-e49518c11541,2025-10-06,TWR-003,13.3,17.16,24,5,0.45,0.2,-116,VoLTE,TWR-001,10,0.5,0.27,81.95,99.06,36,0.91,0.7,0.76,83.32,0.99
76f0cff7-f101-41c8-a858-ac88df406b9c,2025-09-09,TWR-005,13.04,13.25,95,1,0.91,1.3,-74,4G,TWR-003,4,0.09,0.72,44.89,95.25,118,0.99,0.93,0.71,55.12,0.86
44a2c82d-83e5-4cf3-b040-97adc5fe2536,2025-12-30,TWR-004,792.2,37.45,25,19,0.07,4.5,-63,5G,TWR-003,5,0.43,0.2,61.9,98.2,40,0.98,0.64,0.79,32.99,0.88
ff78e82c-a2bd-4166-85d7-f45bd797aec1,2026-05-20,TWR-004,19.28,13.17,55,9,0.66,4.1,-106,4G,TWR-001,5,0.2,0.58,53.67,95.18,132,0.85,0.8,0.66,35.29,0.9
f99aac0e-285c-44a9-b034-c93642a7c9b5,2025-10-09,TWR-005,92.35,17.99,34,9,0.29,5,-93,VoLTE,TWR-004,2,0.42,0.65,56.67,97.47,134,0.84,0.64,0.65,52.86,0.71
60a24d6b-6d89-44b9-bf25-ae5abe7a2ab9,2026-06-21,TWR-003,923.67,41.12,58,11,1,4.6,-70,5G,TWR-001,2,0.42,0.33,41.84,98.63,116,0.84,0.75,0.56,64.02,0.71
42768ac9-c861-43df-b8c0-ecc8f3468855,2025-07-29,TWR-004,62.08,18.05,40,10,0.91,0.7,-65,VoLTE,TWR-005,8,0.97,0.45,32.69,97.82,43,0.92,0.75,0.93,65.05,0.83
4784e558-f1fe-4306-b088-5c562f324fde,2026-05-04,TWR-003,60.52,5.97,50,7,0.98,0.8,-61,VoLTE,TWR-002,6,0.74,0.67,30.41,98.75,42,0.89,0.79,0.56,62.6,0.94
58a86dd1-323f-4215-845d-ea48aac8fb09,2025-08-28,TWR-004,686.22,25.9,86,6,1.96,3.5,-90,5G,TWR-005,1,0.2,0.48,26.33,96.2,35,0.91,0.73,0.91,50.25,0.77
b6f57659-b17a-4547-8528-c6ab5d4d7c5a,2025-11-04,TWR-004,93.49,18.19,65,6,1.22,3.3,-88,VoLTE,TWR-004,1,0.14,0.52,52.52,96.46,77,0.98,0.84,0.67,68.38,0.81
78995a63-a6a0-4291-aee5-c7bfa3f58fa9,2025-08-17,TWR-005,873.78,53.49,62,5,0.26,1.6,-113,5G,TWR-003,2,0.99,0.82,46.84,99.15,34,0.79,0.9,0.74,40.85,0.81
37e35c12-eff9-40ef-85ec-c01ff3d2e771,2025-10-30,TWR-002,89.68,11.79,73,4,1.87,3.7,-82,VoLTE,TWR-004,9,0.48,0.75,65.6,96.81,76,0.95,0.87,0.58,64.97,0.83
1364f3c0-4294-4c56-9a5b-f8fda9fbb41a,2025-08-30,TWR-002,934.52,22.25,69,4,0.7,1.3,-114,5G,TWR-001,1,0.26,0.84,81.5,96.1,107,0.84,0.94,0.52,43.3,0.98
48f13378-31b5-48a0-b6d0-eb1a92f32164,2025-07-30,TWR-005,77.17,8.13,62,2,1.02,4.8,-110,4G,TWR-003,6,0.78,0.35,83.1,95.37,27,0.85,0.6,0.71,40.53,0.77
7069b05f-b56a-4c3e-a43e-9a49af6815da,2025-08-18,TWR-001,43.95,16.55,32,6,0.76,4.7,-115,4G,TWR-004,8,0.63,0.13,24.92,99.29,121,0.85,0.96,0.94,51.32,0.84
714fa69b-ffaa-4c96-a1ef-83aa09491965,2025-12-23,TWR-004,956.87,26.14,37,15,0.9,1.7,-78,5G,TWR-002,2,0.96,0.58,68.49,99.56,149,0.85,0.78,0.65,74.42,0.78
adb8acf2-cd45-4fe5-8cfb-f36bede15c53,2026-04-14,TWR-001,110.88,86.33,16,12,1.71,2.8,-109,5G,TWR-002,4,0.14,0.29,87.13,96.8,105,0.81,0.72,0.83,64.86,0.72
c52b4c58-6609-476a-926c-f21c309eceed,2025-10-01,TWR-003,440.45,97.3,57,11,1.08,3.7,-77,5G,TWR-001,3,0.29,0.77,94.45,98.48,101,0.75,0.71,0.81,74.87,0.76
665c1bc5-8aeb-430c-a561-6a5030ce75fe,2025-09-02,TWR-002,95.15,13.68,27,13,0.84,2.6,-75,VoLTE,TWR-005,3,0.14,0.62,89.49,97.72,29,1,0.87,0.96,53.76,0.9
6b206e73-d946-455e-a989-f4045b7627b0,2025-12-07,TWR-002,656.89,69.01,22,3,0.87,3.4,-95,5G,TWR-001,5,0.63,0.55,28.5,96.06,73,0.9,0.74,0.63,70.43,0.79
b69ea9f3-d2d8-4399-bde6-c7815bee8ffa,2025-09-18,TWR-001,692.06,67.64,77,9,1.03,3.2,-100,5G,TWR-001,6,0.84,0.87,45.14,97.08,41,0.94,0.72,0.94,83.65,0.88
3d43c507-e81b-42cf-8066-5ffedfde6ee8,2026-06-04,TWR-001,84.01,5.15,13,11,0.77,1.7,-98,4G,TWR-003,4,0.29,0.68,83.05,98.86,102,0.83,0.64,0.76,87.07,0.87
152bf30e-97b9-4cb4-a36c-0c1343f0b058,2026-01-29,TWR-002,210.98,34.21,22,4,1.53,4,-75,5G,TWR-001,7,0.98,0.16,28.48,99.61,114,0.78,0.67,0.97,32.54,0.94
b4cd94a7-80df-4516-a14b-8f0cd5f2f307,2026-03-27,TWR-003,665.7,70.19,36,5,1.66,1.4,-87,5G,TWR-005,5,0.83,0.79,73.55,96.67,90,0.99,0.75,0.57,74.53,0.96
13eb9b34-b2a2-402f-8f84-73a4efcb71b3,2026-06-29,TWR-004,73.73,19.42,50,14,0.74,3.5,-70,4G,TWR-002,4,0.57,0.62,50,95.57,70,0.96,0.87,0.59,75.79,0.89
1ca16711-e730-4015-a971-3c3e6fd0ac95,2026-05-17,TWR-001,57.81,7.63,88,4,0.4,1.6,-104,VoLTE,TWR-003,4,0.57,0.52,57.32,99.08,113,0.7,0.84,0.71,62.4,0.95
1c44d0af-0f99-49db-b28d-0b3335171897,2025-12-10,TWR-003,98.14,7.16,66,6,1.56,4.2,-95,4G,TWR-003,7,0.84,0.81,40.81,97.1,77,0.89,0.96,0.63,41.73,0.77
a31daa2d-a098-43bb-9d91-d083269fe15d,2025-12-10,TWR-003,242.94,65.79,95,4,0.68,1.6,-68,5G,TWR-002,4,0.1,0.83,21.1,95.52,52,0.8,0.75,0.71,58.03,0.99
1f0f8e3a-d178-49ae-a38e-228b5ba194ed,2025-12-11,TWR-002,60.22,13.51,32,14,0.44,3.6,-120,4G,TWR-001,7,0.49,0.67,77.37,98.73,119,0.97,0.61,0.63,36.51,0.92
619211a1-f8df-4b6c-a667-b82b61c274fc,2025-12-08,TWR-001,48.8,15.15,54,10,1.57,4.2,-107,4G,TWR-003,3,0.98,0.1,66.86,99.28,22,0.83,0.72,0.67,38.96,0.79
7c8633ae-2dfd-4e4e-80a7-a76dc2f025b1,2026-05-05,TWR-004,158.29,45.83,16,8,0.42,3.7,-75,5G,TWR-001,9,0.62,0.86,34.17,96.41,90,0.74,0.71,0.74,85.83,0.91
290192f9-0f04-4305-8a68-52f0074b6e32,2026-07-20,TWR-003,52.44,6.09,58,18,0.98,4.7,-106,VoLTE,TWR-004,1,0.03,0.27,43.43,97.1,127,0.83,0.63,0.59,32.22,0.84
69958d68-7b2e-4793-854c-d173dc0abfbc,2025-09-02,TWR-003,14.98,6.18,36,15,1.85,4.3,-79,4G,TWR-001,8,0.62,0.26,26.25,96.33,81,0.98,0.92,0.77,47.55,0.76
c15eacc1-9301-4ec0-a240-d1c6b7a3fe33,2026-03-09,TWR-005,107.1,31.58,66,17,0.9,4.6,-91,5G,TWR-002,8,0.85,0.55,61.71,99.86,70,0.72,0.6,0.57,74.22,0.72
5d81cd9e-891e-41ec-b59a-a60d71842ac9,2026-04-16,TWR-004,242.14,51.67,67,10,0.23,2.9,-72,5G,TWR-003,7,0.17,0.6,37.25,96.38,135,0.74,0.69,0.59,50.4,0.94
6825e5bc-f46c-4760-9470-882bbf4bb724,2025-10-19,TWR-004,343.78,55.08,29,14,2,3.5,-115,5G,TWR-002,1,0.25,0.31,78.51,97.08,133,0.82,0.72,0.81,34.95,0.95
4a3cbedf-b6cb-4290-bb49-cdb74bde9bc0,2025-10-18,TWR-002,83.12,19.46,39,18,0.36,2.3,-109,VoLTE,TWR-002,6,0.96,0.12,64.98,98.35,33,0.74,0.89,0.92,80.86,1
75edae77-441a-42ba-90a7-584293699d46,2025-09-28,TWR-004,169.25,23.88,99,2,0.83,4.9,-112,5G,TWR-001,8,0.84,0.39,86.78,99.1,150,0.94,0.87,0.97,85.36,0.71
874dc96a-e688-417c-bd13-6908ac8ae6db,2026-03-18,TWR-001,50.39,8.19,65,19,1.56,1.6,-86,4G,TWR-003,5,0.28,0.37,21.87,96.62,116,0.96,0.97,0.59,65.85,0.85
c8f64c2f-4d86-421e-941a-369d1d702926,2026-01-12,TWR-002,261.08,66.66,44,17,0.92,4.4,-90,5G,TWR-004,3,0.29,0.24,53.97,97.93,101,0.88,0.64,0.76,50.65,0.8
fcbe111c-3527-48bf-8ac5-927189245fd4,2025-12-21,TWR-002,367.97,34.56,69,3,1.63,1.8,-63,5G,TWR-002,8,0.19,0.22,29.46,95.95,94,0.72,0.94,0.82,52.53,0.91
4c780312-a214-422e-ad7f-fd9f48850cb4,2026-04-13,TWR-005,922.18,56.92,59,17,0.76,4.1,-83,5G,TWR-003,3,0.18,0.24,36.24,97.59,83,0.98,0.73,0.52,58.92,0.85
9540e7b9-1fbb-4d37-8bcc-8fd3595dc5ba,2025-09-28,TWR-005,44.35,10.98,45,18,0.41,3,-74,4G,TWR-004,6,0.26,0.38,62.79,98.35,141,0.95,0.84,0.9,31.07,0.73
b524483a-2d0b-4c4c-a0e9-2174e0ea24af,2026-05-29,TWR-005,31.7,8.25,81,14,1.32,2.9,-70,VoLTE,TWR-003,4,0.95,0.69,72.13,96.46,41,0.92,0.99,0.56,70.61,0.75
3f121a89-8972-478e-8ce8-da07ea48a6f5,2025-11-07,TWR-003,988.29,55.25,22,6,1.57,3.4,-66,5G,TWR-003,5,0.64,0.8,36.52,95.12,139,0.89,0.69,0.78,76.58,0.79
9b91b9d5-514f-450d-8584-28ac82de9e1b,2026-03-06,TWR-001,324.38,28.48,49,9,0.82,2,-71,5G,TWR-004,2,0.96,0.46,93.39,99.8,97,0.88,0.99,0.98,79.16,0.86
24a26e97-b992-45e1-b99f-d7a1c42459b2,2026-05-07,TWR-005,77.84,13.17,49,17,0.52,2.3,-106,4G,TWR-003,5,0.78,0.33,66.11,96.2,125,0.89,0.82,0.7,69.89,0.87
136b5b85-f0d2-4b48-b212-109ad376cd6b,2025-11-03,TWR-001,851.86,58.54,20,2,1.12,3.5,-104,5G,TWR-003,3,0.52,0.24,33.23,98.86,44,0.76,0.67,0.51,59,0.85
c8996a61-bff4-44c1-af53-92f9cb4fa517,2026-03-25,TWR-002,63.85,6.82,98,7,0.44,3.4,-81,VoLTE,TWR-004,2,0.16,0.52,59.58,99.76,134,0.99,0.7,0.55,33.93,0.92
79b86d6d-3a21-4250-9a20-d664e77daf04,2026-01-29,TWR-004,700.7,69.74,47,14,1.23,4.8,-77,5G,TWR-001,3,0.52,0.69,52.79,95.97,70,0.84,0.82,0.62,33.33,0.94
14dfcd61-474f-48cb-8a4e-64328713a158,2026-02-26,TWR-002,68.27,10.86,69,2,1.94,3.9,-109,VoLTE,TWR-005,3,0.96,0.69,56.23,98.57,140,0.96,0.93,0.76,67.32,0.83
3841c66c-ea8e-4c91-8d4a-5ba1b4260bda,2025-09-19,TWR-005,57.08,14.11,73,15,0.7,0.3,-83,VoLTE,TWR-003,3,0.63,0.81,46.82,97.73,118,0.91,0.64,0.99,59.89,0.89
40b2d78c-0ff6-40e5-a673-2a39392e4c40,2025-08-11,TWR-002,88.25,10.57,51,12,1.59,1.3,-65,VoLTE,TWR-003,2,0.74,0.64,31.82,99.48,35,0.82,0.91,0.53,81.44,0.95
d8b4983f-32b6-410a-8389-3c603530bd4f,2026-07-19,TWR-001,592.92,92.31,46,5,1.74,1.5,-116,5G,TWR-004,5,0.86,0.68,60.06,97.36,119,0.79,0.95,0.58,64.52,0.95
a99e45d7-b3d6-4510-b373-e1280f8b55b4,2025-12-13,TWR-003,451.78,58.48,29,20,0.9,0.5,-104,5G,TWR-003,8,0.14,0.15,22.64,95.07,43,0.96,0.63,0.57,86.53,0.98
48f36601-2410-4eb3-9278-dc847f7631e6,2025-08-27,TWR-001,141.55,56.88,64,15,0.16,2.7,-72,5G,TWR-002,5,0.28,0.24,75.85,96.56,143,0.94,0.96,0.99,63.97,0.99
3737d397-e8e9-450c-b4bc-14a9ebf064a2,2025-08-29,TWR-002,93.38,5.3,60,18,1.72,4.5,-94,VoLTE,TWR-004,9,0.76,0.38,67.47,95.48,127,0.73,0.72,0.99,47.02,0.95
8e039dee-3efe-4588-90e8-ac55235c140f,2026-04-07,TWR-003,970.07,71.85,75,7,0.98,2.1,-100,5G,TWR-002,5,0.22,0.43,27.79,97.68,46,0.87,0.81,0.93,73.79,0.88
397ed291-523a-4d93-baf1-bdfef4e03dea,2026-05-22,TWR-005,46.38,8.8,36,19,1.22,3.6,-100,4G,TWR-003,9,0.58,0.68,26.83,99.53,50,0.9,0.9,0.7,34.97,0.77
8abbb83a-6343-42ae-89f8-4f030f9b60fe,2026-06-01,TWR-002,37.56,9.88,17,7,0.61,4.1,-67,4G,TWR-005,0,0.35,0.46,67.98,99.7,98,0.71,0.96,0.76,61.91,0.78
0d26904d-9e63-4a41-a797-a2df8ffbfa4d,2026-02-17,TWR-005,56.4,15.8,34,20,0.38,3.1,-93,4G,TWR-004,5,0.54,0.86,83.45,99.6,80,0.73,0.89,0.96,63.69,0.7
b34e1a7e-6f69-492f-a472-c88e0f088c20,2026-06-09,TWR-001,67.02,13.85,89,17,0.25,2.9,-65,4G,TWR-005,10,0.24,0.23,36.55,95.5,108,0.9,0.97,0.58,60.29,0.9
fd077db0-79e7-427c-b168-3e054455b417,2026-02-27,TWR-002,35.5,8.89,59,10,1.19,1.6,-71,VoLTE,TWR-004,5,0.52,0.82,21.16,96.56,128,0.84,0.77,0.83,44.03,0.85
99cea493-a1e0-4871-aa17-6163febfcc9d,2026-03-31,TWR-001,21.7,5.74,67,15,1.67,0.5,-63,VoLTE,TWR-004,7,0.14,0.22,39.36,96.04,42,0.94,0.91,0.82,44.83,0.94
70a4b076-ab8d-47da-baa1-85f6afbcba15,2025-10-05,TWR-002,841.25,41.2,63,8,1.29,2.6,-99,5G,TWR-003,5,0.27,0.54,87.44,96.87,127,0.72,0.75,0.62,45.34,0.88
95d13aac-358d-4d62-8b5b-67621752db59,2026-05-25,TWR-002,56.65,18.86,26,20,0.75,3.6,-76,4G,TWR-003,4,0.28,0.49,70.78,99.02,126,0.75,0.75,0.97,71.78,0.79
1ec93828-65f7-414b-bc94-aa00998c112b,2025-12-25,TWR-005,500.85,45,50,16,1.34,0.8,-73,5G,TWR-004,5,0.43,0.49,83.99,97.06,89,0.87,0.81,0.73,57.81,0.92
263a8c37-407d-4026-8530-6f825bd34a03,2025-07-31,TWR-002,49,10.35,48,3,0.19,4.5,-81,4G,TWR-003,8,0.62,0.88,34.39,98.98,100,0.85,0.83,0.68,55.3,1
523877a8-9294-427c-9c91-209fe2854466,2025-12-28,TWR-003,36.19,9.49,89,8,0.33,1.1,-118,4G,TWR-001,7,0.94,0.35,51.08,98.73,99,0.74,0.67,0.81,40.29,0.98
f701106c-db5c-4df9-acd8-b6f0c0a6ec54,2025-08-16,TWR-005,55.05,15.13,20,19,1.65,3.7,-91,VoLTE,TWR-004,2,0.75,0.26,77.31,96.01,111,0.81,0.81,0.77,50.32,0.97
dbe029ec-2e1f-4dc0-a292-8e774ba510f2,2025-10-19,TWR-003,34.22,14.47,56,6,1.1,0.1,-114,VoLTE,TWR-005,7,0.16,0.32,43.34,97.47,40,0.93,0.62,0.96,69.3,0.8
fe78105f-4f2f-48a7-9a55-193570df3bd8,2026-01-10,TWR-004,118.09,52.1,17,14,0.94,4.5,-88,5G,TWR-003,5,0.85,0.27,36.52,99.6,23,0.91,0.98,0.75,43.46,0.82
c6cb8cce-b7a9-4264-b34d-97fce75d5288,2026-03-02,TWR-001,649.34,85.08,97,18,1.82,3.7,-69,5G,TWR-001,2,0.72,0.54,38.56,99.46,65,0.94,0.82,0.7,41.29,0.92
83955612-5db6-4412-8208-d1a01ac718f3,2025-07-29,TWR-003,33.65,13.71,18,5,0.73,1.1,-91,4G,TWR-004,6,0.44,0.19,47.92,96.22,124,0.95,0.74,0.5,82,0.78
7b405372-c7d9-4607-bdd2-02ad17eb9a61,2026-02-04,TWR-002,55.17,14.52,47,19,1.36,0.3,-79,VoLTE,TWR-003,2,0.26,0.69,51.69,96.51,63,0.93,0.82,0.84,62.38,0.9
69bfaf3d-3331-4742-8ef5-9032cc1a68d7,2026-06-23,TWR-002,61.98,14.18,90,1,0.18,4.5,-109,4G,TWR-001,7,0.65,0.19,70.15,99.64,69,0.73,0.82,0.89,43.45,0.91
c8566bd4-7f63-4bcb-9db3-c81b5641e919,2025-12-31,TWR-005,967,84.25,47,17,1.52,1.2,-115,5G,TWR-005,5,0.04,0.83,48.75,95.73,53,0.74,0.64,0.72,34.42,0.76
3dabe1ad-cf39-403a-b2ed-13c9a446a856,2026-05-28,TWR-002,25.58,17.82,59,4,0.51,0.5,-119,VoLTE,TWR-004,5,0.48,0.56,21.34,96.4,34,0.91,0.75,0.77,62.06,0.92
af3975fc-72f2-4e47-89fd-4938b8f29965,2025-11-02,TWR-003,83.02,13.63,100,3,0.35,4.2,-103,4G,TWR-005,3,0.87,0.81,77.47,96.76,79,0.99,0.63,0.81,44.61,0.78
08761237-aa1e-48b0-8823-052925a495a2,2025-08-27,TWR-001,93.13,14.79,86,13,0.66,4.1,-74,VoLTE,TWR-005,4,0.51,0.16,22.43,97.42,30,0.72,0.75,0.97,76.62,0.8
5148e04c-61ee-4781-8280-c86947bc78ca,2025-12-18,TWR-003,39.12,19.44,45,8,0.25,3.8,-88,4G,TWR-003,3,0.73,0.51,50.95,99.75,32,1,0.83,0.87,80.35,0.71
45e2ffe8-2414-4e43-833c-0bfe48f6862e,2026-03-06,TWR-005,152.95,86.68,78,20,1.89,2.9,-68,5G,TWR-002,1,0.37,0.61,60.12,98.57,57,0.72,0.97,0.7,63.37,0.76
43bef1da-049b-40dd-89b2-82a2df89fe60,2025-11-20,TWR-004,85.77,7.7,12,2,0.24,1.5,-62,VoLTE,TWR-005,4,0.85,0.56,32.36,97.81,140,0.86,0.62,0.73,76.79,0.85
3411b0ad-e5d3-4243-82e2-0bf3904b663b,2026-03-20,TWR-004,27.57,19.96,55,6,1.59,3.4,-92,VoLTE,TWR-005,5,0.4,0.51,47.78,98.47,133,0.87,0.67,0.94,69.86,0.81
f209d4b3-62f4-4520-a7f2-00998f11b8c8,2026-06-06,TWR-003,76.92,12.24,81,2,1.49,3,-83,4G,TWR-004,9,0.81,0.41,37.48,95.78,34,0.86,0.83,0.77,52.5,0.99
d940357d-f6d1-4bf6-883c-5b2dead0fab0,2025-07-30,TWR-003,67.82,19.91,54,13,0.93,0.3,-98,VoLTE,TWR-003,3,0.38,0.85,68.1,99.36,50,0.79,0.76,0.99,67.63,0.78
323060dd-06ea-49cc-bae5-83d1cffb0328,2025-08-24,TWR-005,241.12,74.87,17,18,1.26,4.3,-78,5G,TWR-005,1,0.24,0.66,52.93,99.44,132,0.91,0.7,0.72,64.7,0.73
65352086-d1e6-474b-b987-177ae1871046,2025-11-18,TWR-004,23.57,13.71,29,4,0.93,1.1,-68,4G,TWR-002,3,0.9,0.55,30.5,97.06,59,0.98,0.69,0.78,41.95,0.91
37f2cf7b-ee00-4f05-919e-9b6528ba9ccf,2026-03-21,TWR-005,65.22,14.46,52,3,1.8,4,-91,VoLTE,TWR-005,2,0.04,0.67,80.93,95.36,42,0.76,0.68,0.82,75.78,0.91
75920942-5ca6-4023-a590-7d99b66f7d1f,2025-11-22,TWR-001,66.27,18.64,81,2,1.94,3.2,-114,4G,TWR-001,0,0.04,0.88,26.76,96.33,103,0.76,0.97,0.61,78.44,0.72
ec254161-aaf5-4a1e-9cc0-95b7f58eb57a,2026-02-13,TWR-002,20.56,17.83,60,9,1.48,0.6,-86,4G,TWR-004,2,0.27,0.61,28.26,99.67,66,0.71,0.7,0.67,50.06,0.84
ad7b3cbb-4982-440e-a890-4656f85cba2d,2026-02-12,TWR-001,41.38,16.39,96,12,1.92,1.1,-83,VoLTE,TWR-005,5,0.13,0.58,37.82,95.92,80,0.85,0.72,0.73,77.93,0.73
937a1976-c242-41fc-b5b2-a06a7416f2da,2025-12-02,TWR-005,99.47,9.46,93,9,1.13,2.3,-78,VoLTE,TWR-003,0,0.2,0.39,52.4,95.28,84,0.85,0.77,0.92,80.85,0.85
04debc49-7564-42d0-a793-14223271cab2,2026-03-03,TWR-002,79.08,10.26,54,2,0.38,2,-97,VoLTE,TWR-002,1,0.65,0.86,28.4,99.8,140,0.82,0.94,0.85,77.63,0.85
94309faa-b886-45bb-af84-d104ca0eaf89,2026-03-19,TWR-003,82.57,13.1,67,11,1.22,0.3,-78,4G,TWR-003,6,1,0.89,29.67,96.39,126,0.87,0.67,0.63,74.65,0.77
2cd33f0e-bc0d-46a8-8f16-a76a3764c1e3,2025-11-13,TWR-002,91.46,13.27,81,15,0.03,4.1,-118,4G,TWR-004,8,0.22,0.58,61.89,98.69,147,0.8,0.91,0.67,36.61,0.76
b677922f-8035-42cc-89fe-c8508107b673,2025-11-13,TWR-003,735.32,51,99,3,1.9,2.8,-66,5G,TWR-001,3,0.39,0.86,21.34,95.58,91,0.88,0.61,0.76,69.73,0.98
89fd0b16-d281-49be-959a-63e85407d137,2026-02-04,TWR-004,62.65,12.68,20,8,1.81,2.2,-102,VoLTE,TWR-004,1,0.94,0.29,42.89,95.5,82,0.73,0.85,0.63,83.15,0.82
fb7b9122-24e9-4670-ac1d-965fe1ac67e6,2025-10-28,TWR-001,811.16,83.76,49,3,1.79,2.6,-109,5G,TWR-002,0,0.63,0.38,40.26,96.14,85,0.75,0.82,0.87,41.7,0.92
7be21795-0979-48be-87c5-2eec8de7b92a,2026-02-01,TWR-004,483.89,47.06,45,4,1.01,2,-72,5G,TWR-002,10,0.31,0.47,58.27,95.3,23,0.93,0.65,0.53,55.4,0.88
39ab35f3-25ce-4546-9d16-0bedcae916a4,2026-02-16,TWR-001,96.79,6.2,33,18,1.06,2.5,-98,VoLTE,TWR-001,0,0.56,0.66,62.38,98.02,21,0.73,0.66,0.88,56.2,0.78
ceaed9ca-76bf-40bd-b629-f7c7a968cdba,2026-04-18,TWR-005,686.59,63.42,86,15,1.52,1.4,-86,5G,TWR-002,2,0.95,0.73,66.02,97.34,87,0.8,0.83,0.97,71.49,0.91
5e85dbc1-0895-4f8f-ac6a-416a45d2e111,2025-12-09,TWR-002,71.74,14.77,44,5,0.97,4.9,-115,VoLTE,TWR-005,1,0.28,0.64,46.82,96.95,34,0.77,0.99,0.55,52.02,0.92
9cba86a9-4813-4e61-80d5-b8db75d10d43,2025-11-06,TWR-005,85.58,15.82,70,7,1.73,0.4,-101,VoLTE,TWR-004,7,0.31,0.71,80.94,96.34,76,0.79,0.91,0.86,74.77,0.98
4ab13fc9-440b-4ae4-819c-e1193e3c2e0b,2025-09-01,TWR-004,65.64,10.4,60,3,1.39,2,-84,VoLTE,TWR-003,1,0.4,0.23,85.77,97,128,0.89,0.65,0.84,84.03,0.88
d765bd90-6954-4709-99c0-c3360b8b7e03,2026-05-10,TWR-005,768.46,78.91,30,17,0.82,4.5,-113,5G,TWR-004,0,0.24,0.51,73.59,99.29,103,0.71,1,0.6,67.95,0.79
5dd35fb6-dd7d-48f1-9bc9-2c9bad0d56f6,2025-07-26,TWR-002,90.54,5.13,74,14,1.12,4.1,-97,VoLTE,TWR-004,2,0.77,0.42,51.84,98.14,145,0.98,0.97,0.89,62.46,0.93
5c846104-286d-4ceb-ba34-22272ac2e19b,2026-05-15,TWR-002,23.75,6.42,22,1,0.57,2.4,-78,4G,TWR-001,8,0.36,0.36,72.73,98.91,88,0.89,0.95,0.91,88.57,0.84
1fd9d75c-b061-428a-a0a2-860d4f936573,2025-08-24,TWR-002,297.29,32.82,93,14,0.62,0.9,-75,5G,TWR-002,0,0.53,0.32,88.19,96.64,99,0.75,0.73,0.75,64.99,0.76
aba6c085-3c06-48cf-938e-1a077b76363f,2026-03-29,TWR-003,95.28,11.26,80,2,1.93,3.6,-64,4G,TWR-005,0,0.09,0.86,72.28,97.21,38,0.79,0.94,0.77,85.7,0.92
bb143a3f-62f2-49d3-986d-d0d082ce53b1,2026-07-04,TWR-003,95.47,13.93,44,10,0.03,4.2,-60,VoLTE,TWR-001,5,0.44,0.57,90.98,95.64,23,0.87,0.62,0.97,72.23,0.76
0775ff34-040a-4d94-8e19-4ff0eb880a7c,2025-10-01,TWR-002,90.31,5.25,19,19,1.11,3.9,-91,VoLTE,TWR-004,1,0.41,0.43,76.71,99.27,150,0.7,0.72,0.6,82,0.88
9269bf24-6b33-4d92-9ea4-924a7316760d,2025-10-20,TWR-003,20.8,17.45,67,5,0.48,1.4,-111,4G,TWR-001,4,0.27,0.49,80.63,99.27,128,0.79,0.93,0.81,67.87,0.9
8259dda2-5f15-4807-ae45-82d0e6bc36bc,2025-09-24,TWR-005,177.66,54.86,14,4,0.13,4.2,-98,5G,TWR-003,7,0.09,0.29,42.25,99.57,22,0.94,0.75,0.82,55.78,0.85
48ae6519-9f9f-42f0-b1a7-3ea81dfeef5a,2026-04-19,TWR-005,139.81,31.95,47,15,1.21,3,-117,5G,TWR-002,2,0.7,0.35,86.42,96.57,104,0.91,0.61,1,61.86,0.87
6e329819-c78e-4990-b24a-833320332a02,2026-05-27,TWR-005,377.14,96.24,85,2,0.88,3.1,-110,5G,TWR-005,5,0.44,0.46,83.27,99.45,56,0.96,0.82,0.65,32.43,0.99
130e28f1-13d9-4819-a357-222b0f810919,2025-12-27,TWR-003,55.45,18.94,88,11,1.49,4.3,-72,VoLTE,TWR-002,3,0.82,0.77,83.04,97.03,37,0.91,0.67,0.54,79.9,0.98
30effbb4-fada-4e1f-a10c-18428958c510,2026-05-03,TWR-001,473.76,42.52,81,17,1.43,3.8,-89,5G,TWR-005,7,0.47,0.72,83.07,96.49,57,0.84,0.86,0.96,88.73,0.86
288e1f7b-69e1-40e3-98dc-838c533a8fa9,2026-03-18,TWR-002,383.48,26.59,97,14,1.82,0.1,-105,5G,TWR-005,1,0.3,0.39,30.56,95.89,124,0.94,0.77,0.99,33.15,0.76
24b12293-8059-453f-80c2-0bc0ae12ac57,2026-03-27,TWR-005,46.95,10.79,43,17,0.67,5,-70,4G,TWR-004,1,0.98,0.67,46.06,95.56,115,0.98,0.71,0.97,58.77,0.81
626fc485-d5b8-4eed-9825-0e87a2085c2d,2026-07-12,TWR-005,433.06,35.68,90,10,0.47,3.2,-93,5G,TWR-002,10,0.25,0.84,68.89,99.18,32,0.97,0.83,0.86,69.9,0.94
4a1ac04c-5106-43ac-a5ba-60cfd307c50a,2026-02-27,TWR-001,96.09,18.07,90,4,0.03,1,-66,VoLTE,TWR-002,8,0.54,0.73,64.23,95.1,46,0.95,0.8,0.61,58.99,0.91
21bf962c-3f4c-49f9-9cdf-c96c1f1f9d06,2026-05-15,TWR-004,66.35,18.1,13,16,1.84,2,-118,VoLTE,TWR-003,6,0.03,0.7,71.4,95.59,95,0.94,0.61,0.74,86.68,0.79
a613865c-6fd1-48d3-a095-8cbd047076fc,2026-01-13,TWR-005,55.43,10.7,22,10,1.81,0,-105,VoLTE,TWR-004,3,0.76,0.62,39.88,97.91,58,0.95,0.98,0.63,77.47,0.82
9becb7f9-2765-4552-b320-926a5b939762,2025-09-07,TWR-002,113.12,34.9,32,6,1.82,2.2,-119,5G,TWR-003,7,0.37,0.61,65.62,97.84,92,0.83,0.83,0.51,39.02,0.77
c5024f48-05f2-4a75-8604-663402310262,2026-05-03,TWR-003,18.87,12.25,53,4,0.75,3.2,-107,VoLTE,TWR-002,7,0.55,0.19,26.78,98.84,118,0.77,0.82,0.77,65.7,0.75
8e92c372-938e-4d5a-b5ac-369c2713b2e9,2025-11-05,TWR-001,19.82,6.2,82,17,0.02,1.4,-75,4G,TWR-005,7,0.74,0.43,38.05,96.9,47,0.97,1,0.76,36.15,0.9
55bdccc8-24bd-465c-9996-e9299aa5613e,2026-04-12,TWR-005,32.83,8.01,61,1,0.81,5,-92,4G,TWR-004,4,0.33,0.29,84.45,97.85,128,0.75,0.9,0.74,86.49,0.92
29612f39-6e02-4e17-ac44-833b985994ab,2026-04-08,TWR-005,71.83,9.91,25,13,1.88,3,-104,4G,TWR-005,6,0.29,0.61,53.83,97.08,76,0.92,0.96,0.6,52.37,0.97
94fbe0a9-0fc6-4bbb-b2c2-74ee0ce73d96,2026-02-07,TWR-004,87.21,11.62,66,8,0.38,4.1,-76,4G,TWR-005,8,0.7,0.69,83.58,99.4,49,0.92,0.86,0.59,38.32,0.91
c73ce4de-578e-4b57-9b73-54f90d24d549,2025-08-09,TWR-005,39.66,6.61,17,7,0.12,3.6,-71,VoLTE,TWR-004,10,0.39,0.44,87.32,95.6,109,0.92,0.98,0.79,80.01,0.98
068106b8-a6f3-4ee3-891a-5e2e24141826,2026-02-20,TWR-005,12.96,11.76,48,12,0.95,4.2,-101,4G,TWR-002,7,0.6,0.2,73.25,97.43,54,0.97,0.63,0.93,50.19,0.94
f067ed32-a44c-4557-9f69-b9b14b94e245,2025-09-09,TWR-003,272.65,56.19,40,12,0.49,2.1,-79,5G,TWR-005,6,0.52,0.85,24.9,96.25,136,0.77,0.65,0.68,68.76,0.94
4e929ddc-b929-492b-976a-def75f341258,2026-03-10,TWR-001,584.29,68.03,97,17,0.46,3.9,-90,5G,TWR-003,2,0.66,0.87,21.64,95.84,33,0.72,0.97,0.75,62.68,0.9
e2f72bbe-491e-4ab4-8f28-7d885619d8f8,2026-07-08,TWR-001,282.59,64.04,86,17,0.56,0.4,-96,5G,TWR-001,0,0.7,0.78,53.69,95.67,25,0.92,0.76,0.97,68.54,0.98
f8284402-1662-4c1e-a083-270f0f1742d5,2025-09-21,TWR-005,457.49,95.83,23,11,0.79,1.7,-116,5G,TWR-001,8,0.1,0.32,23.65,95.34,136,0.79,0.85,0.95,31.3,0.88
83ca4560-1460-4ffb-a5d6-cf8c2ae4e599,2025-09-22,TWR-003,27.2,12.89,66,5,1.75,4.5,-71,4G,TWR-004,0,0.72,0.58,50.92,98.74,127,0.75,0.92,0.97,39,0.92
aeabf6aa-2dfd-4919-9b44-c652fa41b157,2025-08-09,TWR-002,67.65,5.93,29,12,0.14,3.4,-112,4G,TWR-005,10,0.84,0.46,81.87,98.17,83,0.91,0.74,0.7,40.5,0.85
997a440a-724a-4e71-8da5-b3cea768ded1,2026-01-29,TWR-003,93.84,11.63,26,9,0.7,4,-98,VoLTE,TWR-005,5,0.13,0.25,51.74,98.1,41,0.77,0.81,0.92,47.2,0.74
6d2f1386-00fe-4da8-8353-b02760ad7e81,2025-12-14,TWR-001,47.86,14.73,40,19,0.21,1.9,-68,4G,TWR-005,3,0.79,0.8,65.94,98.46,118,0.97,0.63,0.63,85.23,0.71
81390f15-405b-407d-b2ab-f5dd033c7924,2025-09-08,TWR-001,51.52,10.67,12,4,0.81,0.7,-67,4G,TWR-001,4,0.41,0.75,65.81,98.11,50,0.94,0.82,0.51,52.68,0.78
8291dee5-44dd-477b-aa95-d67682c719af,2026-04-22,TWR-004,22.22,12.05,86,2,1.46,3,-101,VoLTE,TWR-002,4,0.82,0.45,64.99,97.75,35,0.88,0.85,0.68,44.55,0.86
90a197e1-d354-44af-abb3-5e4dab6b3518,2026-01-09,TWR-005,68.2,11.67,49,15,1.39,3.7,-75,4G,TWR-004,1,0.03,0.47,69.97,97.23,103,0.97,0.74,0.93,79.24,0.92
cdda4607-cea1-4f0c-8aba-ffe96660dbf1,2026-05-21,TWR-001,103.16,50.71,48,12,0.97,2.1,-104,5G,TWR-005,4,0.9,0.34,88.3,99.81,102,0.82,0.91,0.58,81.74,0.84
8d1d7423-e8ef-4fa2-91be-c2ecdbf9ae04,2026-03-23,TWR-002,87.33,18.6,69,20,1.14,3.5,-68,4G,TWR-005,8,0.48,0.77,64.48,98.31,29,0.73,0.73,0.54,40.53,0.84
3098af57-e63b-49b8-93a5-aef17af8e048,2026-05-27,TWR-003,58.4,11.59,87,14,1.42,5,-73,4G,TWR-004,1,0.95,0.84,57.65,97.94,76,0.8,0.66,0.62,77.62,0.82
609955c0-6d26-4250-8689-cfd2979fe5c0,2026-05-21,TWR-005,620.97,22.73,88,5,0.92,1.2,-79,5G,TWR-005,10,0.17,0.24,60.75,97.64,20,0.86,0.8,0.53,75,0.91
901c0ddf-462e-4967-a4ed-c863d9229b00,2026-02-26,TWR-004,36.94,19.26,38,16,1.6,2.9,-63,VoLTE,TWR-003,8,0.99,0.5,56.08,96.65,95,0.88,0.73,0.72,63.8,0.9
df849aa6-f957-46bb-84f4-2c3d0b51f988,2025-09-22,TWR-001,830.72,59.43,25,6,1.14,4.6,-109,5G,TWR-002,3,0.67,0.21,40.17,99.27,53,0.73,0.81,0.69,78.55,0.99
f345bd0d-f995-44dd-ac86-4e2216dda4f6,2025-11-10,TWR-005,39.3,17.64,80,1,0.31,3.5,-72,VoLTE,TWR-003,9,0.32,0.76,91.3,96.24,41,0.74,0.92,0.69,46.38,0.79
dd041071-1266-4cd0-b28f-d742af6f7d43,2026-04-19,TWR-005,408.5,28.48,48,2,0.76,0.1,-118,5G,TWR-003,7,0.39,0.37,83.61,96.43,78,0.93,0.85,0.55,81.35,0.8
233fff39-3493-403f-bc92-356e21a344f6,2026-05-29,TWR-004,14.02,9.16,67,11,0.29,4.1,-81,4G,TWR-002,3,0.66,0.39,38.33,98.54,73,0.86,0.9,0.92,81.86,0.81
8241de73-1c33-4027-b80b-20333f4015ea,2025-08-18,TWR-004,37.04,18.62,27,5,0.05,0.2,-81,4G,TWR-002,1,0.43,0.36,26.57,98.28,95,0.71,0.84,0.52,40.33,0.71
2a518284-48ba-4b3b-bfc9-6beabd59c744,2025-08-18,TWR-002,46.93,16.43,37,13,0.6,2.6,-107,VoLTE,TWR-001,4,0.51,0.11,65.04,99.79,53,0.96,0.96,0.97,79.15,0.84
cf10b94a-f805-4ed3-9f3a-5f0798275b69,2026-02-11,TWR-001,173.61,61.72,60,20,1.82,1.3,-116,5G,TWR-002,6,0.5,0.89,27.38,96.26,47,0.75,0.88,0.61,72.95,0.94
0f309134-a926-444a-bb36-2c4dd1b544dc,2025-07-28,TWR-002,60.9,7.66,19,2,0.39,0.5,-86,4G,TWR-002,1,0.96,0.15,62.65,95.84,118,0.99,0.62,0.67,64.31,0.74
f119f3f1-d965-435b-bea1-06c7f8f0fa86,2026-04-07,TWR-001,14.44,17.14,40,1,1.11,1.1,-61,VoLTE,TWR-003,8,0.53,0.69,25.58,98.3,62,0.78,0.75,0.77,88.37,0.72
a24242a4-b55c-461f-86b9-9aac42d07db2,2026-07-18,TWR-002,17.95,11.9,81,1,0.4,1,-78,4G,TWR-003,10,0.72,0.62,38.92,99.08,141,0.89,0.75,0.96,42.81,0.81
c5712b1b-28b1-4fc0-b8f3-d2aea223981a,2025-12-10,TWR-001,67.98,8.2,31,2,0.97,0.4,-104,VoLTE,TWR-003,0,0.03,0.74,53.65,98.9,54,0.95,0.81,1,71.21,0.74
34fb2be1-18df-4963-9a82-0720514e8c4d,2025-11-27,TWR-001,376.58,22.2,74,15,0.14,0.1,-86,5G,TWR-001,9,0.74,0.43,88.72,96.63,24,0.85,0.92,0.83,49.83,0.82
c1bed638-bd9c-4b9c-8e9a-1c09d67bdf44,2026-05-25,TWR-003,69.74,5.31,63,10,1.97,4.3,-70,4G,TWR-003,4,0.98,0.84,36.92,96.41,128,0.78,0.95,0.73,59.9,0.7
c89a8a8c-7592-4d73-89e2-42e783394031,2026-02-26,TWR-005,329.81,67.1,20,2,0.43,0.1,-109,5G,TWR-003,2,0.5,0.9,28.26,97.71,34,0.76,0.87,0.9,64.04,0.94
9612c807-afe6-46f5-8c90-0cdf997714af,2025-12-18,TWR-002,83.27,7.96,72,2,1.58,0.3,-119,VoLTE,TWR-001,3,0.46,0.42,64.05,96.79,134,0.76,0.62,0.91,44.3,0.86
5bf7c14b-e2f6-49c2-a5ff-b0f8a05f328d,2025-09-30,TWR-002,95.06,12.54,45,10,1.35,0.5,-68,VoLTE,TWR-001,1,0.98,0.46,62.23,96.34,47,0.9,0.7,0.91,67.83,0.85
d3c40c2f-60f9-4584-831d-aca712a68c06,2025-10-11,TWR-005,764.39,20.04,63,7,0.05,0.2,-83,5G,TWR-003,7,0.24,0.11,22.12,96.86,140,0.71,0.95,0.65,61.23,0.96
03ec0a23-ee3e-4642-b321-28eadef4cca3,2026-06-25,TWR-005,841.47,28.21,41,13,0.94,1.7,-88,5G,TWR-003,1,0.7,0.12,92.4,95.21,120,0.9,0.68,0.67,88.67,0.77
11bb9927-4242-4e91-a3b5-03f225ef992c,2026-05-26,TWR-003,73.88,7.78,54,5,1.73,0.2,-77,VoLTE,TWR-004,8,0.85,0.84,37.65,95.32,92,0.76,0.82,0.74,88.2,0.8
6c32a939-b46d-4e4d-9bb8-ec2e7eafd9d8,2025-12-19,TWR-005,41.61,7.75,69,4,0.45,0.3,-71,VoLTE,TWR-003,8,0.96,0.67,51.09,95.6,68,0.95,0.77,0.53,71.63,0.85
ab02ad87-7a35-4b50-8559-972990af0ae1,2025-08-09,TWR-002,94.19,15.44,71,17,0.2,2.7,-79,4G,TWR-005,4,0.8,0.38,72.04,95.17,108,0.86,0.74,0.85,49.21,0.75
429f468b-0b70-4d01-b62f-aca353a8830b,2025-10-16,TWR-001,67.11,6.77,23,1,0.96,2.4,-81,VoLTE,TWR-004,6,0.78,0.3,45.21,98.75,43,0.74,0.89,0.94,81.55,0.87
b6d8fa74-0af7-4de6-b65d-5643889f9afd,2026-03-29,TWR-003,55.92,16.95,94,18,1.05,4.3,-75,4G,TWR-005,8,0.9,0.52,45.42,95.18,82,0.99,0.83,0.76,44.63,0.85
1c70056c-1dd2-4b49-95f5-cbdc15a473d7,2026-03-14,TWR-001,18,7.27,55,17,1.41,3.6,-100,4G,TWR-002,7,0.85,0.27,38.45,95.54,139,0.83,0.74,0.88,32.27,0.99
4146c8c1-1047-4502-87ca-9293cedacaaf,2026-05-08,TWR-003,28.27,6.74,16,20,1.85,0.2,-117,VoLTE,TWR-001,8,0.53,0.71,68.25,96.53,34,0.77,0.65,0.91,45.11,0.91
0f2824ba-b6fa-48a7-a362-507429db0bea,2026-05-27,TWR-003,610.92,82.4,20,4,1.77,1.6,-108,5G,TWR-005,2,0.11,0.88,46.72,96,110,0.93,0.98,0.74,78.01,0.94
0a071582-2df9-402e-a9dc-fe2be832a616,2025-08-09,TWR-003,535.85,44.6,13,6,0.25,3.9,-94,5G,TWR-002,6,0.16,0.87,58.95,95.24,105,0.71,0.88,0.51,33.7,0.98
d4238b8a-5b0c-404f-8775-f7e87fb06e37,2026-05-30,TWR-001,761.51,95.67,12,15,0.72,3.3,-94,5G,TWR-005,2,0.44,0.67,30.52,96.88,42,0.86,0.73,0.56,56.04,0.9
750361f1-4fb2-4080-9886-a62a65687a56,2025-08-27,TWR-004,12.01,7.84,74,18,0.61,0.5,-102,VoLTE,TWR-001,4,0.93,0.74,62.85,98.34,137,0.88,0.95,0.89,89.61,0.83
0667867d-8b94-4407-8629-947d3ee2f69c,2025-11-07,TWR-004,663.05,38.46,59,11,1.24,2.1,-117,5G,TWR-001,10,0.98,0.42,32.91,96.01,94,0.83,0.76,0.86,89.76,0.83
6296a039-8632-4cb4-9634-8042de1be1c6,2026-05-19,TWR-004,66.09,12.97,58,17,0.83,2.9,-71,VoLTE,TWR-003,7,0.79,0.88,65.84,99.37,55,0.77,0.92,0.87,49.71,0.91
3c5860ea-b797-4b80-aa4c-74d2936b5eb4,2025-08-17,TWR-004,639.21,36.31,26,18,1.67,4,-119,5G,TWR-004,7,0.43,0.77,87.28,97.4,64,0.85,0.89,0.93,61.83,1
2a4417de-bb53-4150-af01-fe82d1addac7,2025-10-01,TWR-001,42.09,17.58,38,2,0.19,2.1,-113,4G,TWR-001,9,0.57,0.13,53.01,97.17,97,0.71,0.68,0.54,53.36,0.8
10ded78b-b079-48b9-b017-c76d6b652b4b,2025-12-13,TWR-005,33.93,19.93,97,17,0.58,3.9,-61,VoLTE,TWR-003,0,1,0.61,69.08,95.21,81,0.88,0.93,0.96,56.35,0.99
67b1d1e1-2e83-49c2-bb06-70de8c32ffaa,2026-04-16,TWR-005,48.59,15.64,37,7,2,5,-107,4G,TWR-004,1,0.8,0.83,21.63,99.09,98,0.8,0.71,0.97,67.77,0.83
855f447f-b4e2-4d5d-8a4f-45b31b175ed9,2025-11-13,TWR-005,999.47,53.42,15,9,0.21,4.8,-106,5G,TWR-005,3,0.99,0.79,52.24,95.01,80,0.79,0.94,0.76,87.61,0.88
2e318698-e994-42e5-815c-fd6c90165c39,2026-03-23,TWR-003,88.41,17.05,73,11,1.82,4.7,-100,VoLTE,TWR-005,10,0.85,0.59,61.53,97.97,34,0.89,0.7,0.63,72.85,0.95
6c151279-0dd3-4b11-9879-7f9170d67789,2025-10-29,TWR-001,632.62,65.83,100,2,1.8,3.6,-105,5G,TWR-004,8,0.44,0.14,81.24,95.74,90,0.81,0.63,0.95,63.35,0.96
2b5a4c03-1a88-432a-8bc5-581921dda3e2,2026-06-06,TWR-004,93.73,10.71,57,12,1.03,4.8,-94,4G,TWR-003,4,0.16,0.45,20.03,96.06,145,0.9,0.89,0.92,67.68,0.99
53c2f541-acfa-4a37-9f9c-3ce7dc219833,2026-05-13,TWR-005,91.68,9.92,38,8,0.82,0.6,-119,4G,TWR-002,3,0.14,0.28,91.08,97.79,83,0.73,0.8,0.78,46.95,0.8
e4a895ce-727b-4708-96c8-e7523987f687,2025-08-14,TWR-005,85.43,15.39,82,12,0.14,1.1,-76,4G,TWR-001,6,0.18,0.26,69.5,99.36,37,0.95,0.69,0.92,83.8,0.77
2d60b510-b3bf-460b-b760-90c63c9953f5,2026-05-13,TWR-001,15.22,10.56,85,10,1.8,4.4,-112,VoLTE,TWR-001,5,0.58,0.83,27.27,97.21,89,0.91,0.7,0.59,35.28,0.97
c8178e3b-bd14-458c-ac04-86401b2d3cea,2025-08-17,TWR-003,697.31,40.79,20,11,1.86,4,-74,5G,TWR-005,4,0.95,0.46,85.66,99.7,106,0.89,0.72,0.79,43.27,0.8
4cd028f5-178b-4bdd-945d-cb9a811bf82a,2025-08-31,TWR-004,12.59,8.03,14,15,1.32,2.7,-94,4G,TWR-002,6,0.98,0.82,33.15,95.91,138,0.88,0.66,0.56,50.19,0.71
61014f49-8a08-4a5c-912f-77740971b6e0,2025-10-30,TWR-001,20.87,6.91,82,16,0.87,2.3,-100,VoLTE,TWR-003,8,0.32,0.87,59.82,99.25,61,0.71,1,0.94,83.7,0.76
78deb587-5a48-4ebf-b3e9-16e18f5b6d50,2026-02-23,TWR-001,19.63,6.7,87,4,0.09,0.2,-73,4G,TWR-004,6,0.68,0.48,93.17,99.34,131,0.92,0.82,0.56,45.31,0.98
8da7192e-0cd9-415a-b116-b8f66c526843,2026-03-29,TWR-001,10.41,20,77,11,1.11,1.9,-71,VoLTE,TWR-002,7,0.36,0.18,90.42,95.05,79,0.78,0.91,0.78,41.76,0.84
5bd61f1d-010e-4146-8095-eeda438b49a9,2026-01-09,TWR-005,35.98,10.57,74,19,1.06,3.9,-93,VoLTE,TWR-003,1,0.16,0.25,21.98,99.32,86,0.97,0.69,0.85,78.81,0.78
391b5136-9986-4bba-824b-dc28491c5de6,2026-02-19,TWR-003,26.55,13.4,17,17,1.87,1.3,-66,4G,TWR-002,5,0.8,0.78,42.06,95.89,107,0.96,0.9,0.89,53,0.84
19010f03-a38d-4458-8b3a-a6f7acd0f93d,2026-04-27,TWR-005,947.91,87.89,12,2,1.25,5,-91,5G,TWR-001,9,0.22,0.43,57.84,96.35,21,0.93,0.69,0.95,58.5,0.94
94cb532f-8045-4b8f-a564-d76991e9c9c0,2026-05-23,TWR-002,58.51,6.25,90,11,1.28,3,-71,VoLTE,TWR-001,10,0.08,0.7,74.13,99.31,40,0.95,0.8,0.9,49.23,0.82
78d24e75-c168-42bf-bcc8-bab309e008c6,2026-05-22,TWR-002,68.81,14.59,85,18,1.38,3.1,-110,VoLTE,TWR-002,5,0.14,0.16,21.16,96.1,77,0.8,0.78,0.55,35.21,0.83
9089b9d0-87a2-4a53-a3e1-ac8a7d66c886,2025-11-21,TWR-002,679.61,33.59,43,9,0.54,4.1,-113,5G,TWR-002,6,0.72,0.9,87.54,97.15,56,0.97,0.66,0.97,65.27,0.84
3b29e927-820e-4cc2-abcb-d6bfc11c3646,2026-03-15,TWR-002,29.83,10.41,61,19,1.34,0.3,-97,4G,TWR-004,2,0.31,0.85,68.23,96.72,135,0.92,0.99,0.9,47.88,0.86
e259ef6a-786b-4ec8-a8fa-ec67da3259e4,2026-06-29,TWR-005,810.96,51.96,85,3,0.22,4.4,-78,5G,TWR-003,4,0.91,0.39,84.45,99.23,122,0.73,0.79,0.9,67.5,0.94
783e98a6-6101-4470-b843-942d3e6fbfd1,2026-01-12,TWR-001,991.83,30.85,48,13,1.05,4.5,-109,5G,TWR-001,10,0.56,0.21,59.42,99.79,126,0.78,0.74,0.51,36.08,0.78
96c16e7e-f0e2-401e-b5f6-62040a25b18d,2026-05-15,TWR-004,45.98,18.16,58,10,1.74,3,-113,4G,TWR-005,5,0.03,0.52,71.38,95.75,93,0.7,0.81,0.56,83.22,0.86
1f523229-d78c-460e-a7fc-4827b3935871,2026-01-16,TWR-003,40.67,7.54,25,16,1.53,2.7,-70,4G,TWR-002,9,0.66,0.77,86.9,98.88,51,0.83,0.63,0.87,83.45,0.82
7a3b52aa-e6b0-4102-bbcc-98854369408f,2025-11-18,TWR-005,676.98,63.85,55,11,0.59,1.7,-91,5G,TWR-002,5,0.23,0.82,33.73,95.63,61,0.71,0.62,0.95,52.21,0.88
e6f264ec-804a-4980-a4e8-2042d5b9d249,2026-05-08,TWR-003,987.54,38.15,10,3,0.46,4.9,-84,5G,TWR-003,1,0.6,0.25,74.85,97.26,39,0.83,0.92,0.56,56.48,0.84
5c0e3be0-aba2-4010-809e-233676b7ca38,2026-06-30,TWR-002,99.56,13.32,71,18,0.59,3.9,-113,4G,TWR-001,8,0.12,0.43,90.66,98.51,129,0.72,0.72,0.68,30.05,0.75
c1499feb-cc1d-4499-8847-5d9d0bc2b414,2025-11-29,TWR-002,65.09,14.69,87,13,0.69,2.5,-62,VoLTE,TWR-005,9,0.51,0.33,84.74,98.73,40,0.95,0.96,0.57,58.95,0.82
ebfe7a2a-a57d-4b89-86dd-ceb986927c64,2025-09-28,TWR-004,32.72,15.02,15,9,1.33,0.2,-77,VoLTE,TWR-005,5,0.17,0.26,72.07,97.09,138,0.98,0.8,0.55,56.29,0.77
af3454c0-721b-4871-b32d-d4938261f61d,2025-09-27,TWR-004,671.38,60.26,52,8,0.91,1.1,-118,5G,TWR-002,6,0.47,0.38,55.59,99.42,42,0.98,0.64,0.9,87.69,0.82
824a35b0-05f4-47c4-ae44-e88a53d29a26,2026-07-06,TWR-001,88.64,15.07,96,8,1.24,3.6,-81,4G,TWR-001,4,0.24,0.79,20.13,98.64,124,0.77,0.7,0.71,30.34,1
7b4d0a51-bbdb-4cb9-bcf6-e96925bb9ffb,2025-11-11,TWR-003,81.32,8.25,24,12,1.85,4.5,-92,4G,TWR-005,4,0.36,0.85,68.64,98.22,132,0.84,0.98,0.53,62.05,0.94
089fb4be-8b67-40ac-bab5-4010546682a1,2025-10-16,TWR-004,83.45,11.66,44,11,1.08,4.9,-102,VoLTE,TWR-005,6,0.88,0.31,23.43,95.38,32,0.77,0.98,0.94,41.13,0.82
7c0e6243-4fba-4ecd-856c-07f8a6edaaa2,2025-10-20,TWR-001,23.74,5.17,94,10,1.6,2.7,-61,VoLTE,TWR-005,7,0.29,0.64,49.86,97.8,48,0.8,0.96,0.58,85.99,0.72
b7ebd673-a1c9-4f01-802b-d629c80492e3,2026-01-23,TWR-003,248.68,89.28,81,2,0.38,0.6,-108,5G,TWR-005,8,0.29,0.88,71.19,99.34,51,0.86,0.89,0.66,75.55,0.88
1efed80f-6c2e-4105-8b7e-9f7743e7ec76,2026-05-09,TWR-003,79.39,16.24,79,8,0.11,0.5,-102,VoLTE,TWR-004,8,0.2,0.81,71.2,95.33,120,0.73,0.67,0.68,60.33,0.72
4472b396-4740-4a5e-973e-19bc17f1788f,2026-07-08,TWR-005,312.72,68.2,22,2,0.72,3.3,-64,5G,TWR-002,2,0.45,0.56,50.57,95.8,145,0.7,0.9,0.67,68.09,0.78
4451874a-407d-4a3b-b21f-0ff3d83c74d4,2026-04-13,TWR-003,29.7,8.82,67,10,0.07,3,-67,VoLTE,TWR-002,4,0.3,0.12,22.48,99.63,91,0.77,0.65,0.69,33.82,1
bd5bf2c2-c4a7-49f0-954e-d5f4661b19dd,2026-02-18,TWR-002,46.28,15.47,48,12,1.23,1,-112,4G,TWR-002,8,0.28,0.71,76.69,97.84,55,0.73,0.78,0.59,46.69,0.91
8c97478a-e41e-4abc-9483-082d043c8411,2025-09-01,TWR-002,54.15,15.08,34,3,0.26,5,-81,VoLTE,TWR-003,1,0.69,0.3,23.23,99.64,150,0.97,0.71,0.92,55.41,1
6a7a1702-8eb4-4207-a9d0-8cae40b0ff53,2026-03-18,TWR-002,360.57,94.14,73,1,0.96,3.8,-75,5G,TWR-001,2,0.35,0.22,93.13,95.54,24,0.95,0.63,0.71,56.27,0.94
77d13855-f94f-4b94-82a8-95e5ec7c71f4,2026-02-23,TWR-001,59.9,19.84,32,17,1.69,1.8,-69,4G,TWR-002,7,0.63,0.48,25.36,98.51,123,0.91,0.99,0.58,74.88,0.99
74fd09bf-b36b-4a3a-930a-70ace04b87f3,2026-04-27,TWR-001,70.22,17.21,53,17,1.81,3.6,-108,VoLTE,TWR-001,2,0.32,0.57,76.46,96.24,87,0.93,0.84,0.97,56.1,0.96
d4fde00c-bf51-4458-8fea-1cb7d9e15617,2025-10-25,TWR-002,565.69,79.55,30,9,0.78,1.5,-104,5G,TWR-004,6,0.23,0.58,57.95,98.65,64,0.8,0.69,0.56,87.69,0.77
7aba035a-ed4f-4801-8546-f35d0c002123,2026-06-09,TWR-005,840.47,36.71,16,10,0.69,3.9,-87,5G,TWR-004,9,0.04,0.46,64.67,99.37,91,0.8,0.96,0.72,86.12,0.78
5b4acebb-5598-4a17-acb7-8016a035a4b2,2025-12-12,TWR-004,330.41,39.95,80,7,0.35,0.6,-118,5G,TWR-001,6,0.27,0.37,33.23,95.06,100,0.7,0.61,0.62,74.28,0.84
efd15321-6df3-4b9e-b577-b8235f1eb482,2026-02-14,TWR-004,168.31,65.02,41,5,0.62,3.2,-114,5G,TWR-002,8,0.65,0.27,49.17,99.65,53,0.98,0.85,0.84,80.95,0.82
73018c01-7b8b-4c42-b7da-0b061bfd0f7a,2025-11-29,TWR-003,88.53,5.74,87,16,0.77,0.4,-111,4G,TWR-002,7,0.95,0.65,44.25,96.87,47,0.73,0.79,0.69,39.34,0.85
bd258e88-b878-43b8-961d-72e3f188171b,2026-07-14,TWR-005,11.52,11.11,24,12,0.73,1.9,-105,4G,TWR-005,3,0.6,0.42,73.1,95.7,117,0.89,0.66,0.57,36.99,0.9
ff2390f7-8066-4cca-802e-eae1dbaa462f,2025-11-10,TWR-001,96.16,11.19,31,6,1.22,3.9,-103,4G,TWR-002,9,0.28,0.78,88.32,98.82,53,0.97,0.64,0.96,81.08,0.77
2f1015d9-8e22-45ae-9838-31272d734c45,2025-09-21,TWR-003,73.65,6.96,44,4,1.52,2,-61,4G,TWR-004,7,0.49,0.37,55.66,99.05,65,0.81,0.95,0.83,60.11,0.92
95204422-ab31-4f74-8eab-df564c549e35,2025-10-12,TWR-001,45.06,13.87,39,2,1.41,0.4,-107,VoLTE,TWR-003,2,0.81,0.77,57.6,95.33,89,0.8,0.64,0.78,53.84,0.73
4f53debe-3e49-427e-9ad9-631e628c25f7,2025-08-03,TWR-003,58.36,11.19,49,17,0.81,2.3,-72,VoLTE,TWR-005,7,0.61,0.61,68.19,96.88,111,0.71,0.6,0.89,67.69,0.88
1e97cfe6-8aaf-4a00-bd8f-d77f297dc429,2026-05-25,TWR-002,88.46,5.23,28,17,0.46,0.7,-112,4G,TWR-001,7,0.93,0.87,74.28,97.38,126,0.7,0.98,0.63,77.65,0.87
fa8f7d5d-f445-4611-b6a1-885ac1b0c43f,2026-04-07,TWR-004,519.7,91.28,44,10,1.64,2.3,-69,5G,TWR-002,4,0.75,0.52,62.91,98.73,89,0.91,0.96,0.92,81.85,0.86
4a8bbe0f-f1bd-4b29-a41c-53b5249f172c,2026-03-03,TWR-005,18.16,15.51,30,19,0.45,1.8,-78,VoLTE,TWR-003,7,0.18,0.41,30.79,95.76,50,0.78,0.73,0.59,41.32,0.78
3e510592-4706-4b94-b89d-26a7e709270e,2025-10-22,TWR-003,255.9,55.64,24,6,0.83,3.8,-79,5G,TWR-003,5,0.67,0.49,82.32,96.7,120,0.89,0.92,0.66,43.64,0.96
278cdd13-371c-4299-8694-bb2b29df6b55,2025-10-22,TWR-005,862.84,89.07,94,5,1.51,1.3,-74,5G,TWR-004,8,0.42,0.86,69.97,97.23,62,0.82,0.61,0.6,78.44,0.83
92113bb8-f27c-4663-b59c-7a49e6b11a77,2025-12-09,TWR-005,35.25,6.57,22,7,0.95,4.2,-67,4G,TWR-002,0,0.47,0.68,47.1,95.72,24,0.9,0.97,0.87,88.43,0.8
41af8e6b-8a72-433c-91f6-e3e154346553,2026-02-14,TWR-001,24.35,9.01,42,10,1.48,5,-109,4G,TWR-005,5,0.84,0.23,54.7,99.4,137,0.95,0.85,0.63,47.34,0.75
31fa3302-40ed-429f-8f90-552d529f02cb,2025-10-06,TWR-005,30.59,9.33,66,13,1.88,0.2,-95,VoLTE,TWR-005,7,0.48,0.11,50.19,99.47,56,1,0.94,0.97,84.03,0.88
a20ada26-adfa-4087-ae39-7aa822dde60f,2026-01-17,TWR-005,822.42,44.39,11,20,1.47,3.2,-73,5G,TWR-001,1,0.06,0.55,64.03,96.92,92,0.72,0.74,0.55,84.81,0.87
bc6aeb08-e8be-40a9-859a-3b3e6208945b,2026-07-17,TWR-002,281.75,92.3,96,6,0.97,0.1,-76,5G,TWR-005,7,0.29,0.36,41.65,98.65,72,0.93,0.83,0.55,71.8,0.72
7e60f30e-4bcf-425b-b10f-b02f819f6b71,2025-09-27,TWR-002,49.14,10.9,28,13,1.94,2.1,-81,VoLTE,TWR-001,3,0.74,0.9,60.37,95.44,97,0.82,0.66,0.67,37.82,0.89
9b99a837-e2b8-4907-be06-f87153dd5949,2025-12-29,TWR-005,32.07,8.28,48,9,1.81,1.1,-74,VoLTE,TWR-005,2,0.22,0.37,89.43,95.9,34,0.93,0.9,0.9,83.98,1
fa36b5fc-442a-4627-b9cc-590397b5bd1c,2025-08-20,TWR-002,221.54,70.76,56,15,0.25,0.7,-86,5G,TWR-001,9,0.59,0.63,20.32,99.33,56,0.99,0.87,0.99,64.88,0.82
1bc33c30-280d-4263-b5e7-624e833699e5,2026-05-16,TWR-001,522.09,25.38,99,17,0.27,2.3,-104,5G,TWR-001,10,0.78,0.15,36.39,96.49,93,0.94,0.69,0.65,84.46,0.95
056e7826-84a2-4b5d-b668-bcdef0821df5,2025-08-23,TWR-004,35.51,6,65,14,1.62,3.9,-66,VoLTE,TWR-005,8,0.87,0.19,34.57,98.43,120,0.85,0.97,0.84,60.91,0.84
e15b73e3-2f23-486c-993e-c1c3aa366487,2026-03-09,TWR-002,89.05,16.99,43,10,0.37,3.9,-76,4G,TWR-003,9,0.39,0.87,67.39,98.36,121,0.9,0.95,0.93,55.37,0.89
d4199ba9-4a70-40ec-a71d-14acf6d37335,2026-02-20,TWR-002,38.1,5.95,27,12,1.91,3,-109,VoLTE,TWR-002,5,0.26,0.76,70.04,99.52,49,0.8,0.97,0.95,54.1,0.78
2ac4497b-3ed9-462c-a889-87ff0cf3b99c,2025-09-04,TWR-004,46.84,18.56,79,20,1.06,2.1,-93,4G,TWR-005,3,0.23,0.82,89.41,97.02,68,0.78,0.78,0.67,68.02,0.75
ffa989af-30aa-426a-b7e8-883c6722f6f2,2026-05-16,TWR-004,68.06,9.48,17,4,1.33,2.9,-102,VoLTE,TWR-002,2,0.65,0.62,23.55,96.74,100,0.72,0.97,0.6,55.94,0.74
5fe5ee51-1fb4-47b7-ac4d-417dfd8da395,2026-01-20,TWR-003,93.14,10.01,60,7,1.37,0.8,-74,VoLTE,TWR-003,7,0.33,0.86,84.59,96.04,130,0.89,0.81,0.57,59.44,0.78
3faab7ff-2c8f-4d1e-a18e-d8eeb9b86d01,2025-09-09,TWR-004,94.19,14.46,72,8,1.33,0.1,-116,VoLTE,TWR-001,4,0.2,0.85,53.51,99.64,139,0.89,0.66,0.86,66.9,0.96
a9b7147a-4022-4c35-ac14-5e2eedb67f48,2025-08-25,TWR-002,63.17,17.16,16,1,0.06,1.7,-63,VoLTE,TWR-004,2,0.57,0.18,26.01,98.54,68,0.72,0.93,0.73,49.94,0.86
81a9824b-b9e3-478d-8760-597bd2a7453d,2026-03-01,TWR-002,36.56,18.64,46,2,1.46,2.6,-69,4G,TWR-004,3,0.85,0.17,78.97,95.06,126,0.78,0.8,0.61,85.48,0.93
c75db0c6-1f29-4fd5-bacb-2345e172ca21,2025-09-06,TWR-005,82.96,10.85,73,18,0.47,2.8,-98,4G,TWR-002,1,0.18,0.67,60.81,97.32,150,0.94,0.72,0.78,46.95,0.88
c37c9d67-aa4b-4327-8212-c90cc42c2560,2025-09-20,TWR-001,44.77,10.74,99,4,0.69,1.2,-108,VoLTE,TWR-005,9,0.92,0.53,27.32,96.6,67,0.98,0.91,0.54,75.25,0.73
cd153432-0573-4882-8634-c07adcbb37ad,2026-06-07,TWR-002,97.9,17.91,71,9,1.64,0.6,-83,VoLTE,TWR-003,10,0.18,0.74,60.69,99.31,23,0.71,0.65,0.52,46.39,0.87
5493b785-3372-43a6-8ac5-0b0481d2191c,2025-10-24,TWR-001,930.81,37.54,56,6,0.64,0.5,-79,5G,TWR-001,9,0.76,0.85,64.02,98.24,104,0.8,0.63,0.88,34.14,0.86
5b2e5df4-a742-41d7-a763-20a3cdff1f3a,2026-05-28,TWR-005,68.72,11.73,64,3,1.7,1.9,-89,VoLTE,TWR-001,8,0.17,0.55,46.97,99.48,64,0.98,0.61,0.53,79.47,0.98
46c6d944-f7c9-4990-9f05-7306d72133a2,2026-01-31,TWR-004,32.08,17.73,43,6,0.04,4.9,-87,4G,TWR-005,0,0.65,0.21,79.36,96.57,43,0.72,0.7,0.67,55.53,0.76
a2c92a3f-c43a-4389-930a-71b15d9464f7,2025-09-28,TWR-005,822.84,28.38,11,10,0.9,2.1,-92,5G,TWR-002,5,0.87,0.28,37.26,99.76,86,0.97,0.83,0.74,56.78,0.78
1fb44551-ebec-406b-bd12-41882da26e19,2025-11-04,TWR-003,390.81,21.99,55,17,0.96,3,-66,5G,TWR-004,9,0.94,0.38,81.69,99.4,84,0.72,0.84,0.76,85.9,0.71
830bf4ef-e681-472c-ba58-f6d2ed5289e8,2025-09-30,TWR-005,114.4,70.22,63,8,1.76,3.5,-118,5G,TWR-004,7,0.88,0.53,35.82,98.48,93,0.98,0.61,0.76,63.84,0.84
3b090d3e-be82-4c4c-89ea-c3471e94999b,2025-10-29,TWR-003,81.4,16.12,97,3,1.42,3,-104,VoLTE,TWR-003,1,0.35,0.81,34.73,99.12,53,0.91,0.96,0.7,79.91,0.99
6a8bfab5-c476-47a8-bf72-c2a72cd84585,2026-06-29,TWR-002,45.71,6.25,81,4,1.69,3.5,-81,VoLTE,TWR-004,1,0.03,0.76,32.11,96.33,113,0.8,0.65,0.55,83.54,0.87
d85370ec-cfdb-4123-9550-5c335eca4556,2025-09-10,TWR-005,18.96,7.45,79,3,0.89,2.4,-61,4G,TWR-004,6,0.34,0.37,44.9,98.14,35,0.89,0.93,0.6,86.46,0.97
3912686e-c9d9-4373-bd44-dabba1225837,2026-05-09,TWR-003,89.71,7.37,43,10,1.88,1.1,-112,4G,TWR-001,5,0.2,0.14,35.74,95.14,71,0.89,0.75,0.71,71.61,0.71
4b904a2d-1746-44f1-b74e-4cdd13730b89,2026-02-12,TWR-003,74.5,10.13,52,14,0.65,0.5,-60,4G,TWR-002,5,0.7,0.77,88.59,96.24,123,0.98,0.69,0.52,58.47,0.84
ed43349f-0473-4f0c-85a3-5549e3e8c284,2026-03-12,TWR-004,93.34,7.41,33,7,0.02,4.7,-104,4G,TWR-003,9,0.99,0.22,91.38,95.93,50,0.99,0.76,0.67,51.44,0.75
f9597ded-66f7-4ec5-8faf-2951e7d2c3b4,2026-02-13,TWR-002,540.05,63.02,25,16,0.38,1.8,-78,5G,TWR-001,3,0.19,0.8,74.88,98.07,56,0.82,0.97,0.93,84.38,0.9
6ebf3595-5972-4ace-8d73-fc76094319cf,2026-02-19,TWR-002,332.86,63.87,94,2,1.91,2.2,-104,5G,TWR-005,10,0.82,0.45,35.58,96.1,48,0.74,0.64,0.93,67.85,0.81
008ad531-7ccb-413e-a8f7-441d6ec6b83b,2026-05-13,TWR-005,35.58,19,19,3,0.34,4.6,-85,VoLTE,TWR-001,2,0.81,0.21,63.8,97.49,87,0.72,0.61,0.69,88.01,0.76
94c53a03-44a1-42dc-8624-286106e67e59,2025-11-06,TWR-005,77.05,19.62,54,12,0.03,4.1,-62,VoLTE,TWR-003,7,0.26,0.19,47.86,98.74,114,0.76,0.76,0.97,43.65,0.96
0e3867dc-46df-44b6-abce-62d867ec90ee,2025-10-25,TWR-004,40.72,10.5,83,12,0.38,0.9,-77,4G,TWR-003,8,0.26,0.86,51.93,95.78,120,0.9,0.68,0.94,82.86,0.95
997a8e54-91b2-4314-b193-5279da53ad0c,2026-01-10,TWR-003,10.94,11.41,59,4,0.34,3.5,-64,VoLTE,TWR-005,2,0.67,0.77,38.81,95.39,97,0.92,0.84,0.96,74.66,0.94
b3b71cab-1adf-4ad6-bac4-1639b65def23,2025-08-06,TWR-005,47,15.16,70,5,0.88,0.1,-74,VoLTE,TWR-003,10,0.11,0.56,53.14,98.21,132,0.85,0.77,0.79,79.15,0.95
41a9ba35-8072-43d6-9bb2-47c8844847e0,2026-04-11,TWR-001,477.29,70.01,61,11,1.2,4.6,-99,5G,TWR-002,1,0.57,0.32,57.14,98.52,121,0.91,0.6,0.98,88.2,0.71
38e2939d-e3e6-4b20-aa3f-1a4b677c6782,2026-06-06,TWR-004,99.97,17.64,67,18,0.5,2.2,-110,4G,TWR-005,4,0.79,0.78,55.25,98.97,145,0.77,0.72,0.68,44.43,0.76
14fbc8d7-6306-4d05-b14d-77c5f1fa609d,2025-09-12,TWR-005,77.5,14.35,67,17,0.31,1.3,-120,4G,TWR-005,10,0.78,0.39,65.24,97.45,48,0.77,0.77,0.51,53.03,0.73
ebf8a721-38c9-4fb6-b2e7-b7c3510ab75e,2025-08-03,TWR-001,33.8,11.02,90,12,0.5,1.8,-83,4G,TWR-005,3,0.87,0.36,21.07,97.43,73,0.79,0.6,0.54,35.99,0.95
fcc254da-0b81-4c82-b454-7408f4d18208,2026-01-22,TWR-002,19.9,18.69,43,15,1.82,3.8,-86,4G,TWR-002,2,0.79,0.47,77.19,97.76,86,0.81,0.97,0.76,69.76,0.76
b09fb255-f7ed-4930-a628-0f5224bbbb93,2025-12-04,TWR-002,366.18,45.64,61,18,0.27,0.6,-114,5G,TWR-001,4,0.55,0.34,71.16,98.95,44,0.97,0.61,0.86,85.77,0.88
4a5ebdc3-148e-47aa-95cd-ff68b870c52e,2025-12-03,TWR-005,60.65,11.32,80,14,1.53,2.3,-65,4G,TWR-003,5,0.71,0.31,68.63,97.11,90,0.85,0.87,0.97,48.19,0.77
a34740e7-4c56-42cb-a3ba-726e0042084d,2026-04-07,TWR-004,90.99,16.74,100,10,0.75,1,-105,VoLTE,TWR-005,2,0.61,0.37,45.3,97.75,138,0.82,0.72,0.92,50.07,0.77
541a5598-8919-4023-9677-15d40aa19786,2026-01-27,TWR-004,947.7,98.91,100,2,0.73,0.8,-92,5G,TWR-001,8,0.9,0.3,28.31,99.17,40,0.91,0.64,0.95,71.88,0.86
12c54c8a-2cab-447d-a5d6-4a1b4bee018e,2026-04-20,TWR-005,78.58,11.73,15,10,0.34,3.8,-109,4G,TWR-003,2,0.54,0.56,53.91,98.78,42,0.87,0.79,0.58,40.45,0.97
eb54377e-8c9d-4ede-a7ec-0fdc858825f0,2025-08-21,TWR-003,949.48,88.37,63,16,1.62,3.5,-111,5G,TWR-003,7,0.18,0.88,33.4,97.83,56,0.92,0.93,0.6,85.35,0.81
c5512c75-e9ab-4ddc-b3ee-de651989aa69,2026-07-02,TWR-004,45.04,16.45,99,6,0.97,2.8,-64,VoLTE,TWR-002,4,0.55,0.69,94.47,97.71,142,0.77,0.6,0.94,75.37,0.96
7336c7d9-7f8f-4f4a-af3c-cc25076e99d1,2026-05-24,TWR-002,804.84,57.87,74,3,1.97,4,-77,5G,TWR-003,8,0.11,0.24,22.76,98.86,66,0.84,0.74,0.86,43.26,0.74
8d8ba67a-89d8-4116-9a98-4b5090bc3bb1,2026-04-27,TWR-005,797.4,91.85,21,7,0.59,4.6,-118,5G,TWR-001,5,0.67,0.88,71.06,97.68,46,0.79,0.82,0.5,69.05,0.89
2b8526e3-807c-4e17-896a-748e6102e1e8,2025-08-21,TWR-001,61.13,7.73,16,15,1.24,4.6,-101,4G,TWR-003,3,0.56,0.84,44.44,95.47,30,0.72,0.62,0.75,81.54,0.72
258803b2-d6e4-4fd2-a089-080f13c0ccc5,2025-11-11,TWR-003,226.81,78.9,44,14,0.49,3.2,-62,5G,TWR-001,1,0.38,0.2,20.64,97.7,122,0.77,0.85,0.95,46.41,0.78
e9b79652-22d6-4c38-99b5-6edbfbbe0988,2025-12-05,TWR-004,79.1,9.17,77,19,1.13,3.7,-75,4G,TWR-002,4,0.47,0.58,36.27,98.57,110,0.71,0.64,0.89,64.53,0.72
8dd368c5-3d41-4df8-a70c-e1213fee2c99,2026-07-23,TWR-001,38.9,12.73,99,15,0.05,2.6,-86,VoLTE,TWR-005,5,0.36,0.13,36.49,98.67,56,0.88,0.95,0.56,82.82,0.8
5cd5d97c-5873-4ce5-aeee-802b930a134d,2025-11-07,TWR-003,76.28,18.22,28,18,1.76,3.3,-66,4G,TWR-002,8,0.36,0.63,77.68,99.22,82,0.79,0.9,0.7,60.66,0.96
5d3e969c-4e9b-465c-b7f2-afa7a2f37b99,2025-08-23,TWR-005,119,72.74,93,2,0.38,3.1,-113,5G,TWR-001,8,0.91,0.37,35.37,96.98,72,0.71,0.69,0.91,85.42,0.83
8b14bd12-5331-4841-9d11-a141016ee0f0,2026-05-02,TWR-005,16.35,10.94,44,5,1.51,3.3,-66,VoLTE,TWR-005,6,0.6,0.52,72.58,99.75,41,0.93,0.74,0.82,46.73,0.91
374c29cb-4df4-4003-a9eb-83811a94ba6d,2025-08-27,TWR-001,31.84,8.31,57,8,1.55,4.9,-61,VoLTE,TWR-004,4,0.62,0.88,29.97,98.94,91,0.99,0.74,0.94,64.11,0.85
61b2a9f6-5490-40db-ac8a-c99602e861d2,2025-09-08,TWR-004,87.96,18.08,24,12,1.51,1.9,-74,VoLTE,TWR-003,6,0.62,0.44,60.91,99.49,48,0.92,0.74,0.52,32.09,0.95
4753c506-8373-45bf-a51f-68ac78923895,2026-05-28,TWR-002,36.74,12.7,100,6,1.44,3,-96,VoLTE,TWR-001,5,0.87,0.52,25.61,97.43,103,0.74,0.66,0.62,66.67,0.99
88b5090c-4c48-4870-8fbb-02d327840b49,2025-09-02,TWR-003,30.21,8.65,69,14,0.86,0.4,-99,4G,TWR-002,2,0.81,0.48,32.88,99.84,123,0.91,0.98,0.5,59.84,0.99
5db7cae1-4551-4ce3-a227-1f638e5cc2e9,2026-02-16,TWR-004,64.93,13.32,91,11,1.63,1,-109,4G,TWR-005,10,0.88,0.61,79.71,96.4,67,0.98,0.7,0.52,63.78,0.71
8fd95b7f-695a-4ae1-8c62-0a1362c98912,2026-06-06,TWR-002,86.3,7.59,93,10,0.02,0.6,-78,4G,TWR-001,0,0.51,0.85,82.4,96.89,40,0.85,0.63,0.58,81.53,0.74
894f06c7-f387-4aed-9139-417e3a65c8cd,2026-04-14,TWR-003,99.91,17.43,35,8,0.22,0.2,-105,VoLTE,TWR-004,10,0.67,0.28,36.68,98.79,36,0.89,0.98,0.52,89.93,0.82
578e4194-edb9-439a-bc28-0a451d2a2470,2025-10-21,TWR-005,767.24,26.47,79,8,0.14,3.1,-88,5G,TWR-005,10,0.34,0.26,87.3,98.72,30,0.9,0.87,0.69,38.45,0.89
00c15462-4e9d-45c5-8d59-f4f2abf59134,2025-08-21,TWR-005,63.53,9.74,60,6,1.08,1.3,-87,VoLTE,TWR-004,7,0.23,0.68,33.25,97.38,27,0.91,0.64,0.88,43.44,0.72
90e9e3b4-406c-42b6-86d5-52a65a9d9293,2025-09-26,TWR-005,91.73,12.43,87,15,1.38,4.7,-80,VoLTE,TWR-002,1,0.66,0.85,71.73,99.53,95,0.98,0.67,0.74,67.73,0.92
5bea376a-edfa-4aff-881b-fbd518522a2d,2026-03-22,TWR-002,522.63,64.82,48,6,1.82,0.3,-119,5G,TWR-002,1,0.02,0.35,67.41,96.1,135,0.74,0.68,0.91,76.45,0.76
4312793f-1d33-4963-9891-a24095a0b692,2026-03-28,TWR-003,80.03,15.94,77,18,1.62,4.2,-91,4G,TWR-001,9,0.27,0.18,35.39,99.13,25,0.92,0.98,0.83,84.58,0.94
aa226ef5-bf8f-4a39-a74e-7fe6b822237c,2025-09-02,TWR-003,60.71,15.59,34,7,0.75,4,-104,VoLTE,TWR-004,1,0.45,0.59,71.81,99.31,68,0.92,0.63,0.64,62.48,0.78
64218df7-c0cb-42c6-91e9-bd66451b2689,2026-01-22,TWR-005,68.15,9.81,30,13,0.86,2.1,-117,4G,TWR-004,0,0.83,0.2,44.35,98.99,68,0.7,0.7,0.56,78.86,0.96
ab07eda2-9e45-46b7-b842-14f849a6249c,2025-08-15,TWR-003,77.28,9.38,42,14,1.61,2.9,-85,4G,TWR-001,3,0.46,0.84,38.18,95.17,44,0.98,0.61,0.86,86.58,0.77
e1e6a5ff-7a38-4efc-b7a8-0fbab2eabfaf,2025-10-09,TWR-004,87.69,14.65,66,13,0.73,2.5,-71,4G,TWR-002,8,0.7,0.24,76.17,96.19,150,0.72,0.79,0.8,42.7,0.88
b80f6ae4-8d07-4555-9c90-bd298a47a716,2026-06-15,TWR-003,677.22,97.8,75,13,1.39,0.7,-63,5G,TWR-002,0,0.3,0.76,67.42,97.61,119,0.76,0.96,0.91,56.88,0.86
7402c043-f598-47c1-af3b-c263f7787600,2026-05-22,TWR-001,68.26,17.77,93,4,1.4,2.3,-114,4G,TWR-003,1,0.46,0.2,81.45,98.69,60,0.76,0.73,0.99,77.56,0.93
416d7099-a9ad-4627-99db-dc46bd688421,2025-08-20,TWR-002,17.81,10.95,62,12,1.17,4.6,-98,VoLTE,TWR-005,0,0.4,0.46,25.29,99.34,76,0.77,0.87,0.6,33.45,0.75
84acb161-d70a-406b-9e92-3e1e78d5ed4f,2025-10-13,TWR-004,741.04,29.03,40,16,0.62,2.7,-88,5G,TWR-003,8,0.9,0.15,51.46,98.62,98,0.98,0.88,0.98,76.94,0.84
1db30846-71e6-4f99-bece-6656d8cc4c93,2025-12-03,TWR-001,98.81,13.91,92,6,1.07,3.9,-68,VoLTE,TWR-004,2,0.05,0.75,69.6,96.27,62,0.87,0.62,0.91,40.83,0.72
4c0fdbc6-574e-45b5-8d29-d6cba48483f9,2026-01-29,TWR-003,637.22,39.09,23,6,1.56,2.1,-81,5G,TWR-002,5,0.36,0.59,79.08,97.73,48,0.89,0.99,0.94,45.62,0.72
6fe42a42-1089-4383-8a67-83d06e3a7830,2025-08-30,TWR-003,44.2,5.04,19,1,0.25,3.6,-75,VoLTE,TWR-003,2,0.72,0.68,53.55,95.36,114,0.78,0.73,0.59,49.09,0.81
ab2f3a7b-b831-40f1-a555-8833d3e0dfb9,2025-11-03,TWR-005,32.04,6.57,65,6,1.21,2.3,-104,VoLTE,TWR-005,2,0.76,0.66,48.86,96.56,39,0.83,0.82,0.67,31.69,0.98
c8ac6da2-9179-4ccf-897d-997d2f5d95f7,2025-08-21,TWR-002,20.87,14.59,37,2,1.71,2.7,-83,4G,TWR-003,5,0.66,0.87,56.23,95.63,67,0.8,0.83,0.9,64.45,0.91
ca5e8f1e-4a72-4fa7-a6ac-d292e2cc7399,2026-03-18,TWR-005,84.08,16.96,99,6,0.16,0.6,-77,4G,TWR-001,4,0.54,0.45,94.8,95.35,69,0.77,0.86,0.9,33.52,0.9
4e0451d4-3832-4c05-b5a6-26d41babcaa2,2026-05-24,TWR-001,436.77,22.21,38,11,0.97,4.5,-96,5G,TWR-001,8,0.21,0.62,37.82,96.74,148,0.86,0.9,0.81,74.57,0.85
a6f36035-a9a2-4d9b-8b03-9a088b5dcc8c,2025-11-16,TWR-003,997.77,73.54,91,6,0.28,0.3,-89,5G,TWR-003,0,0.34,0.75,63.04,97.35,62,0.92,0.91,0.58,84.34,0.95
d8b3b276-6ad3-449c-93a2-ac4e7b6acfd4,2026-01-01,TWR-002,20.34,5.99,36,2,0.89,0.2,-86,4G,TWR-005,7,0.77,0.46,34.9,98.24,60,0.91,0.92,0.83,63.8,0.9
0283f351-7861-4a6d-89b1-369bf4cc0e36,2025-12-16,TWR-005,61.33,15.92,15,11,0.11,4.4,-68,VoLTE,TWR-005,10,0.62,0.62,23.41,99.11,145,0.97,0.93,0.98,88.06,0.77
fb168e48-393a-4c2e-bde4-9be24fa36db6,2026-04-08,TWR-005,822.64,29.77,64,9,1.26,0.9,-93,5G,TWR-005,2,0.31,0.59,91.15,96.29,140,0.7,0.78,0.68,63.94,0.92
35d229be-bfc5-420a-9813-3e7db3044908,2026-01-29,TWR-002,917.35,37.26,45,15,1.61,2.2,-95,5G,TWR-004,5,0.45,0.14,39,98.8,44,0.97,0.86,0.51,45.24,0.82
7c9849d7-934e-4695-a006-67e3b26adef0,2025-08-12,TWR-005,72.94,19.81,19,20,0.13,2.3,-108,4G,TWR-003,6,0.42,0.21,68.83,96.81,92,0.86,0.78,0.55,34.42,0.71
65c071cc-3d4a-42d4-9ddf-010a3a2d2185,2025-08-03,TWR-003,748.94,60.58,82,11,1.87,0.8,-116,5G,TWR-003,5,0.58,0.48,35.5,97.01,134,0.71,0.6,0.83,73.54,0.77
f04544a6-dabb-4360-8743-4c0116930b78,2025-11-07,TWR-005,23.03,14.97,52,11,1.6,2.1,-87,4G,TWR-004,9,0.16,0.36,94.69,97.12,108,0.73,0.77,0.95,55.66,0.72
fbc9f9b1-6feb-4314-ae5c-8829976ec8a1,2026-04-27,TWR-001,99.13,6.1,26,18,1.1,0.4,-91,4G,TWR-002,1,0.26,0.5,20.09,96.99,117,0.83,0.95,0.93,73.94,0.76
d3b0e72d-324b-4b57-8917-fa2c1eca8e4f,2026-05-17,TWR-003,952.1,42.46,38,18,1.19,4.9,-81,5G,TWR-003,10,0.6,0.45,20.86,97.21,57,0.86,0.61,0.66,80.54,0.99
20862432-0d78-4258-9162-aa9a5d091a11,2026-02-07,TWR-004,63.85,12.36,42,4,0.2,2.4,-82,4G,TWR-002,4,0.37,0.29,80.32,98.9,63,0.98,0.72,0.75,51.01,0.76
9281a0ee-9ec3-4d01-9cfb-54d29173c17f,2025-10-29,TWR-001,872.53,92.64,84,19,0.62,2,-119,5G,TWR-002,2,0.54,0.49,84.75,97.18,102,0.94,0.71,0.58,83.8,0.99
1083fa0b-b1e8-45a4-a4ae-84bb9f69cecd,2026-03-11,TWR-002,34.8,12.45,79,8,1.67,4.7,-104,VoLTE,TWR-005,6,0.24,0.83,92.67,98.83,138,0.79,0.65,0.57,51.23,0.72
46a3e4e2-8af6-4ff9-bc9c-3b6e2839e979,2025-09-11,TWR-002,70.17,18.53,97,20,1.02,2.5,-92,VoLTE,TWR-001,10,0.62,0.76,20.3,97.6,109,0.95,0.92,0.81,82.54,0.83
16ad49de-ec68-4cf1-b6c0-d0b1ffdfc835,2025-12-11,TWR-001,167.62,93.1,70,20,1.03,2.9,-114,5G,TWR-003,1,0.57,0.9,37.9,96.46,79,0.97,0.66,0.8,87.72,0.96
a4f8ddd7-868f-4729-8e10-5b15e7242a28,2025-08-23,TWR-002,953.2,83.69,80,18,1.16,1.4,-94,5G,TWR-002,4,0.52,0.64,35.31,99.3,117,0.71,0.95,0.93,33.69,0.86
ab5ad368-3d2f-4f34-9ffd-7e61855d4285,2025-12-18,TWR-004,428.77,51.07,30,10,0.86,0.2,-82,5G,TWR-001,2,0.41,0.72,22.88,95.69,97,0.74,0.82,0.62,71.49,0.84
3ee48a79-e0e2-49b6-93dd-c14c3cd289b1,2025-12-27,TWR-003,24,6.2,29,2,0.08,0.3,-118,4G,TWR-005,6,0.44,0.45,69.88,95.02,95,0.94,0.98,0.81,32.85,0.96
4634f073-ee6e-4077-bf91-a08c62129f75,2026-07-13,TWR-003,541.29,38.55,53,7,0.62,3.6,-118,5G,TWR-003,3,0.38,0.69,65.28,95.29,129,0.79,0.72,0.81,64.12,0.83
2c2be1a7-9184-4235-bc80-0b7f96635c0d,2026-06-07,TWR-002,51.25,12.85,75,10,1.08,2.9,-102,4G,TWR-005,3,0.98,0.47,71,98.69,118,0.82,0.9,0.66,72.34,0.9
d3287009-0957-40e9-8730-1c0150b4cc91,2026-07-19,TWR-004,787.01,70.29,23,19,0.72,1,-110,5G,TWR-001,9,0.84,0.83,86.32,96.2,70,0.85,0.65,0.85,55.68,0.94
389ed1f7-b402-4be5-8134-d7404d8a93eb,2026-05-07,TWR-001,224.92,54.05,58,1,1.86,1,-67,5G,TWR-002,3,0.75,0.66,40.56,96.93,24,0.82,0.68,0.78,67.67,0.72
3fe8c395-0e5c-4721-85a1-930cdce6d425,2025-08-23,TWR-004,14.45,10.05,75,18,0.4,2.8,-104,VoLTE,TWR-004,7,0.53,0.33,88.27,99.48,138,0.78,0.65,0.72,85.27,0.78
9b511e46-daeb-4e34-b745-7c67c9e34db6,2025-12-07,TWR-004,97.91,11.74,25,7,0.84,0.4,-114,VoLTE,TWR-005,8,0.19,0.86,66.41,96.64,37,0.78,0.89,0.71,48.87,0.71
8b752be4-7f48-4333-937d-a9d546fa86bd,2025-11-25,TWR-002,46.6,19.78,72,5,0.91,2.6,-67,VoLTE,TWR-003,9,0.67,0.54,81.99,97.54,60,0.74,0.82,0.86,53.23,0.96
3f5a4107-0347-48ee-ad46-6410f78fe1da,2025-10-09,TWR-005,519.1,51.45,17,14,1.7,0.5,-102,5G,TWR-001,7,0.4,0.79,72.86,96.01,149,0.91,0.69,0.85,80.95,1
baf2be6d-5509-4d9d-aeff-d16028415529,2025-09-13,TWR-001,15.3,7.72,48,18,1.26,2.1,-78,VoLTE,TWR-001,8,0.18,0.77,61.1,96.23,142,0.95,0.62,0.82,77.92,0.99
a6129000-bbd7-48ed-8bdd-13797f6fa331,2025-10-12,TWR-005,17.79,17.91,95,9,1.39,4.7,-69,VoLTE,TWR-004,8,0.94,0.21,40.54,97.23,55,0.98,1,0.61,50.8,0.76
e34e15c4-01dc-455f-924e-dd1137c476ff,2026-02-16,TWR-004,95.67,18.35,24,5,1.1,4.2,-69,4G,TWR-005,8,0.89,0.75,32.47,99.8,48,0.98,0.82,0.7,48.15,0.74
0dfe4626-23db-4f02-af10-bfc64229b024,2025-08-29,TWR-002,909.43,58.32,81,7,0.47,3.2,-80,5G,TWR-004,1,0.52,0.66,57.63,98.48,90,0.87,0.75,0.81,49.85,0.97
e6d49314-ab5b-42ce-9de9-4195257572d3,2026-04-20,TWR-003,779.33,96.56,84,18,1.43,1.2,-70,5G,TWR-004,4,0.14,0.35,34.92,98.06,104,0.7,0.62,0.73,78.43,0.74
8bc5f964-b148-4ac1-836b-51a92806539f,2026-04-06,TWR-002,878.46,43.1,47,4,0.94,4,-64,5G,TWR-002,1,0.73,0.57,77.16,98.84,133,0.77,0.73,0.73,65.06,0.81
7a68f799-cbb8-4356-aab0-72ab9e63c574,2025-10-12,TWR-003,86.13,5.79,30,11,0.23,2.9,-104,4G,TWR-003,2,0.13,0.28,55.33,96.26,149,0.95,0.9,0.66,89.47,0.72
76801018-77d9-4859-ad89-8b4bcbf43855,2026-07-03,TWR-002,777.13,46.91,10,18,1.88,3.4,-78,5G,TWR-002,10,0.56,0.22,81.01,95.78,42,0.8,0.83,0.83,39.09,0.7
de46a4e7-d019-4868-a226-d5eb0b96ed54,2025-08-10,TWR-004,20.52,15.53,22,12,1.72,1.7,-111,4G,TWR-002,4,0.76,0.76,40.17,95.29,126,0.75,0.69,0.7,59.86,0.73
2d315a2e-1a11-4d2c-978e-4417f9222883,2026-05-01,TWR-003,82.77,19.98,10,5,1.9,2.6,-91,VoLTE,TWR-002,6,0.09,0.86,87.9,99.33,28,0.75,0.78,0.86,65.99,0.88
c1f4d9f2-f498-4022-9b71-053a33c86707,2025-08-26,TWR-002,43.63,6.02,47,2,1.19,3,-61,4G,TWR-001,7,0.12,0.19,81.61,99.45,118,0.84,0.74,0.7,32.06,0.82
16ce191c-6b1b-4ee4-a31f-6ad81f66d9c3,2026-04-26,TWR-003,65.18,18.1,52,14,1.79,4.6,-73,4G,TWR-002,4,0.75,0.16,59.45,97.23,40,0.87,0.82,0.86,87.58,0.97
07e6e296-0b27-4970-8e97-b5dccbac4022,2026-03-30,TWR-003,72.24,12.66,11,18,0.47,0.6,-100,4G,TWR-005,2,0.28,0.84,27.21,96.09,143,0.94,1,0.87,55.49,0.71
ff11ffe1-054c-413a-a0cd-75081a77627d,2026-03-13,TWR-003,54.58,8.75,21,8,1.53,3.6,-73,VoLTE,TWR-004,9,0.14,0.73,23.53,98.53,112,1,0.79,0.95,89.97,0.99
3e538979-09c9-4aac-b2d1-befa5452a7a9,2025-10-23,TWR-002,828.31,57.38,21,18,0.57,3.3,-117,5G,TWR-004,7,0.47,0.71,85.34,97.42,129,0.72,0.83,0.96,49.53,0.8
e7c6e643-6c75-4821-853b-563f379c56f4,2025-12-27,TWR-004,16.38,9.76,40,4,1.68,2.8,-67,VoLTE,TWR-002,9,0.66,0.51,29.09,98.37,132,0.95,0.95,0.85,51.86,0.9
d002565b-021f-423f-8bf6-627e572574ea,2026-01-06,TWR-005,46.49,6.62,37,18,0.91,2.9,-78,VoLTE,TWR-005,2,0.86,0.87,91.62,96.07,64,0.77,0.92,0.58,77.41,0.98
af5d5c94-e973-43a7-bf79-4cf37226bc39,2025-11-25,TWR-003,450.17,70.22,27,13,1.96,0.4,-98,5G,TWR-002,3,0.1,0.82,89.22,98.11,126,0.75,0.73,0.64,78.6,0.86
e7a49994-72d2-4b73-832a-3305be863278,2026-02-25,TWR-005,88.7,19.15,91,3,1.24,4.8,-116,VoLTE,TWR-004,4,0.4,0.12,38.62,97.71,69,0.94,0.67,0.55,58.88,0.99
1df8e31b-6e84-4a1e-8a47-0327816adfbc,2025-08-13,TWR-002,45.75,19.91,65,2,0.31,3,-73,VoLTE,TWR-005,9,0.51,0.23,73.78,96.82,140,0.73,0.75,0.93,53.07,0.73
73c046bd-6198-44b0-bef3-b3d69ee85636,2025-08-19,TWR-001,96.85,18.93,93,11,0.37,0.7,-112,VoLTE,TWR-002,7,0.39,0.76,55.94,99.75,64,0.85,0.76,0.6,65.13,0.97
5b3fea69-797e-48d1-b0ae-3b5141d6d2c5,2025-07-27,TWR-003,70.54,11.96,83,12,1.18,3.9,-119,VoLTE,TWR-004,8,0.4,0.68,46.02,95.47,46,0.87,0.68,0.84,31.82,0.9
45499cc1-f5f5-4e1a-a410-d5548f9df229,2026-05-28,TWR-003,88.97,19.95,40,5,0.6,1.3,-116,VoLTE,TWR-001,7,0.96,0.3,66.39,98.12,76,0.9,0.83,0.89,79.52,0.75
49864fb6-ff9c-4770-b529-5d24e911942a,2025-08-10,TWR-003,82.41,10.66,65,6,1.78,1.8,-111,4G,TWR-002,2,0.99,0.85,50.59,97.8,105,0.86,0.71,0.59,65.93,0.87
07645ab0-b6e0-4d14-9e56-b5f92315cc2f,2026-07-03,TWR-004,281.73,31.23,10,7,1.7,3,-89,5G,TWR-005,3,0.19,0.46,43.83,95.43,26,0.71,0.64,0.78,45.19,0.83
7312a0ca-b33f-46f9-a609-375f57cf0be9,2025-10-29,TWR-004,51.67,15.69,10,19,1.43,2.8,-101,4G,TWR-001,7,0.36,0.24,42.98,98.2,111,0.78,0.87,0.84,87.93,0.75
87aadfad-cbeb-44d3-a359-9c07f9a20547,2025-09-30,TWR-005,77.12,7.78,72,4,1.51,3.3,-111,4G,TWR-005,9,0.71,0.79,48.16,99.77,51,0.91,0.9,0.98,48.77,0.7
68a8052c-5b93-4622-9679-647d7edd0d7c,2026-03-21,TWR-002,28.8,10.28,31,16,1.62,4.5,-69,VoLTE,TWR-001,4,0.76,0.3,78.44,97.86,80,0.93,0.64,0.63,65.13,0.85
fff528a5-1fe0-4e87-bc2d-6fbfbc575827,2026-05-13,TWR-003,80.47,19.04,69,7,0.02,1.7,-64,4G,TWR-001,2,0.71,0.28,24.98,98.22,28,0.74,0.63,0.66,83.46,0.73
e015482c-4535-4bec-bb4e-2495a7055c5b,2025-11-11,TWR-001,76.58,12.87,40,8,1.76,3.5,-62,VoLTE,TWR-005,7,0.6,0.39,75.86,97.43,58,0.71,0.94,0.6,48.47,0.98
c0bec24c-237a-4272-a2c4-32e847c5dbfa,2025-11-11,TWR-004,56.14,7.46,47,3,0.13,0.9,-118,4G,TWR-003,1,0.34,0.34,36.72,96.5,32,0.73,0.91,0.87,57.19,0.89
2b882b13-5787-4880-958b-dd95f21634b3,2025-08-08,TWR-005,83.48,8.27,99,3,0.26,2,-104,VoLTE,TWR-003,6,0.94,0.79,58.28,96.93,81,0.81,0.72,0.78,60.41,0.76
040042d6-f72c-4f6f-8e6b-b9858867b826,2026-07-09,TWR-001,89.81,8.38,48,8,0.07,4.9,-99,VoLTE,TWR-001,5,0.59,0.36,52.53,99.87,115,0.8,0.9,0.64,51.08,0.8
abda34ac-caad-47d3-bfee-6a68fc3c099f,2026-04-05,TWR-001,71.35,9.73,48,18,1.42,3,-111,VoLTE,TWR-003,0,0.58,0.48,87.77,95.16,114,0.77,0.99,0.96,38.65,0.7
8503a730-c500-4c20-b58c-3f7d4830fc0b,2025-09-26,TWR-002,35.48,5.14,94,6,1.6,2.7,-120,VoLTE,TWR-005,5,0.34,0.9,62.37,96.03,150,0.92,0.6,0.58,89.53,0.95
c354c0fe-0343-4508-98ad-f97440538bc1,2025-07-30,TWR-004,145.08,97.38,27,4,0.37,3.9,-79,5G,TWR-004,3,0.85,0.67,37.56,97.84,65,0.89,0.79,0.96,33.7,0.99
1d8947bb-86ac-4f01-b484-eb739275b44a,2025-09-26,TWR-001,84.91,9.35,25,8,1.08,3.9,-105,4G,TWR-003,10,0.84,0.13,80.51,96.85,125,0.92,0.92,0.88,36.9,0.81
eb6f3652-f4ef-40b3-9c6c-9be873b5904a,2026-05-03,TWR-001,787.08,91.85,69,6,0.18,4.7,-113,5G,TWR-003,0,0.2,0.58,84.7,95.75,37,0.76,0.75,0.69,66.28,0.74
721601b1-4e12-4e46-9250-23ac7750149a,2026-01-08,TWR-004,12.33,6.29,78,15,0.27,1.4,-78,VoLTE,TWR-003,4,0.98,0.5,73.5,99.34,94,0.91,0.74,0.82,65.5,0.82
dcd3b6ff-df48-4d70-ba4c-ec9e71a55618,2025-08-25,TWR-001,855.45,38.17,82,14,1.86,2.9,-67,5G,TWR-005,5,0.19,0.53,79.55,98.08,24,0.99,0.71,0.75,73.42,0.89
a0531538-dc7c-4db2-a926-785bfbe028e3,2026-05-01,TWR-003,28.39,13.41,98,9,0.4,0.4,-63,4G,TWR-004,3,0.59,0.82,30.72,98.9,102,0.89,0.85,0.5,48.81,0.73
029aa8e9-b0c4-41bb-aae2-a2e3cb67f484,2026-05-22,TWR-001,172.66,73.83,27,14,1.61,4.1,-78,5G,TWR-004,2,0.36,0.18,30.73,99.61,112,0.9,0.89,0.53,42.92,0.75
70eee19c-3696-41ef-b7d3-93ef997c8c70,2025-12-29,TWR-004,89.76,10.76,80,13,0.11,2,-73,4G,TWR-001,7,0.55,0.62,64.71,98.95,58,0.79,0.77,0.55,48.04,0.83
79ecd0d1-086b-43d3-94a4-915aa1df1da2,2026-01-02,TWR-005,33.32,11.08,50,15,0.82,2.2,-63,VoLTE,TWR-001,8,0.54,0.2,61.01,96.3,120,0.81,0.78,0.62,45.21,0.85
c8d729fe-3c41-4941-b70c-c34fd4422d1d,2026-05-18,TWR-004,41.54,10.92,81,19,1.14,4.4,-69,4G,TWR-002,1,0.27,0.86,32.8,95.08,143,0.98,0.98,0.86,48.16,0.92
3ebb0635-d357-49b2-a7a4-09307e783e2a,2025-11-26,TWR-002,90.38,15.21,90,11,0.17,3.7,-82,VoLTE,TWR-003,1,0.65,0.38,54.08,98.84,42,0.77,0.77,0.62,49.97,1
71bc850e-4a67-4633-b852-b6a8afba0a39,2025-08-02,TWR-001,20.51,14.1,47,15,0.27,2.9,-86,VoLTE,TWR-005,8,0.52,0.61,47.4,99.43,103,0.71,0.64,1,86.96,0.92
df3770e6-36f3-43c8-9888-6c5b2b4f5348,2026-06-15,TWR-004,48.74,14.61,99,5,0.45,4.2,-76,VoLTE,TWR-005,7,0.05,0.43,20.68,97.23,22,0.73,0.72,0.77,33.72,0.96
2fdc6364-5454-487f-8bbf-a2f292ec1241,2025-12-25,TWR-003,29.13,12.15,91,4,0.94,2.8,-103,4G,TWR-003,2,0.34,0.23,45.52,96.03,130,0.86,0.66,0.78,81.38,0.95
956bd4d2-22e4-45f5-b0c2-93bbfe928abb,2026-02-03,TWR-002,23.24,15.17,55,4,0.83,0.5,-63,4G,TWR-002,3,0.83,0.21,68.21,98.12,120,0.81,0.64,0.77,73.22,0.94
579e2bf3-b848-4a66-85f3-c32b65416e10,2025-09-21,TWR-003,46.14,9.65,49,11,0.52,3.2,-63,4G,TWR-003,2,0.63,0.43,87.94,95.52,99,0.84,0.86,0.6,40.31,0.75
b010dbdf-a954-4121-b987-8786b2df6c30,2026-01-04,TWR-003,13.91,15.66,67,8,1.51,4.9,-62,VoLTE,TWR-005,5,0.32,0.89,66.39,97.08,127,0.83,0.67,0.65,69.25,0.87
a19f9165-0c14-4556-9002-df9648bfeb3a,2026-01-07,TWR-004,98.45,11.36,34,12,0.81,2.8,-115,4G,TWR-003,6,0.62,0.19,39.82,99.28,46,0.76,0.68,0.93,40.29,0.86
3a936dbc-3026-47b3-b1ee-0000327dcef2,2026-02-14,TWR-004,47.17,19.79,16,17,0.75,2.3,-77,4G,TWR-005,4,0.28,0.21,54.48,95.52,145,0.86,0.99,0.67,73.43,0.82
4ef24ae8-2d2f-4d32-94b7-417a62b03ba1,2025-12-24,TWR-002,20.83,10.38,50,6,0.16,1,-90,4G,TWR-004,8,0.04,0.25,54.2,96.21,48,0.81,0.85,0.58,79.42,0.79
0cba4e64-bd6f-4fd1-9008-5f91dca8abea,2026-06-05,TWR-001,87.73,12.78,34,18,1.09,0.7,-68,4G,TWR-004,9,0.43,0.39,60.69,99.24,48,0.87,0.9,0.62,67.24,0.73
3e3580ab-2c61-43da-8786-1eae9046ba03,2025-10-17,TWR-002,63.58,16.32,66,8,0.09,1.9,-66,4G,TWR-004,1,0.12,0.63,69.71,98.28,74,0.81,0.93,0.84,76.25,0.94
9908f98b-5a57-4608-ac8c-0008032bdaf8,2025-11-22,TWR-003,57.42,12.52,41,6,1.02,2.9,-92,4G,TWR-005,0,0.16,0.59,36.47,97.57,93,0.93,0.7,0.54,36.13,0.98
8f13f056-46f4-4163-a16d-3fc2502d7111,2025-09-27,TWR-005,12.56,16.22,23,13,1.98,2.4,-106,4G,TWR-002,0,0.26,0.33,38.33,97.63,105,0.97,0.89,0.88,31.81,0.95
84cb93a1-98c4-4d9d-a0a0-f9e43ad20939,2026-05-28,TWR-005,39.55,12.17,17,9,1.45,2.6,-116,4G,TWR-004,6,0.35,0.25,90.42,97.7,114,0.8,0.79,0.53,38.74,0.97
b46b9b9e-14e6-4a77-a3fa-41347ad2688b,2025-09-15,TWR-004,16.1,10.65,20,5,1.28,4.2,-73,VoLTE,TWR-005,4,0.2,0.58,38.97,97.62,24,0.78,0.94,0.66,67.38,0.93
db93ee81-2145-4e42-97c8-8d14fd5bf393,2026-07-19,TWR-005,63.76,15.7,78,17,1.68,3.9,-97,4G,TWR-001,9,0.65,0.22,71.59,95.74,50,0.8,0.95,0.86,41.1,0.91
34b99032-11da-433c-b81d-07ac2f40be23,2026-02-03,TWR-003,897.36,24.83,15,1,0.31,1.9,-62,5G,TWR-001,1,0.33,0.29,45.42,99.34,32,0.7,0.79,0.96,57.65,0.88
8fd5d669-d051-4ae8-aa4b-0aab01a45699,2025-09-04,TWR-001,82.61,11.17,37,10,0.59,0.6,-77,VoLTE,TWR-004,9,0.83,0.48,53.05,95.09,30,0.79,0.74,0.62,43.82,0.84
536987e4-74f4-49a9-b1d9-ad814d00c1ff,2026-02-15,TWR-002,54.21,7.35,47,7,1.1,3.4,-117,4G,TWR-005,1,0.31,0.75,60.12,96.88,41,0.97,0.7,0.61,41,0.98
7abf3ae1-0866-4177-8315-18af89d9816b,2026-04-06,TWR-005,83.73,16.3,67,8,1.18,4.2,-111,VoLTE,TWR-002,4,0.35,0.57,26.08,96.22,140,0.94,0.74,0.81,80.7,0.74
97980828-8557-4ba4-aefb-b2cf7ce21803,2025-10-25,TWR-005,868.62,42.14,32,4,1.8,0.7,-112,5G,TWR-002,8,0.84,0.46,40.63,98.22,71,0.95,0.63,0.94,52.14,1
507da0d2-5d1d-45b6-b6be-e6f6a4cac4c4,2026-02-22,TWR-005,44.58,8.64,66,7,1.14,1.8,-104,VoLTE,TWR-001,5,0.17,0.21,69.72,97.06,59,0.92,0.83,0.89,69.25,0.71
594828f8-9a20-4d52-8feb-128e8191983c,2025-10-14,TWR-005,85.19,16.76,89,19,1.38,1.4,-116,4G,TWR-001,4,0.45,0.13,92.21,96.84,69,0.76,0.95,0.66,64,0.83
7ee1e8b1-eda7-4e4c-af96-8438354376f0,2026-03-17,TWR-003,13.97,10.24,93,15,0.14,2.3,-60,4G,TWR-002,0,0.26,0.16,22.46,99.63,134,0.75,0.83,0.7,34.31,0.83
c1208237-0597-434e-a1c1-089c9321760a,2025-10-13,TWR-005,384.12,74.63,37,20,1.27,1.9,-97,5G,TWR-002,7,0.15,0.84,35.21,96.83,100,0.85,0.75,0.84,86.85,0.75
f17aab50-deae-47dd-abea-b5e0d49c7c2b,2026-04-02,TWR-002,531.07,55.58,21,1,1.21,1.8,-110,5G,TWR-005,1,0.81,0.77,87.13,95.58,88,0.85,0.77,0.8,43.85,0.86
564f95e8-2598-4348-b0d5-70eaf2cb6657,2025-12-14,TWR-005,17.49,15.45,66,2,1.4,3.9,-72,VoLTE,TWR-002,8,0.62,0.18,28.69,95.14,80,0.87,0.81,0.75,58.9,0.8
39f4e07c-9da3-406f-a9fd-ad0c7c82ee42,2026-01-14,TWR-003,47.51,11.63,95,6,0.39,4.2,-98,VoLTE,TWR-003,3,0.25,0.79,21.34,97.99,24,0.84,0.92,0.56,54.8,0.87
86a6b66a-ac8b-425b-90d7-f4f341a27b1a,2025-12-27,TWR-004,98.65,5.79,43,17,1.9,2.1,-79,VoLTE,TWR-004,1,0.3,0.7,32.18,98.83,46,0.86,0.77,0.67,54.94,1
979f13a9-951e-4f13-ab80-1fb86221b7c6,2026-06-29,TWR-005,99.26,11.7,20,18,1.17,3.5,-64,VoLTE,TWR-001,5,0.35,0.26,31.7,96.82,143,0.71,0.98,0.74,83.65,0.8
7a377361-87a7-4894-b944-33d3bd9a44bf,2025-07-29,TWR-004,121.02,39.4,21,19,0.49,4,-82,5G,TWR-004,0,0.19,0.19,90.01,96.75,25,0.92,0.66,0.75,56.12,0.83
d710f1ca-95da-43cd-b8b6-396005f1b125,2026-07-23,TWR-005,97.18,11.79,87,2,1.92,1.7,-109,VoLTE,TWR-005,5,0.94,0.42,50.76,95.76,79,0.83,0.66,1,35.29,0.75
f9d4c7dd-4ee3-4c44-9099-bbc885842ed3,2026-05-13,TWR-005,90.64,13.24,17,15,0.44,3,-104,4G,TWR-002,5,0.07,0.42,65.75,98.02,126,0.89,0.66,0.89,63.18,0.86
30c7e4c1-0361-42db-b1ab-ad7c6df2e59b,2025-08-01,TWR-002,527.46,82.43,90,16,0.78,1,-93,5G,TWR-004,8,0.31,0.74,92.29,96.3,101,0.76,0.65,0.75,48.53,0.81
c989fefc-a646-4e9b-8e86-ad25294e4464,2026-05-19,TWR-002,26.75,5.39,28,7,0.59,0.4,-69,4G,TWR-002,1,0.43,0.5,60.27,98.56,67,0.85,0.76,0.98,41.97,0.91
6dce8ccd-d13b-4e74-8d3f-0f135acb75be,2025-11-03,TWR-004,476.11,84,35,6,1.98,1.3,-93,5G,TWR-005,5,0.23,0.34,91.29,97.45,96,0.93,0.98,0.61,85.06,0.97
59231b82-cfdf-4b36-9642-81f924cce162,2026-05-18,TWR-003,49.64,10.04,14,3,1.05,2.6,-78,4G,TWR-003,4,0.81,0.49,40.02,95.23,40,0.73,0.77,0.56,33.51,1
61842bc0-3c6d-476c-92f7-8213b43817e8,2026-03-13,TWR-005,667.63,49.88,84,2,0.93,0.3,-83,5G,TWR-001,5,0.71,0.55,39.19,98.89,96,0.78,0.87,0.97,88.17,0.89
28e94fe0-cd6c-416a-8d35-e90f29693fdd,2025-10-22,TWR-002,71.74,8.26,59,18,0.17,4.2,-119,4G,TWR-004,3,0.8,0.9,28.27,99.8,115,0.79,0.75,0.58,62.55,0.81
05b36584-dd4c-4c02-8da4-1b9242206cc2,2025-07-30,TWR-002,69.68,18.86,81,19,1.81,0.6,-105,VoLTE,TWR-002,4,0.53,0.1,69.46,96.76,84,0.81,0.64,0.87,73.6,0.84
2abbc9d4-2103-42ff-8818-38d281722b4f,2026-01-11,TWR-004,137.3,63,80,7,1.41,3.1,-115,5G,TWR-005,10,0.84,0.45,91.1,98.04,133,0.94,0.84,0.57,69.42,0.77
884744ca-5fcc-497b-815e-c4fcf386e8b0,2026-07-18,TWR-002,912.37,82.36,88,9,1.66,1.1,-64,5G,TWR-004,6,0.86,0.67,71.08,96.05,30,0.98,0.88,0.73,31.78,0.73
9857983c-d874-4c36-8fdf-33fd3fcbbe34,2025-09-01,TWR-001,57.02,11.36,18,9,1.01,0.3,-78,4G,TWR-004,1,0.97,0.74,54.83,96.74,77,0.9,0.72,0.85,30.36,0.92
5a12cd77-4571-43be-aa95-57a601813efe,2025-08-25,TWR-003,306.17,34.08,24,2,1.4,2.1,-112,5G,TWR-005,5,0.67,0.2,66.06,98.51,88,0.86,0.69,0.68,65.95,0.98
6d8340f6-80a8-40eb-a80b-ef8952ea42fd,2025-10-29,TWR-002,31.01,13.02,38,4,0.94,2.6,-104,VoLTE,TWR-005,7,0.49,0.29,20.79,98.36,127,0.94,0.8,0.86,42.55,0.72
fd74ce2a-6188-427d-aaeb-61f88fffc4b2,2025-12-29,TWR-003,73.5,10.38,17,10,1.7,4.1,-113,VoLTE,TWR-005,1,0.31,0.3,29.11,96.73,145,0.82,0.76,0.78,82.09,0.82
54986271-b701-41ee-9e8e-2eb4b71aa550,2026-05-27,TWR-004,35.59,15.68,75,17,1.74,1.5,-74,4G,TWR-002,7,0.25,0.17,79.61,96.39,78,0.91,0.91,0.5,78.86,0.9
2979e478-5244-4d7c-9f92-545b1fbfe94a,2026-06-02,TWR-003,59.87,18.02,85,2,1.67,3.9,-107,4G,TWR-003,4,0.61,0.13,49.38,96.16,135,1,0.68,0.79,60.74,0.93
a6108495-01c1-463f-ad12-f5052a1177bf,2026-05-08,TWR-002,35.45,16.13,77,18,1.2,0,-70,4G,TWR-003,8,0.78,0.25,77.93,95.68,58,0.94,0.72,0.8,54.89,0.88
19761380-435f-4a46-867a-aae5f9c97612,2025-12-06,TWR-005,93.59,16.81,28,15,0.98,2.1,-91,4G,TWR-001,3,0.37,0.22,21.78,96.72,68,0.8,0.61,0.63,71.3,0.86
50403be4-ef5e-429e-b26c-e1c620eb7413,2026-05-07,TWR-004,94.02,12.41,79,8,0.64,1,-66,VoLTE,TWR-001,4,0.06,0.76,88.58,98.22,130,0.96,0.81,0.97,70.56,0.85
4da9a02f-0a56-4858-a786-21a9db1268e0,2025-11-10,TWR-005,57.92,5.71,11,20,1.86,2.1,-103,4G,TWR-002,5,0.35,0.33,48,95.06,99,0.99,0.84,0.69,88.66,0.82
2733e317-f910-4c00-972c-d25277237abe,2025-11-12,TWR-001,893.89,48.99,62,3,1.62,4.6,-60,5G,TWR-001,8,0.87,0.85,72.47,96.24,82,0.93,0.82,0.96,39.43,0.78
608c0319-96be-434e-ad8b-0a20e946920a,2026-02-11,TWR-005,486.06,71.15,71,14,0.79,4.1,-89,5G,TWR-002,9,0.18,0.42,87.84,97.54,56,0.98,0.92,0.86,33.2,0.88
c33f16af-d432-4e32-9905-ff350ef60547,2026-04-15,TWR-002,943.14,21.95,78,13,1.04,2.2,-109,5G,TWR-002,5,0.78,0.4,33.76,97.68,99,0.75,0.87,0.97,77.9,0.91
9f2ac8e1-37e3-488f-9617-debb5653e762,2026-02-22,TWR-005,59.81,8.46,89,4,0.53,2.5,-94,4G,TWR-003,1,0.58,0.36,76.64,95.76,93,0.94,0.94,0.55,83.39,0.73
b2c76e40-815e-487c-bfab-e21342c9c4a7,2026-07-02,TWR-003,52.74,5.11,66,14,1.02,0.1,-109,4G,TWR-001,8,0.38,0.37,93.09,97.2,135,0.7,0.72,1,52.7,0.78
3f28ac33-a11d-4f2b-9208-8a3c5874a4c1,2026-01-07,TWR-003,55.13,15.89,28,7,1.62,4.6,-99,VoLTE,TWR-001,0,0.08,0.49,50.83,99.68,41,0.84,0.85,0.91,80.37,0.86
ff23ed0f-a94e-47c1-9608-4c0898682b25,2026-04-17,TWR-001,69.03,12.18,95,9,1.87,3.4,-89,VoLTE,TWR-003,6,0.74,0.61,82.67,97.57,95,0.86,0.72,0.81,83.93,0.98
dc04704f-fa9e-465c-903a-028640d3038e,2025-10-13,TWR-004,104.75,51.57,63,19,0.6,3.3,-60,5G,TWR-003,9,0.36,0.4,45.6,97.44,113,0.96,0.8,0.76,61.06,0.92
ed92d8d9-28c6-4736-8fe0-3f3202052cfc,2026-01-25,TWR-003,95.48,18.78,60,8,0.04,3.7,-76,VoLTE,TWR-005,8,0.57,0.8,56.81,98.84,136,0.99,0.76,0.56,33.71,0.82
b50d9e35-485b-42cc-9db9-ee8bf0bdce55,2025-08-25,TWR-001,315.83,60.7,97,20,0.46,1.5,-76,5G,TWR-001,1,0.59,0.41,25.2,97.26,39,0.9,0.61,0.74,87.92,0.85
a64aa6ee-c6b6-4548-9916-e0936434ef95,2026-05-26,TWR-004,932.56,55.96,22,18,0.69,0.1,-68,5G,TWR-005,5,0.78,0.54,46.58,99.48,59,0.77,0.76,0.59,38.57,0.8
c138cb22-190f-472e-9875-6c0ddfc39401,2026-01-15,TWR-004,67.51,18.68,81,4,0.73,0.5,-73,VoLTE,TWR-004,5,0.6,0.71,82.73,97.73,60,0.74,0.78,0.83,63.41,0.95
32af6f50-b38d-4018-8716-efa5c1778d1b,2026-07-24,TWR-004,88.75,6.34,25,13,1.04,2.7,-81,4G,TWR-002,2,0.71,0.51,36.68,95.73,67,0.97,0.79,0.99,50.82,0.96
8d8635d0-dfe5-4339-86e1-8439c8a4dd49,2025-09-26,TWR-005,83.79,10.78,60,20,0.77,0.5,-116,4G,TWR-003,10,0.07,0.34,87.28,99.13,108,0.92,0.94,0.76,68.77,0.97
30cbbbaa-c86a-44aa-8e58-e7349998807e,2025-11-26,TWR-003,160.88,87.3,78,11,0.09,1.8,-66,5G,TWR-005,5,0.43,0.39,46.59,98.52,63,0.81,0.68,0.83,55.58,0.77
b670bec6-9566-45e5-8c79-8f6aa2b79cfd,2026-01-12,TWR-004,61.03,16.69,46,16,1.41,1.8,-105,VoLTE,TWR-003,8,0.3,0.11,50.68,96.73,69,0.97,0.66,0.72,88.73,0.77
9be2c46a-0301-4428-a3a5-fd92a0e0ca3c,2025-10-22,TWR-002,200.95,65.35,46,6,1.09,4.4,-77,5G,TWR-005,5,0.38,0.36,76.81,99.66,59,0.84,0.63,0.9,39.28,0.74
b9d02140-24fd-4437-906d-e95873de7af1,2025-11-21,TWR-002,428.6,59.91,10,9,0.1,4,-68,5G,TWR-003,1,0.22,0.25,40.94,97.58,81,0.75,0.62,0.57,54.78,0.9
a0f8405e-56ec-4380-ad12-a3b618c7a95f,2025-09-03,TWR-004,84.57,18.86,13,20,1.67,0.6,-119,VoLTE,TWR-003,7,0.97,0.27,87.91,95.89,22,0.92,0.61,0.97,56.67,0.74
b4020ce7-c192-44e1-8847-052a37126e0e,2026-07-21,TWR-002,58.97,9.91,14,5,1.88,1.5,-100,4G,TWR-004,5,0.31,0.81,88.79,99.02,95,0.93,0.77,0.63,39.16,0.83
80755347-a594-46f9-acaa-792a4e730bb8,2026-02-01,TWR-005,868.29,34.29,64,16,1.52,2.7,-90,5G,TWR-001,8,0.88,0.29,22.05,98.29,28,0.75,0.62,0.7,87.61,0.91
fed50451-4213-4ec9-acb4-16cc5aa067a3,2025-08-10,TWR-002,85.63,19.49,83,2,0.96,1,-86,4G,TWR-005,5,0.54,0.2,43.78,99.4,142,0.74,0.87,0.83,31.02,0.78
9822e895-af8e-428e-b6b0-b0567f6bfedc,2026-07-22,TWR-004,22.96,7.85,95,11,1.2,0.5,-72,VoLTE,TWR-004,0,0.55,0.33,66.56,95.74,128,0.9,0.71,0.83,54.57,0.96
53e50198-0d4d-4c64-b334-3e469fdc74de,2026-03-01,TWR-003,325.43,80.75,53,9,1.47,2.3,-100,5G,TWR-003,5,0.66,0.71,70.49,95.06,49,0.99,0.66,0.89,70.45,0.86
ef8e6042-1483-49c2-a076-c55980123a37,2026-03-13,TWR-002,67.11,9.72,60,16,0.72,0.3,-114,VoLTE,TWR-004,4,0.75,0.78,63.98,95.2,113,0.78,0.8,0.67,74.92,0.87
cb9b2f17-3d0d-4916-8551-bff77f012062,2026-07-19,TWR-004,711.82,36.17,49,19,1.62,2.5,-93,5G,TWR-001,1,0.66,0.75,63.08,99.18,70,0.7,0.66,0.78,39.21,0.76
ba4a55a0-08d4-4526-892c-8971c8744ef4,2025-10-17,TWR-005,40.96,11.25,12,20,0.69,1.1,-63,VoLTE,TWR-003,10,0.15,0.46,52.92,96.57,97,0.98,0.96,0.56,51.94,0.96
b1cd90a0-1991-46d6-8b52-4dbdef155d12,2026-01-22,TWR-002,56.64,14.75,12,5,0.96,3.1,-99,VoLTE,TWR-004,6,0.82,0.85,30.1,98.73,93,0.92,0.86,0.71,89.81,0.75
15a83d2a-7e5a-4870-b173-dbc5d1941d9c,2026-03-10,TWR-004,51.2,12.53,45,16,0.17,4.3,-106,4G,TWR-002,10,0.89,0.53,74.44,97.04,101,0.94,0.74,0.52,53.47,0.91
3738c148-ab35-432b-8696-287cfb3fdf30,2025-08-23,TWR-004,21.12,9.94,25,11,1.43,0.6,-73,4G,TWR-002,10,0.21,0.7,74.58,99.57,120,0.87,0.84,0.86,50.31,0.97
113ab060-f68e-4a5c-b15a-e49524491a39,2026-07-23,TWR-001,31.94,15.56,61,1,0.17,1.4,-66,4G,TWR-002,10,0.06,0.81,42.96,99.67,144,0.83,0.79,0.92,58.77,0.99
3af81b39-bd47-4f4e-a1a3-f774dc0a619c,2025-12-07,TWR-003,20.61,19.92,89,3,1.27,1.9,-60,VoLTE,TWR-002,6,0.28,0.2,56.57,96.24,38,0.74,0.86,0.62,33.76,0.73
337a230c-30d7-4193-99f3-de0ba3b146e1,2025-12-12,TWR-002,36.42,8.14,13,11,1.7,3,-85,VoLTE,TWR-001,1,0.64,0.24,63.17,99.75,63,0.9,0.94,0.74,38.65,0.82
fcc9ca02-b52d-40d4-8493-1eaa93a93c00,2026-07-04,TWR-004,60.45,18.53,46,19,1.66,2.1,-72,VoLTE,TWR-002,2,0.62,0.6,90.77,99.15,58,0.94,0.67,0.97,47.07,0.9
77078e14-0724-4b63-b0ae-349431576234,2025-10-22,TWR-001,81.12,10.33,20,10,0.23,2.3,-67,4G,TWR-003,3,0.67,0.68,69.35,96.72,28,0.75,0.97,0.99,51.92,0.89
29e62bd1-67e9-4444-904d-56dce6bd93ed,2025-12-31,TWR-003,72.49,19.51,86,3,1.55,0.1,-104,VoLTE,TWR-004,6,0.14,0.29,53.1,98.15,82,0.86,0.68,0.88,31.84,0.85
71857343-baec-419e-bfca-7cdd7ccb6912,2025-11-11,TWR-004,67.1,14.64,48,2,0.98,1.2,-86,VoLTE,TWR-002,4,0.01,0.6,90.69,97.38,37,0.73,0.83,0.56,37.47,0.97
eef52079-f0e9-46a5-8e0b-0ab1aff35a14,2025-09-30,TWR-001,90.56,17.18,12,5,0.81,3,-88,VoLTE,TWR-002,8,0.18,0.56,74.77,95.83,98,0.85,0.73,0.64,71.33,0.72
4d6bc1ea-471f-4a63-a3fe-24c80b9a21f6,2026-07-16,TWR-002,70.21,7.99,29,13,2,2.3,-70,VoLTE,TWR-004,0,0.66,0.15,91.3,98.25,120,0.82,0.94,0.85,75.05,0.91
0cb14a88-0ec1-4991-a99c-c0dfb19453ad,2026-02-28,TWR-005,55.69,10.04,54,9,1.72,4.6,-80,4G,TWR-005,9,0.27,0.2,20.35,99.81,135,0.93,0.7,0.72,32.38,0.79
9187b031-5a6a-45b2-8750-7430067bcf27,2026-06-02,TWR-001,812.26,77.86,83,18,1.65,0.2,-119,5G,TWR-005,6,0.92,0.57,76.78,98.9,64,0.93,0.61,0.54,56.52,0.74
afa25705-539e-4ed0-aa00-970c8354e719,2026-06-28,TWR-002,52.47,6.86,47,18,0.47,4.7,-81,VoLTE,TWR-003,6,0.98,0.48,33.12,99.68,27,0.85,0.61,0.5,76.58,0.94
37a7e9bc-939e-4418-bc7c-95f49df4940b,2026-05-30,TWR-003,73.93,13.57,41,16,1.84,2.4,-67,VoLTE,TWR-003,2,0.1,0.88,33.16,98.26,69,0.9,0.61,0.65,61.03,0.83
a2446be9-a991-4c5c-b3c3-ba0e945da51c,2026-03-20,TWR-005,515.09,32.55,35,3,1.27,3.7,-116,5G,TWR-005,6,0.69,0.19,21.97,95.09,149,0.95,0.94,0.79,56.95,0.9
47559725-d67e-4e17-8d3e-2207107d94c0,2025-11-30,TWR-005,724.9,49.1,32,2,0.45,5,-86,5G,TWR-003,9,0.43,0.24,81.54,98.37,53,0.77,0.71,0.57,34.15,0.96
1e5703a9-37c9-4275-9233-8748dc53100b,2026-02-21,TWR-004,56.13,9.48,41,17,1.81,0.6,-61,4G,TWR-003,1,0.14,0.35,34.44,96.52,145,0.93,0.76,0.76,52.25,0.98
f24b48da-a6ce-4291-89f6-bb27f608c4e3,2026-01-17,TWR-002,970.19,38.41,81,6,0.62,3.5,-104,5G,TWR-005,8,0.01,0.61,60.74,98.42,50,0.98,0.63,0.96,86.78,0.94
9a59ec0b-4b01-4dcd-a749-7e32d53788e0,2026-04-17,TWR-001,37.26,16.93,32,16,1.3,4,-110,4G,TWR-004,2,0.83,0.32,53.45,96.67,131,0.89,0.75,0.82,51.62,0.73
980bd5e9-6d75-4cb2-bcf1-b0018429ee64,2026-05-26,TWR-004,18.91,11.46,93,17,0.52,0.5,-83,VoLTE,TWR-003,7,0.19,0.42,71.15,96.17,87,0.94,0.61,0.84,32.98,0.99
58b6b5e9-b35d-4773-a59a-2e1eecf8ff5b,2025-11-29,TWR-003,47.03,16.44,71,18,0.24,3.5,-83,4G,TWR-004,4,0.47,0.21,69.49,99.29,84,0.77,0.82,0.61,62.11,0.83
fd7fd374-1903-4340-b19b-79897758e30b,2025-12-19,TWR-004,205.32,92.25,63,4,0.59,0.5,-67,5G,TWR-001,9,0.2,0.69,45.7,97.66,123,0.78,0.93,0.52,76.29,0.93
f2df2186-acf7-4b9a-9f51-63d51cf24859,2026-06-02,TWR-005,91.93,14.26,31,15,0.69,0.1,-111,4G,TWR-005,6,0.63,0.35,94.07,98.84,63,0.89,0.64,0.91,46.15,0.92
f2ed38d6-d3af-42f0-b56f-3c98da48743e,2025-08-30,TWR-004,49.58,17.21,49,8,0.85,3.6,-77,VoLTE,TWR-004,0,0.16,0.37,42.41,95.45,35,0.93,0.96,0.5,69.67,0.85
cd246dae-b168-4ac6-bdfb-cad6d7b16d47,2025-12-22,TWR-003,69.66,16.73,44,10,1.68,1.7,-120,VoLTE,TWR-002,1,0.77,0.54,25.84,97.62,126,0.97,0.66,0.94,74.1,0.84
1280a97b-d2ab-4568-a4bb-788d7bb9806c,2025-10-31,TWR-004,30.8,5.01,24,14,1.13,1.4,-115,VoLTE,TWR-001,7,0.34,0.88,36.85,95.68,66,0.74,0.72,0.85,74.63,0.82
35474969-be2f-4c9f-88da-86061000a94a,2025-12-13,TWR-002,57.36,10.46,91,5,0.22,2.8,-65,VoLTE,TWR-003,3,0.36,0.57,78.78,95.89,85,0.85,0.95,0.8,44.38,0.99
622d67cb-047a-4fc7-b835-516f45217dd0,2026-05-24,TWR-004,44.42,12.86,12,5,0.94,3.7,-75,VoLTE,TWR-001,6,0.11,0.71,72.58,98.25,46,0.84,0.95,0.74,53.9,0.91
e8edc642-b147-463f-8d40-7124db76ae04,2026-07-24,TWR-005,880.67,66.58,79,7,0.54,2.6,-89,5G,TWR-005,10,0.54,0.67,45,95.8,124,0.76,0.94,0.65,86.28,0.96
17cd8a0c-b407-414f-8417-b0a4afedc8ad,2025-10-25,TWR-003,317.99,27.71,81,8,1.61,4.5,-90,5G,TWR-001,3,0.71,0.57,27.44,95.15,30,0.78,0.97,0.94,50.25,0.84
423e8606-bda5-4749-8d18-43876a71a61e,2026-05-22,TWR-004,979.33,32.97,21,4,0.2,3.5,-98,5G,TWR-002,5,0.69,0.53,78.18,99.26,148,0.95,0.89,0.55,60.36,0.9
05da8148-a7be-4e70-93d5-7d644f81dca2,2026-05-24,TWR-003,93.42,6.59,72,4,1.78,1.5,-87,4G,TWR-002,3,0.62,0.6,70.1,95.76,105,0.85,0.8,1,58.85,0.98
96ce7ef8-2fc2-4c5a-928c-791ddadc5d42,2026-05-17,TWR-004,16.97,12.68,13,2,1.48,2.8,-84,VoLTE,TWR-005,8,0.78,0.77,88.47,99.63,67,0.95,0.67,0.65,40.7,0.82
bebf3889-b850-476b-b4e0-b0d191bd4662,2026-03-19,TWR-004,62.45,13.67,28,6,1.24,3.5,-95,4G,TWR-003,10,0.92,0.69,78.27,98.23,59,1,0.86,0.55,42.41,0.71
b06df711-29dc-422f-afb1-67eb07763ba0,2026-02-15,TWR-004,71.17,14.31,35,10,1.04,0.3,-73,4G,TWR-005,8,0.92,0.51,51.76,95.31,93,0.72,0.82,0.75,51.55,0.82
b2c05bbf-5d2e-4c16-bb7d-0ce9977ea37a,2025-12-30,TWR-001,795.37,58.34,31,19,0.06,1.4,-98,5G,TWR-005,9,0.95,0.64,43.24,95.28,34,0.77,0.8,0.74,57.35,0.98
8d205393-703f-4d5b-a951-127bec011f1c,2026-05-02,TWR-004,12.38,12.83,27,20,1.33,4.1,-91,4G,TWR-004,9,0.28,0.61,67.38,98.24,99,0.85,0.99,0.79,61.09,0.95
795d3150-573f-4370-91fa-3de2d1c46ae8,2026-06-12,TWR-002,68.76,17.95,22,12,0.36,0.4,-94,4G,TWR-002,8,0.31,0.36,29.88,96.58,49,0.71,0.91,0.78,37.9,0.88
2df733da-32e7-48a6-b61f-e3d75c843086,2026-06-04,TWR-002,754.48,79.12,92,12,0.63,3.8,-60,5G,TWR-005,5,0.57,0.45,51.46,98.67,133,0.98,0.75,0.78,59.86,0.72
0cacd42e-03e8-442d-aa81-037ee887470c,2026-06-25,TWR-005,15.29,11.27,85,15,1.88,4.5,-65,VoLTE,TWR-003,1,0.03,0.51,48.12,95.85,109,0.86,0.88,0.62,62.72,0.76
e888c183-1e64-4052-9a5d-657897395e51,2025-09-25,TWR-005,24.1,7.22,77,7,0.83,0.5,-72,4G,TWR-005,10,0.52,0.63,37.33,95.17,111,0.82,0.85,0.53,48.23,0.74
4bd4d0b0-e2bc-4eb3-9781-d10c91c0ee07,2026-06-19,TWR-003,471.16,26.79,24,17,0.37,4.8,-114,5G,TWR-001,8,0.14,0.56,30.68,97.88,129,0.88,0.99,0.91,82.34,0.72
050443e8-d62b-4f09-a308-da192b6e2079,2025-09-01,TWR-003,246.31,40.89,89,4,0.41,1,-108,5G,TWR-002,7,0.03,0.74,89.73,98.8,125,0.98,0.96,0.86,43.56,0.76
60a8cd57-6757-40dc-bd52-2c71c140514b,2025-10-19,TWR-004,526.73,27.05,25,17,0.88,0.6,-87,5G,TWR-003,5,0.99,0.71,25.44,98.53,109,0.96,0.85,0.93,33.6,0.73
388c1214-fab1-4e7f-8537-6e5b94dff6e3,2026-05-06,TWR-004,59.79,11.94,86,5,1.46,3.2,-64,4G,TWR-002,5,0.12,0.8,34.14,98.72,48,0.87,0.93,0.62,74.84,0.96
c06b1fa0-7df2-472e-bdcb-57dda446eb05,2025-10-22,TWR-003,76.89,17.07,85,1,1.38,1.8,-93,VoLTE,TWR-004,6,0.43,0.22,88.21,98.65,135,0.94,0.69,0.79,60.22,0.83
2ef6f502-2a80-4bb1-864e-13de6a831660,2026-05-20,TWR-004,85.64,7.94,80,19,1.61,4.8,-112,4G,TWR-001,4,0.13,0.24,37.03,97.24,131,0.99,0.83,0.75,72.71,0.81
74e5a3b8-4100-44e7-9be1-f1437a3fbd2f,2026-02-27,TWR-002,50.92,15.66,85,20,1.35,0.3,-78,VoLTE,TWR-005,2,0.55,0.25,56.86,96.76,20,0.77,0.81,0.74,34.4,0.98
87a1cf7b-8f51-4aaf-8fb0-55fc857793ba,2025-10-03,TWR-003,199.61,30.52,35,7,0.46,0,-68,5G,TWR-005,7,0.73,0.64,88.38,97.51,131,0.73,0.69,0.96,79.7,0.84
268dac1e-b6ce-486d-83f2-6af26a67ed3d,2025-10-11,TWR-003,38.45,12.64,86,4,1.57,1.2,-94,4G,TWR-001,4,0.44,0.46,93.35,97.29,47,0.83,0.96,0.71,83.51,0.91
bfccdd65-322d-4163-a384-0dffbad69f10,2025-09-18,TWR-005,52.05,13.58,14,8,0.22,2.9,-93,4G,TWR-002,9,0.06,0.78,72.7,96.45,25,0.76,0.89,0.9,55.69,0.97
48c69e60-ddb0-4fa5-9067-9bca149f5967,2026-06-17,TWR-005,705.88,75.28,61,18,0.79,1.9,-90,5G,TWR-005,8,0.39,0.24,21.73,96.13,140,0.75,0.62,0.85,47.77,0.88
8167b074-f361-492f-96a8-9a78489ddf57,2026-07-07,TWR-004,91.73,17.61,31,14,1.55,0.1,-97,VoLTE,TWR-004,0,0.2,0.17,25.2,96.04,98,0.94,0.62,0.79,73.49,0.76
367335c6-98cb-4d0b-ba51-1f6ef6c1dbc4,2025-12-04,TWR-001,77.11,8.09,59,13,0.51,1,-92,VoLTE,TWR-001,8,0.9,0.47,62.4,98.73,87,0.95,0.94,0.74,35.72,0.91
9cd50b64-411e-4fe7-9f05-971727e211b7,2026-07-02,TWR-001,69.71,18.32,65,6,0.38,0.7,-114,VoLTE,TWR-005,9,0.31,0.72,40.16,98.04,80,0.78,0.65,0.89,88.62,0.86
47b722c0-c551-49d5-a56b-7e585082c9d6,2025-09-04,TWR-001,347.41,71.34,93,8,0.57,1.1,-101,5G,TWR-004,3,0.27,0.79,67.13,96.26,148,0.72,0.86,0.79,82.6,0.79
cf28ee1e-bffd-4b91-8980-b93ded598ea3,2026-03-15,TWR-005,45.64,15.29,87,6,1.18,4.3,-104,VoLTE,TWR-001,1,0.37,0.77,48.09,98.59,27,0.96,0.94,0.75,68.55,0.98
e4c538bc-ae47-4256-ba89-91460c1d29a7,2026-03-29,TWR-004,728.28,41.31,46,3,0.19,3.2,-75,5G,TWR-002,7,0.86,0.71,71.35,96.47,122,0.98,0.67,0.9,42.78,0.75
2334b071-25a7-4351-b6e3-8dc09baca52e,2025-08-12,TWR-002,55.02,11.33,43,4,0.12,3.1,-109,4G,TWR-004,8,0.04,0.7,50.14,97.69,107,0.82,0.83,0.58,88.15,0.84
e29b6989-ef28-46ad-8022-78d794f93763,2025-08-03,TWR-003,35.3,9.55,79,15,0.16,4.5,-62,4G,TWR-002,8,0.84,0.77,61.18,96.84,141,0.77,0.7,0.88,50.6,0.77
0e4e476e-8765-4163-9e10-6353b75449d9,2026-06-24,TWR-004,70.35,9.78,83,8,1.03,0.9,-108,4G,TWR-002,3,0.33,0.12,82.01,98.56,115,0.85,0.96,0.64,68.6,0.93
bbe971f6-2f02-4ff8-8781-574314329815,2026-02-17,TWR-002,416.46,63.34,65,17,0.53,4,-98,5G,TWR-002,3,0.8,0.51,81.51,98.03,44,0.94,0.64,0.71,33.9,0.98
9ad12426-4384-4522-8719-6053de3a760c,2026-04-14,TWR-004,76.37,16.01,10,14,0.64,0.3,-113,4G,TWR-002,3,0.55,0.45,54.53,96.06,109,0.96,0.89,0.53,73.01,0.84
50c5c03d-ca16-4e9f-a6b5-834dc94a987b,2025-11-04,TWR-005,798.9,21.85,95,13,1.84,3.6,-86,5G,TWR-004,6,0.3,0.4,68.77,96.45,121,0.79,0.84,0.74,57.19,0.73
9efb7ad6-f859-4f9b-86c8-42b322ff252d,2025-11-20,TWR-002,57.84,16.6,21,3,1.46,2.5,-86,VoLTE,TWR-002,9,0.59,0.71,90.24,95.33,43,0.84,0.96,0.85,60.75,0.87
b260305c-a77f-4195-ad0f-b2ba2e5cc3e0,2025-08-02,TWR-002,11.13,16.2,35,7,1.38,3.3,-89,VoLTE,TWR-005,6,0.28,0.25,75.93,98.46,69,0.81,0.86,0.64,56.1,0.9
b1cbd6c3-e8a4-4feb-9330-a551e03218b6,2026-04-09,TWR-002,294.76,54.39,69,17,1.32,1.1,-115,5G,TWR-003,3,0.66,0.26,76.02,97.98,130,0.82,0.64,0.77,82.38,0.98
f544317e-9c3e-44ea-9c13-c2d85fd7d3c9,2026-03-15,TWR-004,47.08,14.53,19,12,1.93,0.2,-104,4G,TWR-001,6,0.15,0.66,81.59,96.84,113,0.85,0.82,0.9,79.35,0.79
e09279e5-409a-482f-902e-4bbbe7bc2e52,2025-07-31,TWR-005,95.56,17.81,57,9,1.35,2.3,-66,VoLTE,TWR-005,3,0.62,0.27,52.26,97,40,0.79,0.9,0.61,41.17,0.91
8316701d-01cc-403e-993f-1f8c089e0328,2025-10-25,TWR-002,70.16,15.67,58,1,1.91,1.8,-116,4G,TWR-005,6,0.43,0.61,78.95,95.83,46,0.77,0.74,0.81,80.05,0.8
00fbba43-53ec-48c4-928a-3cbedd6f7c6e,2026-01-30,TWR-001,79.83,13.45,59,2,1.39,2.9,-96,4G,TWR-003,8,0.39,0.15,80.17,95.71,58,0.89,0.85,0.71,30.27,0.97
327eb5ee-7588-48c0-a10d-b68b7da6535c,2026-01-15,TWR-004,42.87,18.1,98,15,1.28,0.5,-118,4G,TWR-005,3,0.09,0.15,79.35,98.81,138,0.8,0.81,0.76,80.22,0.88
306fdf38-f237-4f1c-ac5e-0740d3fff663,2025-08-04,TWR-005,80.95,16.33,99,14,1.61,1.8,-88,VoLTE,TWR-004,8,0.03,0.62,38.17,96.47,24,0.86,0.85,0.93,45.23,0.99
c8239a1a-7c62-4b83-8c09-ff3e92feeaf6,2026-04-24,TWR-005,98.72,15.32,20,10,0.68,1.8,-103,VoLTE,TWR-002,7,0.64,0.11,77.62,97.41,85,0.98,0.95,0.75,86.54,0.89
4d518fbe-0b43-429c-b76f-4066d6e27ec5,2025-12-03,TWR-005,10.14,12.95,66,15,1.31,4.9,-102,4G,TWR-004,9,0.88,0.8,55.13,96.6,75,0.81,1,0.94,80.36,0.95
7ad1eaba-26ab-4139-bacd-e1b0697b5e10,2025-11-10,TWR-005,52.77,19.13,88,3,0.69,4.4,-98,VoLTE,TWR-003,8,0.66,0.44,43.82,95.26,99,0.9,0.92,0.86,46.1,0.95
8123c934-09b4-4bd8-957f-d1085dc442ed,2026-03-19,TWR-005,51.39,8.94,23,7,0.07,3.7,-83,VoLTE,TWR-003,8,0.88,0.5,50.38,95.61,58,0.94,0.85,0.66,63.38,0.77
c2184ab1-53e5-4b2c-a2b3-193f7a4d502e,2025-09-16,TWR-005,516.82,37.98,58,13,0.02,4.8,-105,5G,TWR-002,10,0.42,0.11,88.77,95,127,0.95,0.62,0.73,32.8,0.78
ae151439-6f1a-4439-b6ee-48781f7da27e,2025-10-06,TWR-003,38.85,18.38,34,17,1.78,2.5,-116,VoLTE,TWR-004,1,0.7,0.67,94.68,95.47,76,0.87,0.85,0.98,49.94,0.8
78bf9995-c24a-46ce-8a7f-45b5f3093a79,2025-09-06,TWR-001,105.56,25.68,95,15,0.3,1.3,-65,5G,TWR-005,5,0.2,0.76,38.42,98.71,89,0.85,0.73,0.86,64.12,0.99
9988067a-aa30-4507-93cf-6d7154ff796b,2026-05-16,TWR-004,73.02,5.27,11,17,1.98,4.5,-67,4G,TWR-002,4,0.71,0.37,47.22,95.92,38,0.97,0.86,0.64,87.89,0.75
fbf32db8-60f2-4f89-a2a7-4f5bd54f122b,2025-09-15,TWR-001,23.1,15.13,47,15,1.86,4.4,-84,4G,TWR-002,6,0.86,0.72,79.26,98.87,67,0.88,0.63,0.75,39.01,0.92
58f855d4-944d-4860-90b2-d8911c1690b6,2026-04-11,TWR-002,179.75,98.07,11,12,0.92,2.6,-91,5G,TWR-005,0,0.22,0.33,54.12,98.47,57,0.72,0.91,0.53,32.1,0.71
40ef5cef-9870-4a79-b901-6fe973a5355c,2026-07-14,TWR-005,614.7,84.34,25,14,1.62,0.7,-116,5G,TWR-004,6,0.77,0.73,73.17,99.32,83,0.95,0.94,0.66,45.65,0.73
c55053e8-11b5-44d8-946c-42683f42c5f8,2026-06-23,TWR-001,910.99,54.19,49,11,0.56,4.9,-112,5G,TWR-004,7,0.98,0.61,63.08,97.68,35,0.83,0.6,0.57,50.45,0.72
29846486-362f-4d07-b501-4455f10aac61,2025-08-04,TWR-003,30.4,12.43,54,2,0.5,3.5,-82,VoLTE,TWR-002,2,0.15,0.1,90.45,97.34,23,0.86,0.98,0.9,85.45,0.85
ff2d87b8-56d2-4b49-9c71-96178556df6b,2026-01-07,TWR-002,892.22,49.13,95,9,0.63,3.9,-84,5G,TWR-001,6,0.68,0.27,53.59,99.52,115,0.85,0.94,0.94,36.28,0.8
f0eea739-c7ff-4f87-b05e-39cbf4847479,2025-12-20,TWR-005,12.67,7.91,28,3,0.4,0.8,-90,VoLTE,TWR-001,7,0.42,0.87,37.73,96.74,122,0.93,0.64,0.5,57.33,0.8
de1ee990-5c16-4f49-8596-e3598a51d46d,2026-07-16,TWR-005,294.92,25.58,33,15,0.24,4.9,-69,5G,TWR-002,0,0.53,0.59,57.78,97.24,86,0.97,0.77,0.79,59.46,0.93
c85e0930-4b80-42b4-9499-cef00b68afa3,2026-01-30,TWR-001,663.35,46.94,68,3,1.52,4.9,-75,5G,TWR-003,5,0.54,0.86,94.67,98.2,86,0.71,0.97,0.54,46.26,0.76
a9e91868-c692-42bd-8faa-0a4cdbf1d6db,2026-06-19,TWR-004,252.31,53.39,90,5,1.01,0.1,-105,5G,TWR-003,2,0.56,0.54,76.55,97.11,63,0.86,0.69,0.69,39.58,0.74
019e905a-74e2-4576-9f6e-96047e7da929,2026-05-11,TWR-003,81.16,13.61,20,3,1.79,2.2,-67,4G,TWR-003,6,0.22,0.83,58.09,95.66,74,0.97,0.73,0.59,53.14,0.79
70cf8b34-2000-4090-859a-ec4ca7a94f23,2026-02-20,TWR-001,795.57,45.17,84,3,0.75,1.9,-76,5G,TWR-005,7,0.43,0.13,62.73,95.95,138,0.77,0.98,0.63,81.85,0.81
e619a7b2-ac8c-45cf-84de-d33fead731ae,2025-12-27,TWR-005,49.26,9.43,49,7,0.48,1.5,-111,4G,TWR-002,5,0.46,0.62,27.58,98.76,25,0.99,0.96,0.64,40.4,0.74
710f621c-6c9f-49b6-a679-ca53fb7c60d6,2026-03-17,TWR-002,786.68,56.98,70,17,1.82,1.1,-116,5G,TWR-002,6,0.07,0.49,59.16,95.86,127,0.78,0.68,0.86,70.3,0.76
9f3c9c3d-a88c-47b3-bd5d-9e12ee01058b,2025-10-31,TWR-005,971.24,29.89,61,2,0.99,2.3,-78,5G,TWR-003,8,0.95,0.25,95,98.89,39,0.74,0.85,0.91,66.97,0.79
2eb839a2-53ed-4e76-a35a-a703ebadddb1,2026-06-25,TWR-004,63.28,17.49,45,14,1.09,3.5,-70,VoLTE,TWR-005,5,0.6,0.82,58.94,97.81,135,0.92,0.8,0.71,61.8,0.74
a1d27d4a-3c74-48c9-af8c-94e7071e1681,2026-07-14,TWR-003,87.25,19.35,91,6,1.03,2.8,-91,4G,TWR-002,6,0.39,0.69,38.41,95.18,112,0.82,0.79,0.85,46.38,1
abc5c0e7-fac4-491b-be57-4b1d7643e992,2025-09-10,TWR-001,24.96,12.63,22,19,1.25,1.3,-115,VoLTE,TWR-001,5,0.43,0.51,30.14,96.27,114,0.83,0.65,0.93,61.43,0.73
0f80e450-3a2b-46f3-a1dc-324c2871742c,2025-08-25,TWR-001,25.81,9.62,69,5,1.9,0.1,-111,VoLTE,TWR-004,9,0.23,0.24,32.05,96.12,44,0.92,0.96,0.97,89.26,0.99
465aebe8-dc62-4628-b972-d05d04473960,2026-04-13,TWR-002,793.27,72.54,18,8,1.49,2.9,-70,5G,TWR-005,7,0.92,0.53,87.91,97.84,101,0.94,0.65,0.69,54.89,0.88
ed7eb855-0ce0-4a2b-a11a-a94a56e50cfa,2025-09-26,TWR-002,22.49,11.42,60,20,1.28,2.4,-62,VoLTE,TWR-005,8,0.88,0.81,51.24,99.36,65,0.72,0.88,0.77,75.55,0.81
65494ef4-bdc8-4ab5-8eb3-904b2b50125a,2026-06-11,TWR-001,866.91,41.95,73,1,1.3,1.1,-104,5G,TWR-003,6,0.1,0.79,45.52,95.56,92,0.85,0.86,0.62,85.18,0.73
37818791-374d-456d-bae0-f586e6fa1ac1,2025-08-17,TWR-001,83.7,15.81,72,4,0.51,0.2,-86,VoLTE,TWR-001,4,0.25,0.53,50.23,96.45,70,0.92,0.85,0.96,59.5,0.84
9f316c91-1b78-4a23-9398-9a9b94ff1217,2025-10-28,TWR-003,401.04,20.45,32,13,0.38,1.4,-103,5G,TWR-002,6,0.15,0.25,79.11,99.87,55,0.95,0.98,0.52,30.09,0.93
e78e909e-d6ed-43a4-a40c-8a20d82a4aa1,2025-07-28,TWR-005,30.07,19.09,27,14,0.37,3.3,-77,4G,TWR-001,10,0.29,0.47,88.05,97.05,74,0.78,0.84,0.73,74.88,0.84
1af04164-756f-43b7-983e-0664f5f04c44,2025-10-18,TWR-005,17.67,7.32,32,7,0.08,1,-98,4G,TWR-002,9,0.74,0.14,50.91,99.57,64,0.8,0.97,0.98,53.52,0.98
94a6daab-ebb6-4673-9d55-3e82db0bd4f5,2025-12-05,TWR-001,96.91,10.48,62,1,0.72,1.4,-99,VoLTE,TWR-005,6,0.52,0.51,46.98,96.64,64,0.83,0.97,0.79,61.7,0.73
77b5afef-b397-4c18-8014-8b95f545dda0,2026-01-06,TWR-001,82.83,15.14,45,18,1.63,3.7,-61,4G,TWR-004,8,0.83,0.22,59.95,99.04,64,0.74,0.69,0.95,34.23,0.97
fd199ad3-52a0-41cb-a293-7f80d593ae5f,2026-07-24,TWR-005,45.81,10.64,25,16,0.1,3.1,-105,VoLTE,TWR-005,4,0.45,0.36,78.6,97.62,61,0.91,0.66,0.8,63.72,0.98
27b44050-b5ee-4a5e-808e-f439fd6d749a,2025-12-08,TWR-001,542.26,75.8,79,19,1.65,5,-60,5G,TWR-004,5,0.22,0.68,33.02,99.12,121,0.91,0.86,1,34.81,0.93
333d75dd-39b5-406c-b386-5afd1b25fedc,2025-11-18,TWR-005,13.73,18.68,92,13,1.48,3.5,-72,4G,TWR-003,3,0.8,0.51,58.99,99.41,48,0.81,0.73,0.86,57.68,0.84
5e4656a7-caba-43e9-9a77-b7fdc5e891af,2025-12-19,TWR-003,731.17,45.44,37,4,1.18,3.3,-77,5G,TWR-003,3,0.75,0.74,25.08,95.11,132,0.76,0.87,0.9,77.08,0.94
9a937383-a831-40bd-b96e-2af36dacd898,2026-02-24,TWR-004,98.17,9.38,63,6,1.06,1.6,-97,4G,TWR-005,7,0.99,0.85,82.43,97.22,33,0.78,0.86,0.6,48.7,0.83
bd5d58fd-07e8-49a6-9d91-bdd49b2a6231,2026-01-27,TWR-004,719.21,30.98,23,5,1.18,0.2,-69,5G,TWR-003,10,0.74,0.29,46.16,98.22,50,0.81,0.64,0.88,84.44,0.8
8169084d-824a-4071-9744-8f8eb1878568,2026-04-26,TWR-003,65.45,7.38,88,18,1.91,2.5,-84,4G,TWR-005,6,0.05,0.65,58.36,97.7,20,0.76,0.68,0.74,64.08,0.96
0e37676d-7e35-4367-8c49-f15a5f155dc4,2026-03-15,TWR-004,78.13,12.11,63,19,1,1.8,-72,VoLTE,TWR-002,7,0.81,0.76,29.66,95.56,132,0.81,0.86,0.6,51.09,0.73
86c57a7a-8738-412c-8c3f-c74e47e3fcbb,2025-10-04,TWR-004,697.11,62.75,51,20,0.33,4.5,-98,5G,TWR-001,4,0.93,0.16,59,99.57,22,0.82,0.71,0.62,76.01,0.96
6592fc13-b706-4e2f-a40b-3998a8cc08ca,2026-06-04,TWR-001,594.78,61.16,30,17,1.59,1.8,-87,5G,TWR-005,3,0.92,0.5,23.57,96.32,53,0.73,0.89,0.57,37.85,0.71
a1b16e33-5244-489f-8b77-1f3faa918c2f,2026-07-10,TWR-002,72.72,19.04,76,16,1.9,0.3,-81,VoLTE,TWR-001,9,0.42,0.77,30.42,99.03,108,1,0.7,0.69,58.84,0.89
fab80d2a-e1e1-4d58-aa54-0bf5912aca4c,2026-06-19,TWR-004,15.81,17.48,23,20,1.87,4.8,-72,4G,TWR-002,3,0.32,0.49,37.36,95.03,99,0.81,0.92,0.66,35.13,0.73
b05494d1-266d-4b9c-a00c-93adaad1e9bd,2026-02-19,TWR-005,415.48,59.01,60,17,1.58,1.9,-110,5G,TWR-005,9,0.48,0.81,60.13,99.81,93,0.7,1,0.71,84.7,0.84
6333e197-ed9c-42c4-a99a-24058e067c10,2026-02-20,TWR-005,19.42,12.74,64,14,1.62,2.6,-112,4G,TWR-003,4,0.59,0.76,58.29,97.47,42,0.73,0.87,0.65,43.37,0.88
d28a88bd-794c-4242-814d-53e173392d56,2026-07-03,TWR-001,44.37,17.4,91,18,1.16,3.3,-95,4G,TWR-005,0,0.87,0.76,22.1,98.62,73,0.8,0.64,0.9,88.3,0.92
779e6370-eb42-4710-92d1-fb49c5f9aef7,2026-05-07,TWR-003,208.49,28.7,52,2,1.25,2.5,-113,5G,TWR-002,4,0.26,0.83,34.18,96.33,46,0.75,0.97,0.86,65.6,0.81
ccddb7ee-6de2-49f5-8f28-cd7e07dc0399,2025-08-05,TWR-005,622.51,55.19,53,16,1.26,2.6,-103,5G,TWR-004,3,0.73,0.51,61.84,98.1,49,0.95,0.81,0.85,68.03,0.9
5e9f7158-c9b2-4486-a3b4-2e0d550bf0f2,2026-03-15,TWR-002,519.62,54.01,50,10,0.88,4,-111,5G,TWR-003,2,0.39,0.66,79.98,99.42,147,0.77,0.92,0.83,88.36,0.82
cfad79ce-0a7f-4837-9b29-9fe62b327ff5,2026-02-12,TWR-004,16.05,9.95,60,15,0.4,2.5,-99,VoLTE,TWR-004,9,0.87,0.27,23.67,99.53,102,0.89,0.82,0.91,70.6,0.71
b74db24b-39f4-4a62-9a79-02bfe0461f32,2025-09-02,TWR-002,63.65,15.33,96,10,0.57,1.8,-64,4G,TWR-005,8,0.31,0.45,57.38,98.43,83,0.9,0.75,0.77,49.7,0.95
e0d64334-388b-48e3-bcd0-e3618f533126,2025-09-02,TWR-002,852.81,90.54,86,7,1.05,1.9,-96,5G,TWR-004,9,0.22,0.88,30.39,95.09,110,0.99,0.85,0.6,39.58,0.75
9861522d-555c-4a6a-bcbc-2dfac3ceee94,2026-03-21,TWR-003,43.03,15,45,15,1.5,3.7,-84,VoLTE,TWR-002,4,0.18,0.12,34.36,97.59,61,0.92,0.8,0.58,40.14,0.9
afb7fba0-3682-4bb0-bfde-5a83b32e2c34,2025-10-04,TWR-004,49.97,14.98,29,1,0.78,3.5,-113,4G,TWR-002,6,0.87,0.47,85.22,99.27,117,0.98,0.63,0.72,70.17,0.96
2283c219-7118-44be-8b45-70a9458fe17a,2025-11-12,TWR-005,750.87,86.76,48,11,0.54,3.5,-119,5G,TWR-005,9,0.83,0.88,29.62,99.17,35,0.83,0.62,0.91,40.9,0.83
54fef7cc-b171-463e-bbcf-9f4e7dcee244,2026-03-08,TWR-004,14.46,18.16,61,12,0.91,4.8,-84,4G,TWR-003,8,0.49,0.45,30.16,96.09,58,0.83,0.72,0.5,73.68,0.75
79a3437c-7a74-408a-bbd6-de5f27bb63df,2025-12-16,TWR-003,79.64,8.73,89,6,1.04,3.7,-101,4G,TWR-002,8,0.97,0.25,48.73,98.84,45,0.72,0.68,0.85,81.06,0.79
6efa1c33-9c21-4fdd-94fc-999da8197b26,2025-09-17,TWR-001,788.2,42.07,90,18,1.87,3.6,-104,5G,TWR-001,0,0.06,0.68,22.15,98.01,28,0.81,0.82,0.99,36.27,0.94
62751442-173a-4db0-8e3d-36949162e588,2026-07-16,TWR-001,941.26,68.68,77,16,0.53,1.6,-74,5G,TWR-003,2,0.9,0.5,41.86,96.33,95,0.92,0.91,0.61,39.46,0.76
e1e673ea-f234-4fdf-9b09-07fe6523337b,2026-04-12,TWR-002,11.8,10.36,68,18,1.26,3.9,-97,4G,TWR-005,3,0.55,0.57,45.82,99.17,149,0.84,0.69,0.85,72.11,0.86
171e6614-55f0-475e-8fc5-5bce6707b3ef,2026-07-16,TWR-005,36.08,14.58,23,9,1,0.7,-66,VoLTE,TWR-002,1,0.74,0.51,59.48,96.77,100,0.91,0.63,0.7,62.88,0.72
e0530ce6-03e2-4a40-97d4-103b8f0690a7,2026-05-01,TWR-003,91.8,11.12,73,14,1.82,4.6,-91,4G,TWR-004,3,0.77,0.2,79.43,98.31,109,0.85,0.86,0.91,51.48,0.95
78f448ab-cd6e-4bfc-9742-817944e49075,2025-10-23,TWR-005,473.63,40.35,58,5,1.82,3.8,-99,5G,TWR-002,2,0.08,0.77,21.47,95.83,25,0.82,0.73,0.57,43.7,0.89
f22e211d-cacd-4841-b51d-504f3142d74f,2025-12-01,TWR-001,205.38,84.47,24,2,1.12,0.3,-87,5G,TWR-003,2,0.88,0.82,88.15,95.45,120,0.96,0.88,0.68,75.19,0.86
4b126105-c141-48a3-b3c3-3c51f1c09883,2025-11-29,TWR-004,84.95,12.62,29,17,1.57,0.7,-80,4G,TWR-002,5,0.84,0.32,94.59,96.68,42,0.71,0.84,0.91,30.67,0.98
a3c8c5e3-61b7-4ac5-b653-94f03a7917a5,2026-05-15,TWR-003,457.11,91.84,31,15,0.17,3.9,-91,5G,TWR-003,9,0.03,0.41,80.54,96.87,84,0.83,0.95,0.95,60.47,0.89
5c3b1545-48b3-40d7-9927-454624cdb6f1,2026-06-03,TWR-001,29.66,8.62,18,16,1.2,0.6,-109,VoLTE,TWR-003,2,0.74,0.76,85.49,98.91,144,0.93,0.88,0.7,77.09,1
09c39b51-0990-455e-9837-cab49777fbed,2026-05-30,TWR-004,439.95,66.26,95,14,1.62,1.2,-81,5G,TWR-004,6,0.7,0.71,36.65,99.03,137,0.89,0.98,0.57,53.07,0.79
541faf75-3d1e-4ef7-aab3-5a28c76c3b0b,2026-01-10,TWR-003,69.28,18.9,15,2,0.19,4.8,-90,4G,TWR-002,4,0.49,0.73,37.76,95.11,138,0.88,0.85,0.88,77.2,0.83
dad156e8-45b7-4a0e-a738-3878fe77bf9e,2026-01-03,TWR-004,27.33,11.68,78,14,0.04,0.9,-120,4G,TWR-005,4,0.01,0.37,58.08,98.44,51,0.86,0.75,0.74,60.58,0.76
171482e7-1857-4daa-a2fe-0cf3cb474364,2026-04-28,TWR-004,84.37,18.19,55,15,0.33,5,-94,4G,TWR-003,2,0.37,0.19,93.62,96.11,48,0.86,0.83,0.87,71.62,0.96
fdb48f5f-9b12-499d-957e-8d9839660bc3,2026-06-23,TWR-005,962.26,50.42,10,10,2,1.1,-71,5G,TWR-001,5,0.96,0.89,84.44,97.3,133,0.88,0.67,0.84,31.02,0.95
cdcdc89c-8b58-4231-a979-ee52d9137ffc,2026-04-14,TWR-005,741.26,68.9,59,6,0.52,0.5,-112,5G,TWR-002,5,0.12,0.24,43.64,99.06,54,0.84,0.89,0.99,58.26,0.79
16c5e357-71c2-4d11-bc9e-b0123cae247b,2026-01-04,TWR-001,60.78,18.83,83,17,1.97,2.3,-82,VoLTE,TWR-005,1,0.46,0.35,46.48,97.45,92,0.76,0.82,0.59,70.38,0.75
72fe554e-b43c-44ca-a03d-a025e800b127,2025-10-19,TWR-001,70.67,14.62,28,9,1.38,2.4,-104,4G,TWR-001,7,0.23,0.37,50.81,95.43,112,0.89,0.69,0.55,45.68,0.92
9c035edc-1b56-40ce-b48f-15e0d17f5940,2026-03-19,TWR-003,896.92,38.18,46,17,0.65,2,-85,5G,TWR-003,3,0.34,0.47,55.96,96.72,139,0.85,0.88,0.51,69.38,0.74
75005106-2c19-4f1b-a200-fa13d12dc6f9,2026-02-04,TWR-001,799.16,59.23,12,12,1.59,2.2,-77,5G,TWR-003,4,0.54,0.78,32,97.41,70,0.79,0.98,0.8,51.27,0.82
8032134f-1d9d-40cd-9b99-e3c9c9140649,2026-04-27,TWR-003,58.08,16.16,48,18,1.87,2.9,-100,VoLTE,TWR-002,1,0.74,0.49,75.9,96.76,26,0.72,0.72,0.92,72.3,0.83
cf24e9fd-c6f6-48af-a312-e47871a74e33,2026-01-22,TWR-003,709.51,30.95,96,17,1.4,2.8,-86,5G,TWR-002,7,0.35,0.85,84.73,95.05,61,0.8,0.77,0.81,30.78,0.9
a4c05c8c-dc60-4912-8c79-98acb1f13836,2025-08-06,TWR-005,821.52,30.13,84,6,1.92,3.3,-119,5G,TWR-001,6,0.7,0.88,46.77,95.43,26,0.72,0.66,0.72,77.2,0.94
4c7b5368-90b0-4020-8c9d-4bb91af48328,2025-11-12,TWR-002,72.73,17.33,25,12,0.31,3.9,-116,VoLTE,TWR-005,1,0.04,0.64,34.72,98.06,99,0.79,0.92,0.88,52,0.78
47efa867-2ac0-49a9-881b-5ce430c6acf6,2026-07-17,TWR-005,79.14,7.85,65,8,1.22,3.1,-111,VoLTE,TWR-001,4,0.04,0.34,80.53,95.43,53,0.92,0.68,0.83,58.46,0.78
bc8f025d-4f7c-440e-9220-cf79dff17181,2026-04-11,TWR-005,90.66,15.34,48,8,0.38,4.6,-68,VoLTE,TWR-005,2,0.6,0.56,59.68,95.39,112,0.86,0.66,0.66,68.35,1
a860ac03-1a40-4bc6-b08f-e75d2fcf0ab2,2025-12-27,TWR-002,581.4,87.1,48,16,0.15,3.1,-114,5G,TWR-004,5,0.61,0.33,66.91,99.26,115,0.72,0.93,0.6,63.55,0.87
1cfdf559-eb46-4d02-8953-bc9cf52c0bab,2026-06-14,TWR-002,75.84,13.1,70,3,1.61,4.4,-118,VoLTE,TWR-003,1,0.11,0.12,64.37,95.1,53,0.78,0.75,0.62,50.81,0.94
369e623f-fa5c-4fc5-911e-942a9ff0babf,2025-11-08,TWR-004,20.2,19.01,99,8,1.14,0.2,-102,VoLTE,TWR-003,5,0.69,0.61,20.98,99.44,53,0.72,0.74,0.68,75.8,0.94
1d8eb1e0-e76c-48c5-a3ee-9aa2a470922c,2025-11-06,TWR-001,228.19,29.1,13,16,0.47,4.4,-95,5G,TWR-005,2,0.14,0.59,71.79,97.48,100,0.79,0.81,0.95,44.58,0.91
5faa58c9-ef39-4770-aa68-6618f117fccd,2026-02-27,TWR-003,115.86,52.13,44,3,0.37,2,-94,5G,TWR-005,1,0.72,0.15,21.33,97.87,36,0.91,0.62,0.62,34.98,0.98
c4b2e88d-0fd4-412e-9c3f-b4da639b5210,2026-04-12,TWR-002,32.45,12.1,70,17,1.46,2.6,-104,4G,TWR-001,3,0.41,0.58,56.01,95.86,124,0.75,0.98,0.63,83.1,0.87
11fae545-5fc9-4c23-ac2e-1eb41fdb95a1,2025-12-31,TWR-001,34.44,10.58,25,16,0.6,0.2,-89,VoLTE,TWR-004,0,0.66,0.36,62.89,98.36,47,0.81,0.63,0.62,43.84,0.94
f0b88df7-7bfa-446e-8337-4aafa124b4fe,2026-03-15,TWR-005,16.63,13.06,78,8,0.19,3.5,-96,VoLTE,TWR-002,6,0.4,0.29,37.41,96.93,88,0.95,0.62,0.52,62.18,0.98
350c551e-109d-4077-ae4c-a2232feb3b84,2026-03-26,TWR-005,98.05,15.28,82,13,1.56,1.3,-91,VoLTE,TWR-001,9,0.32,0.15,58.03,98.73,147,0.83,0.98,0.63,85.42,0.88
7b29d1ab-6f6f-4722-8ad8-5d875bb2cc9a,2026-03-03,TWR-001,30.93,19.85,60,9,0.9,0.2,-107,4G,TWR-002,8,0.63,0.44,46.86,96.23,70,1,0.77,0.98,68.43,0.77
387ca18a-4ff0-40b5-af86-df061467352b,2026-04-20,TWR-004,67.44,11.8,53,6,0.16,3.4,-102,4G,TWR-002,10,0.72,0.29,43.44,95.55,135,0.91,0.82,0.63,58.47,0.97
132c66c7-ab28-4e3d-a5ff-e277584806ca,2026-04-06,TWR-004,852.82,86.14,42,3,0.07,4.8,-65,5G,TWR-002,4,0.36,0.53,76.65,98.23,133,0.82,0.66,0.63,73.82,0.86
f37be411-4927-4c26-8fb9-2a6adae3cff9,2026-02-26,TWR-005,177.42,56.73,23,9,0.18,0.9,-118,5G,TWR-002,3,0.69,0.13,37.5,98.84,46,0.89,0.88,0.6,51.03,0.9
e6373ee4-33c0-4282-a77c-490c88787087,2026-04-26,TWR-005,39.51,11.42,28,13,1.15,0.5,-96,VoLTE,TWR-003,3,0.59,0.24,53.94,99.49,44,0.77,0.61,0.6,71.53,0.77
bc0adfb5-3db6-48ff-a48b-bba5468888b6,2025-11-22,TWR-005,301.92,47.4,17,12,1.16,3.1,-68,5G,TWR-002,4,0.22,0.27,93.21,95.03,85,0.94,0.97,0.6,81.44,0.74
6258ef89-04e7-41da-a62e-b19ba3f50ec3,2025-11-06,TWR-005,28.1,8.39,19,2,0.98,0.8,-100,4G,TWR-004,4,0.54,0.56,50.48,96.37,72,0.91,0.98,0.9,53.65,0.76
3561ebc7-3c99-43f2-b4f4-eb3462418a13,2026-03-13,TWR-003,92.81,8.95,34,16,0.68,3.2,-96,4G,TWR-002,5,0.68,0.55,49.66,96.37,51,0.95,0.61,0.6,69.68,0.88
0639b2e3-5005-46f9-b68f-b8db6608fe5d,2026-04-16,TWR-002,879.45,85.41,16,14,1.93,0.7,-112,5G,TWR-001,8,0.23,0.28,71.6,95.88,91,0.94,0.91,0.78,37.3,0.8
3298d3df-49cd-4bbf-a3e9-954adeb5eca4,2025-09-05,TWR-005,430.81,82.39,35,9,0.05,3.9,-83,5G,TWR-001,3,0.25,0.61,39.2,99.64,22,0.96,0.94,0.82,69.4,0.81
6da0202d-cd5b-4f07-88b6-396df919c9d8,2026-06-25,TWR-002,179.14,76.82,70,5,1.57,3.3,-88,5G,TWR-001,8,0.5,0.59,49.76,99.23,119,0.74,0.78,0.8,34.99,0.81
d54e15b3-0545-4da7-8d60-fb5e9adb5ca1,2026-05-18,TWR-004,97.38,14.97,54,18,0.69,3.8,-117,4G,TWR-003,8,0.9,0.68,89.23,98.58,61,0.83,0.77,0.69,83.65,0.93
209e9189-c332-4437-b9bf-944a6cafc316,2026-04-27,TWR-004,69.78,13.22,28,16,0.78,4.6,-103,VoLTE,TWR-002,5,0.3,0.28,47.89,99.15,75,0.75,0.65,0.83,38.77,0.91
2f706f0c-8637-4450-9c40-52b9e9bba314,2026-07-07,TWR-004,33.6,8.88,68,8,0.22,0.3,-110,VoLTE,TWR-001,9,0.52,0.38,27.46,99.49,59,0.8,0.67,0.85,41.33,0.82
482e035b-0b71-4538-906a-2bf014ae2939,2026-07-18,TWR-002,90.4,16.9,22,19,0.31,4.1,-82,VoLTE,TWR-004,4,0.83,0.54,40.29,95.56,67,0.83,0.93,0.8,36.38,1
64bebcbd-3959-40bb-ab9b-2b69d81e8db4,2026-03-13,TWR-003,48.27,13.94,31,10,0.24,1.5,-61,VoLTE,TWR-005,9,0.22,0.44,67.55,98.68,102,0.91,0.81,0.72,47.7,0.77
6dea2dca-3bf8-4396-8318-d0fb31e3524f,2025-09-06,TWR-005,64.88,7.31,45,8,1.48,1.9,-75,4G,TWR-002,7,0.59,0.68,34.61,95.4,123,0.88,0.67,0.8,83.78,0.79
19e7e34d-08b3-4316-8b88-a192492ae29c,2025-09-24,TWR-005,59.49,19.9,55,12,1.05,4.6,-109,VoLTE,TWR-004,2,0.29,0.75,60.77,99.42,115,0.99,0.71,0.53,47.59,0.71
d8626dd5-2cba-4780-9ae4-73eb9313f887,2026-04-05,TWR-003,80.52,16.19,20,10,1.51,1.9,-119,VoLTE,TWR-005,4,0.56,0.52,93.4,96.48,67,0.79,0.61,0.96,68.17,0.74
037de493-94d2-4f4f-86e8-660ccc9eb87a,2025-12-31,TWR-004,844.21,47.45,57,13,1.12,4.6,-107,5G,TWR-005,8,0.52,0.4,30.78,98.65,114,0.96,0.86,0.9,67.89,0.91
8c958361-a29a-4e7b-8979-c38fdcecf951,2026-04-11,TWR-003,48.14,12.28,80,12,0.78,0.6,-114,VoLTE,TWR-002,3,0.09,0.25,25.18,96.63,117,0.83,0.66,0.83,52.87,0.7
624f8879-c5d5-4298-9ff0-3ac8ad9f5751,2025-10-12,TWR-004,37.33,14.55,21,19,1.83,2.8,-90,4G,TWR-001,7,0.84,0.35,52.34,96.97,21,0.85,0.96,0.77,35.64,0.74
38559f9a-5271-4dac-86c1-25dcdeb7628c,2025-12-25,TWR-005,222.65,83.7,70,6,0.58,1.7,-92,5G,TWR-003,10,0.66,0.86,73.92,97.17,118,0.76,0.66,0.87,62.6,0.89
ce278878-fb45-4a5b-8948-a580d1a4ab7a,2025-09-05,TWR-002,25.53,7.38,42,10,1.12,3.3,-62,VoLTE,TWR-001,8,0.83,0.22,88.43,98.2,101,0.93,0.94,0.77,44.88,0.76
be791150-2758-481f-8157-d431c1d61995,2025-08-31,TWR-001,66.77,9.99,23,12,0.11,0.4,-112,VoLTE,TWR-005,8,0.85,0.68,37.13,98.52,133,0.85,0.93,0.88,72.54,0.98
f88b994a-586d-4c09-8a11-c3852f06bbb4,2025-10-09,TWR-003,93.47,15.78,44,15,0.74,2.3,-115,4G,TWR-005,2,0.02,0.31,81.95,95.01,77,0.92,0.85,0.89,61.09,0.89
9173c40e-ec15-4c68-9a63-0609b2133d0b,2026-01-09,TWR-001,80.2,6.2,92,7,1.33,3.2,-95,VoLTE,TWR-002,1,0.35,0.57,31.35,95.01,141,0.92,0.98,0.64,54.76,0.8
fe8139d7-b24f-4ed0-86e5-9e88aeefcead,2025-11-22,TWR-004,44.95,9.35,81,6,0.32,0.7,-68,VoLTE,TWR-002,4,0.3,0.41,88.15,97.06,98,0.96,0.6,0.69,81.05,0.91
e5f4c0c3-cd60-4e0c-af3a-834ae594abc0,2025-09-28,TWR-005,80.65,15.57,96,4,0.21,2.2,-119,4G,TWR-005,1,0.93,0.61,89.33,99.59,21,0.77,0.67,0.91,41.95,0.73
154fe644-1483-4bd0-bc74-2ee32c7a4e14,2026-06-30,TWR-001,40.56,15.11,99,14,1.23,4.9,-110,4G,TWR-002,5,0.79,0.65,47.97,98.37,30,0.79,0.95,0.82,71.27,0.74
f66d8e49-f399-4bc1-a0c6-80ab904a1621,2025-10-12,TWR-005,520.89,51.21,16,17,0.82,2.5,-92,5G,TWR-002,0,0.31,0.4,57.4,95.64,115,0.93,0.82,0.65,68.12,0.86
f2db9648-1b85-49be-b921-e1780df9089b,2026-04-07,TWR-004,44.88,18.26,54,11,0.98,1,-89,4G,TWR-002,10,0.3,0.65,58.98,99.83,95,0.73,0.98,0.52,33.32,0.97
3915ddcc-137d-4e2d-8135-b13be7429087,2025-09-09,TWR-001,483.54,53.41,88,11,0.17,1.4,-98,5G,TWR-001,7,0.26,0.55,36.06,99.69,141,0.94,0.8,0.56,60.58,0.89
e096bce9-4df4-413f-9ad7-bc2b9b72c8dd,2025-08-15,TWR-003,81.24,7.67,50,5,1.33,4.4,-97,4G,TWR-002,9,0.43,0.53,72.18,99.73,38,0.87,0.97,0.77,38.01,0.87
2e7229cd-016d-4820-8c29-0d79e276da4b,2026-05-20,TWR-004,47.4,7.9,65,10,0.63,1.1,-116,4G,TWR-004,3,0.36,0.85,42.72,99.75,118,0.94,0.7,0.54,65.79,0.84
21723a51-8eca-4d2e-9e53-b35504ad1866,2026-06-22,TWR-002,200.31,47.73,65,15,0.1,4,-114,5G,TWR-001,10,0.08,0.27,21.51,96.66,79,0.91,0.83,0.67,39.94,0.98
c2cfbb6b-9256-4b95-a4a8-1493c2d82f5a,2025-11-21,TWR-001,81.13,12.66,13,12,0.82,1,-76,VoLTE,TWR-003,8,0.02,0.23,33.71,97.16,97,0.82,0.97,0.78,81.55,0.9
f38c964c-2951-4aab-bfd0-9be231382b1d,2025-10-12,TWR-005,42.24,14.3,12,5,0.1,3.9,-61,VoLTE,TWR-005,8,0.53,0.82,93.48,99.85,37,0.86,0.89,0.58,43.15,0.73
004c40ac-c3e4-4041-b98d-254b1997a1d1,2025-08-12,TWR-002,63.02,10.07,95,8,1.23,0.9,-119,4G,TWR-003,2,0.59,0.29,85.91,98.95,56,0.93,0.76,0.96,78.77,0.98
516c3bab-aa40-40fc-91c4-e1788b0cc896,2026-05-14,TWR-005,59.65,13.06,12,3,0.52,2.8,-85,4G,TWR-004,6,0.68,0.9,25.34,99.57,26,0.89,0.77,0.67,68.66,0.78
5a356dec-927d-40f4-907c-f60249e8b2d7,2025-10-27,TWR-001,281.89,47.85,89,14,0.36,4.6,-108,5G,TWR-005,9,0.31,0.16,90.21,98.96,64,0.95,0.63,0.73,83.52,0.92
0e428e32-a004-4c66-8905-9de588acdeb7,2026-07-13,TWR-002,37.2,16.25,33,2,0.26,4.3,-73,VoLTE,TWR-003,8,0.44,0.14,51.29,99.38,36,0.87,0.87,0.74,42.53,0.8
f594c21d-07b0-458b-a225-e17335bbe84d,2026-04-03,TWR-003,11.57,11.92,86,7,1.35,4.6,-73,VoLTE,TWR-003,9,0.15,0.3,60.98,96.58,25,0.97,0.7,0.93,66.77,0.98
9db7c609-981f-4604-b69c-b253087cf8d4,2025-11-18,TWR-003,76.8,7.31,79,7,1.15,2.8,-61,VoLTE,TWR-002,5,0.96,0.72,29.53,95.41,24,0.74,0.81,0.6,82.61,0.99
5727fcf5-c8ba-44c5-ae4d-65a7745e03bb,2025-09-30,TWR-005,90.38,10.3,40,3,0.62,0.8,-64,4G,TWR-003,3,0.71,0.3,68.98,95.65,94,0.93,0.74,0.62,42.25,0.99
272476d7-4559-45ad-a6be-70ffacf298f8,2025-09-29,TWR-005,87.32,11.87,75,3,0.99,0.1,-102,VoLTE,TWR-001,10,0.07,0.47,27.14,97.62,110,0.87,0.78,0.56,47.75,0.95
b31f991b-1484-4478-ae87-a4d28e529db3,2026-03-08,TWR-004,63.38,5.51,96,5,0.29,2.8,-69,VoLTE,TWR-004,4,0.74,0.75,43.45,99.35,91,0.75,0.87,0.55,48.85,0.98
cef9bcb0-2099-4718-b8ed-29ed40dc7ef6,2025-07-26,TWR-004,22.04,17.42,21,15,1.15,3.7,-60,4G,TWR-002,9,0.08,0.64,72.56,95.49,77,0.85,0.87,0.7,74.5,0.94
5ac31df4-93b9-44aa-aa55-c48613855653,2026-01-13,TWR-002,815.67,79.31,93,4,1.24,1.8,-102,5G,TWR-005,7,0.86,0.83,89.6,98.12,39,0.87,0.69,0.6,82.65,0.82
cc20a921-e4d1-458a-b947-9b6b72ea3508,2025-12-22,TWR-001,967.38,60.79,85,15,0.11,3.1,-104,5G,TWR-001,4,0.81,0.81,33.26,96.29,84,0.98,0.67,0.77,66.2,0.86
e5e6b2aa-f894-46e9-95eb-5c2de1a513af,2026-06-04,TWR-002,691.44,73.9,10,18,1.7,0.4,-64,5G,TWR-003,3,0.13,0.31,60.95,98.48,30,0.85,0.87,0.98,60.18,0.86
a40cdcff-f559-4e12-bb49-844ae3ecad3d,2026-02-02,TWR-003,633.04,58.69,10,12,1.34,3.9,-75,5G,TWR-005,1,0.53,0.54,37.22,95.66,118,0.82,0.66,0.98,57.94,0.99
d7273399-1a33-4598-acc0-093744a3e998,2026-06-15,TWR-002,19.77,18.4,35,19,1.56,2.3,-104,4G,TWR-001,2,0.75,0.13,40.97,97.3,59,0.76,0.78,0.85,74.74,0.91
303a71ed-ee9a-4e4f-9695-e0140ec73120,2026-04-11,TWR-001,10.67,5.01,74,12,1.41,4.4,-109,VoLTE,TWR-003,6,0.34,0.12,31.37,95.49,105,0.92,0.99,0.52,74.83,0.94
a2abbdc2-c31a-4667-9d29-5a43addbd1a8,2025-10-14,TWR-002,161.44,57.47,86,16,0.79,2.9,-112,5G,TWR-002,7,0.65,0.74,63.34,97.06,35,0.99,0.81,0.87,74.58,0.92
64bb000b-c1c6-4b4f-8912-667ed12d3724,2026-06-24,TWR-002,44.09,14.96,59,6,0.92,1.4,-88,4G,TWR-003,8,0.92,0.77,61.5,99.49,22,0.77,0.94,0.76,49.09,0.82
8afb1675-c9ab-4a8f-8890-deb03f3dce2e,2026-04-15,TWR-004,309.85,30.11,19,15,1.78,1.9,-119,5G,TWR-002,9,0.8,0.53,71.16,95.23,71,0.71,1,0.76,82.87,0.8
ee904d33-807a-4f5f-ad9a-ab4201f3145a,2025-09-15,TWR-004,839.87,46.18,32,9,0.77,4.8,-107,5G,TWR-001,9,0.35,0.84,20.64,98.82,31,0.78,0.82,0.51,86.97,0.84
c265ff12-9907-407c-b32b-9ee73f6c6f35,2025-10-11,TWR-005,88.87,9.96,31,2,1.92,1.6,-96,VoLTE,TWR-003,3,0.87,0.64,90.43,97.84,65,0.92,0.7,0.54,59.48,0.85
98a3340f-1fd6-48f3-97fe-7758f211a88f,2026-02-01,TWR-001,66.15,6.75,51,19,1.83,0.7,-97,VoLTE,TWR-004,1,0.71,0.78,43.98,99.37,86,0.96,0.95,0.84,83.88,0.74
b6471579-7407-4519-9688-6e518d0f7888,2025-12-17,TWR-004,35.47,11.9,72,6,0.33,0.2,-111,VoLTE,TWR-002,2,1,0.84,44.72,97.31,84,0.99,0.81,0.82,86.63,0.95
2f562fa1-e2d6-4c8e-b9f0-ec00bf37dc1a,2026-02-03,TWR-001,58.93,5.97,68,4,1.75,1.6,-90,VoLTE,TWR-003,8,0.77,0.31,26.68,98.46,116,0.99,0.95,0.83,57.75,0.95
14f6ff72-2562-48ed-a93a-fe3a7a4a0a84,2026-06-20,TWR-005,436.4,91.03,20,15,0.22,3.7,-67,5G,TWR-005,9,0.64,0.25,56.37,98.45,47,0.74,0.74,0.99,77.73,0.73
3c4b81b5-6e17-4988-bfaa-bbb32c410466,2025-10-06,TWR-001,77.3,11.31,29,11,0.46,0.7,-116,VoLTE,TWR-005,3,0.75,0.7,35.67,98.06,66,0.86,0.85,0.9,38.22,0.99
48ee2428-7030-440f-8d76-a4538aeae0c9,2025-09-30,TWR-003,791.05,77.65,69,5,0.47,4.1,-102,5G,TWR-004,7,0.05,0.11,35.04,97.57,42,0.83,0.89,0.99,60.64,0.71
79336687-39b1-40dc-8218-35454c094877,2026-03-02,TWR-003,706.2,89.51,66,10,0.66,2.4,-99,5G,TWR-003,8,0.32,0.89,72.82,96.84,105,0.96,0.93,0.99,43.95,0.77
3c4a2728-9e6b-48aa-8f72-2fa110645559,2026-03-24,TWR-002,97.29,12.62,17,20,1.9,1.7,-72,4G,TWR-005,7,0.31,0.9,88.02,97.65,26,0.84,0.87,0.61,64.2,0.76
a8dfcf9a-55ed-4b41-bd59-ac9719569516,2025-08-19,TWR-005,82.86,11.43,32,11,0.35,2.2,-115,4G,TWR-004,1,0.05,0.24,33.73,95.12,146,0.84,0.97,0.66,69.88,0.84
19ca01e3-1f57-445b-8d18-ab75aab24269,2026-04-28,TWR-001,249.97,48.33,53,16,1.54,2.4,-90,5G,TWR-003,9,0.84,0.79,68.42,96.41,70,0.74,0.99,0.85,89.79,0.9
d0cd8091-74a1-44b9-be5d-f6ebd9485f00,2025-09-28,TWR-005,82.1,16.43,60,12,1.07,3.6,-115,4G,TWR-004,4,0.29,0.4,57.54,95.41,94,0.71,0.79,0.71,40.85,0.71
191cde50-0102-48e1-8444-848060aac98d,2026-07-23,TWR-003,54.51,18.24,17,14,0.47,4.8,-80,VoLTE,TWR-003,5,0.65,0.78,60.62,97.62,118,0.81,0.68,0.6,31.25,0.97
b0ce8a17-6bc0-40fb-a1ef-b0e8ce633ca4,2025-10-28,TWR-005,96.58,6.98,37,7,1.82,2,-91,VoLTE,TWR-005,4,0.53,0.83,43.53,96,80,0.83,0.88,0.66,71.89,0.98
f86bbc8c-2584-4189-b8f5-3e9a8f9291b9,2026-02-17,TWR-005,322.17,75.37,33,3,0.84,2.2,-118,5G,TWR-003,8,0.9,0.82,36.41,95.97,99,0.91,0.87,0.63,84.83,0.91
77a7f1ae-8ce8-4c84-9d53-11550bcc617d,2026-03-26,TWR-004,96.15,10.6,39,10,1.06,0.7,-111,VoLTE,TWR-001,0,0.16,0.5,50.05,99.8,45,0.71,0.76,0.69,60.23,0.74
1a7ba244-a537-4593-af15-7f8d7e2ee82d,2025-08-26,TWR-005,934.29,35.82,16,18,1.43,0.6,-116,5G,TWR-003,6,0.53,0.85,20.72,97.02,28,0.89,0.97,0.89,73.23,0.84
7ac2e421-6a81-4916-a1d4-ab5326337dc2,2025-10-24,TWR-001,96.1,6.92,41,18,0.97,4.8,-76,VoLTE,TWR-003,0,0.03,0.89,82.82,96.58,120,0.83,0.66,0.73,44.42,0.84
3acb2964-5783-436d-90b7-049d42e80e1a,2025-10-23,TWR-004,82.73,12.9,92,12,0.91,0.7,-108,VoLTE,TWR-004,6,0.9,0.39,23.14,99.24,37,0.99,0.84,0.65,66.75,0.97
c2badcf0-3979-4fbf-a8aa-2a2508c00c91,2025-10-30,TWR-002,70.98,5.92,14,15,1.28,3.4,-95,VoLTE,TWR-005,1,0.37,0.27,66.73,99.37,36,0.73,0.62,0.73,66.68,0.95
e598affb-1f66-4ad2-ab8e-d129fc11d830,2026-05-03,TWR-004,440.62,84.13,31,19,1.83,0.7,-95,5G,TWR-001,4,0.57,0.15,31.47,97.89,90,0.87,0.63,0.64,66.53,0.74
098182e2-92c9-4850-922f-ce9381eb36c5,2026-03-02,TWR-003,74.96,18.23,37,8,0.23,1.5,-82,4G,TWR-001,3,0.75,0.48,82.21,97.72,36,0.98,0.78,0.66,55.57,0.85
d2b8fab1-c4f4-46fa-81c2-a9dfb675e60e,2026-01-30,TWR-003,42.31,9.95,92,19,0.92,3,-77,4G,TWR-003,5,0.03,0.17,34.37,97.52,138,0.71,0.87,0.96,58.18,0.95
b316c6c4-ff78-4199-bcaa-3bc64912e54b,2025-12-09,TWR-001,350.73,25.69,52,14,0.94,2.4,-86,5G,TWR-003,7,0.25,0.27,76.89,97.57,137,0.94,0.66,0.76,61,0.87
235d37d9-1ee7-401b-9015-57ad0b54bf16,2025-11-11,TWR-004,80.69,16.24,77,8,1.68,1.7,-113,4G,TWR-002,3,0.59,0.21,69.81,99.7,78,0.8,0.72,0.81,43,0.9
239cca5d-43e8-4c6a-858a-6bb6d7d47805,2026-03-01,TWR-003,46.89,9.81,55,17,0.09,1.5,-85,VoLTE,TWR-002,10,0.8,0.43,40.64,95.9,97,0.94,0.62,0.91,54.39,0.84
a9cdedfd-abdc-4fb8-b672-dc82a24d365a,2025-08-09,TWR-004,594.2,43.52,92,11,0.77,4.8,-79,5G,TWR-001,4,0.22,0.52,30.01,96,65,0.99,0.85,0.58,63.28,0.87
2e021748-6da4-4b6c-a1d7-ca7e0b2068e2,2025-08-04,TWR-002,67.43,15.38,68,10,0.46,2.6,-82,VoLTE,TWR-004,3,0.24,0.61,48.98,99.87,82,0.81,0.93,0.84,56.66,0.95
87d1b6c4-358b-4449-a216-012b26e4f489,2026-01-27,TWR-001,69.24,16,15,11,1.97,3.5,-91,4G,TWR-004,8,0.42,0.83,93.89,98.31,107,0.75,0.76,0.76,71.84,0.75
ad35d2b0-83e9-4c0f-87ec-791de3f0dfd9,2026-02-26,TWR-005,106.62,30.73,23,13,1.31,2.9,-81,5G,TWR-004,7,0.43,0.71,92.43,97.28,141,0.82,0.72,0.69,72.41,0.93
d21ccde4-29c6-430a-ab21-d82acce71c1d,2025-08-25,TWR-003,63.88,7.07,56,6,1.39,2.8,-69,VoLTE,TWR-002,0,0.99,0.37,70.31,96.88,56,0.92,0.69,0.95,48.42,0.87
6af698a9-7e6e-4a3d-abfa-d239b730f34c,2026-05-03,TWR-005,275.86,26.75,34,9,0.29,1,-92,5G,TWR-004,4,0.28,0.11,57.39,99.49,134,0.96,0.87,0.83,40.03,0.95
1eada2ae-81da-465d-8ec9-d171292101ab,2026-06-17,TWR-003,69.61,12.65,15,10,1.33,4.2,-80,VoLTE,TWR-002,2,0.43,0.52,32.14,97.18,111,1,0.96,0.67,52.12,0.76
40c0e20a-0ef3-40ff-b926-d9ab09108d21,2025-09-04,TWR-003,60.72,19.3,100,4,1.62,4.2,-108,4G,TWR-005,9,0.2,0.12,21.51,98,31,0.93,0.91,0.62,66.67,0.88
6511644f-ecdb-4052-ade4-4852d0bc5f63,2025-08-05,TWR-004,84.33,13.39,25,12,0.22,4.1,-93,4G,TWR-002,9,0.76,0.43,31.09,99.39,98,0.73,0.93,0.97,61.95,0.73
0bda0279-ded4-4c3f-ab41-cfa421e204df,2026-06-26,TWR-001,89.8,6.49,99,5,1.49,1.4,-81,4G,TWR-005,8,0.16,0.46,67.84,98.87,22,0.9,0.97,0.89,64.12,0.73
c802332d-1953-4171-9296-3cb91bc69adf,2026-03-21,TWR-002,73.58,12.62,43,2,0.94,4.8,-88,4G,TWR-004,1,0.94,0.13,51.85,97.61,100,0.81,0.65,0.72,71.71,0.87
f72bdacb-7352-49e4-9a43-30ad9c597353,2025-08-09,TWR-003,16.94,7.04,78,2,0.5,1.3,-112,4G,TWR-005,9,0.37,0.89,49.01,95.22,95,0.94,0.76,0.9,76.73,0.82
90e96265-edd3-457a-9788-b91464051fbb,2026-04-05,TWR-005,62.08,14.51,43,10,1.99,1.6,-69,VoLTE,TWR-003,6,0.45,0.37,84.94,95.9,126,0.7,0.61,0.68,35.39,0.99
9b2b714d-aae7-4aed-8100-b344c483f760,2025-12-17,TWR-005,158.58,20.13,68,3,1,0.4,-63,5G,TWR-003,1,0.89,0.51,55.33,95.81,126,0.76,0.71,0.53,79.14,0.91
20a40025-0e7e-49ac-8175-46b9d60b112e,2026-05-14,TWR-001,42.47,9.57,83,8,0.76,1.6,-63,4G,TWR-004,9,0.4,0.38,42.02,99.38,87,0.8,0.81,0.86,75.69,0.83
011b3850-47d2-495e-a25b-49be2e288c63,2025-09-12,TWR-001,51.05,11.65,44,2,0.99,0,-90,VoLTE,TWR-001,2,0.05,0.43,45.36,97.73,53,0.71,0.87,0.78,55.46,0.75
ebc9ffc9-3418-4155-b1af-7f497f718886,2025-10-14,TWR-005,58.06,15.05,51,13,0.58,3.5,-117,VoLTE,TWR-002,8,0.07,0.26,34.64,97.48,145,0.72,0.91,0.78,86.69,0.84
a59d9ddc-01b1-438e-843d-07be70300d7b,2026-05-21,TWR-004,32.76,19.98,45,1,0.16,3.9,-100,4G,TWR-003,0,0.95,0.47,92.72,95.52,73,0.96,0.81,0.69,76.44,0.73
eb0ed4a1-e88f-4e5b-9c4c-d6129d1f891c,2025-07-28,TWR-005,89.2,15.21,68,10,1.67,4.5,-90,4G,TWR-001,5,0.04,0.11,64.08,98.62,50,0.72,0.63,0.66,63.42,0.76
716ec506-645c-4ff7-9246-c65fc60f9c83,2026-07-17,TWR-005,755,74.1,46,2,1.64,0.1,-83,5G,TWR-005,10,0.5,0.18,39.45,98.98,116,0.92,0.93,0.78,77.33,0.93
6ec679ea-32b5-4cc8-9978-fc24dbb34c87,2026-02-14,TWR-005,52.84,10.72,43,2,1.21,1.4,-61,VoLTE,TWR-003,6,0.3,0.67,36.73,98.46,103,0.79,0.91,0.89,54.4,0.89
882d3c62-8ef5-4fa5-846e-49b7344d2e71,2026-01-11,TWR-003,300.05,49.43,97,9,1.62,4.4,-70,5G,TWR-001,5,0.18,0.78,20.76,95.2,87,0.85,0.81,0.53,50.56,0.94
6f9628f1-2215-42ad-a007-09fece62505e,2025-11-18,TWR-005,61.71,14.38,99,7,0.01,2.4,-86,VoLTE,TWR-002,6,0.88,0.54,33.63,99.64,115,0.89,0.92,0.69,31.14,0.99
a1075a84-9b56-452d-95ab-9559f68d19a3,2025-07-31,TWR-002,573.49,96.49,87,10,1.67,4.3,-105,5G,TWR-002,8,0.15,0.34,21.77,98.18,57,0.79,0.84,0.66,68.49,0.74
7931383e-122d-4590-981a-7659d22ca87e,2025-08-05,TWR-003,359.42,97.62,93,8,1.59,1.4,-88,5G,TWR-004,3,0.16,0.88,54.42,99.19,136,0.9,0.68,0.9,72.57,0.79
f8447f80-8177-4bb6-b4fd-44a65212224a,2025-11-23,TWR-002,14.65,5.33,66,1,0.63,2.4,-107,4G,TWR-005,8,0.43,0.27,25.11,97.4,116,0.98,0.81,0.87,36.84,0.97
872ca563-548a-4b01-ab57-ff8eb3c1eb3c,2025-12-16,TWR-003,10.18,7.59,33,12,0.69,2.4,-61,4G,TWR-004,9,0.89,0.64,65.03,96.35,45,0.88,0.65,0.62,64.96,0.71
6a65662d-d8c9-4d16-9aab-cb9d763f904b,2025-09-28,TWR-005,591.87,57.61,52,17,0.7,1.2,-106,5G,TWR-001,9,0.69,0.54,77.67,97.44,51,0.91,0.68,0.94,31.91,0.76
fddc81f3-57a4-40d0-9061-c25bba9f1fc6,2025-08-08,TWR-003,748.17,61.77,55,2,0.13,4.9,-79,5G,TWR-002,2,0.47,0.4,35.22,96.97,59,0.92,0.97,0.92,73.92,0.77
4a0db942-06e5-463c-8130-56d947bd24d2,2026-01-22,TWR-002,759.3,46.77,62,10,1.1,4.5,-68,5G,TWR-002,2,0.63,0.4,81.59,96.55,66,0.7,0.99,0.83,33.91,0.86
68f7b4a1-12b3-40ab-951e-c40503ddc36b,2026-03-13,TWR-005,46.36,18.42,72,14,0.51,2.9,-114,VoLTE,TWR-002,1,0.56,0.43,63.81,95.64,21,0.96,0.89,0.74,42.24,0.92
e1f4a9c0-0485-4df7-9abd-b0b767dbe395,2026-05-07,TWR-004,27.72,12.68,85,14,0.05,2.8,-112,VoLTE,TWR-005,6,0.57,0.1,40.8,95.85,41,0.98,0.81,0.94,88.02,0.8
49e0bda0-79b9-4048-a414-7f8ee4e06af6,2026-03-11,TWR-005,28.91,12.8,33,17,0.24,0.9,-76,VoLTE,TWR-003,2,0.59,0.15,51.21,98.75,86,0.91,0.95,0.81,47.3,0.82
1f381916-c91d-4f28-84bc-8c2aa689a938,2026-07-17,TWR-005,10.81,10.22,72,10,1.67,4.1,-93,VoLTE,TWR-002,7,0.86,0.54,44.23,98.42,138,0.84,0.62,0.97,58.21,0.85
7339818c-8318-4661-ad6c-abd2a95b0fa2,2026-06-03,TWR-005,638.77,21.93,39,15,0.52,2.3,-112,5G,TWR-003,7,0.53,0.85,45.47,97.99,101,0.85,0.66,0.62,36.78,0.81
b1b67ef2-dd41-48b2-9038-126bd0968460,2025-10-15,TWR-003,503.24,44.44,14,12,1.59,3.9,-118,5G,TWR-001,5,0.65,0.77,49.88,96.6,140,0.75,0.95,0.67,74.45,0.79
71c6c52e-8b63-4687-bad6-0dc1fa2f09eb,2025-11-10,TWR-003,39.02,13.65,67,5,1.01,3.9,-79,4G,TWR-002,8,0.11,0.21,43.22,97.32,28,0.98,0.67,0.5,33.46,0.89
260e5c93-8750-458b-b8f3-244a1e185819,2025-07-28,TWR-003,307.63,85.76,55,13,1.04,3.9,-111,5G,TWR-001,5,0.18,0.81,94.43,96.91,56,0.82,0.66,0.67,77.66,0.83
6d9ad9f6-78b1-45ac-8480-f3b54883d7d2,2025-12-08,TWR-001,58.17,6.48,71,18,1.38,1.8,-94,VoLTE,TWR-002,4,0.56,0.22,58.77,95.91,74,0.8,0.79,0.53,36.14,0.86
0d4d1d72-70c9-4b91-a960-6da0acedb486,2026-06-04,TWR-005,25.26,14.56,38,19,0.61,2.2,-89,4G,TWR-003,3,0.77,0.4,73.39,98.75,54,0.71,0.91,0.92,86.1,0.88
b079888c-13fd-47c1-bdba-fa43c1bdccf6,2026-07-23,TWR-005,65.02,8.33,64,11,0.73,4.7,-100,VoLTE,TWR-003,0,0.19,0.52,77.3,95.98,27,0.86,0.86,0.64,82.76,0.8
96ebfb34-e4af-4001-a333-72c478dcbd21,2026-06-18,TWR-001,58.03,19.73,58,1,0.16,0.1,-70,VoLTE,TWR-001,0,0.57,0.69,22.61,95.29,39,0.84,0.98,0.73,69.55,0.88
ad6678dc-2f21-4942-a172-1aaa7e8864c0,2026-02-01,TWR-002,157.26,37.94,45,17,1.88,4.2,-66,5G,TWR-001,2,0.02,0.42,20.72,97.4,35,0.93,0.74,1,47.25,0.79
ad39582f-3afa-4d55-ba32-a296ba39aaa9,2025-10-09,TWR-003,488.45,38.04,16,14,1.67,1.2,-91,5G,TWR-005,10,0.09,0.71,75.35,98.23,64,0.81,0.72,0.67,62.94,0.74
dfc06eb1-9d8b-48ba-b1ef-75c86283f6dd,2025-12-14,TWR-003,330.96,83.51,24,7,0.01,1.9,-92,5G,TWR-005,3,0.62,0.19,75.76,99.74,135,0.79,0.77,0.89,54.3,0.97
f5cb75d8-11a1-4966-a768-ef00195d3340,2026-07-08,TWR-001,84.35,8.73,93,17,0.4,1.3,-75,4G,TWR-004,0,0.33,0.31,75.25,97.35,132,0.74,0.67,0.51,63.63,0.9
0bb9669d-07e3-4996-beed-d8ba927f085b,2025-08-08,TWR-003,52.32,12.21,55,8,0.94,0,-79,4G,TWR-004,2,0.94,0.27,32.99,95.57,48,0.87,0.69,0.59,66.64,0.84
52ba7a7c-442d-40cc-b45b-2a690fcf35b5,2025-08-16,TWR-002,49.63,15.67,57,3,1.05,3.2,-102,4G,TWR-005,3,0.34,0.17,21.75,98.44,57,0.78,0.83,0.68,78.32,0.77
9119d276-dc66-4ca4-babc-f90ee63fd1d9,2026-04-17,TWR-005,56.77,8.4,31,19,0.17,2.1,-61,4G,TWR-001,0,0.84,0.71,89.02,98.51,49,0.75,0.61,0.94,85.8,0.93
318f61e1-4047-4ff2-aaa0-c885efef628c,2025-08-24,TWR-002,10.85,9,11,19,0.81,4.8,-88,VoLTE,TWR-004,3,0.37,0.5,52.43,96.12,31,0.94,0.63,0.91,88.97,0.89
4798caaa-443b-4d54-94f4-1f02e53075b9,2026-03-30,TWR-005,64.25,14.47,37,18,1.97,3.3,-83,VoLTE,TWR-004,7,0.15,0.84,35.41,96.6,101,0.95,0.77,0.75,77.71,0.73
3616be16-dbdf-4678-8e71-942692ef1089,2025-11-23,TWR-002,669.36,21.56,83,10,1.84,2.7,-99,5G,TWR-003,3,0.17,0.81,44.24,96.72,103,0.8,0.73,0.91,81.27,0.77
aaaf7b14-ef7f-44fa-bdff-3a9cffebdee0,2025-08-03,TWR-002,519.93,89.97,59,3,0.02,0.9,-79,5G,TWR-001,1,0.04,0.29,62.93,97.14,44,0.76,0.81,0.51,51.45,0.72
80d0c2b6-f115-4451-aa5c-fadb1a9c3363,2026-04-22,TWR-004,529.57,54.64,63,2,0.48,3.9,-105,5G,TWR-005,2,0.93,0.78,54.26,99.57,89,0.78,0.96,0.67,43.04,0.71
19c286de-8de0-4369-a56a-7b5bd7b4d471,2026-04-22,TWR-002,591.61,31.78,82,7,0.27,2.4,-118,5G,TWR-005,5,0.97,0.87,80.32,99.39,97,0.73,0.6,0.77,68.77,0.87
961fcbbe-dbc8-40ab-b780-8748d48618bc,2026-01-11,TWR-001,43.92,19.46,27,16,1.78,4.5,-80,VoLTE,TWR-002,1,0.38,0.11,79.38,98.34,99,0.87,0.73,0.75,79.39,0.85
bad602dc-5182-415d-aaef-7865f3a67cff,2026-03-04,TWR-005,515.25,26.24,83,5,0.4,3.2,-64,5G,TWR-003,6,0.33,0.25,76.04,96.75,83,0.73,0.64,0.75,89.16,0.95
b48cfe9e-2cf8-4a25-a45c-b83569bb3cab,2026-05-30,TWR-001,835.99,73.66,53,10,0.91,2.4,-100,5G,TWR-003,9,0.69,0.22,32.01,95.47,140,0.81,0.65,0.55,53.79,0.76
9b727fac-b7d3-4f5a-92ba-838b26f50e0d,2025-12-28,TWR-003,31.22,12.7,24,5,1.03,1.6,-81,VoLTE,TWR-002,2,0.58,0.17,67.42,98.3,100,0.83,0.73,0.77,51.68,0.96
ffccc036-add5-4889-af27-016e97c92e1a,2025-08-17,TWR-002,55.45,11.43,69,20,0.9,1.8,-72,4G,TWR-004,4,0.77,0.82,24.96,97.03,89,0.92,0.77,0.97,49.88,0.75
f0474fe2-33a8-438f-bb8c-dd3a8257d527,2026-02-13,TWR-005,82.13,7.91,44,5,1.09,2.8,-90,4G,TWR-005,9,0.2,0.55,80.04,96.83,45,0.81,0.66,0.8,85.27,0.9
03e32e8e-516b-4198-bb85-9870a7b2a735,2025-10-19,TWR-004,946.81,45.03,60,14,1.04,2.2,-87,5G,TWR-004,3,0.77,0.22,46.71,96.81,86,0.76,0.67,0.81,47.06,1
0eec6c26-56d6-4163-8fd8-cdf899626bbd,2026-05-31,TWR-004,80.62,8.79,79,2,0.42,1.4,-79,VoLTE,TWR-005,1,0.72,0.41,65.14,95.63,79,0.79,0.98,0.62,43.38,0.91
1c2b98b2-0c0e-49ad-92c9-e5e2dd83bfe5,2025-10-19,TWR-005,573.91,21.52,97,5,1.35,0.3,-66,5G,TWR-001,4,0.11,0.57,81.99,99.56,125,0.85,0.73,0.67,61.83,1
9edf56ed-8aa7-41bc-9380-1b9a0d54fd58,2025-12-04,TWR-005,38.9,16.44,65,6,1,2,-67,VoLTE,TWR-005,5,0.82,0.73,34.63,99.59,129,0.93,0.72,0.96,81.95,0.74
a6c48fe4-646a-4251-ad94-84863ec51890,2026-02-20,TWR-001,360.63,64.23,42,3,0.32,3.3,-72,5G,TWR-002,4,0.2,0.11,52.5,98.04,85,0.87,0.77,0.78,84.85,0.78
1d5d8dee-0ad2-41d4-93ea-036d0725bf2a,2026-04-17,TWR-002,772.45,93.97,69,15,1.66,0.8,-91,5G,TWR-001,4,0.43,0.55,69.33,96.89,35,0.88,0.95,0.96,33.97,0.97
0d7e7c1b-342b-42fc-bc44-f76f480e9616,2025-10-07,TWR-002,887.14,78.84,74,13,1.2,4.6,-113,5G,TWR-005,5,0.83,0.75,65.24,98.42,105,0.93,0.71,0.97,48.66,0.93
027ee0ca-4f6d-4ef6-a517-836a69e56a59,2026-07-24,TWR-003,65.77,9.6,54,4,1.86,4,-65,4G,TWR-001,4,0.26,0.64,65.66,99.58,109,0.93,0.66,0.89,38.72,0.92
ff2bdb59-0af3-46a1-914f-1ffc899c3fb3,2026-06-09,TWR-005,572.64,32.98,54,8,0.87,0.3,-93,5G,TWR-005,0,0.1,0.52,26.79,99.78,117,0.83,0.77,0.61,68.46,0.84
d7c5258c-89e6-4135-9257-3cf18bed3a87,2026-01-08,TWR-001,45.16,17.43,93,13,1.3,3.5,-97,4G,TWR-002,6,0.96,0.41,51.79,98.07,146,0.7,0.83,0.61,61.29,0.85
437621f8-537a-47ad-a7dc-c834871fb80d,2026-04-22,TWR-005,50.76,18.58,81,19,1.84,1.6,-70,VoLTE,TWR-003,5,0.13,0.41,35.53,98.82,58,0.78,0.93,0.79,37.19,0.7
0bf30f39-92e7-4d96-b469-f4df6b0ceba9,2026-02-21,TWR-002,731.6,45.33,58,2,1.35,0.7,-100,5G,TWR-003,6,0.15,0.79,43.14,98.6,123,0.74,0.74,0.94,41.01,0.89
94831e27-f164-4c7d-a6ee-0d78e9a16c55,2026-02-21,TWR-002,122.32,22.75,73,10,0.98,0.4,-83,5G,TWR-001,2,0.98,0.72,79.61,99.52,54,0.83,0.66,0.84,30.52,0.95
15b86ba7-7c31-4633-9ad9-f347fb5e32d8,2025-09-15,TWR-005,82.11,5.75,55,17,1.1,0.9,-88,VoLTE,TWR-005,7,0.2,0.77,89.07,98.22,128,0.89,0.72,0.83,43.7,0.83
3c502394-369b-40e0-a70a-a681142ebd5c,2026-05-23,TWR-004,312.02,94.09,70,8,1.59,0.6,-94,5G,TWR-005,10,0.66,0.27,79.9,96.3,116,0.71,0.96,0.55,34.52,0.75
5d354dbe-b8fa-4b19-a5f9-b70f82d90c99,2026-05-28,TWR-002,262.72,33.99,84,3,1.55,2.6,-116,5G,TWR-004,7,0.27,0.56,84.69,97.34,82,0.98,0.94,0.74,74.3,0.83
db42024d-e446-4aa6-990d-ce888c35caa4,2025-09-21,TWR-003,85.95,13.69,98,17,1.06,3.6,-62,4G,TWR-001,2,0.15,0.5,40.5,97,119,1,0.89,0.82,51.25,0.85
dfc16c2b-2d78-40ac-9b47-21fca45ce5b7,2026-02-12,TWR-001,398.36,96.34,94,8,1.24,4.9,-107,5G,TWR-003,3,0.15,0.14,76.39,98.32,96,0.74,0.8,0.87,45.44,0.77
cef6ac82-1647-458a-b46c-0abfb436cbb8,2025-12-10,TWR-003,98.47,14.41,98,19,0.99,3.3,-95,VoLTE,TWR-001,8,0.11,0.76,60.97,99.47,71,0.99,0.67,0.82,64.78,0.97
7a6c7e71-9eef-4198-804d-0d5f4e23e4c7,2025-12-26,TWR-002,32.49,7.89,95,8,1.2,4.9,-110,VoLTE,TWR-003,7,0.73,0.43,25.99,96.19,101,0.99,1,0.88,34.39,0.78
d272c71d-a0d1-42f4-a7cc-3248adb8291b,2025-10-15,TWR-003,42.05,5.8,84,14,0.9,2.8,-78,4G,TWR-001,2,0.69,0.89,89.37,98.34,55,0.96,0.75,0.63,63.96,0.94
0df73dd6-3ddd-4a44-9f1c-7d2c675634f9,2026-06-16,TWR-004,67.2,16.38,59,6,0.63,3.6,-70,4G,TWR-002,1,0.14,0.74,93.24,96.38,149,0.74,0.92,0.78,72.55,0.72
398218de-10b7-48c2-8884-44072991f7c1,2026-04-04,TWR-002,498.25,29.47,51,18,0.73,3.5,-101,5G,TWR-003,0,0.03,0.2,85.21,98.71,112,0.9,0.66,0.77,43.7,0.84
34097195-35d8-4a01-bf7d-a79994f428fc,2026-02-18,TWR-001,19.63,6.67,50,15,0.33,0.4,-81,4G,TWR-003,4,0.94,0.51,86.75,99.43,91,0.72,0.76,0.77,75.78,0.8
2f3fee86-158a-45e6-910d-d2a69b4a8271,2025-08-31,TWR-002,59.28,10.39,13,16,1.11,0.9,-113,4G,TWR-001,1,0.85,0.47,58.23,97.02,134,0.83,0.67,0.58,41.1,0.73
ec05f252-22d4-4a84-b995-fa2bb6bdba3a,2026-01-04,TWR-003,37.47,7.46,86,20,0.9,2,-67,4G,TWR-003,9,0.92,0.54,64.59,95.39,21,0.8,0.64,0.69,65.64,0.91
c6d89720-9571-4714-a19d-37f8d2c4d76b,2025-12-09,TWR-004,71.77,18.72,66,15,1.95,2.3,-77,4G,TWR-003,0,0.34,0.66,86.79,96.23,49,0.73,0.76,0.55,65.32,0.97
a37f6bf8-307d-4f79-8cb1-0948bcd47da3,2025-10-26,TWR-005,97.23,12.58,93,4,0.39,0.1,-112,4G,TWR-005,6,0.87,0.73,28.98,95.73,37,0.87,0.96,0.99,78.85,0.78
75e8cdd7-a9bc-439f-bdf3-9fe2368fb639,2025-08-05,TWR-004,161.26,44.53,62,3,0.3,4.4,-92,5G,TWR-004,1,0.13,0.74,45.73,95.84,25,0.97,0.72,0.8,77.05,0.74
d62c3fa5-f12f-4e91-9758-cd024e781ec1,2025-07-31,TWR-005,92.63,8.89,84,5,1.31,4,-68,VoLTE,TWR-005,2,0.11,0.8,49.13,96.71,134,0.93,1,0.55,45.97,0.94
5b9fbb9e-aa5d-49b3-9316-caef816e4b58,2026-05-13,TWR-003,50.16,5.24,28,14,1.77,4.7,-92,VoLTE,TWR-002,8,0.74,0.27,89.39,95.43,131,0.96,0.71,0.75,62.97,0.74
722fbfae-e6dc-4d24-9653-07eb3aba2747,2026-01-16,TWR-005,408,68.92,24,19,0.96,4.6,-62,5G,TWR-004,0,0.95,0.58,77.18,99.07,23,0.81,0.82,0.75,69.19,0.88
b02f88e2-9f2a-4fdc-b93e-c2eef36bf709,2026-03-07,TWR-005,910.82,56.43,31,14,1.15,2.8,-101,5G,TWR-005,5,0.32,0.56,60.32,98.79,66,0.87,0.86,0.66,75.94,0.87
ee762a55-74f3-4a41-b60e-73f5ea75184a,2025-10-22,TWR-001,80.24,12.82,35,18,1.91,2.3,-111,VoLTE,TWR-003,9,0.97,0.45,62.84,95.51,81,0.75,0.94,0.96,57.1,0.71
aa104d70-ec9f-4688-9b1c-b9a9c8c032f9,2025-12-28,TWR-005,19.51,18.02,15,10,1.05,3.8,-112,VoLTE,TWR-003,6,0.84,0.37,87.45,96.21,124,0.71,0.85,0.98,36.27,0.95
67b7aba5-8240-4e7e-a7a3-ba684305c3d6,2026-03-31,TWR-001,22.31,6.3,98,12,1.67,2.9,-74,4G,TWR-005,1,0.99,0.15,41.85,99.85,102,0.84,0.73,0.6,72.51,1
3a2bd26f-1892-4272-8b07-d095b7a463e4,2026-06-07,TWR-003,24.39,11.2,94,9,1.82,0.6,-100,VoLTE,TWR-004,5,0.78,0.85,89.66,99.75,25,0.91,0.64,0.54,34.32,0.93
4607f039-ca55-4e6b-92cd-34ea82622f72,2026-05-12,TWR-002,57.53,7.78,78,19,0.79,0.4,-61,4G,TWR-002,0,0.18,0.16,45.29,98.94,40,0.96,0.8,0.96,65.39,0.97
28a1256a-5f43-4418-adf7-27aba490ffe0,2025-10-29,TWR-005,14.25,8.82,42,18,0.04,3.4,-81,VoLTE,TWR-004,2,0.91,0.78,59.36,99.14,34,0.93,0.84,0.9,34.21,0.74
38a4a5a8-764a-4f20-b8b4-f566ddb29067,2026-01-08,TWR-003,30.22,14.69,93,4,0.78,1.1,-100,VoLTE,TWR-001,1,0.14,0.22,26.56,97.51,68,0.83,0.72,0.74,62.34,0.87
b57c051b-80ac-4853-9241-0a6ebf9dd404,2026-03-24,TWR-001,804.49,40.45,78,8,1.48,3.1,-119,5G,TWR-002,8,0.75,0.42,53.1,95.19,21,0.84,0.62,0.57,57.11,0.86
17e0d3ff-704c-4719-aff2-a689b12be4ff,2026-01-22,TWR-001,83.57,16.85,53,4,1.65,2.3,-117,4G,TWR-005,5,0.53,0.18,55.67,96.18,117,1,0.85,0.93,54.39,0.89
73bf7f04-fbb8-42ec-8459-1faa2b588e15,2025-10-01,TWR-002,569.16,30.12,46,16,0.28,1,-101,5G,TWR-004,5,0.49,0.65,69.42,98.46,150,0.91,0.76,0.85,39.03,0.83
c76e8714-aac3-4cf3-aed9-0d771ad8a63a,2026-07-22,TWR-001,77.82,8.67,74,15,0.1,3,-91,VoLTE,TWR-003,5,0.44,0.74,71.13,98.58,95,0.84,0.93,0.73,63.46,0.89
3aa5bc17-5b71-46d9-8181-8b1b64960c6a,2026-07-12,TWR-001,63.92,16.74,39,7,0.49,2.1,-95,4G,TWR-001,7,0.9,0.52,83.37,97.92,80,1,0.69,0.68,36.78,0.79
f6a86b52-d4ad-4941-8228-b686aa8960c7,2026-07-05,TWR-002,41.96,16.97,78,12,0.46,4.9,-98,4G,TWR-002,4,0.05,0.31,76.2,96.79,128,0.96,0.94,0.88,37.26,0.87
62132bc1-346b-44a0-87f2-d4cc8cd0b599,2025-12-15,TWR-001,377.54,71.19,97,5,1.87,2.6,-112,5G,TWR-005,2,0.29,0.69,80.74,98.84,48,0.73,0.98,0.51,63.54,0.72
bd3c377c-4a82-40bd-a8df-5e8c6f10cbd7,2025-11-10,TWR-001,56.53,15.78,49,8,1.74,4.2,-83,VoLTE,TWR-001,9,0.65,0.86,85.96,98.26,108,0.9,0.77,0.54,89.21,0.96
4ef477ad-2e77-407e-aee8-4f95da860ef1,2026-02-02,TWR-002,51.79,7.25,28,6,1.39,0.7,-87,VoLTE,TWR-002,9,0.35,0.49,26.15,96.71,56,0.7,0.78,0.73,46.43,0.99
d52ea11c-4bfd-45ad-8e66-855b2414c75b,2026-03-14,TWR-002,79.81,13.56,48,11,0.42,0,-111,4G,TWR-005,2,0.48,0.69,79.89,97.16,35,0.92,0.97,0.79,61.5,0.79
b7dddbd8-2397-4208-99cd-2132ead34c5c,2026-04-04,TWR-005,28.21,6.41,53,11,0.17,0.7,-118,VoLTE,TWR-003,9,0.85,0.69,89.77,99.63,24,0.76,0.95,0.97,44.77,0.94
d6e9ceb8-fba2-4219-8b66-30644e84e130,2026-01-11,TWR-005,30.55,19.47,73,11,1.64,1.7,-75,4G,TWR-004,8,0.4,0.25,34.78,97.54,141,0.83,0.87,0.72,31.38,0.72
1d41bd52-447a-46f6-b0fd-5f4acfdb3347,2025-08-29,TWR-003,22.38,14.23,33,5,1.83,4,-92,VoLTE,TWR-003,4,0.46,0.84,61.98,98.54,46,0.73,0.75,0.99,51.26,0.73
37d10410-50e2-46e0-901c-e36d37cf949e,2026-01-24,TWR-003,444.93,71.01,78,5,1.74,2.1,-114,5G,TWR-005,1,0.38,0.39,56.96,95.21,109,1,0.8,0.58,41.17,0.85
895c7b07-13d7-492d-a915-ed464d88dc72,2026-03-10,TWR-005,55.1,12.36,38,5,1.78,0.3,-112,VoLTE,TWR-005,10,0.94,0.74,78.27,97.45,62,0.92,0.95,0.6,33.99,0.99
430c4c54-8bf2-4c9f-a002-0cb316013580,2025-08-24,TWR-001,679.3,37.93,89,6,1.93,1.2,-111,5G,TWR-001,5,0.28,0.58,45.07,98.95,69,0.89,0.76,0.59,30.53,0.88
5f19e5c2-eee2-4805-ab20-989728087a53,2026-03-29,TWR-005,47.84,13.68,66,19,0.81,2.6,-106,4G,TWR-003,9,0.63,0.54,48.05,99.62,111,0.98,0.79,0.71,68.11,0.86
4853ec68-ed95-48da-8e99-4d74ce618769,2025-07-30,TWR-002,32.1,8.45,14,11,0.21,4.1,-98,VoLTE,TWR-003,5,0.24,0.88,40.91,99.09,112,0.89,0.91,0.74,44.75,0.92
49b095d9-e76e-4397-be1a-5fc66c22fdb9,2026-04-10,TWR-005,51.8,19,86,13,1.5,3.3,-108,4G,TWR-005,10,0.75,0.83,78.9,98.32,134,0.85,0.61,0.91,49.13,0.84
1b41d8da-100b-4d88-bc8a-98e465e1ab0d,2026-03-23,TWR-005,40.28,13.49,75,11,1.84,1.7,-79,VoLTE,TWR-003,9,0.13,0.53,49.31,96.75,67,0.93,0.73,0.9,38.53,0.99
24626df9-987d-4d5f-ad63-e53fe7bd3abc,2025-08-13,TWR-002,58.94,11.21,47,16,0.74,4,-89,4G,TWR-005,2,0.92,0.46,75.79,96.94,91,1,0.7,0.76,79.64,0.75
e7e2c5c8-855b-40d7-8056-34ecff6a6f56,2026-06-20,TWR-004,57.33,8.9,43,5,0.86,0.3,-74,4G,TWR-002,4,0.16,0.79,55.77,98.69,61,0.76,0.93,0.61,40.93,0.98
9155e762-a32c-407e-b35a-08426e3e5945,2026-04-24,TWR-002,13.73,11.96,19,20,0.33,1.3,-86,4G,TWR-001,8,0.98,0.54,51.45,99.37,52,0.76,0.99,0.54,36.69,0.78
23d0f1c3-a20d-4044-a0bf-f277d087b465,2026-03-19,TWR-003,46.28,13.55,56,12,0.7,1.2,-83,VoLTE,TWR-005,0,0.12,0.73,93.45,96.9,135,0.77,0.85,0.69,42.88,0.85
4d1cf5fe-c909-4acf-8c97-15512bcafcf9,2026-02-17,TWR-002,20.53,5.55,78,13,1.31,2.7,-84,4G,TWR-005,7,0.1,0.59,26.8,95.48,33,0.94,0.96,0.72,36.93,0.71
fa787157-4183-4e1b-971d-9ca63f62393c,2026-06-02,TWR-002,71.82,13.2,85,4,0.44,4.8,-71,VoLTE,TWR-001,3,0.87,0.18,40.99,99.83,59,0.86,0.77,0.64,71.79,0.86
062e8ea5-d08d-43f6-8f85-e782e2bcb4b3,2026-02-16,TWR-004,92.17,5.96,75,14,0.49,2.5,-74,4G,TWR-002,6,0.48,0.5,73.91,96.38,85,0.91,0.7,0.85,70.18,0.94
0ebcf621-aa3f-4456-b636-af1366d2ddde,2026-01-08,TWR-003,39.07,18.15,44,9,0.7,0.7,-62,VoLTE,TWR-002,4,0.56,0.86,56.87,97.59,148,0.84,0.68,0.67,43.72,0.92
31f29a3b-ff76-4e0c-9d22-16dce6fe62de,2026-03-03,TWR-003,681.08,66.54,34,5,0.15,4.8,-75,5G,TWR-003,0,0.92,0.17,69.57,95.71,44,0.73,0.79,0.97,73.03,0.92
42b8b198-8be2-44b3-a685-c3ef2b842153,2026-01-11,TWR-002,70.61,9.29,79,6,0.58,4.9,-67,4G,TWR-003,1,0.01,0.69,79.38,95.24,147,0.8,0.81,0.51,74.88,0.78
d10da5b8-70a8-4b7b-a8da-d75bb5bbbbf6,2026-03-12,TWR-004,98.33,6.45,96,16,1.84,2.2,-117,VoLTE,TWR-002,8,0.7,0.6,58.89,98.9,109,0.7,0.61,0.96,66,0.9
8062e74f-47d2-48e5-86f4-8368342c44d2,2025-10-08,TWR-001,444.05,27.99,42,1,1.49,2.4,-79,5G,TWR-002,3,0.92,0.5,73.57,95.77,120,0.88,0.93,0.55,71.05,0.9
23c8ba9a-74f8-4258-b704-11c9ed9aae3a,2026-06-07,TWR-005,40.91,5.07,64,12,0.17,3.4,-89,VoLTE,TWR-003,6,0.16,0.6,86,97.81,114,0.94,0.7,0.82,51.35,0.95
9651e585-d80a-4005-86a8-3e1e23cc533f,2026-03-03,TWR-005,21.48,16.1,61,16,0.05,1.1,-62,VoLTE,TWR-004,3,0.04,0.75,33.02,95.12,146,0.75,0.63,0.93,62.37,0.9
e6f51207-2c6f-48ca-aa12-c6e180334908,2026-06-24,TWR-003,866.81,99.59,98,7,1.48,2.6,-110,5G,TWR-003,7,0.25,0.79,64.52,96.24,144,0.84,0.7,0.73,39.73,1
ce718f52-8dba-4ff1-a9f2-73820634e614,2025-10-03,TWR-003,620.76,53.04,52,2,1.22,0,-74,5G,TWR-004,7,0.1,0.38,21.09,95.73,71,0.99,0.92,0.65,36.1,0.83
cf2c2265-0fc8-498b-8062-0f65429b5b9d,2025-09-20,TWR-001,878.36,52.32,70,4,0.59,3.1,-70,5G,TWR-003,9,0.71,0.39,94.64,99.25,43,0.91,0.94,0.98,34.98,0.77
f937e4df-6790-4f0b-8487-e1a7420621cc,2025-11-25,TWR-005,40.98,18.75,84,9,1.58,0.8,-92,VoLTE,TWR-001,7,0.23,0.88,82.92,95.22,33,0.77,0.85,0.71,37.01,0.78
ee3393a7-9ded-4603-8a2c-230bf9820b2e,2025-10-04,TWR-003,58.28,9.14,18,9,1.67,0.5,-111,4G,TWR-002,9,0.87,0.79,86.96,97.87,112,0.78,0.65,0.72,35.93,0.8
162be840-3df0-4eda-b008-527b62456448,2026-04-15,TWR-005,88.28,19.05,69,17,0.32,0.6,-91,4G,TWR-003,4,0.81,0.84,21.18,99.64,20,0.87,0.62,0.71,49.41,0.78
de1393a0-67c0-4835-af2b-dc5aee022815,2025-09-30,TWR-004,68.34,5.73,37,7,1.66,1,-97,VoLTE,TWR-001,5,0.78,0.41,75.06,97,33,0.9,0.91,0.5,61.16,0.95
adb7a84f-a7fa-4133-b9bf-eca923047f9c,2026-03-25,TWR-005,42.21,14.9,98,7,1.44,2.1,-113,4G,TWR-005,9,0.59,0.65,44.84,99.25,126,0.91,0.71,0.86,47.86,0.95
8493b8de-6063-4432-b179-3294d65e18d6,2025-09-20,TWR-005,780.62,97.74,20,18,1.07,0.1,-116,5G,TWR-002,9,0.35,0.55,35.62,98.83,47,0.86,0.92,0.83,55.12,0.72
6ee20007-5501-4ea4-a53b-e8c50b6d76b9,2026-03-06,TWR-002,313.63,74.07,16,15,1.71,1.2,-86,5G,TWR-003,5,0.69,0.44,73.67,97.7,122,0.96,0.7,0.99,50.56,0.75
c0b7f0fb-abd0-4224-80fb-fbc7c3c62b75,2026-04-09,TWR-003,215.86,84.47,24,19,1.31,1,-62,5G,TWR-003,9,0.11,0.45,72.64,97.1,53,0.86,0.72,0.83,61.59,0.9
872ca377-c02e-45d0-a985-0d2a97bfeb42,2026-04-02,TWR-002,398.41,48.38,46,1,1.61,1.1,-92,5G,TWR-001,7,0.97,0.25,63.89,97.77,39,0.82,0.77,0.75,67.24,1
3f211ec3-f3c6-46de-91ce-666cf00af170,2025-10-15,TWR-001,964.68,85.27,19,5,0.28,2.9,-94,5G,TWR-002,4,0.14,0.82,45.7,98.32,117,0.77,0.72,0.69,41.86,0.74
6aeb51f9-ed34-4af3-9a10-2bfc9327e667,2026-06-21,TWR-005,54.65,13.23,31,12,1.09,1.3,-71,4G,TWR-005,7,0.58,0.51,93.89,96.96,150,0.95,0.66,0.64,35.15,0.8
db1d073b-8be8-41ca-b4a3-3fe41278bcda,2026-07-23,TWR-001,53.64,11.74,81,7,0.53,1.5,-66,VoLTE,TWR-001,0,0.28,0.74,52.35,97.35,81,0.85,0.86,0.69,54.05,0.9
78e440a6-1509-4813-9765-7502b7647f37,2025-09-03,TWR-005,60.14,17.65,69,2,1.42,2.1,-117,VoLTE,TWR-001,6,1,0.71,86.36,96.62,108,0.96,0.6,0.61,68.27,0.99
645366f8-1deb-4d90-a3fc-5ab192f67d1d,2025-12-07,TWR-002,632.52,80.55,33,12,1.76,1.1,-115,5G,TWR-004,2,0.59,0.39,84.54,96.01,89,0.92,0.76,0.98,81.62,0.94
decce07c-cf78-4fcf-8489-9a5388800662,2026-05-18,TWR-005,707.29,34.97,52,13,1.11,3,-116,5G,TWR-005,6,0.15,0.41,30.18,96.55,72,0.78,0.83,0.88,37.61,0.74
6f3cffc2-7851-4756-9618-0e35e793b80a,2026-07-01,TWR-002,289.94,39.15,79,3,0.44,1.7,-97,5G,TWR-003,5,0.86,0.13,36.29,98.37,132,0.74,0.97,0.73,87.43,0.79
67310a15-649a-4627-9da2-3aae755060a4,2026-06-18,TWR-004,22.36,7.83,90,8,0.53,4,-66,VoLTE,TWR-004,8,0.02,0.36,88.16,99.75,110,0.91,0.7,0.54,88.19,0.86
6917d8b7-60b8-41e0-bba1-a2804b66c846,2026-06-07,TWR-005,412.62,50.48,88,4,1.82,4.3,-68,5G,TWR-001,9,0.37,0.68,42.19,98.44,144,0.76,0.78,0.73,49.2,0.85
bbd11ac0-82ba-438b-a373-3d7be9d33b2c,2025-11-16,TWR-003,60.06,14.84,83,14,0.96,3.7,-76,VoLTE,TWR-004,5,0.53,0.8,25.96,95.07,33,0.87,0.71,1,80.61,0.85
cfd4f157-3368-45cc-8d27-c3f29a42fbcb,2026-02-22,TWR-004,89.8,6.96,71,2,1.75,1.2,-77,VoLTE,TWR-001,8,0.56,0.42,91.68,96.64,140,0.83,0.77,0.64,80.23,0.7
ff635f19-5cbd-4857-9e7c-79ea51a44790,2025-09-02,TWR-001,592.78,37.23,35,11,1.9,0.8,-75,5G,TWR-005,6,0.96,0.51,57.18,99.56,22,0.8,0.67,0.9,39.97,0.8
3f3ae2fa-0b4a-4b28-86fd-011addbdf254,2026-07-09,TWR-003,49.43,10.94,30,12,0.82,2,-97,VoLTE,TWR-004,1,0.87,0.75,81.73,97.26,22,0.81,0.67,0.8,36.93,0.81
db5fb11c-4bb6-420b-a9ed-6bfc7182aa60,2026-03-17,TWR-001,25.29,9.04,23,1,0.12,3.8,-84,4G,TWR-004,6,0.95,0.29,85.27,98.44,48,0.86,0.87,0.61,38.91,0.76
4df46d2b-de97-49ef-923f-6e16e716fbca,2025-10-08,TWR-001,561.03,33.62,51,12,1.18,3.2,-107,5G,TWR-002,3,0.04,0.75,32.19,97.41,123,0.96,0.87,0.68,78.07,0.73
88fd452d-f88f-4b1e-9aec-c7cf7f3c2985,2025-08-07,TWR-002,97.59,18.04,69,20,1.54,3.6,-115,4G,TWR-004,0,0.22,0.73,57.46,95.49,79,0.86,0.71,0.92,78.53,0.7
c22e2b1d-c835-4a47-b49e-478607a1c8d9,2026-02-05,TWR-004,751.33,78.43,30,3,0.24,3.6,-104,5G,TWR-005,8,0.63,0.41,84.08,95.03,108,0.93,0.73,0.81,50.36,0.73
acc18f0b-1b55-459c-94ab-82a5655e51fc,2025-11-27,TWR-001,77.98,18.01,13,5,0.15,0.8,-110,4G,TWR-001,10,0.07,0.33,51.1,98.8,108,0.84,0.61,0.51,67.25,0.94
3b680411-e765-49a6-b8ab-49b1ea1f5e36,2026-05-20,TWR-005,568.58,90.65,63,16,1.79,3.8,-83,5G,TWR-005,2,0.45,0.62,64.29,99.49,52,0.99,0.94,0.87,74.74,0.87
5d52b2c6-08c9-4553-ae32-747f89b63853,2026-04-27,TWR-002,972.33,35.88,69,4,0.28,3.8,-119,5G,TWR-005,5,0.05,0.76,64.84,96.01,117,0.76,0.77,0.75,84.58,0.94
bc357108-c41c-4e55-8b09-481572584249,2026-03-10,TWR-003,67.31,11.48,56,15,1.56,1,-65,VoLTE,TWR-004,0,0.93,0.31,30.49,96.78,65,0.85,0.61,0.72,82.73,0.7
25cc87cd-4af3-447a-8668-244d8d576075,2025-10-28,TWR-003,754.25,24.55,39,12,1.48,0.5,-105,5G,TWR-004,3,0.9,0.17,91.3,99.07,64,0.85,0.99,0.75,78.05,0.71
24263354-9c13-41df-945b-e6e6b2327d1b,2026-04-04,TWR-001,165.77,48.65,56,13,1.22,3.6,-70,5G,TWR-004,3,0.08,0.5,24.96,98.58,62,0.76,0.89,0.72,68.11,0.82
343d194d-84c0-4a3d-b622-27328dc88bb2,2025-12-14,TWR-002,43.74,8.09,91,17,0.12,1.1,-110,VoLTE,TWR-002,8,0.89,0.18,83.95,98.71,39,0.83,0.87,0.94,84.67,0.79
ef933b28-e8e2-4bb3-ba4c-c6b7d7d79767,2026-05-18,TWR-005,84.4,12.69,42,11,0.22,3,-84,VoLTE,TWR-002,5,0.9,0.7,82.72,95.61,148,0.86,0.67,0.67,30.11,0.74
