Record_ID,Date,Customer_ID,Monthly_Revenue_per_User_ARPU,Lifetime_Value_LTV,Billing_Cycle_Date,Last_Payment_Amount,Last_Payment_Date,Outstanding_Balance,Bill_Dispute_Frequency,Roaming_Charges_Last_Month,Overage_Charges,Bundled_Services_Revenue_Contribution,Revenue_per_Plan_Tier,Payment_Failure_Rate,Revenue_Growth_Rate,Average_Revenue_per_Account_ARPA,Late_Payment_Penalty_Revenue,Revenue_by_Customer_Segment,Billing_Accuracy_Rate,Discount_Impact_on_Revenue,Revenue_from_Value_Added_Services,Cost_to_Revenue_Ratio
e2e6cb3a-b5c6-468d-808d-82f9bee9fba4,2026-03-24,CUST-359598,109.93,5386.570000000001,2026-02-11,42.18,2026-01-07,0,1,35.15,26.24,15.76,Basic,0.99,3.8,118.18,8.08,Enterprise,98.54,-5.6,13,0.43
f2f8db02-f293-4788-9541-a8430a604ed8,2026-04-19,CUST-224491,38.99,506.87,2026-06-19,68.38,2026-05-10,0,0,40.72,5.92,28.93,Enterprise,1.08,6.24,131.65,6.86,Prepaid,99.13,-6.81,19.61,0.44
b7acd5e9-6599-40a9-ac77-0ccae63c6b11,2025-11-15,CUST-684721,42.38,550.94,2026-03-02,95.57,2025-09-12,38.7,1,3.78,21.24,44.61,Basic,2.63,-1.17,61.46,3.42,Enterprise,95.51,-8.2,19.2,0.35
5dcf8fee-2f2d-4f57-b668-6ce84f32099a,2025-10-22,CUST-255890,136.83,7115.160000000001,2026-01-18,108.72,2025-10-08,0,0,25.69,27.38,32.82,Enterprise,1.26,-1.77,164.58,4.67,Enterprise,98.27,-2.86,7.08,0.41
d660a8db-0a44-42e6-bd02-94f19e15dc65,2025-09-17,CUST-676141,38.03,1254.99,2026-02-24,99.57,2026-01-06,0,2,41.68,11.59,14.39,Enterprise,3.71,1.98,194.8,9.72,Enterprise,95.35,-0.12,0.7,0.16
467c57da-d19b-4591-858c-98d4a39ebe45,2026-01-02,CUST-811045,28.17,985.95,2025-11-05,24.53,2026-03-04,0,2,45.33,22.51,23.89,Premium,0.14,0.55,131.37,9.75,Prepaid,95.42,-5,17.65,0.45
613ce17b-76fc-43fd-aeca-41132e18dff0,2025-08-03,CUST-925760,42.3,2495.7,2025-11-15,176.17,2025-09-11,0,1,37.4,6.87,43.41,Family,1.47,-0.81,25.37,4.03,Postpaid,97.45,-5.48,7.36,0.36
63bd01e0-915e-4fb0-af8f-8a1676d7d76a,2026-03-20,CUST-667788,84.39,3881.94,2025-09-22,163.87,2025-10-02,0,0,23.6,13.05,30.23,Family,4.43,4.14,25.66,7.2,Enterprise,97.73,-3.88,14.7,0.46
558870ec-6e71-4165-982d-6a7e94500e60,2026-03-24,CUST-271713,49.71,2734.05,2026-01-05,77.16,2025-10-29,0,0,1.75,28.65,45.27,Enterprise,1.41,1.53,71.18,3.06,Prepaid,96.67,-5.22,10.02,0.13
e8de165f-83c5-4b23-8ba1-f06ebaf1b83b,2026-06-11,CUST-992607,105.1,4414.2,2026-06-11,119.07,2026-04-25,0,2,38.17,28.38,36.47,Premium,1.05,-4.32,153.66,1.41,Enterprise,97.88,-6.33,4.37,0.43
16330b87-7acd-4548-8754-eddac7099211,2026-05-09,CUST-501473,37.05,1741.35,2025-07-29,69.91,2025-10-16,0,1,14.3,24.89,23.01,Enterprise,3.51,-0.36,144.69,8.12,Enterprise,95.68,-2.61,13.71,0.47
3b3ebf9f-df8f-4850-baa5-6fdaeab9dc87,2025-09-03,CUST-586978,29.65,1186,2025-11-02,143.2,2025-10-21,0,1,5.81,20.96,39.14,Family,0.97,5.83,123.54,2.91,Enterprise,96.09,-9.75,4.87,0.27
6d4a5b91-e2b9-4292-a6d2-f1890e67ec13,2026-02-19,CUST-984033,115.71,6595.469999999999,2025-08-07,99.5,2026-04-15,0,2,5.88,17.31,31.48,Enterprise,1.01,6.25,119.72,0.34,Enterprise,99.57,-4.03,1.87,0.29
116f9e7a-f9f3-48ad-bf70-f4ac77315677,2025-12-04,CUST-691388,112.24,2132.56,2026-02-12,160.21,2025-10-06,0,1,7.51,5.66,48.44,Enterprise,4.31,4.82,62.68,1.81,Postpaid,95.74,-7.72,3.02,0.37
8d5a9a04-4848-487f-b214-ea4ce10ed113,2025-12-14,CUST-968936,114.73,2753.52,2025-12-07,21.44,2025-12-13,19.47,1,41.83,13.99,15.39,Basic,4.18,-4.44,111.77,0.51,Enterprise,98.02,-4.38,6.59,0.2
8205849c-f5f0-49b7-b3a3-f6130f1b1a8a,2025-12-13,CUST-698374,29.86,1015.24,2025-08-17,100.3,2026-02-24,0,1,23.95,17.76,39.51,Enterprise,1.04,4.18,44.59,9.67,Enterprise,95.78,-3.46,7.82,0.13
48c533d6-8463-4109-b154-cbc4269f296c,2025-08-02,CUST-189124,107.95,3346.4500000000003,2025-08-10,42.03,2026-06-04,36.53,1,33.25,20.59,28.03,Basic,1.72,4.27,49.67,1.18,Postpaid,99.87,-6.5,8.72,0.12
8b378474-654e-483f-9797-74dde3805685,2026-04-28,CUST-463467,111.33,1669.95,2026-03-11,72.14,2026-04-09,0,0,46.13,5.73,28.67,Enterprise,2.74,3.6,143.53,4.68,Enterprise,96.97,-3.6,8.86,0.17
17d60f6a-6ac0-4a30-bfb6-fb0bfb073385,2026-07-13,CUST-410901,41.66,2249.64,2025-08-12,48.72,2025-08-26,30.3,0,44.58,6.68,47.37,Premium,0.77,1.71,130.35,0.7,Postpaid,99.94,-7.77,18.2,0.32
fc67fa28-530b-43a9-af9a-ddf21c541188,2025-09-15,CUST-318350,88.8,4440,2026-05-05,133.62,2026-05-14,0,2,13.28,6.58,12.59,Family,4.53,-3.75,125.12,5.77,Enterprise,98.88,-6.88,5.18,0.13
454818a6-b771-478d-a803-42bc46daf830,2026-03-29,CUST-765268,44.5,1379.5,2025-12-17,143.28,2026-05-22,16.84,2,48.36,21.2,46.45,Enterprise,2.11,8.97,142.15,3.93,Prepaid,99.86,-0.89,17.2,0.38
059360be-1b42-4644-aeb9-70b7fc5efbd6,2025-11-01,CUST-525442,73.09,3946.86,2025-11-22,129.41,2026-07-05,0,1,12.89,27.18,11.93,Basic,4,7.66,72.13,5.42,Prepaid,95.51,-4.98,7.16,0.21
ae9382f8-ebad-4bb1-9ce7-a92f901f9d10,2026-01-01,CUST-357191,131.96,5674.280000000001,2025-10-31,76.07,2025-09-10,0,1,44.58,12.44,46.63,Basic,0.53,0.91,77.86,5.82,Prepaid,97.66,-6.49,16.98,0.11
7ff913a0-6abd-4651-ae29-bb2f3bc6b3b5,2025-12-26,CUST-716328,31.69,1299.29,2026-02-05,136.49,2025-08-25,0,0,45.28,15.49,39.79,Premium,1.44,3.2,58.57,0.05,Prepaid,99.18,-5.16,16.41,0.29
4ef80100-12e1-4530-9e5d-ecd8489c9b12,2025-11-13,CUST-243966,121.81,5968.6900000000005,2025-10-17,199.75,2026-03-21,0,0,47.83,2.36,18.07,Basic,1.13,8.58,149.25,0.47,Enterprise,96.78,-5.83,4.98,0.41
7c67981a-d57a-4ffa-bea6-2540abd5a16d,2025-09-25,CUST-707513,127.85,6520.349999999999,2026-05-09,117.34,2025-12-20,0,1,33.75,13.83,34.85,Enterprise,2.66,6.41,144.51,8.28,Prepaid,95.63,-2.85,18.34,0.4
501f8873-3906-4554-b0aa-a3166c911f59,2025-11-01,CUST-702565,129.83,3765.07,2025-08-30,91.7,2026-04-25,0,2,13.26,0.87,48.71,Premium,2.86,0.83,168.06,6.22,Enterprise,97.88,-1.64,17.53,0.43
2fed9838-8bc2-47c3-9314-836b21474918,2025-11-16,CUST-589436,107.02,1605.3,2025-09-27,87.06,2026-02-28,0,2,27.26,6.87,35.31,Basic,0.94,3.7,181.45,6.61,Enterprise,96.91,-0.69,12.27,0.31
6ad2cc0e-9ba5-477f-aef1-6e9e64197803,2026-04-12,CUST-934165,78.45,4314.75,2026-04-16,63.34,2026-07-02,0,0,11.74,18.31,21.5,Family,1.77,-1.13,89.09,1.17,Postpaid,98.41,-2.9,13.38,0.31
cc7990ef-5975-46a4-9554-b2c75efb15fe,2025-08-14,CUST-548860,59.21,3315.76,2025-11-22,48.44,2025-12-14,0,1,24.68,7.67,19.2,Family,1.59,1.75,183.38,5.98,Prepaid,97.73,-3.06,16.94,0.17
b771f236-5791-4f79-b2bb-7c20bcc02066,2025-08-26,CUST-991153,108.61,5430.5,2026-05-24,98.47,2026-01-06,43.88,1,17.06,10.37,45.65,Enterprise,1.3,5.43,72.71,5.65,Postpaid,96.4,-5.59,6.73,0.39
f8e3e9ff-88f8-4c22-ab59-7ddda9cf988f,2025-10-16,CUST-591579,138.96,6670.08,2026-05-06,171.15,2025-09-27,0,0,28.06,25.08,20.49,Basic,0.91,-0.44,112.21,7.82,Postpaid,95.38,-8.88,10.75,0.44
71a464be-6ab0-4349-8f6e-17cf006d1eed,2026-02-07,CUST-901398,76.43,2445.76,2026-02-01,24.94,2025-11-09,0,2,35.27,17.71,13.4,Basic,4.44,3.53,104.21,7.13,Prepaid,98.52,-4.1,12.25,0.21
f708924b-77f1-475a-af8c-0af0f2252dea,2026-01-20,CUST-417483,59.49,3093.48,2025-09-17,155.83,2025-11-15,0,1,24.86,29.29,10.23,Basic,3.82,5.96,186.66,1.65,Postpaid,96.2,-3.03,1.24,0.39
8432eee6-3be7-4f96-8f63-de2e64e35532,2025-10-02,CUST-183604,140.63,3937.64,2025-09-04,182.28,2026-07-19,0,0,34.47,11.47,15.76,Family,1.27,-4.19,59.45,4.72,Prepaid,98.75,-1.06,13.36,0.4
83459442-fe9c-404e-80b9-9a4c77ff353f,2026-04-04,CUST-360813,147.64,5315.039999999999,2026-01-06,142.28,2025-09-27,0,2,1.37,20.09,26.72,Family,2.78,5.27,65.14,3.19,Postpaid,95.5,-9.08,7.06,0.35
0db7eee9-e93a-462c-af65-e93ea1374273,2026-01-19,CUST-956804,21,273,2026-05-06,29.85,2026-03-02,24.65,1,33.64,10.27,47.64,Family,1.16,-4.31,26.14,1.4,Enterprise,96.44,-4.6,2.34,0.24
79e1a419-d737-408a-bd73-80ceb302636e,2026-02-26,CUST-632502,122.49,3919.68,2025-12-12,57.88,2025-09-17,33.85,0,38.08,17.56,13.98,Premium,0.2,7.34,47.3,2.24,Prepaid,96.08,-3.7,6.29,0.44
65b7a854-7670-4665-9685-1ed757b2f79a,2026-04-16,CUST-948664,49.28,1084.16,2026-05-01,88.29,2026-03-23,0,2,42.24,24.31,13.44,Family,1.13,5.02,49.5,5.88,Enterprise,98.47,-9.28,6.21,0.23
2ab7dbfa-c90c-4bf7-bcee-8d0e06280235,2025-11-07,CUST-208348,53.46,694.98,2026-03-26,159.41,2026-07-17,0,1,6.11,1.95,35.62,Basic,0.66,5.88,163.89,8.73,Enterprise,96.41,-8.31,3.3,0.28
3a3d0a6a-43aa-4680-81c7-b449b88e170d,2025-07-25,CUST-102971,125.65,6408.150000000001,2026-01-27,192.31,2025-09-11,0,1,14.66,8.19,33.94,Basic,1.54,4.19,178.22,2.77,Enterprise,96.08,-6.06,0.32,0.33
7fad0bdf-8993-41db-a793-88385cfedd3c,2025-10-10,CUST-839550,56.23,1293.29,2026-07-07,107.46,2025-08-09,0,2,24.5,23.53,19.09,Enterprise,1.13,-3.59,159.27,7.44,Postpaid,97.81,-8.66,16.87,0.34
89a20a3a-c5b6-4129-a098-9a444e497c23,2025-08-27,CUST-261553,51.52,2782.0800000000004,2026-04-04,150.22,2025-11-29,0,1,29.1,25.25,49.67,Basic,2.91,-2.43,109.64,9.36,Enterprise,95.03,-5.45,11.95,0.39
f6171ddd-3993-4cbb-85be-a62521e260dc,2025-12-13,CUST-675038,101.06,1414.8400000000001,2025-11-05,195.46,2026-03-20,0,1,37.83,11.75,46.9,Premium,2.38,2.53,88.64,7.91,Postpaid,95.35,-8.47,7.55,0.24
153bc242-b965-4cdc-a7f2-cfd768b06e45,2025-09-19,CUST-863197,113.16,5318.5199999999995,2026-02-02,97.7,2026-01-10,40.14,1,3.06,16.8,29.24,Enterprise,0.73,6.25,45.93,2.53,Enterprise,95.1,-1.39,0.72,0.47
ef84a3b6-0d5f-4134-b296-5ae580edd140,2026-06-27,CUST-450849,38.42,1805.74,2026-02-17,36.61,2025-09-25,0,2,44.64,22.77,13.91,Enterprise,4.71,-0.75,72.44,5.29,Enterprise,99.5,-9.03,3.51,0.36
6fdf94ed-91eb-473a-b251-40a02558ff5c,2026-01-24,CUST-388484,143.92,6764.24,2026-04-07,21.53,2026-07-07,46,1,35.41,1.6,41.79,Enterprise,4.86,4.17,94.81,2.34,Postpaid,98.46,-1.68,19.81,0.2
d6143e3f-44e5-471c-8da0-326509f1d242,2026-02-19,CUST-293316,72.5,1377.5,2025-11-04,37.5,2025-12-03,0,2,47.69,14.03,22.91,Premium,3.89,2.45,184.14,3.98,Prepaid,96.64,-5.76,3.16,0.29
15cfc955-40c2-4a63-9f6f-544ad29c01ec,2025-09-02,CUST-315445,102.68,5031.320000000001,2025-12-13,138.85,2025-08-05,0,1,37.68,13.13,41.12,Family,4.73,4.08,70.33,1.49,Postpaid,99.04,-4.65,10.3,0.3
b6cff330-36ed-429a-8ee3-905a7d0359ce,2025-09-29,CUST-392893,115.62,5549.76,2026-04-01,97.73,2025-09-06,0,1,33.09,6.55,27.55,Premium,2.43,1.02,141.12,3.25,Prepaid,95.48,-5.15,1.85,0.43
827a2ee9-675e-4aff-b472-4eaaf0e536a4,2025-12-19,CUST-983226,70.37,3870.3500000000004,2026-05-17,55.67,2025-09-21,0,1,46.47,18.19,10.08,Family,1.65,-2.3,90.11,4.72,Postpaid,99.37,-9.81,17.33,0.25
79a9e148-d384-46a4-8bf4-ba066d7eb8e4,2026-03-22,CUST-911768,91.93,1654.7400000000002,2025-08-10,65.84,2026-06-12,0,0,32.24,6,22.33,Enterprise,3.81,9.86,42.71,2.95,Enterprise,95.95,-6.27,8.75,0.16
1cdf0f3d-b93c-4807-b071-930ea3dfef59,2026-06-18,CUST-881426,85.13,2553.8999999999996,2026-02-02,194.99,2026-04-20,0,2,7.79,20.05,10.61,Enterprise,0.14,5.65,47.11,0.33,Enterprise,99.45,-7.53,4.74,0.4
aa93e3bf-1f8e-49f3-84aa-ef1d7be08214,2026-06-10,CUST-758764,115.88,4751.08,2025-12-30,76.06,2026-02-16,0,0,41.32,4.06,42.73,Family,3.39,7.56,118.8,8.42,Enterprise,96.89,-0.35,5.29,0.24
593c7ed6-977a-4253-86b0-1427ecad6f81,2026-03-01,CUST-510515,140.88,5635.2,2025-07-30,85.88,2025-08-01,0,1,38.67,0.85,19.71,Premium,4.72,7.74,164.27,2.14,Postpaid,96.66,-1.13,9,0.17
39419a29-5fe6-4c84-8b79-ecc397871f16,2026-05-15,CUST-111866,69.24,3185.04,2025-11-05,49.74,2026-03-02,0,0,43.57,13.8,31.31,Family,0.87,5.74,165.01,8.46,Prepaid,96.23,-3.56,9.66,0.16
562873ad-356e-40a9-9cf4-4b9453e3e799,2026-02-05,CUST-849211,42.58,1277.3999999999999,2025-10-24,74.44,2025-08-29,43.31,0,40.79,20.52,14.4,Enterprise,1.29,4.15,182.6,3.57,Postpaid,99.12,-6.85,2.96,0.36
87cab0e1-5d5f-4709-ad90-5473de04108e,2026-04-24,CUST-951412,76.27,1830.48,2026-05-31,163.24,2025-10-17,0,2,6.77,11.5,18.25,Basic,2.73,1.39,76.36,4.36,Postpaid,97.61,-2.11,3.38,0.24
354641fb-2dad-4d83-9c71-eabb194e8cbc,2026-01-31,CUST-418247,107.88,5070.36,2025-08-16,183.84,2025-10-17,13.84,1,47.93,16.03,32.61,Family,2.17,9.61,125.13,5.79,Postpaid,98.81,-7.97,0.07,0.13
a6c296f0-6543-4547-881e-ecb63958902f,2026-01-13,CUST-155941,72.37,1736.88,2025-10-19,68.81,2025-10-25,7.43,2,25.15,4.94,42,Basic,3.83,8.26,49.64,5.84,Enterprise,95.34,-8.36,14.02,0.23
541d5efd-11f3-460f-b3d2-64be4bf77bbd,2026-03-29,CUST-344722,114.07,4448.73,2026-07-14,131.84,2026-06-11,32.27,0,17.43,26.83,39.34,Family,4.24,6.13,60.31,2.02,Prepaid,95.85,-6.98,4.13,0.14
7b4458ac-2e5d-436f-87a1-af4276da3ade,2025-12-09,CUST-202222,27.83,1224.52,2026-01-22,198.96,2025-11-21,5.62,2,30.78,22.62,32.45,Basic,1.12,2.31,118.15,0.61,Enterprise,96.18,-3.19,13.92,0.14
3b927ef8-694e-44f8-b109-a261c76545f8,2026-05-03,CUST-829235,109.71,4388.4,2025-12-06,195.17,2026-03-23,0,0,1.19,8.49,25.93,Enterprise,2.24,-3.04,53.01,7.58,Postpaid,97.01,-8.88,1.02,0.2
19adb585-17d9-4776-83bc-76a6d3771449,2026-02-23,CUST-555951,51.04,2552,2025-11-19,60.99,2025-12-02,0,1,49.75,25.19,33.67,Premium,3.69,9.81,190.18,8.89,Enterprise,98.78,-8.93,11.26,0.31
ed6b078f-ac6a-4b58-ab36-cb97a1c14f1f,2026-07-14,CUST-543187,111.4,1893.8000000000002,2026-06-16,81.2,2025-11-05,0,2,25.66,4.16,16.43,Family,0.77,1.92,65.98,5.19,Postpaid,96.76,-6.43,8.54,0.18
d69ec4eb-b814-46d8-b742-a027bdf6568a,2026-01-08,CUST-506605,97.57,5659.0599999999995,2026-01-14,97.33,2026-03-03,0,1,18.3,23.81,10.32,Enterprise,2.91,9.74,85.42,9.9,Enterprise,95.26,-9.03,2.46,0.42
56d66f48-18a9-46df-9369-c21e1e83bd6c,2025-10-06,CUST-797127,34.23,1334.9699999999998,2025-09-28,31.29,2026-05-22,0,1,46.02,13.78,17.1,Premium,3.54,4.12,54.71,6.07,Enterprise,98.42,-1.88,18.6,0.37
2b82c0c9-19e1-4969-a598-cddd5ce491cd,2026-03-02,CUST-457720,143.63,4165.2699999999995,2025-09-12,92.03,2025-10-04,0,1,14.94,18.2,49.99,Family,4.44,0.72,113.09,1.82,Postpaid,98.32,-0.29,15.93,0.34
e7b7beed-cf0a-4c66-b524-f57b8829166d,2026-05-17,CUST-272946,21.53,775.08,2026-03-05,21.5,2026-06-28,0,1,49.59,7.68,35.44,Premium,2.34,9.11,47.4,6.9,Postpaid,96.92,-9.1,5.72,0.26
56e9b544-e76f-4ccc-8ffe-00304392dea9,2026-01-23,CUST-551087,126.69,3547.3199999999997,2025-08-06,124.44,2026-06-24,28.86,1,46.55,1.52,43.89,Enterprise,1.52,7.8,194.67,0.5,Postpaid,96.39,-2.95,5.58,0.31
fb7a254b-47dc-4703-a324-300365a34cab,2025-12-05,CUST-483675,78.08,4060.16,2025-07-27,171.07,2026-01-18,8.38,2,14.46,23.34,29.62,Enterprise,2.61,5.34,121.2,4.99,Enterprise,99.07,-8.11,7.06,0.11
44f2001b-2745-48c4-9d0e-829c4a1e79ca,2026-03-08,CUST-886202,120.22,6612.1,2025-11-10,21.61,2026-02-25,0,1,47.91,8.15,44.72,Family,0.95,-0.41,29.58,4.5,Enterprise,97,-5.72,5.19,0.26
6c7249e0-a950-452a-8519-a483c805c842,2026-04-17,CUST-678628,123.6,2842.7999999999997,2025-08-02,106.35,2025-10-29,23.84,1,34.74,6.03,31.52,Basic,3.61,-3.4,137.26,7.28,Postpaid,97.47,-8.54,0.68,0.3
060ce42e-65af-4673-89ab-3faddd6d1970,2026-07-03,CUST-248132,80.63,2580.16,2026-04-01,150.66,2025-08-08,0,2,24.4,9.36,43.09,Premium,2.61,0.75,130.9,4.26,Postpaid,97.44,-0.44,1.12,0.38
1da4e465-496c-4218-81f7-987d9762cead,2026-02-25,CUST-505029,48.17,770.72,2025-08-22,76.12,2026-03-20,0,1,15.84,12.03,48.55,Basic,3.18,4.58,56.43,2.35,Prepaid,99.89,-7.51,11.37,0.16
bdb8f6ab-ee96-4fc2-b61b-45b483c1cd89,2025-10-27,CUST-421024,111.75,1676.25,2026-01-20,123.98,2026-05-07,0,1,7.23,17.25,45.17,Premium,3.4,2.96,59.21,3.3,Prepaid,99.35,-8.56,3.97,0.33
a02d0b0a-e504-423e-a47e-7cdd3c92350b,2025-10-12,CUST-835498,103.08,1752.36,2026-07-08,33.13,2026-06-10,0,1,31.31,11.4,44.4,Premium,1.47,4.5,59.08,2.77,Enterprise,95.87,-8,3.32,0.42
049ebfb8-b693-4b5d-8424-0657b7e8fa3a,2025-08-06,CUST-711931,80.79,3070.0200000000004,2025-12-12,124.68,2026-04-14,0,2,9.9,10.11,43.9,Family,1.32,3.6,82.57,0.04,Postpaid,99.97,-1.23,15.16,0.42
38810adc-d221-4e51-8c47-fa2cda2d1257,2026-03-05,CUST-106637,71.7,2581.2000000000003,2025-09-20,165.5,2026-05-25,0,1,10.31,22.38,22.48,Premium,4.06,8.98,172.5,6.15,Prepaid,96.59,-4.96,12.25,0.4
6c01470b-f15a-4489-83b3-7e9d8bc5565c,2025-12-15,CUST-657953,117.37,2112.66,2025-11-14,190.49,2025-09-07,0,1,48.47,0.94,42.32,Family,3.66,9.43,108.18,6.49,Enterprise,98.09,-4.61,11.17,0.3
542257b2-bd54-4147-bc63-bfb1a12acc38,2026-02-17,CUST-894198,63.13,2335.81,2025-09-28,76.24,2026-03-29,30.07,0,39.66,11.62,12.89,Basic,3.01,5.74,148.14,4.01,Enterprise,97.88,-0.18,17.53,0.26
409bf52a-4fad-4dd0-af8c-17be72f45f77,2025-07-27,CUST-918877,138.6,8177.4,2026-07-01,171.68,2026-03-01,0,1,5.24,11.78,20.52,Enterprise,2.4,4.31,148.6,8.47,Prepaid,95.63,-6.65,14.07,0.2
4bbb4166-fca7-466a-b618-f30053b0b398,2026-03-31,CUST-834074,66.87,3009.15,2025-11-17,59.97,2026-05-30,0,2,17.76,7.31,46.04,Family,1.01,-4.42,58.87,7.85,Postpaid,95.85,-9.5,0.03,0.46
b7aa1994-f856-41d1-92fa-3831ec5c1f72,2026-03-26,CUST-756354,31.41,722.43,2026-03-22,116.99,2026-07-10,0,1,5.11,18.54,27.33,Premium,4.04,3.79,86.81,6.47,Prepaid,96.15,-7.01,14.25,0.43
9b99b160-3a7c-47f7-aa39-3a82f337fc35,2025-09-04,CUST-418108,86.55,1298.25,2026-03-12,116.5,2025-09-12,0,1,2.95,8,29.5,Enterprise,2.84,5.84,84.15,0.61,Postpaid,99.08,-5.71,11.69,0.38
d389023f-8e86-47f1-bb17-76e5e752f6a7,2026-03-15,CUST-929774,125.93,6926.150000000001,2025-08-26,81.22,2026-07-04,0,1,12.75,12.24,11.12,Enterprise,3.26,1.92,81.29,9.59,Prepaid,95.13,-9.69,8.25,0.47
c8b5b193-4852-4825-b833-d6630bd94f38,2026-06-24,CUST-789350,39.34,2006.3400000000001,2026-06-13,111.31,2025-08-22,0,2,7.14,7.46,44.41,Premium,0.12,6.84,126.54,0.94,Postpaid,99.71,-0.5,15.73,0.19
b34a57ec-8871-4f54-a9ae-5f76f4f30f4d,2025-10-11,CUST-642584,76.8,3840,2026-05-11,122.69,2026-07-10,0,1,18.51,26.03,38.11,Basic,4,8.22,73.87,8.53,Postpaid,95.94,-4.9,6.4,0.19
f34c31ce-ea8b-41c5-a3a0-c23b578609c5,2025-10-10,CUST-293289,95.07,1711.2599999999998,2026-04-30,172.25,2026-07-19,25.64,0,47.51,15.56,28.47,Premium,4.97,5.57,103.17,2.11,Enterprise,98.52,-6.33,6.64,0.3
3894f55b-d6b5-4398-a4b9-e3c5826db45d,2026-06-08,CUST-193127,52.41,2096.3999999999996,2026-02-02,54.15,2026-05-04,17.77,2,22.31,6.57,42.44,Family,4.44,-3.88,172.81,2.39,Enterprise,96.85,-0.23,11.39,0.4
6d5f413c-d564-47fe-b44d-200ef392da29,2026-07-22,CUST-179341,107.2,4502.400000000001,2026-03-21,193.03,2026-05-07,0,1,31.07,0.61,20.32,Premium,3.3,6.35,187.32,9.64,Postpaid,99.54,-2.52,18.19,0.12
47b4c3cb-22df-426e-b05d-348e5ebdf8b7,2026-02-15,CUST-121772,121.8,7064.4,2025-11-11,67.15,2026-07-15,0,0,38.84,18.2,47.26,Family,0.26,6.78,187.26,5.75,Prepaid,96.52,-9.23,16.76,0.4
094f25ba-c186-4017-bb89-1e1c73045bad,2026-01-17,CUST-661325,104.64,4499.52,2026-06-12,91.58,2026-01-18,0,1,28.85,25.1,28.91,Enterprise,1.52,5.79,61.56,7.7,Enterprise,99.78,-0.21,6.28,0.24
8502f4d8-a1e6-49b7-84a3-cfabdd93d97b,2025-10-04,CUST-495243,95.73,1818.8700000000001,2026-06-27,159.03,2026-07-16,0,1,15.46,7.94,43.95,Enterprise,3.21,1.69,151.83,8.17,Enterprise,98.65,-5.98,16.27,0.17
31777cc1-d931-4178-8d4d-95c2236c0fb7,2026-04-01,CUST-266499,88.76,2840.32,2026-01-01,44.21,2025-12-31,0,2,20.98,12.71,18.05,Basic,3.15,6.68,43.02,3.17,Postpaid,97.88,-7.76,0.95,0.37
ffad4296-ecac-426a-890c-fd59d43b427c,2025-10-28,CUST-817258,70.9,2339.7000000000003,2026-06-08,147.31,2026-02-03,0,2,33.63,28.24,19.55,Enterprise,4.14,6.98,79.95,5.39,Prepaid,96.22,-5.54,18.89,0.46
eb8674eb-51a5-421e-b2e3-f9f0e9464c47,2025-08-03,CUST-594749,62.16,2486.3999999999996,2026-07-13,154.8,2025-07-30,0,2,29.64,29.24,32.74,Premium,2.91,3.9,154.32,9.88,Postpaid,96.57,-4.99,5.53,0.35
9180df68-84ea-43c6-b24b-e7f7ff4f1336,2026-05-14,CUST-620796,72.28,1228.76,2026-02-14,72,2026-07-21,0,1,7.65,21.92,11.76,Family,4.74,-0.61,121.78,2.52,Postpaid,98.82,-0.89,19.51,0.13
f1bd532b-1907-43c4-bd60-ed1ea7fa8036,2026-07-08,CUST-770798,127.76,3449.52,2026-01-18,27.47,2026-04-26,0,0,3.93,16.61,45.15,Basic,3.88,-2.11,113.32,0.88,Prepaid,95.63,-1.69,12.37,0.22
c3d2dd43-cc9c-42f7-91a2-ca2409c2d177,2026-01-07,CUST-784898,73.85,3397.1,2025-12-04,90.7,2025-10-02,0,2,17.05,16.51,48.05,Enterprise,1.94,9.03,65.92,6.81,Prepaid,97.39,-2.27,6.98,0.42
40ea4420-9176-4992-8a6e-1d9a7097f8a2,2026-05-19,CUST-824442,54.5,3161,2025-11-19,78.09,2025-08-03,0,1,21.92,3.47,41.2,Premium,4.72,-0.9,132.32,1.7,Enterprise,95.13,-2.01,6.08,0.21
0855cf28-1699-4640-a9fd-0ed233e7e7a5,2026-05-11,CUST-991531,120.97,4233.95,2026-03-03,35.58,2026-02-24,0,1,17.78,20.42,45.53,Family,1.02,1.67,83.73,5.5,Prepaid,97.79,-3.95,11.07,0.48
95b16371-ee37-45da-a704-7d45b5d70ca5,2025-12-11,CUST-407028,120.86,4834.4,2026-05-17,107.17,2025-10-23,13.95,1,37.54,11.75,38.99,Premium,3.27,1.14,123.69,4.42,Postpaid,97,-3.97,5.57,0.42
f31c4dd0-be74-4f74-882c-ad0c44d0637d,2026-07-12,CUST-658194,71.5,4147,2025-12-26,46.15,2025-09-01,0,0,22.95,3.25,41.55,Family,3.46,7.78,95.11,4.63,Prepaid,98.16,-1.54,6.29,0.32
cce5cec9-6099-4b7f-89c1-851cb061eb13,2026-02-06,CUST-340509,36.1,1083,2025-09-08,144.58,2026-03-09,0,0,36.51,0.09,29.25,Family,4.76,1.78,50.14,1.07,Enterprise,98,-1.7,15.49,0.36
b4bfd318-82cd-4e05-92f6-198b681f1a94,2026-05-20,CUST-380736,68.82,1651.6799999999998,2025-11-17,85.55,2026-06-29,0,2,27.85,22.55,33.58,Family,1.74,-2.43,197.74,3.65,Enterprise,95.62,-1.79,9.09,0.22
b83fa684-54ff-4a1e-87f2-b65609066ce1,2026-02-18,CUST-709899,112.19,5497.3099999999995,2025-12-20,148.67,2026-02-25,0,1,15.41,27.93,29.82,Enterprise,1.81,-0.69,90.34,1.7,Enterprise,99.16,-6.41,10.97,0.42
ec03ab4a-0d68-44ce-9646-29d0ec19c217,2025-10-18,CUST-766233,75.97,1443.43,2026-01-07,198.4,2026-04-25,0,0,48.37,22.2,10.74,Premium,0.82,1.5,168.59,0.31,Enterprise,97.82,-8.1,13.34,0.16
cd96ac36-30e7-4418-865d-7cc4c443491c,2026-05-04,CUST-235470,138.59,4989.24,2026-01-28,67.45,2025-09-23,0,0,37.4,24.01,35.84,Premium,0.36,-1.12,48.91,6.45,Enterprise,96.25,-8.58,15.02,0.42
582347e3-2703-47ef-9192-00eb1a16efd6,2026-03-29,CUST-525121,126.12,1765.68,2026-04-13,26.72,2026-01-23,5.72,0,47.37,11.85,12.65,Basic,0.23,-0.3,133.23,0.77,Enterprise,98.73,-4.88,2.31,0.48
6de8eb78-bf55-4dc0-ac7e-69933873edd8,2025-10-26,CUST-255407,27.74,1331.52,2026-04-01,192.17,2026-05-03,0,2,23.21,17.29,43.03,Family,3.45,-1.53,103.59,8.35,Postpaid,99.54,-6.1,0.66,0.29
bde19f9f-6230-40f7-8293-5dbe252022ae,2026-05-08,CUST-513379,33.15,497.25,2026-05-30,59.82,2025-09-18,0,1,37.34,5.55,20.6,Family,2.14,5.28,139.34,0.24,Enterprise,99.96,-5.35,16.71,0.34
78117b3b-0a1d-4492-9fb2-7635b804eb4c,2026-07-01,CUST-839263,49.54,792.64,2026-04-21,29.94,2025-08-23,0,1,29.5,10.33,11.38,Family,2.72,7.57,118.85,0.98,Prepaid,96.46,-4.63,0.88,0.48
ef3e7793-7163-4519-bb32-293dd0530838,2026-03-07,CUST-837153,104.78,5239,2026-03-31,99.14,2026-02-08,0,2,31.61,11.14,19.56,Basic,1.26,9.16,58.92,3.06,Postpaid,96.94,-3.45,3.82,0.15
d1064e80-a5dd-4dbb-be21-e05075ab1893,2025-12-19,CUST-425731,97.2,4179.6,2026-01-16,195.67,2025-11-12,42.11,2,6,9.39,13.03,Enterprise,2.06,-0.07,50.47,8.17,Enterprise,97.88,-0.96,18.89,0.24
ff33bc58-f81a-42c1-b640-3a9ce01c25a5,2026-03-31,CUST-663612,33.93,1255.41,2026-03-23,39.6,2025-08-27,0,2,30.68,23.99,26.36,Premium,3.75,-3.3,111.36,2.82,Postpaid,99.81,-2.97,12.39,0.12
7a771f46-432c-4017-b782-5a045f71447c,2025-11-08,CUST-412601,101.72,4984.28,2025-09-15,119.85,2026-01-31,0,1,46.46,18.9,28.56,Family,2.91,2.49,146.36,4.41,Enterprise,98.17,-9.98,1.08,0.35
cca83580-080f-46d4-99b0-36bb0c1a447b,2026-06-01,CUST-376520,45.65,1552.1,2025-09-03,179.52,2025-11-14,0,1,2.32,21.95,49.83,Enterprise,1.6,-4.95,133.56,5.98,Prepaid,99.94,-1.81,8.93,0.37
1bcc728f-1eaa-45b3-84d1-bd13b8dcd3c1,2025-11-21,CUST-707174,39.43,1971.5,2025-10-23,121.73,2026-01-10,0,2,1.65,1.35,20.17,Basic,2.3,7.67,126.32,6.04,Postpaid,95.46,-8.09,0.7,0.21
df07129b-b41e-4323-911e-6f6e43a0f18f,2026-05-30,CUST-820393,67.01,2077.31,2026-04-15,116.31,2025-12-01,0,1,3.61,3.9,24.62,Enterprise,4.4,4.51,47.48,4.12,Prepaid,96.43,-4.33,3.93,0.35
ecc5f24d-3ece-4ba2-955c-176e487d5ac2,2026-02-01,CUST-104547,78,3978,2025-08-01,155.75,2026-04-25,0,1,4.82,6.69,32.74,Enterprise,3.39,2.39,185.33,2.27,Enterprise,97.44,-8.51,6.55,0.42
7a04ca31-348b-4957-95b5-50180ba2ac2e,2025-08-27,CUST-481989,120.42,4214.7,2025-12-06,46.63,2025-10-30,0,1,21.99,8.4,33.63,Basic,4.57,3.97,48.16,3.12,Prepaid,99.73,-3.96,6.93,0.43
67127fd6-c972-4106-9041-610eaeeb5863,2026-07-10,CUST-885754,70.34,1195.78,2025-09-05,108.6,2026-04-19,0,2,35.95,9.5,21.69,Premium,2.86,-2.96,41.04,1.47,Postpaid,98.82,-6.28,4.91,0.49
dc5ddb28-8871-411c-948c-bdbe85341fba,2025-10-06,CUST-383852,63.08,1072.36,2026-06-25,142.84,2025-09-03,0,0,22.58,29.15,13.19,Enterprise,1.42,-3.27,82.74,7.61,Postpaid,97.09,-0.06,18.77,0.23
f3ac88a6-2dfb-4102-aba0-72f92cef4f95,2026-05-24,CUST-935175,113.33,6573.14,2025-09-12,89.47,2025-10-24,0,1,12.98,9.4,16.97,Family,1.9,-0.97,181.64,3.37,Prepaid,95.02,-6.6,3.22,0.44
c0a66732-ff83-4df5-aebb-44f5b1a68404,2025-08-31,CUST-857715,26.15,1307.5,2025-09-19,60.61,2026-04-09,25,1,21.58,25.59,34.5,Premium,0.73,8.3,165.6,3.27,Prepaid,97.04,-8.12,15.52,0.27
12aca61d-e328-48ba-990e-5bc8bf78150a,2025-10-17,CUST-956201,132.41,6885.32,2026-03-01,49.94,2026-03-22,25.1,1,16.96,22.47,16.87,Basic,3.86,1.11,37.21,0.64,Prepaid,97.29,-3.68,6.37,0.15
7bd65ff0-e88a-43ea-8a5c-bd4c0039c906,2026-06-29,CUST-828793,83.4,4086.6000000000004,2026-06-04,30.65,2025-12-06,0,1,22.72,13.46,16.53,Premium,0.75,9.26,191.06,6.07,Enterprise,95.89,-4.43,8.71,0.13
4bf28677-cf53-4a00-a777-6243ec16586a,2025-12-26,CUST-516238,124.44,4479.84,2026-02-17,183.04,2026-05-04,0,2,33.07,22.27,43.16,Enterprise,1.44,1.43,135.91,3.02,Prepaid,95.54,-7.07,3.49,0.41
f5710734-2ead-4fbf-8cf2-72764cb45b7b,2026-06-02,CUST-898842,142.09,6251.96,2025-09-22,144.19,2026-01-11,0,0,32.98,16.76,24.56,Enterprise,2.79,-3.87,167.66,5.76,Postpaid,97.81,-4.34,7.99,0.19
1d7f9224-a3d7-4cd0-8b52-7860fef348c2,2025-11-20,CUST-238121,82.86,1988.6399999999999,2025-09-07,108.73,2025-08-22,0,0,22.51,5.64,33.31,Enterprise,2.35,-1.55,84.07,1.38,Postpaid,96.48,-8.51,3.13,0.23
99bb8ad7-f19d-4ee2-a1b9-ead5ba133ee6,2026-01-13,CUST-326821,111.25,4895,2026-05-24,173.53,2026-05-24,0,0,49.32,12.37,19.65,Family,1.86,7.13,67.9,9.13,Enterprise,98.54,-0.96,15.83,0.14
811d5ed5-3a24-4c52-8fea-8213bf252a24,2026-05-20,CUST-645391,33.87,948.3599999999999,2026-07-21,181.42,2025-09-01,0,0,19.2,3.95,41.33,Premium,2.78,6.81,89.67,0.54,Postpaid,99.95,-4.78,11.08,0.5
b4946ae7-f0ed-4ded-8990-52249f8ac15f,2025-10-19,CUST-291891,81.91,3112.58,2026-07-19,72.09,2025-08-29,0,1,18.41,8.72,30.48,Basic,0.27,8,169.79,8.47,Enterprise,95.26,-2.6,11.41,0.18
b3a42d1a-e289-483b-bd90-464e7091985f,2026-02-06,CUST-185021,86.71,1474.07,2026-04-08,165.39,2026-05-30,0,1,19.09,12.07,37.95,Basic,4.4,5.89,112.4,2.35,Postpaid,98.33,-0.99,2.45,0.43
cf684904-d12e-4542-a448-7a7e24479059,2025-10-04,CUST-196497,40.35,645.6,2025-08-21,125.53,2025-10-22,7.13,1,49.18,11.77,47.85,Enterprise,3.11,-2.49,96.53,9.26,Prepaid,97.83,-7.76,16.04,0.21
a56f6c00-fbc6-4c95-9c60-812c9cdc84b0,2025-08-28,CUST-727351,68.39,3556.28,2025-12-23,115.71,2025-08-03,34.79,0,35.67,9.75,18.63,Enterprise,1.79,8.2,105.03,9.34,Postpaid,98.32,-0.64,13.34,0.32
ce5012bb-8ad5-4436-95ae-d5a84f2e1cf1,2025-11-18,CUST-995298,93.88,4224.599999999999,2025-11-07,78.22,2025-11-24,0,1,39.03,7.84,12.81,Enterprise,2.37,-0.8,58.82,1.91,Prepaid,98.35,-8.7,0.23,0.21
c95d18d1-aa1a-4766-9405-b7c7b8c88652,2025-12-08,CUST-970879,43.27,1557.72,2025-09-01,37.67,2025-09-12,0,1,27.95,27.88,18.85,Family,4.55,3.1,116.85,7.43,Prepaid,95.71,-4.77,11.46,0.17
206a8e99-d59d-4a34-8452-ac079c901b37,2025-08-07,CUST-792068,59.85,2513.7000000000003,2025-09-25,163.84,2025-12-08,12.16,0,48.04,3.18,47.47,Enterprise,3.07,-3.69,46.36,2.3,Prepaid,98.58,-4.08,3.1,0.34
cd9e56da-1dcf-4c0d-953b-50f421ac9554,2026-03-17,CUST-867819,139.3,3900.4000000000005,2025-08-08,63.18,2025-07-29,5.99,1,37.59,18.46,28.85,Enterprise,1.96,4.83,44.58,6.38,Postpaid,98.89,-3.33,17.78,0.13
ff065a73-8cd4-4cd8-ace3-9c48d1e465d4,2025-09-08,CUST-615182,111.87,4698.54,2026-05-10,49.76,2026-03-27,0,0,31.71,7.05,11.28,Basic,1.01,-2.88,57.57,1.91,Postpaid,97.9,-1.49,5.78,0.33
a12ed35f-c5fe-47a8-8d11-6a100a4d3c89,2025-08-26,CUST-830460,119.69,2992.25,2025-09-28,190.43,2026-07-11,0,1,4.91,16.36,13.02,Basic,0.96,8.1,98.08,1.03,Prepaid,95.42,-7.52,11.62,0.1
b78ae742-dd1c-4284-914e-353212ad8580,2026-02-21,CUST-869987,49.74,845.58,2026-06-13,163.13,2026-04-21,0,1,7.06,18.47,23.74,Premium,4.86,-0.87,77.35,3.7,Postpaid,97.09,-9.78,11.37,0.26
564f0e1a-e9fd-46d4-af34-a5c1c9b87789,2026-02-13,CUST-420747,96.76,1257.88,2026-03-09,41.55,2026-06-30,0,2,35.81,22.35,47.68,Enterprise,3.01,5.76,148.57,2.04,Prepaid,97.57,-9.96,16.99,0.22
40a9cf29-eb1a-4f76-861b-2b186e157366,2025-11-17,CUST-803789,55.13,2921.8900000000003,2025-10-14,91.66,2026-04-14,0,0,48.43,6.63,39.71,Basic,4.31,-2.41,147.46,4.83,Enterprise,95.93,-7.7,4.55,0.14
cb33697b-75e5-42f5-826c-9a1bad79ea87,2026-02-18,CUST-571576,101.4,5475.6,2026-05-16,77.6,2026-06-01,0,0,5.7,19.93,41.78,Premium,0.3,-3.71,135.51,4.08,Enterprise,96.26,-6.84,0.45,0.32
b04fc512-1691-4f82-9ccc-9166625f8c50,2026-01-22,CUST-876106,37.86,2082.3,2026-03-21,102.32,2026-06-28,0,1,14.83,24.76,32.89,Family,1.82,-4.01,131.16,7.88,Enterprise,99.98,-1.26,9.86,0.43
a3d5076e-9e72-427a-b22d-94fe7f261721,2026-04-13,CUST-706455,58.79,1175.8,2025-11-30,101.33,2025-10-19,0,2,33.24,23.15,27.84,Premium,3.55,-2.98,188.85,5.07,Prepaid,98.94,-4.36,16.62,0.12
51f47288-cd44-4a90-876d-0e8de003f164,2026-01-21,CUST-415407,94.19,4332.74,2025-11-11,145.32,2026-03-27,0,0,7.74,7.16,42.49,Premium,3.3,6.65,29.63,2.06,Postpaid,99.9,-6.06,10.36,0.19
6b642b82-2d96-4f1f-a299-63f534527ed4,2025-09-17,CUST-192207,144.21,3605.25,2026-05-12,180.63,2026-01-23,0,0,10.22,27.81,38.25,Basic,0.9,-3.12,176.69,3.37,Prepaid,99.35,-3.81,1.21,0.17
559f5a9d-1b55-4f99-b11a-7e30d86cb467,2026-06-09,CUST-838216,127.37,4967.43,2026-02-25,124.81,2025-11-17,9.89,2,27.73,5.26,26.28,Family,0.33,3.74,77.69,8.64,Enterprise,98.14,-3.19,16.03,0.12
b454e540-6d38-4349-baef-c6df25c8cc4f,2026-07-23,CUST-715214,80.9,3640.5000000000005,2025-08-06,51.29,2025-10-22,0,2,7.2,21.12,25.93,Family,3.52,6.61,67.55,0.61,Postpaid,95.81,-2.64,17.03,0.43
0aeac24a-cb37-45e2-8621-bd84cf5fa216,2025-10-09,CUST-768629,125.47,6273.5,2026-07-13,56.34,2026-03-16,0,2,1.31,9.26,35.7,Premium,2.32,-1.42,143.28,4.9,Postpaid,95.26,-5.33,13.01,0.24
cc2136c5-0da5-469d-a45f-53a4e353e29e,2025-08-10,CUST-178274,65.58,3475.74,2025-08-12,26.05,2025-11-16,22.06,0,5.02,21.91,18.08,Premium,0.89,-3.2,112.24,2.73,Prepaid,95.89,-8.14,12.86,0.41
343f42dc-0b73-478b-91cf-9e62256e9653,2025-11-26,CUST-494350,32.08,1636.08,2025-09-26,55.29,2026-03-16,0,1,49.08,17.69,14.12,Family,4.62,2.1,165.55,3.69,Prepaid,98.27,-9.74,7.04,0.45
0964e7bc-2500-4456-8ea1-5166dfe5b97e,2025-10-31,CUST-968966,50.47,1816.92,2025-11-30,78.66,2026-04-11,0,0,1.49,28.2,16.18,Basic,0.59,-1.33,178.58,3.24,Enterprise,96.28,-9.29,10.4,0.31
8d6fcdab-421b-4b4b-a122-711ccd2478d9,2026-06-12,CUST-523016,147.69,3101.49,2026-04-22,168.8,2026-06-10,22.45,2,31.98,4.42,32,Premium,1.27,8.32,86.82,0.75,Prepaid,97.52,-7.74,3.31,0.41
85a74a31-950e-4b34-b9d5-e5c999ffa8e2,2026-04-10,CUST-712812,110.88,3437.2799999999997,2025-09-12,127.36,2026-07-04,0,1,1.62,6.72,18.52,Family,2.95,3.81,28,0.04,Enterprise,96.44,-3.44,17.7,0.27
23af9fe1-031c-4710-8bda-3b1ca33225b8,2025-12-13,CUST-159472,83.32,2666.24,2025-11-20,113.99,2026-01-18,0,1,38.98,6.39,28,Premium,4.92,3.06,42.77,0.47,Enterprise,96.01,-3.41,0.4,0.42
89e49253-106d-486d-98fe-820786923114,2025-09-16,CUST-100659,145.91,2626.38,2026-07-17,49.6,2025-08-10,0,1,14.52,15.49,22.47,Enterprise,1.34,1.76,109.66,8.73,Prepaid,97.59,-0.53,10.13,0.43
927c216c-7b31-4be0-b5f8-5c79f010223b,2026-04-12,CUST-786618,111.65,1898.0500000000002,2025-08-09,55.08,2026-04-04,0,0,9.34,7.18,33.07,Basic,0.77,9.41,58.44,6.44,Postpaid,95.2,-4.93,2.94,0.11
8975320a-d1e4-4d60-a8a8-2f73edb358ea,2026-05-12,CUST-572849,142.21,8532.6,2025-10-21,139.98,2026-06-19,0,2,15.45,2.79,40.71,Premium,2.02,8,104.32,7.74,Postpaid,96.27,-0.08,7.78,0.29
dbd7fa50-355f-4796-8d9a-d31c08bfa295,2025-11-14,CUST-589131,86.17,2326.59,2026-05-09,170.21,2026-04-26,0,0,9.05,19.26,13.19,Premium,3.88,5.41,114.4,4.26,Prepaid,98.99,-7.39,19.82,0.24
a8b27406-5423-427e-bbf7-2788c593dd52,2025-12-06,CUST-592109,63.33,2786.52,2026-02-07,137.03,2025-10-23,47.45,1,0.49,7.23,10.7,Enterprise,3.17,-4.06,55.97,5.39,Enterprise,96,-7.55,13.46,0.35
67878350-94bb-45e9-a904-f4f51e67bc62,2025-08-11,CUST-649416,147.54,4278.66,2025-09-04,29.53,2026-04-21,23.3,2,31.15,2.58,13.34,Basic,3.77,-4.93,160.39,6.47,Postpaid,98.7,-2.09,3.49,0.38
b3ab6bb8-e93e-4f38-88a5-523f1424d5d5,2025-11-06,CUST-600995,33.69,707.49,2025-12-11,74.81,2025-12-10,0,1,44.43,4.44,29.45,Enterprise,4.92,-2.66,172.8,5.27,Prepaid,98,-0.77,2.71,0.36
deb68fe8-32cb-4572-b3a0-48aae4abbcf5,2026-06-28,CUST-272111,140.95,6624.65,2026-06-12,134.59,2025-08-01,0,0,35.89,25.83,36.24,Premium,1.47,6.82,52.8,5.73,Postpaid,96.78,-8.03,16.27,0.5
b65d4866-542c-42b8-bb0a-a15545c631ee,2025-10-20,CUST-599860,117.68,6237.04,2026-04-23,189.34,2026-03-02,0,2,4.33,27.57,46.56,Family,2.52,0.05,53.26,5.12,Postpaid,96.16,-1.09,2.09,0.34
ec679d0b-e5ef-429a-9405-3c2b5e6e8f75,2026-02-27,CUST-182656,119.91,5755.68,2026-06-10,31.58,2026-03-11,0,2,47.56,13.21,37.41,Basic,4.36,4.71,58.44,8.91,Prepaid,98.27,-7.54,1.49,0.15
7e944440-6cda-4f1a-a5cd-919de4b68ee5,2025-07-28,CUST-414405,54.27,976.86,2025-09-25,47.51,2025-12-04,17.41,2,7.8,15.67,27.29,Premium,0.95,4.37,111.07,7.48,Enterprise,99.16,-3.41,15.06,0.12
324b9ff3-c15c-44aa-9a71-a48681c0a81c,2025-12-16,CUST-229763,107.14,4928.44,2026-02-23,100.09,2026-06-18,0,0,27.49,10.85,10.87,Basic,0.36,-2.06,115.34,5.12,Enterprise,99.92,-2.19,8.16,0.22
31e430d2-0ec8-4315-8f37-feecf86034be,2026-06-19,CUST-951195,98.71,3257.43,2025-11-11,39.94,2025-11-12,0,2,5.43,16.81,38.94,Premium,0.83,5.13,149.36,2,Postpaid,95.59,-5.71,14.68,0.43
05db11ec-5cd1-411e-9fd4-60524a81fc3e,2026-04-21,CUST-202453,135.98,4351.36,2025-09-02,61.47,2026-06-04,0,1,36.28,12.21,24.92,Enterprise,4.46,4.13,197.02,1.24,Enterprise,96.28,-9.09,16.25,0.31
4edd9b87-6490-430c-b881-3696032114f3,2025-07-26,CUST-499319,122.28,1467.3600000000001,2026-01-31,131.06,2026-04-08,0,2,31.95,16.47,10.54,Basic,3.44,3.99,97.69,0.6,Prepaid,97.58,-7.79,9.93,0.49
dc75c080-08f2-4322-99c2-e0e080bca7fb,2026-05-18,CUST-777555,49.46,1780.56,2025-08-22,196.79,2026-07-02,0,2,29.49,5.87,30.65,Enterprise,2.78,5.82,197.39,0.69,Enterprise,99.44,-6.73,16.66,0.41
359f016f-d81a-4f7a-b5f8-20184397569a,2025-12-15,CUST-530961,43.12,819.28,2025-08-31,131.47,2026-07-15,45.98,0,14.74,2.76,12.8,Premium,0.55,-3.4,165.74,2.84,Enterprise,96,-6.89,1.25,0.16
25eedf2b-adf8-4f8f-970d-96062a282cff,2026-05-14,CUST-341242,63.91,3706.7799999999997,2026-01-22,172.72,2025-10-12,0,0,22.3,1.72,25.37,Family,0.95,1.99,30.87,3.1,Postpaid,98.62,-4.26,3.65,0.49
f7270add-22f4-41c0-83e3-a9b648f65a23,2026-05-26,CUST-793471,72.31,2747.78,2026-01-29,44.86,2026-03-29,0,0,32.26,22.4,49.31,Enterprise,3.49,3.85,93.47,9.44,Prepaid,95.52,-8.62,5.44,0.17
83f038af-153d-4c66-b8cb-8e16e3e8417a,2026-06-10,CUST-693753,83.59,4848.22,2025-10-31,141.49,2025-09-06,0,1,18.04,1.81,31.13,Family,4.63,7.97,134.89,4.01,Enterprise,99.02,-5.27,17.65,0.37
ec709dfa-d76a-4418-9159-f3b44f27c48d,2025-09-07,CUST-553399,111.03,2220.6,2026-03-30,141.36,2025-08-13,44.03,2,26.42,24.66,46.67,Family,3.11,1.37,125.58,1.87,Prepaid,96.21,-3.31,17.56,0.42
7ebd2172-8b9e-4521-9553-e0f635d604b9,2026-05-16,CUST-232714,132.78,6373.4400000000005,2026-02-17,117.41,2026-01-09,0,0,35.46,4.29,45.18,Family,1.9,1.41,191.1,6.78,Prepaid,97.93,-1.7,7.77,0.47
461c8284-64e9-4595-a308-1a147ec6243e,2026-01-20,CUST-569650,35.45,1843.4,2026-07-03,148.95,2026-03-02,0,0,33.5,22.06,33.94,Enterprise,0.13,-2.99,101.22,5.57,Prepaid,95.19,-7.83,6.71,0.26
3bf10f51-250b-4c9b-8fff-58d1d07bfc21,2026-05-16,CUST-860810,64.2,2118.6,2026-01-29,193.66,2026-05-08,0,2,30.47,11.87,47.07,Basic,3.69,1.17,27.34,8.45,Enterprise,99.91,-4.16,6.91,0.24
9b45e91d-0dd8-44f2-adae-d7c1d1ea5f08,2026-05-23,CUST-862449,43.67,1048.08,2026-03-17,41.86,2025-12-21,0,1,39.75,16,39.93,Enterprise,3.63,2.89,191.37,5.5,Prepaid,96.31,-7.82,12.68,0.18
9cb0bb21-8c8d-4694-952a-10cf67a96a6b,2026-03-23,CUST-402241,99.65,2491.25,2025-08-02,44.02,2025-10-27,0,0,32.95,17.23,25.76,Family,2.92,5.79,59.08,5.88,Prepaid,99.82,-4.81,15.78,0.22
0478e282-d7d7-493b-98be-137bc4b1d264,2025-07-26,CUST-620024,55.51,1221.22,2026-03-19,62.74,2025-12-23,26.36,1,48.01,0.24,32.37,Enterprise,2.34,0.63,171.69,1.58,Prepaid,97.14,-7.38,8.64,0.46
6e579349-05ca-4d7d-92fc-08dacdc8cb3f,2026-03-02,CUST-128578,100.93,3431.6200000000003,2025-12-26,78.6,2026-02-07,0,0,40.61,4.24,36.99,Family,1.35,-2.86,161.05,9.35,Prepaid,97.56,-2.95,15.71,0.15
4494a379-6500-47d5-a125-b0a78263bac5,2026-06-15,CUST-899046,126.68,7474.120000000001,2026-04-03,159.61,2025-12-31,0,1,37.92,11.57,49.81,Premium,4.84,-2.91,108.59,3.91,Prepaid,97.21,-5.74,11.35,0.28
a6fadcaa-6d3c-4147-b360-02d4cc5b0b72,2026-01-24,CUST-758742,20.51,246.12,2026-06-19,127.32,2025-12-24,38.13,1,36.93,6.32,20.9,Premium,4.34,-4.01,116.3,4.84,Prepaid,96.51,-6.14,0.09,0.37
e20faaae-b098-492d-8b8a-d566c85179bb,2025-12-26,CUST-173632,51.67,1085.07,2026-05-10,107.25,2026-07-10,0,2,26.48,10.29,39.29,Family,2.1,6.11,40.86,7.16,Postpaid,95.15,-1.94,5.03,0.25
35301767-dc7b-4447-a73f-afb2dc3f8aa5,2025-10-14,CUST-312199,120.48,4457.76,2026-01-02,21.6,2025-07-28,26.41,1,31.77,2.97,29.69,Family,3.6,-4.88,45.68,3.48,Prepaid,96.11,-8.93,14.54,0.21
86a8009e-3265-4d60-9bb6-f3278990bf99,2026-07-16,CUST-967992,85.86,4979.88,2026-01-18,60.93,2025-12-19,0,1,38.12,19.58,14.28,Enterprise,0.92,-1.35,194.04,4.47,Postpaid,97.78,-3.94,6.04,0.42
718c50ea-6706-4d81-992f-3bb535522eff,2026-07-17,CUST-121453,63.36,1457.28,2026-06-30,143.61,2025-11-01,16.88,1,45.06,29.02,42.26,Basic,1.76,3.81,72.84,3.2,Postpaid,99.29,-9.01,8.83,0.21
28fcb7d9-58a5-482e-a508-4776fe8f838f,2026-02-12,CUST-838812,44.88,807.84,2026-01-05,105.17,2026-03-29,37.77,0,0.74,20.83,30.82,Family,1.69,1.69,147.03,1.35,Postpaid,97.7,-1.51,11.03,0.18
57156a12-aa62-441b-85d8-c201d9835999,2025-12-19,CUST-479709,89.85,4133.099999999999,2025-12-02,34.17,2025-10-15,0,2,31.72,13.69,37.26,Basic,2.5,0.44,60.93,2.13,Postpaid,96.9,-9.59,18.46,0.1
5a505f23-6bb4-4252-b8c3-4a3a13152ee7,2026-06-22,CUST-190059,35.93,1113.83,2026-02-23,45.78,2025-12-06,0,1,5.43,5.96,34.07,Premium,3.16,-2.55,130.58,5.86,Enterprise,98.49,-4.57,6.25,0.1
938e1af6-37b9-430a-9f24-8b01adaa5581,2025-08-18,CUST-470292,37.46,1985.38,2026-04-26,177.9,2025-09-14,0,1,20.92,13.45,44.58,Enterprise,1.5,4.46,165.59,8.48,Enterprise,95.57,-0.97,2.63,0.29
529401be-a91d-4b8d-8cd5-7768efda54c0,2026-02-01,CUST-803652,31.14,1027.6200000000001,2025-12-24,150.08,2025-08-03,0,1,33.71,10.46,40.38,Basic,3.7,2.12,176.94,1,Enterprise,98.45,-9.62,15.23,0.14
dafdcda2-cc1c-4f37-b966-31e12e344e8a,2025-10-17,CUST-778298,70.51,2115.3,2026-02-11,33.65,2026-01-06,0,1,40.29,8.42,29.9,Family,1.47,-0.48,156.94,0.54,Enterprise,96.78,-5.49,0.43,0.27
970e25c2-2326-4a43-ad4d-0662ddf3cecc,2025-09-11,CUST-328113,55.2,2539.2000000000003,2026-02-10,68.9,2026-05-12,0,1,43.35,22.65,48.36,Premium,0.5,3.7,130.45,2.24,Postpaid,97.09,-6.1,6.97,0.16
3d1ae833-6646-43fd-afb0-5747580a54c5,2026-07-07,CUST-291196,141.43,4667.1900000000005,2026-05-06,23.97,2025-10-22,0,1,30.4,8.46,45.35,Enterprise,4.67,3.08,47.14,8.91,Postpaid,97.1,-6.8,16.57,0.24
58ce16a2-a5bd-40a9-95ff-7e0fd95d0e65,2026-04-06,CUST-465960,114.46,5494.08,2025-09-19,122.12,2026-01-05,0,1,45.62,28.4,43.06,Basic,4.09,5.7,28.55,6.42,Postpaid,96.27,-3.71,9.19,0.26
ccf46cb2-cdc3-47fd-9f7d-53e2c11573ab,2026-04-07,CUST-619319,84.58,3975.2599999999998,2026-01-17,142.82,2026-03-15,0,2,7.75,5.95,37.58,Enterprise,0.84,2.98,59.63,8.76,Enterprise,97.78,-4.18,15.54,0.48
d25a0004-b494-4334-84bc-394c941eb0de,2026-02-25,CUST-893867,116.1,5688.9,2026-07-01,154.77,2026-07-06,0,1,15.57,24.58,35.94,Family,3.13,-1.87,45.57,4.38,Prepaid,99.51,-5.31,0.08,0.26
16b797a1-46de-4031-870d-f3442e38c512,2025-12-10,CUST-658957,37.73,830.06,2025-08-31,198.05,2025-11-20,0,2,22.04,3.63,11.02,Premium,4.7,4.76,39.95,3.82,Prepaid,97.45,-7.6,4.86,0.14
ef948520-2c2c-4a68-bf92-a332867f3b5a,2025-09-11,CUST-583956,54.76,2738,2026-06-01,176.27,2025-12-22,41.59,1,36.55,15.5,28.16,Premium,4.64,2.47,26.29,0.1,Prepaid,97.86,-4.86,3.78,0.36
14adb419-7e08-4a90-8730-1ca09cbb5cf3,2025-11-16,CUST-579161,63.95,2238.25,2026-06-14,162.68,2025-11-12,0,0,31.99,20.94,36.35,Enterprise,2.4,4.9,33.16,2.64,Postpaid,95.02,-6.38,19.19,0.3
17ca34ba-934e-4f1b-baa2-2ead5625e777,2026-04-22,CUST-255458,125.44,2257.92,2026-02-23,20.8,2025-07-31,0,2,43.76,9.2,48.83,Enterprise,4.3,9.78,116.21,2.22,Prepaid,97.08,-6.16,5.73,0.14
c53a4f00-55da-4dda-8d81-987e3ef42d7e,2026-04-09,CUST-154694,138.98,7782.879999999999,2025-12-30,190.08,2026-04-21,0,1,6.36,20.34,23.58,Basic,2.66,-3.55,118.31,9.09,Postpaid,98.85,-5.34,0.94,0.48
5172577c-cc8e-4a2c-92e2-c8b3c0aded70,2025-09-10,CUST-401380,116.44,5589.12,2026-04-23,184.45,2025-09-19,0,1,8.26,6.91,29.74,Basic,3.43,8.89,105.12,1.44,Enterprise,95.57,-3.04,17.89,0.4
6edb148a-47cc-45a1-ad7c-6848a4b77acd,2025-11-26,CUST-252777,24.05,673.4,2026-02-14,35.04,2025-12-30,0,1,47.22,0.43,24.45,Premium,1.41,-4.64,98.48,1.75,Postpaid,98.87,-4.66,3.54,0.46
0858f464-8e34-4dcf-80d1-cff7b43f6b4e,2025-10-24,CUST-736609,86.7,4681.8,2025-08-11,106.88,2026-05-27,49.8,0,8.39,24.54,44.48,Enterprise,4.11,3.91,111.84,3.33,Enterprise,99.87,-8.81,5.08,0.28
f9c57821-30f8-4321-8923-229a3877b8cb,2026-06-10,CUST-551225,55.13,1433.38,2026-05-24,33.52,2025-12-20,0,2,3.83,12.84,34.65,Premium,1.36,2.34,148.74,6.85,Enterprise,97.23,-3.74,0.2,0.13
42ba1a93-7935-4970-b75d-a8e3fd10c613,2025-08-08,CUST-832976,68.25,2184,2026-05-19,198.35,2025-11-10,33.25,0,17.27,0.14,22.4,Basic,1.3,-2.74,176.03,3.06,Postpaid,97.88,-2.25,12.14,0.27
7307642d-838b-461c-90fc-3fb40abeeb29,2026-06-16,CUST-522091,69.57,3617.6399999999994,2025-08-07,142.5,2026-07-23,0,1,47.94,26.56,31.01,Basic,3.07,-4.42,120.36,5.46,Prepaid,99.64,-2.3,4.6,0.15
1d2a1e76-287f-4dfe-972a-768b87d55ab7,2026-01-25,CUST-693632,96.09,2690.52,2026-06-09,20.59,2025-09-09,0,1,31.98,24.16,29.79,Enterprise,0.16,5.74,51.17,0.03,Postpaid,98.44,-7.26,7.86,0.42
74401fcb-e15e-4e4e-a3e0-f276b541f942,2025-11-30,CUST-754177,82.35,3376.35,2025-11-02,42.59,2026-01-22,34.1,1,31.14,25.46,31.92,Family,3.25,2.65,79.85,1.8,Postpaid,97.82,-0.28,8.23,0.42
6a04cab5-c4cd-45c4-bab3-6de2f9f5cc4b,2025-07-26,CUST-217281,28.7,1061.8999999999999,2025-11-17,176.66,2025-11-29,40.49,0,19.81,13.52,12.96,Family,4.9,2.54,41.61,5.96,Prepaid,95.9,-8.74,12.49,0.32
9dfce3c0-6425-4c9d-8ed0-6665705c3bf9,2026-04-12,CUST-907886,136.33,3408.2500000000005,2026-05-27,87.97,2026-05-01,0,1,26.19,22.31,43.24,Enterprise,2.96,0.1,195.46,8.54,Enterprise,97.97,-0.6,0.69,0.25
f1ffb74b-a2ab-409b-8f29-8206c864b78e,2026-07-13,CUST-888773,48.05,1345.3999999999999,2025-10-14,48.01,2025-10-19,0,1,3.47,0.51,30.13,Enterprise,3.76,3.49,121.27,1.93,Postpaid,99.25,-7.79,9.91,0.4
df7bdeb3-61e7-47c6-8e0e-49b790f33fe2,2026-06-04,CUST-600947,86.63,3811.72,2025-12-18,107.61,2026-02-03,0,2,34.01,20.9,21.65,Enterprise,4.55,6.65,73.97,2.74,Postpaid,96.23,-8.23,11.6,0.14
45e071b1-81d4-48a0-83b5-0199cc92d403,2026-03-05,CUST-932917,101.67,4371.81,2026-01-06,72.25,2025-12-31,0,1,27.12,12.38,39.23,Family,2.23,6.88,134.38,5.15,Postpaid,95.11,-8.48,2.3,0.26
ccbdd0a6-e7bd-402f-9b09-bbbae0388dcf,2026-07-15,CUST-877745,39.26,1256.32,2026-03-08,66.54,2025-10-11,0,2,38.29,10.94,35.34,Enterprise,3.47,-4.59,52.79,3.83,Enterprise,99.76,-1.1,10.09,0.49
ce2ca9a2-a7a4-420f-b27f-cfbe23544a01,2026-01-25,CUST-155015,147.97,2515.49,2025-12-20,78.92,2026-02-15,0,1,44.12,4.56,48.49,Basic,3.86,-3.55,65.84,1.94,Prepaid,97.06,-7.89,1.71,0.21
702b0b20-bb9d-48ea-99d3-c9315490a179,2025-08-16,CUST-127956,147.44,7372,2026-06-06,20.18,2026-06-17,0,0,29.74,1.4,28.86,Enterprise,2.45,9.73,152.88,2.23,Prepaid,99.91,-8.82,17.66,0.21
492a3fa7-d4eb-4c72-a2b8-37b8cad31a7a,2026-03-09,CUST-803249,25.44,686.88,2025-09-23,83.77,2026-06-06,0,1,2.93,5.18,46.34,Basic,1.34,-0.06,112.38,3.87,Prepaid,95,-6.62,11.71,0.27
b09c60f2-3b8d-416c-8fbc-a0ff76c7c93e,2026-05-23,CUST-765829,74.15,4004.1000000000004,2026-03-09,83.18,2026-01-03,0,1,38.69,19.41,49.08,Family,3.02,5.82,188.17,2.12,Enterprise,95.94,-7.21,16.09,0.25
b992f6af-b60e-491b-977e-0c554207bd88,2025-11-05,CUST-150605,147.93,2810.67,2025-11-27,148.46,2026-04-29,0,1,15.89,18.35,49.28,Premium,4.25,0.32,58,3.21,Prepaid,96.59,-5.66,11.76,0.1
c439ffd6-3381-457b-8fc9-54a5e19de5c1,2026-06-08,CUST-631957,21.4,1219.8,2026-02-21,168.76,2025-08-16,0,1,25.13,27.67,19.63,Premium,0.31,0.23,132.06,8.25,Postpaid,97.42,-9.12,2.92,0.28
b9e67d18-1421-4b1b-ba5f-4b2d4a6cb7c2,2025-11-09,CUST-279794,122.76,3314.52,2025-11-28,60.68,2026-04-11,32.86,2,4.38,13.83,15.4,Premium,4.1,8.76,163.54,3.93,Postpaid,98.5,-6.11,16.68,0.38
d5f12ad2-801b-4345-9439-e6bab7994c47,2025-08-15,CUST-236472,71.58,1646.34,2025-10-14,73.54,2026-07-23,0,0,17.95,5.74,13.88,Premium,2.28,9.84,133.85,7.55,Enterprise,99.13,-1.5,2.78,0.37
306c2792-db82-4152-beef-fa490b408a4b,2025-09-04,CUST-130404,21.61,561.86,2025-10-20,116.42,2025-11-23,28.9,2,42.68,2.41,11.86,Family,0.66,6.57,169.92,1.08,Enterprise,98.2,-5.64,17.73,0.14
34892160-1a0a-4d70-8fae-358512079ca3,2025-10-06,CUST-835482,100.78,1209.3600000000001,2026-02-18,41.47,2026-02-19,0,1,4.77,2.13,36.28,Basic,4.24,-3.68,105.16,5.85,Prepaid,96.68,-2.54,8.95,0.13
15696c0b-2576-4189-a3da-61b891bd3347,2026-04-18,CUST-374866,71.25,4132.5,2026-03-01,163.13,2025-12-09,0,2,3.03,10.35,17.56,Family,3.6,-4.43,138.86,0.91,Postpaid,95.1,-6.07,0.23,0.43
2450bcea-953c-4fe9-8a31-c810dd132e3f,2026-01-19,CUST-482971,109.56,4053.7200000000003,2025-07-29,34.08,2025-08-09,0,0,44.84,5.13,49.02,Premium,2.18,-4.47,112.02,9.68,Enterprise,97.96,-4.35,19.33,0.19
f0734123-a435-4af0-aa4e-46fb93b668bf,2025-07-29,CUST-448792,138.57,5265.66,2026-01-19,82.94,2025-09-26,0,0,37.63,6.89,25.8,Premium,4.04,4.21,179.14,3.94,Enterprise,97.3,-6.67,11.78,0.29
5bc2d65e-3c0f-4cbc-9b81-a0a7c1c0a347,2026-05-12,CUST-774458,112.24,4265.12,2026-05-07,174.61,2026-02-27,0,1,11.47,24.43,44.51,Family,1.91,2.84,162.67,1.56,Prepaid,99.14,-7.86,10.51,0.3
5c42629a-f46a-4a67-b228-3a3fe2d974c0,2025-12-05,CUST-687815,83.83,3856.18,2026-01-06,51.69,2025-10-29,0,0,22.44,4.91,32.79,Premium,1.01,8.4,179.92,4.95,Postpaid,96.83,-3.49,10.18,0.35
5bc7d87f-89e4-440e-8882-cff3330871ae,2025-07-25,CUST-695747,144.1,5619.9,2025-11-04,171.22,2026-07-11,0,0,41.75,5.73,38.9,Basic,1.39,1.88,121.53,0.78,Enterprise,99.87,-7.11,2.52,0.39
6e421730-e285-4b1a-b791-cc5238322dfc,2026-04-10,CUST-674305,143.61,4739.13,2026-07-09,120.85,2026-04-28,0,2,43.79,8.81,38.47,Premium,0.47,6.91,55.13,2.3,Prepaid,96.79,-0.82,9.99,0.48
1e024a36-c733-4486-9994-849eecebfa6c,2026-06-29,CUST-768737,88.67,1152.71,2026-06-11,20.77,2026-01-01,0,1,3.37,0.33,41.83,Enterprise,0.9,-1.3,40.34,5.93,Prepaid,96.42,-6.61,12.32,0.1
289804f1-1e73-4b5e-bd74-a7cdc6292596,2025-12-18,CUST-403249,77.05,1541,2025-12-24,196.44,2025-12-10,0,1,0.58,17.87,20.1,Enterprise,4.84,9.5,107.55,4.5,Prepaid,97.98,-2.28,18.63,0.43
3bf4428f-7968-4aae-a8b6-556548ba1cab,2025-12-27,CUST-346078,89.53,5013.68,2026-03-03,160.16,2025-11-04,0,2,47.8,4.06,47.74,Family,4.07,3.65,87.31,5.72,Prepaid,99.61,-6.85,15.25,0.4
0ffaf7fa-60b3-4ab4-9343-5f8e7475d522,2026-03-11,CUST-461628,63.51,3429.54,2026-06-04,22.06,2025-11-01,0,1,33.69,16.24,23.73,Family,3.37,-1.83,70.9,3.05,Prepaid,96.33,-6.11,8.51,0.34
0d4f7ad4-186e-480e-834f-fb75dc595f9a,2025-08-13,CUST-506788,98.24,1670.08,2026-06-26,152.84,2026-06-09,0,0,2.56,26.93,44.25,Premium,2.18,3.55,111.03,0.74,Postpaid,95.99,-8.07,3.94,0.33
7e766846-6b32-4e51-b9ef-ae140f06367f,2025-12-29,CUST-555858,93.18,5031.72,2025-08-12,108.45,2026-03-03,0,1,25.04,29.87,41.9,Family,0.22,9.53,169.84,5.64,Postpaid,99.25,-1.14,4.81,0.25
5716c9a4-5972-4be6-891d-9f0be626e324,2025-12-06,CUST-541420,73.76,1548.96,2026-06-04,134.71,2025-09-10,0,1,21.29,24.31,44.72,Enterprise,3.32,-0.49,144.53,9.62,Enterprise,98.66,-6.23,8.56,0.21
fca45b86-02f6-4766-82a1-ce36280f72de,2026-05-13,CUST-190766,119.82,5272.08,2026-03-06,111.87,2026-06-24,0,2,3.75,2.05,37.08,Family,1.23,2.67,137.37,4.1,Prepaid,99.6,-5.83,3.24,0.24
2b20c6c6-72c5-4dba-9894-909655079e0b,2025-07-25,CUST-108752,117.89,3772.48,2026-05-22,83.39,2025-10-15,0,2,24.21,11.99,14.07,Enterprise,4.25,-3.95,105.15,7.08,Postpaid,95.64,-8.57,0.42,0.22
92865d27-00c8-41bd-9934-a6895c3bd502,2026-02-24,CUST-537114,107,5992,2026-05-14,156.87,2025-09-04,42.59,1,7.78,29.06,29.74,Basic,2.82,-0.55,117,9.65,Enterprise,96.14,-7,15.74,0.47
1369f844-c4ee-4583-8d18-272ba49fdcb1,2026-05-19,CUST-437115,65.13,3777.54,2025-09-02,186.43,2025-09-20,0,1,33.82,1.91,24.23,Basic,3.44,6.71,67.37,6.76,Postpaid,98.91,-5.32,14.99,0.27
8db54154-0cde-45e3-826f-8636fed429a6,2026-02-05,CUST-662247,60.26,3615.6,2025-11-30,71.22,2026-01-21,0,0,18.27,20.87,37.51,Enterprise,1.65,4.42,105.97,3.77,Prepaid,95.67,-7.03,3.03,0.4
e7caa6e0-152b-468c-a334-ce2c29bebb4f,2025-09-16,CUST-524046,85.85,4979.299999999999,2026-03-06,174.65,2025-12-26,0,2,2.36,8.28,18.01,Basic,2.41,-3.58,119.37,5.07,Enterprise,95.52,-7.75,7.73,0.13
2b3d54e5-7b2d-45b7-89e6-748391ff3978,2026-05-21,CUST-466331,62.88,2766.7200000000003,2026-03-18,181.1,2026-04-17,0,2,45.01,20.86,14.16,Enterprise,0.62,6.26,66.9,6.38,Prepaid,99.74,-8.84,6.38,0.13
0d4d7f81-96c1-4bcb-8116-2089e4ff0d84,2025-10-20,CUST-936140,22.63,294.19,2025-12-25,75.09,2026-02-28,0,1,30.87,26.58,28.07,Premium,4.22,7.4,82.48,7.81,Enterprise,98.27,-7.15,18.52,0.22
5074300d-3d86-495c-9224-80b8f249e923,2026-04-14,CUST-567934,52.23,2768.19,2026-03-13,123.61,2026-05-11,0,2,42,14.68,10.01,Basic,3.58,2.4,45.05,7.55,Prepaid,98.96,-4.75,19.92,0.34
8795d03c-d81e-4f27-9897-16377f4a4b2e,2025-10-27,CUST-467591,53.48,2994.8799999999997,2025-08-22,168.71,2026-04-27,0,1,13.36,12.86,10.47,Enterprise,2.23,-1.9,150.93,0.56,Enterprise,98.43,-6.98,15.33,0.13
e0791fa1-8891-46ea-a2da-672a106cd544,2025-08-26,CUST-170445,81.61,2611.52,2026-04-07,181.29,2026-02-23,0,1,35.62,25.1,33.11,Basic,1.68,-1.35,187.64,6.48,Postpaid,95.83,-4.89,9.8,0.46
e38996ff-e431-420c-b551-1ee7360d050f,2026-01-17,CUST-112651,77.76,1555.2,2026-06-20,150.31,2026-03-23,0,0,10.34,29.09,22.13,Premium,0.8,-2.89,158.73,2.54,Enterprise,96.85,-2.62,0.37,0.29
95de5e98-2230-4f74-b12b-6c1af102a375,2025-10-19,CUST-472648,68.58,960.12,2025-08-01,93.69,2026-01-25,0,2,18.43,25.52,28.54,Family,2.48,6.96,140.74,1.35,Prepaid,98.08,-0.96,3.03,0.21
e5a4aa6e-32a9-4878-a5a5-6fcd9671c081,2025-12-05,CUST-221538,66.89,1605.3600000000001,2026-06-01,147.11,2026-02-11,0,2,43.7,25.79,10.04,Basic,2.27,-3.74,186.96,5.45,Prepaid,95.73,-0.15,12.96,0.46
3e476cf4-2122-4082-8219-835dcdedc227,2026-03-05,CUST-271376,94.97,1614.49,2026-03-18,125.46,2026-04-03,31.39,0,3.59,3.49,10.87,Basic,0.52,4.61,171.89,9.9,Prepaid,98.09,-3.26,6.59,0.39
acaa1632-e995-4014-b073-6ed6a603e456,2025-12-25,CUST-260774,30.81,1016.7299999999999,2026-03-12,187.68,2026-06-02,0,1,1.51,21.83,41.62,Basic,2.75,-3.09,47.67,2.23,Enterprise,97.47,-6.93,1.79,0.49
dc17c14d-9266-4173-b90b-e89b5b028b67,2025-09-09,CUST-462501,82.62,2726.46,2025-09-28,146.32,2026-01-30,0,0,47.12,27.53,15.17,Premium,3,-4.5,109.63,1.2,Prepaid,98.03,-3.08,15.28,0.26
f7571c26-2a3d-42e5-9e54-040285d1294f,2025-11-12,CUST-841110,98.97,4057.77,2025-08-28,63.58,2025-11-22,0,1,40.54,24.29,10.85,Family,2.41,7.77,192.96,3.76,Prepaid,95.72,-2.75,11.71,0.12
efe1da70-99f4-4bdd-868b-dbf20855aeab,2026-01-18,CUST-541825,99.86,2196.92,2025-10-25,87.1,2026-04-22,0,1,26,7.73,16.57,Basic,2.72,-3.97,131.44,6.86,Enterprise,97.67,-2.9,12.9,0.22
938ea68d-c258-4a8f-8b24-9baa10d5136d,2025-11-03,CUST-818597,80.22,1123.08,2025-08-08,90.91,2026-01-21,0,0,47.29,22.58,40.76,Family,2.18,3.59,174.91,5.25,Prepaid,98.18,-6.73,5.48,0.27
f02344c6-4799-4273-afd0-4db770f4a940,2026-01-31,CUST-123260,135.04,4051.2,2026-07-21,148.24,2026-06-27,0,1,7.45,15.51,48.39,Enterprise,4.56,7.12,92.76,9.6,Prepaid,98.91,-0.96,1.77,0.39
9b244ed3-d5ae-4855-850f-46ba09ab60c4,2025-10-14,CUST-446529,122.39,4773.21,2025-12-21,77.99,2026-04-21,0,0,39.84,7.75,17.93,Basic,3.66,-4.55,50.91,6.06,Enterprise,95,-2.96,8.19,0.43
b662ef4a-b2df-4012-8658-6d0ce478eb66,2025-09-15,CUST-205143,81.64,1877.72,2026-02-25,52.01,2026-01-15,0,0,29.73,25.72,44.17,Family,2.86,-2.2,182.05,9.54,Prepaid,96.31,-6.03,12.43,0.35
d473aacf-5218-4314-a38d-c49364ce041d,2025-12-29,CUST-411504,89.26,2142.2400000000002,2026-03-12,35.42,2026-04-09,0,2,18.6,18.05,25.05,Basic,2.49,-1.77,85.13,4.96,Postpaid,96.16,-0.3,15.88,0.15
8d5c7842-6d09-4e23-9380-bb37645047ed,2026-06-06,CUST-327113,64.65,2715.3,2026-03-18,51.85,2026-06-22,10.85,2,14.28,4.45,10.17,Enterprise,4.13,8.92,120.91,7.14,Postpaid,99.45,-4.8,15.53,0.19
36c273fb-f793-4aa4-b50e-8fe0b80dcd5e,2026-01-18,CUST-732195,88.92,2578.68,2026-04-04,120.56,2025-09-13,0,0,26.12,5.96,22.59,Premium,0.47,8.12,100.31,6.68,Postpaid,95.74,-9.31,13.91,0.22
5babbb8c-3f6e-45dd-ab8b-62130af3d69f,2025-09-13,CUST-433615,135.77,3801.5600000000004,2025-12-02,146.13,2025-10-25,0,2,34.52,9.79,11.92,Enterprise,2.14,6.6,58.81,6.36,Enterprise,95.46,-1.29,11.74,0.48
93a8f7ef-7e81-4ff7-b367-022fb2bc8170,2025-12-23,CUST-677294,82.53,2145.78,2025-10-04,105.13,2025-11-24,0,2,48.17,24.82,23.85,Basic,0.87,-3.34,166.1,8.96,Postpaid,96.05,-6.32,17.37,0.44
2636c742-7a90-418e-99f4-9bfef6b3b4d7,2026-06-15,CUST-694819,80.46,1850.58,2026-02-01,59.24,2026-02-14,0,1,31.18,11.92,41.18,Enterprise,3.88,3.5,174.61,1.12,Postpaid,98.18,-4.05,16.24,0.38
3dfe8588-2bed-4e55-b53a-2af7b712c75e,2025-11-18,CUST-399605,29.43,500.31,2025-08-16,143.16,2025-11-22,0,2,35.69,14.6,30.74,Basic,4.33,-2.41,141.1,6.4,Prepaid,98.48,-3.39,2.27,0.29
dc481bfb-6952-493f-acc3-35259b3e6d0a,2026-02-28,CUST-219713,51.87,1815.4499999999998,2026-03-27,57.42,2025-08-21,27.78,2,33.53,5.42,39.01,Enterprise,2.07,9.21,199.4,9.96,Prepaid,96.73,-9.05,19.61,0.5
37f3ba99-e3d7-4d4c-98dd-c2a37f11a908,2026-07-03,CUST-230951,126.2,2019.2,2025-11-18,158.15,2026-02-04,20.36,1,30.99,2.95,39,Enterprise,0.86,4.97,166.66,5.66,Enterprise,99.41,-3.7,17.44,0.29
fe9e520a-333c-4821-a011-dd666121366b,2026-02-28,CUST-985793,135.99,5847.570000000001,2025-10-30,145.19,2026-05-27,39.09,1,13.22,17.77,23.92,Premium,2.81,-0.14,95.45,3.56,Prepaid,99.6,-1.72,0.84,0.42
2d161b7a-b4f2-4b6a-847e-35213dd3e76d,2026-05-19,CUST-107570,104.12,3852.44,2025-12-12,48.51,2026-07-21,0,1,22.46,26.67,12.89,Family,3.86,3.29,78.43,2.45,Prepaid,96.94,-9.54,7.63,0.34
ca1d1884-340a-45ea-8938-e6b7985f547c,2025-09-30,CUST-993815,92.94,2509.38,2025-07-27,160.96,2025-10-26,0,0,17.77,26.72,46.96,Enterprise,4.88,-1.36,156.67,9.06,Prepaid,97.7,-9.07,19.01,0.18
13fe59fb-b884-4e96-9e49-52f51d2506c3,2026-05-03,CUST-629684,143.87,7625.110000000001,2025-12-27,42.86,2026-06-23,0,2,42.56,11.47,49.26,Basic,2.51,2.01,31.44,4.18,Postpaid,98.83,-0.68,10.82,0.48
b1c8ad9e-4b46-497b-87c3-bd7cc8be1a47,2026-05-16,CUST-535407,35.75,858,2026-04-07,151.02,2025-12-10,0,2,9.04,13.74,16.23,Enterprise,0.29,3.17,62.34,5.34,Prepaid,95.05,-0.83,8.35,0.39
45aa7cc5-e39e-4135-ad95-6b4f753936ba,2025-08-17,CUST-852524,33.42,1938.3600000000001,2025-11-14,192.02,2026-03-12,0,0,32.3,16.87,46.45,Enterprise,2.88,1.16,48.82,4.19,Enterprise,98.3,-3.1,6.86,0.37
a6d581cc-5c21-4937-8b12-01e086307fba,2026-05-02,CUST-445635,74.09,3482.23,2025-10-15,169.55,2026-02-08,0,1,30.45,4.52,37.83,Enterprise,4.34,4.86,170.49,9.65,Enterprise,96.02,-7.21,0.34,0.45
c93a765c-5c79-43c5-9697-6374b5680570,2026-06-28,CUST-324767,128.17,2178.89,2026-06-28,147.17,2026-03-13,0,1,37.97,18.97,12.39,Enterprise,2.1,8.51,128.99,8.56,Prepaid,98.57,-1.46,0.94,0.41
aaf344c4-69f6-488b-9622-2cfe3668b1ed,2026-04-15,CUST-187807,58.88,1177.6000000000001,2025-11-07,75.44,2026-03-11,0,1,35.95,2.41,17.17,Enterprise,2.22,-1.01,157.74,0.61,Prepaid,98.4,-2.06,19.37,0.13
254606cf-2bb2-4f74-a1fb-f03f86a54b60,2025-08-30,CUST-507149,61.72,3394.6,2026-06-16,70.38,2025-11-30,0,0,31.62,6.25,38.82,Enterprise,1.4,0.97,132.97,1.46,Enterprise,99.24,-5.46,19.43,0.32
059e98e6-3207-4c95-9384-d8fce3b3a8ae,2025-11-23,CUST-540330,123.25,5423,2026-03-25,146.98,2026-05-31,0,2,12.31,24.24,48.39,Enterprise,0.99,-2.97,142.43,9.1,Postpaid,97.94,-6.01,12.39,0.28
ab4fb123-8c7c-4101-983d-d75ed2ee474d,2026-03-17,CUST-860298,83.99,4115.509999999999,2026-04-07,90.23,2025-09-24,0,1,18.2,2,20.91,Premium,4.17,4.83,160.39,2.51,Enterprise,99.2,-5.56,4.54,0.25
6b0cff92-c535-479d-a563-efb874b82840,2025-09-02,CUST-485891,57.37,3097.98,2025-09-23,191.16,2026-04-28,37.34,1,26.85,7.14,19.81,Enterprise,0.27,-4.51,184.22,6.63,Prepaid,99.67,-4.04,10.74,0.39
e77d7155-1bac-4cbf-920b-f9facc673cf7,2025-08-12,CUST-410418,75.45,1584.45,2025-09-03,197.25,2025-08-30,0,1,26.27,17.33,29.97,Premium,3.65,5.13,43.92,3.31,Enterprise,96.55,-5.61,14.25,0.15
ef2a5b6f-3232-4ee6-a8cc-12e2bc5e4ff0,2026-06-13,CUST-255616,35.36,2015.52,2025-12-02,45.56,2026-04-30,0,0,27.78,24.11,29.8,Family,3.48,6.01,120.93,0.31,Postpaid,96.38,-3.88,17.63,0.21
ab354827-1507-4803-976d-951b666468ca,2026-06-10,CUST-235942,135.93,4893.4800000000005,2026-03-29,145.5,2026-07-03,33.56,2,48.9,7.08,46.62,Enterprise,0.74,2.38,130.63,7.91,Enterprise,95.66,-9.68,6.11,0.37
07206d2d-dcc8-44ac-bbf5-fbfd0bdef769,2025-11-06,CUST-803180,28.77,978.18,2026-04-30,111.81,2026-07-08,0,0,1.98,11.94,24.65,Family,4.14,7.76,162.36,0.81,Enterprise,96.13,-3.54,6.6,0.37
42a07df5-7704-415f-9f03-0a8fdaca28e6,2026-01-04,CUST-166083,52.55,2574.95,2025-10-01,67.98,2026-01-06,24.7,0,28.03,9.58,16.01,Premium,2.43,-4.31,143.79,1.9,Enterprise,95.58,-5.16,16.44,0.13
c7d1ad96-62a8-40e0-8c53-54e57a333d8d,2025-10-14,CUST-130735,20.44,654.08,2025-09-13,105.85,2025-12-07,0,1,6.14,8.55,43.55,Premium,3.96,1.31,68.14,2.09,Postpaid,95.01,-8.88,3.27,0.33
392f6b1c-d82d-4536-bc4c-fb71b717b322,2026-01-27,CUST-699534,74.24,1187.84,2025-12-28,183.25,2025-12-10,0,1,46.18,25.15,35.35,Premium,3,-1.63,67.4,3.2,Postpaid,97.62,-3.67,7.63,0.21
1886805c-0c64-42c8-958a-cf9ea43ab37c,2026-06-27,CUST-977973,72.41,2317.12,2026-04-08,174.63,2026-01-05,0,2,25.13,25.93,18.07,Premium,1.91,1.89,51.54,2.43,Postpaid,95.72,-7.91,12.57,0.48
43f6c815-ad2d-4dbc-a51b-f91a00387612,2026-06-25,CUST-104270,149.6,6432.8,2026-02-22,90.1,2026-04-05,8.57,1,34.98,22.71,17.15,Basic,2.26,2.51,96.36,4.7,Postpaid,95.98,-8.28,7.48,0.4
fc407339-6120-429f-af5d-89de9f4da9d2,2026-07-19,CUST-821176,108.33,1624.95,2026-03-25,169.57,2026-03-15,0,0,11.33,1.46,42.08,Premium,4.49,-1.75,59.2,0.47,Enterprise,97.36,-4.5,15.47,0.1
9e7bc69f-bf38-4a27-b833-9aacb52283b2,2026-02-06,CUST-794936,43.13,2329.02,2025-12-30,45.39,2025-11-02,0,2,19.94,20.78,33.92,Premium,0.41,1.16,27.89,7.56,Enterprise,95.54,-0.93,19.6,0.22
9f57c7bd-5bfd-4659-98d1-5c769feb21c3,2026-03-16,CUST-944526,135.33,7713.81,2026-06-21,93.96,2026-07-04,0,1,32.42,7.31,34.2,Enterprise,1.18,-1.35,70.11,3.01,Postpaid,98.32,-7.53,7.45,0.4
bc06b63e-3854-460a-be65-7ef8f2bdb8d5,2026-07-09,CUST-888172,84.09,1849.98,2025-09-02,172.24,2025-08-28,0,0,49.23,26.15,18.7,Family,1.23,9.47,76.94,8.4,Enterprise,96.65,-0.9,14.36,0.32
3f1f62e2-1d67-4cfa-911a-da18d7153bc8,2025-09-22,CUST-372195,72.45,3912.3,2025-12-05,165.89,2026-02-19,47.09,2,23.66,8.52,19.45,Premium,3.11,2.68,142.73,2.68,Prepaid,96.71,-6.14,16,0.33
66595582-a454-4a16-bb6e-ddbecd8b7ec1,2025-10-01,CUST-982414,31.36,1411.2,2026-03-12,66.76,2026-01-07,0,1,29.89,8.75,44.82,Enterprise,4.73,0.88,164.8,4,Postpaid,96.49,-5.08,5.46,0.16
befab528-91cb-4c11-8158-dafcc5562c43,2025-10-21,CUST-775877,142.15,6112.45,2025-10-12,149.86,2026-03-29,0,1,28.27,4.7,29.73,Premium,3.16,-0.87,106.75,9.64,Postpaid,98.85,-3.9,2,0.2
d577c407-16f4-4a74-8b48-803c28361147,2025-11-02,CUST-812640,101.7,2644.2000000000003,2026-07-02,199.99,2025-11-13,0,1,38.34,21.39,37.51,Enterprise,4.08,-3.39,30.97,2.95,Enterprise,99.25,-3.68,1.7,0.21
2a9b81d9-947c-409d-b472-89708a93bd66,2025-12-12,CUST-271543,50.08,1402.24,2026-05-19,118.82,2026-02-16,0,2,21.57,10.79,49.07,Premium,0.74,5.44,164.22,7.31,Prepaid,95.46,-6.2,0.65,0.29
300d625a-0300-4c7e-88c0-89d896dd0426,2025-11-19,CUST-662067,144.79,7673.87,2025-09-14,118.35,2025-11-16,0,2,16.88,21.08,24,Family,1.23,8.06,157.29,3.23,Prepaid,98.04,-6.74,8.74,0.2
13c3fcfd-fda5-49e3-8518-50b45021dcc4,2025-07-29,CUST-789784,82.66,4794.28,2026-07-13,42.28,2025-08-29,0,0,22.85,12.42,22.96,Basic,0.95,-1.94,28.53,8.5,Postpaid,97.47,-2.1,12.35,0.35
98ebda3b-9adc-42d6-a996-e60541eab2b8,2026-02-22,CUST-615464,106.26,4994.22,2025-08-16,170.24,2025-08-22,0,2,32.75,8.47,25.19,Basic,0.59,-3.34,182.94,0.8,Enterprise,97.49,-9.91,2.93,0.35
618b93e9-a6f7-4440-aaaa-25d7efa23063,2025-12-17,CUST-328749,137.45,3711.1499999999996,2025-10-19,107.77,2025-11-21,0,1,37.62,5.41,47.91,Basic,1.51,6.02,155.79,7.84,Enterprise,99.38,-6.92,9.38,0.49
f56dc696-815c-4abe-8337-4aeeaefed9f3,2026-05-28,CUST-962907,135.37,5144.06,2026-01-17,76.94,2026-05-12,40.21,2,37.98,23.12,31.03,Enterprise,4.69,8.56,138.45,1.75,Prepaid,99.22,-7.3,16.22,0.43
bf5a3a26-f1ca-4916-848d-742f8e272c5b,2025-07-30,CUST-575719,52.03,2965.71,2025-11-24,22.52,2025-09-19,0,1,16.24,12.06,13.45,Premium,1.31,-2.37,45.52,9.47,Prepaid,98.86,-5.21,10.63,0.19
ab10a4b7-32e9-4992-97c8-26bd6ba451fe,2025-11-23,CUST-539606,141.76,3118.72,2026-03-02,181.75,2026-04-29,0,1,17.83,15.35,25.37,Family,2.36,-4.2,49.22,3.12,Prepaid,96.75,-3.78,2.07,0.4
c64359d2-c0b0-4699-abe7-9268218a2523,2026-01-20,CUST-427152,101.78,4681.88,2026-05-11,105.15,2026-06-19,12.37,0,32.74,21.31,13.33,Premium,1.44,6.83,80.96,1.14,Enterprise,97.89,-1.39,11.51,0.25
d1e5a9d7-387b-4627-abb5-d05037009e4b,2025-09-08,CUST-683261,147.53,2360.48,2026-04-16,192.86,2025-12-02,0,1,0.64,9.48,18.29,Enterprise,0.51,1.38,77.17,2.42,Prepaid,96.1,-1.02,5.23,0.39
f9035b26-2971-475e-9db4-f7d6c7030ee5,2025-11-27,CUST-158509,71.36,3353.92,2026-03-22,44.99,2026-07-24,0,2,41.55,22.03,25.12,Basic,1.57,4.05,111.54,3.12,Prepaid,95.56,-5.03,14.46,0.12
b69c974b-24de-4420-9a7a-0aab5d6f8b3c,2026-03-05,CUST-562056,91.94,4597,2026-05-13,29.35,2025-08-06,0,1,40.03,4.42,19.4,Family,0.32,7.08,144.16,0.55,Enterprise,97.84,-7.68,10.4,0.4
94ec4850-031b-471c-933a-ed447bc20e73,2026-05-21,CUST-870714,136.65,4236.150000000001,2025-09-02,181.49,2026-02-18,0,2,35.37,12.27,34.1,Enterprise,1.34,7.4,116.65,4.66,Prepaid,97.41,-1.75,12.7,0.4
afd7df9d-2867-4ece-96af-034cdd6e9f3b,2026-02-04,CUST-191462,20.92,523,2026-06-01,43.09,2025-11-01,0,1,43.76,6.68,16.88,Family,2.33,-2.59,190.86,5.32,Postpaid,95.18,-7.14,14.07,0.28
01677c77-2efa-4a18-a29d-2f2f78322c07,2025-08-05,CUST-410518,138.13,7735.28,2025-09-16,197.34,2026-04-08,0,2,0.26,3.76,46.19,Family,1.02,1.16,126.42,7.58,Prepaid,95.71,-4.2,19.08,0.44
329f3bd4-e1e2-40ef-995e-ff730ac12043,2025-11-07,CUST-363370,26.54,424.64,2026-07-08,24.72,2026-03-24,0,2,44.48,16.86,21.8,Family,4.46,2.37,115.88,8.61,Postpaid,97.93,-5.26,13.53,0.4
0c34df4b-0620-4aa6-aa64-3d9cbd17421f,2026-02-04,CUST-189792,29.53,826.84,2025-12-29,108.58,2026-03-07,0,0,16.32,7.13,43.42,Basic,2.9,2.7,119.74,8.94,Prepaid,98.54,-8.6,16.22,0.42
382857d5-b07e-4f64-85c4-532016b35967,2025-07-31,CUST-784427,132.34,4234.88,2025-12-09,133.11,2025-11-06,21.76,0,28.79,22.51,17.95,Enterprise,2.09,5.43,137.12,9.89,Prepaid,97.45,-1.25,13.38,0.47
94e71936-20b9-4070-abd8-c26e3b262835,2026-04-03,CUST-999806,89.62,1792.4,2026-04-19,35.39,2026-03-08,0,0,5.93,6.61,38.1,Basic,4.74,3.16,32.04,8.86,Enterprise,98.99,-7.55,7.74,0.39
fbbc65e7-ba45-485a-b79b-1959528f2ba2,2026-05-05,CUST-127867,65.21,1565.04,2025-09-23,123.81,2026-03-20,0,2,23.32,24.71,40.05,Basic,3.28,0.46,139.9,3.87,Prepaid,98.45,-2.99,13.9,0.28
d95a2bc8-1f1f-4af5-8005-0ad5df485981,2025-08-07,CUST-594005,31.32,814.32,2026-03-31,199.73,2026-02-16,0,0,15.62,23.48,31.95,Family,2.81,-3.04,120.22,7.47,Prepaid,98.56,-2.41,6.38,0.47
85350fd7-5156-4bb9-9d6a-2d2ca0d1309f,2025-07-30,CUST-330331,116.47,6755.26,2026-01-02,82.89,2025-10-09,0,1,7.85,18.43,29.57,Premium,2.43,-2.4,169.62,1.91,Prepaid,99.35,-4.91,18.39,0.44
1a812f4e-b094-46e5-ab28-8e4205d0562a,2025-07-30,CUST-995639,97.74,2736.72,2025-12-25,120.41,2026-05-04,0,1,3.75,4.43,37.6,Enterprise,0.22,6.56,42.97,7.49,Enterprise,95.33,-6.53,2.78,0.2
6c252188-b6a0-44b1-b9eb-cf1526a01809,2026-01-16,CUST-985144,125.98,5543.12,2026-02-15,139.67,2026-01-08,24.57,2,40.15,1.82,37.79,Premium,1.33,-0.27,101.34,6.44,Prepaid,96.66,-5.74,18.68,0.28
e2b7397f-5edf-4b7a-94c1-931ca7b6b4c7,2025-11-23,CUST-813863,69.21,1453.4099999999999,2026-06-19,126.31,2026-04-15,0,2,30.9,13.65,21.49,Basic,3.36,-0.21,31.35,1.84,Prepaid,98.75,-0.11,14.02,0.25
efe741ba-275e-4515-b34e-77ec7aee37d3,2026-06-24,CUST-735941,78.95,2526.4,2026-01-18,195.61,2026-03-18,0,1,35.35,17.3,32.17,Enterprise,2.86,1.87,130.58,6.56,Enterprise,97.41,-5.12,15.53,0.11
89a0bba7-e2d1-42f7-806d-b511dd2f7fb3,2026-03-24,CUST-429869,65.01,2210.34,2026-03-30,113.1,2026-07-10,0,2,31.99,25.52,33.2,Premium,1.51,0.97,68.92,7.69,Enterprise,95.47,-0.72,14.07,0.42
123631d9-1bdf-480a-ac57-9fc98dd8e9a2,2025-08-03,CUST-619348,91.09,1275.26,2026-06-21,140.7,2025-08-26,0,2,19.56,11.26,46.9,Family,0.49,2.95,124.06,4.61,Enterprise,99.19,-2.71,8.39,0.27
0849624c-c183-4550-ac4d-5966b7f7c4da,2025-09-14,CUST-609939,103.36,2377.28,2025-08-18,49.18,2026-02-11,0,1,48.54,16.64,39.14,Enterprise,3.62,3.04,65.14,9,Prepaid,95.03,-4.94,1.02,0.42
e8d9ee00-4036-4ef4-bb68-7eb6e54352a2,2025-11-24,CUST-975682,121.4,4856,2025-09-08,147.74,2026-06-20,0,2,45.91,27.2,42.51,Family,2.43,-1.7,183.92,3.29,Postpaid,97.57,-5.49,15.18,0.4
70af8c03-0e50-4857-aaaa-afaff97e62cf,2026-05-15,CUST-494179,59.98,3118.96,2026-07-03,105.27,2025-11-03,0,0,33.01,17.03,28.61,Family,3.76,7.97,60.99,3.39,Prepaid,95.4,-6.99,6.27,0.44
c7de18dd-ef49-415c-833e-3cdd44fc1c88,2025-10-12,CUST-629779,22.18,687.58,2025-11-28,38.57,2026-01-31,24.31,1,3.71,5.74,41.01,Family,1.27,7.02,130.58,1.62,Postpaid,95.43,-3.23,13.25,0.35
ceb37a96-7530-4ee0-b42d-ec6ec71acfd7,2026-03-16,CUST-962318,85.79,3688.9700000000003,2026-04-08,55.72,2026-03-18,0,1,19.02,5.99,29.87,Basic,0.91,3.14,173.11,4.07,Enterprise,99.21,-3.78,15.56,0.39
935fbf9c-999a-4103-8eac-02a923bdcb25,2026-07-04,CUST-955332,31.89,1275.6,2026-03-22,161.18,2026-02-26,0,1,7.55,25.49,34.25,Enterprise,1.25,-4.73,114.3,5.1,Postpaid,97.05,-7.79,0.13,0.11
b14fce94-f2f1-426e-9556-9def07b29f63,2026-06-09,CUST-139626,115.61,4393.18,2026-02-07,111.46,2025-11-07,0,0,43.92,2.18,40.96,Basic,1.39,-3.5,81.3,8.62,Prepaid,98.27,-9.01,9.43,0.12
c323b5ad-6129-4627-af70-5a57d9572c0a,2025-12-16,CUST-543867,20.2,343.4,2025-12-03,36.13,2026-03-18,0,1,35.05,26.46,34.4,Enterprise,3.14,9.93,32.06,1.9,Enterprise,99.14,-9.23,10.86,0.13
a252fdb9-2e3b-42ff-bfa4-6eae1b7155ae,2025-12-20,CUST-765680,79.51,1033.63,2026-04-01,104.78,2025-09-08,7.47,1,15.95,15.59,44.81,Enterprise,4.79,3.16,48,5.87,Enterprise,97.69,-8.63,16.62,0.47
fc6baf7d-0848-41dd-9b99-3abd003505ce,2025-12-11,CUST-501300,107.26,6435.6,2025-08-03,151.08,2025-10-22,15.15,0,21.22,4.49,33.38,Enterprise,2.79,7.26,70.51,0.83,Postpaid,98.37,-8.95,1.22,0.35
00334a57-63e3-4e77-a387-ec01c92f6c6c,2026-04-12,CUST-483632,79.19,1583.8,2025-08-16,159.58,2025-08-21,12.28,1,6.06,19.83,33.45,Family,1.24,-3.98,127.08,9.79,Enterprise,99.39,-1.27,10.63,0.43
cb213217-7343-4ba2-9e76-b57dfe496c58,2025-08-09,CUST-691580,64.49,902.8599999999999,2026-02-09,78.73,2026-05-02,0,2,28.64,2.71,48.64,Basic,2.37,-2.34,126.88,5.08,Enterprise,99.65,-4.4,7.76,0.22
b2a499e2-9630-4cbe-b0ff-e1be95b9150f,2026-04-22,CUST-559090,106.75,6191.5,2026-02-09,28.46,2026-06-19,0,0,1.53,6.38,48.12,Enterprise,3.98,4.57,27.43,1.59,Enterprise,97.22,-7.35,17.92,0.34
cb6644ef-9428-4ec3-8d5b-9b3e7f41d307,2025-09-19,CUST-233408,42.26,2155.2599999999998,2026-05-26,86.98,2026-04-27,42.21,1,24.82,13.35,34.55,Family,1.83,5.78,66.37,6.82,Enterprise,95.8,-8.49,3.67,0.13
f18c02b1-9d74-4f6f-bd33-806d6c969a5e,2025-09-15,CUST-543910,55,2750,2026-05-23,100.62,2026-01-28,0,1,25.75,8.64,34.08,Enterprise,4.85,-3.88,106.91,7.76,Postpaid,95.14,-6.07,1.94,0.28
3461e7cb-c654-40b3-b4b6-944dfa0f4b7c,2026-06-25,CUST-949406,91.5,5032.5,2026-03-17,162.9,2026-03-01,22.21,0,8.98,18.17,45.14,Enterprise,3.12,5.5,151.02,9.28,Prepaid,99.65,-9.45,17.72,0.22
f7efec87-d81f-400b-9ca9-5830ee4fe111,2025-12-05,CUST-560084,42.19,1012.56,2026-03-30,155.22,2026-03-10,0,1,34.87,8.58,25.99,Basic,3.13,-2.42,101.56,3.68,Prepaid,99.02,-8.98,6.79,0.38
f464bb0f-5c83-4e5f-89be-a97038181f1f,2025-10-27,CUST-134712,23.63,685.27,2025-10-16,182.84,2025-12-27,18.19,1,20.53,11.7,36.26,Basic,1.04,-0.11,79.26,9.47,Enterprise,98.98,-4.15,17.93,0.15
4240e143-c9a0-4ef9-9f03-68b99c350174,2025-09-27,CUST-859442,92.32,5169.92,2026-03-09,153.96,2025-08-30,38.46,1,39.79,4.22,45.84,Basic,1.68,-2.72,101.05,0.18,Prepaid,96.13,-4.89,12.48,0.15
7f7ad83d-2470-462a-adbc-47a996634041,2026-07-24,CUST-508600,87.03,1305.45,2026-05-31,171.72,2026-04-01,0,1,11.67,4.59,37.26,Basic,4.76,0.2,175.14,2.39,Prepaid,98.74,-5.33,1.56,0.43
1bc27022-c4f9-4e02-8fea-63a2453f5eff,2026-01-19,CUST-436324,39.59,1939.91,2026-04-20,44.86,2025-12-06,0,1,2.13,12.8,37.34,Family,3.48,1.13,65.48,2.45,Prepaid,96.75,-3.9,17.74,0.28
ee5e1921-0619-4861-8370-f4e266cdfa60,2026-04-29,CUST-170537,148.32,3856.3199999999997,2025-10-10,111.75,2026-03-17,0,1,39.7,9.08,30.68,Enterprise,0.36,-0.38,129.93,0.83,Prepaid,96.26,-1.47,8.9,0.17
183547b1-8f94-4e58-9ffe-e9fbabf53108,2026-06-05,CUST-639863,56.65,793.1,2025-09-07,45.45,2025-07-25,0,0,1.83,0.26,20.45,Premium,4.57,6.92,167.01,1.95,Enterprise,98.74,-6.32,4.16,0.18
7d4d6239-ff35-4dbf-992b-a5973d4afbc8,2025-10-27,CUST-997586,130.49,6263.52,2025-08-20,127.48,2025-12-04,0,2,41.53,27.13,23.1,Family,1.17,3.58,196.35,2.62,Enterprise,97.63,-5.86,14.76,0.13
9c49f035-f48f-4879-b6a0-2d606b26498e,2025-10-26,CUST-958511,36.57,1791.93,2026-01-10,119.39,2026-07-16,0,1,33.71,7.86,27.17,Enterprise,4.2,-1.36,86.31,0.89,Postpaid,95.82,-2.85,14.36,0.12
48fc8bcd-754f-43aa-9078-e6bdf6e317d1,2026-06-27,CUST-802722,98.99,5741.42,2025-10-06,90.03,2026-05-19,0,2,39.18,20.87,23.65,Family,3.6,2.56,156.59,3.81,Prepaid,99.37,-7.14,17.95,0.3
030f30da-c5c9-4dfe-afc1-7b71221a7370,2026-04-22,CUST-798974,109.57,3944.5199999999995,2025-10-30,41.1,2026-05-18,0,1,1.54,11.3,18.8,Premium,3.43,4.67,92.06,6.19,Enterprise,99.77,-5.89,2.69,0.11
4133c0fe-ddd4-4ec4-b542-b7a2d5fe22b9,2026-01-27,CUST-723145,67.15,1611.6000000000001,2026-07-11,115.65,2026-01-31,0,1,26.82,7.39,49.1,Family,3.42,3.03,144.41,8.48,Prepaid,98.28,-2.52,4.68,0.13
70924240-7d05-467a-8a82-35c19f2a97ac,2025-08-14,CUST-891145,90.87,3089.58,2025-08-05,164,2026-02-14,0,1,41.12,0.93,17.51,Premium,2.61,5.67,97.79,0.65,Postpaid,96.92,-9.22,6.22,0.5
966727ac-6a52-4121-89d4-56458fe955a9,2026-03-31,CUST-845689,24.33,802.89,2026-07-24,74.29,2025-12-07,0,0,4.23,23.8,40.32,Premium,4.79,4.17,96.55,6.12,Postpaid,96.83,-6.76,12.85,0.4
f75b05de-a1f2-4668-87ad-4095bdf85d93,2025-12-28,CUST-780569,73.11,3947.94,2026-02-25,67.92,2025-09-23,0,1,16.08,26.69,32.8,Family,1.9,9.1,186.06,9.63,Prepaid,98.22,-8.78,8.01,0.43
78961d89-931a-4f69-8db1-922edec6fae1,2026-05-30,CUST-226642,123.08,6769.4,2026-03-19,185.32,2025-12-28,0,0,35.47,14.87,16.41,Premium,2.13,4.89,131.24,9.95,Prepaid,96.52,-3.01,3.85,0.15
a7afa671-f753-4441-af34-9fb3ea8742bb,2026-04-23,CUST-247696,85.71,2657.0099999999998,2025-09-21,195.7,2026-05-01,0,1,44.64,22.52,14.2,Enterprise,4.35,3.94,190.42,0.15,Prepaid,99.98,-2.02,19.27,0.47
541ad43f-b243-4038-ad86-c446b6eaa532,2026-03-01,CUST-696166,123.25,4067.25,2026-01-26,49.83,2026-05-17,0,1,21.61,17.15,46.75,Basic,3.16,2.06,82.69,6.33,Prepaid,98.17,-7.03,7.38,0.37
2e1a1392-6c50-4fdf-933c-41c8309b0fa0,2026-03-26,CUST-134687,132.77,7567.89,2026-05-22,151.42,2025-07-25,0,2,48.7,5.27,28.4,Basic,2.4,5.47,197.19,1.96,Prepaid,98.07,-0.67,8.51,0.16
0cdc3f73-81ad-45e7-9c9b-790a58143ad4,2025-11-04,CUST-429820,72.35,1664.05,2025-11-29,141.19,2026-01-05,0,2,3.57,8.45,25.77,Basic,1.08,4.57,86.51,2.17,Enterprise,99.77,-7.61,5.13,0.12
09bd7bdb-5ac1-4f62-b334-e0b448b32c1c,2025-08-29,CUST-435510,79.11,2135.97,2025-08-15,91.16,2026-07-08,0,2,1.98,21.62,41.17,Basic,1.51,9.85,174.45,5.45,Enterprise,98.15,-3.22,8.49,0.38
b03110f9-8bc5-4670-a696-10c02818aff1,2025-08-19,CUST-894316,137.22,5626.0199999999995,2026-01-04,112.39,2025-10-26,38.24,1,20.35,0.23,18.11,Basic,1.3,0.96,179.42,0.09,Postpaid,95.88,-4.65,15.13,0.43
46186d3b-6c24-407a-a1c5-1e4bb1bf1101,2025-12-30,CUST-350960,143.01,5005.349999999999,2026-04-17,183.84,2026-01-22,0,2,32.42,25.36,12.96,Premium,0.44,0.18,56.7,6.5,Prepaid,95.21,-8.17,8.5,0.35
5a0bb04a-20b6-4f3a-a6a4-4da75336717f,2026-02-20,CUST-165595,134.79,7413.45,2025-09-25,29.43,2026-02-08,0,1,35.59,13.43,40.98,Basic,2.67,1.9,53.65,4.31,Postpaid,96,-8.75,17.86,0.13
12052592-27fc-42b4-99af-43546c2e3c69,2026-03-25,CUST-892019,27.99,335.88,2026-07-15,65.93,2026-06-24,0,2,5.06,27.39,30.07,Premium,2.63,6.61,102.97,1.56,Prepaid,95.93,-6.95,13.95,0.11
4300cc1e-fbf1-45ed-9154-c9f35ebdc176,2026-02-02,CUST-477434,24.2,943.8,2026-07-14,90.34,2025-12-17,19.59,2,48.51,17.95,35.83,Family,4.33,-0.68,154.69,9.98,Prepaid,95.34,-7.82,19.29,0.36
4de4df3c-9046-48d7-a861-f8cc171bda75,2025-09-22,CUST-786291,105.51,4325.91,2026-04-30,156.74,2026-06-25,0,2,3.22,7,46.73,Enterprise,1.22,4.74,170.8,6.53,Postpaid,96.76,-0.8,5.02,0.22
0c7c0e30-0e14-4412-bf36-2f63a8f924b2,2025-09-20,CUST-955193,99.59,4182.78,2026-06-01,23.71,2025-10-30,35.04,1,21.82,15.95,36.74,Family,2.27,-3.27,134.75,1.11,Enterprise,97.24,-5.89,13.8,0.36
140d9b1c-410a-43e6-ab2c-adfa47e80db9,2026-02-25,CUST-179773,28.46,910.72,2025-10-18,166.64,2026-03-09,0,1,22.37,22.48,11.07,Enterprise,3.32,-0.24,196.72,7.1,Postpaid,95.63,-6.92,0.89,0.11
21041bbf-e7cd-4e1b-92f9-d21379d87026,2026-05-26,CUST-468258,113.26,5549.740000000001,2026-03-16,95.15,2026-03-28,29.19,1,16.59,17.03,44.3,Premium,3.66,4.98,122.04,6.36,Prepaid,99.95,-8.69,14.25,0.3
e598e0e0-a8ac-4e58-925a-730ca29c19e0,2026-07-24,CUST-218104,140.12,2241.92,2026-04-23,22.82,2025-12-10,0,2,28.85,13.31,43.8,Basic,0.77,7.29,146.32,3.34,Prepaid,99.4,-5.83,9.55,0.12
341421e2-ffdc-497e-ae35-d24e7b63a2ff,2025-08-09,CUST-158736,110.41,5962.139999999999,2025-07-30,69.8,2025-12-06,0,1,47.83,12.93,21.39,Family,3.88,-4.63,103.1,7.69,Enterprise,97.83,-5.28,11.68,0.17
fc86911b-2a4e-484c-9934-fb6b122443f1,2025-12-07,CUST-287251,63.23,1833.6699999999998,2026-01-07,153.16,2025-07-26,17.02,2,22.13,17.19,11.5,Family,4.64,2.95,138.45,1.47,Postpaid,97.64,-1.57,15.31,0.37
9fbb1c61-7169-464b-9555-66bfe06c74d8,2025-08-23,CUST-336584,97.55,3706.9,2026-04-18,74.75,2026-07-09,0,1,15.06,23.06,15.24,Basic,2.11,1.38,50.31,1.54,Enterprise,97.03,-1.49,0.95,0.2
32174531-800e-458c-927a-8e36e101979e,2025-10-30,CUST-602427,117.48,5404.08,2025-11-25,85.13,2025-10-20,0,1,40.19,20.35,24.35,Family,1.04,-3.69,45.3,2.65,Postpaid,95.4,-0.99,9.08,0.22
c0e69ab0-83e7-4cdc-9f58-352d92b8c2cd,2026-07-16,CUST-105362,72.37,1881.6200000000001,2026-03-18,53.31,2025-10-25,0,0,32.99,28.94,37.39,Enterprise,3.15,-2.41,97.31,7.72,Enterprise,98.91,-3.54,14.98,0.15
39bc4d0d-d4b2-4bf0-8241-3163d07bf7e5,2026-03-12,CUST-626641,93.06,4373.82,2025-07-30,192.93,2025-11-14,0,1,19,5.72,13.63,Basic,3.31,-0.9,107.03,9.76,Prepaid,98.22,-4.62,12.42,0.36
02b3dc47-7880-4a39-9812-c2795b877ff5,2026-07-20,CUST-390184,125.82,5032.799999999999,2025-09-23,93.24,2026-01-21,0,1,49.3,11.33,13.32,Basic,0.89,9.84,47.65,5.25,Postpaid,99.77,-2.73,11.06,0.17
c1548ce6-c76c-4ecc-a09b-35ca949f123d,2026-01-21,CUST-822080,63.78,1275.6,2025-11-25,151.82,2025-11-10,0,2,12.49,25.46,19.51,Basic,0.86,7.4,158.45,0.31,Postpaid,96,-8.64,5.12,0.25
ceae763b-a6ca-47e0-bd05-1800a6a9ee56,2025-11-26,CUST-801685,132.32,4631.2,2026-03-15,85.14,2025-10-11,0,0,19.61,8.04,47.57,Premium,1.97,0.72,28.89,4.46,Postpaid,99.38,-4.22,4.31,0.33
ec68028a-ee96-42d9-8295-2bacddc696d2,2026-02-01,CUST-585316,58.95,1709.5500000000002,2025-10-07,136.19,2025-12-19,0,1,13.82,8.7,12.95,Premium,4.12,1.97,67.9,4.47,Postpaid,97.7,-1.69,13.7,0.27
0784bbbe-e1da-4314-aec9-5e8c39b6d7e7,2025-08-19,CUST-441933,131.34,1970.1000000000001,2026-04-09,55.99,2025-11-30,42.65,1,27.76,16.44,18.38,Basic,1.04,7.41,175.13,6.34,Prepaid,98.61,-5.33,16.15,0.44
09239bd5-91b3-4b28-a808-bf69d2995afc,2026-03-26,CUST-146885,100.11,3403.74,2026-03-28,176.18,2025-11-21,0,2,45.21,11.83,26.94,Enterprise,1.19,-3.02,192.99,9.97,Prepaid,95.98,-1.52,19.14,0.38
e6e90405-dc13-4de8-843a-81a38a21421f,2025-07-29,CUST-945702,91.17,3737.9700000000003,2025-09-15,43.38,2025-09-17,0,2,21.96,18.29,14.42,Enterprise,2.57,-2.61,172.6,5.55,Prepaid,98.14,-6.13,3.5,0.35
37208ae7-ffcd-4a71-ada9-f4b2b0dfd5e8,2026-05-25,CUST-241632,55.72,3008.88,2026-05-05,179.57,2026-02-17,0,2,48.27,6.65,47.7,Family,3.03,-2.76,114.19,6.24,Prepaid,96.14,-0.06,9.9,0.47
d88e8de6-b6c5-4d99-95ca-45a85f4ce6bb,2026-01-14,CUST-258487,28.23,677.52,2026-01-27,193.8,2025-09-29,0,0,47.01,0.48,11.78,Family,3.09,-2.34,133.74,4.33,Prepaid,96.71,-3.81,5.49,0.4
35a9208d-e2eb-4213-b2a1-088d4a1936da,2026-01-25,CUST-753374,117.52,1645.28,2025-11-19,39.88,2026-05-11,0,0,13.16,24.98,40.35,Family,0.68,7.95,48.45,6.92,Postpaid,96.16,-2.99,6.71,0.38
31d9a869-c6c5-477d-a0e0-3eea5e7d80a3,2026-01-03,CUST-832495,117.99,2831.7599999999998,2025-12-06,153.63,2025-08-05,0,1,40.48,17.55,46.58,Premium,3.76,3.7,133.45,6.78,Prepaid,98.18,-6.43,19.17,0.25
84e5d4dd-3bb0-47ce-ab6a-f7812af80544,2025-08-16,CUST-705616,70.02,1120.32,2026-07-24,54.38,2026-04-02,0,0,7.48,12.82,15.49,Enterprise,3.27,0.38,148.67,9.38,Enterprise,99.69,-2.36,11.7,0.45
b85fdec4-f522-409f-b5db-958e7dfea66a,2026-07-25,CUST-561968,55.48,776.7199999999999,2025-10-22,153.05,2025-09-29,0,1,31.26,18.92,40.24,Enterprise,4.04,3.63,112.89,0.59,Postpaid,97.23,-9.71,9.45,0.27
0351f119-26d9-483b-aedc-e824fca53eac,2025-11-13,CUST-592022,144.81,6371.64,2025-08-28,136.2,2025-08-01,0,1,15.8,13.34,31.39,Premium,4.52,5.51,143.36,7.6,Postpaid,95.91,-3.69,17.87,0.38
1b12a9ad-2b86-493a-81dc-f8c7e0d2fc48,2025-09-30,CUST-898925,88.94,4091.24,2025-12-22,135.39,2025-09-23,0,1,39.16,9.31,18.54,Premium,2.48,8.88,55.92,7.48,Enterprise,96,-2.79,9.73,0.27
032a6bee-c85e-4252-8898-94a03d065e68,2026-03-11,CUST-472377,114.28,3656.96,2026-07-11,123.02,2025-12-29,49.64,2,22.87,21.92,33.72,Family,3.12,6.66,50.65,0.77,Postpaid,97.59,-8.82,11.77,0.26
48776fe4-ba66-40e8-a517-061dae57ceeb,2025-11-03,CUST-328548,98.48,4530.08,2025-10-18,65.04,2026-04-15,0,0,28.79,16.32,39.97,Family,2.58,0.17,147.15,2.94,Postpaid,99.43,-2.58,4.26,0.49
95057632-2d11-4a72-ba7e-3c90b9d6d9f5,2026-06-26,CUST-161995,62.08,1676.1599999999999,2026-06-15,104.17,2026-02-20,21.12,1,5.79,25.64,47.96,Basic,4.89,7.87,81.56,4.97,Postpaid,97.45,-7.03,1.98,0.3
f638f8ac-f5af-4d2d-b107-fc66046a9082,2025-10-26,CUST-771059,107.01,6206.58,2025-11-10,21.03,2025-08-10,0,1,9.04,29.72,15.76,Premium,1.54,2.45,123.87,2.81,Postpaid,95.69,-5.84,1.09,0.24
acf3bb6f-7758-4889-91d6-9b0dc7ddd40d,2026-04-25,CUST-631517,149.02,5662.76,2025-10-19,72.37,2026-01-21,0,1,3.05,0.82,49.71,Family,3.33,3.48,154.24,1.73,Postpaid,99.53,-8.94,3.48,0.2
02c52c46-0be6-472b-a59c-ae94ad303cf3,2025-10-11,CUST-108645,49.39,1679.26,2026-05-02,37.47,2025-12-16,9.12,1,23.39,18.03,39.81,Enterprise,4.19,-3.85,103.82,9.34,Enterprise,96.08,-1.15,10.28,0.13
afc2adc3-09b1-4a61-9108-0745c1789add,2026-01-14,CUST-790212,75.89,1366.02,2025-10-02,110.78,2026-06-16,0,2,27.4,20.83,32.39,Enterprise,1.17,1.99,42.85,4.92,Postpaid,97.36,-9.58,8.37,0.22
2dd8a13e-cd6c-43b8-84b5-7c9f40f355a2,2026-04-25,CUST-563268,115.05,6097.65,2026-06-04,20.43,2026-05-17,0,0,1.18,7.24,23.75,Basic,4.59,8,37.83,9.96,Prepaid,97.02,-1.36,13.04,0.49
5f0205de-f6b7-41fd-b7f1-d7fad9deca15,2025-08-18,CUST-905893,58.97,1533.22,2026-02-03,101.43,2026-07-03,0,2,10.48,28.09,24.72,Premium,0.88,3.52,105.04,2.33,Enterprise,96.01,-7.77,1.21,0.24
e3e6b2c3-7b67-4b8d-bdb8-41af559899cd,2025-12-16,CUST-356585,118.58,4268.88,2026-03-08,23.57,2026-01-06,0,1,31.83,6.64,26.54,Premium,1.96,9.27,30.89,5.16,Postpaid,97.69,-7.19,1.83,0.3
e6597dca-8343-45b9-926b-9bbeac14ca44,2026-02-22,CUST-480207,40.93,1759.99,2026-05-10,110.63,2026-02-04,13.33,0,39.44,1.67,29.66,Premium,2.37,7.81,146.45,9.67,Postpaid,96.35,-1.47,9.5,0.22
54150ddc-53a4-4739-bfd3-26eeab20e436,2026-02-03,CUST-388536,131.1,3801.8999999999996,2025-09-15,90.14,2026-01-23,0,2,23.31,18.81,48,Enterprise,2.13,0.34,114.08,9.73,Prepaid,99.3,-4.24,4.69,0.24
fd23db57-d4b5-4b45-8b47-891c210ef68a,2025-12-30,CUST-679317,54.2,2547.4,2025-08-06,30.97,2026-04-07,25.56,0,3.4,17.47,20.81,Family,0.9,-4.23,142.35,0.16,Prepaid,99.31,-6.8,1.99,0.47
ef5117cd-d5e1-4d7b-be09-6a7f771285ad,2026-02-25,CUST-249922,74.46,1265.82,2025-08-19,68.05,2026-01-20,0,1,30.23,20.78,14,Enterprise,0.92,9.41,148.19,5.36,Prepaid,99.87,-9.89,11.01,0.25
1dc07395-fa90-4188-9892-d2f5f746b5f8,2025-10-22,CUST-534307,123,4920,2025-08-02,182.57,2025-12-06,0,1,34.58,29.53,40.88,Family,3.41,9.62,182.59,4.61,Prepaid,95,-6.73,11.43,0.47
d30736e0-cebe-4325-91c3-7c25748de2e8,2026-07-19,CUST-652239,51.83,2695.16,2026-02-25,166.16,2026-02-08,0,1,8.42,5.81,33.45,Enterprise,0.47,8.71,110.75,0.77,Prepaid,98.08,-4.14,8.67,0.4
9e12a4bb-35b3-458c-9711-36ece5fb7d27,2026-07-23,CUST-437135,38.51,1116.79,2025-12-15,65.03,2026-03-03,0,1,46.19,12.82,48.05,Family,2.44,7.67,32.66,4.52,Postpaid,98.05,-7.04,16.37,0.35
e3b8cdc0-5d42-4425-a584-e2848b67d8b0,2026-07-10,CUST-476685,20.59,288.26,2025-10-25,30.83,2025-07-28,0,2,41.29,26.76,33.8,Family,0.43,6.65,78.71,5.75,Enterprise,95.68,-2.58,13.49,0.48
6e6b19da-cf2f-433c-8073-374b388d6c73,2026-07-18,CUST-620066,62.61,3693.99,2025-12-27,194.47,2025-09-11,0,2,16.13,27.4,44.33,Premium,4.52,-1.1,138.85,1.27,Prepaid,99.42,-8.9,11.04,0.13
80f0deaf-ddc6-42b6-b8b3-31dc0958926b,2026-02-14,CUST-652310,82.37,1565.0300000000002,2026-05-23,122.81,2026-03-08,10.09,0,3.25,10.3,11.18,Premium,2.26,-2.14,96.98,2.17,Prepaid,97.77,-7.06,9.86,0.49
72a36c20-e150-4423-aba9-83dd52300fc7,2025-10-31,CUST-694012,82.99,3651.56,2026-03-12,140.05,2026-06-24,0,1,7.6,4.19,19.21,Enterprise,1.41,4.84,164.43,0.73,Prepaid,97.1,-1.93,11.7,0.21
71122935-ac31-4797-ac88-f8b15590b0e5,2026-05-17,CUST-137617,60.77,3403.1200000000003,2025-10-13,154.95,2025-12-18,0,1,19.57,15.46,38.28,Family,1.92,5.82,173.69,0.4,Prepaid,95.58,-6.09,7.14,0.4
a6cfabae-a922-4e5f-8697-f79633189320,2025-10-27,CUST-173546,101.66,5286.32,2025-07-27,38.75,2025-10-07,0,1,27.48,29.64,23.7,Basic,3.56,9.29,100.89,7.34,Postpaid,95.13,-1.82,13.24,0.29
7f865391-8d7a-41a3-b066-4ef32585cb11,2026-02-28,CUST-214443,59.14,2543.02,2025-08-11,130.31,2025-10-13,0,1,41.81,9.04,17.57,Premium,4.84,-1,111.95,0.63,Prepaid,97.46,-2.85,6.88,0.29
4c802e3e-090d-45fe-b420-20994d08bb17,2025-12-31,CUST-102850,81.37,3010.69,2025-10-13,187.61,2025-09-21,43.56,0,17.37,28.48,42.77,Premium,2.67,-1.77,171.39,9.14,Postpaid,96.07,-6.98,2.21,0.22
94aa80b4-dbce-48fd-826d-d907784f595c,2026-01-26,CUST-675524,138.6,5544,2025-10-24,75.5,2025-10-29,0,2,42.11,0.65,23.81,Basic,3.31,-3.08,44.08,2.67,Prepaid,95.13,-0.97,5.22,0.41
d3411168-f788-415e-86c6-6e2274f94582,2026-07-18,CUST-473678,103.98,6134.820000000001,2026-06-05,60.71,2025-11-03,0,2,33.16,23.18,22.56,Family,3.02,3.9,129.55,6.54,Enterprise,95.69,-8.13,14.45,0.18
a69430a2-e65b-4a7e-8b8d-36cb8db7e329,2026-04-17,CUST-277208,59.44,1783.1999999999998,2026-05-27,191.24,2026-03-25,0,0,18.39,26.94,22.9,Family,3.16,2.74,187.61,6.08,Postpaid,97.33,-0.66,8.63,0.34
f475fcbd-0984-46b6-843f-d3cd409ff943,2026-02-14,CUST-798195,81.72,3840.84,2026-02-14,82.03,2025-08-19,0,1,24.35,29.05,17.05,Premium,4.38,-4.86,199.08,8.37,Prepaid,96.96,-3.28,16.4,0.17
8338ecc7-514c-48e6-a310-89da4abf007b,2025-12-20,CUST-237413,144.62,5929.42,2026-06-08,145.97,2025-12-19,0,2,2.93,15.62,47.7,Premium,3.2,-1.79,58.07,9.27,Postpaid,97.28,-1.7,11.47,0.14
67d975de-bf5b-4196-9fc3-ad44879af32e,2025-11-16,CUST-273672,59.5,3272.5,2026-02-18,58,2025-09-25,0,2,16.95,22.51,18.71,Family,4.38,-3.74,68.78,1.29,Enterprise,96.67,-8.42,0.2,0.25
179e1992-564d-45c1-bc77-3e49703d896c,2026-03-18,CUST-369283,81.83,3846.0099999999998,2026-01-20,189.85,2026-04-21,37.56,0,31.79,5.18,27.55,Enterprise,2.61,7.16,56.38,3.91,Postpaid,95.03,-4.16,5.27,0.23
bfbd7c45-6c94-4e39-a6e2-d100c7fe63c6,2026-03-15,CUST-118158,66.41,3785.37,2025-12-10,65.08,2026-01-31,0,0,12.34,9.81,39.57,Enterprise,4.57,7.94,117.21,7.7,Prepaid,99,-9.62,5.13,0.38
73382a53-4049-4e6c-89fe-9df1a83b82ce,2026-01-31,CUST-966235,67.28,2623.92,2025-10-29,26.63,2026-07-18,0,2,19.06,4.57,40.15,Premium,1.47,4.64,44.75,5.22,Enterprise,95.14,-0.78,17.39,0.18
94bcb643-57c0-41ef-afb6-67e17d25eb45,2026-07-21,CUST-923787,38.74,1433.38,2025-12-03,46.84,2025-08-14,0,0,28.17,10.97,13.74,Basic,3.27,2.5,197.13,3.01,Prepaid,99.36,-7.32,11.38,0.41
bdaad2d0-44f2-4c8e-906c-9a357780e0a7,2026-02-25,CUST-286898,101.64,5590.2,2026-03-16,58.1,2026-07-24,0,2,0.63,7.22,19.61,Enterprise,3.1,3.37,28.54,1.15,Enterprise,96.84,-6.33,11.22,0.2
a53cc8b1-7b7d-4860-94cd-2028e03a8c5e,2025-12-24,CUST-261685,28.87,1125.93,2025-11-10,70.14,2025-11-02,0,2,17.85,29.93,24.53,Enterprise,0.15,5.66,55.33,4.03,Postpaid,95.02,-4.34,8.94,0.43
5c6b0157-6292-4fb5-8f87-29b9cd80a7ce,2026-03-16,CUST-286787,67.42,2427.12,2026-05-13,36.98,2025-11-19,0,1,40.82,11.15,41.82,Enterprise,2.62,4.49,142.22,9.9,Enterprise,96.4,-9.06,4.12,0.43
c12fa275-ae53-49e6-bf80-a8c11b76ae11,2025-08-28,CUST-290272,108.2,3137.8,2025-08-16,33.96,2025-12-21,0,0,35.92,21.75,29.21,Family,4.59,-3.22,70.27,1.17,Enterprise,98.12,-5.73,10.57,0.41
5032a508-047d-4977-8a4c-0b21088924b9,2026-06-06,CUST-179309,21.16,740.6,2026-05-31,81.16,2026-03-28,0,1,7.21,10.78,23.35,Basic,3.76,6.16,181.13,2.33,Prepaid,96.98,-5.31,11.85,0.36
e40984e0-ba55-4940-9720-4deca8f6839e,2025-12-21,CUST-834116,82.87,1906.0100000000002,2026-05-30,160.52,2025-08-04,0,0,38.86,4.68,49.69,Family,2.04,-4.11,194.64,8.08,Postpaid,99.34,-2.69,6.8,0.2
1bbcb74a-c903-44e3-9039-d3e3e445f228,2026-02-08,CUST-857546,40.87,1226.1,2025-09-03,181.1,2025-09-14,0,1,25.98,25.67,44.35,Premium,4.13,-4.47,166.58,3.66,Prepaid,96.94,-1.7,12.34,0.33
502b4c89-f7f3-453c-88eb-922e364c7ff1,2025-11-06,CUST-382699,60.25,3494.5,2026-01-24,35.39,2026-03-12,14.16,2,11.52,23.3,44.17,Family,1.44,3.74,83.02,9.06,Enterprise,97.61,-4.77,4.56,0.24
f0cb23f1-07e1-4111-842c-ae35298de039,2026-03-15,CUST-151070,120.53,5303.32,2025-08-07,147.12,2025-07-26,0,0,35.46,28.83,17.17,Family,4.94,4.59,71.29,7.11,Enterprise,96.07,-9.53,14.05,0.25
217e5493-1290-4278-ba33-e8fa38347348,2025-08-03,CUST-312352,82.89,4144.5,2026-07-13,61.38,2025-09-19,37.96,1,20.83,17.53,36.36,Basic,0.12,-1.9,167.92,7.69,Prepaid,98.85,-7.27,12.83,0.23
ae83331e-f54e-4e4f-ab9c-1303a7f516eb,2025-11-12,CUST-807051,39.54,1344.36,2026-01-05,181.68,2026-03-19,0,0,27.39,27.25,20,Basic,2.25,0.99,104.97,8.49,Enterprise,96.15,-2.94,7.58,0.44
21e3d25e-48da-4f6b-bb81-8dcf4be9f539,2025-11-11,CUST-335055,113.73,5913.96,2026-05-25,121.56,2025-08-21,31.04,2,35.39,22.21,41.05,Enterprise,2.52,8.58,93.54,1.53,Enterprise,97.32,-3.96,5,0.32
39cd07f5-43c4-4c1b-a99d-fed2c9a8a433,2026-01-08,CUST-132282,26.03,1119.29,2025-12-25,124.34,2025-11-23,0,0,37.01,3.5,37.42,Basic,2.51,7.74,148.94,2.78,Postpaid,97.57,-2.15,18.92,0.27
73f24a2a-95d7-4aca-abd2-c1d1a3b677d3,2025-12-21,CUST-725721,117.76,4945.92,2026-06-20,91.15,2026-05-17,0,0,23.53,13.03,45.14,Premium,0.37,0.73,103.36,4.44,Prepaid,97.5,-7.64,0.35,0.37
5b6d3f0a-dc23-4a15-99a5-ff3474548127,2026-04-04,CUST-530259,67.4,2830.8,2026-03-09,174.93,2026-03-04,28.92,0,25.86,9.11,14.95,Enterprise,1.33,-2.86,100.69,1.32,Prepaid,96.91,-9.39,19.79,0.35
a9124512-d5e3-444d-8e77-3174b41ffe6c,2026-03-08,CUST-468495,111.24,4004.64,2026-05-14,24.26,2026-06-09,0,0,29.49,13.97,48.85,Family,2.51,-0.72,65.47,8.22,Prepaid,97.02,-9.88,13.7,0.27
57de2178-db50-4003-8421-6a30943053f4,2025-12-05,CUST-403493,61.44,3379.2,2026-04-10,173.26,2026-01-13,0,2,13.58,14.56,22.53,Basic,4.3,-0.87,54.07,3.38,Postpaid,97.09,-7.81,8.25,0.48
16246d7e-087b-457e-9614-270c99300664,2026-05-16,CUST-357671,149.72,5689.36,2025-09-16,128.63,2026-03-12,0,1,36.31,1.88,41.63,Family,4.97,-2.96,180.44,8.23,Postpaid,97.43,-7.8,3.61,0.14
c97821a5-b7ba-4b6e-9908-27cebe88ac8e,2026-03-25,CUST-461360,146.68,7040.64,2026-03-18,100.66,2025-09-30,43.28,1,45.94,23.24,14.78,Enterprise,3.81,-4.29,116.49,8.46,Prepaid,97.12,-5.48,17.44,0.24
0e851a88-9f0d-4142-b2b9-18cf8b008ebc,2026-07-12,CUST-875655,130.61,2612.2000000000003,2025-10-26,171.06,2025-08-17,0,0,47.85,18.92,12.4,Family,1.12,-4.61,29.81,4.55,Enterprise,97.44,-7.71,8.67,0.42
3d4a66eb-f53a-4608-b6cb-e1761c588c88,2026-05-19,CUST-926926,94.77,3032.64,2026-01-06,161.21,2026-02-06,0,1,39.3,27.96,16.39,Basic,1.33,9.04,94.64,3.84,Enterprise,96.51,-9.59,5.15,0.29
134d3e6b-d0a5-4fe6-9e92-94755734f5cd,2026-01-08,CUST-357980,140.28,7715.4,2026-02-08,199.97,2026-05-29,0,1,36.63,0.57,12.98,Enterprise,3.68,7.14,182.77,5.74,Prepaid,96.98,-1.48,12.48,0.15
7078b29d-fec7-4f08-b37e-8ef240333de3,2025-12-12,CUST-853383,38.74,1820.7800000000002,2026-06-19,107.16,2025-10-16,0,1,31.81,0.99,10.54,Family,3.03,-3.91,131.54,5.55,Enterprise,97.52,-8.95,4.76,0.3
c262596b-46d1-4f00-8632-937e91e8e905,2025-08-21,CUST-199918,88.8,3640.7999999999997,2025-08-24,138.38,2026-01-26,0,1,43.84,8.1,16.36,Basic,1.36,9.98,59.11,8.56,Enterprise,96.59,-4.99,14.86,0.15
76c2a9ad-6922-4725-bb7b-740117942b76,2026-02-14,CUST-815596,98.17,4123.14,2026-03-28,68.55,2025-10-07,0,1,14.03,26.56,27.54,Enterprise,0.28,-4.86,106.55,8.2,Prepaid,98.44,-6.18,13.5,0.37
a9abfc57-3efa-496e-9db0-b4f8e22bf0fe,2026-02-26,CUST-695682,31.2,1154.3999999999999,2026-05-21,48.65,2026-02-25,23.47,1,15.35,26.67,20.12,Family,4.85,-4.26,91.81,5.97,Enterprise,98.57,-2.1,0.57,0.12
b1845285-f585-4812-9b0e-19c92edc5a18,2026-06-10,CUST-494717,108.7,5217.6,2025-12-27,71.2,2025-11-12,16.25,1,18.26,4.14,36.21,Enterprise,2.62,9.21,188.03,1.19,Enterprise,95.22,-6.93,8.15,0.35
f9ee2550-67c9-44dc-88cb-46e98a3ce3d5,2026-07-11,CUST-650922,48.66,1605.78,2026-03-19,57.46,2026-06-26,7.5,1,25.59,25.41,38.35,Premium,2.83,7.75,82.29,8.41,Postpaid,98.95,-5,9.35,0.4
7062bc57-9375-4a8b-a842-80188b8d75e0,2025-12-06,CUST-956606,136.81,7524.55,2025-08-02,194.05,2026-02-12,0,1,30.68,9.1,21.91,Premium,0.42,9.37,33.95,8.07,Postpaid,99.79,-0.15,12.82,0.49
f30cf38a-1c79-4bff-ba0b-ad6e9f8a9063,2025-12-24,CUST-738007,114.25,2970.5,2025-12-02,141.53,2026-05-22,0,0,38.09,25.67,10.82,Basic,0.24,2.51,94.69,7.9,Postpaid,97.86,-2.35,13.25,0.34
3d652104-d165-43d7-bb18-165cfa8b6dfd,2026-03-29,CUST-382828,69.94,3217.24,2025-09-07,191.4,2025-10-12,26.13,1,30.03,15.36,10.01,Premium,3.14,5.63,185.15,9.12,Enterprise,98.76,-4.74,0.85,0.32
963ef09e-3cc0-4b5b-9ccc-b8014f69d605,2026-07-17,CUST-916727,20.05,1062.65,2025-10-20,172.33,2025-12-03,0,0,0.08,5.54,49.51,Enterprise,2.77,7.37,107.07,7.8,Postpaid,97.53,-6.71,12.87,0.3
ec204478-936b-43f4-aa52-4da97092656f,2025-08-10,CUST-794985,28.3,1443.3,2026-05-10,187.13,2025-12-05,0,1,5.82,19.32,13.03,Premium,0.19,6.94,164.36,4.86,Postpaid,98.13,-6.27,4.25,0.25
b214e435-2e1c-494c-bf3a-98f843ea25ad,2026-07-05,CUST-241993,53.05,2917.75,2025-11-11,152.58,2025-10-28,0,1,49.88,23.06,31.72,Family,1.41,2.92,71.13,3.81,Postpaid,99.24,-4.3,18.8,0.13
5f89705e-405e-43a3-92d8-c08376aea33e,2026-06-16,CUST-694950,101.3,3748.1,2026-04-10,106.58,2026-04-01,18.17,0,26.17,19.24,41.64,Family,2.42,-1.56,130.51,1.78,Postpaid,95.92,-9.4,5.63,0.32
b2cd85ca-06b5-4ba8-9551-3738cc36f386,2026-01-31,CUST-473382,113.11,4071.96,2025-08-25,154.69,2025-08-03,0,1,13.48,22.3,22.71,Basic,3.36,4.41,29.63,2.11,Prepaid,97.58,-8.49,3.11,0.16
65ad0c7c-4859-4b52-84d1-5a998f0a61ab,2025-11-10,CUST-212677,141.21,7766.55,2026-03-09,111.34,2025-07-29,25.56,1,47.1,6.04,18.37,Enterprise,1.66,0.21,54.65,5.24,Prepaid,98.9,-3.21,16.5,0.38
a42b8524-b1a5-4920-9c0f-108c203f39bf,2026-07-18,CUST-753886,87.29,2793.28,2025-11-06,151.56,2025-10-22,0,0,23.75,12.47,12.3,Family,0.58,8.6,155.16,4.44,Enterprise,95.06,-7.51,8.92,0.17
fae223a2-fc48-41ed-8f54-44a5cf082d6b,2025-11-06,CUST-130142,142.65,7703.1,2025-11-02,115.97,2026-06-26,18.12,2,37.58,25.09,20.05,Family,0.8,4.53,43.1,0.77,Enterprise,99.67,-4.92,18.86,0.2
718a4078-a6dd-4853-a7f0-164b73d54aa4,2025-10-04,CUST-900930,92.2,2397.2000000000003,2026-07-14,97.61,2026-03-14,0,0,28.4,11.58,43.05,Basic,0.64,3.13,25.42,4.02,Postpaid,98.5,-7.78,17.15,0.24
025d9833-c7d0-400d-8431-94b7251f4ca0,2026-06-23,CUST-167193,144.94,8116.639999999999,2026-02-08,113.02,2026-05-27,0,2,34.61,25.46,47.64,Family,1.5,-3.46,71.64,8.81,Postpaid,96.41,-8.39,1.04,0.44
dc0e2092-6a40-403d-942c-0f794456bfd0,2025-12-15,CUST-911510,118.11,4606.29,2026-02-14,92.9,2025-08-26,0,2,20.36,1.04,25.98,Enterprise,3.76,-0.45,65.58,6.45,Enterprise,97.53,-9.83,3.58,0.18
9be0bd8d-2b4b-4512-bc9f-e16f49a0db47,2026-02-24,CUST-461562,66.6,1465.1999999999998,2025-11-19,147.2,2026-04-21,0,1,24.48,22.43,23.37,Basic,4.86,4.11,153.5,0.61,Postpaid,99.12,-3.28,6.78,0.15
9a757dd5-29d8-499f-90f2-0ecf5a0227a9,2026-01-07,CUST-812203,105.05,3991.9,2026-03-18,149.09,2026-07-02,0,1,0.78,11.31,44.73,Basic,0.15,7.66,77.02,7.74,Postpaid,95.51,-3.13,17.01,0.22
0d8ea8d9-e3af-4889-addf-34ecf1fbc0e4,2026-03-01,CUST-883419,94.29,3300.15,2026-04-15,72.25,2025-11-20,0,1,1.44,2.18,24.21,Enterprise,4,-3.58,175.18,6.36,Prepaid,100,-2.95,19.42,0.42
036cf90d-79a5-46ac-b6ce-53cf846034a9,2026-01-06,CUST-368917,63.16,1579,2025-12-13,159.27,2026-04-07,0,2,23.6,11.92,16.4,Family,2.88,6.9,94.58,1.73,Enterprise,97.65,-8.65,18.97,0.44
e526510f-1e81-4216-813e-58b6e2f11463,2026-04-12,CUST-361739,43.75,918.75,2025-11-18,153.2,2026-07-24,0,1,16.6,4.18,21.15,Family,1.31,-0.12,179.13,9.66,Enterprise,99.46,-1.19,4.74,0.45
ba06c9af-80ed-4cfc-ab45-2c2b8fe35ed3,2026-06-12,CUST-459784,26.83,1153.6899999999998,2025-09-22,85.79,2026-03-06,0,2,25.33,25.3,21.09,Premium,3.7,0.54,132.67,9.07,Postpaid,97.49,-7.27,6.72,0.46
91aa248a-804a-4bd2-bb0e-ba49d8972bb7,2025-12-23,CUST-754557,98.41,5609.37,2026-07-23,63.09,2025-08-25,0,1,15.59,10.35,38.66,Enterprise,4.93,6.12,151.75,5.9,Enterprise,96.27,-3.67,14.69,0.37
9dd75100-d8b5-491e-b919-1ee80c43642f,2026-07-15,CUST-378808,119.88,7192.799999999999,2026-07-10,194.74,2025-09-17,0,2,35.91,26.65,18.42,Premium,3.06,1.84,187.54,1.42,Prepaid,99.18,-8.86,19.84,0.43
7a6afe83-e932-4957-815f-9db47f1548b5,2025-08-17,CUST-885759,43.53,1741.2,2026-03-24,75.27,2025-12-08,5.82,1,32.95,11.88,13.92,Family,3.42,4.94,39.83,3.12,Enterprise,98.61,-9.21,9.79,0.21
af5bbaa9-c93f-463d-b497-700b48157a07,2025-08-18,CUST-946180,128.55,3342.3,2025-09-13,44.88,2026-03-20,0,2,39.79,11.51,11.92,Premium,2.5,-2.51,127.9,7.62,Postpaid,98.13,-9.97,9.65,0.32
fc768ddb-f6ff-4c8e-9209-6a5deb4f752f,2026-06-14,CUST-420542,37.24,595.84,2026-06-24,195.24,2025-11-08,0,1,12.43,21.14,36.08,Basic,3.47,-4.96,28.19,6.19,Prepaid,99.07,-2.94,13.73,0.37
c301a8fd-14ec-4320-83fc-e2d551b936d3,2026-01-16,CUST-182447,35.12,702.4,2025-12-20,112.58,2025-10-10,0,1,36.88,23.63,39.97,Basic,3.57,8.83,53.94,4.41,Prepaid,99.53,-8.56,10,0.46
59194d24-16fe-4885-b1c4-2796118a4cf5,2026-04-14,CUST-108582,102.63,6055.17,2025-12-20,33.36,2026-01-22,0,1,2.51,25.25,34.62,Family,2.34,6.49,47.99,0.14,Enterprise,95.56,-6.89,18,0.24
1b05ec0a-8fa6-40b0-a47b-4b38d4266b75,2025-11-27,CUST-385843,75.95,2734.2000000000003,2025-10-18,68.76,2025-09-30,0,2,25.55,16.2,10.77,Basic,2.7,5.96,26.93,3,Enterprise,96.51,-7.63,19.36,0.24
20d07731-d3c8-4d74-9753-a4c25c7910f4,2026-02-04,CUST-829886,105.26,1789.42,2025-09-24,95.95,2026-05-28,0,1,43.77,2.45,16.81,Family,0.57,0.83,194.07,7.86,Prepaid,98.46,-1.99,8.16,0.33
4349b7ee-18f3-45b4-9368-a3da084021b5,2026-02-18,CUST-178852,101.3,4355.9,2026-02-15,121.33,2025-07-25,0,2,29.27,20.12,15.22,Family,1.59,2.19,189.49,9.01,Postpaid,99.13,-4.19,7.72,0.39
52262fce-f8c1-4fb5-a275-ec8518095bcf,2025-10-24,CUST-868372,75.86,3034.4,2026-05-26,69.48,2026-05-02,7.76,1,30.32,1.5,31.39,Enterprise,1.12,7.7,136.2,4.33,Postpaid,97.83,-8.18,0.93,0.26
90d8af21-90f9-41f4-8b8e-7db34364f9d2,2025-08-02,CUST-876628,28.84,1413.16,2025-09-08,184.35,2025-11-05,0,1,42.23,3.7,20.1,Enterprise,4.37,-0.12,116.4,1.31,Prepaid,95.71,-6.87,4.1,0.25
4755a8d6-7472-4eeb-84be-fa175eb53a6a,2026-04-25,CUST-634068,65.8,3158.3999999999996,2025-08-08,180.86,2025-09-22,0,2,22.44,4.04,19.88,Premium,2.93,-2.09,44.84,8.49,Postpaid,100,-9,9.73,0.47
b619f8ca-1696-43dd-9d5d-aeb495bfaeea,2026-05-03,CUST-115904,79.53,1272.48,2025-12-13,148.54,2026-01-24,0,2,17.74,1.59,12.32,Enterprise,0.58,1.95,144.05,2.9,Postpaid,98.91,-8.48,4.35,0.47
8a44eb5d-bb43-4a50-892d-d4b0a81b9a3c,2025-08-05,CUST-637615,53.64,965.52,2026-02-12,60.54,2026-06-05,0,1,5.58,27.82,37.58,Basic,2.64,1.73,56.69,7.1,Postpaid,96.47,-1.23,17.49,0.34
4c25f1fa-0871-426b-9c35-9b2e669bbff7,2025-11-16,CUST-188679,87.92,1846.32,2025-12-09,134.54,2025-12-19,49.47,0,0.76,17.03,24.76,Enterprise,0.68,-1.16,25.47,2.29,Prepaid,95.75,-4.69,0.98,0.23
97001f21-424a-4a4f-ac06-2a257512b30e,2026-07-14,CUST-491283,88.55,3807.65,2026-07-15,119,2026-04-27,0,2,16.04,1.8,42.58,Enterprise,3.47,7.23,92.1,9.05,Postpaid,96.41,-2.57,2.66,0.44
3677ed2a-f057-4b30-af1f-38c6571ac6df,2025-07-25,CUST-600264,116.27,6859.929999999999,2025-10-13,173.17,2025-10-31,0,1,30.35,26.29,22.9,Family,3.09,-1.77,37.99,5.39,Prepaid,99.81,-6.17,8.48,0.21
16dc96af-c8a0-424b-a55e-9874042f0f15,2025-08-28,CUST-386236,73.48,1102.2,2026-06-11,104.85,2026-01-14,0,0,17.18,29.04,35.54,Family,2.01,4.44,37.28,0.2,Prepaid,98.22,-9.95,8.14,0.3
aa39cf94-cc56-4a2e-9779-35c3190bad5e,2026-02-16,CUST-446886,42.95,1159.65,2026-02-07,50.91,2026-06-28,0,1,43.63,1.6,27.03,Family,0.38,-1.69,45.94,4.32,Enterprise,98.52,-7.64,5.45,0.41
aba6c274-1fe7-4bf0-a2ab-0b1b08b837a6,2025-12-25,CUST-812739,62.04,2047.32,2026-02-26,190.04,2026-07-10,0,0,41.31,29.75,12.52,Premium,2.7,1.68,178.48,3.87,Postpaid,97.01,-8.04,6.25,0.37
1e36ebd3-3330-4d76-a3a9-569c6a74b291,2026-05-12,CUST-603899,72.67,1017.38,2025-10-18,114.47,2025-07-24,32.46,1,15.91,2.29,38.83,Family,4.31,7.83,132.49,7.65,Enterprise,95.78,-6.95,8.3,0.31
e607c2f8-1d72-47ed-b6d5-4b1da0558699,2026-01-11,CUST-380402,84.43,2195.1800000000003,2025-10-11,112.15,2026-01-20,0,1,30.64,15.42,28.85,Family,1.18,-0.99,109.36,6.12,Enterprise,98.48,-7.46,17.19,0.2
26a7efd4-7622-434a-a880-62613149951e,2025-08-31,CUST-176512,145.54,6840.379999999999,2025-12-11,109.05,2026-06-09,0,2,37.94,10.95,35.54,Family,0.88,8.62,167.42,8.19,Enterprise,97.55,-9.87,0.55,0.44
456f8088-ef37-4dc6-bd6b-ecb9596bc727,2026-05-02,CUST-483010,88.57,3365.66,2025-10-21,85.18,2026-01-31,0,1,7.88,7.55,19.27,Family,1.28,-1.23,137.76,7.96,Enterprise,95.47,-2.25,9.4,0.35
00c0e351-3c54-4133-9869-cbca95de83b5,2026-05-08,CUST-457589,78.28,2113.56,2026-05-12,89,2025-09-10,0,2,27.09,12.28,25.5,Basic,2.37,-3.16,84.9,2,Prepaid,96.45,-6.33,8.79,0.19
0e84561a-be34-457a-a5b7-3078897e80d9,2026-04-23,CUST-340136,114.55,5498.4,2025-08-02,54.47,2025-10-16,0,0,15.75,11.88,23.95,Enterprise,0.34,1.5,110.44,0.72,Postpaid,97.17,-8.61,13.21,0.46
1c3d934d-299f-4ff9-8dce-08277de1a574,2025-11-29,CUST-771417,67.95,2378.25,2026-02-07,31.45,2026-07-19,0,1,42.82,10.74,37.52,Enterprise,0.24,3.2,179.41,0.27,Prepaid,99.08,-8.37,3.95,0.45
a0ad23ba-be95-4b2a-8278-d1ef2c3f7e2e,2025-09-30,CUST-363216,131.12,1835.68,2026-06-07,102.15,2025-08-23,43.37,0,35.98,22.99,40.78,Premium,0.62,7.49,165.64,4.5,Enterprise,96.46,-0.8,11.46,0.4
f1b8e0ab-2a90-4e71-a448-4e9875517139,2026-01-05,CUST-240514,45.93,1515.69,2026-02-22,186.34,2025-11-18,0,1,48.96,11.18,47.69,Enterprise,1.04,9.22,69.81,4.84,Enterprise,98.45,-8.4,8.1,0.3
d2e3c6b3-f921-49a0-89ff-74398448d53f,2025-11-07,CUST-669946,66.52,3791.64,2025-10-17,48.96,2025-12-08,19.16,2,24.42,10.4,46.49,Premium,1.96,-1.27,175.17,9.15,Postpaid,97.4,-7.6,6.6,0.46
1611b151-0352-4114-9138-d2741c07a6db,2026-01-08,CUST-934484,96.57,1931.3999999999999,2026-03-20,72.72,2026-02-01,0,0,11.65,10.62,32.82,Premium,4.41,-1.54,110.77,5.81,Postpaid,96.99,-1.17,14.85,0.33
07696fa3-767e-42e4-9255-adddd036e77a,2026-04-24,CUST-357674,54.38,1957.68,2026-04-29,26.93,2025-10-21,0,2,43.52,28.48,31.08,Premium,1.64,7.93,166.57,7.36,Prepaid,96.95,-1.27,14.34,0.32
f278fe24-a80b-4e9f-9513-61fbf2a44e7c,2025-10-07,CUST-382598,126.73,1774.22,2025-11-04,20.04,2026-03-15,0,0,22.52,11.1,15.16,Premium,0.33,-0.11,78.93,5.67,Postpaid,99.34,-6.52,15.22,0.5
49cdc077-095f-4638-aebb-637327c21c41,2026-07-13,CUST-109032,51.25,2357.5,2026-03-07,128.02,2026-03-13,0,1,2.57,4.88,35.13,Enterprise,3.49,2.34,161.92,1.5,Postpaid,95.71,-7.53,0.86,0.27
e9263826-e330-439b-b087-be1e13922216,2025-12-18,CUST-769463,109.1,5127.7,2026-04-23,189.6,2025-09-02,0,0,25.71,6.64,13.3,Family,3.21,0.94,112.59,5.15,Postpaid,99.51,-8.6,17.49,0.1
6f60e465-7dc6-4148-9e8c-5af688987755,2026-06-22,CUST-283934,120.74,2173.3199999999997,2025-09-20,79.56,2025-08-15,47.09,2,14.48,17.38,26.47,Family,0.56,7.44,117.8,3.75,Enterprise,96.05,-1.67,14.84,0.14
d8a4d4d3-1cc9-4e92-8c22-5f1f1e350d2d,2025-10-14,CUST-484543,51.58,2217.94,2026-05-04,99.67,2025-12-16,0,1,2.68,1.49,27.57,Basic,3.03,7.84,72.5,5.64,Prepaid,97.13,-8.59,4.29,0.37
03e78238-e0d3-4983-8e02-cb6364968acb,2026-04-14,CUST-366455,85.62,3767.28,2026-06-23,32.74,2026-03-27,0,2,7.97,6.44,25.28,Enterprise,2.57,9.04,29.78,1.64,Postpaid,96.12,-2.82,3.67,0.2
d3ef2711-9525-49c5-9db2-8a2efa950d5e,2026-05-11,CUST-941250,28.13,984.55,2025-12-12,26.14,2026-07-04,0,1,34.5,3.03,31.35,Basic,4.86,1.42,146,1.46,Enterprise,98.74,-9.35,0.71,0.23
2c6bec7f-c29a-4c6f-8b9e-da04afd170f9,2026-07-07,CUST-998711,122.34,3058.5,2026-05-29,35.34,2026-04-19,16.25,1,21.13,12.1,43.38,Family,3.34,2.84,196.69,6.53,Enterprise,98.26,-1.99,0.22,0.13
386e3840-412b-44c1-a965-a8afb21a9fec,2026-04-25,CUST-691652,69.05,2762,2026-06-18,183.18,2026-07-13,0,0,36.55,8.13,34.38,Premium,0.4,9.6,183.41,8.5,Prepaid,95.24,-5.66,10.91,0.25
7a22cfcf-1e17-4a98-8f3c-e799a7f3d443,2026-03-20,CUST-792071,41.11,945.53,2025-11-26,97.99,2026-05-21,0,2,4.44,20.21,24.8,Family,4.11,5.09,137.65,3.85,Enterprise,95.75,-4.69,6.09,0.26
25220e6d-d075-44ba-a206-f8600b732471,2026-04-01,CUST-617019,58.07,1161.4,2025-10-12,145.89,2025-12-26,0,1,22.42,16.05,29.39,Family,2.99,2.38,54.22,7.7,Prepaid,98.57,-8.93,1.51,0.11
4fdc29cb-b265-47ce-ac44-305288328d1e,2026-04-01,CUST-805087,60.93,1584.18,2025-12-09,127.71,2025-09-26,0,0,37.51,24.97,47.03,Family,0.3,5.71,170.01,6.32,Enterprise,97.23,-8.72,9.34,0.28
9f45dd33-4d8b-4bb7-b87c-5114cb567d57,2025-09-05,CUST-372975,23.04,852.48,2025-09-17,193.53,2025-09-21,0,1,13.46,5.53,39.05,Family,3.18,-1.9,148.2,2.72,Enterprise,97.42,-5.97,4.54,0.35
e774d32f-6690-43a5-9394-11f7098a7ca6,2025-08-20,CUST-966769,93.63,1872.6,2025-11-20,168.01,2025-11-30,0,0,36.31,16.8,37.78,Premium,1.08,-0.75,177.1,1.7,Enterprise,96.95,-7.79,7.99,0.36
0559120b-919f-4e0b-af75-ee939e8c869e,2026-04-21,CUST-566608,45.06,2478.3,2025-11-20,23.53,2026-03-17,0,0,7.1,27.57,35.67,Enterprise,2.74,9.53,157.04,7.59,Enterprise,95.35,-5.37,17.04,0.1
1c11282b-633c-4d68-b303-1e7b190acd79,2026-02-03,CUST-802412,56.68,1133.6,2026-06-30,120.62,2025-08-17,0,0,28,11.63,21.39,Basic,2.1,-3.74,138.74,8.93,Prepaid,98.83,-9.94,19.82,0.47
992db989-d966-4b3a-b1f7-3273c5a1514c,2025-08-05,CUST-856924,27.13,976.68,2025-11-24,111.69,2025-08-29,0,0,24.21,12.74,45.78,Premium,4.12,3.4,30.27,6.9,Prepaid,99.25,-0.75,8.64,0.39
a5f40349-1c08-4ac7-82f3-89b153784201,2026-05-08,CUST-436871,100.86,5648.16,2026-04-14,161.04,2026-05-14,0,1,13.35,11.45,31.6,Enterprise,0.75,-2.01,187.82,8.5,Prepaid,97.96,-9.87,11.3,0.26
4be2c025-77b2-4c2c-8419-dc8f831bc3f5,2026-05-13,CUST-329272,94.44,2455.44,2025-12-03,169.61,2025-10-01,0,0,10.37,13.72,41.76,Enterprise,1.11,5.96,71.35,0.77,Postpaid,99.65,-1.88,2.65,0.19
91d31c7c-aa76-4e39-bbc7-85a01773207d,2026-04-06,CUST-395789,79.05,2845.7999999999997,2025-09-24,43.23,2026-06-24,0,1,24.64,14.26,11.11,Basic,1.81,7.79,82.01,0.23,Postpaid,96.08,-3.83,15.89,0.32
14470866-5949-4740-ba0d-145c1eb39a80,2026-07-03,CUST-111188,33.82,574.94,2025-11-07,129.61,2026-03-08,0,0,31.78,5.34,41.05,Basic,3.94,5.28,108.59,4.95,Postpaid,99.1,-2.74,17.54,0.17
1d5d710a-deb8-4ebb-b14d-c48d7ba1f062,2025-12-18,CUST-775223,114.04,5017.76,2025-08-06,161.25,2025-09-15,12.12,1,16.63,0.85,43.63,Premium,4.43,3.47,168.35,3.52,Enterprise,96.28,-6.34,19.04,0.14
157bea2e-2369-405d-8759-7d4ff31b562c,2026-04-03,CUST-857536,108.02,3564.66,2026-01-28,181.99,2026-06-13,0,2,46.41,15.61,27.19,Premium,2.94,1.9,188.91,0.55,Prepaid,98.2,-0.61,13.01,0.38
d3258f66-0a21-4ed6-8593-dc178adde34e,2026-01-29,CUST-933363,67.05,1877.3999999999999,2025-11-04,190.13,2025-10-09,0,1,0.95,0.84,30.06,Enterprise,4.54,-3.23,188.37,9.92,Postpaid,99.84,-8.51,12.51,0.16
f6192586-1ee5-487e-874b-d76d3193ffa8,2026-06-15,CUST-601746,82.81,4637.360000000001,2026-07-23,145.36,2026-01-21,0,1,47.33,13.29,39.39,Basic,3.4,0.68,186.88,9.74,Prepaid,96.81,-7,17.54,0.41
9d81a77b-1ac3-48b5-a8eb-fb51b3d59e24,2026-04-10,CUST-406501,131.67,1580.04,2025-08-20,98.54,2025-11-26,0,0,33.06,18.45,26.67,Premium,1.72,-4.65,96.13,6.21,Enterprise,95.01,-4.47,2.45,0.27
eaaf3785-94f6-41a4-aa4a-4bbe90315f69,2026-05-30,CUST-542483,75.94,2506.02,2025-12-03,166.76,2026-03-03,0,1,47.18,6.45,12.55,Premium,4.51,4.09,30.1,4.07,Enterprise,97.84,-2.27,9.69,0.29
401515a3-029e-4672-b0c4-412714094e31,2026-02-22,CUST-592737,45.35,1224.45,2025-11-15,94.75,2026-07-03,0,2,47.86,19.89,43.15,Enterprise,3.38,-3.24,107.49,6.36,Prepaid,97.26,-3.63,19.58,0.31
2b155854-6419-480d-a665-c521b029dae5,2025-07-31,CUST-428264,80.58,3142.62,2026-03-27,143.91,2026-06-13,0,2,28.26,25.03,14.55,Basic,0.2,-0.27,90.19,7.77,Prepaid,99.1,-3.96,17.54,0.34
fa84e6f3-24c2-4258-9650-6c903772c706,2026-03-08,CUST-801153,76.85,3611.95,2026-04-25,72.15,2026-03-11,14.76,0,19.32,4.35,47.81,Enterprise,0.95,9.21,95.61,2.59,Postpaid,97.2,-2.39,17.06,0.28
0ecc615b-5812-45c7-a38d-ec878e10b5b3,2026-01-13,CUST-776425,26.24,1075.84,2026-05-29,78.44,2026-05-25,0,1,4.84,20.33,17.61,Enterprise,4.77,7.57,25.2,6.32,Enterprise,97.14,-4.11,13.66,0.39
57497457-822c-4fd4-980f-bdb0b787e5e6,2025-10-18,CUST-559969,97.52,5266.08,2026-01-25,51.14,2026-06-01,0,1,41.42,13.26,30.86,Basic,4.16,-4.03,158.55,9.61,Enterprise,97.01,-4.88,15.42,0.17
49ae5f34-0682-4266-89cb-96d4a4fda08d,2026-04-21,CUST-765075,118.77,3681.87,2025-07-29,172.23,2025-09-29,0,1,42.04,10.85,23.75,Enterprise,1.13,0.82,199.83,0.71,Postpaid,98.23,-9.88,3.35,0.12
0ce75077-a397-4942-a2f1-fa5f63278e30,2026-04-01,CUST-445875,61.12,2200.3199999999997,2026-07-09,115.19,2026-01-29,0,0,30.89,16.85,45.46,Family,2.58,-4.29,172.22,8.7,Prepaid,98.42,-7.95,0.4,0.24
d7dfcb8d-2508-4d25-820f-3766518b11ec,2026-04-10,CUST-973119,99.74,4887.259999999999,2026-04-30,70.84,2025-10-24,0,2,11.37,14.44,25.99,Enterprise,1.33,7.74,169.07,2.48,Postpaid,99.66,-3.86,6.38,0.28
9db6ecf9-49aa-483e-b0fe-4848308b5354,2025-11-04,CUST-669162,118.2,5673.6,2026-06-21,186.52,2026-06-07,23.9,1,47.3,7.03,31.66,Premium,4.36,5.72,51.84,2,Prepaid,97.35,-7.58,10.61,0.41
63d9fe3d-2ece-4e11-855d-13eee6242269,2026-07-01,CUST-399988,43.09,1163.43,2026-02-16,100.07,2025-12-18,0,0,29.51,8.78,25.94,Basic,4.48,5.39,77.9,7.28,Prepaid,99.58,-4.64,9.65,0.12
c95daeab-29f2-45f3-ba7f-cd9d0ab8182c,2026-03-22,CUST-539875,22.73,386.41,2025-11-02,63.09,2026-06-18,0,0,45.19,12.28,14.68,Basic,4.46,-2.94,185.42,3.66,Postpaid,99.06,-3.13,17.85,0.12
4babbaa8-7e96-445f-90fd-7e37435caafd,2026-07-11,CUST-433383,40.11,1403.85,2025-10-04,172.12,2026-05-16,0,0,17.57,27.58,33.54,Basic,0.54,4.71,177.32,9.48,Enterprise,96.93,-1.48,1.24,0.26
12717d88-7748-4c66-afed-2a87e08055f1,2025-10-12,CUST-311536,71.88,3306.4799999999996,2026-02-09,109.11,2026-06-01,0,1,39.07,1.05,35.56,Family,3.24,-0.66,105.66,3.31,Prepaid,96.83,-3.26,5.33,0.13
015227ca-ee3a-4bc4-add6-1a219469168c,2025-12-29,CUST-190281,48.52,1358.5600000000002,2026-06-01,36.68,2026-07-02,0,1,19.74,9.99,41.42,Premium,3.02,-4.38,140.83,0.81,Enterprise,95.77,-7.28,7.1,0.14
68ac4897-048b-493d-a60b-30dd161f8519,2025-12-18,CUST-818438,119.9,2637.8,2026-05-01,49.68,2026-06-11,0,2,10.32,6.29,17.65,Premium,4.48,1.05,127.53,1.41,Postpaid,95.29,-1.54,12.06,0.47
faacb868-2207-4e63-a500-1c46cabff156,2026-05-28,CUST-703503,89.17,3031.78,2025-10-26,65.54,2026-01-29,0,0,39.98,3.39,32.44,Enterprise,2.58,-1.08,90.45,1.81,Enterprise,95.49,-0.39,4.58,0.19
ac4cbfbf-2e14-496f-a23c-69556ef1980a,2026-04-05,CUST-762488,122.25,5745.75,2025-11-07,52.76,2026-02-26,0,2,25.94,12.67,23.52,Premium,3.76,-2.13,137.54,6.65,Enterprise,99.46,-9.36,16.69,0.1
dd336e13-d443-4a04-88e3-6cd9b140e46e,2026-04-04,CUST-767884,148.55,6833.3,2025-10-03,55.17,2025-10-19,0,1,43.05,22.95,36.32,Basic,3.89,8.51,67.45,3.11,Postpaid,99.74,-5.18,8.95,0.43
54744b47-21db-4de3-a031-d30487db99ac,2026-02-15,CUST-425100,141.77,5670.8,2025-12-26,186.22,2025-09-14,0,1,21.33,24.9,27.86,Enterprise,4.9,3.89,34.36,2.75,Prepaid,96.23,-7.11,17.11,0.4
91c26199-7faf-4b79-8147-78690d8c589a,2025-09-08,CUST-403996,104.13,1353.69,2026-01-30,195.52,2025-08-30,0,2,35.15,27.8,27.23,Basic,3.21,6.61,86.41,8.11,Enterprise,96.21,-6.48,5.96,0.41
2e862edd-9eea-41cc-96bc-fabed1b0bf74,2026-03-23,CUST-973341,53.67,1556.43,2026-02-22,147.04,2026-05-03,0,1,26.36,25.97,12.97,Premium,2.53,5.43,46.41,5.27,Postpaid,98.33,-9.59,12.27,0.3
502c9c00-d740-4ffd-a7d0-8f43ede898ef,2026-06-11,CUST-171543,78.3,3053.7,2026-05-27,51,2026-01-05,0,1,35.29,14.27,48.85,Basic,4.3,1.47,152.25,1.16,Postpaid,95.08,-8.32,13.41,0.5
c6d41c9a-3176-4b6d-81ad-36b8f9d75375,2026-05-21,CUST-436486,29.1,873,2026-03-20,194.15,2026-06-01,14.17,1,34.63,10.71,38.43,Premium,1.03,4.27,76.2,7.03,Enterprise,98.72,-7.63,18.64,0.32
0210a4d5-7f85-48af-b505-ffb1f3ee3e18,2025-11-24,CUST-395811,67.45,1956.0500000000002,2025-10-20,189.95,2026-04-24,0,2,4.31,3.73,13.07,Basic,0.69,0.85,163.51,0.95,Enterprise,98.33,-3.72,7.5,0.24
5b48a2da-4024-4079-9ba7-a34a27f241ec,2026-04-23,CUST-959560,38.03,494.39,2026-06-15,138.3,2026-01-22,49.27,0,9.61,16.53,21.38,Enterprise,2.7,8.24,34.92,5.91,Prepaid,99.11,-1.38,17.91,0.46
d57e93bc-3bb5-497e-af00-2504ffdb7f0d,2025-10-30,CUST-598832,73.65,1620.3000000000002,2026-02-27,24.53,2026-05-29,0,0,20.8,22.21,20.36,Enterprise,1.21,4.74,49.54,5.75,Enterprise,99.71,-4.12,2.73,0.45
5d062067-0e2e-4e01-85a2-706274bb76c6,2025-11-26,CUST-156777,101.55,4975.95,2025-09-17,42.99,2025-12-11,0,1,40.98,26.38,28.43,Premium,0.63,2.85,31.85,0.69,Enterprise,98.75,-7.28,10.86,0.36
346d3789-8777-4ad1-858a-9c5a9c2ac128,2025-08-21,CUST-471884,139.42,1673.04,2025-12-29,32.85,2026-02-08,0,1,10.95,26.98,28.58,Enterprise,3.99,-1.9,174.61,4.49,Prepaid,96.31,-5.54,9.85,0.3
6f3cbeb4-2f87-4b21-bf9d-450a3d2e14ff,2026-04-30,CUST-275599,123.13,4432.68,2026-01-05,103.78,2026-01-22,25.43,0,17.97,17.26,22.05,Family,2.14,-0.2,108.33,2.78,Prepaid,97.07,-7.06,5.6,0.45
43b49332-8548-4b93-a168-412f3574ab8e,2026-03-08,CUST-535173,67.24,3765.4399999999996,2026-04-13,165.49,2025-10-10,0,1,15.68,0.76,33.94,Family,4.48,-3.14,157.05,1.28,Postpaid,98.49,-7.32,19.23,0.48
122a58f4-6203-47c8-8caf-831c78867323,2026-03-12,CUST-725176,72.17,3897.1800000000003,2026-03-08,20.9,2025-08-17,0,1,19.84,4.66,40.51,Basic,1.87,-3.1,110,5.67,Prepaid,97.34,-3.72,0.99,0.1
0feba3f3-7545-4e80-896d-94e23537e7bc,2026-03-28,CUST-524466,145.68,5390.16,2026-07-12,108.21,2025-10-23,0,0,39.09,8.8,19.36,Premium,2.82,-2.63,191.32,2.64,Prepaid,98.69,-0.92,3.91,0.32
73f38ec9-a711-4fd9-882c-9ae9857f7df4,2026-06-15,CUST-582162,53.39,1868.65,2026-07-21,27.02,2025-11-04,45.31,1,12.19,0.04,33.07,Premium,4.14,3.15,175.42,0.5,Postpaid,97.33,-3.81,12.03,0.33
e755eb16-2e75-4904-8887-910a7fffad89,2026-01-10,CUST-844287,67.66,3856.62,2026-01-22,138.95,2026-02-19,0,2,12.52,26.64,36.39,Basic,3.12,9.47,114.43,9.65,Postpaid,97.57,-0.55,13.9,0.13
594965b2-ffe0-46bb-9d01-9c912bb08826,2025-10-13,CUST-870486,128.54,5013.0599999999995,2026-03-11,83.6,2025-11-17,0,2,43.1,12.87,42.37,Family,2.14,3.66,126.12,5.01,Postpaid,98.54,-8.93,8.96,0.33
8654942e-0a03-414f-8839-ec228b0fcc31,2026-04-24,CUST-960186,106.46,3406.72,2025-11-21,157.33,2026-01-28,0,2,43.25,26.33,31.39,Basic,1.91,-3.1,149.57,8.46,Postpaid,99.83,-3.26,14.28,0.4
303e0c74-9b1d-4f1b-a237-2e97ec90bc23,2026-07-11,CUST-661367,91.85,4041.3999999999996,2026-05-19,186.37,2026-05-21,0,2,11.97,5.42,17.72,Enterprise,4.66,2.25,31.6,1.48,Prepaid,99.47,-2.06,5.84,0.46
70b93a22-84b2-4244-b1e0-31bc3e317794,2025-10-10,CUST-756735,56,1288,2026-03-01,149.6,2026-02-26,0,1,17.32,5.62,32.66,Family,2.51,9.12,144.01,7.71,Enterprise,97.85,-6.72,6.75,0.2
3d498df4-ce27-4346-8f59-924c4a648c82,2026-07-06,CUST-144940,133.76,3745.2799999999997,2025-11-22,173.37,2026-05-18,6.89,1,37.74,12.34,45.68,Premium,3.64,9.76,55.63,6.16,Enterprise,97.84,-9.77,15.19,0.49
376af149-54dd-41a1-acd8-b3c522aa2572,2026-02-10,CUST-255110,45.36,816.48,2026-05-14,108.3,2026-07-01,0,2,11.77,6.14,30.14,Family,3.12,-4.42,90.06,9.19,Enterprise,96.83,-7.9,5.7,0.44
42b2f3c5-ae63-405c-aba3-95ed24e1567a,2026-07-14,CUST-552260,95.5,2674,2026-04-30,77.9,2026-02-05,12.87,1,30.69,0.86,27.88,Premium,3.85,6.65,116.47,2.92,Postpaid,97.92,-7.4,16.96,0.44
909e05b3-3e49-4f50-87df-cfdbf56ea04c,2025-08-02,CUST-388551,33.71,674.2,2025-08-07,170.65,2025-10-11,0,1,36.01,2.95,15.03,Family,2.84,-3.12,87.78,8.27,Postpaid,98.92,-9.52,15.49,0.22
68f9f060-4a01-4e11-b449-66555a2c96b5,2026-02-01,CUST-573140,83.01,3818.46,2025-10-09,160.76,2026-05-10,0,2,21.92,6.52,22.35,Premium,2.57,-4.43,174.37,6.77,Enterprise,96.76,-8.42,7.35,0.18
f5bc523d-60ce-4037-9e0d-faeb6cad80fa,2025-10-17,CUST-100729,140.26,6171.44,2026-02-01,67.1,2026-01-19,47.42,1,2.23,23.86,33.17,Family,3.24,4.45,179.11,3.87,Prepaid,97.43,-6.55,6.91,0.46
2516239f-379a-4a16-9de8-b16901cd2e0f,2025-11-20,CUST-903726,70.46,4157.139999999999,2026-04-21,187.98,2025-10-10,0,0,49.26,26.09,31.89,Enterprise,2.99,0.66,187.88,4.48,Enterprise,96.78,-9.5,0.83,0.26
73abe507-786c-44b0-9b4b-d60344396e31,2025-08-27,CUST-942760,52.24,2141.84,2026-02-08,168.17,2026-06-07,14.45,1,37.7,2.59,32.85,Premium,3.7,6.59,63.56,9.13,Prepaid,99.09,-9.23,6.83,0.28
14775c67-99b8-4ad3-89e8-251949da2580,2026-03-25,CUST-426104,127.98,6015.06,2026-05-09,174.05,2026-03-16,0,1,11.38,24.24,16.56,Premium,4.36,9.08,66.7,8,Enterprise,95.18,-1.96,17.95,0.2
2bb7c904-2b82-4c35-8528-eeb013276078,2026-07-08,CUST-672541,47.93,2875.8,2026-07-24,73.86,2025-12-21,0,1,10.88,20.14,43.99,Premium,3.05,3.99,121.12,1.53,Enterprise,97.67,-1.57,7.55,0.5
f930583b-f498-4ca1-87db-54fa754d1348,2025-07-30,CUST-768667,133.83,7226.820000000001,2026-03-19,39.6,2026-02-09,0,0,48.18,25.08,34.23,Enterprise,0.54,-2.67,74.66,0.89,Postpaid,96.28,-1.48,4.67,0.31
acc83f3a-faea-4a88-8a53-f8dd48dc2432,2026-01-20,CUST-222775,68.14,2930.02,2026-02-22,76.22,2025-08-08,0,2,28.93,24.48,32.06,Family,1.21,1.06,137.2,8.28,Enterprise,99.96,-0.13,15.54,0.41
ab0f6dc5-2676-4ab0-9f80-bac5b21b2ddb,2026-05-18,CUST-270814,103.69,5288.19,2026-07-02,93.25,2026-07-18,0,1,7.03,15.92,32.42,Enterprise,3.78,0.13,162.03,6.7,Prepaid,98.66,-6,14.14,0.28
690e3042-cf02-442f-a298-34995f0011ff,2025-09-22,CUST-490879,69.33,2079.9,2026-01-06,173.78,2025-10-30,0,0,43.96,25.33,35.52,Family,3.18,-3.81,101.76,5.84,Prepaid,99.43,-1.25,11.35,0.33
b34b0a29-dacf-492a-ae1e-4a2d7007f697,2025-09-08,CUST-279499,111.01,2331.21,2025-11-21,39.59,2026-07-14,0,0,1.07,25.67,17.77,Enterprise,4.55,-3.51,189,3.96,Enterprise,97.6,-8.46,4.84,0.13
d95638b0-9ac5-4531-81ab-360e9b7efd1a,2025-11-29,CUST-448344,90.33,3251.88,2025-11-28,55.28,2026-06-30,0,1,32.21,19.3,40.98,Family,4.88,-0.77,97.21,4.09,Prepaid,95.85,-7.95,14.04,0.39
ab6f4038-9b4e-4f4c-9e01-e49ec87486fa,2026-01-13,CUST-712319,50.47,2624.44,2025-11-16,92.76,2025-10-05,0,1,15.82,5.43,10.65,Family,3.52,1.22,45.2,7.91,Postpaid,96.71,-3.68,16.03,0.48
406b4ab9-149e-45d0-9ec4-70c550e517dd,2026-01-20,CUST-365049,33.88,542.08,2025-08-24,150.48,2026-03-25,0,1,23.09,14.06,48.99,Premium,2.48,-1.34,93.46,0.98,Postpaid,95.19,-2.78,2.74,0.25
477cdb93-eff0-46bb-9483-335f325ee110,2025-10-22,CUST-704305,52.96,847.36,2026-01-09,124.84,2026-03-05,26.49,1,16.24,26.3,32.13,Enterprise,4.28,9.56,195.4,6.11,Prepaid,98.76,-1.21,5.32,0.2
1a8b6914-445d-492f-80a1-8a88ee05d2a5,2026-04-20,CUST-961651,55.58,2223.2,2025-10-09,106.35,2026-02-25,10.72,1,44.35,24.18,27.57,Enterprise,1.71,-1.46,116.43,6.59,Prepaid,95.5,-1.87,19.23,0.4
f3efa763-40d2-494c-b17c-187cf9e69265,2026-07-05,CUST-290160,20.47,962.0899999999999,2025-09-06,78.16,2026-06-24,0,1,30.26,7.84,33.04,Premium,0.11,2.26,25.59,2.74,Prepaid,95.09,-6.15,13.66,0.32
9ab34158-efe2-449e-a8ee-3ed0be2e2c95,2025-10-29,CUST-549419,26.74,1417.22,2025-12-16,126.56,2026-02-06,0,2,24.09,4.1,21.19,Basic,4.36,9.5,145.25,7.17,Enterprise,97.57,-3.59,12.01,0.17
48f59631-f468-42e6-b651-af8d837db19a,2026-05-29,CUST-993427,42.43,1315.33,2025-11-06,155.45,2026-03-26,49.86,1,17.16,22.75,39.09,Family,4.2,1.57,89.9,0.61,Prepaid,98.42,-6.12,4.25,0.38
ba32c510-73bc-4c18-93e4-c7b7cbc83622,2026-04-16,CUST-849145,55.21,2650.08,2025-12-10,42.07,2026-06-06,39.42,0,15.24,22.4,38.27,Enterprise,1.74,3.76,60.18,1.6,Prepaid,98.53,-4.53,18.12,0.41
eb62397b-8f06-45d0-a6e1-0002e132649f,2026-06-12,CUST-829251,133.44,4937.28,2026-03-05,42.38,2026-02-07,0,1,24.24,27.33,41.64,Family,2.52,-0.85,122.35,3.17,Postpaid,98.26,-1.89,10.12,0.38
76e6eaa8-514c-4448-9988-64ed33753943,2026-04-30,CUST-915096,120.68,5913.320000000001,2025-12-19,76.2,2025-11-08,0,2,10.76,9.89,34.91,Basic,1.39,9.34,56.38,8.13,Prepaid,99.3,-6.14,19.83,0.28
c3058f4e-e7a3-4e9c-9bea-21ad1b848d44,2026-07-19,CUST-425212,137.68,6746.320000000001,2025-10-19,149.18,2026-06-24,0,0,18.08,26.11,14.53,Enterprise,1.81,-2.36,31.78,6.32,Postpaid,96,-6.72,9.75,0.25
29984542-9120-45a1-8fde-524276443adb,2025-08-12,CUST-743058,94.27,2262.48,2025-08-10,135.89,2026-01-03,0,1,18.44,24.18,27.33,Basic,1.43,1.74,145.95,1.12,Postpaid,95.27,-9.97,17.93,0.39
7dd31d5b-7c7f-443c-b2f3-35ecc2143b1b,2025-09-13,CUST-861285,66.1,3371.1,2026-01-24,166.33,2026-01-02,7.66,0,35.84,12.74,21.59,Premium,4.34,-0.86,62.08,2.86,Postpaid,97.76,-7.9,18.61,0.1
ef67dfef-b973-4c32-8fa8-1c1d70de60ab,2026-04-14,CUST-428921,109.6,6466.4,2026-02-17,84.85,2026-02-04,25.14,0,12.06,23.11,11.4,Enterprise,2.74,-4.7,162.67,0.17,Postpaid,96.73,-8.99,6.18,0.18
6ab03fcc-519c-403d-b351-44849891a61d,2025-12-18,CUST-505450,98.34,2163.48,2026-05-28,196.92,2025-08-19,0,1,4.9,7.71,19.27,Basic,2.26,5.52,66.36,3.94,Postpaid,95.49,-2.98,18.34,0.45
c8f3cffa-bb2d-4bca-ab4b-14f7e72f474f,2026-07-06,CUST-613321,137.69,2478.42,2026-02-25,27,2026-06-27,0,2,22.72,21,28.07,Basic,4.58,0.18,108.29,2.48,Postpaid,97.28,-2.51,2.4,0.17
1d9739ac-e1ba-4746-893d-933b65af12c1,2026-04-22,CUST-967946,137.72,4131.6,2025-09-14,180.79,2026-06-26,0,1,26.43,11.22,22.52,Enterprise,2.57,-1.4,66.21,3.6,Enterprise,98.39,-8.67,3.19,0.48
38e56f2d-7458-4a7e-b636-64b06cb0b21a,2026-07-09,CUST-550286,75.06,1426.14,2026-06-09,55.41,2025-08-15,0,0,42.34,4.35,12.14,Basic,1.82,-4.18,73.46,1.1,Prepaid,96.33,-3.77,10.54,0.24
6ddfda61-ddcb-4804-a4a7-d37079dec0f1,2025-09-09,CUST-570231,74.79,1421.0100000000002,2026-02-28,119.9,2026-06-27,0,0,18.79,17.44,28.74,Family,1.58,4.49,104.96,5.99,Prepaid,97.01,-2.91,7.3,0.2
cc8829dc-9f50-4aef-91fc-afa479e40d4e,2026-02-22,CUST-506163,96.91,3294.94,2025-12-03,99.63,2026-02-16,0,0,11.18,17.48,18.67,Premium,1.92,3.85,100.68,5.62,Prepaid,96.77,-5.88,18.19,0.32
b21c85fc-2d54-47ed-a81d-e634dd8c7ee6,2026-05-14,CUST-583280,64.38,3090.24,2026-03-12,86.19,2026-02-10,0,1,41.62,28.22,28.03,Enterprise,4.12,-0.54,31.39,6.61,Enterprise,95.15,-4.2,9.47,0.14
d79325b3-323f-4ee6-94fd-1fb41baf40c9,2026-03-17,CUST-625969,86.96,3652.3199999999997,2025-11-10,74.78,2026-01-22,0,1,13.41,16.82,10.62,Family,3.05,6.31,33.3,3.48,Postpaid,99.97,-0.35,7.56,0.45
67a33ed6-afe1-466a-907b-f4f46a28ccb2,2026-03-10,CUST-470339,118.21,6028.71,2026-03-13,196.63,2025-11-15,33.43,0,43.54,9.99,30.99,Basic,3.78,-1.18,33.24,9.84,Postpaid,96.29,-4.06,16.74,0.38
fea7cba5-9b35-45f2-b8c2-60e613c53600,2026-06-13,CUST-908054,135.21,2704.2000000000003,2026-01-04,195.03,2025-12-04,0,2,25.24,1.55,46.04,Premium,0.17,-0.52,38.72,9.35,Prepaid,97.67,-9.42,6.18,0.22
79d413d5-c00e-42c9-9c48-5d5fb2acf800,2025-08-24,CUST-306467,91.16,2005.52,2026-04-17,30.96,2026-04-08,0,0,1.61,8.91,33.31,Basic,0.8,-2.93,46.85,2.18,Prepaid,98.53,-8.35,2.32,0.17
408e92e3-9198-4e0d-85f9-647c1e8361a8,2026-06-16,CUST-587690,86.88,4952.16,2025-12-03,22.74,2026-04-15,0,1,35.4,0.64,46.1,Basic,4.92,6.5,133.03,7.31,Enterprise,98.17,-1.46,9.84,0.19
a1f8b9ac-b54b-4005-8369-856450323957,2025-11-17,CUST-579158,136.15,6807.5,2025-10-22,154.88,2025-09-07,0,1,8.45,0.51,30.97,Basic,3.34,1.99,57.56,1.04,Prepaid,95.11,-4.33,11.84,0.11
1beaac1a-97ad-454f-ba71-f72376baddc4,2026-07-02,CUST-831967,29.64,741,2026-01-30,161.93,2026-06-17,0,2,40.29,13.81,44.11,Enterprise,0.41,-2.3,143.55,9.47,Enterprise,95.18,-6.04,17.22,0.32
bea32d5d-b179-4d49-8924-042261d1812b,2025-09-18,CUST-608974,149.55,5084.700000000001,2025-09-07,82.04,2026-05-10,0,0,23.49,16.26,43.74,Premium,3.17,9.44,37.04,4.86,Prepaid,98.5,-8.93,10.7,0.39
45e65d43-eef8-45c5-93a0-65458dd709a9,2025-09-04,CUST-666013,25.42,584.6600000000001,2025-11-11,117.29,2026-02-25,0,2,47.9,23.73,16.35,Premium,0.62,6.15,34.65,6.32,Enterprise,98.93,-2.06,6.66,0.38
2faf477b-4c3c-412c-8e0c-07bb2b79fec7,2025-11-16,CUST-270060,80.66,3468.3799999999997,2026-07-13,99.23,2026-05-01,0,1,15.43,3.45,21.9,Premium,2.49,-3.28,132.15,2.78,Postpaid,95.81,-5.08,4.2,0.17
bff2eff5-5714-4a7c-8a3e-d40d82ec13fc,2026-04-07,CUST-965194,48.61,1361.08,2026-05-12,101.33,2025-11-08,0,1,36.32,6.01,20.55,Family,2.64,4.96,170.88,1.91,Postpaid,99.58,-0.54,13.77,0.34
a783ca6a-2eae-4a7f-9202-ff134719b664,2026-01-11,CUST-752058,100.06,4502.7,2026-02-14,50.69,2026-01-26,0,1,9.76,21.82,15.87,Family,4.6,2.29,98.97,2.37,Enterprise,97.41,-1.36,0.02,0.25
9657a50e-53d2-48d3-a905-6af9684403bf,2026-06-30,CUST-215472,36.5,1460,2025-08-29,132.55,2026-02-28,31.44,1,33.94,4,10.14,Family,4.36,-1.77,142.57,9.96,Enterprise,98.49,-3.83,1.74,0.36
c5bc2db4-ca1a-4948-b6e2-a51c37b25981,2026-06-13,CUST-635315,68.43,2463.4800000000005,2026-04-16,170.36,2026-05-04,0,1,4.58,19.31,35.25,Enterprise,4.12,-4.93,53,1.49,Prepaid,98.38,-8.83,19.83,0.33
aff49cc4-0df9-4b2a-9c66-ce5880d4d23f,2026-05-01,CUST-496212,99.43,3480.05,2025-08-10,66.87,2026-02-06,7.87,2,41.25,13.11,30.09,Basic,1.73,-1.49,134.22,6.5,Enterprise,96.28,-3.74,7.25,0.2
9c5633f2-dbf1-4675-80db-e8acbf893cad,2025-09-01,CUST-399775,104,1456,2026-05-07,199.66,2025-08-19,5.14,2,2.41,25.57,13.93,Basic,3.39,5.76,105.38,0.95,Enterprise,98.7,-6.88,7.36,0.46
de296102-b9e3-4b75-afcf-fae7cd0378fe,2026-01-11,CUST-516389,34.91,488.73999999999995,2025-07-30,83.98,2025-12-23,0,1,0.88,28.76,44.76,Basic,4.31,3.26,43.58,1.23,Prepaid,99.45,-1.05,17.65,0.24
1691db69-6095-4f85-ab3e-5dc31eb5ce89,2026-05-27,CUST-743966,62.65,2631.2999999999997,2025-11-17,45.08,2026-04-19,0,1,4.46,18.23,15.13,Family,1.37,7.7,80.89,1.01,Postpaid,99.79,-9.85,9.86,0.33
a1e86eb2-26dc-4808-be01-25ca2fd1598a,2026-01-12,CUST-667929,64.43,1481.89,2026-06-23,61.25,2026-04-06,0,1,25.25,7.9,37.74,Premium,4.16,8.13,103.68,1.44,Prepaid,99,-3.02,15.44,0.46
996fb0ce-4a4f-4067-9418-aee7017bad76,2026-07-11,CUST-485322,108.91,4356.4,2025-08-03,110.63,2025-08-13,34.12,1,8.72,16.98,23.26,Family,2.08,9.68,159.36,1.05,Prepaid,96.32,-4.34,6.95,0.35
625f45c5-c27b-48ff-8065-e497312e7df4,2026-02-05,CUST-468251,139.72,5588.8,2025-08-01,151.67,2025-10-02,0,1,2.9,7.02,17.08,Basic,0.66,-3.59,165.67,7.55,Postpaid,99.43,-2.09,1.42,0.13
ec5f4c78-67d2-4e62-bd8f-801a5c956290,2025-08-25,CUST-661608,148.97,2532.49,2025-09-02,112.19,2026-02-17,0,2,15.29,13.52,20.58,Basic,1.15,8.91,133.76,1.39,Prepaid,95.25,-8.54,5.32,0.37
495a1876-aa19-4211-a51b-a862c2922b0e,2025-10-25,CUST-664518,57.96,1159.2,2025-11-14,125.73,2026-01-26,19.91,1,49.46,7.15,17.74,Family,4.82,7.21,170.5,9.79,Postpaid,97.1,-7.31,5.17,0.34
e67bb71f-eb32-4355-af3b-e9e7b57c6aa4,2026-01-24,CUST-768614,111.97,4478.8,2026-03-14,199.09,2026-01-12,0,1,42.69,9.21,46.49,Basic,1.87,-0.26,115.93,3.06,Enterprise,96.3,-6.26,9.54,0.31
3200dfcc-d3c1-43e7-97c5-919b69e6fa18,2025-08-07,CUST-131763,66.02,3697.12,2025-11-30,155.55,2025-09-28,0,1,23.51,20.84,10.82,Family,4.66,-1.87,167.36,0.81,Enterprise,96.62,-6.36,0.01,0.34
c6d7f761-cc2d-4afc-bf22-338de12f3a8d,2026-01-19,CUST-308460,87.19,3574.79,2025-11-17,141.02,2026-03-29,0,2,18.29,8.21,40.82,Family,0.68,0.41,108.92,0.42,Enterprise,95.35,-8.16,16.12,0.5
c0ad0cba-bdeb-4be6-a865-71ad46c99d92,2025-11-02,CUST-606792,87.29,1222.0600000000002,2026-03-31,182.08,2025-11-15,0,0,9.18,5.08,44.38,Basic,3.86,8.77,167.39,5.79,Postpaid,96.9,-9.64,15.71,0.36
eb99d6bc-d463-4f3a-b586-7a6a62eea6ea,2025-12-14,CUST-619366,59.63,3577.8,2025-10-03,156.44,2026-05-08,0,0,25.27,8.92,29.12,Basic,4.39,7.05,164.19,2.91,Prepaid,98.57,-6.59,18.12,0.5
6f8ee545-2ff2-4338-8f74-8bc32cbc751b,2026-01-19,CUST-113886,112.3,6176.5,2025-10-23,182.8,2025-12-01,38.66,2,43.54,18.3,22.82,Basic,1.85,7.89,25.8,2.67,Prepaid,96.02,-3.96,3.78,0.26
b99008f6-3d50-43c8-baf7-f6e40e27e964,2025-12-24,CUST-310304,147.77,7536.27,2026-02-20,105.39,2025-11-08,0,0,44.44,8.24,13.61,Family,1.95,-3.78,169.21,5.26,Postpaid,98.12,-6.51,13.66,0.36
fe654a45-21da-433f-93b2-c4fcbd2cd5dc,2026-04-15,CUST-411357,63.97,767.64,2025-11-13,80.66,2025-10-18,0,1,4.77,10.72,45.62,Premium,0.24,-4.39,67.27,0.21,Prepaid,95.04,-1.68,13.47,0.16
cdbb058c-d55d-452b-8642-7a549451cc89,2026-03-13,CUST-543322,92.72,2874.32,2025-10-28,90.02,2025-09-22,0,0,27.28,8.58,10.02,Family,3.28,1.77,160.86,7.16,Postpaid,99.86,-9.91,6.4,0.14
2a1a493b-7c15-458b-826a-03567d65c04a,2025-12-30,CUST-501185,134.61,3499.8600000000006,2025-12-20,198.98,2026-07-06,0,0,45.96,22.59,38,Enterprise,2.7,7.84,179.39,8.02,Postpaid,98.08,-5.75,17.56,0.17
24700ada-5296-478a-9c24-c6385886bf3c,2025-07-30,CUST-991297,40.83,2327.31,2026-06-18,51.28,2026-06-06,0,2,31.64,1.66,49.92,Basic,4.19,-3.76,45.99,8.59,Enterprise,98.4,-1.51,3.15,0.29
96811cd3-7f58-4f72-8360-ddd3690d0e7e,2025-11-24,CUST-746850,147.55,3098.55,2026-03-25,135.43,2026-07-02,48.03,2,6.33,24.18,10.2,Family,4.24,7.3,94.77,6.64,Prepaid,99.85,-5.85,7.22,0.43
5aa1d22d-3b0d-49d1-8357-9f393a37c01e,2025-08-01,CUST-478897,97.6,2147.2,2025-10-24,93.79,2026-01-31,0,1,10.36,29.56,16.59,Premium,3.06,-2.8,37.79,9.69,Enterprise,96.7,-6.84,12.67,0.29
e405174f-ccfb-4af4-837d-ab39f3fc2196,2025-09-15,CUST-299262,58.87,1412.8799999999999,2026-01-07,63.18,2026-02-26,0,2,37.34,15.34,33.16,Family,2.27,8.24,155.46,3.77,Postpaid,98.75,-0.07,1.88,0.16
750d2fe4-f6c0-4600-b912-087405f86106,2026-04-25,CUST-893491,134.32,5507.12,2026-07-23,64.19,2026-03-21,0,1,34.5,12.94,32.36,Enterprise,2.8,0.52,161.71,0.5,Postpaid,98.35,-2.27,9.31,0.18
b6a2711e-aab6-4a8d-8d7a-468a67232ab4,2026-04-26,CUST-657055,57.67,2710.4900000000002,2026-06-13,168.01,2025-09-18,0,1,26.28,20.5,25.58,Family,2.27,8.79,105.46,5.27,Postpaid,97.68,-5.23,6.35,0.31
52477312-1b4d-4e25-a8dc-51e1868b59f0,2025-10-07,CUST-195856,50.88,712.32,2025-11-16,55.15,2026-04-16,0,0,5.42,5.37,34.99,Premium,4.53,8.81,42.2,1.34,Postpaid,99.24,-9.63,19.91,0.37
fa1bb49c-aceb-4e84-a07c-ec5c1eb0308a,2026-06-12,CUST-924661,67.95,2718,2026-07-13,64.09,2026-02-06,0,2,28.43,20.28,34.59,Premium,2.36,-2.08,116.13,6.44,Prepaid,95.07,-0.41,9.01,0.37
300e6e83-2db1-47f5-9fdf-bc2b16149892,2026-04-27,CUST-327874,117.46,1761.8999999999999,2026-05-10,44.84,2025-07-31,0,1,26.33,21.5,28.61,Enterprise,0.21,5.54,144.91,7.81,Postpaid,95.66,-9.93,7.44,0.19
c64e3d0f-325d-45b7-8870-1648512d54f9,2025-11-25,CUST-580650,37.54,1013.5799999999999,2026-07-18,189.42,2025-08-25,0,1,8.17,14.56,14.48,Enterprise,2.73,9.47,51.67,9.14,Enterprise,95.68,-5.95,15.23,0.34
0a7ef356-745c-4ff2-8f9e-b1614846329f,2025-09-19,CUST-812235,106.11,4032.18,2026-06-20,141.74,2025-12-19,0,2,17.35,16.06,20.32,Family,2.46,6.1,96.42,7.18,Prepaid,99.33,-5.42,8.76,0.44
2d7eaf7d-b050-44b5-9b9d-0fdf79e53aed,2026-05-10,CUST-134470,115.75,5208.75,2026-03-08,173.98,2026-06-02,0,1,34.97,6.11,15.02,Enterprise,4.94,6.36,173.36,6.38,Postpaid,98.75,-4.21,7.23,0.35
c0e882d5-2b81-47cd-b212-9d3b177a955f,2026-05-15,CUST-721698,46.67,1540.1100000000001,2026-02-04,199.28,2025-07-30,0,1,33.81,24.64,27.77,Premium,0.15,9.1,147.86,6.39,Prepaid,97.76,-3.09,11.68,0.23
28574b7c-c832-42ff-b3ef-65dd25c20415,2025-11-23,CUST-916547,84.24,3453.8399999999997,2025-12-10,92.82,2025-08-29,0,0,24.82,2.82,49.68,Enterprise,4.86,0.88,82.08,8.06,Postpaid,98.03,-5.25,4.14,0.27
aba76cc9-224e-4d83-9d72-c76706ed3e75,2026-07-09,CUST-117520,146.6,1905.8,2026-01-11,108.45,2025-11-19,0,1,6.16,28.02,25.65,Basic,0.89,9.27,115.72,3.62,Enterprise,96.91,-0.54,11.1,0.38
0cbd7648-a262-4f1e-86cd-7cbcd780095e,2025-09-22,CUST-642137,120.78,4468.86,2026-03-13,158.45,2026-02-11,0,2,12.82,25.7,29.27,Basic,2.34,7.01,128.22,7.61,Prepaid,98.97,-3.44,13.04,0.14
9f891c53-56c6-4024-bb8c-a3ddbc1740b6,2026-06-05,CUST-598758,138.45,4291.95,2025-08-02,169.08,2025-12-26,0,0,30.36,2.56,44.64,Enterprise,4.3,-2.43,95.21,9.26,Prepaid,98.6,-7.85,6.67,0.45
cd530582-d7c4-4a1f-9c4e-3ae72da44f80,2025-08-07,CUST-721983,41,861,2026-06-01,161.74,2025-08-10,16.69,1,24.66,24.99,46.69,Basic,4.26,3.46,63.56,8.07,Prepaid,95.63,-7.09,17.05,0.11
e71a001f-73d5-4825-a2f5-57fc3951ca1a,2026-01-19,CUST-350498,33.39,1569.33,2026-03-20,71.21,2025-09-07,0,1,31.01,17.27,11.56,Premium,2.42,2.38,95.94,9.5,Prepaid,97.46,-5.35,13.36,0.25
dfaae76b-8c06-4fcd-b17b-d1c8a5452929,2026-02-12,CUST-859542,130.98,5894.099999999999,2026-03-16,127.59,2025-11-17,0,1,0.26,14.23,39.6,Premium,2.93,-2.93,181.63,9.87,Postpaid,98.6,-1.93,8.37,0.47
baaa6cea-0f51-40b7-bb8e-ef063e42f15a,2025-11-14,CUST-591204,141.23,5225.509999999999,2026-04-06,104.8,2025-09-01,0,1,9.4,28.02,40.72,Family,4.81,6.27,113.87,4.13,Enterprise,98.16,-3.9,15.19,0.26
d844e419-87c6-417f-af37-8fa3f402f623,2025-08-24,CUST-909590,57.52,2300.8,2025-11-12,67.61,2026-05-16,0,0,31.9,27.78,19.68,Basic,1.16,0.32,58.16,4.22,Prepaid,95.37,-3.93,17.56,0.34
db7f36cd-304d-46d4-88f4-5f3fa809e2fa,2026-07-04,CUST-640743,41.55,1454.25,2026-07-09,74.4,2025-08-16,28.32,1,43.88,0.55,35.09,Enterprise,2.75,4.23,187.67,2.91,Prepaid,99.41,-5.76,5.61,0.11
7d789a96-97e7-4826-a665-86e57806d80c,2025-10-23,CUST-509112,137.33,8239.800000000001,2025-12-07,57.57,2026-06-06,0,1,42.5,10.32,19.15,Enterprise,3.41,7.2,118,5.5,Enterprise,97.54,-7.81,0.61,0.46
49d92d28-ec81-45bb-a31d-c8103d29e3a7,2026-05-23,CUST-925860,106.8,2990.4,2026-04-28,116.28,2026-04-06,0,0,2.54,21.62,16.79,Enterprise,0.82,1.92,183.84,1.41,Enterprise,97.56,-0.04,7.03,0.47
09fc3bc2-84ac-455b-88c2-43f3b2f26005,2025-10-13,CUST-903484,124.05,7318.95,2026-04-01,79.69,2026-05-14,0,2,9.68,0.58,39.21,Basic,3.04,3.82,153.99,4.48,Postpaid,98.82,-7.04,15.92,0.33
6cd96ba6-cb31-476b-9fbc-5863c53bf25b,2025-12-01,CUST-111819,111.22,5672.22,2025-09-19,122.15,2026-03-09,0,0,34.7,25.95,43.07,Basic,1.87,6.12,180.41,1.62,Enterprise,97.14,-9.57,7.76,0.13
658a22c7-95d6-463e-bfbb-32aa60e86455,2025-10-07,CUST-895907,84.29,3961.63,2025-11-06,77.75,2025-09-17,0,1,33.33,13.6,14.25,Premium,2.63,-1.14,40.03,8.36,Prepaid,95.04,-6.96,19.19,0.44
6f186f8a-ab57-49fa-a56b-d65e90138f52,2026-07-05,CUST-652608,121.44,3643.2,2026-07-07,54.81,2026-05-06,0,1,40.74,11.48,23.18,Premium,3.8,3.32,86.49,9.84,Postpaid,98.87,-7.32,6.34,0.11
d77e9f63-4f0a-4a89-9a53-8b28df3cd98e,2025-12-26,CUST-146521,47.55,760.8,2025-08-02,188.3,2026-04-04,0,1,34.23,11.79,44.13,Basic,2.92,3.17,106.52,1.16,Enterprise,95.5,-8.94,11.79,0.27
4a133262-78b6-419e-ba59-94f0d19de32b,2026-07-22,CUST-143334,66.38,1261.2199999999998,2025-09-09,155.16,2026-05-15,0,2,41.81,18.66,20.69,Premium,2.72,1.53,130.61,8.82,Postpaid,95.04,-2.09,15.73,0.23
c4c8e124-0b65-4779-99ce-126649c64d65,2026-05-22,CUST-382839,76.92,2692.2000000000003,2025-09-29,109.46,2026-03-06,0,2,14.28,26.87,38.89,Premium,0.63,-4.55,192.81,6.76,Postpaid,97.32,-6.06,7.41,0.19
5122ed6a-81ae-4992-adbb-00ba87a9a2de,2025-10-19,CUST-295786,99.05,4952.5,2025-12-23,98.38,2026-07-14,0,0,2.08,1.56,35.55,Basic,0.75,7.21,40.71,3.97,Prepaid,95.07,-9.8,14.91,0.2
4d452429-34c7-46f1-a3a3-46b029ecc7fd,2025-10-12,CUST-741324,141.64,5948.879999999999,2026-05-14,140.68,2026-02-02,0,1,21.75,5.19,13.87,Enterprise,1.49,-2.97,70.41,2.06,Enterprise,96.97,-1.18,2.93,0.24
4662b08b-7813-4cfd-988a-b7e0e58bb792,2026-06-08,CUST-376370,82.82,1490.7599999999998,2026-05-15,158.22,2025-08-07,0,2,46.4,7.28,45.77,Premium,3.03,7.24,99.51,8.36,Prepaid,95.16,-8.64,17.99,0.43
1e4cc335-8572-4af4-b449-de32c4e783cf,2026-05-01,CUST-611643,36.16,2133.4399999999996,2026-01-17,147.9,2025-12-16,0,0,32.57,8.85,32.29,Premium,1.75,5.02,79.26,4.19,Postpaid,98.86,-5.43,12.05,0.42
c1bd79b3-5707-41b8-b113-eaaccf33598f,2026-04-21,CUST-542597,133,7448,2026-03-05,77.49,2026-05-30,0,2,49.93,22.72,31.81,Premium,2.61,7.27,123.42,0.26,Prepaid,95.71,-7.83,13.42,0.27
c8d12344-431f-471f-9d00-694a6e752f96,2026-07-04,CUST-338614,133.75,4280,2025-10-14,77.83,2026-06-27,0,1,16.65,10.76,10.67,Family,1,3.83,38.33,9.08,Postpaid,97.6,-4.5,9.97,0.15
3b0a1fdd-a6f6-4113-902f-ed1516f48af8,2026-05-10,CUST-523095,73.25,1391.75,2026-03-30,26.76,2025-10-25,0,2,45.81,4.57,48.6,Family,1.1,2.79,121.95,0.71,Postpaid,97.92,-2.31,15.33,0.47
80ddbe58-ea86-4167-b8dc-e377a2d22555,2026-06-20,CUST-336152,135.87,6114.150000000001,2025-08-30,45.83,2026-07-08,26.43,1,9.74,3.23,24.93,Enterprise,3.72,-3.67,73.86,3.38,Prepaid,96.1,-3.21,18.55,0.24
2bfd695e-678f-46b5-8bef-6740ca9d162b,2025-08-21,CUST-253868,63.82,1340.22,2026-07-17,141.85,2025-11-04,0,1,26.72,29.9,46.7,Enterprise,3.91,4.08,186.01,1,Postpaid,98.05,-8.98,6.55,0.26
1e45051b-f259-4fc1-9e58-87a5713ea9a1,2026-04-19,CUST-772849,32.29,1000.99,2026-04-17,181.91,2025-10-28,0,2,43.56,18.17,39.59,Basic,0.16,7.65,180.01,0.39,Postpaid,98.76,-6.35,13.79,0.4
f2e90dfe-3fc0-4206-bbcd-bb1e5b32d63f,2025-07-26,CUST-948747,81.43,1384.3100000000002,2025-10-23,94.64,2026-05-13,34.22,0,20.43,10.07,46.66,Premium,0.45,8.6,69.11,6.13,Prepaid,96.57,-0.93,11.24,0.18
bc937ddd-4ffd-41f0-ac90-aa083befbea0,2025-09-20,CUST-976298,76,3116,2026-03-03,115.3,2026-03-31,0,1,0.57,26.55,39.01,Family,1.35,2.69,188.52,3.57,Postpaid,99.79,-8.06,13.58,0.31
4346ac05-7f82-4951-9b3f-cabbaa0f5cf2,2025-10-11,CUST-898202,83.89,2516.7,2026-04-26,127.67,2026-07-12,0,0,35.04,23.83,18.82,Enterprise,3.17,3.23,55.61,0.29,Enterprise,95.15,-6.04,5.42,0.24
6b4daddf-83a5-4300-8f54-15562621032c,2026-01-15,CUST-596203,131,5633,2025-11-27,90.93,2025-09-26,16.09,2,40.29,4.19,17.34,Enterprise,0.74,3.54,122.14,6.8,Enterprise,97.46,-9.68,15.22,0.27
7e855894-4818-437d-9e6c-41445bf19327,2025-09-13,CUST-791387,66.59,3862.2200000000003,2026-01-11,186.16,2025-10-27,0,1,21.71,12.15,13.54,Premium,3.94,7.93,166.29,1.23,Enterprise,97.03,-7.05,16.34,0.36
5dc54727-3141-4a40-a628-22941cf64496,2026-01-07,CUST-957470,56.06,2578.76,2026-05-26,187.19,2026-04-25,37.02,1,34.58,26.32,41.53,Enterprise,4.57,0.34,142.88,5.7,Enterprise,95.66,-8.47,0.48,0.3
78cca04f-8e64-48f0-b0b6-35680a668e65,2025-08-20,CUST-195256,86.6,4243.4,2026-02-01,185.72,2026-02-27,0,1,16.45,24.12,44.73,Premium,3.44,-4.83,86.82,4.81,Prepaid,98.95,-2.65,12.19,0.33
bc85df39-3af0-45a4-8dea-978559717145,2026-05-04,CUST-728195,107.13,4392.33,2026-03-12,113.1,2026-06-05,0,0,20.44,14.99,17.43,Enterprise,2.81,2.02,106.17,9.09,Enterprise,99.49,-0.37,6.27,0.43
f2918851-3b87-48a8-b465-308fc1714c0e,2026-07-05,CUST-515895,80.26,3451.1800000000003,2025-11-08,53.04,2025-11-10,0,1,30.49,24.77,35.59,Basic,3.55,3.29,119.05,5.03,Enterprise,97.02,-7.05,11.97,0.15
441b9a83-6885-4b68-a2cf-1ff0283c13b4,2025-12-07,CUST-468117,33.66,1716.6599999999999,2026-03-20,61.47,2025-08-20,0,0,26.11,0.99,36.55,Enterprise,1.71,8.96,159.94,3.08,Prepaid,99.18,-2.62,18.36,0.2
e872fc94-c9db-44a9-9158-0d621fc98399,2026-05-14,CUST-609464,111.32,2783,2026-03-29,143.74,2026-01-22,0,1,31.65,27.12,11.21,Enterprise,0.37,1.7,65.06,3.95,Postpaid,98.29,-3.44,11,0.16
18335013-1054-4a4f-bcf1-0c0004f982d5,2026-02-16,CUST-816189,149.31,3583.44,2026-04-23,143.08,2025-11-22,0,1,3.82,11.48,11.22,Enterprise,3.77,2.21,75.45,6.81,Enterprise,96.28,-1.53,15.34,0.39
5d2a14c1-1dac-4567-a46d-21c74422f83e,2025-11-29,CUST-234622,141.43,7354.360000000001,2026-06-17,84.85,2026-04-27,0,0,25.8,25.76,31.19,Enterprise,0.68,0.22,56.93,4.19,Postpaid,95.66,-7.39,12.9,0.14
524abd1e-0cbb-42ae-9ba0-47d2ce7a5a6a,2025-08-11,CUST-553130,49.34,937.46,2026-07-14,65.22,2026-04-02,0,1,9.76,26.86,40.05,Premium,2.04,9.56,188.18,2.37,Enterprise,98.06,-9.46,5.76,0.24
88cb6148-39bf-4ba3-8e27-f85d78db66ff,2025-12-31,CUST-402863,135.64,6239.44,2026-04-18,156.31,2026-03-15,0,1,25.64,12.63,11.27,Enterprise,3.81,1.45,191.93,8.32,Enterprise,98.49,-5.14,12.98,0.17
a7ae3374-9053-4731-a1a5-8b9cb735ca8c,2026-02-08,CUST-976168,143.21,4869.14,2026-06-01,125.65,2025-11-17,0,2,3.23,5.96,20.78,Enterprise,3.09,-1.35,26.81,6.83,Prepaid,97.92,-3.37,3.9,0.19
840dcbe1-f7fe-4155-9d78-b8f7855a2f3b,2025-11-27,CUST-340502,38.95,1908.5500000000002,2025-08-16,153.99,2025-12-27,0,1,45.4,29.29,44.62,Premium,3.08,8.01,184.79,6.21,Enterprise,99.65,-9.56,12.26,0.49
efa21f76-2044-437c-80c5-9db2e68c9874,2025-09-17,CUST-627751,149.81,3295.82,2025-11-04,27.44,2025-08-07,0,0,29.61,7.99,26.61,Enterprise,1.77,7.61,90.36,6.7,Enterprise,95.31,-7.09,19.02,0.43
0b5e5fa1-b789-4d88-8274-cc3a86df2869,2026-07-15,CUST-624400,56.26,3150.56,2026-06-01,190.8,2025-09-08,0,1,15.78,27.13,49.1,Premium,1.64,1.42,31.73,9.94,Postpaid,98.71,-1.86,16.27,0.4
3bc01a2f-bee8-4e74-9688-4525e3e2a3d0,2025-10-15,CUST-760497,125.03,1750.42,2026-02-12,82.79,2026-05-04,0,1,33.69,19.14,34.23,Family,2.32,-4.61,29.08,3.12,Prepaid,95.75,-3.64,12.08,0.11
610a9fee-22af-4847-956a-89aac200e80d,2026-01-01,CUST-565853,128.24,7053.200000000001,2026-03-03,164.28,2026-07-12,0,1,7.14,6.65,23.35,Enterprise,4.89,1.19,70.09,4.07,Enterprise,99.94,-4.84,12.47,0.41
7420b876-4fa2-43bf-a146-53d2bbc85754,2025-08-14,CUST-675783,92.21,3503.9799999999996,2026-07-23,93.58,2025-09-02,0,1,3.79,6.4,35.2,Basic,4.71,9.24,116.14,2.05,Prepaid,99.43,-0.94,11.78,0.31
f1c726dc-f36e-4725-9bf4-4629ad8031c7,2025-07-25,CUST-731292,147.09,3530.16,2025-10-27,64.64,2026-01-12,0,1,35.95,24.69,48.09,Premium,4.89,-1.18,119.21,3.55,Enterprise,98.3,-5.83,12.2,0.26
52daf884-985e-49b2-9925-4e02bf57cc2b,2025-10-11,CUST-677688,127.15,3687.3500000000004,2026-06-01,167.77,2026-07-03,0,2,25.81,8.61,23.88,Family,1.67,5.24,94.84,3.04,Prepaid,95.5,-1.39,0.07,0.31
90f66139-5f9a-44a7-9221-37b9a9073ce4,2025-08-20,CUST-789933,109.27,2185.4,2025-08-16,42.29,2026-01-02,0,1,3.72,27.75,29.66,Premium,0.89,7.74,50.7,3.02,Postpaid,96.16,-5.47,12.66,0.11
8d9d3541-e1d9-43fc-9817-2c92cb1eafac,2025-11-22,CUST-538745,135.88,5842.84,2025-12-31,118.82,2025-10-05,0,1,41.57,24.09,23.05,Basic,4.75,0.14,31.14,8.09,Prepaid,98.97,-1.62,5.36,0.19
997a5c4f-6baa-4ed8-b89c-e1b9f80bc04a,2026-06-25,CUST-755252,47.71,2671.76,2025-09-25,91.1,2025-10-03,0,1,47.55,3.55,43.56,Premium,4.56,-1.48,107.62,2.59,Prepaid,95.28,-1.59,15.53,0.27
d25a6506-3d5b-42e2-8d20-26280ca7991e,2026-04-13,CUST-906829,48.6,1895.4,2026-02-13,147.55,2026-03-11,27.85,1,14.18,17.02,28.2,Basic,2.69,7.46,113.35,9.83,Prepaid,95.05,-0.66,7.13,0.31
efd8f571-4b1f-4175-bab3-754b114ce502,2026-05-11,CUST-696152,59.98,2939.02,2025-07-25,189.33,2026-04-21,23.82,1,26.03,26.04,44.04,Enterprise,3.58,2.64,87.88,6.28,Enterprise,95.8,-9.49,0.78,0.42
1231e1f6-4e48-47df-ac5d-2a222a925713,2025-08-16,CUST-491244,33.77,1148.18,2025-08-14,198.51,2025-09-12,0,0,21.61,29.89,43.26,Family,4.03,8.55,37.94,2.13,Prepaid,97.33,-6.44,19.33,0.19
1786d4fa-43ed-4fdf-a28d-c91a9584f25b,2025-10-30,CUST-740637,118.81,3564.3,2026-04-05,82.28,2025-11-06,0,2,38.19,19.86,25,Premium,3.44,-1.68,44.24,7.39,Prepaid,95.33,-0.58,8.67,0.47
8e98d351-35a1-4a23-97fa-817bc8c4343e,2025-11-25,CUST-284453,67.35,1683.7499999999998,2025-12-01,152.73,2026-02-04,48.11,1,4.32,19.13,15.3,Enterprise,4.71,4.95,101.8,3.83,Prepaid,97.87,-4.54,8,0.42
dade03e5-3081-4d83-83c8-8af5df5bf9c2,2025-11-22,CUST-224110,131.39,5912.549999999999,2025-11-26,147.26,2026-02-24,0,2,32.44,12.74,16.53,Basic,4.4,8.96,123.4,7.47,Enterprise,95.96,-0.27,5.87,0.14
9fab4e1e-aa12-417e-84e3-97168ec65583,2025-11-21,CUST-961727,83.08,3240.12,2026-05-22,34.03,2025-10-28,0,0,33.81,17.35,41.83,Family,2.67,8.93,176.62,0.49,Enterprise,95.07,-9.47,1.79,0.22
8b3fb961-887d-448a-a2e4-03c98af11e70,2025-10-10,CUST-379579,59.15,1537.8999999999999,2026-03-29,37.36,2025-09-10,0,1,48.96,25.1,17.47,Family,3.45,4.89,144.41,0.96,Postpaid,95.34,-1,14.02,0.18
13b864f3-9db1-4be4-a144-ab5e6baf3c69,2025-11-09,CUST-705819,77.77,4510.66,2026-04-09,29.57,2025-12-14,0,1,1.4,29.22,39.41,Basic,3.25,2.82,112.82,4.1,Prepaid,96.95,-2.4,13.56,0.41
03d5b9f4-1e8a-410a-81b9-a80a07752371,2025-11-09,CUST-846792,88.91,3556.3999999999996,2025-12-02,21.51,2025-08-21,36.04,1,33.63,20.48,31.43,Enterprise,0.86,7.19,102.77,8.27,Postpaid,97.31,-3.13,2.61,0.13
b93232c0-6285-4797-9c5f-18658a51e026,2025-11-29,CUST-293473,27.16,1249.36,2026-05-16,152.83,2025-08-11,38.12,2,28.49,1.41,20.52,Premium,1.82,4.23,119.21,6.57,Prepaid,98.68,-1.68,5.9,0.25
d8c8a604-3ffa-4e11-a454-7e17acc38b02,2025-11-29,CUST-211311,73.42,3450.7400000000002,2026-07-07,122.97,2026-02-21,0,2,20.2,28.78,32.65,Enterprise,4.6,-3.09,138.95,1.85,Enterprise,97.2,-7.84,4.27,0.41
53c2b95b-f323-4108-8938-e3c846fe47d2,2026-03-26,CUST-374472,99.07,2674.89,2025-11-29,143.57,2026-05-10,0,1,25.12,26.55,18.44,Premium,1.19,2.01,80.03,5.75,Postpaid,96.42,-4.94,4.72,0.29
366a16ef-5880-49df-82f1-938b862f9ffc,2026-06-18,CUST-354807,79.51,4373.05,2026-07-09,151.76,2026-07-05,0,1,12.25,6.13,19.19,Family,3.25,4.13,39,8.06,Postpaid,96.67,-0.28,17.84,0.18
7285a974-f6bc-4106-9cd8-db0cf988703d,2025-09-24,CUST-744798,50.12,2255.4,2026-04-07,93.64,2025-11-11,0,1,31.07,3.12,15.18,Premium,2.49,5.94,123.2,4.55,Enterprise,98.18,-5.37,3.32,0.34
a1fb5ad9-6546-4336-9737-7c54e40b8d7e,2026-03-05,CUST-139138,127.6,5486.8,2026-03-12,47.34,2026-07-20,0,2,4.47,19.42,45.63,Family,2.24,-2.54,183.6,6.75,Prepaid,97.84,-0.11,2.11,0.41
4670d55a-bf6c-4ffb-a86d-ca46367db2a0,2025-09-24,CUST-621043,82.28,4936.8,2025-08-16,79.41,2026-03-20,0,1,48.8,15.49,31.24,Family,2.49,3.12,136.48,2.62,Postpaid,99.42,-6.24,15.33,0.21
f059c557-718b-40ec-893f-45a14f1360f3,2026-06-04,CUST-423628,32.25,612.75,2026-03-20,99.97,2026-05-09,0,1,40.67,3.57,21.32,Family,2.67,5.98,124.62,6.34,Postpaid,99.42,-0.37,11.15,0.24
c782f0fa-d9bf-4624-83f4-fdbf7093af8e,2026-06-17,CUST-446381,24.88,348.32,2026-06-14,92.1,2025-09-19,0,1,24.1,18.34,16.74,Family,4.6,8.99,78.72,0.57,Prepaid,98.44,-0.86,0.48,0.33
c3b701db-89d7-40ea-bfd7-0f459fb840db,2026-07-20,CUST-970066,25.45,458.09999999999997,2026-07-14,163.54,2026-01-11,0,2,46.46,17.47,38.99,Family,3.53,0.22,96.84,3.31,Enterprise,95.02,-3.59,1.21,0.11
32b30546-fa03-4bfb-a9ec-1a0930e2d35c,2026-06-20,CUST-554818,125.19,7261.0199999999995,2025-11-12,124.04,2025-11-19,0,2,36.59,1.65,28.75,Enterprise,3.56,5.7,74.57,4.88,Enterprise,97.95,-2.74,14.32,0.21
e81b40cd-03cb-4cc0-bbf0-e2baf6b84586,2025-08-07,CUST-958535,70.8,2832,2026-04-13,196.89,2026-07-21,0,2,10.49,16.86,15.77,Enterprise,1.27,7.69,80.97,5.68,Prepaid,98.41,-6.36,4.13,0.25
71734f9e-0f33-4f6e-a364-c3dac79213ad,2025-12-13,CUST-817917,99.39,1192.68,2026-05-07,143.03,2025-08-02,0,2,12.12,28.98,12.09,Enterprise,1.43,2.44,104.32,5.01,Enterprise,98.88,-0.91,1.21,0.5
46d4eb4c-c23d-4683-a020-9ee0f472ff28,2026-07-01,CUST-134531,100.69,4430.36,2026-04-16,191.76,2026-07-20,0,1,49.89,17.06,26.88,Premium,4.55,6.98,168.21,2.52,Prepaid,95.08,-9.26,5.7,0.16
2b956bf1-29c3-4d5a-9ea4-f61a9fb79df4,2026-04-11,CUST-586941,140.15,5325.7,2025-07-27,112.22,2025-08-03,0,1,0.95,25.77,49.69,Premium,1.63,-3.03,81.94,5.49,Enterprise,97.68,-9.02,3.1,0.28
f0dcfbcd-3813-4ff9-b7fc-65e8798cfef6,2026-04-10,CUST-924405,60.1,2404,2025-10-23,89.04,2025-09-01,36.12,2,13.88,3.99,11.35,Family,1.45,0.67,198.78,6.84,Prepaid,96.29,-6.87,5.12,0.29
6e2a790c-cfcb-48dd-992c-0b615bdb31d6,2025-09-04,CUST-249426,139.33,8359.800000000001,2026-03-11,34.91,2025-08-29,0,1,15.7,4.27,28.56,Family,4.71,8.09,147.85,0.38,Prepaid,95.67,-6.23,12.59,0.14
bac4d478-b524-4dc7-ab44-9363563f703f,2026-05-04,CUST-489720,95.47,4678.03,2025-09-19,163.56,2026-04-06,0,0,14.75,12.41,41.74,Basic,0.34,4.25,36.87,5.18,Prepaid,95.51,-1.74,12.95,0.34
7556d5e3-7188-4118-91bb-fdb036936e32,2026-03-15,CUST-856592,130.45,4565.75,2026-04-05,182.9,2026-05-12,0,0,37.31,27.05,14.43,Basic,1.32,3.19,197.19,3.05,Postpaid,99.78,-6.94,11.44,0.11
c27262ad-94ee-4c4d-99cd-e089a9b9a5a2,2025-08-15,CUST-329602,102.3,3887.4,2026-05-30,43.44,2025-09-29,0,1,48.44,8.21,31.03,Enterprise,3.88,8.08,149.07,9.77,Postpaid,98.55,-6.02,4.69,0.39
def9a684-4563-4bff-ac71-9e762f3d2df5,2025-12-07,CUST-625197,130.46,3000.5800000000004,2025-11-23,68.97,2025-08-26,8.54,0,2.34,8.96,23.42,Premium,3.43,8.32,30.16,2.14,Prepaid,96.46,-6.9,8.99,0.17
359004fe-a167-4327-b96c-1d60752183dd,2025-10-03,CUST-799371,89.75,1166.75,2025-12-16,163.03,2025-08-01,0,2,33.47,10.01,42.18,Family,1.63,8.47,61.17,0.12,Enterprise,98.58,-5.71,16.46,0.17
9a2e5c6c-e8f8-4ce2-8a82-eac3e69c7f74,2026-06-19,CUST-597112,66.71,3135.37,2025-10-16,68.41,2026-05-17,0,1,1.96,8.27,13.35,Basic,3.06,-2.22,41.63,0.1,Prepaid,98.96,-1.76,2.31,0.27
dfb9ddbd-107f-4cfa-9a29-4e70e354c29f,2025-10-03,CUST-343163,116.96,1754.3999999999999,2026-04-30,61.05,2025-09-07,0,1,33.87,22.3,15.93,Family,2.7,5.65,126.1,7.45,Enterprise,97.56,-5.51,12.96,0.42
406df38a-4683-4152-a700-d7793befa86a,2026-02-14,CUST-853804,40.89,1104.03,2026-07-18,93.3,2026-07-01,46.67,1,19.71,16.29,44.09,Premium,3.14,-2.03,152.31,2.49,Prepaid,99.12,-5.93,4.5,0.29
b2d4a652-b60d-4bd6-aa18-e8d6bd632fd8,2025-11-03,CUST-836509,147.11,5295.960000000001,2026-03-13,162.27,2026-04-24,0,2,42.79,22.37,22.29,Premium,1.41,5.2,78.69,3.65,Postpaid,97.12,-9.63,2.47,0.2
3728fe22-a15c-45c3-aef0-5e6e1e51c9be,2026-06-23,CUST-505492,60.49,3326.9500000000003,2026-06-12,164.12,2025-12-07,0,1,5.37,21.68,10.84,Premium,1.51,9.44,156.43,1.83,Enterprise,99.81,-5.46,8.07,0.22
a7a7532a-7695-45b8-9fd1-e1bc1ace3a70,2026-02-14,CUST-799391,73.99,1849.7499999999998,2026-02-04,69.7,2026-05-27,0,2,18.82,28.56,13.97,Family,0.83,-4.99,59.43,0.89,Prepaid,95.71,-9.07,12.02,0.12
1a88517a-0e14-4039-9cf4-bde517aff67d,2025-10-28,CUST-990145,33.55,738.0999999999999,2025-08-24,29.11,2025-08-20,0,1,36.74,1.24,28.93,Premium,3.25,6.33,127.69,4.62,Enterprise,99.61,-4.86,10.96,0.17
1c8e00a5-c810-494f-b7ae-5c6db2b0d644,2026-07-15,CUST-539777,145.88,8315.16,2026-07-23,108.61,2026-06-18,0,0,49.15,20.87,31.27,Enterprise,3.2,8.76,57.72,8.38,Postpaid,98.82,-5.45,12.36,0.1
87549179-d4c6-4009-827d-61e4682c598e,2025-11-30,CUST-158712,47.12,2497.3599999999997,2025-07-26,181.06,2025-12-01,0,1,40.46,28.3,12.24,Premium,2.93,-1.08,109.32,1.27,Enterprise,99.6,-8.12,0.59,0.41
60806e3e-654c-44b6-9b81-a248d09d8d55,2025-09-26,CUST-755531,74.43,3051.63,2026-01-08,183.71,2025-12-25,0,2,33.94,18.36,27.18,Basic,0.3,-3.74,124.44,7.99,Enterprise,98.22,-4.81,1.79,0.33
1ebbc39a-6256-4ded-b190-4d4b2d7df7b8,2026-02-04,CUST-215270,105.14,3574.76,2026-04-18,143.42,2026-01-31,0,1,13.25,8.24,31.64,Family,0.15,2.11,191.86,9.33,Postpaid,96.55,-5.72,15.56,0.22
954d7c6e-850a-47ef-b59e-19d75d8f89eb,2026-05-14,CUST-601605,113.93,4785.06,2025-10-11,134.36,2025-12-03,0,1,35.35,13.74,44.74,Enterprise,4.99,-0.06,155.54,4.85,Prepaid,96.95,-5.63,9.5,0.42
ee4cc41b-db9b-4457-b5a7-d77a3b441c80,2026-01-22,CUST-147885,147.2,6918.4,2025-09-30,193.51,2026-06-11,0,2,49.45,22.59,18.4,Family,4.41,-2.87,129.13,2.31,Postpaid,96.8,-8.46,7.18,0.1
3a9ab370-054b-44a3-b015-b793ecc40de1,2026-03-04,CUST-879743,99.61,4880.89,2026-05-25,139.95,2025-07-29,35.05,1,2.58,13.93,28.95,Enterprise,1.99,9.47,113.44,6.83,Enterprise,95.79,-4.86,18.33,0.43
8cffa0e7-5ded-4ab3-9a95-23a1945fe02e,2026-07-06,CUST-455501,67.23,3832.11,2025-11-12,133.88,2025-10-11,0,1,13.36,1,23.46,Premium,0.94,9.17,148.73,3.11,Prepaid,96.6,-7.47,19.37,0.33
c09d38fc-5ffa-47dc-8972-05ad996c8460,2026-05-23,CUST-538054,62.66,1441.1799999999998,2025-07-26,38.23,2025-10-08,0,2,6.16,3.86,33.13,Premium,2.26,7.78,101,9.91,Prepaid,97.52,-0.88,1.84,0.41
3dbaa952-a478-4678-a3af-9846f09a15db,2026-04-11,CUST-322324,104.73,3246.63,2026-05-14,74.59,2025-12-23,0,1,11.17,3.93,46.35,Premium,3.16,5.57,194.09,2.38,Postpaid,95.26,-6.32,8.31,0.45
fff63059-891a-4870-af3a-bbf860a851f2,2025-12-12,CUST-629803,82.04,3035.48,2025-11-02,147.11,2026-01-20,0,1,17.59,20.98,38.48,Premium,1.97,3.14,136.12,9.01,Prepaid,96.91,-7.87,10.46,0.42
ded7b471-1385-4c84-bfdf-94b72cdf0bf3,2025-12-30,CUST-651933,86.66,2686.46,2025-09-19,47.55,2025-08-31,0,0,13.88,16.8,22.28,Basic,0.18,-0.07,144.84,8.17,Postpaid,98.94,-8.33,4.23,0.37
33285999-b328-45a5-a51d-bdb0190d69d9,2025-10-13,CUST-839131,32.6,1597.4,2026-07-20,192.84,2026-01-15,0,2,15.96,19.2,41.13,Basic,4.49,-4.32,146.17,8.59,Enterprise,95.44,-8.97,9.08,0.2
7339fba1-9b14-4622-8739-b03e8288b2ef,2026-07-03,CUST-747211,59.52,1785.6000000000001,2025-12-26,198.96,2026-04-24,0,1,11.95,0.35,30.11,Basic,3.4,3.33,193.23,3.46,Postpaid,96.34,-9.21,13.41,0.47
2145b42a-88a8-4c25-99dc-940f38e7aeab,2025-08-12,CUST-474514,92.51,3515.38,2025-11-08,114.73,2025-11-04,0,2,40.94,20.35,26.18,Enterprise,2.56,-4.89,94.56,6.82,Prepaid,96.16,-5.85,5.24,0.32
e1ad495f-d8a6-4300-93f1-4d7ff2b3a540,2025-10-30,CUST-836771,149.71,8533.470000000001,2026-05-20,130.36,2026-04-22,0,1,49.17,29.52,38.31,Premium,0.31,-4.76,176.99,0.6,Postpaid,99.27,-2.35,9.78,0.48
9efc4a1d-1ece-49f4-bcda-ac7773237f91,2026-04-08,CUST-187735,30.65,1716.3999999999999,2025-10-25,76.98,2025-08-26,0,1,45.44,20.96,28.25,Enterprise,4.23,1.03,87.28,4.39,Prepaid,99.95,-3.68,11.47,0.36
50da293a-363d-4a41-8a29-6bcc981fe32e,2025-10-21,CUST-593941,95.76,5362.56,2025-11-22,124.49,2026-05-23,0,1,27.57,18.12,37.4,Basic,1.43,0.76,66.62,3.68,Prepaid,95.9,-7.56,4.51,0.43
bbdabfa8-05fd-47ed-ac14-524e0eca0db0,2025-09-23,CUST-596378,68.98,2414.3,2025-11-02,140.13,2025-12-05,0,0,27.88,22.53,42.81,Family,3.25,-3.09,108.13,6.12,Enterprise,96.47,-2.02,8.85,0.24
fa53f7db-141f-403e-b684-b6cbbea1f42f,2026-01-18,CUST-976602,58.1,2730.7000000000003,2025-11-23,35.92,2026-03-15,0,1,38.32,13,12.13,Basic,0.53,7.05,90.53,2.87,Enterprise,96.35,-2.33,0.84,0.31
754502a5-a73f-4e1a-88e3-061e1b86f8bf,2025-10-08,CUST-606610,115.85,1969.4499999999998,2025-12-21,107.74,2025-12-17,0,0,24.62,7.99,21.08,Family,3.01,7.26,95.45,8.53,Postpaid,96.4,-5.33,0.72,0.39
e8aa7cc8-2385-4e89-a8af-03ec69911dd3,2026-05-10,CUST-611666,36.3,1379.3999999999999,2025-12-09,22.7,2025-11-23,29.69,0,17.95,13.02,29.63,Family,2.69,4.47,141.89,9.68,Prepaid,95.58,-1.94,10.9,0.13
bf578fbe-f40b-44fc-a30b-d903b863f1c2,2026-01-29,CUST-481759,96.19,3270.46,2025-10-28,129.03,2026-02-15,0,0,41.02,4.44,25.24,Enterprise,1.07,8.64,37.27,6.72,Postpaid,95.72,-3.39,19.9,0.31
bdc8e4d9-7cc6-4ee7-940c-4a0215e48030,2025-09-17,CUST-115361,26.93,646.3199999999999,2025-09-29,65.76,2025-10-28,0,2,2.68,23.56,18.39,Enterprise,3.65,3.77,50.66,1.81,Prepaid,97.21,-4.47,11.97,0.26
18599994-fe00-4f5f-9aff-50bbae555cba,2026-06-30,CUST-923230,130.37,4693.32,2026-01-02,112.72,2026-02-27,0,1,46.57,3.49,40.26,Premium,0.5,4.21,194.62,1.01,Enterprise,95.7,-4.44,3.25,0.2
5ad8832e-c067-423d-b22c-e0cfc776a394,2025-08-12,CUST-532689,116.48,4076.8,2025-11-24,185.32,2026-05-09,23.91,0,35.72,27.1,43.45,Enterprise,4.3,-0.4,163.64,2.28,Postpaid,99.31,-1.21,0.44,0.5
8d2a4ae5-31d6-48c4-9d09-6c9257afdeb4,2026-03-23,CUST-509031,111.87,6152.85,2026-07-05,168.29,2025-10-25,0,1,22.44,29.93,43.81,Family,0.52,7.17,186.44,5.98,Postpaid,96.42,-5.71,1.15,0.17
bf5f1117-d837-491a-b69a-f903606e7c04,2026-06-02,CUST-972175,118.35,5325.75,2025-12-26,167.04,2026-07-01,26.84,1,15.48,23.68,16.11,Basic,2.09,6.33,49.9,3.93,Prepaid,96.58,-1.44,6.66,0.12
96ac7420-8790-494e-add7-5874e26eecb4,2025-12-17,CUST-283028,99.81,3393.54,2026-01-12,131.52,2025-08-07,0,1,15.16,10.3,33.28,Enterprise,3.8,0.77,61.62,3.02,Postpaid,95.51,-2.08,18.96,0.41
33fdd63d-6fe9-4fcc-852f-55a6512780a7,2026-02-19,CUST-570019,129.75,5709,2026-06-08,90.94,2025-08-21,0,2,36.51,22.6,26.19,Family,1.25,-4.4,86.7,1.8,Prepaid,99.31,-4.41,3.47,0.44
4871ec38-e0dc-4bcf-8a38-8d7efdbdcf42,2025-09-18,CUST-468784,106.23,5948.88,2026-06-16,176.72,2026-06-26,0,2,35.99,9.25,28.06,Basic,1.73,3.77,71.85,0.98,Prepaid,96.09,-3.28,11.38,0.36
a579c291-0295-483d-bb2c-4ca02341255d,2025-11-07,CUST-594217,62.24,3112,2026-05-10,148.16,2026-02-13,0,1,35.37,23.83,19.76,Enterprise,1.26,9.57,84.36,1.87,Prepaid,98.01,-6.45,19.19,0.46
1ddc0028-7a68-4372-a49f-4b26a7785b47,2026-05-27,CUST-697573,72.49,3044.58,2026-03-21,37.86,2026-06-24,0,1,49.21,18.47,19.87,Family,0.44,2.18,160.56,5.84,Postpaid,95.7,-2.52,9.3,0.48
53040592-10ba-4083-a73c-944903cd6bf8,2026-05-30,CUST-876164,112.02,4480.8,2025-10-19,126.57,2025-07-31,0,0,14.86,28.72,41.35,Family,2.37,6.32,43.26,6.39,Enterprise,95.42,-8.79,8.7,0.21
4ad1a59e-c737-4d0e-9c32-30eebb73c475,2026-04-29,CUST-629055,40.92,1391.28,2026-02-27,68.14,2026-03-12,0,2,35.24,5.41,44.88,Premium,4.82,-1.74,28.78,8.15,Postpaid,96.39,-4.69,14.19,0.17
88823c07-e2a0-4028-a3c2-e583171871ff,2025-08-03,CUST-494024,55.02,2971.0800000000004,2026-01-21,89.69,2025-08-17,0,1,26.2,20.52,30.94,Premium,0.17,-2.22,112.76,6.57,Enterprise,97.15,-6.15,2.07,0.23
123ffb5c-dd89-4c4b-920a-0b246392bdc2,2026-03-15,CUST-458991,72.73,3054.6600000000003,2025-10-16,74.41,2025-10-03,0,0,13.36,0.9,38.86,Family,1.92,-4.53,113.28,2.92,Enterprise,97.46,-5.45,18.48,0.21
e2655580-765c-40ad-936e-de57b30bcef1,2025-11-18,CUST-815171,80,3440,2025-09-01,141.26,2026-01-08,0,1,15.21,16.94,25.36,Basic,1,6.47,102.21,3.62,Postpaid,99.87,-9.63,2.22,0.4
4feee3da-bf75-4d5f-bf6c-3ff699304254,2025-12-05,CUST-200725,64.19,3594.64,2025-12-11,169.53,2025-10-12,0,1,26,4.44,36.66,Basic,1.38,9.75,138.31,7.69,Postpaid,98.66,-5.68,3.37,0.35
65807442-80cb-47b4-a130-65b9b2018925,2025-11-21,CUST-832724,63.8,2233,2026-01-18,49.99,2026-07-14,0,2,31.56,2.22,13.97,Family,3.65,8.15,158.31,3.93,Enterprise,96.42,-2.46,17.44,0.45
dfdaf20b-6b10-4bf9-a099-fd98318fa6e2,2026-05-25,CUST-261362,45.1,1037.3,2026-04-06,104.77,2025-10-01,0,1,24.23,0.81,17.83,Family,2.6,6.04,145.58,7.52,Enterprise,98.41,-0.04,9.46,0.11
5f371a58-1c4a-4637-98df-720ae32eb203,2026-06-16,CUST-623571,40.48,1862.08,2026-02-25,79.74,2026-07-03,0,1,31.36,9.18,39.42,Premium,0.5,8.15,60.31,0.82,Prepaid,98.74,-3.8,11.69,0.37
6cfe9d37-b434-446d-8de2-ce294f50b16a,2026-04-17,CUST-249888,103.48,3932.2400000000002,2026-01-21,146.53,2025-12-27,0,1,16.04,4.02,39.17,Enterprise,1.73,-3.73,48.79,2.4,Enterprise,95.29,-4.58,3.03,0.42
a0716e6c-b0d0-445d-b219-13f1aab96d33,2026-05-19,CUST-826335,91.97,2391.22,2025-08-25,76.74,2026-03-22,0,2,19.39,26.2,16.92,Basic,1.76,4.69,197.62,7.44,Prepaid,98.42,-3.37,9.54,0.14
4cb7e02c-1d8a-4387-bae6-baf8aeab8ab0,2026-02-13,CUST-964246,72.98,4013.9,2026-03-13,96.1,2025-09-05,41.07,1,41.92,28.03,19.06,Family,1.17,6.7,193.82,5.26,Enterprise,96.71,-1.93,6.06,0.35
096c0c6a-db65-4e37-b742-07e5a7e00951,2026-07-05,CUST-940909,25.74,1261.26,2025-07-25,37.62,2026-06-18,0,1,24.79,12.62,27.19,Basic,2.98,0.16,116.55,9.36,Enterprise,96.52,-7.69,13.54,0.47
247f0be0-59a4-4283-afc8-c768a740cd69,2025-10-15,CUST-998770,105.18,5995.26,2026-05-15,78.36,2026-02-12,0,0,12,16.62,29.41,Basic,0.55,5.97,38.77,5.41,Postpaid,95.97,-7.1,19.6,0.44
d1d2d06d-c519-4020-9851-3422b61740cb,2026-03-06,CUST-845804,118.73,2255.87,2026-06-11,39.58,2026-06-23,46.51,2,43.52,23.15,17.16,Family,1.98,5.2,70.07,1.37,Enterprise,98.75,-9.25,17.08,0.48
0668b3ab-c127-4643-b518-9eb5924f9a19,2025-08-19,CUST-328521,76.96,3309.2799999999997,2025-09-26,126.53,2025-10-01,0,1,6.07,15.46,32.23,Basic,1.56,8.45,45.63,4.26,Postpaid,96.47,-9.85,0.1,0.12
14ff1eb1-fa68-474d-9bb2-fffb2d7f0fa2,2026-06-03,CUST-995329,20.89,271.57,2025-12-03,75.98,2026-03-08,0,2,49.04,16.48,21.74,Basic,4.99,-3.89,80.56,6.42,Enterprise,95.8,-9.17,2.32,0.3
3b3fc716-0fd8-4dcc-a631-3e0b91186fed,2026-05-11,CUST-500267,92.5,3607.5,2025-09-10,121.87,2026-04-27,18.88,0,14.68,11.43,28.75,Premium,0.63,-1.07,163.2,2.26,Postpaid,99.5,-6.25,8.48,0.26
4bbf4fa4-7397-4a31-b956-0f9d898dac7b,2026-04-18,CUST-106574,122.87,4914.8,2026-01-02,102.93,2026-07-20,0,1,1.41,14.58,45.12,Enterprise,0.21,1.84,136.26,2.35,Postpaid,99.89,-1.69,6,0.18
acea47cc-e1b4-4635-9ba6-7f55f219ba57,2025-08-07,CUST-259125,51.02,969.3800000000001,2026-07-05,81.85,2026-07-09,0,1,27.76,7.13,23.24,Premium,0.31,3.04,83.35,9.22,Prepaid,96.8,-6.53,11.62,0.2
2e2abe4a-46d7-449d-82b2-1b95eb7382eb,2026-02-07,CUST-426661,46.33,2779.7999999999997,2025-08-12,124.14,2026-01-19,0,2,1.13,7.71,45.55,Enterprise,2.04,-3.5,111.21,4.88,Prepaid,96.13,-7.59,0.22,0.5
ef0fe6d1-3b41-4c5c-a34a-eead9d3f1184,2026-03-08,CUST-943345,48.15,2359.35,2026-02-26,71.38,2025-09-25,0,1,43.09,25.16,28.22,Enterprise,0.72,-2.01,36.25,4.69,Postpaid,99.73,-0.19,17.06,0.29
a9fa6d75-e344-4088-a274-20ae19a721dc,2026-02-14,CUST-894104,144.22,5047.7,2026-01-17,193.25,2026-03-19,0,1,28.46,20.99,32.53,Family,0.8,6.09,76.14,3.92,Postpaid,96.27,-5.84,6.17,0.4
3d418fa4-a2a4-4793-9896-b63d8a65b362,2025-09-13,CUST-382460,28.17,1549.3500000000001,2026-07-11,45.41,2025-11-12,0,2,41.74,11.33,45.47,Enterprise,3.94,-4.22,191.49,2.14,Postpaid,95.26,-9.55,15.02,0.44
e43772ec-67cd-484d-a93c-756c52aa9c79,2025-10-20,CUST-655042,136.11,2994.42,2026-04-04,83.95,2025-08-03,0,1,5.42,9.49,13.01,Family,3.98,2.33,77.85,5.79,Prepaid,98.77,-0.93,6.72,0.28
368ec38e-cc48-4257-890d-93c9a2f28d6c,2026-04-03,CUST-968132,119.53,2510.13,2025-08-01,149.32,2026-07-04,0,0,32.52,18.28,27.71,Family,2.21,-1.63,139.4,2.6,Prepaid,96.25,-8.77,9.15,0.21
ca57a382-b16f-48a5-b114-a269da51fccb,2025-09-08,CUST-199866,117.05,2106.9,2025-07-27,190,2025-11-08,0,1,37.78,14.61,37.34,Family,3.8,3.21,67.08,7.48,Prepaid,95.06,-7.44,11.02,0.4
b3952c8b-a1eb-4bad-b7a3-b8a40c6c4a63,2025-10-24,CUST-874645,113.28,5664,2025-12-02,51.96,2026-04-15,0,1,4.06,11.47,17.28,Family,3.61,9.39,53.11,2.44,Postpaid,98.34,-6.82,4.62,0.35
6889e3ff-dd3b-473b-a3cb-3fe424d8e2ec,2026-04-10,CUST-879243,127.7,6768.1,2025-10-25,171.33,2025-08-31,0,1,17.02,5.17,20.29,Enterprise,3.17,-0.75,56.15,7.45,Enterprise,99.75,-4.44,0.43,0.28
10063c72-ef95-40b0-ac44-b962253e0f5b,2026-06-19,CUST-464059,149.72,6288.24,2025-10-06,98.16,2026-01-25,0,1,2.74,1.5,26.15,Premium,1.15,6.97,129.24,4.94,Postpaid,97.78,-1.11,9.75,0.21
4c159d3f-f07b-460e-a3ad-df149b9fa2b1,2025-07-26,CUST-139957,35.42,1133.44,2026-01-06,103.31,2025-11-25,0,2,0.02,2.93,13.87,Basic,2.46,9.66,46.76,0.67,Postpaid,97.45,-7.21,17.17,0.12
c577664b-860a-4207-9fb7-a0c726f807a3,2025-12-01,CUST-830910,111.92,4588.72,2025-10-26,162.41,2026-05-04,0,1,7.42,4.38,43.93,Basic,1.37,1.75,137.32,0.91,Enterprise,99.95,-7.95,0.25,0.45
2b39031c-b462-442f-8a9e-2bfb75da7e0e,2026-01-10,CUST-274934,112.72,4734.24,2025-09-30,181.37,2026-05-12,0,2,0.29,2.58,36.79,Family,0.37,0.45,131.58,9.68,Enterprise,98.75,-0.65,2.01,0.26
cdf40217-dade-4d6a-8c80-7e4a04f7d2b1,2025-08-08,CUST-323823,26.68,1334,2025-08-06,171.8,2026-02-19,0,0,3.66,13.38,35.94,Basic,1.43,1.88,53.63,7.29,Prepaid,96.43,-7.58,5.39,0.11
74f55cad-3fe5-4a69-b7c9-f39b223a6322,2026-01-29,CUST-938433,50.12,1453.48,2025-10-21,66.86,2025-11-12,0,0,35.66,12.76,27.17,Premium,2.81,-0.2,190.86,8.97,Enterprise,96.8,-2.69,17.44,0.44
0acf054a-631c-42b8-88d1-c612a00472d5,2025-10-09,CUST-155811,143.17,3865.5899999999997,2026-07-18,198.3,2025-11-22,0,0,30.41,24.2,29.64,Premium,4.89,7.41,188.48,0.84,Prepaid,97.19,-5.91,15.65,0.41
05cb2d29-8db6-4797-89e5-ec3039526939,2025-07-25,CUST-538229,48.15,2648.25,2025-08-13,135.67,2025-09-21,13.4,1,18.37,7.04,35.23,Premium,2.3,-2.59,47.11,7.19,Prepaid,96.47,-7.53,8.88,0.48
63a99cb1-d82c-47d5-a3e7-5e064f37d61d,2026-02-09,CUST-456476,85.1,2212.6,2026-02-26,130.71,2026-07-14,0,0,6.41,28.9,41.86,Family,2.27,7.53,101.34,9.33,Prepaid,96.25,-4.25,9.37,0.19
88f93e73-0192-402f-ba42-b12cc181dac1,2026-04-20,CUST-710892,56.52,1921.68,2026-06-07,115.03,2026-06-23,46.37,1,19.18,28.88,30.01,Premium,2.3,8.7,74.21,5.13,Postpaid,98.95,-0.1,1.94,0.13
c97f287f-7493-4eb3-aa60-feeb13eb17d3,2025-08-06,CUST-839807,49.17,2310.9900000000002,2026-04-18,100.31,2026-07-24,0,2,15.58,10.05,47.25,Premium,0.65,6.31,73.58,6.73,Prepaid,95.78,-4.59,1.66,0.22
96fe9b71-d882-4733-b5cb-fdff22dc7fe6,2026-05-29,CUST-748187,28.57,914.24,2025-09-25,184.59,2026-04-04,0,0,48.21,2.91,32.54,Basic,3.95,6.49,56.79,2.98,Postpaid,95.1,-9.51,2,0.48
46dca38b-1a6a-461b-b894-646efe05f731,2025-11-24,CUST-701535,20.43,388.17,2026-01-04,29.56,2026-07-12,0,1,7.7,8.77,14.2,Enterprise,3.32,3.04,192.55,4.31,Postpaid,96.71,-8.09,12.64,0.3
35062ddb-584e-4fef-bfba-e2488645da17,2025-11-23,CUST-311238,41.67,1000.08,2026-01-02,20.08,2025-08-17,33.36,1,19.48,7.32,43,Premium,1.47,2.57,171.65,6.12,Postpaid,95.64,-0.64,0.89,0.13
3715f422-40d2-4a4c-93ee-c374d9788ff9,2026-06-22,CUST-805271,34.16,1639.6799999999998,2026-05-28,140.89,2026-06-08,0,1,14.34,8.13,45.4,Enterprise,4.41,3.29,79.36,7.65,Prepaid,99.33,-8.66,8.72,0.35
eefa4f18-8e82-4ca4-99a9-109611f71851,2026-03-01,CUST-544386,83.78,3099.86,2025-12-06,145.76,2025-09-15,0,2,31.89,15.08,23.85,Basic,2.66,3.19,161.43,0.54,Enterprise,96.61,-7.56,0.19,0.19
1ff5bd4b-b52f-4b7a-b07f-bae575e6f39b,2025-08-11,CUST-122323,66.04,3896.3600000000006,2026-01-05,87.41,2026-01-13,0,1,44.88,15.5,35.36,Enterprise,0.98,-0.95,121.14,6.79,Prepaid,95.36,-7.93,14.57,0.19
49e9ac69-73af-4ffb-ac56-4303761a1154,2026-04-29,CUST-673420,84.16,4628.8,2026-03-08,59.33,2026-01-24,0,1,44.08,18.78,39.31,Enterprise,0.15,-1.75,78.5,3.04,Enterprise,96.87,-4.86,10.35,0.4
0f892ae9-d7f5-42d1-833b-53797e05ad39,2025-09-10,CUST-551133,82.5,3795,2025-08-02,31.81,2026-03-24,0,0,43.81,25.09,34.27,Enterprise,1.08,4.81,188.43,1.84,Prepaid,98.51,-0.63,9.04,0.1
0961801d-936d-4a93-9933-7ef474cac03e,2026-03-26,CUST-406817,97.1,4660.799999999999,2025-08-26,184.12,2026-05-27,0,1,9.05,16.91,48.68,Premium,4.16,6.76,111.05,0.31,Postpaid,96.33,-6.34,7.18,0.21
4a7bd78c-38ce-4003-aa59-9c19ce399d98,2026-06-29,CUST-309279,128.48,1798.7199999999998,2026-06-08,129.15,2026-01-11,0,0,1.17,17.53,40.62,Enterprise,3.32,2.18,138.48,8.11,Postpaid,96.72,-3.93,13.92,0.24
f43ca13c-39fb-43b0-b8ac-58b0d3633236,2026-01-24,CUST-782169,56.7,1360.8000000000002,2026-06-23,172.67,2026-06-02,41.08,2,20.55,28.55,34.41,Family,2.59,7.6,87.88,1.8,Prepaid,97.74,-8.16,18.02,0.22
75101dfc-b59c-4706-a561-49e9c449452d,2026-02-21,CUST-295584,25.85,517,2025-09-22,160.3,2025-08-10,0,2,39.6,26.86,35,Premium,2.63,7,76.16,2.56,Prepaid,98.41,-9.5,15.51,0.24
d4930b5b-2b98-45b7-8295-6d161c9794ac,2025-12-28,CUST-743996,92.31,5446.29,2026-07-07,185.98,2025-12-23,0,2,38.43,8.78,48.96,Family,1.57,2.16,59.08,2.94,Postpaid,99.89,-1.05,7.98,0.19
7634da05-3edb-4aef-89a4-e8556e57b6ba,2025-12-17,CUST-677096,122.21,2077.5699999999997,2026-06-30,41.86,2025-10-21,0,1,36.7,4.66,49.64,Basic,3.53,2.25,172.85,6.43,Postpaid,97.02,-2.38,10.43,0.4
1364261d-31ae-410e-81ff-2eb0d8b28ed8,2025-11-20,CUST-528193,45.42,1498.8600000000001,2026-03-18,109.55,2025-09-20,0,1,30.96,4.37,36.4,Basic,1.88,8.39,91.52,8.03,Postpaid,96.3,-3.52,7.22,0.29
212574a5-e914-477c-a7e9-eda71f144abd,2025-11-25,CUST-547389,85.74,4629.96,2025-08-23,60.65,2026-03-30,0,1,47.21,7.47,27.57,Enterprise,2.16,2.99,162.42,7.62,Enterprise,95.85,-4.25,15.62,0.34
613bfd1a-f6dd-4c44-bcd4-8eb34b1ff963,2025-08-25,CUST-939133,59.66,1431.84,2026-06-19,167.35,2026-07-15,0,2,3.35,29.47,40.03,Family,3.96,-1.2,122.12,2.92,Postpaid,99.89,-3.3,18.8,0.28
a625667a-97fe-42d9-8b77-d3f847483d2c,2025-10-21,CUST-269464,44.89,1301.81,2025-08-24,192.34,2026-03-12,0,0,46.68,4.54,20.44,Family,1.46,5.25,149.8,3.26,Enterprise,95.17,-6.74,6.99,0.43
a3d2c262-cc26-49cf-b03f-3c8b26c21eac,2025-12-05,CUST-808457,144.56,2023.8400000000001,2025-09-23,76.94,2025-11-01,0,0,6.3,16.4,15.65,Family,2.88,5.62,163.3,7.97,Enterprise,98.51,-5.51,19.03,0.13
7b270bdf-cb9f-4715-aadf-f3dd8c88362c,2026-02-22,CUST-735349,109.13,2073.47,2026-06-20,117.29,2025-12-02,0,0,29.47,21.68,20.75,Enterprise,2.52,-2.69,120.81,9.68,Enterprise,95.58,-4.44,7.83,0.27
56c829de-18c9-4625-b85c-ebea7b663f13,2026-04-06,CUST-524004,25.76,1056.16,2025-09-30,147.09,2025-12-31,0,0,27.02,2.83,18.27,Family,0.98,1.94,146.4,7.09,Prepaid,95.24,-5.82,2.47,0.33
8cdf4c56-a069-4721-9eb9-1beb73f5ace3,2025-11-14,CUST-478626,92.88,3343.68,2025-12-12,45.61,2026-01-16,20.11,1,35.99,7.15,33.86,Enterprise,3.22,-0.81,133.58,8.62,Postpaid,96.97,-8.2,7.88,0.27
fc225fc6-1854-40be-bbce-6467714e2450,2026-07-02,CUST-626246,46.11,1613.85,2026-07-25,101.68,2026-01-09,0,2,49.35,2.01,41.3,Premium,3.51,8.09,133.81,1.83,Postpaid,95.16,-0.69,18.54,0.25
3b293a5c-7d2b-4639-b35a-9c801a2e4fdf,2026-05-10,CUST-172332,66.44,2126.08,2026-04-17,56.54,2026-06-26,0,2,13.58,15.77,42.41,Premium,4.3,8.8,189.74,7.53,Enterprise,97.8,-3.75,0.06,0.48
23913f43-7c06-48d5-9477-0cb7f38632eb,2026-06-20,CUST-491669,64.09,2243.15,2025-10-03,147.45,2026-03-16,44.65,2,16.79,13.33,42.12,Premium,1.06,4.26,177.05,4.44,Prepaid,97.24,-5.63,15.83,0.38
e8b5cc5a-a228-41bd-b67e-afaf4c543e32,2025-09-14,CUST-763365,25.71,359.94,2026-02-09,153.06,2026-02-12,0,2,41.81,17.09,42,Basic,1.03,8.49,102.37,1.94,Postpaid,99.85,-7.32,4.8,0.4
bb378a5a-1ec6-499c-ac92-0f7d225151ae,2026-07-06,CUST-941595,73.65,2062.2000000000003,2025-11-25,43.1,2025-11-29,0,1,19.28,6.16,38.76,Basic,0.93,3.49,82.35,3.08,Prepaid,99.95,-6.6,17.03,0.4
47fefccf-846a-4b68-bcf2-aaa1942f51c6,2026-03-14,CUST-138130,57.81,1676.49,2026-03-09,136.38,2025-10-22,35.81,1,30.44,22.17,14.12,Basic,4.83,8.54,151.09,6.58,Enterprise,98.74,-0.75,19.07,0.16
0d00ccd4-0928-447d-b51f-12a52eaac25b,2025-12-10,CUST-949004,39.83,1513.54,2025-11-23,129.01,2026-05-12,6.36,2,15.95,24.6,28.8,Family,1.96,6.46,103.52,7.95,Prepaid,99.7,-3.16,15.24,0.45
9289ac0f-a44b-439c-9dbb-ca46bbcc6ee3,2025-08-09,CUST-994090,89.99,2339.74,2026-02-20,167.19,2025-10-27,0,1,22.54,13.29,36.82,Family,0.78,2.31,66.38,7.86,Postpaid,95.82,-9.95,13.65,0.49
9fcd9e4d-0a23-44ec-a00a-0d0f6e135b6e,2025-12-10,CUST-233722,93.92,2441.92,2026-04-28,128.97,2026-04-18,0,0,36.18,25.79,35.66,Basic,2.97,-4.59,109.76,8.17,Postpaid,99.88,-6.85,6.69,0.3
cb0ee473-4ad0-43c9-8be5-72127a7410fc,2026-06-15,CUST-867167,73.6,2208,2026-04-13,49.54,2025-12-03,0,0,19.52,5.86,19.25,Basic,3.8,5.75,157.83,9.62,Prepaid,98.5,-0.17,11.8,0.22
c004de4a-70ae-4377-aaa0-b50e46b30011,2026-01-25,CUST-689344,33.7,1449.1000000000001,2026-05-21,175.22,2026-01-05,0,1,21.85,7.72,12.62,Family,2.68,1.19,95.46,3.66,Prepaid,96.5,-6.69,4.36,0.42
557069b0-f61a-46ae-85b6-09d364c85e99,2026-05-18,CUST-544339,88.76,2396.52,2026-04-04,22.24,2025-10-09,0,1,22.35,22.04,27.11,Premium,4.46,9.92,50.93,6.27,Prepaid,96.74,-8.37,1.52,0.25
ddfda6d6-364c-4d7e-a0ef-0bbd867f01b1,2025-08-10,CUST-534966,83.57,3927.7899999999995,2025-10-18,36.67,2026-02-11,49.38,2,6.77,27.29,34.44,Enterprise,0.4,1.29,43.48,5.6,Enterprise,95.4,-9.41,9.4,0.34
d25fa389-e91e-4b15-bdbe-ee6da98b3c7b,2026-07-12,CUST-708898,79.43,1668.0300000000002,2026-01-01,87.99,2026-06-21,0,1,4.95,13.89,44.46,Family,0.86,3.06,184.16,9.27,Prepaid,98.85,-4.36,10.46,0.16
7530b2c9-29c0-4589-9531-efe7c266e39e,2026-04-30,CUST-743183,99.91,4995.5,2026-03-06,144.67,2025-12-23,0,1,34.1,16.6,48.9,Premium,3.48,6.2,105.81,2.79,Postpaid,99.55,-1.34,13.09,0.42
7d07ad38-94ba-4256-ae66-b2a30bf9fa68,2026-02-25,CUST-935298,65.88,1515.2399999999998,2025-08-07,125.49,2025-09-02,0,2,34.37,19.25,27.49,Basic,2.15,5.57,57.13,0.32,Enterprise,99.61,-6.85,11.14,0.15
ac65ab1a-67a8-421b-a2ab-2af4d33c67f6,2026-06-15,CUST-906403,20.73,1077.96,2025-11-29,128.83,2025-10-10,0,0,42.71,10.49,22.74,Family,2.51,-4.44,69.41,9.39,Enterprise,95.28,-1.2,14.31,0.37
fc1e8b7d-c502-4f38-85e3-a4cf9fb0714c,2026-02-21,CUST-130071,75.27,2107.56,2025-11-11,106.6,2026-04-30,21.16,2,7.89,18.55,14.5,Premium,2.54,0.76,61.16,9.85,Postpaid,95.3,-2.27,9.89,0.15
161b6b80-f7f8-45af-9d96-8916c1d50980,2026-03-31,CUST-670021,85.73,2914.82,2025-10-20,50.28,2026-04-21,0,1,47.77,26.84,25.05,Premium,2.55,8.54,194.88,7.54,Enterprise,96.66,-7.1,19.01,0.39
6adea75d-c9a2-4134-ab03-81ad615e61f8,2026-02-06,CUST-772209,58.42,1869.44,2025-08-17,132.92,2026-04-01,0,2,13.4,27.45,15.37,Basic,1.36,-3.29,199.86,9.41,Postpaid,96.74,-1.35,13.83,0.39
62c40699-a8e6-4164-86e9-1629da8ec834,2026-06-25,CUST-607479,97.63,4393.349999999999,2026-03-08,174.35,2026-03-04,0,2,17.53,4.51,17.51,Family,3.08,0,52.68,8.37,Postpaid,99.42,-3.05,6.69,0.3
5aebcc2a-7bb8-41d9-af31-f61aa8f8f616,2025-09-11,CUST-697639,118.75,3206.25,2025-11-10,154.29,2025-11-19,0,1,6.41,28.62,34.18,Family,2.31,9.49,43.64,2.29,Prepaid,96.82,-1.96,0.78,0.17
5b88ace7-dafd-4ad6-ac55-24d28aef5366,2026-02-28,CUST-759065,86.54,2163.5,2025-10-06,46.35,2025-09-12,0,0,46.3,2.83,12.59,Premium,4.01,-1.27,177.49,9.14,Prepaid,97.53,-7.23,12.52,0.12
09558e3a-b1d9-49ce-987f-158a74795919,2025-12-16,CUST-597110,131.98,6071.08,2026-04-15,137.45,2026-05-11,0,0,8.92,9.5,42.44,Premium,3.07,2.78,194.83,2.56,Prepaid,97.33,-0.55,4.58,0.15
188a6837-d7b0-4dd4-a91e-be7cd28d24b8,2025-11-06,CUST-197588,60.88,1400.24,2026-07-07,72.2,2025-09-24,22.02,1,33,0.42,20.55,Basic,1.04,5.19,86.76,0.94,Postpaid,97.41,-7.58,15.42,0.14
f87d92f2-3672-4c0c-8d49-7672650ca426,2025-10-15,CUST-424067,49.73,2834.6099999999997,2025-09-05,62.87,2026-07-09,0,2,49.39,19.16,32.67,Family,0.26,1.57,80.25,4.12,Prepaid,98.87,-9.09,8.75,0.23
6380582f-4094-4590-870d-5145eb409ed1,2025-10-22,CUST-149491,96.27,5487.389999999999,2025-12-19,148.97,2026-07-18,0,0,24.13,22.25,43.18,Enterprise,4.29,5.68,169.25,0.91,Postpaid,95.03,-7.31,2.09,0.49
08ee349b-2236-4b77-915f-cafbfa74d47a,2026-06-10,CUST-547941,88.48,5220.320000000001,2025-10-22,53.95,2025-10-18,0,1,37.19,7.16,20.73,Family,4.42,0.6,169.86,1.24,Prepaid,95.27,-0.61,11.62,0.17
71f21680-c8e9-452d-8aa7-cf6954999592,2026-02-15,CUST-186463,28.64,544.16,2026-04-22,21.64,2026-03-05,0,1,13.88,21.14,10.45,Premium,2.31,4.1,89.27,8.71,Postpaid,97.99,-9.99,15.35,0.16
87555d5f-d4aa-475d-8672-14460cb16d32,2026-05-11,CUST-504803,113.55,6585.9,2026-07-16,54.54,2025-11-01,0,2,46.1,25.2,14.92,Basic,0.76,1.86,188.54,5.26,Postpaid,97.76,-6.76,4.59,0.13
1a756201-b9bc-42f6-b3d1-77f1d8ebf6d5,2025-12-16,CUST-121852,118.81,3207.87,2026-01-06,132.02,2026-03-27,0,1,17.6,6.76,13.08,Basic,4.53,0.41,59.69,4.78,Postpaid,99.56,-5.25,14.87,0.49
fbc914e5-f32d-42b2-8be6-413248657f8b,2025-11-13,CUST-458616,61.72,2221.92,2026-05-15,186.95,2026-02-05,0,2,44.28,9.62,30.06,Family,2.86,1.07,146.37,8.79,Postpaid,98.42,-4.25,7.86,0.15
0c46d681-609a-4e5d-be15-1ea816e071ef,2026-05-15,CUST-289675,42.15,1222.35,2026-05-01,59.62,2026-05-26,0,0,25.3,28.94,40.94,Family,3.53,6.72,55.34,1.09,Prepaid,99.51,-9.74,2.69,0.26
76364e9e-960b-4134-879e-824d8fca08d4,2026-04-23,CUST-394165,81.48,1140.72,2025-10-07,90.36,2025-08-22,0,1,26.92,23.63,45.36,Family,3.32,-1.65,92.42,7.93,Postpaid,97.35,-8.83,17.85,0.13
b72b4db8-9b6f-4394-9c35-e8cd7a6766be,2026-04-09,CUST-821945,22.78,1093.44,2025-12-19,146.55,2026-05-21,0,0,36.26,7.27,43.5,Family,2.38,9.65,188.73,2.25,Enterprise,96.79,-2.31,5.64,0.15
dbbe7c8a-b6f2-470c-867d-0393caa7933e,2025-12-11,CUST-968782,88.19,1322.85,2025-12-22,29.09,2026-02-18,0,2,35.45,3.21,47.55,Enterprise,1.02,0.27,144.09,0.95,Postpaid,97.86,-3.5,10.66,0.16
0564d1c4-d8bd-45fe-b551-74670778244b,2025-08-16,CUST-707751,126.85,3298.1,2025-11-11,65.07,2026-06-04,0,0,29.48,2.63,40.81,Family,1.2,0.5,116.56,3.8,Postpaid,98.32,-9.65,4.87,0.44
3b6ce0a7-5a07-458a-a9a9-72b3f3d65cb7,2026-03-01,CUST-388787,124.88,6244,2025-08-19,132.03,2025-10-04,16.12,0,34.37,27.89,32.48,Premium,1.97,0.27,40.23,5.29,Prepaid,95.43,-2.43,8.08,0.49
afc37358-daae-463b-bee6-d08213cc2ada,2025-08-02,CUST-370611,46.32,2130.72,2026-06-22,171.3,2026-05-29,0,1,34.07,6.88,27.23,Premium,3.74,6.75,65.7,2.76,Prepaid,97.66,-5.9,6.48,0.22
9a141af6-dfb0-47bf-a568-5a6377839da4,2026-07-02,CUST-700810,52.39,2724.28,2026-07-04,192.85,2026-03-22,0,2,44.41,4.72,39.9,Premium,4.71,8.51,127.79,1.4,Prepaid,98.83,-3.47,6.22,0.3
adab8a32-84d7-4c1c-904b-1b792788d634,2026-01-12,CUST-998061,111.33,1669.95,2026-03-20,86.09,2025-09-21,0,1,8.88,12.83,26.02,Enterprise,3.19,-2.59,140.56,8.44,Postpaid,98.44,-6.75,4.42,0.16
3f84aa76-e0fe-44f4-aca1-4c2ad5151f7f,2025-09-14,CUST-279203,94.91,2182.93,2026-06-08,152.23,2026-06-09,0,0,28.74,5.39,28.72,Family,2.91,-4.65,111.61,9.15,Prepaid,97.54,-1.38,6.6,0.42
c4154b0f-799d-4088-8caa-af1ce17ee32a,2025-08-31,CUST-741919,99.88,3296.04,2026-05-27,37.08,2025-10-18,0,2,45.16,20.18,19,Family,1.01,3.44,30.05,0.01,Prepaid,98.65,-4.11,10.03,0.28
93e1a8ce-2b72-42c0-919f-2e7fb7f70e09,2025-10-22,CUST-575029,108.04,2701,2025-09-22,117.79,2026-07-18,0,2,32.34,25.58,22.58,Basic,2.92,2.59,174.95,4.19,Postpaid,95.14,-0.88,6.88,0.45
26636ed9-9bbf-4fb0-8dfc-eff975830dc3,2026-06-04,CUST-757027,47.69,2432.19,2025-07-28,112.83,2026-03-04,0,1,22.17,24.83,38.92,Premium,4.89,-4.18,82.06,3.41,Prepaid,99.12,-5.04,6.66,0.17
537a13c7-c982-4347-930e-6c9a411c8b39,2026-03-19,CUST-931626,92.94,4275.24,2026-04-15,95.92,2025-11-25,0,1,43.02,24.43,39.46,Premium,1.14,9.74,83.82,2.48,Postpaid,96.87,-7.58,8.85,0.41
21405022-b2cb-444a-aae0-e057c70f9774,2026-05-30,CUST-127375,60.39,1932.48,2026-05-12,137.24,2026-01-31,20.15,1,23.2,4.07,43.76,Family,3.15,4.57,83.03,9.7,Prepaid,97.75,-5.63,6.08,0.35
bd6b08e3-756f-49ab-ba62-0a715d42168f,2025-11-20,CUST-933661,109.49,2846.74,2026-03-19,126.34,2025-08-07,0,1,38.89,24.1,44.37,Basic,1.3,7.32,164.67,3.15,Prepaid,95.68,-6.84,8.76,0.37
f9bfb3e2-d0f4-4f6c-9696-c39961803965,2026-04-26,CUST-641954,22.95,734.4,2025-08-18,157.77,2026-06-22,0,2,2.84,7.47,19.55,Basic,2.27,-3.2,141.29,2.69,Postpaid,99.85,-9.92,16.18,0.29
5dd52936-7bc4-4825-adcf-954d1aec85dc,2025-09-19,CUST-381125,56.8,2158.4,2026-03-08,91.69,2025-11-15,0,0,6.49,27.26,21.67,Premium,3.36,4.69,167.17,2.23,Postpaid,96.56,-5.29,5.98,0.39
2ab01710-a315-4fca-8e88-9d6d9cd48665,2026-02-14,CUST-683986,102.86,3291.52,2026-03-14,184.05,2025-08-17,0,0,37.67,17.77,15.57,Enterprise,0.11,-3.23,124.83,1.39,Enterprise,98.53,-9.64,13.17,0.29
446b7966-c6ec-4800-b09c-b416379ff115,2025-08-29,CUST-210085,114.74,6425.44,2026-07-08,52.29,2026-01-14,7.59,1,31.34,23.35,45.41,Family,0.92,-3.23,152.14,9.31,Enterprise,97.88,-3.37,15.45,0.44
d7b9bd29-79a5-4f38-b083-24b336e8cf61,2026-07-03,CUST-775872,70.12,3786.4800000000005,2025-12-05,90.69,2025-11-30,44.6,2,0.06,27.93,49.25,Basic,3.32,-0.22,136.97,8.23,Prepaid,98.92,-9.5,0.37,0.17
8f6fb934-1cb9-45a7-9a16-f53307707be0,2025-08-08,CUST-441914,78.05,3434.2,2026-06-20,143.47,2025-10-01,0,1,49.87,11.76,20.62,Premium,1.96,-3.13,105.92,4.12,Prepaid,95.13,-2.86,15.34,0.27
5875c2aa-e94b-4875-9b0b-6fcd1f2d8809,2025-08-25,CUST-236749,120.85,3746.35,2025-09-13,122.85,2026-03-06,0,2,24.74,20.15,11.56,Enterprise,3.51,1.45,116.33,2.67,Prepaid,97.82,-5.89,6.59,0.15
2e558d39-4a25-4ee3-b959-5c22fea8511a,2026-03-25,CUST-766239,138.66,6655.68,2026-06-17,186.41,2025-12-09,0,2,37.97,8.75,19.28,Enterprise,2.35,8.49,42.09,9.09,Prepaid,99.9,-6.92,10.74,0.25
9cb875e9-d33b-4beb-af35-1cb88f13fc37,2026-02-27,CUST-130717,59.26,1422.24,2026-04-26,96.63,2026-03-30,0,1,40.85,20.24,31.83,Family,3.2,9.98,32.55,1.57,Enterprise,99.19,-1.14,8.38,0.47
2e493c8c-1d9a-4109-b03e-9aa53447a213,2025-10-23,CUST-101633,91.87,1561.79,2025-08-07,153.39,2025-09-11,0,1,16.71,9.52,37.5,Family,3.9,2.47,41.62,0.17,Postpaid,96.63,-9.05,16.67,0.1
1833a894-77dd-4418-9903-a948604fcf85,2026-01-24,CUST-756335,57.91,3069.23,2025-10-07,89.67,2025-08-22,0,1,16.12,18.68,28.32,Enterprise,3.32,1.48,144.92,7.78,Prepaid,97.04,-1.27,14.72,0.18
ac6e0513-c95c-487d-b9fe-1f7221ea89e7,2026-04-01,CUST-935195,112.05,3697.65,2025-09-03,133.25,2026-02-10,0,0,43.07,3.09,49.37,Premium,2.47,1.17,68.89,7.74,Prepaid,95.09,-8.73,14.7,0.39
5088cb97-a16a-44ab-9b9b-9caf71976ab5,2026-02-04,CUST-513500,52.67,684.71,2026-07-18,142.86,2025-08-07,0,2,6.84,2.45,22.66,Premium,2.85,8.59,154.47,6.06,Enterprise,96.17,-4.2,7.47,0.25
df9f5329-4b0a-49ff-81d2-3bebd462b68a,2026-01-24,CUST-529272,112.14,4597.74,2026-03-10,119.42,2025-12-28,0,1,12.74,25.04,13.34,Enterprise,0.5,2.3,90.08,2.14,Prepaid,97.47,-2.23,2.68,0.25
f7d49461-9a70-4a6a-8811-ea5aaa04134c,2026-02-18,CUST-198187,128.96,3224,2026-03-01,108.27,2026-06-19,0,1,0.19,3.52,32.03,Basic,4.04,-1.71,156.99,8.32,Prepaid,96.65,-3.16,15.81,0.11
31ee351b-87b6-46f4-9c7b-02e7675a3ee3,2025-12-11,CUST-757630,51.97,935.46,2026-02-21,196.71,2025-10-06,0,0,12.03,15.77,31.5,Family,3.58,4.8,134.55,5.94,Prepaid,98.83,-1.41,16.91,0.29
e658c101-d3ef-4082-91a4-3c1e45716e31,2025-11-03,CUST-890690,65.09,3775.2200000000003,2025-11-18,168.74,2026-01-03,9.14,1,17.77,26.94,35.34,Basic,4.62,-3.08,37.39,6.54,Prepaid,98.75,-5.14,4.86,0.21
fa36dd7d-0edc-48b9-892b-229b374318d5,2025-12-16,CUST-664424,78.85,1182.75,2026-06-17,56.96,2025-10-29,0,1,23.51,11.27,41.4,Basic,2.65,3.49,87.21,4.87,Prepaid,95.79,-2.62,4.59,0.42
129e1cf4-140a-4edd-8aa6-a73b4c909830,2026-03-04,CUST-465555,33.94,576.98,2026-07-10,188.81,2026-02-06,0,1,43.76,29.07,18.41,Premium,3.93,-3.79,30.66,4.22,Enterprise,97.64,-5.67,8.07,0.36
d3d15c0a-9da4-438f-a323-eaa516400c35,2026-07-16,CUST-204672,76.77,1842.48,2026-07-01,133.41,2025-11-20,0,2,48.98,27.5,48.48,Family,3.54,-3.14,142.45,2.38,Enterprise,98.02,-6.49,9.37,0.47
766ed31d-dfdd-4490-bb80-4d49d549901c,2026-05-30,CUST-889817,87.81,2019.63,2026-03-24,99.49,2026-05-14,0,1,12.52,15.74,48.95,Basic,3.06,5.64,170.32,6.75,Postpaid,96.29,-0.67,17.11,0.11
b57b3170-4448-42f1-963e-1db979450a8a,2026-07-05,CUST-864307,52.28,2248.04,2025-08-23,56.05,2025-07-29,0,1,7.05,13.64,24.54,Basic,1.88,-2.9,70.3,1.16,Postpaid,95.99,-7.54,4.44,0.2
7eed8ea1-fe66-4138-b0bb-54b03e367247,2026-07-10,CUST-742121,94.51,3496.8700000000003,2025-08-23,192.25,2025-09-17,0,1,22.97,19.8,41.47,Enterprise,0.61,7.18,195.57,8.6,Enterprise,99.65,-7.72,14.7,0.45
a254f1bc-dbfc-4f9e-89bb-d355b0b7d064,2026-01-11,CUST-352251,147.69,4135.32,2026-06-17,130.1,2025-09-29,0,1,33.72,16.73,43.37,Family,0.99,3.11,95.42,1.95,Enterprise,99.29,-2.94,17.07,0.23
b34ea86d-579d-4c68-b225-8843479669b2,2025-08-21,CUST-876883,69.79,1186.43,2026-02-26,54.2,2026-03-31,0,0,27.46,1.74,38.47,Premium,3,-0.29,58.42,6.08,Postpaid,96.22,-8.87,14.99,0.12
134cd2b5-ab28-4351-afde-1301ad18dce0,2026-02-03,CUST-852445,135.96,5982.240000000001,2026-04-29,95.74,2025-08-23,0,1,37.38,9.77,40.21,Basic,4.89,3.49,113.69,4.17,Prepaid,99.19,-8.02,8.75,0.29
f6ed6fb7-17c1-43ea-94ec-9e7f34152f66,2026-07-02,CUST-845163,138.74,3191.0200000000004,2025-12-31,132.13,2025-12-10,0,0,49.47,4.45,49.22,Basic,4.89,-0.5,149.95,1.45,Prepaid,96.41,-3.75,3.44,0.49
7f7ff4b4-61b2-452e-966a-b370460c87de,2026-04-01,CUST-588921,38.33,1571.53,2026-06-19,186.74,2025-08-10,0,0,49.32,20.39,10.87,Family,1.84,3.97,148.49,5.78,Prepaid,96.16,-5.4,13.65,0.12
74b24784-26fc-4e6d-8064-4a15db58025e,2026-04-18,CUST-481225,55.1,2259.1,2026-03-07,133.42,2025-08-10,0,1,24.53,27.55,40.5,Enterprise,1.15,4.99,166.98,0.49,Postpaid,96.16,-9.77,8.7,0.3
2f3ca778-023e-4b68-9608-7e1696739c80,2026-07-07,CUST-947088,113.32,3512.9199999999996,2025-09-07,29.7,2026-01-11,0,2,35.09,13.57,26.49,Premium,2.6,5.48,123.14,8.01,Postpaid,97.61,-7.6,14.51,0.46
c0664954-3409-468c-b21d-1a2a764355e0,2025-10-27,CUST-450138,111.04,5996.160000000001,2025-09-19,58.71,2026-02-04,0,0,12.81,23.09,48.4,Premium,3.02,9.18,118.96,6.07,Enterprise,99.19,-6.83,18.78,0.48
55fd79d5-859d-4082-8f6e-287b7d112302,2025-10-07,CUST-897132,138.54,6927,2025-08-25,124.02,2025-08-12,0,2,40.59,27.24,43.12,Basic,1.3,-3.57,154.88,3.33,Postpaid,97.39,-5.49,8.47,0.22
f3dbb847-dd98-4537-b853-c5f5a2e314ea,2026-05-24,CUST-793761,138.45,2630.5499999999997,2026-01-29,144.68,2026-07-17,0,2,32.56,14.25,14.06,Family,1.37,2.17,193.66,9.66,Enterprise,98.87,-8.83,1.6,0.11
0a4a5769-f71a-4878-8e27-27f5978cd376,2026-06-10,CUST-827129,140.65,5626,2025-12-11,51.3,2025-08-15,0,1,48.55,1.2,27.87,Enterprise,3.68,1.8,47.35,4.48,Enterprise,96.12,-9.66,18.57,0.17
ec2a4ab4-cdca-495a-9694-2dd0517bbaa5,2026-07-19,CUST-933380,102.05,3265.6,2026-06-06,63.98,2026-04-05,0,0,48.04,27.02,22.51,Family,3.45,1.39,135.81,7.19,Postpaid,95.95,-9.84,9.21,0.2
f7f0ddc3-380e-411c-9c89-6c0a041502b4,2025-10-15,CUST-175832,91.01,3731.4100000000003,2026-05-23,189.98,2026-03-04,8.83,2,9.54,21.1,46.82,Enterprise,2.84,7.07,115.34,4.42,Postpaid,98.79,-9.42,4.96,0.28
fa329e0e-53d3-4a10-bcda-9872a7291598,2026-05-28,CUST-492777,108.23,4437.43,2026-01-17,66.13,2026-01-04,34.02,1,27.88,18,24.72,Premium,0.32,-4,95.54,4.23,Enterprise,97.21,-2.23,0.48,0.13
847e74de-bf70-48b4-9101-978fe36467ce,2026-03-28,CUST-624395,111.15,3001.05,2025-08-01,170.08,2026-05-31,0,2,7.37,16.74,45.72,Family,1,4.4,26.22,5.15,Postpaid,97.31,-9.23,16.82,0.21
b103864d-17b5-4927-a9d2-e4b3b91c8e7e,2025-11-14,CUST-145643,115.88,1854.08,2026-04-30,154.62,2025-11-18,0,1,11.49,25.67,24.66,Enterprise,2.14,-2.05,179.12,3.8,Postpaid,97.27,-0.89,3.73,0.23
9444ec45-9e88-447a-a50b-ffbcf092cebb,2026-05-09,CUST-432510,149.36,4331.4400000000005,2026-02-16,27.22,2025-09-23,0,2,15.02,3.04,27.1,Premium,4.44,-1.5,43.31,0.34,Prepaid,98.04,-9.63,13.62,0.5
e0ad7483-9075-4c80-8a7b-7b9e89f29f18,2025-12-20,CUST-220510,81.49,2770.66,2025-09-16,72.3,2026-05-23,0,2,30.21,9.3,20.24,Enterprise,4.22,3.45,136.84,8.89,Prepaid,99.44,-0.76,12.06,0.3
837b8b60-918a-4b2c-8cbf-e85c61561c33,2026-04-07,CUST-445652,144.16,4757.28,2025-11-15,109.48,2026-03-25,0,1,13.94,17.61,32.47,Enterprise,4.78,5.13,148.05,8.33,Enterprise,95.5,-5.34,13.13,0.1
77048b99-6257-4d54-9c7b-4f86fac430fb,2025-09-25,CUST-924409,24.89,622.25,2025-08-27,198.65,2026-01-21,0,0,33.68,14.31,13.11,Premium,3.2,8.61,145.63,9.28,Enterprise,97.57,-0.5,11.33,0.21
6c1851c6-2fed-4e97-b5ef-6847a29d72bc,2026-06-15,CUST-388386,47.8,621.4,2025-10-11,91.62,2025-10-02,0,1,43.36,22.11,45.49,Premium,4.23,6.72,100.82,1.83,Postpaid,95.23,-6.29,3.83,0.41
e21c2542-06e3-4ca5-a415-df4f73032b5e,2026-01-06,CUST-334480,49.33,690.62,2026-05-21,65.25,2025-08-31,0,1,46.11,5.11,17.51,Family,0.79,0.67,172.96,7.03,Enterprise,96.37,-6.94,19.05,0.36
97b9ed95-0583-4495-b799-b9034a8c7a4c,2026-02-06,CUST-241384,146.59,3078.39,2026-06-26,72.21,2026-05-31,0,2,33.04,28.41,18.73,Family,4.69,-0.76,165.57,1.41,Prepaid,96.81,-1.92,2,0.34
5266ac64-e20e-4cc0-9ce2-3e19854a8270,2026-01-08,CUST-650353,38.11,1219.52,2026-01-29,58.42,2025-08-18,15.15,1,38.5,17.75,21.59,Basic,3.33,-4.66,118.16,3.63,Postpaid,95.62,-1.15,6.83,0.37
5c186192-7cd2-46a0-8f7e-c3043a263648,2025-11-14,CUST-371401,42.31,1861.64,2026-04-01,24.16,2025-09-04,0,0,18.55,4.72,20.66,Family,4.32,9.58,131.71,3.79,Prepaid,97.44,-5.32,8.11,0.15
51695a11-2b3e-44f9-8e01-e6f8bc2ce995,2026-04-27,CUST-643471,115.37,6460.72,2026-02-01,136.67,2026-06-09,0,1,28.29,28.88,39.87,Basic,0.47,4.95,133.75,0.4,Prepaid,98.05,-8.58,18.46,0.42
130b6034-c54d-4475-8d55-eb66165922db,2025-12-05,CUST-696426,88.31,4150.57,2026-06-19,186.83,2025-11-08,0,0,2.34,22.93,22.93,Premium,3.45,2.62,120.52,3.14,Prepaid,99.72,-8.59,14.27,0.37
1bdec39d-740a-4cc9-a661-a2a6a237d3ad,2025-11-13,CUST-710868,57.22,2059.92,2026-05-03,121.54,2026-06-17,0,1,43.4,27.75,11.99,Premium,4.63,5.4,101.52,0.07,Postpaid,98.36,-0.09,11.48,0.37
9615f6e9-7075-46cd-b4f0-7e2ea5d1b9e2,2026-05-26,CUST-617388,85.4,2647.4,2026-05-09,190.87,2025-12-26,32.96,2,20.66,6.26,21.4,Enterprise,2.9,8.47,66.13,5.28,Enterprise,97.05,-7.41,12.56,0.22
a99f4ff2-dcf0-4677-b962-584e499ce192,2026-03-15,CUST-825589,67.18,3090.28,2025-08-30,64.03,2025-12-15,0,1,23.27,4.15,11.89,Basic,1.37,-1.94,195.68,8.5,Postpaid,99.79,-6.41,16.83,0.34
62701e09-0b83-4fcb-8b8b-2ce6afef8005,2026-02-11,CUST-685147,73.85,2363.2,2025-08-22,37.67,2026-06-08,0,1,8.27,23.54,26.05,Family,4.95,0.71,144.58,6.62,Enterprise,96.59,-6.74,13.69,0.42
1f3bc182-09e8-4c04-9026-f63b2a1ee370,2026-04-25,CUST-332862,98.2,4517.2,2026-06-15,37.6,2026-05-01,0,0,7.47,14.08,35.43,Enterprise,4.65,3.31,50.54,8.14,Prepaid,96.44,-6.44,10.65,0.43
5391fb35-1143-4bbb-bfca-6418dc874bb1,2026-04-03,CUST-404794,29.79,476.64,2026-06-15,57.01,2025-10-05,0,1,36.5,15.24,28.23,Basic,2.29,-2.54,45.95,0.18,Enterprise,98.82,-1.64,7.57,0.46
0c8aed9e-ffac-421a-a6aa-a5265044e175,2026-03-17,CUST-727039,38.31,651.27,2026-04-02,103.03,2026-02-28,26.46,1,12.8,14.22,13.51,Family,3.65,7.23,196.44,3.46,Prepaid,99.63,-5.01,4.27,0.48
82e3e343-cf93-4664-b651-8101991d5b35,2026-01-23,CUST-642694,80.15,1122.1000000000001,2026-01-16,88.64,2026-07-02,0,1,16.15,29.09,38.76,Basic,1.54,-2.16,175.22,3.02,Postpaid,96.89,-7.51,11.85,0.17
fcb265b8-f813-4170-a85d-781650683648,2025-12-08,CUST-192368,119.22,5126.46,2026-03-09,104.1,2026-03-07,0,1,29.55,29.43,34.88,Family,2.13,-4.86,140.98,9.74,Enterprise,97.81,-6.93,8.7,0.3
c3cae9f7-eb33-4609-b1b7-26636eef4838,2026-06-02,CUST-702566,47.86,1866.54,2026-07-02,138.61,2026-03-08,34.7,0,46.59,0.2,23.72,Enterprise,3.16,5.81,159.64,8.22,Prepaid,95.31,-9.51,17.9,0.4
5e7f717e-e1cd-49c3-976d-79eebb483a3c,2026-01-24,CUST-365071,56.3,2815,2026-05-24,31.51,2026-01-02,0,1,33.13,4.61,48.89,Enterprise,0.88,5.97,62.02,8.5,Prepaid,98.19,-8,6.75,0.15
aaf8411f-cf91-4ea1-a549-3cda9e13c1b0,2025-08-27,CUST-896936,88.59,2214.75,2025-09-30,58.59,2026-06-21,0,1,19.87,20,37.48,Family,3.38,-3.6,47.22,5.06,Enterprise,97.13,-9.86,16.34,0.4
1fa59be6-9c54-424f-bbe2-5f06a8a61d9d,2025-11-02,CUST-928073,142.91,6002.22,2025-08-11,130.62,2026-02-12,0,1,8.97,11.27,47.25,Basic,4.44,6.83,159.44,8.86,Postpaid,99.66,-3.57,0.59,0.13
fe0869ea-5fce-46b4-be00-ce2b47adb267,2025-12-26,CUST-162252,74.28,3936.84,2026-07-23,196.89,2025-08-13,0,1,44.54,29.68,40.49,Family,1.5,-4.59,151.53,4.71,Prepaid,95.3,-5.17,1.64,0.48
42b06dfa-48d1-45ad-b527-f3c405b1d340,2025-11-27,CUST-265327,42.33,1566.21,2025-08-23,199.3,2025-11-08,0,2,26.63,19.27,32.35,Enterprise,1.97,4.5,80.04,7.45,Postpaid,97.82,-6.8,8.74,0.16
5677157f-be68-4d06-9951-ba49b05c5cab,2025-11-11,CUST-784283,90.07,1441.12,2026-03-13,66.82,2026-01-01,0,2,24.76,9.43,30.74,Enterprise,1.46,-3.14,165.4,6.02,Prepaid,96.86,-2,12.25,0.18
2816746a-29be-4254-92a2-006d3115d5ab,2026-01-05,CUST-442839,57.57,863.55,2026-01-09,193.48,2026-03-16,0,2,47.36,0.59,39.83,Enterprise,3.37,5.84,98.43,2.32,Prepaid,95.62,-9.62,12.57,0.41
104d91fb-e842-472c-a467-88ed3129ed8e,2026-06-26,CUST-565252,139.29,7103.79,2025-11-21,77.64,2025-09-09,0,1,30.18,22.96,38.09,Basic,0.99,8.51,121.14,9.55,Postpaid,98.64,-4.06,19.67,0.28
f1f34e61-aaa7-4769-a1ee-8da6c66010bc,2026-04-29,CUST-341818,104.17,3541.78,2026-03-04,36.64,2025-12-29,21.39,1,35.96,28.49,29.88,Basic,1.45,5.23,162.99,9.92,Prepaid,99.32,-0.34,16.28,0.24
b56709ce-4cf4-4a15-9f6d-627743e9ae89,2026-01-02,CUST-346194,76.13,1903.25,2026-03-31,105.5,2026-05-11,0,1,16.93,25.99,11.21,Enterprise,1.38,-1.97,43.47,1.14,Postpaid,95.08,-9.74,19.28,0.18
14f8fa0b-2655-407b-94af-9c39c2ad63b5,2025-12-16,CUST-916143,140.16,6026.88,2026-02-28,135.51,2026-05-05,5.72,1,10.65,0.62,12.07,Family,0.24,8.39,135.58,9.26,Postpaid,96.13,-7.18,17.8,0.15
2914d1f9-7475-414d-a0f2-82c6a16c1b9d,2025-09-22,CUST-797406,116.13,5225.849999999999,2025-08-17,42.54,2026-05-13,0,1,20.4,21.7,39.61,Family,4.55,-0.65,97.99,7.28,Postpaid,97.5,-2.06,11.17,0.13
3bffffdf-04f8-4380-8dee-fce1562f4689,2026-02-10,CUST-889840,60.44,2175.84,2025-10-24,184.26,2025-08-05,0,0,39.51,0.81,30.85,Family,1.1,7.37,68.5,5.79,Enterprise,95.43,-8.5,7.47,0.43
c8a4082e-bed4-4307-aa82-55d04a0271b4,2026-06-02,CUST-935166,87.46,1224.4399999999998,2025-08-27,113.07,2025-08-20,35.71,2,46.08,1.01,39.2,Basic,0.8,0.15,124.5,8.16,Enterprise,99.97,-1.12,4.94,0.29
65a422bd-0efe-4e80-a888-2cd0eac384bd,2026-06-14,CUST-733065,76.14,2131.92,2026-04-25,154.43,2025-12-06,49.43,0,22.21,14.91,46.12,Basic,4.24,5.33,161.27,8.8,Postpaid,95.94,-3.03,16.69,0.3
0c3069f2-3ad1-4e59-9d48-8c26677d72bd,2025-12-01,CUST-376250,93.65,2060.3,2026-01-31,83.09,2025-12-09,33.02,0,41.38,13.19,40.27,Enterprise,3.03,-2.63,55.68,2.51,Postpaid,96.99,-3.62,9.92,0.26
7349367e-e4a3-4ff5-81f8-49dd2633d8a5,2025-11-06,CUST-875524,146.93,6171.06,2026-05-23,39.22,2025-12-31,0,0,5.01,5.1,13.8,Premium,2.3,1.08,183.21,4.9,Prepaid,97,-2.61,19.75,0.36
7849c6f2-d878-4640-ac6e-d78937bc3d94,2025-11-23,CUST-338605,59.01,1357.23,2025-12-30,173.3,2025-09-01,0,0,43.5,27.54,38.26,Family,2.56,4.36,122.29,6.81,Enterprise,95.74,-2.15,6.69,0.15
3eafaee9-514c-4aad-8b92-e4a711a5af7f,2026-02-22,CUST-737453,142.82,2856.3999999999996,2025-08-10,27.75,2026-03-28,0,1,11.39,21.47,13.39,Enterprise,1.44,1.74,80.66,8.42,Prepaid,97.58,-0.96,5.99,0.35
a27c822d-1c44-4731-b8d3-1f46885ccdc9,2026-07-13,CUST-510179,114.14,6391.84,2026-07-16,152.77,2026-05-12,0,0,0.21,4.32,21.53,Premium,2.74,4.67,102.07,7.58,Postpaid,96.63,-9.73,6.08,0.31
7459bb3e-5dae-45b9-9cf7-4fb7eb6c3590,2025-11-09,CUST-495421,49.88,2394.2400000000002,2026-05-29,72.05,2025-09-16,0,1,44.2,26.74,38.56,Premium,1.88,9.36,183.85,9.95,Prepaid,95.38,-8.48,19.01,0.33
399ef149-c44d-4619-977d-54a657014778,2026-06-23,CUST-469463,20.2,626.1999999999999,2026-01-20,37.69,2026-05-31,0,0,39.41,19.17,20.45,Family,4.73,-0.8,191.84,0.23,Enterprise,99.16,-6.05,1.04,0.14
071b4d78-83bf-49dc-be71-ccd6d1aa5ed9,2026-02-22,CUST-354031,93.43,2055.46,2025-11-04,59.72,2026-04-16,0,1,37.02,28.81,31.76,Enterprise,3.52,-4.54,157.23,2.35,Postpaid,99.4,-3.46,3.14,0.2
0b277407-3179-4c83-8381-e9bd5bbbef83,2026-02-18,CUST-364261,56.16,3313.4399999999996,2025-09-03,25.41,2025-10-16,0,1,16.17,11.9,23.04,Enterprise,4.01,7.65,84.03,3.11,Postpaid,97.53,-2.45,11.99,0.3
f16fb26f-03ed-48c0-a66f-19ba56f82ffe,2026-06-16,CUST-147347,59.99,2159.64,2026-04-22,55.76,2025-11-20,0,0,24.01,21.22,35.38,Enterprise,0.9,-1.7,159.84,2.88,Enterprise,96.57,-7.86,13.41,0.2
5f750085-64d2-4580-9930-1cde611dc28d,2026-05-02,CUST-984852,27.84,1531.2,2025-10-05,125.43,2025-12-27,0,1,19.25,3.68,38.65,Enterprise,0.81,9.57,67.65,0.87,Enterprise,96.69,-1.25,15.37,0.15
99fbf975-06c9-4705-a56c-c067f877e126,2025-12-01,CUST-329979,38.03,1711.3500000000001,2026-05-29,83.79,2025-08-19,0,2,16.16,19.01,37.85,Family,1.78,-2.38,32.41,0.52,Prepaid,97.34,-9.23,7.97,0.49
4841fd70-3eb5-4fb2-92c8-3a24fcf2a040,2025-08-29,CUST-425610,93.78,3094.7400000000002,2025-09-11,37.21,2026-01-30,0,2,10.35,1.98,29.27,Family,2.73,3.1,195.7,4.43,Postpaid,97.31,-6.61,15.8,0.13
b9b010fb-081f-4574-97d0-a5d36d52eeb5,2026-04-24,CUST-518718,100.54,2211.88,2025-09-16,128.68,2026-03-24,39.2,1,11.47,8.15,33.05,Family,2.3,4.36,133.18,8.69,Enterprise,99.58,-9.96,7.34,0.19
f72b5f68-20d6-4e36-bac1-887068ff76db,2026-07-01,CUST-410602,69.17,3250.9900000000002,2026-05-20,189.59,2026-07-10,0,1,14.34,9.23,47.6,Basic,4.34,7.83,111.53,7.35,Enterprise,97.26,-1.84,3.96,0.27
322da372-e461-40ae-983a-99072d32caac,2025-10-08,CUST-652716,83.34,4917.06,2026-02-17,67.08,2026-06-19,10.13,0,39.1,17.59,36.84,Premium,4,0.37,138,1.99,Prepaid,95.26,-5.4,9.39,0.27
8730bc23-738d-4ac9-86ad-8de739f07333,2025-07-28,CUST-898646,55.06,1651.8000000000002,2026-04-01,87.27,2025-07-30,0,1,37.36,7.02,15.69,Family,4.68,-4.41,135.8,9.59,Postpaid,99.53,-4.32,4.63,0.4
cab971e9-e052-4785-b5da-dad312bb7503,2026-03-31,CUST-385863,37.86,2044.44,2026-04-22,123.15,2026-04-24,0,1,16.75,28.38,47.03,Family,0.1,6.6,108.32,6.09,Prepaid,95.73,-0.46,4.67,0.19
ca4c7f51-19d3-4e54-b4b9-1923a5e9e45e,2025-09-26,CUST-389633,37.21,781.41,2026-04-26,189.56,2026-06-12,0,2,9.45,20.28,44.26,Enterprise,1.49,1.44,68.24,5.69,Prepaid,96.06,-0.48,18.89,0.16
0a31554f-5568-4ed0-a843-5dd2460472fa,2026-07-16,CUST-508121,135.27,3381.7500000000005,2026-01-09,33.96,2026-03-13,0,2,45,11.1,13.8,Premium,0.59,-0.16,31.08,8.6,Postpaid,98.19,-5.66,6.56,0.19
4b612ee4-9a5e-431f-ac46-04986da133c4,2025-11-08,CUST-848389,107.95,4857.75,2026-05-06,56.65,2026-01-11,0,0,6.52,16.99,23,Family,0.25,3.1,25.99,5.48,Enterprise,99.33,-6.98,5.17,0.28
93b7a7da-fa02-4b34-a564-3406c2b2b043,2025-12-05,CUST-657920,135.83,6384.01,2026-04-11,48.35,2026-05-15,0,2,28.73,15.1,16.9,Enterprise,2.04,-1.22,90.54,7.95,Enterprise,96.36,-4.84,14.79,0.45
1e618cc2-7a21-475c-a383-0658b8c943e0,2025-10-23,CUST-398632,141.16,3670.16,2026-05-28,145.86,2026-07-23,0,1,25.11,28.97,49.55,Family,3.53,8.8,64.44,3.5,Postpaid,96.56,-5.93,4.29,0.2
93539503-0d00-4b1f-adcd-3bf71b049a28,2026-02-24,CUST-482394,85.87,1545.66,2026-07-17,75.1,2026-05-15,0,1,1.94,23.74,42.64,Premium,2.41,7.2,181.54,7.68,Prepaid,96.34,-3.1,13.57,0.22
049d7e0a-81b2-46f7-8f57-8d44b159aea5,2026-02-04,CUST-698590,131.45,3680.5999999999995,2026-03-31,72.85,2026-02-08,0,1,1.58,29.07,17.55,Family,1.91,0.77,168.63,0.94,Enterprise,98.07,-2.29,6.15,0.35
19feb338-00e6-4e67-a0e5-49150cb7b48f,2025-08-01,CUST-593282,90.93,4728.360000000001,2025-08-10,61.29,2025-10-11,0,2,31.9,7.35,47.05,Family,3.43,9.6,34.11,7.48,Prepaid,95.7,-8.48,16.18,0.21
b52ec80e-80e1-4555-9d89-6b398a96ad09,2025-10-03,CUST-144555,134.78,7952.02,2025-10-16,64.66,2025-10-20,0,1,0.96,8.42,49.83,Premium,0.61,-4.18,142.79,0.67,Postpaid,95.04,-6.34,5.41,0.37
ed8d862b-c672-4334-a351-50e20eb025ef,2025-11-09,CUST-465610,144.88,2318.08,2025-11-15,42.4,2025-11-28,0,1,16.32,8.75,17.05,Enterprise,1.35,9.25,76.09,3.6,Prepaid,95.03,-8.19,15.51,0.29
424f2a2a-eafa-44be-bb45-8e5dc0857cfa,2026-07-18,CUST-151879,55.24,1049.56,2026-04-04,188.75,2026-04-13,0,1,29.5,19.27,21.77,Basic,3.16,0.06,99.01,1.85,Postpaid,95.68,-8.01,6.16,0.1
74cc8152-1f57-419c-ba93-62978b7f31b5,2026-06-27,CUST-150307,93.44,3550.72,2026-04-01,113.48,2026-05-08,0,0,39.98,26.94,47.68,Family,1.37,2.46,86.5,3.94,Enterprise,99.64,-4.73,13.04,0.44
c129b56e-e204-45e6-b197-f7e1e8c63465,2025-10-25,CUST-840071,89.73,2691.9,2025-12-24,23.95,2025-08-04,40.14,1,46.31,6.14,38.02,Premium,4.58,-3.54,89.61,4.59,Prepaid,95.25,-2.3,11.49,0.49
8317adab-e7cb-4769-b2ba-22d8954af8dc,2025-11-08,CUST-173702,104.55,6168.45,2026-06-25,180.95,2025-11-09,0,0,17.5,4.27,21.37,Basic,1.35,4.99,97.28,3.68,Postpaid,98.99,-5.97,5.93,0.29
fe49a502-8fcc-466e-a040-5612b42d51df,2026-06-09,CUST-661675,117.18,6796.4400000000005,2025-12-23,75.14,2026-04-23,0,0,7.61,24.96,27.7,Family,3.71,-0.8,34.85,5.45,Prepaid,99.96,-2.03,16.27,0.16
64729d59-f076-4f4d-9652-a3f3788d1161,2025-12-27,CUST-302856,82.96,1908.08,2026-04-16,189.13,2026-06-29,0,0,29.17,25.86,25.48,Premium,0.38,7.37,122.51,1.17,Postpaid,98.72,-1.9,7.81,0.15
30ccd5e7-e3d5-45ee-90ae-72e4140e8616,2026-02-26,CUST-660335,83.96,2434.8399999999997,2025-10-17,172.89,2025-10-22,0,0,40.27,22.64,27.54,Enterprise,3.44,6.38,125.01,8.29,Prepaid,97.57,-5.44,8.42,0.35
eedc9812-9d98-4b88-b81d-d26895431f61,2026-02-16,CUST-734609,128.98,6062.0599999999995,2025-09-07,30.91,2025-08-05,0,0,44.9,1.98,14.61,Family,1.58,-0.76,134.94,3.93,Postpaid,96.03,-8.21,17.55,0.14
b6768b00-138f-4bc1-8e22-8c0b87558a1a,2026-03-06,CUST-424441,42.96,1589.52,2025-11-13,61.62,2026-03-05,0,1,36.42,12.61,33.12,Enterprise,2.56,0.15,136.12,3.75,Prepaid,98.31,-2.81,7.16,0.36
6f48a46f-c6df-429d-98ed-ddf33b8e41e1,2026-01-22,CUST-251745,129.19,1808.6599999999999,2025-08-19,62.8,2026-03-19,0,0,22.21,26.39,30.12,Premium,4,3.56,100.2,0.54,Prepaid,97.41,-2.99,17.8,0.5
aeebf4a7-4569-4e30-af89-50e9ae9d69f3,2025-09-15,CUST-568036,126.79,1648.27,2025-12-26,141.99,2025-09-09,0,1,14.31,29.96,12.35,Basic,3.44,-4.73,65.61,4.87,Postpaid,98.63,-1.59,2.58,0.36
04151944-a958-4e46-8eae-0d82babca70b,2026-05-30,CUST-989925,137.96,6898,2026-06-09,171.95,2026-06-13,0,1,44.37,13.46,10.65,Family,1.5,-1.44,85.81,7.42,Postpaid,98.27,-3.2,5.58,0.11
85e7aac8-a5d7-400e-8246-4ab8720537d8,2025-10-18,CUST-622814,23.67,402.39000000000004,2026-02-13,156.24,2025-12-24,0,0,42,5.14,42.44,Enterprise,4.2,6.35,193.14,3.16,Enterprise,95.64,-1.5,17.28,0.3
7e971380-9fad-4e9f-b90c-4193af988fa8,2025-09-05,CUST-340987,103.57,2071.3999999999996,2025-07-29,55.39,2025-08-01,0,2,20.51,22.38,22.44,Enterprise,1.65,5.75,141.82,6.3,Postpaid,98.64,-8.42,1.96,0.21
41e07f67-9f79-434a-a45a-8dea72828dc4,2025-10-19,CUST-379535,46.03,1196.78,2025-08-05,167.6,2026-03-25,43.42,0,10.32,1.92,24.17,Premium,4.15,-4.48,139.97,0.07,Enterprise,95.02,-7.69,7.23,0.38
71a68cef-ee90-448d-87a9-2a2a17f1ee6e,2026-03-05,CUST-743163,145.05,8267.85,2025-11-02,89.46,2025-08-19,0,2,49.68,25.92,41.04,Family,1.53,5.11,109,1.6,Postpaid,98.68,-3.14,7.11,0.25
ad9fe098-30f9-4eba-a58e-e99d05d7fbf5,2025-11-12,CUST-706547,47.19,1981.98,2025-07-27,182.64,2026-01-23,0,0,24.53,21.89,18.74,Basic,1.5,8.83,155.17,0.55,Postpaid,98.08,-0.43,11.78,0.15
a3526d85-7fa9-4992-812b-87c54dcb9685,2026-06-18,CUST-106080,42.04,1051,2026-04-19,185.21,2026-05-01,0,1,13.35,12.8,26.16,Enterprise,1.02,1.54,139.44,0.9,Enterprise,99.2,-6.19,9.75,0.32
b35f4460-bf8b-4b73-a9bc-c87f75e27717,2026-03-14,CUST-525003,73.28,1758.72,2025-11-21,77.57,2025-10-09,0,2,42.71,26.04,44.8,Enterprise,1.57,3.17,133.11,2.16,Enterprise,99.39,-2.09,15.31,0.44
bc4467ac-bff3-4e5e-b5d6-87ae11f3493e,2025-11-13,CUST-920114,100.7,3927.3,2026-06-17,132.77,2025-12-06,0,0,36.84,24.69,39.37,Premium,3.33,6.51,194.27,7.98,Postpaid,98.3,-8.5,19.26,0.49
7bda7069-98ec-4631-b8b1-43a43a19a42d,2026-03-14,CUST-428077,83.24,4661.44,2026-03-11,121.98,2026-05-27,0,0,9.39,28.99,23.79,Premium,3.98,0.81,152.29,5.78,Prepaid,99.6,-8.22,8.46,0.11
8d2576bc-9157-4a88-a11d-00f235b9adfe,2025-10-03,CUST-549987,51.25,1383.75,2026-03-25,157.51,2025-11-16,0,2,9,26.8,36.02,Family,3.4,1.98,140.42,5.54,Enterprise,98.76,-5.25,15.08,0.18
8b85e9e5-88e0-414b-9d2a-359a8875ea7b,2025-09-26,CUST-844700,78.88,4417.28,2025-08-09,136.17,2025-08-17,35.89,1,47.8,11.29,10.45,Family,0.3,-4.43,162.74,0.58,Postpaid,98.46,-8.82,2.3,0.14
bf5c383a-5c4b-4e56-9e90-91e90099c790,2025-08-24,CUST-956332,51.74,1862.64,2025-08-07,128.23,2025-12-02,0,2,16.85,25.61,17.92,Basic,4.39,4.18,85.58,3.25,Prepaid,99.12,-4.77,7.71,0.11
a8ec2180-e9b4-49d8-b1fd-429999371798,2026-07-11,CUST-961423,133.71,6685.5,2025-09-23,33.83,2025-11-29,0,0,43.53,25.2,25.8,Premium,3.34,9.65,50.68,6.32,Enterprise,97.07,-4.94,7.3,0.25
59fb4072-bc1c-466b-9253-b0c57104e38b,2025-12-14,CUST-468286,74.58,2237.4,2026-07-18,54.44,2026-04-16,0,0,5.73,17.29,18.01,Premium,1.28,-1.22,172.57,6.77,Postpaid,97.63,-3.09,1.26,0.47
ec57b2f3-3247-4988-ad93-0212ed52b63a,2025-12-02,CUST-870867,102.9,4218.900000000001,2026-02-11,38.71,2026-03-11,0,1,26.86,27.5,38.85,Basic,0.45,0.18,176.91,9.76,Prepaid,97.72,-4.07,14.52,0.41
f089f764-d249-4fdb-aa54-84f51cba4508,2026-03-10,CUST-262978,77.92,2337.6,2026-01-12,121.8,2026-05-06,42.95,2,14.67,11.52,20.69,Family,1.91,0.71,143.45,9.99,Postpaid,95.68,-5.9,17.94,0.18
5f59edee-1da9-409a-990f-aaf7ad5dc27e,2026-03-23,CUST-137520,96.58,2028.18,2026-06-17,165.74,2026-05-15,0,0,11.82,7.14,16.9,Premium,0.8,2.33,78.06,8.64,Enterprise,98.67,-4.84,17.85,0.15
af5de65d-fe81-40f3-9dc7-70270cf2d1a7,2026-04-23,CUST-204745,117.14,2225.66,2026-05-25,59.32,2026-04-13,0,2,3.38,17.49,40.98,Premium,1.5,1.97,86.91,3.23,Prepaid,98.4,-9.05,2.76,0.21
8b82c94e-a01d-43e1-9a26-925f65ffe8a3,2025-10-13,CUST-459817,96.97,5042.44,2026-05-31,146.19,2026-04-01,0,2,32.09,20.22,27.71,Basic,4.84,7.59,95.94,6.79,Prepaid,96.9,-1.02,11.68,0.29
5ca01570-e263-4eb6-b488-f3e6e8777db9,2026-02-23,CUST-813342,145.68,6992.64,2026-04-13,195.62,2025-10-28,34.52,2,38.57,8.99,37.31,Premium,2.38,-1.11,188.97,8.44,Enterprise,98.7,-6.66,4.11,0.2
aca870e0-c8b3-4a85-a1c9-051ab28805e0,2026-05-12,CUST-760418,128.96,6061.120000000001,2026-06-27,158.81,2026-01-12,0,0,27.61,5.15,33.24,Premium,3.5,-4.5,199.41,4.7,Prepaid,95.62,-1.32,15.73,0.13
4ff82e88-c60d-41d4-aaf7-c2ef8b3c513f,2025-12-31,CUST-802003,143.16,2433.72,2025-09-01,90.78,2025-12-02,0,1,16.67,11.49,45.62,Premium,0.91,4.92,137.48,1.29,Enterprise,98.14,-1.87,0.35,0.37
984104f6-ceba-4794-86cc-c04106b25253,2025-08-11,CUST-888612,53.83,1130.43,2026-06-27,99.64,2026-07-08,0,2,7.39,9.98,15.3,Family,3.41,3.95,69.18,5.44,Postpaid,98.68,-2.71,13.06,0.22
e8dbbda0-5360-46a2-9826-2f52a9e1709e,2025-10-29,CUST-607301,73.89,1773.3600000000001,2026-06-03,190.46,2026-01-12,0,0,39.1,10.96,28.08,Premium,4.38,1,102.2,7.22,Enterprise,99.14,-6.62,9.27,0.24
57be7064-ec95-4bf5-bc12-8a21c324aad7,2026-04-29,CUST-240296,37.25,1713.5,2025-10-06,66.1,2026-03-11,0,1,32.28,7.06,18.42,Family,4.61,-0.08,111.2,5.16,Prepaid,95.26,-9.45,0.24,0.36
a1b12e66-f014-481d-9cad-9383cf2adf0f,2026-03-10,CUST-808327,101.17,3439.78,2026-06-17,26.6,2025-09-01,0,2,29.64,12.4,33.53,Premium,2.72,4.39,125.13,9.49,Postpaid,99.25,-3.17,9.13,0.27
05290cc5-abf5-4611-b2fd-e27b3c3e8dc6,2025-08-15,CUST-405807,135.84,7471.2,2025-09-29,62.2,2025-09-20,0,1,24.53,7.56,43.78,Enterprise,1.79,6.72,63.63,7.74,Prepaid,95.08,-6.58,16.13,0.2
3708b17e-66fe-4a7f-930d-94c7237a91e7,2025-10-09,CUST-255010,40.23,522.99,2026-03-08,151.7,2025-09-09,0,1,1.44,3.39,36.36,Enterprise,4.21,5.61,162.17,9.62,Prepaid,98.28,-2.57,1.52,0.49
7fb951b5-b4b3-48af-8b5d-49d6765da2eb,2025-08-12,CUST-341198,53.93,2103.27,2026-07-24,51.74,2025-10-10,0,1,37.12,20.06,44.23,Basic,3.12,-4.16,95.59,7.96,Prepaid,99.86,-2.83,3.3,0.19
ef3d57f4-b4de-4c31-9f60-dac32c8cc00e,2025-11-13,CUST-933679,148.3,3707.5000000000005,2026-06-23,118.43,2026-04-02,0,0,8.2,3.95,40.87,Basic,2.58,0.9,152.8,6.46,Prepaid,98.24,-4.99,14.93,0.34
f58ccab1-4ba8-4d24-9180-584447cd0ab7,2026-05-18,CUST-189566,126.1,6809.4,2026-03-26,64.06,2026-03-11,10.26,2,40.09,23.92,48.14,Enterprise,2.58,9.5,68.66,6.89,Postpaid,95.06,-5.95,16.13,0.19
0629e77d-ec05-4597-af6b-08e16680c61d,2025-12-29,CUST-447443,74.36,1487.2,2025-10-19,93.27,2026-01-16,0,2,30.58,6.02,31.43,Basic,3.05,7.66,57.8,0.2,Postpaid,95.25,-0.41,5.69,0.24
8c84dccd-2aae-4f5b-9a2d-4f35533c9099,2026-02-15,CUST-578066,65.72,2234.48,2025-12-19,144.44,2026-02-14,27.38,1,6.51,21.64,49.87,Premium,1.76,5.04,195.44,9.38,Postpaid,99.42,-7.15,0.38,0.29
a35e8563-c79e-46d7-9d91-7c2e672c75b3,2026-04-16,CUST-541259,66.56,2928.6400000000003,2026-03-30,31.99,2025-10-03,28.41,0,25.19,28.04,26.85,Premium,0.22,3.39,102.84,0.61,Enterprise,97.53,-9.94,4.84,0.33
fcc8fd5f-9045-49e0-9f70-3aa588b8d310,2026-04-25,CUST-862207,115.05,2646.15,2025-09-21,150.13,2026-05-08,0,0,11.06,27.98,27.2,Enterprise,0.86,1.46,138.24,7.81,Prepaid,97.12,-2.91,11.82,0.3
6f6b54ef-3644-42f2-9762-0bf410896d2a,2026-04-19,CUST-309355,113.54,1703.1000000000001,2026-06-15,114.75,2025-12-20,0,0,22.96,9.87,14.01,Family,3.8,6.67,81.88,8.53,Postpaid,97.94,-4.07,1.29,0.37
c99d4ba2-b71a-435c-ba33-ed7f44a36766,2026-04-21,CUST-166984,132.5,4240,2025-08-01,42.36,2025-10-09,0,1,45.96,14.75,12.92,Family,2.06,-3.93,171.76,1.25,Postpaid,99.57,-7.33,12.92,0.42
2882b300-a9bc-4d7f-9010-ae311a62eebe,2026-03-19,CUST-739755,135.1,2837.1,2026-03-09,142,2025-12-26,0,1,18.57,21.22,46.26,Family,3.91,-3.61,46.49,7.89,Postpaid,99.84,-5.21,9.54,0.37
350a4141-f917-442c-af54-6f8f181e648b,2026-02-04,CUST-537487,25.21,302.52,2026-05-11,151.6,2025-08-17,0,2,47.25,7.87,29.09,Premium,3.93,2.82,84.15,1.88,Prepaid,99.01,-0.38,17.79,0.37
7485373d-7541-4108-b267-68537975c548,2026-01-01,CUST-848005,42.06,883.26,2025-10-01,104.22,2026-06-15,0,1,8.84,5.14,35.47,Family,3.01,3.81,97.55,6.02,Enterprise,95.54,-4.69,3.85,0.19
9e0b7855-c49d-4327-91d5-94f946fe8d7b,2026-01-28,CUST-972627,42.68,768.24,2026-05-25,101.95,2026-02-27,0,2,46.45,10.47,44.21,Enterprise,1.08,-3.59,55.87,5.08,Prepaid,96.33,-9.1,9.84,0.27
9d58a3fb-9010-44e3-b7c2-16ce6c874b30,2026-04-25,CUST-630583,40.3,1289.6,2026-02-11,144.04,2025-07-31,0,1,25.33,11.93,39.65,Basic,1.2,5.66,134.41,8.24,Enterprise,97.87,-9.44,17.11,0.49
b16ffa8a-7eed-42c6-9516-7c8d48f82efb,2026-03-02,CUST-367105,121.16,4846.4,2026-02-12,150.97,2025-11-27,0,0,39.03,25.7,34.24,Enterprise,2.71,1.21,96.43,9.38,Postpaid,96.94,-6.11,18.92,0.13
26f289f8-e68e-4db3-8c00-6f66ae94b214,2026-07-12,CUST-281039,101.46,5174.46,2026-02-07,119.29,2026-04-23,10.2,1,27.61,8.84,33.62,Premium,4.35,5.86,150.48,9.29,Postpaid,98.35,-4.74,12.98,0.21
2e9a6f9b-e499-4d3a-9bbf-b8ce8c345137,2026-06-25,CUST-402788,36.9,996.3,2025-09-06,78.46,2025-10-25,0,1,7.65,2.86,29.72,Premium,4.63,-4.42,180.94,1.68,Enterprise,99.22,-4.58,6.59,0.14
a3821155-4e02-45af-8caf-e867f5b9437f,2026-02-14,CUST-376075,114.46,4463.94,2026-03-11,173.08,2026-07-08,41.4,2,24.42,15.88,22.58,Premium,4.08,-2.41,97.63,9.88,Postpaid,95.62,-1.77,18.04,0.47
f4a2b0d4-a4c6-4419-9c7a-068c1b6b98ce,2026-03-09,CUST-120509,89.52,2238,2026-07-13,58.88,2026-06-04,0,1,10.75,6.32,40.21,Premium,4.28,-3.74,30.51,3.76,Enterprise,99.96,-2.54,19.18,0.2
f5d9eedc-af30-407b-a632-3b9453d86a8a,2025-08-06,CUST-972413,138.25,4424,2025-09-07,137.37,2026-07-16,0,0,17.72,1.9,45.29,Basic,3.32,-1.72,148.64,8.28,Prepaid,96.48,-9.25,7.21,0.16
7ebca8e8-c90e-4513-b445-6326d5f02fb5,2026-06-10,CUST-329580,21.72,1238.04,2026-04-05,129.39,2025-11-26,0,2,1.71,23.52,49.99,Enterprise,2.1,7.79,126.42,1.68,Enterprise,99.56,-1.83,17.96,0.12
98625fcd-28c3-4dc0-8045-60ecbca760a0,2025-12-26,CUST-505585,73.39,3889.67,2026-07-13,58.28,2026-03-30,0,2,29.02,15.93,18.9,Basic,1.75,8.88,54.86,1.18,Postpaid,95.46,-8.09,13.28,0.48
278631ff-a1a8-4cbe-91e8-2fb17c898766,2025-12-06,CUST-586882,59.94,2697.2999999999997,2026-07-15,88.94,2026-06-09,0,1,23.59,24.43,37.23,Premium,3.24,3.71,69.4,4.2,Postpaid,96.56,-7.54,3.26,0.26
716cf6e8-4346-4344-9092-d57fe9096c6a,2026-02-23,CUST-774635,124.69,2618.49,2025-07-30,88.42,2026-07-06,0,0,15.55,4.06,29.03,Basic,2.28,9.11,181.89,8.74,Enterprise,99.53,-5.55,14.19,0.38
a1efc862-500c-46c1-be4c-e624c83a83f8,2026-07-05,CUST-341544,129.45,2847.8999999999996,2026-04-20,199.49,2026-01-02,0,2,15.6,10.69,47.59,Family,4.51,4.01,174.55,2.18,Postpaid,97.71,-6.53,16.36,0.48
24a2a920-657c-4116-abbc-9b65d19fe552,2025-09-18,CUST-380076,123.54,3088.5,2025-12-23,57.95,2025-12-15,0,2,16.92,21.33,12.8,Family,4.6,3.81,120.42,5,Enterprise,96.72,-4.43,13.39,0.49
ab16cec0-f927-4fc4-a58c-efbaa5d0d38e,2026-05-22,CUST-113085,52.66,2790.98,2026-01-09,62.47,2026-05-23,0,2,27.34,3.26,20.65,Basic,3.97,4.93,186.8,5.68,Prepaid,99.62,-4.06,18.73,0.34
e6139e75-dbd9-4ae5-ac07-e513c17e85fd,2026-05-28,CUST-687938,72.57,1596.54,2025-12-27,179.29,2026-02-06,0,2,27.81,28.39,25.32,Basic,4.26,-2.81,97.46,5.93,Enterprise,99.28,-8.12,10.36,0.47
88ec2594-1225-4111-9261-f9bf9935aca5,2025-10-08,CUST-347035,41.15,1646,2026-06-24,23.22,2025-09-13,28.39,1,37.19,23.15,44.75,Basic,3.97,-1.32,113.54,6.98,Postpaid,96.12,-8.91,10.67,0.47
c705a301-8c75-4a3c-b08c-001a9f3f24f0,2026-02-13,CUST-341463,138.54,3463.5,2025-07-26,190.65,2025-10-06,0,2,16.78,22.58,41.34,Basic,2.77,1.51,102.25,7.86,Postpaid,95.34,-5.41,1.76,0.14
e240dc86-0e55-4628-be0e-4ff22caa38d5,2026-01-10,CUST-100249,35.64,712.8,2026-02-18,27.99,2026-06-26,21.49,0,11.14,20.7,19.1,Basic,3.72,9.28,179.54,7.45,Postpaid,95.74,-9.64,5.42,0.49
a4be09b0-7aeb-46fd-8ea1-328f7a26bca8,2025-09-30,CUST-309168,56.98,1880.34,2026-01-09,165.32,2025-11-12,0,1,0.2,20.44,31.57,Enterprise,0.36,6.26,54.11,6.31,Enterprise,96.62,-7.44,18.99,0.43
6da6cbe0-ecc3-41f5-accb-e94c8a487fd3,2026-07-07,CUST-197688,135.42,4468.86,2026-06-27,102.32,2025-10-04,0,1,33.39,7.01,19.81,Enterprise,4.05,7.88,140.11,0.1,Enterprise,99.87,-8.08,16.83,0.24
9860bb5a-8a4a-40e5-9fb7-2c001a3312a9,2025-09-29,CUST-704766,142.66,5706.4,2026-02-04,58.53,2026-06-28,0,2,3.11,8.29,32.64,Basic,3.89,9.69,152.07,7.96,Enterprise,98.57,-8.1,14.23,0.41
8cb64144-5fdf-4d61-bdf1-2cdd6a60be47,2025-11-10,CUST-865623,63.3,3291.6,2026-02-16,173.71,2025-08-19,17.88,2,1.82,29.92,42.77,Premium,2.19,-4.36,122.29,2.49,Prepaid,97.27,-9.12,15.64,0.5
007c2315-0828-4cbb-8f67-591faa07dc5f,2025-12-15,CUST-685825,38.12,1181.72,2025-12-23,157.68,2025-09-10,0,1,36.95,1.37,42.49,Family,0.37,2.81,46.91,3.99,Enterprise,99.39,-3.87,19.96,0.21
5a393b16-8fe8-44fd-840b-4797d5851494,2026-03-30,CUST-397631,23.72,711.5999999999999,2026-01-24,90.83,2025-11-13,0,1,21.35,29.45,39.63,Enterprise,3.72,-0.65,64.53,5.71,Postpaid,95.3,-6.8,16.2,0.12
7a56a61e-8512-4719-97d9-ae04c83b3fb2,2026-04-24,CUST-502300,132.88,4385.04,2025-11-13,41.67,2026-07-17,48.15,2,41.24,15.86,30.11,Basic,2.49,8.98,147.72,2.77,Enterprise,99.45,-2.34,9.69,0.46
ccc5487f-5ba9-4256-ba66-cbc585b9f919,2025-11-19,CUST-984089,53.15,2019.7,2025-12-15,159.02,2026-06-29,0,0,43.21,29.73,28.23,Basic,3.8,-2.01,84,6.05,Enterprise,95.15,-2.17,18.9,0.46
123f35c7-0e13-447e-a6ee-36c00001c5fe,2026-07-06,CUST-362875,24.89,970.71,2026-04-26,112.95,2025-09-08,0,1,41.63,26.61,48.8,Enterprise,4.02,4.59,43.39,7.22,Enterprise,99.94,-5.34,12.77,0.44
f86e994f-27bf-4cce-ae58-298e8c27b37d,2026-07-07,CUST-572353,39.21,1176.3,2026-01-10,85.76,2026-05-13,0,1,6.56,12.63,27.56,Basic,3.89,1.91,48.79,2.03,Prepaid,98.49,-3.04,5.85,0.38
1c6b232c-3472-4af1-8f55-a114c1813ba9,2025-10-06,CUST-431328,50.86,2186.98,2026-02-10,127.53,2025-11-17,0,1,18.2,4.13,40.7,Premium,1.37,5.99,140.09,5.04,Prepaid,95.39,-1.41,14.39,0.17
f52b9322-0b35-47ef-9d35-8cf22bac24bf,2026-03-11,CUST-524915,127.24,4071.68,2026-04-10,21.89,2025-09-19,0,0,22.85,26.69,45.97,Family,1.51,3.58,136.64,3.28,Prepaid,96.98,-5.22,13.87,0.3
3f88838d-87f2-430e-9625-8cdaebf83628,2026-04-21,CUST-507893,31.74,476.09999999999997,2026-01-18,75.17,2026-01-10,15.35,2,14.91,2.74,26.11,Premium,4.56,8.29,40.49,3.69,Postpaid,98.66,-3.03,9.22,0.2
bc956a78-9a3d-4038-bb21-9f30b23103a0,2025-10-02,CUST-519076,58.92,1885.44,2025-12-22,140.49,2025-10-17,28.46,1,38.61,21.93,38.5,Basic,0.64,-2.22,52,7.1,Enterprise,99.26,-3.75,2.67,0.37
f800fdad-7f18-49bf-bfa9-ca13e40c77de,2025-12-12,CUST-678356,124.06,2233.08,2026-07-10,179.55,2025-12-08,0,2,34.16,21.81,13.34,Basic,3.32,1.28,184.61,0.54,Postpaid,96.38,-1.85,10.33,0.12
e17f59a1-965c-458e-b52a-b69a2a695466,2026-03-11,CUST-616431,141.43,6930.070000000001,2026-05-09,118.84,2026-07-04,0,1,47.81,7.37,40.84,Basic,4.97,4.9,172.97,3.79,Postpaid,97.37,-5.65,13.64,0.49
e3a8f6d6-2ba4-4b6e-99e6-0c9e7d676d48,2025-12-29,CUST-857006,90.81,1180.53,2026-04-07,192.67,2026-04-25,0,0,13.37,0.13,36.33,Basic,0.51,9.21,58.7,9.57,Prepaid,99.03,-8.42,18.37,0.22
239e1c0a-0d55-4fc2-a7f3-9f4d95669360,2025-10-24,CUST-691709,77.71,4196.339999999999,2026-01-14,38.56,2025-09-13,0,0,28.62,23.46,42.53,Enterprise,2.28,-3.26,95.84,6.88,Prepaid,98.13,-3.3,3.55,0.13
5f257187-0249-458b-8bc8-9d02825fa095,2026-05-02,CUST-297878,78.49,941.8799999999999,2025-10-04,173.7,2025-11-22,0,1,21,19.9,14.48,Premium,1.51,-0.97,30.82,8.41,Enterprise,98.63,-7.83,7.58,0.41
f33612ef-97d1-46ea-a04a-69b4621b239e,2026-05-21,CUST-977258,46.38,2643.6600000000003,2025-11-21,174.7,2025-09-27,40.79,0,20.88,3.52,46.34,Basic,0.29,6.8,197.64,8.82,Enterprise,97.66,-2.21,7.76,0.42
47a0e9e3-528b-4805-ae59-b3e880746741,2026-05-14,CUST-213630,125.42,3637.18,2026-01-11,48.45,2025-10-16,20.1,0,0.31,19.74,17.1,Basic,4.51,-0.14,109.86,6.92,Postpaid,96.35,-9.61,13.36,0.35
fca7c636-877c-45e5-adfe-7c14ee9a5ddd,2026-05-24,CUST-441269,73.25,2637,2026-02-04,169.25,2026-01-26,0,1,35.75,9.47,42.09,Family,0.29,-1.71,115.79,5.76,Postpaid,95.66,-2.55,4.7,0.31
ebf4f7a8-370b-4349-a6f8-3acb3b021903,2026-04-06,CUST-976154,88.39,4949.84,2026-04-06,63.74,2026-01-28,0,1,1.5,18.52,14.65,Enterprise,0.73,-4.94,167.36,7.82,Postpaid,95.74,-9.14,0.55,0.5
ce817b68-8091-4b51-b73a-a6fe8b23efa7,2026-04-07,CUST-396402,69.64,1044.6,2026-04-27,125.38,2025-12-19,0,0,28.4,18.83,15.47,Premium,2.27,3.66,98.67,8.76,Prepaid,99.02,-1.47,5.86,0.17
afef8fe9-fa82-49e6-a970-75e976d5e8ea,2026-03-28,CUST-338574,77,4081,2026-05-29,162.02,2025-11-13,0,0,13.85,0.17,15.87,Premium,2.05,-4.06,197.53,6.71,Prepaid,96.69,-5.81,7.44,0.17
b9e8b6a6-e08c-4580-b665-2095f81d690f,2026-04-01,CUST-832755,64.52,2129.16,2026-04-04,168.12,2025-10-30,36.58,0,49.2,15.96,30.86,Enterprise,4.39,6.48,31.86,1.54,Enterprise,98.02,-8.01,2.79,0.14
19eace8c-2d2d-4e96-9423-757b27172ae6,2026-07-22,CUST-986742,118.98,2498.58,2026-06-10,156.7,2026-04-13,0,2,14.2,19.03,16.9,Premium,3.76,-2.21,53.68,8.16,Postpaid,95.32,-5.06,4.92,0.44
70e1a809-7542-4911-8a1b-0af7a199cbbf,2026-03-04,CUST-404639,116.16,3484.7999999999997,2026-06-06,194.77,2026-07-10,0,1,40.63,5.66,44.93,Family,1.86,1.07,141.26,4.5,Enterprise,99.28,-0.63,5.08,0.2
e1bd4fc2-1e54-4b55-af6e-d89683542565,2026-05-10,CUST-631261,29.64,1037.4,2026-06-25,54.15,2026-07-14,0,0,34.25,3.12,43.06,Premium,0.99,4.27,64.44,3.98,Postpaid,96.28,-0.15,15.39,0.47
1b6b2914-fb85-44a0-8dfd-86c95cc64a12,2026-02-01,CUST-996973,52.11,2761.83,2026-03-13,81.82,2025-11-06,0,0,38.11,15.63,37.63,Basic,4,0.16,35.39,9.06,Postpaid,98.37,-4.59,15.58,0.1
0aa94be8-bbbd-4775-932c-b2e1defbaa7e,2026-01-23,CUST-527912,129.63,7648.17,2026-04-24,43.41,2025-08-13,0,1,22.78,22.82,40,Enterprise,1.14,-2.28,112.99,7.48,Postpaid,99.64,-2.95,8.85,0.11
792aeeca-e8a9-4670-89fa-5f7c175533a6,2025-11-17,CUST-459464,27.03,1486.65,2025-10-31,111,2025-09-13,0,1,15.47,1.25,14.19,Family,1.08,8.89,121.09,2.47,Postpaid,96.2,-2.36,16.44,0.28
aa891f13-bed3-4729-bfae-92f7227d4efe,2026-07-10,CUST-572661,93.17,3819.9700000000003,2025-11-24,87.36,2025-09-30,0,2,42.39,13.2,28.2,Premium,3.78,6.93,57.56,0.28,Enterprise,97.31,-1.8,17.91,0.24
e6ef2e92-e20a-4051-8bea-935d4b490609,2025-08-10,CUST-789143,77.19,2624.46,2025-08-26,45.01,2026-07-05,0,1,18.45,4.06,30.24,Basic,1.27,6.99,35.5,8.54,Enterprise,97.91,-1.88,2.61,0.13
fbc77c0a-a1eb-44f7-863b-1507817c951a,2025-11-15,CUST-649854,147.78,5763.42,2025-09-01,176.18,2026-07-11,0,0,8.1,24.42,41.21,Family,1.24,9.51,70.94,7.43,Enterprise,97.77,-3.83,13.23,0.21
eafae90b-7fa9-4556-b9ed-7b2c4a4384f2,2026-01-17,CUST-301854,96.57,2800.5299999999997,2026-02-16,101.56,2026-07-14,0,0,10.97,22.69,23.25,Enterprise,4.35,3.9,41.93,2.45,Enterprise,98.13,-3.4,5.83,0.14
e37cfe79-9731-4dc6-8869-6ef5f90bd7b4,2026-04-19,CUST-216914,85.22,3664.46,2026-01-31,72.05,2026-07-16,0,1,3.97,21.2,49.7,Family,3.26,-1.85,138.24,4.3,Enterprise,99.23,-4.92,6.62,0.16
7dcd2e07-348a-47ec-b060-30b0015ed215,2026-01-09,CUST-852533,109.19,3384.89,2026-03-05,136.49,2025-12-11,0,1,9.65,16.11,36.69,Premium,1.83,7.72,169.09,7.37,Postpaid,99.08,-3.73,7.1,0.14
a08b9d69-56fb-4843-b5ae-45aae6199f68,2026-03-17,CUST-454191,33.45,1404.9,2026-06-21,155.49,2026-02-21,0,0,14.1,28.53,43.48,Premium,2.87,9.99,189.64,8.62,Prepaid,99.96,-6.71,14.51,0.34
149c6dbe-b6cd-46b8-b7ca-e852035a2fa8,2026-03-16,CUST-639535,24.54,417.18,2026-01-10,146.89,2025-10-05,0,0,1.01,6.77,38.65,Enterprise,0.71,-1.45,65.06,6.7,Enterprise,98.25,-1.76,11.19,0.13
2a73ae51-81a3-49c1-ba68-d4b82c9f8d84,2026-01-15,CUST-964936,87.45,5247,2026-07-03,166.48,2026-03-14,38.62,1,41.32,10.48,30.74,Family,3.04,7.02,137.03,3.83,Prepaid,99.56,-9.89,6.84,0.39
46ae2dd2-6e32-493f-867e-8a0326b61289,2026-03-16,CUST-321078,41.59,1705.19,2025-12-04,111.25,2026-07-13,0,1,27.4,17.21,39.15,Basic,0.89,-4.42,26.98,0.38,Enterprise,95.71,-3.21,14.49,0.31
4cd6d151-f1ec-4617-8b21-b006a0c44899,2026-02-06,CUST-713180,141.09,4091.61,2026-03-24,166.75,2026-04-12,0,0,34.15,15.88,23.24,Basic,2.63,-3.26,136.47,4.84,Postpaid,96.91,-0.51,2.47,0.14
a1361c14-fd50-41bb-b60b-4ab0f42e3cdc,2026-07-06,CUST-601544,105.08,6199.72,2025-10-27,131.28,2026-06-01,0,0,16.3,28.85,22.05,Enterprise,0.15,-4.7,119.71,5.04,Enterprise,97.19,-2.22,18.02,0.25
d84ef5e9-411c-44bb-a89b-4c24633450d1,2026-06-09,CUST-844008,82.7,1654,2026-07-01,160.52,2025-08-02,20.78,1,9.82,28.35,42.46,Premium,4.6,4.18,85.19,7.11,Postpaid,98.66,-1.22,1.89,0.28
593924da-06e8-4232-bd71-1d1a77690b89,2025-07-30,CUST-327275,128.52,5397.84,2025-12-27,173.02,2026-05-17,0,0,13.88,29.8,18.34,Enterprise,1.35,7.74,64.33,1.26,Postpaid,98.37,-9.05,16.57,0.34
144abf12-fb9a-4a80-884b-f8ff6e2d3cd8,2026-04-11,CUST-910155,54.9,3184.2,2025-11-20,136.89,2025-09-13,0,1,49.91,28.46,38.88,Basic,4.45,-2.34,59.49,1.43,Postpaid,95.32,-3.23,6.06,0.4
353d9cf3-7390-4a8a-99db-f70e76da027f,2025-10-26,CUST-493904,80.65,2258.2000000000003,2026-07-10,68.21,2026-03-20,0,1,14.32,13.05,31.64,Enterprise,0.98,2.85,140.73,6.64,Prepaid,95.39,-4.39,10.28,0.28
7a65d4fb-0161-4f98-affd-cbffd06dfd15,2026-01-13,CUST-940676,68,1088,2025-10-14,51.32,2026-04-15,0,1,18.54,13.35,36.82,Basic,4.59,3.56,38.3,2.97,Enterprise,97.97,-6.76,18.7,0.15
44f66268-731d-4df4-a661-539c43684083,2025-08-11,CUST-835904,40.38,1292.16,2026-01-07,153,2026-01-19,0,1,37.76,6.5,31.75,Enterprise,4.52,-2.09,121.72,1.05,Prepaid,98.72,-9.28,4.16,0.42
98d592bd-97c1-4308-8b50-974d5ecdeb65,2025-11-20,CUST-718930,58.8,1999.1999999999998,2026-01-08,26.57,2026-01-05,0,2,19.18,8,40.92,Basic,1.08,-2.74,95.25,7.63,Postpaid,97.2,-8.16,14.5,0.23
25e18215-3f63-459b-8071-72796042c117,2025-12-11,CUST-829375,51.49,2420.03,2025-11-04,97.86,2025-10-30,0,0,22.7,15.48,12.39,Enterprise,1.35,-2.08,97.26,0.82,Enterprise,98.71,-1.52,1.84,0.3
b1e8d5f9-c45f-440e-aa3b-02a92285036c,2026-06-04,CUST-212007,39.03,1248.96,2026-07-14,47.42,2026-02-16,0,1,27.53,8.25,18.66,Basic,4.93,8.48,97.38,9.39,Enterprise,99.99,-8.97,0.78,0.34
fd6d9155-b11a-4022-b68e-f5c14b6777b5,2025-09-16,CUST-557816,82.49,4206.99,2026-07-22,51.98,2025-10-05,0,0,16.16,25.58,37.97,Basic,0.37,6.6,32.74,2.45,Prepaid,98.7,-9.17,19.01,0.12
cf19c967-f196-4c94-88ba-c044b47235d1,2026-06-11,CUST-569397,69.36,1248.48,2026-03-22,58.49,2025-10-19,0,2,40.91,21.15,31.15,Basic,2.95,5.35,51.76,9.15,Prepaid,95.97,-2.23,11.65,0.41
c225dbf3-8e24-4698-9373-144a710689f1,2026-06-24,CUST-228942,94.82,2844.6,2026-02-21,159.26,2026-04-08,0,1,8.53,7.9,37.93,Family,2.28,3.19,52.02,3.87,Enterprise,96.86,-7.35,5.58,0.41
dc1da0d2-4102-4ca3-843d-aeca73217e90,2026-05-27,CUST-338339,119.44,3224.88,2026-01-01,107.17,2025-12-05,0,1,8.64,26.5,40.4,Family,3.88,-2.69,179.03,4.24,Enterprise,98.46,-6.43,15.99,0.27
e974dbec-8c2b-4438-a5b2-500e55f8436c,2026-07-07,CUST-525508,42.76,2522.8399999999997,2025-08-19,194.76,2025-09-02,0,0,24.78,3.35,16.29,Basic,3.53,8.57,188.74,3.4,Enterprise,98.99,-0.94,15.63,0.12
3acf9826-3555-4eaa-b4e0-8809aae9f97b,2026-06-11,CUST-489600,94.8,4645.2,2026-06-04,20.71,2026-05-24,0,2,39.64,17.55,11.48,Enterprise,4.35,-3.23,33.07,6.33,Enterprise,99.64,-9.89,1.86,0.42
8f011ab9-0e2d-40a0-b400-f79e21736100,2026-01-12,CUST-602949,136.24,7629.4400000000005,2025-12-02,53.43,2026-02-13,0,2,47.63,17.32,34.48,Premium,1,1.45,184.98,4.52,Postpaid,96.15,-8.74,12.85,0.46
4d8e6018-ed69-472b-82f9-45fe6244aea6,2026-06-23,CUST-914627,129.75,5190,2026-05-02,192.39,2026-02-28,0,1,30.35,10.6,21.71,Premium,1.33,3.91,80.64,7.07,Enterprise,99.43,-1.38,9.29,0.28
aa70189d-b937-4c15-beb1-a49202036a3b,2026-05-21,CUST-594598,79.46,3734.62,2025-10-29,96.74,2025-07-31,0,2,43.36,3.58,13.09,Premium,1.04,0.08,81.42,6.92,Enterprise,95.58,-0.1,7.09,0.33
3f319361-1177-466f-be4a-e3c6a55d4d83,2026-05-03,CUST-160018,120.98,6411.9400000000005,2026-07-05,56.73,2026-02-24,29.62,2,9.71,5.45,14.19,Premium,3.4,4.38,81.86,1.12,Prepaid,99.36,-7.36,6.67,0.13
18b4c20c-c347-4ea2-b23c-9f59e9a694e4,2025-10-18,CUST-747695,22.38,1298.04,2026-01-18,76.58,2026-01-18,0,1,14.1,0.57,23.55,Family,4.61,-1.41,101.35,7.2,Postpaid,96.32,-4.21,0.79,0.17
422b5a79-c36f-4e72-a4c0-407ea7c0a109,2026-05-20,CUST-592744,59.39,1365.97,2025-10-29,48.24,2026-06-14,0,1,48.51,26.35,24.04,Premium,2.57,6.22,169.13,1.29,Postpaid,99.67,-7.51,16.96,0.27
9d32b869-4dd6-4354-8a80-6b3c43ada6c7,2025-10-17,CUST-849721,148.77,4165.56,2025-10-10,145,2026-07-03,0,1,23.15,9.33,24.6,Enterprise,1.24,7.19,175.54,8.46,Enterprise,99.27,-8.5,2.01,0.33
672a69c6-2735-4220-acda-3a1122c4c0e1,2025-10-31,CUST-842006,29.43,1736.37,2026-02-26,181.85,2025-12-10,0,1,21.24,14.32,19.42,Premium,0.34,4.89,114.7,2,Enterprise,98.9,-2.5,16.64,0.24
aa052574-d52b-4b46-b7fa-19bffc0a87fd,2026-02-09,CUST-332698,88.82,4796.28,2025-09-15,27.35,2025-10-17,0,2,39.5,4.49,11.76,Basic,3.38,4.13,155.78,4.77,Enterprise,96.25,-7.69,10.9,0.37
b19f282c-5abc-47b2-a67a-c681ceecc5a1,2026-01-18,CUST-223706,118.56,5335.2,2026-04-11,92.77,2025-12-01,0,1,38.41,19.29,47.88,Enterprise,3,4.37,74.88,4.71,Prepaid,99.37,-1.18,7.59,0.36
6aec3521-57e1-4400-85f0-c1b9d157c818,2025-11-19,CUST-443251,110.53,5858.09,2025-09-23,107.94,2025-11-17,0,1,49.65,7.35,47.3,Premium,3.96,-1.89,132.12,0.04,Postpaid,97.74,-1.45,19.63,0.18
3fce671a-7154-4c73-96db-3718e28d2016,2026-03-11,CUST-301892,45.8,2473.2,2025-11-25,104.49,2025-10-13,0,0,22.57,17.6,30.78,Premium,3.13,-4.3,184.31,4.27,Enterprise,96.31,-4.94,14.32,0.49
8c060010-693b-4ae3-8384-1945e44ab6a6,2026-02-24,CUST-953434,44.89,2558.73,2026-05-14,141.3,2025-08-10,0,2,13.88,7.36,28.58,Family,0.73,5.96,70.69,3.75,Prepaid,95.57,-3.17,4.57,0.39
c0a1a6ce-8c51-4364-9d84-e907ff79d05f,2026-05-30,CUST-893475,45.54,2003.76,2025-09-24,153.65,2025-08-24,0,2,4.31,29.71,27.21,Basic,2.05,8.45,51.43,2.24,Postpaid,99.9,-8.86,17.55,0.47
cb3059ab-78f1-4555-816e-1e1ebe750f07,2025-12-10,CUST-323568,52.91,2063.49,2025-07-28,114.05,2025-08-24,0,1,21.91,23.98,24.2,Basic,1.01,7.98,120.87,9.78,Prepaid,99.71,-0.65,0.87,0.37
efb6acab-15f6-4219-8c5d-a9648cbccd97,2026-04-02,CUST-162905,90.07,3873.0099999999998,2026-02-11,59.44,2026-03-29,0,1,27.84,11.18,35.06,Premium,0.9,5.15,90.46,0.67,Enterprise,96.8,-5.25,10.01,0.19
1172147e-5adb-4947-8816-fa0395354c7e,2026-05-05,CUST-291901,30.99,1859.3999999999999,2026-01-30,115.54,2026-06-05,0,1,37,29.53,23.54,Enterprise,1.76,-1.25,169.88,0.71,Postpaid,99.96,-4.73,2.57,0.23
83d07983-fef1-49cf-9947-56afc74d5116,2025-08-27,CUST-304907,109.4,5579.400000000001,2026-05-13,184.39,2026-04-05,0,1,43.3,13.73,39.29,Family,0.97,-3.23,139.02,0.84,Prepaid,95.24,-6.07,11.04,0.41
80d816ae-a116-449a-ac7d-4a499ab3b5cd,2026-07-22,CUST-713540,124.2,1863,2026-07-08,113.9,2025-12-01,0,2,9.99,27.68,31.36,Basic,3.14,-2.8,182.71,4.24,Prepaid,97.75,-3.89,2.49,0.48
1bdc2856-cbe4-4762-a1a5-4a089b475808,2025-10-25,CUST-259508,73.09,3946.86,2025-10-23,40.89,2026-05-16,0,2,35.22,27.01,10.44,Enterprise,1.38,8.33,181.65,0.88,Postpaid,95.51,-3.03,11.67,0.41
fc36155d-1acd-4621-867e-1b9197dcba9d,2026-07-06,CUST-900524,76.64,1609.44,2025-09-06,172.42,2026-06-11,0,0,10.35,12.54,44.62,Premium,0.27,6.53,88.16,6.02,Prepaid,96.35,-2.08,17.53,0.49
e69bfada-d306-4b05-9c79-a15312ded896,2026-03-09,CUST-592465,115.32,4266.84,2026-02-19,196.73,2025-11-17,31.65,1,10.51,16.6,32.47,Basic,2.92,2.1,121.57,3.32,Enterprise,96.35,-0.05,3.91,0.25
5ffe4677-1053-4486-ab9e-c4efeeaa11ee,2026-03-29,CUST-456552,139.89,8393.4,2026-03-08,142.73,2026-01-20,0,0,15.18,16.93,29.52,Enterprise,0.81,0.22,128.45,8.59,Prepaid,96.97,-1.71,15.78,0.13
b0aef08c-2bac-4b83-957e-fa69d4f21891,2025-10-15,CUST-993270,84.16,4208,2025-12-19,141.55,2026-07-06,0,1,36.99,2.42,40.66,Enterprise,4.2,3.56,152.5,1.14,Prepaid,96.86,-9.1,2.49,0.34
16ef35b8-81dc-4ba8-89a5-0afa514a5742,2026-01-13,CUST-415399,83.71,4855.179999999999,2026-04-17,65.56,2026-06-02,0,1,1.88,12.82,13.79,Premium,3.7,5.44,122.7,2.94,Prepaid,97.64,-6.82,4.03,0.38
f20d919d-3925-4d10-9ebc-6d4245991c8a,2025-08-24,CUST-856152,146.62,5571.56,2025-09-29,91.33,2025-12-10,0,1,9.91,19.78,45.88,Basic,0.88,-2.55,138.58,8.8,Postpaid,97.29,-6.8,10.34,0.33
cfe70fe8-c962-40ea-b7ea-f4e913d6965a,2026-07-15,CUST-423343,147.04,5587.5199999999995,2025-10-11,128.9,2025-12-12,0,2,33.93,9.04,19.25,Premium,3.8,7.21,61.14,4.8,Enterprise,99.82,-8.12,19.39,0.48
97b60543-cff1-42b7-95d0-ccc9aaf5fa17,2026-01-18,CUST-256506,149.49,6428.070000000001,2026-03-09,162.57,2026-06-30,0,0,44.49,19.29,34.43,Premium,1.63,1.11,91.62,2.24,Enterprise,95.82,-7.73,18.05,0.18
36849d98-c808-47db-b25d-2a5d030297d4,2026-05-11,CUST-719057,107.46,3546.18,2026-07-03,22.56,2025-09-17,0,2,19.94,21.16,39.84,Family,2.24,-0.73,127.44,7.98,Prepaid,97.8,-6.09,12.19,0.4
24727ec2-3585-4213-acb5-bf92aaba688c,2026-05-16,CUST-467288,23.15,787.0999999999999,2026-04-23,178.02,2026-05-09,0,1,11.66,19.29,44.88,Basic,4.29,7.89,64.85,0.4,Enterprise,96.83,-8.3,7.11,0.44
1aac2cec-03b4-45c4-8914-3b7f9aa06573,2025-11-10,CUST-598902,110.02,3190.58,2025-08-11,161.79,2025-12-23,0,0,46,14.79,31.47,Enterprise,3.86,-1.58,58.39,5.79,Prepaid,98.98,-9.12,7.45,0.11
e9923fb6-68bd-4cbb-887c-d0089fa8c6ac,2025-11-28,CUST-731362,44.78,1567.3,2025-10-30,189.77,2026-05-25,0,1,32.06,0.19,15.98,Family,2.75,6.83,195.37,4.59,Enterprise,99.22,-8.17,13.14,0.17
402dfc9b-4e03-40e6-a4ad-b12a2e8aa164,2025-11-03,CUST-101395,95.47,2386.75,2026-05-20,123.63,2026-07-03,10.11,2,16.09,12.12,18.77,Premium,3.26,-2.91,185.67,9.95,Postpaid,98.55,-1.32,7.53,0.44
2dddf97b-0fa2-47b9-bee3-e8cb623f9191,2025-09-25,CUST-738164,95.11,2758.19,2025-11-16,189.05,2026-03-12,0,2,2.06,15,12.02,Basic,0.9,3.06,140.11,1.85,Prepaid,95.19,-1.42,18.57,0.39
c2270702-c52a-4377-acdc-4067ce341ed8,2025-08-28,CUST-977294,100.69,2617.94,2025-11-22,25.81,2025-11-03,0,2,31.58,8.01,48.11,Family,2.21,-0.86,41.64,0.96,Enterprise,99,-2.48,15.57,0.23
386eb27e-008a-45eb-a0ec-b87bed3319af,2026-03-19,CUST-691739,114.64,4700.24,2025-10-14,57.97,2025-12-06,0,2,36.74,18.75,31.04,Family,1.39,0.57,73.53,6.58,Postpaid,97.14,-1.38,10.57,0.46
97441960-f363-44e1-b9a3-0f8f39e2b360,2026-05-31,CUST-453348,87.61,2540.69,2025-10-19,174.35,2025-12-26,0,2,46.48,28.05,21.78,Premium,0.34,9.81,133.56,5.54,Enterprise,99.64,-9.04,4.79,0.47
a24b980a-2376-4157-af24-3ee3525e1fef,2026-04-16,CUST-591097,100.57,3922.2299999999996,2025-10-18,181.2,2026-04-01,0,1,17.67,24.68,25.5,Family,0.12,7.41,118.88,8.27,Prepaid,95.62,-7.29,5.23,0.13
065566cd-1fb5-4b88-9892-40de607e7de4,2025-08-29,CUST-378745,123.26,5423.4400000000005,2026-06-23,90.45,2026-03-24,0,1,32.93,7.4,35.31,Basic,4.55,-4.27,144.73,2.87,Postpaid,98.02,-7.98,16.27,0.49
081d7d91-0977-4d5d-92d6-f7f253f23736,2026-05-22,CUST-200488,145.4,6543,2025-11-21,108.19,2026-06-09,0,0,1.11,4.32,10.89,Family,2.55,1.88,93.83,7.98,Postpaid,96.32,-7.32,14.48,0.17
310996db-2591-4826-b218-7e3147ae2967,2026-06-11,CUST-943923,131.5,1841,2026-03-03,47.11,2026-01-14,0,2,42.3,0.56,43.57,Family,3.86,5.48,126.75,0.27,Prepaid,95.26,-8.75,3.62,0.22
19e82dcf-92ef-4f26-be4e-14b2bd533189,2026-05-02,CUST-920181,145.74,2477.58,2026-04-09,56.61,2026-02-08,0,1,0.73,4.6,27.91,Premium,3.6,-1.33,128.01,3.46,Enterprise,98.48,-4.39,13.54,0.32
412d0db7-269b-4a82-8545-52a58aef9e8a,2025-11-12,CUST-126971,86.01,3870.4500000000003,2026-07-10,100.16,2025-08-03,34,0,35.28,2.66,23.06,Family,3.06,-1.21,165.65,6.15,Postpaid,97.09,-0.39,9.24,0.24
dc5b9698-aa60-4d1e-927a-e2002d50d38a,2025-10-29,CUST-630527,81.08,4378.32,2025-09-18,148.34,2025-12-05,0,1,36.17,13.28,14.39,Premium,3.97,2.6,113.09,0.29,Enterprise,95.26,-7.56,12.76,0.24
4c497435-d7a3-49dd-a0ce-9c88737ea9e9,2026-05-09,CUST-431809,25.86,439.62,2026-07-13,115.39,2025-11-20,0,0,11.72,8.02,48.06,Enterprise,2.92,8,75.61,4.72,Prepaid,96.73,-9.2,3.85,0.29
2b8f9d9b-848b-419c-9f38-1ea38dbaee66,2026-05-13,CUST-959077,20.34,1118.7,2025-11-30,104.95,2025-09-20,0,0,33.22,15.16,44.67,Basic,4.99,6.24,157.88,6.07,Enterprise,95.16,-2.2,12.9,0.42
28e4a9f4-e547-46ce-8eec-0fd3965b93a4,2026-03-01,CUST-356042,52.05,1561.5,2026-03-26,61.47,2025-11-09,0,1,48.73,6.7,24.18,Basic,1.66,-5,43.22,9.72,Prepaid,98.1,-5.98,0.74,0.18
9863acac-c0bf-4f8b-8718-3d9b54c114ca,2026-06-04,CUST-469980,113.39,3968.65,2026-02-23,78.64,2026-07-09,25.8,2,9.78,24.54,29.73,Premium,4.12,8.97,27.09,4.33,Postpaid,99.06,-4.04,2.44,0.17
5715382e-f1d4-432a-bfc3-c4bbda0066a3,2025-12-16,CUST-114003,95.02,4560.96,2026-03-20,41.51,2026-03-24,29.12,2,22.06,14.39,15.07,Family,2.97,-4.6,61.19,9.71,Prepaid,99.61,-7.43,12.25,0.29
59a0f47d-e225-498b-beb1-d67319eded54,2026-05-05,CUST-124636,90.05,2341.2999999999997,2026-05-23,125.08,2026-03-11,0,2,47.34,24.86,11.8,Family,4.51,6.66,92.78,3.17,Enterprise,96.24,-4.28,8.08,0.33
023646f3-0707-4e78-9cd2-8361be21541e,2026-06-29,CUST-918025,121.18,5695.46,2025-07-29,94.8,2026-06-22,0,1,26.8,12.94,32.91,Basic,1.64,2.18,46.71,6.54,Enterprise,98.27,-2.6,13.46,0.47
7e354d58-2fc4-41fb-9ed5-26e2185249bd,2025-08-31,CUST-188053,23.6,944,2025-08-06,95.31,2025-12-23,0,2,5.84,28.66,39.51,Premium,0.67,9.02,148.78,2.45,Postpaid,99.96,-0.65,14.59,0.1
2229074f-775d-4be4-a80d-2201d69f9e60,2025-09-18,CUST-413124,64.49,902.8599999999999,2025-12-17,164.64,2025-11-05,0,1,38.2,28.87,45.58,Enterprise,1.38,-3.46,50.13,4.22,Prepaid,97.6,-9.94,8.07,0.43
3122b195-1b91-432b-9339-67ad8f8900f1,2026-01-19,CUST-385889,109.7,3071.6,2025-10-21,107.51,2026-02-17,0,2,32.82,6.4,43.57,Basic,1.12,2.31,141.04,2.32,Prepaid,97.67,-8.51,10.93,0.27
14137807-73b5-49a8-a0bb-eca6e351032c,2026-07-12,CUST-968075,118.07,6848.0599999999995,2025-08-15,128.97,2026-06-11,0,1,4.43,18.84,39.94,Basic,1.54,4.37,104.71,0.87,Postpaid,97.53,-6.83,3.21,0.47
c7debc34-e334-4a84-97bc-d7f0e28da578,2025-07-31,CUST-343983,101.69,4067.6,2025-08-13,154.58,2026-04-02,0,2,7.98,22.52,19.57,Enterprise,0.8,-1.76,140.69,8.11,Prepaid,99.4,-0.62,13.57,0.39
076af7c1-77e8-4285-bd21-dc3f3e9a0435,2025-11-20,CUST-884295,144.88,1738.56,2026-01-17,41.58,2025-10-26,0,1,18.95,11.51,25.77,Family,4.16,6.98,168,5.82,Prepaid,95.39,-0.52,5.18,0.27
02eb28aa-b56f-49c7-a8af-d3ed7122eda1,2026-01-19,CUST-123948,110.4,1545.6000000000001,2026-04-25,163.76,2026-06-06,0,1,13.09,19.3,33.77,Enterprise,4.36,5.89,96.67,2.25,Enterprise,98.53,-2.89,10.42,0.33
7bf287f1-6447-4ec8-9945-6702e7fe0fca,2026-05-11,CUST-845429,125.48,6274,2025-11-06,67.1,2025-11-10,0,2,29.11,27.22,39.78,Family,2.1,-0.16,118.08,5.97,Postpaid,98.96,-0.1,5.96,0.31
b7b75032-c01f-4d30-bd8b-1cfdae98336f,2025-10-31,CUST-518712,57.66,807.24,2026-04-25,95.63,2026-06-09,0,2,8.84,16.07,22.04,Basic,3.65,3.31,174.73,6.5,Prepaid,95.25,-6.07,1.29,0.32
733a5b02-2550-4974-8e01-aa5f42bdda49,2026-02-28,CUST-171204,124.84,2247.12,2026-06-01,114.13,2025-11-15,0,1,43.29,2.21,43.73,Enterprise,1.4,1.49,67.43,8.48,Prepaid,97.97,-1.1,7.38,0.26
1b60b24a-1777-43c1-abeb-f59d7f843e02,2025-12-31,CUST-582352,28.76,1725.6000000000001,2025-09-21,148.41,2025-11-05,0,1,6.74,22.15,15.6,Basic,2.72,9.71,162.49,5,Enterprise,95.63,-7.86,19.69,0.2
0ce20911-a265-4b1b-80e1-f25de0a6aaa3,2026-04-04,CUST-514539,145.88,5105.8,2026-02-02,155.51,2025-09-25,0,2,49.43,14.01,33.66,Premium,2.8,1.82,116.17,4.11,Enterprise,99.55,-4.36,0.97,0.16
edf8d52f-3fdb-4d91-8389-98e446153cce,2026-03-06,CUST-375838,88.86,2754.66,2025-09-24,99.31,2026-01-22,0,1,1.25,17.77,24.92,Basic,3.33,2.8,68.61,8.95,Prepaid,95.23,-9.77,19.86,0.11
3cf40ed6-45c6-45f8-b59f-c2cdfd009443,2025-07-30,CUST-723031,20.32,325.12,2026-05-17,80.16,2025-08-28,0,1,11.69,1.43,12.56,Premium,3.95,-2.14,140.03,9.87,Enterprise,95.69,-1.06,12.36,0.31
747c6565-03bf-460a-b98b-c2187e18ce54,2026-07-09,CUST-434031,67.24,3765.4399999999996,2025-11-17,59.56,2025-11-16,0,1,47.76,3.95,36.53,Basic,1.63,3.38,193.77,2.46,Enterprise,98.87,-2.26,6.26,0.3
bcd369d0-9356-4cb6-a62e-16b14e350fd0,2026-03-10,CUST-847637,85.74,1200.36,2026-01-02,118.22,2025-08-18,0,0,16.85,5.78,44.51,Enterprise,3.75,3.38,169.39,0.69,Postpaid,99.66,-5.35,17.73,0.48
268f3628-20f4-4ac4-8efe-ec3d186943df,2026-04-02,CUST-636349,145.8,7435.8,2026-02-21,167.46,2026-06-29,0,2,8.37,19.06,16.75,Family,0.88,-4.29,149.89,6.45,Prepaid,99.85,-3.59,10.01,0.47
4dca3209-884d-46ed-acc7-8a85a2d24883,2026-02-06,CUST-690535,23.17,1065.8200000000002,2025-11-05,32.28,2026-03-20,0,1,24.41,20.99,41.21,Family,2.93,-1.89,193.98,9.58,Enterprise,96.03,-6.42,6.06,0.4
ac6afd93-752c-426c-ac6a-baeba48c9f94,2026-01-28,CUST-333768,96.49,5306.95,2025-12-28,128.1,2026-06-14,0,1,19.96,1.18,34.78,Premium,1.46,2.25,115.36,0.08,Enterprise,95.29,-4.26,9.1,0.16
efa891fc-d270-48af-9e1d-3a281594587a,2026-04-19,CUST-392231,52.2,1879.2,2025-10-25,137.43,2026-06-23,0,1,48.64,0.42,31.53,Enterprise,2.76,-2.13,43.01,9.8,Prepaid,95.79,-1.47,5.87,0.2
7801bd5c-9995-4395-a1e8-7a77fa19e919,2025-12-14,CUST-275302,24.57,294.84000000000003,2026-03-09,153.74,2026-04-26,0,2,46.54,25.68,29.67,Family,2.44,-1.89,108.43,5.86,Enterprise,95.54,-9.01,12.17,0.46
e40d24f2-9de8-4542-8a11-76202a918805,2025-07-24,CUST-896538,63.75,2996.25,2025-10-07,35.92,2025-09-07,0,1,34.41,11.42,49.79,Basic,2.42,7.51,106.75,0.96,Prepaid,96.21,-3.72,14.16,0.2
8b17d612-1ddf-42a9-b555-41347b350db4,2025-11-18,CUST-529063,106.62,1705.92,2026-05-30,21.84,2025-08-05,0,2,7.35,26.31,22.28,Family,3.26,1.75,42.76,7.29,Prepaid,99.76,-5.37,12.95,0.31
b43f2b08-e6d2-4528-b011-7a8b19041940,2025-11-23,CUST-523200,129.04,5935.839999999999,2025-12-28,176.38,2025-12-15,0,2,4.36,22.39,34.28,Premium,3.48,-3.79,66.52,6.75,Enterprise,99.76,-1.7,12.21,0.32
179f3ac8-baee-4cae-8778-6af12e5121ec,2026-01-28,CUST-150734,129.77,6877.81,2026-01-13,21.86,2025-11-07,0,1,41.76,24.46,22.01,Family,1.47,1,136.87,0.59,Postpaid,95.3,-3.74,10.84,0.18
3aca8534-3f86-45e3-bdeb-273d1d5fc6ba,2025-08-10,CUST-748693,114.49,4350.62,2026-03-30,198.51,2026-02-05,0,1,41.15,3.69,28.72,Basic,0.23,9.28,136.57,8.59,Enterprise,99.9,-0.86,2.47,0.18
6564eb94-c294-434e-a551-b79f67b699f8,2026-03-24,CUST-885314,86.26,3364.1400000000003,2025-08-06,193.61,2026-06-03,7.9,2,19.13,8.48,18.43,Enterprise,2.04,5.32,83.16,7.39,Enterprise,95.02,-9.56,5.99,0.3
9aeb9a49-7e8a-48e0-ae05-0ddfccdd6a57,2025-11-21,CUST-602037,21.66,324.9,2026-03-18,49.23,2026-04-13,0,1,24.51,27.78,41.09,Basic,0.74,-0.07,102.94,9.47,Postpaid,99.02,-9.62,10.46,0.15
462ec129-cd2d-4989-8027-3b54bfd1e05e,2026-05-18,CUST-992152,117.95,2005.15,2026-06-24,101.4,2026-05-24,0,2,26.59,26.56,23.76,Enterprise,4.69,5.95,40.57,3.7,Postpaid,95.17,-3.59,9.57,0.32
5ceabdda-6feb-4bb9-9f07-156952f0f9a0,2025-11-02,CUST-367532,42.58,2469.64,2025-08-27,126.36,2026-01-02,0,1,27.88,2.79,20.76,Family,0.47,8.89,108.97,8.95,Postpaid,96.2,-2.69,13.77,0.31
1c3b99a4-3e18-43ab-89a9-628e1013c6c1,2026-06-14,CUST-941030,72.48,3406.5600000000004,2026-05-21,33.31,2026-04-06,0,1,40.93,5.79,41.85,Enterprise,0.62,1.13,47.64,7.13,Prepaid,95.73,-6.18,10.89,0.13
7d4b1bc7-3bb6-4be0-9a58-8fa16bc63748,2026-07-20,CUST-383218,123.25,5546.25,2025-07-28,81.45,2025-09-30,20.83,2,21.47,19.3,22.17,Basic,3.01,9.74,97.45,1.16,Postpaid,98.34,-3.15,10.8,0.48
054437a9-658e-4123-bef2-bd0f073a15e7,2025-12-10,CUST-562334,35.44,496.15999999999997,2025-11-22,135.12,2026-05-18,0,0,10.06,24.94,12.96,Basic,2.48,7.67,81.55,1.59,Prepaid,99.14,-0.22,1.63,0.41
4f67eb0e-8100-4536-88ee-5afb1c600ce7,2025-09-09,CUST-919042,66.31,862.03,2025-12-03,22.68,2026-07-21,0,2,12.06,25.52,43.05,Family,2.3,6.01,38.22,5.79,Prepaid,99.57,-2.06,15.19,0.12
c54a6cdb-6cef-4bde-b900-408e1a6173ea,2025-08-18,CUST-225283,76.04,1824.96,2025-07-28,54.78,2026-01-08,0,0,13.88,16.89,33.86,Premium,4.48,8.27,62.06,5.42,Postpaid,99.05,-7.95,18.67,0.47
6186c71b-aaed-49de-868f-b68be1676ce8,2025-10-13,CUST-172823,94.57,4728.5,2026-04-14,145.08,2026-06-16,0,0,42.43,14.67,28.83,Basic,0.13,-4.29,100.69,5.07,Postpaid,98.14,-8.58,18.17,0.4
2fa54865-7a09-41c0-91fc-fc73c71edb1d,2026-03-27,CUST-307121,42.85,642.75,2026-04-13,70.26,2026-07-02,14.17,1,38.63,22.23,13.08,Basic,3.08,8.86,184.41,2.1,Postpaid,96.19,-8.3,19.27,0.23
01423ff9-eb7b-430a-979e-33caa9acf743,2025-10-28,CUST-965663,24.29,1360.24,2025-07-25,191.68,2026-05-21,0,1,17.65,20.03,22.35,Premium,0.3,-0.92,102.28,9.09,Enterprise,98.18,-2.21,8.39,0.1
5619802e-805e-44dd-9639-67ef3f3717db,2026-07-05,CUST-636301,91.57,4853.21,2026-04-22,105.64,2025-12-13,0,2,8.99,21.3,22.08,Enterprise,1.87,0.68,144.05,8.75,Postpaid,97.01,-1.31,18.92,0.38
ca5f403b-1980-401a-9173-5d8a6f0b2606,2026-04-01,CUST-882138,107.15,4071.7000000000003,2025-09-05,100.63,2026-02-13,0,2,9.43,24.33,39.38,Enterprise,1.88,9.44,193.44,0.1,Prepaid,96.87,-0.69,7.56,0.44
474c38d5-73c3-4ade-a818-03c83a86bcc3,2025-09-11,CUST-245251,38.88,1944.0000000000002,2025-08-17,103.46,2025-12-17,0,2,41.02,9.83,25.29,Basic,3.61,9.27,30.57,7.67,Enterprise,96.8,-2.38,13.03,0.36
848247ac-3b6d-4563-a680-a3ad73b0a9f3,2025-08-28,CUST-154928,137.57,3989.5299999999997,2025-09-13,161.05,2025-08-22,14.91,1,34.62,4.06,47.8,Family,4.08,5.45,27.62,4.87,Enterprise,98.66,-0.07,18.11,0.38
f40723ea-f48f-4d2d-b22a-ff90a408493b,2026-06-27,CUST-778707,140.91,6200.04,2026-01-28,35.24,2026-02-27,0,1,44.93,24.63,36.91,Family,2.84,0.5,40.14,4.65,Prepaid,98.48,-7.55,2.77,0.36
daf1671d-e5ed-4c7a-b983-b591b3633cbd,2026-06-25,CUST-825372,53.44,2137.6,2026-05-12,155.89,2025-11-05,0,1,39.21,17.38,42.41,Family,0.81,5.7,29.95,1.22,Enterprise,96.83,-3,10.88,0.37
a1872959-d3c9-4b7e-a254-91b92055b70a,2026-05-26,CUST-269163,147.28,7953.12,2026-05-16,27.77,2026-07-22,0,2,38.84,1.28,15.39,Basic,4.34,2.37,79,4.67,Postpaid,95.83,-2.16,7.97,0.23
eea92c93-bbea-48de-a41d-c9811d8b9599,2025-12-06,CUST-978054,66.95,937.3000000000001,2025-09-03,137.77,2025-12-04,32.79,1,29.99,29.97,25.27,Basic,1.51,1.41,39.85,4.03,Prepaid,98.2,-1.19,14.05,0.46
09cc29c0-b967-451a-8a78-aa32a17597d0,2025-11-03,CUST-603074,97.24,1750.32,2025-10-15,120.71,2026-07-13,0,0,29.81,18.03,20.01,Premium,2.3,9.52,119.71,6.43,Postpaid,95.2,-7.94,4.98,0.26
b19c974f-4c9c-41bc-b212-fca0b54cdf78,2026-05-01,CUST-155579,38,1824,2025-10-15,55.16,2025-08-22,32.07,0,19.29,3.57,26.29,Family,1.56,-1.07,197.45,1.05,Prepaid,96.25,-2.59,19.76,0.2
4793248a-d554-4294-9702-3e6f504f9104,2026-02-17,CUST-254491,23.98,503.58,2026-01-28,63.51,2025-12-17,0,0,4.82,26.3,23.69,Basic,0.13,0.94,103.95,4.15,Postpaid,98.87,-3.05,0.89,0.28
90e68460-cf40-45b4-8e76-7a2a64c9bb5e,2025-08-19,CUST-634185,85.48,2051.52,2025-10-17,131.4,2025-10-11,41.28,1,31.4,12.83,45.11,Family,2.81,3.52,91.06,4.58,Enterprise,98.85,-9.64,3.03,0.15
989443f8-5ad5-4b89-abdc-315c8b54f8fe,2026-02-01,CUST-619030,147.71,5908.400000000001,2026-06-16,63.31,2026-02-04,0,1,19.2,19.73,13.39,Basic,4.01,-4.08,34.08,1.14,Enterprise,99.87,-6.23,16.54,0.11
96129e4e-8ae8-4615-aed8-e66e3bd750d9,2025-12-28,CUST-117293,105.41,3162.2999999999997,2025-11-03,85.58,2026-04-21,10.66,2,1.84,21.84,26.13,Family,1.03,5.09,30.4,0.96,Postpaid,95.17,-9.32,15.06,0.4
93209e63-a30a-4a10-92e4-4790b41f5b40,2025-08-23,CUST-249633,124.8,6364.8,2026-03-11,158.16,2025-08-22,0,1,30.59,16.46,42.46,Family,0.8,6.81,40.55,7.19,Postpaid,97.26,-4.89,5.25,0.14
e3dea08a-708e-4e57-a8f8-ec6567ce086c,2025-07-26,CUST-927656,74.84,3292.96,2026-01-01,35.15,2025-12-29,0,1,18.53,6.24,14.73,Enterprise,4.16,-0.28,158.74,7.78,Postpaid,97.91,-1.92,19.39,0.24
3f89f2b6-38f6-4432-a3a3-bc036f975e5e,2025-07-30,CUST-658569,56.13,1796.16,2025-10-04,134.96,2025-09-19,0,2,28.8,3.29,11.18,Basic,2.89,0.02,123.98,1.25,Prepaid,98.07,-4.14,17.45,0.21
e9badb57-9a36-4e17-9001-4ceb7e7d3da0,2025-10-09,CUST-239056,43.63,2268.76,2025-11-10,94.07,2026-07-09,13.07,0,22.51,4.32,17.38,Basic,0.83,8.15,191.57,3.11,Postpaid,96.23,-4.74,0.71,0.38
b1aa4b41-9901-454a-bf74-408a727de10d,2025-09-03,CUST-885514,142.68,7704.72,2025-10-29,184.1,2026-05-23,0,1,8.9,22.88,36.59,Enterprise,1.61,-4.31,164.39,0.49,Enterprise,97.2,-9.31,18.5,0.19
847507ea-cc9f-4493-8818-3669af4fdb3d,2025-09-21,CUST-741969,130.62,6400.38,2025-09-03,156.7,2026-03-12,0,1,33.43,14.29,25.07,Family,2.62,5.62,176.27,6.72,Prepaid,99.08,-5.56,13.74,0.18
ecf67b13-c844-4a29-aa4a-fafcc8ef3fa5,2026-05-10,CUST-956614,30.45,943.9499999999999,2026-01-31,114.01,2025-11-27,0,0,16.58,24.38,16.87,Premium,4.02,9.82,197.68,9.72,Enterprise,95.53,-5.18,5.47,0.29
2302ec1a-57b7-4fd9-aebf-41d5aec53e55,2026-02-05,CUST-398628,37.78,491.14,2025-10-13,120.65,2025-09-22,20.13,1,8.24,0.01,39.37,Premium,4.66,-2.74,121.78,2.36,Postpaid,99.91,-4.96,8.18,0.36
03322245-ffe6-43f6-85df-612fd724a9ff,2026-01-26,CUST-533408,81.94,4670.58,2026-01-19,190.13,2026-04-07,0,2,31.2,8.98,40.61,Basic,3.75,4.59,129.39,0,Postpaid,98.81,-3.58,5.45,0.12
ba1c5559-d438-494a-a564-2bab2db6a872,2026-04-19,CUST-978875,91.1,2004.1999999999998,2026-04-27,47.62,2025-12-17,41.67,2,13.55,25.13,14.57,Premium,3.14,-0.25,101.06,8.4,Prepaid,98.15,-5.33,2.97,0.14
24ad0edd-a1b6-4fff-9c49-c5b897ccce50,2025-08-09,CUST-786472,36.99,480.87,2026-04-11,75.07,2025-12-09,0,0,27.39,27.76,12.7,Enterprise,3.51,5.86,35.92,9.51,Prepaid,97.07,-6.34,5.28,0.21
20da78d0-c92e-4528-8188-b7abbaf25b7d,2026-07-16,CUST-939571,100.64,5937.76,2025-09-16,43.1,2026-05-12,0,1,17.9,22.45,19.05,Family,2.32,-1.45,166.48,7.92,Postpaid,95.75,-8.15,2.23,0.19
3101bc35-2418-46ab-8feb-6f38cb149696,2025-08-08,CUST-717396,61.19,3365.45,2026-04-03,166.27,2025-12-28,46.56,2,13.58,5.62,40.39,Family,1.31,8.82,192.96,4.81,Prepaid,99.5,-2.68,15.53,0.18
46f22cff-8dba-49ea-a2a4-682b6c0ef11d,2025-11-09,CUST-551712,26.9,1318.1,2025-10-11,145.26,2026-02-11,0,0,5.67,9.59,40.08,Family,3.02,9.94,62.7,5.73,Postpaid,99.22,-5.17,5.46,0.26
2c5a7e61-d136-4317-adb7-7330cf98b6fe,2025-11-04,CUST-608610,62.45,2310.65,2025-12-10,167.9,2026-06-30,0,1,9.82,29.59,46.33,Enterprise,3.6,-2.56,183.75,9.27,Prepaid,95.02,-7.16,8.41,0.42
ac843bd4-dbc5-452b-b3b8-923d93fee043,2026-03-04,CUST-208034,45.04,945.84,2026-01-28,160.51,2026-05-03,0,1,34.07,10.53,37.41,Family,1.03,0.61,133.26,4.13,Enterprise,99.37,-8.9,7.58,0.42
b6c0fb01-9653-4106-b9f2-18be7962b4df,2025-08-18,CUST-637042,82.22,4028.7799999999997,2026-04-08,43.31,2025-10-03,20.96,1,1.46,2.83,40.42,Premium,1.69,2.83,54.55,3.49,Prepaid,95.55,-2.24,8.34,0.47
e36d0d46-be39-48cc-aed3-00101e706469,2025-07-24,CUST-887681,139.15,5426.85,2025-09-07,182.52,2026-05-08,0,2,6.94,27.45,22.98,Family,3.35,-2.25,132.66,7.67,Postpaid,99.49,-8.39,18.23,0.42
6bb0e8bb-2146-424c-bcec-89f4c9d36b8f,2026-04-15,CUST-479541,113.14,5204.44,2026-06-25,197.79,2025-09-02,18.11,1,6.87,28.44,43.4,Basic,4.99,6.61,181.05,3.67,Enterprise,98.59,-1.37,1.85,0.16
40ffd41c-e7f1-468c-a35e-734a750995fc,2026-02-01,CUST-565275,88.08,4492.08,2025-08-16,159.19,2025-11-07,27.44,1,39.4,7.21,15.91,Enterprise,2.82,-3.47,40.35,5.33,Prepaid,98.92,-0.95,14.56,0.44
ecaad1e8-85fc-4a16-83ed-2ec7678ea3ba,2025-08-15,CUST-334619,146.93,4848.6900000000005,2026-01-14,122.96,2026-07-05,44.04,1,4.79,19.26,16.47,Enterprise,4.3,-4.03,29.23,2.27,Enterprise,97.56,-3.44,7.65,0.35
b3c5d259-9319-4898-b003-b153b1c68af8,2025-08-12,CUST-120038,80.29,4094.7900000000004,2026-06-29,44.42,2025-07-30,0,1,32.56,7.47,40.11,Enterprise,4.24,9.95,77.77,6.91,Enterprise,97.72,-9.43,1.34,0.15
718b7e75-737c-4346-8d7f-ae6ca814fcb2,2026-06-21,CUST-171996,26.05,599.15,2026-07-08,151.92,2025-08-31,0,1,14.96,5.99,38.61,Premium,3.25,-1.06,97.25,4.5,Enterprise,97.29,-7.35,17.92,0.47
6f40c8a7-5770-4e39-b2f8-35cc96465375,2026-06-19,CUST-611898,112.89,3048.03,2025-08-02,96.79,2025-08-31,0,1,8.81,7.65,10.58,Basic,2.8,5.44,110.17,1.52,Postpaid,98.88,-9.97,4.7,0.26
485ccfbe-4968-4440-b1cf-2f262972a65d,2026-01-01,CUST-298303,93.05,4559.45,2025-12-26,36.23,2026-06-25,0,1,40.8,21.08,22.11,Enterprise,3.27,2.91,58.74,6.95,Prepaid,98.43,-6.59,10.3,0.47
956959f4-240f-4862-8bcc-f80cb6442507,2025-12-18,CUST-554516,107.38,5261.62,2026-06-26,59.29,2025-09-08,20.86,1,32.48,28.33,31.68,Basic,4.99,5.27,154.86,4.62,Prepaid,98.09,-5.8,7.13,0.42
e527ccec-326c-4970-9433-6a0ef5fe74c2,2025-09-09,CUST-186296,125.96,2015.36,2026-03-14,151.24,2025-11-25,0,1,46.09,5.82,14.46,Basic,2.12,6.42,65.02,1.1,Postpaid,97.34,-6.26,6.91,0.42
a319f835-c6da-4c45-9fce-f0bbf78be7cb,2025-09-07,CUST-238204,128.85,2834.7,2026-04-14,195.38,2025-11-27,0,1,40.82,29.06,16.16,Premium,4,1.46,41.55,2.68,Prepaid,96.31,-1.25,6.13,0.33
fe51c38a-ff94-4aa0-ad74-42e798aa1a7d,2025-11-17,CUST-638947,67.09,1140.53,2025-11-19,97.45,2025-09-25,0,2,27.19,22.79,44.15,Enterprise,1.15,-0.99,82.81,4.93,Postpaid,97.75,-5.8,15.62,0.45
06d06ddb-acaf-4266-8b74-1746b3d96ebf,2026-06-07,CUST-585972,80.5,2656.5,2026-04-16,198.54,2026-06-17,14.83,1,19.62,28.73,38.69,Enterprise,0.43,1.96,176.59,3.44,Postpaid,98.64,-2.03,13,0.4
dc2f4081-9a8b-4e83-81ac-7c65a4d9a6ff,2025-11-21,CUST-567754,34,1700,2025-08-19,180.06,2026-06-17,0,1,41.32,9.06,12.54,Basic,4.81,-1.84,196.35,9.95,Postpaid,96.08,-9.13,1.13,0.45
7bf89894-b20c-40ae-9254-fbe7458ed483,2025-08-25,CUST-912379,123.92,5080.72,2026-04-28,78.11,2026-01-13,0,2,32.43,9.06,38.37,Enterprise,0.25,0.27,196.95,8.55,Postpaid,97.42,-5.98,5.02,0.48
94136be9-17f7-4eb0-9242-49686431b24f,2025-10-02,CUST-546566,145.72,2477.24,2026-02-17,188.84,2025-09-30,0,2,35.48,17.14,26.14,Basic,2.61,-0.27,26.56,5.11,Enterprise,98.01,-9.72,3.3,0.38
14529271-05ef-4650-866e-28e875c435d1,2025-11-20,CUST-546634,69.64,3203.44,2025-12-01,128.46,2025-08-05,0,2,19,4.52,43.1,Family,3.97,8.59,172.47,6.54,Prepaid,99.03,-7.72,2.68,0.14
7e63de9c-38b8-483e-9eb9-ac113c801d51,2026-07-09,CUST-967813,72.67,2470.78,2026-05-21,71.43,2025-10-16,10.79,0,44.14,7.96,31.4,Enterprise,3.01,1.71,56.65,6.47,Postpaid,98.97,-9.95,8.41,0.33
19e2f415-c9d7-43dc-a2f6-5556c6a8ebc7,2026-05-31,CUST-213552,43.6,1700.4,2026-05-18,25.62,2026-06-06,0,0,19.02,26.52,38.44,Family,0.92,6.51,168.02,1.99,Enterprise,97.91,-5.92,8.68,0.41
c0f6d439-0fad-49b0-be3f-d9429e53c286,2025-07-25,CUST-659724,91.59,2564.52,2026-03-06,128.25,2026-05-12,0,0,37.52,11,49.44,Family,3.09,8.75,39.9,3.54,Enterprise,96.37,-5.36,1.51,0.37
bce65c6b-2991-4bf6-b62a-8f2f9e9606ee,2025-11-01,CUST-260325,29.15,874.5,2026-03-15,192.91,2026-03-12,38.69,2,1.29,8.6,38.95,Family,0.2,0.12,71.95,5.88,Prepaid,95.82,-5.71,6.4,0.11
187d66a1-b9f0-4efe-b70c-83589941933a,2026-01-10,CUST-792246,123.32,3083,2026-05-19,144.6,2025-09-16,0,0,18.76,18.39,42.53,Premium,4.56,0.94,168.61,3.62,Enterprise,95.91,-4.09,18.73,0.23
6239dc3d-a07b-4e9d-b0cf-d4386aa1c2a9,2025-08-19,CUST-412924,55.52,1054.88,2026-07-10,193.2,2026-01-23,0,1,0.01,9.66,34.27,Family,4.04,-4.62,79.76,1.57,Prepaid,95.81,-4.57,8.26,0.28
7ab9695f-fbf5-421c-9191-2a5f81250adf,2026-07-13,CUST-821193,134.84,7955.56,2026-07-18,157.5,2026-05-03,19.28,0,43.26,29.35,21.36,Family,2.53,3.33,28.45,5.92,Postpaid,99.72,-9.2,3.44,0.16
9a448850-a4e2-45e6-8756-b287c4c19d17,2026-06-13,CUST-933775,110.47,5302.5599999999995,2025-10-16,74.87,2026-04-12,0,1,19.24,22.79,38.22,Enterprise,1.22,-2.37,84.55,9.62,Enterprise,96.45,-2.9,16.15,0.46
704dca21-aea0-4fdd-a297-3edd972e9f96,2025-08-29,CUST-645037,31.44,1760.64,2025-08-10,138.42,2025-09-13,0,1,44.4,19.41,17.04,Family,4.83,2.61,82.63,3.63,Postpaid,96.68,-9.61,8.41,0.44
5e4c700f-54f2-499c-a619-a95c072c600f,2025-07-31,CUST-967427,44.25,2433.75,2025-09-18,78.47,2026-02-07,0,2,11.74,6.16,40.05,Enterprise,1.01,-4.86,183.59,0.33,Enterprise,95.81,-9.31,5.76,0.15
370212c9-4327-45d4-8d7e-025ab349a202,2025-11-22,CUST-972019,51.1,2146.2000000000003,2025-10-27,93.59,2025-09-10,0,0,46.01,9.09,14.53,Premium,4.43,1.29,125.43,2.13,Postpaid,98.21,-3.41,9.83,0.21
342fdced-84b4-4790-a8a0-b54a7906a182,2026-05-06,CUST-510529,97.39,3700.82,2025-09-12,66.62,2025-09-29,0,0,20.37,16.13,16.63,Basic,0.25,-2.23,156.34,0.19,Postpaid,96.97,-3.26,15.03,0.45
6a9eaeff-26b8-4cf3-b05c-3307b810e5fd,2026-01-10,CUST-292778,41.04,2421.36,2025-09-01,90.29,2025-09-22,0,2,24.22,27.49,21.13,Premium,0.38,6.3,43.85,1.02,Prepaid,97.61,-2.6,19.13,0.42
8f559bbb-9b6e-4e7c-a864-a311571908c1,2026-03-24,CUST-718932,118.28,6387.12,2025-08-05,88.07,2026-03-18,0,0,42.5,7.26,46.35,Premium,2.62,9.5,185.81,9.88,Postpaid,99.9,-0.5,14.06,0.5
71c3bbd8-5a29-4b12-a8fc-6b0cce3d7960,2025-09-14,CUST-245270,63.54,3113.46,2026-07-22,154.35,2026-02-26,41.97,1,8.1,8.4,48.02,Enterprise,1.67,0.76,38.63,7.79,Postpaid,96.98,-9.1,9.08,0.37
5a844b66-809d-4cfd-b4bf-612d75eb0514,2025-08-16,CUST-433922,122.93,1475.16,2026-01-27,169.36,2026-06-17,0,2,30.85,14.6,44.19,Family,2.83,8.23,86.34,9.19,Enterprise,96.26,-6.54,5.21,0.45
4d9de391-4551-453b-872d-439da8753c76,2026-07-13,CUST-870642,94.65,3123.4500000000003,2026-05-29,195.51,2026-04-26,0,2,46.92,29.09,10.06,Premium,3.15,5.17,48.37,8.11,Enterprise,98.14,-0.81,9.82,0.4
ce00177b-ddde-48ef-a7b6-9a19a8b0ad50,2025-09-09,CUST-379970,113.62,1590.68,2026-05-02,95,2025-08-09,0,1,49.11,19.89,26.53,Family,0.15,-4.03,125.8,0.11,Prepaid,97.33,-8.44,1.81,0.38
775cc732-6c17-482e-a57b-d371c4bc54e3,2026-07-03,CUST-628465,83.34,4500.360000000001,2025-07-31,28.21,2025-09-11,0,0,43.73,21.17,46.7,Basic,1.54,5.73,108.01,5.2,Prepaid,97.93,-6.65,1.94,0.47
860fa808-140d-4dbd-836a-3375000d767f,2026-01-09,CUST-639457,99.23,3473.05,2025-11-27,88.99,2026-04-07,0,1,19.54,24.4,43.39,Basic,3.05,-0.6,52.71,2.5,Enterprise,95.46,-0.31,12.86,0.49
3fa972c9-9961-45dd-9747-5889a28beb17,2026-05-01,CUST-964031,89.11,3207.96,2026-03-15,198.05,2026-06-30,0,1,29.49,21.03,42.48,Basic,1.48,-2.81,153.46,7.94,Enterprise,96.97,-2.67,5.5,0.26
e17a223e-8ede-4017-aff6-b67f923c7432,2025-10-10,CUST-573328,133.89,4686.15,2026-05-06,63.41,2026-05-19,0,0,5.38,29.76,43.49,Enterprise,1.92,0.2,139.24,7.94,Prepaid,99.56,-9.53,10.89,0.21
0b8d4451-c3fa-4e14-b741-2e299276e0be,2025-08-17,CUST-534928,42.67,1322.77,2026-01-10,48.39,2026-02-21,0,0,41.98,17.15,34.83,Enterprise,1.31,9.64,76.02,0.16,Enterprise,99.98,-2.58,12.54,0.11
4b8fc0c8-06b9-4edb-b34e-af582cefaab5,2026-03-04,CUST-112951,136.57,5462.799999999999,2025-09-13,184.92,2025-07-28,0,1,33.31,21.8,39.65,Family,0.24,7.81,29.12,6.76,Prepaid,95.45,-3.23,10.67,0.28
6b4a700a-b752-4638-a3c0-e56a9e518355,2026-06-20,CUST-732643,62.08,2545.2799999999997,2026-03-26,68.05,2026-06-12,0,1,7.19,5.67,40.77,Enterprise,3.85,7.15,66.47,0.78,Prepaid,99,-2.38,16.6,0.37
f88cb358-e293-4571-8926-f525da26d990,2026-04-01,CUST-303327,115.98,6378.900000000001,2026-05-17,178.61,2026-05-11,24.39,1,22.93,9.46,26.09,Family,4.02,-2.67,169.65,2.73,Prepaid,97.3,-7.37,8.94,0.21
79398a10-458d-49de-a90a-6a20a7c64729,2026-06-16,CUST-620296,99.24,4565.04,2026-01-01,107.24,2026-02-08,0,0,7.21,15.59,42.3,Premium,4.94,6.68,69.23,1.81,Prepaid,98.95,-9.59,13.42,0.43
bb6e0517-b9a4-47a8-9d2a-ce06fddad3f8,2026-06-02,CUST-404679,62.91,1195.29,2025-09-27,74.83,2026-03-04,0,2,7.32,11.1,21.23,Family,1.99,-3.35,197.69,8.98,Enterprise,95.03,-3.3,1.88,0.33
2cc3d8ee-a2e5-4994-9f61-48f860502d2e,2026-06-17,CUST-145419,82.58,4376.74,2026-04-24,33.21,2025-07-26,0,1,3.15,8.87,12.68,Enterprise,2.26,-1.45,108.06,1.93,Enterprise,97.4,-1.02,15.31,0.33
36193e5a-301d-4f60-b816-7332487da3ad,2026-01-29,CUST-306515,55.13,1709.03,2025-09-14,127.92,2026-03-18,0,1,21.34,10.67,32.57,Enterprise,0.91,9.92,25.91,4.55,Enterprise,96.66,-8.74,5.85,0.24
a659abb0-1b0b-498f-b7c2-bea6ab6cc0b0,2025-12-24,CUST-880739,33.34,1400.2800000000002,2025-09-13,105.4,2025-09-21,0,1,14.93,10.71,28.12,Family,1.17,-4.61,37.36,3.87,Postpaid,99.18,-7.51,7.6,0.45
cb2d2378-f77e-4a07-b702-2a5187b292cb,2026-01-15,CUST-882733,97.55,3121.6,2025-07-28,121.95,2026-05-05,0,2,15.49,7.25,24.88,Premium,3.52,3.18,147.04,4.92,Enterprise,98,-0.69,12.81,0.15
9c343da8-2eb9-4e02-a232-fea8897b55fe,2025-07-27,CUST-263459,76.65,1533,2026-06-23,155.98,2025-10-24,0,1,44.59,9.43,44.95,Basic,2.65,-3.15,50.78,9.54,Postpaid,96.38,-7.41,8.13,0.11
1504fda9-909f-4f2b-94e6-20a433a025d3,2026-06-21,CUST-333145,116.01,5220.45,2025-08-17,58.93,2025-09-20,30.01,2,46.88,18.65,39.11,Family,2.05,3.99,122.53,7.67,Enterprise,95.07,-7.52,4.92,0.37
63e16435-f065-44c1-8ebf-fe42e56c017e,2026-07-11,CUST-873036,85.03,2125.75,2026-05-10,147.09,2026-04-18,0,0,3.84,1.93,18.23,Family,4.71,-0.93,38.24,7.41,Postpaid,96.65,-4.94,3.38,0.14
9f6800b3-2345-4137-8398-a9ba94269617,2026-03-27,CUST-313403,147.88,8133.4,2025-08-01,187.84,2026-05-16,0,1,34.04,16.2,44.74,Basic,4.92,8.12,188.06,5.04,Postpaid,95.23,-6.04,14.86,0.27
3a720db8-c21f-4236-b575-edbca89530ad,2026-05-02,CUST-161250,141.66,5099.76,2026-01-10,45.84,2026-05-28,33.78,1,24.69,6.28,18.24,Enterprise,0.34,3.44,105.01,1.09,Enterprise,99.52,-4.32,15.73,0.16
38a3c008-2aa7-420d-96b2-24ae5094ac5b,2026-04-27,CUST-984970,35.14,1159.6200000000001,2026-01-25,89.11,2026-06-06,0,0,0.64,22.38,34.57,Basic,1.23,8.04,164.16,4.61,Prepaid,96.8,-8.42,15.05,0.23
9f0df579-ebba-4d6e-8b1f-71f7495aad3c,2025-07-27,CUST-844452,43.23,1772.4299999999998,2026-07-12,24.52,2026-04-11,13.87,2,5.94,27.12,10.75,Family,3.67,-0.54,115.11,2.61,Prepaid,99.89,-9.73,2.29,0.16
d64192b5-7bf9-46ef-bc7b-cf6359dbc691,2026-04-29,CUST-344140,147.42,2063.8799999999997,2025-12-01,82.89,2025-12-11,0,1,7.99,12.35,25.37,Basic,4.64,3.94,164.73,9.02,Prepaid,99.7,-4.5,2.46,0.38
b037ef4b-b7fe-48ae-9b8a-38dccd61ee54,2026-04-09,CUST-391733,137.79,7578.45,2026-03-11,129.01,2026-01-21,0,1,30.19,27.14,16.62,Basic,3.27,-0.73,110.7,3.44,Postpaid,97.08,-4.94,12.29,0.43
121923d6-71bf-46ba-8e61-24799fd070bb,2026-07-09,CUST-158940,48.17,2553.01,2025-10-09,58.53,2025-12-10,0,1,48.16,25.16,30.36,Enterprise,4.13,4.71,78.68,0.88,Enterprise,97.73,-6.05,13.19,0.23
18d71136-2ef6-4e93-84c2-8607a130a09e,2025-11-29,CUST-329932,53.47,2031.86,2025-11-30,42.87,2025-10-10,13.43,0,28.04,6.75,14.69,Family,0.12,1.45,109.73,1.12,Postpaid,97.96,-9.37,10.51,0.29
2fde8a6d-de1a-4ef4-8a52-f6ffe036c0b6,2025-08-28,CUST-481572,100.82,4032.7999999999997,2025-09-20,71.36,2026-07-03,0,1,1.03,12.26,41.04,Premium,4.3,-4.37,170.32,8.41,Enterprise,96.37,-6.7,10.05,0.32
c3fed691-3a60-4b6a-9edf-acdf66976306,2026-04-06,CUST-238330,94.29,4525.92,2026-03-27,78.77,2026-02-18,0,1,14.36,13.69,46.2,Premium,3.21,4.75,165.09,1.85,Enterprise,96.16,-3.19,9.81,0.3
603d5332-1c66-4704-b64b-261c5423da72,2025-08-20,CUST-292201,51.31,615.72,2026-07-05,165.44,2026-07-12,34.78,0,6.54,4.35,18.62,Premium,4.05,4.58,135.24,3.25,Prepaid,98.22,-3.02,9.83,0.43
7671aa86-3a90-45d9-8025-259f6841ff02,2026-05-23,CUST-361567,139.03,2363.51,2026-01-10,103.27,2026-04-27,0,0,21.81,6.69,44.44,Premium,2.95,9.01,103.61,8.54,Prepaid,95.66,-3.94,4.38,0.28
910d7ffd-4a1c-434e-85a4-7124d64ca3b3,2026-02-04,CUST-727144,148.28,2817.32,2026-06-18,162.58,2025-11-22,20.96,1,6.68,24.14,28.33,Basic,2.87,-3.18,130.87,6.94,Postpaid,95.46,-7.02,7.5,0.28
52770b7f-7969-47c6-9d6b-9efc041e98ad,2025-12-21,CUST-296301,22.3,1137.3,2025-08-01,118.01,2026-07-15,11.17,1,47.05,26.37,14.97,Basic,0.56,5.83,185.57,6.92,Prepaid,95.92,-7.18,1.74,0.34
8930924d-dc64-4541-bc60-678c579df434,2026-04-22,CUST-818231,128.91,2964.93,2025-11-02,31.31,2026-04-14,0,2,43.92,19.68,47.7,Enterprise,0.51,8.31,156.36,3.86,Postpaid,96.52,-9.7,14.79,0.23
49869f72-d3ea-47f4-b354-713507747920,2026-01-31,CUST-421831,95.3,5432.099999999999,2025-12-04,195.37,2025-10-02,0,2,41.57,10.32,37.97,Enterprise,1.89,8.26,137.79,0.13,Postpaid,97.08,-5.93,19.21,0.16
e7e7f5ae-3c6e-43b0-a1bb-80456ebe3a25,2025-10-16,CUST-905187,103.67,2280.7400000000002,2025-12-04,163.72,2026-04-19,44.51,0,47.21,15.63,42.91,Premium,0.61,-1.95,39.76,9.61,Prepaid,95.18,-3.36,1.18,0.38
91304ea4-37fe-4fc8-9c2f-18f1170c0c52,2026-03-15,CUST-712150,32.18,579.24,2026-02-23,142.35,2025-09-16,0,0,29.85,12.76,29.58,Premium,3.28,3.91,135.8,9.26,Prepaid,99.03,-9.94,2.92,0.4
4595cb3f-6bce-47cb-ab7e-cc4806f9b350,2025-09-14,CUST-413411,95.34,2383.5,2026-01-20,174.66,2026-04-06,0,0,28.25,4.67,18.19,Premium,3.27,7.89,112.58,9.4,Prepaid,99.62,-0.17,17.85,0.34
68dd81ab-0ff2-46c1-8e29-e2d2ab79bd1d,2026-01-12,CUST-231783,46.31,1574.54,2026-07-21,23.82,2026-01-20,10.29,1,26.53,18.24,18.4,Basic,1.73,-1.52,41.49,5.42,Postpaid,97.59,-5.39,19.69,0.13
ae599d3d-fa58-419b-936f-a0d158a3838a,2026-05-15,CUST-490773,136.51,5596.91,2025-08-25,153.5,2025-11-09,0,1,47.66,13.85,18.97,Enterprise,2.82,-4.1,65.9,4.8,Enterprise,98.68,-8.98,13.55,0.13
63cbfe37-89d9-42c7-b8ad-e4cdabff872e,2025-10-29,CUST-754446,39.04,1717.76,2026-02-25,32.56,2026-05-18,0,1,7.22,4.83,46.64,Family,5,4.1,169.63,6.37,Enterprise,98.66,-8.9,14.87,0.11
9255f93d-86ea-417e-b4d1-a46e593b9451,2025-11-18,CUST-910332,39.87,2073.24,2026-04-23,121.42,2026-06-02,31.27,2,25.51,24.76,14.57,Family,3.98,4.56,180.1,2.96,Enterprise,95.05,-1.21,6.92,0.22
13f2320e-ab4d-45a8-89e6-585b1900bbdb,2026-06-27,CUST-491292,95.37,3051.84,2025-11-02,129.28,2025-12-02,0,2,20.28,26.54,30.82,Basic,1,-3.02,181.33,7.74,Prepaid,97.28,-2.89,13.27,0.44
33097590-4001-4942-9314-28065c7b63ad,2026-03-14,CUST-147475,130.26,2214.42,2026-05-19,140.27,2025-09-05,0,2,42.01,11.92,29.78,Family,0.64,0.02,32.88,3.01,Enterprise,97.49,-5.45,15.35,0.11
cdbc20d1-e506-4a7b-8bfe-73524c5120e1,2026-01-01,CUST-696763,143.19,2863.8,2026-02-12,47.81,2025-09-29,0,2,48.95,26.57,38.48,Family,3.7,-0.5,118.28,9.48,Enterprise,97.72,-6.86,9.8,0.26
94c4f326-d3eb-43b5-a851-1bc0b0afcbef,2026-06-22,CUST-149704,56.42,1466.92,2026-05-19,123.09,2026-02-17,0,1,14.99,16.68,41.77,Premium,1.31,6.46,27.19,2.74,Postpaid,96.04,-4.23,6.04,0.17
7390c926-08f8-42e3-95f3-9ce34874df4b,2025-10-14,CUST-134493,76.55,2985.45,2026-05-29,52.26,2025-08-22,0,1,30.22,22.56,24.89,Basic,1.05,-3.94,116,7.55,Postpaid,97.96,-9.42,1,0.49
8cacd5e3-c28d-47fa-8104-3b9031cea4dd,2025-09-05,CUST-666497,29.63,1570.3899999999999,2025-12-05,177.5,2026-06-24,0,1,5.4,18.96,20.19,Enterprise,3.47,3.26,132.95,9.93,Postpaid,96.56,-7.34,15.76,0.2
f58c7b27-2e2a-49c3-a72c-7d6d614c5c32,2026-01-25,CUST-173124,35.7,1999.2000000000003,2025-12-19,131.84,2025-10-09,0,1,12.96,15.32,13.26,Family,2.51,2.25,153.71,3.81,Enterprise,97.11,-3.68,9.68,0.3
2ea2683f-8563-4680-aa1b-a7976b0e2f19,2025-10-02,CUST-969799,113.07,4522.799999999999,2026-03-24,42.6,2025-12-29,22.89,1,29.35,17.72,35.89,Premium,1.94,-2.1,47.19,8.03,Postpaid,95.36,-1.31,16.44,0.26
c496b4b9-13c1-43f0-8208-11b726efa2a4,2026-02-14,CUST-933146,108.64,6301.12,2025-10-13,43.14,2025-07-29,47.57,1,45.09,29.04,44.45,Family,0.12,3.83,29.45,3.2,Enterprise,96.73,-2.53,12.19,0.16
8bac0e01-dfbb-4d25-894b-ca5f0d1b98a0,2025-08-01,CUST-670973,102.93,1646.88,2026-05-03,71.59,2025-12-05,0,2,38.01,21,41.82,Enterprise,2.32,1.38,71.08,2.28,Enterprise,98.63,-1.71,2.18,0.22
ae6aff0e-e7b1-47b7-a83b-32efa8488e29,2026-06-10,CUST-450042,125.08,4127.64,2025-10-14,42.08,2025-07-29,0,2,20.9,8.07,41.79,Premium,0.69,5.82,189.03,4.96,Prepaid,95.65,-6.27,2.32,0.3
74e6ebb2-93bb-4788-b07c-43be33cc21b1,2025-08-02,CUST-464132,77.1,1002.3,2025-12-11,167.67,2026-06-20,0,1,5.3,19.14,32.77,Premium,1.54,6.57,142.7,7.77,Postpaid,95.22,-9.24,10.25,0.27
c4bf9875-f572-4334-a327-47662750bf7e,2026-06-14,CUST-326058,122.35,2569.35,2026-01-29,69.36,2025-10-09,0,1,4.37,14.16,41.13,Premium,2.75,2.41,139.42,7.03,Postpaid,96.8,-7.85,2.35,0.4
b2869432-6410-4513-8d20-66a5c0b809cc,2025-11-15,CUST-806533,123.96,2355.24,2025-08-06,172.42,2026-03-31,0,1,47.24,3.44,36.08,Basic,2.67,-2.71,165.99,7.74,Enterprise,95.22,-9.13,17.36,0.15
d4728810-526d-4b9d-a9c5-32a2f372c521,2026-06-02,CUST-786781,40.75,1833.75,2026-07-09,169.43,2026-05-29,0,2,19.12,20.28,23.1,Family,1.61,-2.54,81.81,2.21,Postpaid,95.65,-4.92,18.86,0.46
ee00b73f-05cb-447e-9989-ac39b14fe753,2025-10-19,CUST-187406,124.26,1615.38,2025-09-01,166.16,2026-04-04,0,1,6.01,22.05,25.44,Family,4.63,0.76,111.22,6.39,Enterprise,98.38,-3.98,2.62,0.12
514b5883-0312-4137-9c0e-95c6573453d6,2026-01-02,CUST-262633,128.89,6831.169999999999,2025-09-12,125.89,2025-09-25,7.23,2,48.03,26.64,21.47,Enterprise,2.11,-1.71,124.72,1.82,Prepaid,99.88,-4.51,7.03,0.42
7852c12c-38cf-4555-be76-15f2c18a8606,2025-11-16,CUST-873033,110.49,2872.74,2026-07-02,148.96,2026-01-08,0,2,47.27,25.63,23.86,Enterprise,0.83,2.97,41.03,1.12,Prepaid,95.06,-7.34,12.85,0.11
4cc6a1b9-740e-44e3-a6ca-653b55f0984e,2025-09-05,CUST-884169,33.16,497.4,2025-09-06,53.77,2025-08-22,0,0,42.07,14.44,17.87,Basic,4.01,-4.91,158.94,0.55,Postpaid,95.23,-3.84,12.75,0.21
fe81dfd5-d628-4df2-8c46-90e61adbc7ef,2025-10-18,CUST-726010,35.32,1236.2,2026-01-13,38.36,2026-01-28,23.76,0,14.98,10.3,39.72,Basic,1.37,3.15,57.5,7.09,Enterprise,95.31,-8.9,4.25,0.15
3fe63c91-c1e7-4b3b-8f60-43d264995854,2025-08-09,CUST-884163,105.28,1263.3600000000001,2026-02-05,178.28,2026-03-10,12.79,1,41.12,28.26,21.95,Family,3.45,-0.18,129.88,0.74,Prepaid,97.97,-3.58,15.22,0.17
23d78937-eaf9-45e3-a468-1cc61c44ac45,2026-05-11,CUST-862768,26.28,840.96,2025-09-16,86.61,2025-12-30,0,2,35.91,4.7,37.97,Basic,4.14,2.31,58.81,7.9,Postpaid,95.36,-1.46,7.33,0.46
aee9e42f-90e8-434d-8cd9-ee06faab1b2e,2026-02-25,CUST-272940,81.7,4738.6,2026-02-26,68.78,2025-10-14,0,2,41.33,9.78,17.97,Basic,2.81,6.94,107.33,8.35,Prepaid,98.62,-8.69,1.92,0.17
51ce548a-4b36-4db6-bce9-9c3e0433295f,2026-01-04,CUST-211583,35.24,881,2025-10-26,103.75,2026-02-20,0,1,17.58,25.3,15.98,Basic,2.72,9.56,56.38,4.85,Enterprise,95.1,-5.35,13.59,0.21
154c6839-4c3b-4ffc-a0fa-41bb49d6a019,2025-10-08,CUST-361316,103.07,3710.5199999999995,2026-02-17,130.45,2025-09-24,0,0,16.8,9.86,33.38,Family,0.75,3.52,88.85,9.11,Prepaid,95.97,-9.35,9.9,0.42
34f819d3-6ada-44f2-89b3-054424c9e743,2026-07-20,CUST-910218,49.35,1431.15,2026-04-13,194.61,2026-05-15,11.57,2,29.03,16.63,41.8,Family,4.83,-3.83,150.92,7.6,Postpaid,97.11,-3.91,19.63,0.19
676dfe6d-fb04-4866-a2f4-acb18d6d29dd,2025-10-27,CUST-634690,115.43,3809.19,2026-03-18,173.85,2025-10-18,0,1,8.31,19.95,29.3,Basic,3.23,-2.55,140.38,5.04,Postpaid,97.8,-3.61,0.2,0.5
3d6d8ef6-e806-472e-9724-c9cc5f3c40df,2026-05-15,CUST-270566,25.53,1302.03,2026-02-23,118.68,2026-06-24,0,0,25.05,7.21,44.63,Family,1.66,6.73,151.73,8.18,Enterprise,98.68,-8.69,6.74,0.18
e0de99ac-a7dd-47cf-ab06-06104113de9b,2025-09-19,CUST-962868,42.13,1011.1200000000001,2025-09-07,145.77,2026-05-27,0,1,46.62,27.65,32.28,Basic,3.24,9.46,175.09,9.59,Postpaid,98.61,-7.06,14.8,0.46
25f10dae-2606-4617-94a0-3550ed3377ba,2026-02-06,CUST-416742,119.95,5157.85,2026-01-11,121.76,2026-06-22,32.2,0,24.19,22.46,11.48,Family,3.44,2.55,53.99,2.22,Enterprise,99.05,-3.07,5.53,0.48
f368555a-e5f0-45d8-abcc-837232a8baa6,2026-04-05,CUST-358466,65.23,1891.67,2026-07-18,128.8,2026-05-24,0,1,41.6,19.68,11.36,Enterprise,3.52,-4.48,37.65,7.32,Enterprise,98.45,-6.21,4.92,0.45
401b6f68-fdce-4c98-9b12-abe43b9185ee,2025-08-14,CUST-427218,122.31,5503.95,2026-04-03,33.61,2026-05-21,23.15,2,45.48,20.3,20.24,Enterprise,4.75,9.86,65.97,2.5,Postpaid,95.25,-6.51,8.71,0.49
d2b35b1d-1e38-4e71-9f37-1c6eb405ef5d,2026-03-25,CUST-199141,96.43,3567.9100000000003,2026-03-21,133.08,2026-03-10,44.95,0,43.56,8.29,36.47,Basic,1.6,3.44,193.31,7.84,Postpaid,95.76,-1.02,18.69,0.45
68819f96-995d-4214-bb86-a2fb0aa65dd3,2025-12-22,CUST-811011,79.36,3650.56,2026-01-13,86.31,2026-06-23,0,1,11.93,17.46,15.93,Premium,4.6,1.08,69.97,8.89,Enterprise,98.16,-2.61,17.14,0.4
9a6f2763-ee4c-4990-a5bf-b3a99c906994,2026-04-25,CUST-647800,69.69,3275.43,2025-12-11,58.3,2026-01-17,30.47,1,45.38,28.15,24.64,Basic,0.42,3.64,40.44,7.12,Enterprise,96.81,-2.62,11.22,0.4
20a0a782-f174-450e-83a9-daae148aee3c,2025-11-14,CUST-320391,44.69,849.1099999999999,2025-09-30,155.52,2026-06-02,0,2,5.54,11.74,13.57,Family,4.69,7.24,101.41,3.27,Prepaid,99.4,-5.36,17.66,0.3
075d8af3-4b3f-430a-b94e-4f5942a0ea15,2026-01-15,CUST-928139,35.06,1086.8600000000001,2026-01-29,91.74,2026-03-03,0,1,43.4,11.62,35.69,Family,3.47,1.68,162.28,5.42,Enterprise,99.21,-2.34,6.75,0.26
b649dade-6328-4e81-8b46-a54e08f35af0,2025-11-03,CUST-807773,71.27,3207.1499999999996,2025-11-21,115.38,2025-11-07,0,1,31.95,14.48,23.37,Premium,0.72,0.42,179.72,3.46,Prepaid,95.06,-2.28,18.19,0.12
ac6fda4b-6300-4c78-9694-953c7552c987,2026-04-22,CUST-318338,60.78,850.9200000000001,2025-10-01,144.58,2025-12-22,25.67,2,34.86,20.48,27.49,Family,0.23,0.74,92.63,6.4,Postpaid,96.45,-1.46,10.6,0.26
e9128a92-a162-48e1-80b5-3cc77fb5e550,2025-10-14,CUST-269096,107.75,5387.5,2025-08-30,133.48,2025-08-17,0,0,33.48,23.03,43.84,Family,2.57,0.55,111.64,8.63,Postpaid,98.07,-6.01,12.92,0.36
1530b5f9-829d-4c19-a124-e8fe394caf8e,2026-02-09,CUST-319496,97.77,1857.6299999999999,2026-06-29,86.31,2025-12-17,0,1,17.91,18.81,42.88,Enterprise,0.97,6.13,193.94,5.59,Prepaid,96.64,-6.24,8.01,0.38
e8955ad0-12f5-46eb-b205-ea068d949317,2025-09-27,CUST-189251,47.51,1140.24,2026-01-10,102.09,2026-06-03,0,2,25.3,29.99,35.83,Premium,2.57,-4.47,159.77,0.8,Postpaid,97.23,-6.93,2.76,0.33
55459c84-c974-4009-b71f-e319a583bd2e,2025-08-25,CUST-823843,47.15,1555.95,2026-02-04,24.3,2026-01-09,0,1,37.36,18.75,46.4,Basic,0.82,5.7,80.67,7.7,Postpaid,99.73,-8.97,18,0.43
1419ef0f-84a3-406f-b361-01041e8710b4,2025-08-19,CUST-484693,103.35,3410.5499999999997,2025-07-25,145.22,2026-05-03,0,1,38.22,8.58,23.36,Premium,0.28,5.8,146.57,4.1,Postpaid,98.66,-1.69,17.24,0.49
1d97405f-b518-49fb-923d-76bc4175f219,2026-04-10,CUST-136795,50.83,2389.0099999999998,2025-11-19,87.7,2026-03-20,28.6,0,42.67,4.36,19.35,Enterprise,2.25,6.79,193.98,5.92,Postpaid,98.03,-8.51,10.3,0.27
e4088e21-39eb-4f20-9a4b-e35b2fcee9e9,2025-10-29,CUST-551083,80.55,4269.15,2025-12-29,195.11,2025-11-23,0,1,25.94,9.52,44.84,Basic,4,5.31,54.16,8.7,Enterprise,95.82,-2.11,6.22,0.37
72469299-eced-42fa-b226-4dbf86c19d6d,2025-11-28,CUST-653888,44.76,1029.48,2026-04-10,42.74,2026-02-26,0,2,39.72,13.79,26.48,Premium,3.15,6.24,26.37,0.03,Enterprise,95.43,-6.77,12.88,0.28
aa956087-3ebc-48f4-92ae-a619576a7354,2026-06-08,CUST-283928,21.28,574.5600000000001,2025-08-25,81.29,2025-08-08,0,1,4.57,17.16,18.68,Premium,4.59,-0.69,59.86,4.17,Postpaid,97.61,-0.47,0.29,0.14
7d69e643-6724-4485-b648-be70ff94d760,2025-09-12,CUST-500456,129.23,7753.799999999999,2026-04-05,32.28,2025-10-28,0,2,13.92,16.84,43.56,Basic,4.13,3.09,129.04,5.16,Prepaid,96.49,-6.77,8.93,0.33
a46aaea4-b75f-44fd-ba0a-56e48bd6c9da,2026-07-23,CUST-479547,55.25,2541.5,2026-03-03,168.64,2025-09-01,0,0,20.08,6.58,31.35,Basic,0.36,5.48,173.58,6.77,Prepaid,96.93,-3.75,4.67,0.37
5c27b460-876c-45e2-b074-6d1a0749e58e,2026-07-13,CUST-892350,81.2,3897.6000000000004,2026-01-27,128,2026-05-04,0,1,35.31,13.43,21.61,Enterprise,3.75,7.11,66,4.93,Prepaid,98.12,-0.79,5.51,0.4
61362508-efb8-4d21-904e-bc3b56fff05c,2026-07-17,CUST-267127,98.89,2670.03,2026-03-20,92.74,2025-11-10,0,2,5.01,10.06,36.18,Enterprise,3.31,4.07,149.09,1.34,Prepaid,97.4,-6.15,15.74,0.27
23892f4b-9cf8-4a36-b204-d22bbdf9c2c7,2026-03-21,CUST-942325,93.06,3257.1,2025-12-30,159.23,2026-04-20,0,2,43.04,18.6,29.83,Basic,1.83,-1.73,135.02,8.73,Postpaid,96.17,-0.75,12.01,0.44
8404dbcf-8cfd-461f-89ea-00350c8a0eb1,2026-07-14,CUST-247736,88.14,1674.66,2026-01-21,91.69,2026-01-01,0,1,25.56,2.61,39.86,Basic,2.57,-1.9,177.07,5.98,Postpaid,99.28,-7.76,4.42,0.29
3cbf492f-b73e-4e57-a8d9-7fc209f99051,2026-03-20,CUST-803980,78.38,4232.5199999999995,2025-08-30,75.97,2025-10-22,0,1,36.37,0.85,33.38,Basic,2.57,-4.21,68.59,9.33,Postpaid,96.24,-0.39,6.84,0.47
3bfa6a13-20e6-4000-81de-a9250f230a53,2026-07-11,CUST-610720,130.87,6674.37,2026-02-16,173.88,2025-11-03,0,1,27.73,5.3,31.03,Basic,3.44,8.26,116.61,3.88,Prepaid,97.1,-1.83,4.9,0.14
6b097c2a-d0af-4661-a01f-f2535ffd60a3,2025-10-21,CUST-447544,27.24,1089.6,2025-08-25,134.8,2025-10-15,5.34,1,17.7,14.7,23.97,Enterprise,4.95,1.05,163.68,9.31,Postpaid,95.55,-2.56,9.77,0.25
2e63ba16-3fdb-4603-a069-48deb362ecc7,2026-04-13,CUST-978588,48.98,587.76,2026-04-03,96.5,2026-01-18,46.51,1,39.5,5.21,37,Basic,1.3,9.52,163.56,9.01,Prepaid,97.7,-7.67,12.28,0.23
ed5ffedc-badc-4e68-afbf-db999370dda5,2025-11-30,CUST-124312,62.25,3486,2026-02-09,109.92,2025-09-24,0,1,40.41,26.87,34.49,Premium,2.7,4.96,33.14,4.51,Postpaid,98.03,-5.55,5.34,0.27
2d7b9b67-02c6-4b45-a42b-ab2f66446786,2026-06-04,CUST-146578,73.94,4140.639999999999,2026-03-22,109.29,2026-03-13,0,1,36.64,5.95,42.79,Family,4.62,7.63,37.35,1.17,Prepaid,95.42,-2.15,6.76,0.18
5f13e270-050f-4613-9890-640961d45ac5,2026-02-21,CUST-662207,116.24,3603.44,2025-08-05,193.43,2025-09-12,9.53,0,10.85,13.04,18.1,Premium,0.5,-4.49,184.69,3.57,Postpaid,95.25,-3.28,8.98,0.48
2b1aaa22-7ef7-43fe-ac0b-91781fc57ff5,2025-12-20,CUST-351179,59.64,1848.84,2026-06-24,45.65,2026-01-20,21.89,1,31.37,2.51,30.25,Basic,4.67,-3.52,126.2,9.49,Prepaid,97.7,-2.64,18.55,0.48
576ec66a-9b03-4ee2-bbb0-5dade8ee5a1e,2025-12-22,CUST-346298,60.64,1819.2,2025-10-28,194.59,2025-11-06,0,0,12.67,9.83,22.19,Enterprise,0.84,8.98,41.88,6.57,Postpaid,96.16,-2.57,2.96,0.37
5c8a1acd-88f5-4da6-92d7-a942eda2eb5e,2025-10-04,CUST-289178,73.67,3167.81,2026-06-08,119.56,2026-03-22,0,1,29.23,28.52,37.41,Basic,2.16,-4.07,83.11,9.01,Prepaid,96.12,-1.54,6.61,0.31
a9beeabe-bc24-49b5-8630-fa74b1c78126,2026-01-31,CUST-724804,74.26,3044.6600000000003,2025-09-24,129.23,2026-05-15,38.57,2,24.08,16.7,45.63,Basic,2.22,2.19,162.76,5.19,Enterprise,98.76,-8.26,7.34,0.3
185bc8c7-cfb2-445c-af62-bc281f1a1ed1,2026-01-07,CUST-226347,78.92,3156.8,2026-04-18,47.53,2026-03-04,0,2,8.86,17.97,41.03,Family,2.28,-2.41,107.12,6.19,Enterprise,96.16,-5.45,15.32,0.28
0403fad4-5b84-4426-9fd9-2bee7e283753,2025-10-01,CUST-694599,37.44,1235.52,2026-02-04,97,2026-07-08,0,0,19.48,6,44.22,Basic,0.35,7.14,61.05,8.88,Postpaid,95.31,-4.62,13.49,0.49
97de0311-a3c1-4e47-965c-3d37288ec388,2026-03-18,CUST-601109,103.05,4946.4,2026-05-18,179.35,2026-04-27,0,1,28.56,26.9,22.37,Premium,3.1,7.32,138.41,6.68,Postpaid,96.55,-9.49,18.49,0.19
5a271fea-83bf-44fa-852d-d0761bc57a77,2026-04-06,CUST-780880,77.18,3550.28,2025-11-15,53.59,2026-01-04,0,2,29.06,3.44,27,Basic,1.08,9.88,137.73,9.56,Postpaid,99.86,-8.05,4.48,0.5
cd2ffacf-3a09-41c1-b06d-7f28b9542f68,2026-03-07,CUST-195038,37.56,600.96,2025-08-26,90.59,2026-04-07,0,1,20.67,0.62,19.33,Family,4.19,3.06,153.33,6.25,Prepaid,96.55,-0.17,11.71,0.26
61afc760-738f-4d9d-a640-871bce931d9a,2026-04-06,CUST-688290,101.28,2329.44,2025-10-21,23.74,2026-02-19,40.96,2,39.81,26.36,21.49,Basic,2.56,-0.41,159.85,6.71,Postpaid,97.88,-9.41,0.46,0.36
35808c31-0e64-4314-a9b9-593055bd58b5,2025-08-29,CUST-118075,145.85,3062.85,2025-12-04,103.43,2025-12-23,0,2,11.02,17.54,39.58,Enterprise,0.11,7.36,41.8,4.3,Enterprise,97.99,-5.19,0.8,0.24
85258760-10f5-4138-abc7-b7fdef8a0ff3,2025-10-14,CUST-105937,34.9,1954.3999999999999,2026-01-06,42.17,2025-07-31,0,1,2.55,26.17,19.55,Family,4.48,2.36,84.62,3.56,Enterprise,99.8,-7.4,1.09,0.46
1080ab76-90d4-4416-9edb-cbb803f8c5bb,2026-02-19,CUST-922589,44.75,1879.5,2026-02-23,111.23,2026-05-02,0,2,4.19,14.71,41.23,Enterprise,0.25,-4.73,141.41,6.87,Prepaid,97.57,-3.73,9.52,0.18
ebacc1e7-f7db-4250-9dd4-33003d622a07,2026-07-13,CUST-647592,128.21,6154.08,2025-08-29,182.75,2026-06-28,0,2,2.37,21.74,49.14,Premium,4.28,-0.23,33.3,0.97,Enterprise,98.64,-9.91,10.73,0.47
68d8c498-9ee8-4e5e-ba32-a92475ccd399,2025-11-06,CUST-354944,131.65,5002.7,2026-06-19,44.3,2025-08-17,0,1,43.34,25.55,38.28,Family,0.5,5.27,36.97,2.61,Enterprise,99.67,-3.08,5.91,0.46
ab8d55bb-3706-4260-9869-ca7506854a6a,2025-12-29,CUST-898839,84.25,2022,2025-11-17,98.08,2025-11-04,0,0,41.44,23.15,46.37,Basic,3.21,4.06,102.23,4.15,Postpaid,96.7,-2.24,14.87,0.45
2257e8e6-47a1-47e3-8712-316c908118b4,2026-01-25,CUST-272428,141.58,3681.0800000000004,2026-06-09,58.45,2026-05-16,0,2,27.29,15.62,18.45,Enterprise,3.15,-1.06,60.14,7.51,Prepaid,97.96,-3.02,5.86,0.39
5ee9b196-cd62-4e0a-8a79-8aa839eb6f82,2025-11-11,CUST-626257,38.01,1444.3799999999999,2026-03-22,172.9,2025-12-16,0,1,39.02,14.8,39.75,Premium,3.41,-1.59,30.88,9.59,Postpaid,99.19,-4.73,12.14,0.46
fa6a3722-c636-4c15-8589-0be2e5e50a3c,2026-01-26,CUST-129693,71.13,4054.41,2026-04-15,157.96,2026-03-24,0,1,33.97,28.26,41.09,Enterprise,3,-4.13,169.51,7.04,Prepaid,97.54,-1.8,19.71,0.25
d6ad6111-9c91-4155-98a4-09debeb8d9c6,2026-02-13,CUST-132659,41.04,2257.2,2026-04-01,178.54,2025-08-29,19.13,2,12.41,2.66,39.48,Enterprise,2.36,3.51,171.29,2.66,Prepaid,98.58,-9.3,10.98,0.46
bb352eb4-b492-4e0f-8cfc-6734dc2b34bb,2025-11-15,CUST-746462,63.18,2527.2,2025-10-20,172.62,2025-10-14,0,2,36.69,23.34,25.99,Family,1.59,-1.21,62.94,7.46,Enterprise,95.51,-9.6,14.56,0.28
483508c8-a56d-4318-8704-fd5fb8e5b147,2025-12-21,CUST-836773,35.98,1906.9399999999998,2026-03-21,52.39,2025-09-17,0,0,46.66,1.63,34.21,Premium,4.7,3.36,109.16,7.84,Prepaid,99.27,-7.33,10.99,0.47
68acdb11-38f9-40d4-8193-92156b4bb8b8,2026-04-28,CUST-829153,135.88,2309.96,2026-02-11,27.63,2026-03-29,0,0,49.71,8,44.03,Family,3.31,1.48,138.39,4.9,Enterprise,97.54,-5.82,0.59,0.19
e3b2a803-e917-489c-b3df-075abcfd789c,2026-02-08,CUST-973625,93.65,3465.05,2026-06-23,33.29,2025-10-01,0,1,4.64,15.98,33.11,Basic,4.3,7.04,147.49,3.36,Prepaid,97.33,-0.01,14.74,0.17
dab5eed2-d0d1-40a1-88db-bee3dd2a0d50,2026-07-18,CUST-695104,87.61,3504.4,2025-12-03,160.02,2025-08-05,49.6,1,6.63,5.79,32.82,Basic,0.97,-3.81,173.63,5.56,Postpaid,95.24,-8.94,12.61,0.28
7116e61c-2ed1-4cf4-9cb4-c06232307923,2026-03-09,CUST-566636,65.81,3290.5,2026-04-10,117.55,2025-12-09,0,1,4.98,13.74,45.01,Premium,3.88,8.77,185.46,6.39,Prepaid,99.7,-5.62,0.43,0.39
752304c3-dbbd-44d9-a1eb-fd1074502783,2026-03-30,CUST-332042,67.19,1881.32,2025-11-28,67.68,2025-11-26,0,0,14.17,6.66,17.73,Enterprise,0.85,9.91,196.24,7.25,Enterprise,97.03,-2.41,10.46,0.36
385a6bcc-2e6b-41c3-aa1b-5196fcdb8bbe,2026-02-15,CUST-977823,130.75,3138,2025-11-03,192.02,2026-04-13,0,1,21.79,26.31,21.07,Family,4.56,5.7,57.23,9.34,Postpaid,99.58,-5.72,5.51,0.45
8f69901f-0748-4c31-bc6b-88c6c9e56880,2026-04-07,CUST-334666,61.46,2212.56,2026-06-01,189.28,2026-06-09,0,1,31.03,21.7,14.7,Basic,4.88,3.8,49.3,6.8,Postpaid,95.94,-1.17,15.06,0.23
98a3c04f-af90-444f-829a-fa647e04d48e,2025-11-12,CUST-347579,128.9,4898.2,2026-06-08,117.08,2026-06-19,0,2,10.59,23.38,44.65,Enterprise,0.62,5.54,106.66,4.82,Prepaid,98.68,-6.7,14.71,0.33
3890a8c8-323a-483a-ac8f-d34081bf1469,2026-05-06,CUST-818256,28.83,1066.71,2026-06-21,48.25,2026-04-03,0,2,22.94,8.66,31.35,Basic,2.48,8.62,57.41,2.13,Postpaid,99.39,-5.94,5.66,0.21
dbb23b78-d54e-419c-b323-ce25d2b47ef2,2025-10-17,CUST-645286,82.86,3231.54,2025-11-25,127.43,2026-02-18,0,2,15.86,6.99,35.66,Basic,2.23,-3.76,105.67,8.41,Postpaid,96.94,-0.03,16.81,0.15
78220cae-1b96-4dfb-96ae-2cb9112e4678,2025-08-30,CUST-252190,84.52,1690.3999999999999,2026-02-11,144.38,2026-06-17,0,2,24.84,22.87,10.54,Enterprise,4.03,8.75,119.84,3.08,Postpaid,98.07,-6.33,12.44,0.19
e2a6bc2e-55a8-4583-a269-5ed57863e538,2026-02-08,CUST-661817,25.99,909.65,2025-08-08,90.18,2025-12-05,0,0,13.52,27.43,47.62,Basic,3.76,2.15,136.23,5.33,Prepaid,95.42,-1.73,4.83,0.28
d8fe4e4f-7949-4ea8-a728-7f9ebab159a4,2026-03-19,CUST-824727,123.69,3834.39,2026-07-16,119.38,2026-03-02,0,2,15.11,11.13,13.91,Family,3.03,-1.22,191.5,2.45,Prepaid,95.48,-5.64,8.92,0.32
67a28a4f-06ee-4dff-8c32-4f8eb0674567,2026-03-11,CUST-452190,30.34,1425.98,2025-08-28,107.71,2026-07-03,0,1,5.96,21.99,37.53,Premium,2.86,-4.08,66.22,0.02,Postpaid,95.29,-2.37,3.91,0.13
da3782c1-2ad6-4c08-8287-5027e701f554,2025-09-26,CUST-207559,126.96,3681.8399999999997,2025-10-01,181.24,2026-06-22,0,2,2.75,18.29,25.4,Family,0.54,9.8,87.76,0.93,Enterprise,95.98,-9.63,14.67,0.5
e4c08090-d868-4641-a1f9-8ff68797a07a,2025-10-28,CUST-979190,21.68,953.92,2026-03-30,26.53,2025-12-01,0,2,5.45,7.92,13.04,Basic,3.32,5.99,158.17,2.15,Postpaid,99.39,-1.41,17.3,0.19
64206558-e630-406e-9bc5-b1566fcb750e,2025-08-01,CUST-446178,26.71,1095.1100000000001,2026-01-20,74.65,2026-07-20,0,1,32.72,21.31,21.55,Enterprise,3.02,-1.3,48.62,1.37,Prepaid,96.92,-7.73,8.88,0.32
e896ecad-afbe-46ae-adfe-881d9674a509,2026-06-15,CUST-798347,77.04,1848.96,2026-06-01,153.69,2026-04-25,0,2,19.65,17.47,18.06,Basic,2.36,-4.64,37.39,8.74,Enterprise,99.97,-0.25,5.95,0.43
71cb8e90-5431-4262-8d5e-f52c88fe7420,2026-04-09,CUST-311939,68.09,2995.96,2026-06-28,37.27,2026-07-03,0,1,40.65,10.56,10.92,Premium,1.35,-1.99,145.51,9.79,Enterprise,96.84,-6.17,13.16,0.18
18e759ca-eedb-43d6-b841-41e6ab583fa1,2026-03-21,CUST-967169,33.14,563.38,2026-07-19,99.73,2025-12-31,0,2,37.99,24.8,14.35,Family,2.88,4.55,181.51,1.23,Enterprise,96.44,-9.65,10.01,0.44
685cf79d-69ec-4f43-aac4-6cc2aeaf80db,2025-08-18,CUST-108083,81.29,1625.8000000000002,2026-02-07,106.29,2026-04-11,0,1,20,24.74,42.52,Enterprise,0.39,-4.65,170.87,6.68,Enterprise,96.7,-3.9,1.32,0.1
93af2eb9-d1f1-4ec6-be71-f348e65763bf,2026-02-15,CUST-351136,62.91,2579.31,2025-12-06,50.11,2025-08-17,0,2,39.46,1.32,47.12,Family,4.18,2.24,143.36,4.34,Postpaid,95.26,-0.1,3.58,0.11
63b85cd6-dbb0-4151-a8bc-4389e8b8bbb4,2026-03-19,CUST-897836,80.5,1851.5,2025-09-19,20.85,2025-12-15,0,1,30.16,24.25,32.69,Basic,3.5,1,167.58,9.6,Prepaid,99.49,-8.34,6.54,0.12
784bcebe-3b93-4caa-9e05-852d232dec6a,2026-05-05,CUST-174903,107.67,5598.84,2026-04-08,74.47,2026-05-07,0,1,5.17,16.11,37.91,Family,1.12,-1.29,66.69,9.85,Postpaid,99.27,-7.07,9.88,0.17
f45823f0-f308-432f-b0d3-6b0bbaa33f3d,2026-06-02,CUST-287216,27.95,1145.95,2026-01-26,83.37,2025-11-12,0,1,37.63,24.93,32.52,Basic,4.2,4.6,74.02,8.25,Postpaid,99.4,-0.03,5.1,0.31
a1bae8f9-eb8f-401e-adc9-23153e7b834b,2025-11-05,CUST-721128,56.86,3127.3,2026-05-18,58.74,2026-05-10,0,2,3.91,9.92,14.67,Family,3.77,-2.89,192.34,4.6,Enterprise,99.69,-1.33,13.61,0.41
a29a194a-8514-4148-85b9-67aeaafdd60f,2025-07-30,CUST-508856,20.96,272.48,2025-12-31,134.98,2026-06-26,0,0,6.29,10.65,32.74,Enterprise,3.37,7.65,71.24,3.87,Enterprise,96.19,-3.05,0.91,0.42
8d741909-f59c-4206-92e1-44ae91d8e1cc,2026-07-19,CUST-649149,137.04,4248.24,2026-02-12,155.05,2026-07-13,0,1,4.69,26.19,29.69,Enterprise,3.13,5.67,171.16,0.96,Enterprise,98.89,-3.81,7.69,0.32
10721a19-44c1-4695-abbd-a01634358187,2026-04-06,CUST-297908,45.77,1968.1100000000001,2025-09-14,156.55,2026-05-19,0,2,7.07,24.09,35.74,Family,3.03,-4.08,56.22,7.43,Prepaid,99.56,-9.48,17.14,0.41
5c432812-0282-4842-a1ec-54befcf5d0c9,2025-08-23,CUST-570863,118.5,2725.5,2025-09-10,160.91,2026-02-06,0,2,46.3,26.14,35.24,Family,4.93,-3.75,63.14,3.26,Postpaid,98.97,-0.7,4.75,0.29
14587187-4da3-40a8-9e4b-091627420b04,2026-03-02,CUST-165452,71.2,2705.6,2025-11-10,169.91,2026-07-02,0,1,17.96,21.63,47.09,Enterprise,0.97,-3.42,117.59,2.94,Postpaid,99.75,-8.92,5.74,0.24
cf0bfaf6-8a9f-46ef-8dec-354134ea07ee,2026-07-01,CUST-340949,143.15,3865.05,2025-10-26,124.14,2026-04-21,0,2,12.88,20.76,49.26,Basic,4.82,-3.03,179.43,5.71,Prepaid,95.43,-8.39,16.33,0.47
2346dbc0-97b7-4c85-9576-add6c4dc603c,2025-12-28,CUST-203259,124.27,3479.56,2025-09-17,34.51,2026-01-25,0,1,14.53,5.43,27.63,Basic,1.98,-4.91,45.55,9.78,Prepaid,95.95,-6.54,4.68,0.49
28a13748-facf-4aa7-9037-3ad8a053e4ed,2026-03-06,CUST-702894,98.68,4144.56,2026-04-02,130.55,2025-10-21,0,1,16.31,17.46,11.21,Basic,1.48,0.24,159.09,1.32,Postpaid,98.28,-1.06,7.27,0.22
6196201c-3dcd-4e43-b6e8-45ed059c9c01,2026-05-10,CUST-248168,41.8,1755.6,2026-07-19,186.38,2025-08-13,0,0,2.94,13.26,42.13,Family,2.99,-3.46,41.73,6.36,Enterprise,98.83,-4.46,19.11,0.46
58d444d4-8b77-41fe-8939-a402c9e85650,2025-09-26,CUST-992047,119.95,2399,2025-10-31,75.81,2026-03-11,0,2,10.29,20.6,37.05,Family,3.5,8.09,136.3,5.97,Prepaid,99.33,-8.32,7.7,0.11
43468a85-962d-448f-a4b9-c63a5aa44b58,2025-10-03,CUST-402485,146.48,3661.9999999999995,2026-02-24,93.69,2025-11-19,27.57,2,35.12,24.97,14.88,Enterprise,2.87,3.1,31.65,2.18,Postpaid,99.35,-2.43,1.06,0.41
67b5ad59-3f72-4bcc-ba77-b9c36610d465,2025-08-17,CUST-715706,51.68,3100.8,2026-04-12,164.8,2025-10-12,5.24,2,10.5,9.22,28.37,Premium,2.97,6.24,88.48,6.58,Postpaid,99.28,-5.11,10.07,0.24
311a43bb-0357-4c45-a36b-952bbf6f4f94,2026-04-27,CUST-578389,109.62,4384.8,2026-01-23,94.78,2025-09-22,0,1,35.66,13.82,31.21,Basic,0.81,-4.27,70.67,2.29,Prepaid,98.12,-0.25,13.81,0.22
0716b499-31b8-42cc-8250-ac63684d190d,2026-07-20,CUST-589571,86.24,4312,2025-10-07,156.9,2025-07-26,0,1,19.95,2.83,20.32,Enterprise,4.68,7.19,158.65,5.66,Postpaid,96.18,-7.47,1.07,0.41
adf27154-8228-4bf3-8ea2-a3365aadc0b1,2026-02-11,CUST-643465,89.79,3681.3900000000003,2025-10-02,98.28,2026-05-11,44.96,1,11.91,16.01,33.34,Family,3.26,4.71,198.7,9.11,Postpaid,98.48,-5.61,0.58,0.43
56d89231-1363-4c26-bffd-f0cb52f95308,2026-07-14,CUST-307147,147.32,2209.7999999999997,2026-07-03,195.88,2025-10-25,0,1,32.86,5.46,48.48,Family,1.05,4.51,96.39,4.98,Postpaid,99.66,-1.44,16.79,0.47
9d7241b7-7dc2-4034-a333-83c8cc03dabc,2026-05-17,CUST-296729,26.29,1235.6299999999999,2026-06-23,70.72,2026-07-14,0,1,40.43,19.62,36.78,Enterprise,1.59,-2.7,147.14,8.35,Prepaid,95.52,-9.7,11.62,0.49
45154435-46ca-4943-9e60-9fc6b57d0caf,2025-12-21,CUST-178720,57.58,1842.56,2026-01-18,155.11,2025-09-02,0,2,49.97,28.8,12.24,Enterprise,1.39,-4.12,78.91,8.74,Postpaid,98.91,-4.49,15.82,0.42
8b08d18b-effb-40f8-a053-c4f643cf5edf,2026-02-26,CUST-115808,73.13,2778.9399999999996,2026-03-21,138.9,2026-03-17,32.52,0,47.46,5.08,39.59,Enterprise,1.21,-0.58,64.71,7.19,Postpaid,95.61,-1.73,4.21,0.2
736955bc-a3ab-4f0e-ad9f-097d47ee9f7c,2025-09-20,CUST-468590,110.99,4439.599999999999,2026-07-16,34.41,2025-10-19,39.2,0,44.91,1.2,24.28,Enterprise,4.91,-3.58,66.2,6.37,Enterprise,95.85,-8.88,10.8,0.21
d4c4e0a0-c06b-4a67-b06e-504747d3666c,2026-03-24,CUST-336072,82.35,3788.1,2026-02-17,147.41,2026-03-03,0,0,37.04,27.58,48.96,Enterprise,2.57,7.3,184.77,3.79,Enterprise,96.52,-9.73,12.11,0.21
8c50bdfa-3d9c-42c6-8f58-f00d93a94bbe,2026-03-26,CUST-148247,114.16,2054.88,2026-06-01,135.81,2026-05-09,0,0,44.32,18.02,48.87,Basic,3.43,7.3,123.33,3.9,Postpaid,95.77,-3.12,1.71,0.16
35d62253-ad26-4c0a-a568-d6ee32d2559d,2025-08-29,CUST-590175,82.41,4038.0899999999997,2026-06-10,195.88,2026-05-28,38.12,2,46.29,23.29,39.12,Enterprise,4.81,9.37,166.86,0.25,Postpaid,99.54,-1.24,4.34,0.31
c454cacb-45c0-435a-a46f-8f1460b0d65b,2026-02-05,CUST-921960,67.17,1209.06,2026-03-23,145.72,2026-04-16,0,1,34.57,19.9,34.77,Enterprise,0.43,7.88,82.54,8.78,Prepaid,96.28,-1.46,8.11,0.19
150ff882-21c0-4b0f-8d65-febb6c774ddb,2026-05-28,CUST-244079,35.27,1199.18,2026-02-11,188.46,2025-10-23,0,1,45.47,29.13,12.09,Family,4.72,-1.84,25.9,9.99,Prepaid,98.6,-0.18,15.04,0.26
a040c2aa-1770-46ba-9beb-2af19529979d,2025-11-25,CUST-234275,73.77,1770.48,2025-08-11,36.63,2026-03-20,0,1,29.47,16.95,35.09,Enterprise,3.57,6.16,77.53,3.07,Postpaid,96.23,-3.3,7.54,0.5
726c7229-5d3c-4a69-bded-44535c80516e,2025-12-23,CUST-742302,24.33,413.60999999999996,2025-11-28,124.78,2026-02-24,0,0,20.23,15.17,47.43,Premium,3.73,3.82,43.58,7.35,Postpaid,98.38,-9.98,0.06,0.38
68b4bab2-d46b-4c71-9660-64f7e1fcae72,2026-05-30,CUST-967478,122.19,5987.3099999999995,2025-09-29,169.2,2026-05-12,0,0,48.43,26.83,19.14,Premium,0.72,-2.33,38.86,7.32,Prepaid,98.34,-2.09,11.16,0.24
056dbae5-d305-4e2e-9b45-a203c326ee70,2025-08-10,CUST-427355,64.32,2894.3999999999996,2025-12-30,93.84,2025-10-11,9.42,0,11.99,19.43,47.12,Family,0.79,4.91,50.6,7.56,Enterprise,97.13,-3.78,14.55,0.48
73687294-91f5-4c02-82f9-419aee5d76b0,2026-01-13,CUST-221247,83.19,3161.22,2026-07-23,86.75,2026-04-28,0,1,41.69,2.4,42.69,Premium,4.67,-4.02,141.88,3.53,Postpaid,95.73,-9.48,12.63,0.24
bfce8acc-478f-4b16-a663-7c6f61591ec8,2025-10-17,CUST-734952,32.48,584.64,2025-12-20,63.5,2026-01-08,47.76,1,42.1,27.87,16.24,Family,4.87,4.03,41.36,7.62,Postpaid,99.33,-1.38,18.86,0.39
4ccc085b-17e0-4c29-92b4-94973f9a7ee4,2025-08-22,CUST-530124,131.83,2372.94,2026-06-28,151.19,2026-07-05,0,2,35.24,25.35,16.87,Basic,2.8,0.44,60.44,7.47,Prepaid,98.46,-2.76,18.54,0.12
6a9a8ba0-f1f8-463b-bb9d-6e3769d22f38,2025-09-27,CUST-164874,44,2508,2026-02-05,160.04,2026-06-10,0,2,37.77,20.92,29.03,Premium,2.72,5.2,36.74,1.1,Enterprise,98.4,-5.31,2.49,0.14
21f5529c-7ef4-439d-9912-144ece64519f,2026-03-17,CUST-414490,125.35,5766.099999999999,2026-05-25,185.2,2026-05-10,0,1,15.59,25.07,23.78,Premium,3.09,7.86,160.9,1.41,Postpaid,95.31,-1.01,19.04,0.15
12d5e7d7-f7a6-455b-b8e3-671763b53947,2025-10-05,CUST-925357,117.9,4008.6000000000004,2025-12-10,194.29,2026-03-16,0,1,36.65,25.16,28.08,Premium,1.13,5.82,195.43,9.36,Prepaid,98.17,-0.06,0.71,0.21
8e3b015c-a0cd-466d-a377-cb7bde21f3e8,2025-10-10,CUST-281679,98.71,1579.36,2025-08-19,101.38,2025-12-08,0,1,12.58,23.67,12.93,Basic,1.67,6.52,141.4,3.67,Enterprise,95.04,-8.61,7.2,0.41
63a8a0a1-f04c-4e64-bfdd-015950b9770c,2025-09-26,CUST-999195,118.14,4725.6,2026-02-06,165.91,2025-09-30,49.93,1,27.07,21.68,25.05,Family,0.92,0.38,142.47,3.03,Prepaid,98.43,-1.96,17.41,0.38
24928816-4e70-4ff5-a58e-b331d311b785,2026-07-12,CUST-484480,84.17,4629.35,2026-07-05,187.69,2026-07-10,35.16,0,20.31,8.18,39.14,Basic,4.32,7.7,64.54,1.09,Prepaid,99.77,-8.83,4.71,0.47
a2f9a40d-8117-4914-9679-92d06e32445e,2025-07-29,CUST-597766,61.05,2136.75,2026-06-24,154.64,2025-11-30,0,1,45.48,4.44,49.86,Premium,0.28,1.73,100.82,4.98,Enterprise,96.33,-2.08,17.17,0.35
20929382-3007-41f8-ae3a-4a2152c3ea00,2025-12-31,CUST-402072,46,1794,2025-12-02,43.38,2025-10-05,0,1,38.08,2.24,35.53,Enterprise,2.84,2.4,183.29,8.55,Postpaid,99.74,-1.22,2.91,0.42
6c19f5a3-dc75-4cdc-a137-a8f350c7f53f,2025-09-10,CUST-495692,131.03,3930.9,2026-04-29,158.03,2026-06-11,0,1,0.14,15.55,49.67,Basic,1.53,-4.13,66.69,1.97,Postpaid,99.21,-6.61,11.99,0.25
6ee34a15-02e8-43ba-a739-81be2fad4d86,2026-04-01,CUST-419662,129.33,5949.18,2026-02-28,94.12,2026-01-05,46.74,1,31.6,20.41,45.56,Premium,0.4,4.41,53.56,4.94,Prepaid,96.48,-2.69,13.95,0.42
5accae60-d6cd-49a1-8055-11e59b7eba38,2025-08-22,CUST-372897,93.32,5505.879999999999,2026-04-09,127.33,2026-03-29,0,2,25.64,15.98,23.98,Enterprise,2.48,7.47,58.82,0.99,Prepaid,99.14,-3.73,13.61,0.44
9ff3a222-2bbf-419f-82e5-5a595e0b9c0c,2026-07-15,CUST-510812,23.12,832.32,2025-08-13,168.63,2025-11-05,0,0,37.05,18.32,47.35,Family,1.58,4.12,143.82,2.77,Enterprise,96.04,-9.08,13.13,0.49
4e926142-1e0d-4b1c-bd94-51b6b00ae39e,2026-04-09,CUST-515934,147.48,3392.04,2026-01-31,106.66,2025-10-26,17.2,1,33.48,25.58,10.92,Basic,1.47,8.6,177.34,7.88,Postpaid,97.03,-7.15,4.09,0.38
59ddf2b4-e5bb-4e64-a1d5-81442b4c61ea,2025-10-05,CUST-296710,116.71,2567.62,2026-06-29,185.96,2026-07-05,26,0,49.31,3.17,15.02,Enterprise,2.49,-3.2,40.53,1.73,Postpaid,95.65,-8.06,10.69,0.16
d544feaf-f4c8-4599-a16c-5ecae1cfd105,2025-09-14,CUST-937427,44.74,1655.38,2025-12-08,137.75,2026-03-05,0,1,7.31,9.53,16.89,Basic,3.82,9.23,196.57,0.58,Prepaid,96.02,-4.15,12.7,0.36
d75c60cd-1528-42f3-9b88-33f409c3ec5e,2025-12-01,CUST-991323,29.08,1163.1999999999998,2026-02-17,145.49,2026-06-06,0,2,7.54,29.64,35.05,Premium,0.88,2.47,106.23,1.02,Enterprise,95.13,-5.7,1.33,0.14
786d30e3-8450-48b7-bf21-0f780bbb658e,2025-09-26,CUST-562092,148.23,7559.73,2025-08-07,132.14,2025-08-12,0,0,22.85,9.77,24.3,Premium,2.57,6.01,180.03,0.36,Enterprise,98.96,-0.59,3.65,0.26
17fbbeee-b1dd-4aad-b756-9b25fb92c4a7,2026-03-20,CUST-869757,126.79,4691.2300000000005,2025-10-21,34.67,2026-02-07,0,0,4.76,2.89,36.26,Enterprise,1.33,-0.91,84.98,9.95,Enterprise,98.96,-8.92,1.46,0.22
862bbf56-1eb8-4071-9976-798c425c5c34,2026-06-27,CUST-287288,56.16,1909.4399999999998,2025-10-07,135.8,2025-09-20,0,1,40.77,0.14,40.75,Family,0.85,2.29,182.3,1.44,Postpaid,98.03,-1.41,16.45,0.25
cd9e0f78-79b0-49cf-8ab8-80dfda335691,2026-06-20,CUST-341735,103.39,1757.63,2026-06-12,109.59,2026-03-10,0,1,1.96,28.56,19.31,Family,2.88,2.14,69.83,0.84,Enterprise,99.71,-3.74,10.73,0.15
7a0f3f3d-4ece-4c0a-bf2e-a1ddd42e9b34,2026-02-06,CUST-177135,63.15,2399.7,2026-03-23,31.13,2026-07-24,0,0,14,5.09,19.46,Basic,0.27,8.81,153.06,1.4,Enterprise,98.69,-4.88,11.69,0.5
592340e6-30c8-43b6-80b5-a13eff501fcf,2025-09-24,CUST-447187,83.16,4656.96,2026-05-29,79.01,2025-10-23,0,1,47.31,15.7,10.86,Premium,2.83,3.57,45.93,3.03,Enterprise,96.16,-8.82,10.57,0.47
9bbfdfa8-e04b-40b4-8332-f8b7150d0089,2026-04-02,CUST-482511,61.23,3000.27,2026-01-18,147.33,2025-12-15,0,1,44.44,4.25,22.54,Premium,2.33,5.66,66.33,1.49,Postpaid,96.59,-5.25,7.64,0.31
307c0672-1d89-4bc2-b774-366d09701955,2025-08-21,CUST-141022,147.38,7221.62,2026-01-12,49.62,2025-10-05,0,2,12.71,28.91,23.97,Basic,1.28,5.45,163.37,8.26,Enterprise,95.74,-9.29,15.11,0.14
d9970c48-75b3-411a-94f8-88745b76068e,2026-05-12,CUST-653961,104.4,5115.6,2026-01-28,178.99,2025-09-26,37.46,1,2.86,8.85,23.44,Premium,3.36,5.99,56.26,9.22,Prepaid,97.72,-0.9,1.03,0.21
9cb4f1d8-ffe6-4230-b223-74a18fcd189f,2025-12-22,CUST-173966,36.45,874.8000000000001,2026-07-03,105,2026-06-03,0,1,15.44,26.05,45.05,Premium,0.18,5.67,65.32,2.8,Postpaid,98.64,-8.33,16.83,0.36
39613f3b-4430-4396-9b2c-7a9661f1c4a1,2026-06-09,CUST-980113,61.26,3308.04,2026-04-17,165.59,2025-12-16,0,2,47.02,2.97,36.16,Premium,3.86,-4.02,173.31,9,Enterprise,98.67,-7.43,1.34,0.23
bcd82377-696a-4b4c-857f-8b9ba0f40fee,2026-03-01,CUST-479457,53.48,855.68,2025-08-30,58.06,2026-04-25,0,2,13.52,20.62,11.47,Enterprise,4.25,7.57,76.48,1.61,Postpaid,95.83,-9.78,10.05,0.29
ddec2b19-d94b-41ab-b40b-01f3a4d883d1,2026-03-31,CUST-547558,142.31,3700.06,2025-12-26,183.29,2026-05-29,0,0,29.9,23.74,26.34,Basic,4.81,0.46,68.42,6.14,Enterprise,95.43,-3.04,13.62,0.17
0617204a-f390-4509-a6b5-7f7503d9b4d3,2026-05-27,CUST-660577,92.14,1658.52,2026-07-04,188.96,2025-12-10,13.31,1,38.64,24.89,42.55,Family,4.69,-2.17,94.64,0.87,Enterprise,98.86,-1.75,1.09,0.44
eb09bb0b-86ca-4dd0-a5bf-d897b755442e,2026-01-03,CUST-355678,133.06,2927.32,2025-10-04,121.18,2026-02-19,0,0,34.1,22.75,40.97,Premium,0.85,-2.75,26.87,3.83,Prepaid,95.56,-0.5,3.49,0.29
26d804be-7723-4b60-9748-21edd05d1bdc,2026-01-26,CUST-542249,45.6,638.4,2026-07-22,79.91,2026-05-31,0,0,20.45,3.89,19.22,Enterprise,4.54,7.88,63.76,6.76,Enterprise,97.49,-8.7,13.64,0.17
fedb8933-281e-44ce-b8d6-137b1ef1aff8,2026-01-07,CUST-625967,58.34,2508.6200000000003,2025-09-15,23.82,2025-11-09,42.36,0,18.2,27.08,16.08,Family,2.69,7.07,35.05,6.33,Postpaid,95.72,-3.9,7.84,0.46
c924cdd7-49ee-435b-8503-647da7acb82c,2026-02-19,CUST-928970,26.33,1026.87,2025-09-22,165.61,2026-06-13,0,1,27.14,8.43,21.61,Basic,2.3,7.92,141.09,8.29,Enterprise,99.84,-7.09,9.62,0.19
c93c3bf7-7110-46b9-ac92-e9a9ad6b2720,2025-10-26,CUST-918297,49.98,2099.16,2026-03-19,58.23,2026-02-24,20.14,1,5.81,16.68,16.87,Enterprise,0.16,6.6,54.31,2.07,Enterprise,95.36,-2.75,19.29,0.49
b88e2b19-33bc-4d78-9320-9ab834a8fc09,2026-01-30,CUST-863098,41.82,1923.72,2026-07-16,113.49,2026-01-08,27.5,1,14.12,16.53,36.72,Enterprise,1.38,-4.02,148.82,9.25,Enterprise,98.95,-6.34,7.32,0.5
52b5fd77-b0c4-4a08-af11-79b525c37724,2025-08-16,CUST-356273,137.04,2329.68,2025-09-20,29.89,2026-03-01,49.39,1,41.51,14.16,47.96,Premium,1.99,-3.66,55.45,5.65,Prepaid,96.56,-2.7,17.86,0.29
85fe2928-aaaf-442d-a3ed-d96d874dba21,2026-03-11,CUST-556804,119.56,7173.6,2026-01-17,191.83,2026-07-03,0,1,12.49,18.12,31.9,Basic,2.72,8.39,144.84,4.37,Postpaid,95.1,-5.73,6.39,0.27
5949948d-f298-4a8b-8ff8-8c6bc9fa025d,2025-12-21,CUST-899574,113.22,4189.14,2025-12-27,150.46,2026-01-19,0,1,47.4,20.46,46.59,Basic,2.9,-0.31,27.55,7.91,Postpaid,97.91,-2.4,16.66,0.24
c8d94790-30da-427c-b81b-f64ab738186b,2025-12-06,CUST-537613,105.26,5052.4800000000005,2025-12-23,119.93,2025-10-14,0,1,37.2,22.28,18.41,Premium,0.4,-2.12,162.81,3.87,Prepaid,97.55,-4.71,4.02,0.37
521640d5-46e6-4315-ba55-2edec785288a,2026-06-28,CUST-454132,126.18,2775.96,2025-11-15,81.78,2025-08-07,0,1,24.62,17.16,28.77,Basic,0.94,9.11,92.35,3.51,Postpaid,96.95,-5.67,17.04,0.32
fc9bd216-04d0-45ba-9bf2-a983905707e5,2025-12-10,CUST-317337,136.5,5733,2025-08-04,159.37,2026-07-03,0,0,27.03,18.05,46.95,Family,0.96,-1.1,181.88,1.42,Prepaid,97.74,-3.5,15.08,0.14
e6cde6c5-a4ef-46c5-91d0-cb72f555bea4,2026-03-26,CUST-878379,138.97,4724.98,2025-10-06,112.91,2025-07-27,42.92,1,17.76,0.07,48.33,Premium,4.45,0.71,43.52,8.89,Enterprise,95.07,-3.15,14.1,0.31
13c9a371-86b5-4de0-b132-af3052f2ac00,2026-05-30,CUST-904221,52.7,1370.2,2025-08-18,33.38,2026-06-18,0,0,33.03,1.07,38.17,Family,0.51,3.05,62.53,1.92,Enterprise,97.64,-3.57,5.34,0.21
ad605f8c-87e4-4517-99a5-588199ad84b3,2026-05-26,CUST-731502,56.91,2617.8599999999997,2026-01-28,39.02,2026-04-25,5.73,1,17.63,2.06,29.09,Family,2.05,7.62,182.83,7.52,Enterprise,98.52,-1.75,6.21,0.13
af5f7559-6044-46e0-8da4-2de5be35961d,2026-07-19,CUST-447646,41.98,1637.2199999999998,2025-09-17,67.21,2026-02-16,0,0,15.76,23.58,36.98,Family,3.26,1.4,77.79,5.62,Enterprise,97.31,-6.61,14.14,0.2
fb0bf108-472c-4138-a8b4-f1e07134f1ec,2025-10-01,CUST-794129,40.52,1094.0400000000002,2026-02-28,108.62,2025-07-25,0,2,6.76,27.01,42.22,Enterprise,0.4,5.78,56.35,4.08,Postpaid,99.45,-9.67,12.39,0.47
06a7655c-00cb-49ea-81d0-a0dfc61bc6eb,2025-11-26,CUST-572677,45.69,959.49,2026-01-28,116.84,2025-08-08,0,1,12.63,11.64,17.19,Family,1.04,-4.89,174.32,0.99,Postpaid,97.2,-8.55,1.97,0.26
7ecc440c-ef0c-4099-b43a-da14222d8b0f,2025-12-04,CUST-609199,32.5,877.5,2026-01-01,122.7,2025-11-23,0,2,39.21,10.64,31.58,Enterprise,1.95,0.55,190.32,4.02,Enterprise,96.49,-6.84,12.13,0.27
70e99aea-e8c6-40d3-9dce-ecdc4025fa51,2026-02-07,CUST-739508,76.97,1462.43,2026-03-18,100.94,2026-07-15,0,0,24.63,22.71,32.89,Enterprise,4.01,6.27,58.88,3.87,Prepaid,97.55,-5.59,13.61,0.41
faff7562-3ea4-41bf-99c9-d177663456b5,2026-03-09,CUST-480105,63.14,1641.64,2026-06-01,132.68,2026-06-02,0,1,46.67,2.99,22.31,Enterprise,3.76,2.02,92.36,1.12,Postpaid,97.36,-7.9,4.64,0.44
5fd29b97-313d-4420-ab21-2263fdfe00ac,2026-05-03,CUST-820020,66.63,2731.83,2026-05-28,127.27,2026-07-02,0,2,39.04,5.88,36.55,Basic,2.76,7.74,120.67,2.11,Postpaid,97.88,-8.27,3.79,0.47
11ffbbb7-902d-485d-8dfa-1237e5006e0e,2025-08-01,CUST-481991,74.05,3702.5,2026-01-20,37.59,2026-05-07,0,2,2.57,18.29,27.02,Basic,1.57,2.25,139.58,3.69,Postpaid,95.17,-1.53,6.32,0.16
b2b4d7b5-15d2-4ef1-9496-aff3579ba714,2025-09-04,CUST-476269,65.74,3418.4799999999996,2025-08-08,180.6,2025-11-17,0,1,4.68,17.84,39.29,Family,3.05,-2.76,118.46,1.64,Prepaid,95.79,-4.36,1.27,0.3
8a2c9be2-7ec6-433e-b667-b16ed7368913,2026-04-24,CUST-881578,35.89,2045.73,2026-02-07,160.01,2026-01-18,0,1,3.34,22.29,30.45,Family,3.66,9.34,73.15,5.14,Postpaid,99.84,-4.31,15.3,0.45
4a7af0f0-bc59-400d-a735-dbf8aa9e75fb,2025-08-31,CUST-368333,132.89,3056.47,2025-12-12,190.75,2026-07-06,0,2,30.72,7.43,38.43,Family,1.4,-0.86,97.22,4.08,Enterprise,99.53,-0.79,16.9,0.13
01d783c5-fcb1-437f-ba79-ce186a92aadf,2026-03-25,CUST-799767,92.4,3603.6000000000004,2026-03-06,75.18,2025-08-15,0,2,12.2,10.27,40.83,Family,2.31,7.05,80.47,0.02,Prepaid,95.71,-8.58,8.06,0.5
7408cd83-cb23-4630-a490-0b76e9964cdc,2025-11-15,CUST-915029,31.83,1273.1999999999998,2025-10-31,128.25,2026-05-02,0,2,46.93,29.24,47.65,Family,1.44,4.43,143.69,5.54,Enterprise,97.71,-9.12,9.73,0.36
059a062d-c53f-4f31-aa6c-07d32f1b84fa,2025-09-23,CUST-925344,59.25,2844,2026-07-05,93.56,2026-03-29,11.7,1,0.16,16,31.64,Premium,1.72,6.27,128.56,4.74,Prepaid,97.49,-6.11,11.93,0.37
c8274d59-73b6-4ec4-85a4-b3318e4ebf6d,2025-09-09,CUST-979335,80.33,3293.5299999999997,2025-07-26,33.28,2026-02-12,0,1,27.08,25.93,31.34,Enterprise,2.26,-4.36,78.73,4.63,Prepaid,97.83,-5.8,0.97,0.29
470d92a4-dee4-4a2c-9ceb-48bae2577738,2026-03-02,CUST-909743,79.48,4530.360000000001,2025-09-10,33.53,2025-09-23,0,1,40,7.82,23.11,Family,1.05,-0.35,131.87,0.5,Prepaid,99.92,-5.77,3.48,0.4
819485c8-aabc-4095-8114-84d623be4133,2025-12-08,CUST-883128,116.96,6432.799999999999,2026-01-06,42.84,2025-10-15,42.96,2,28.5,4.75,47.99,Premium,0.47,-3,131.25,6.91,Postpaid,97.37,-5.32,14.15,0.1
51017cda-9879-4d04-8c5d-b0b744ad48d0,2025-09-18,CUST-976422,37.16,2080.96,2026-04-05,170.19,2026-03-04,0,1,24.74,6.35,28.06,Premium,0.47,7.51,55.9,9.01,Prepaid,97.87,-1.81,2.86,0.37
cc756d73-6f3d-4089-8ee2-5fe64613b478,2025-11-04,CUST-294084,44.22,707.52,2025-12-15,40.64,2025-08-13,0,0,8.97,29.89,30.72,Basic,4.8,9.92,147.31,4.86,Postpaid,95.12,-1.66,5.14,0.32
ba0b5472-1eb0-4d0a-ae1f-659b10cf6dd4,2025-09-18,CUST-539758,48.07,1682.45,2026-02-11,147.24,2026-03-23,0,0,33.66,27.65,38.54,Family,2.96,2.33,88.38,4.67,Prepaid,96.7,-9.99,5.82,0.19
d5f18606-05ba-464a-9567-de2458646d32,2026-07-17,CUST-695398,113.66,3296.14,2025-10-29,126.93,2026-03-21,0,1,35.45,28.9,32.93,Premium,2.02,-2.94,167.6,1.69,Prepaid,98.33,-8.25,4.2,0.13
77d54e6a-b5d6-45d2-ac56-c765e8e96006,2026-01-16,CUST-409483,138.72,7213.44,2025-11-05,94.8,2026-05-19,0,0,26.1,29.21,27.58,Premium,3,9.44,86.85,0.84,Prepaid,98.18,-8.13,18.81,0.33
d495d064-61f6-4ae2-9e50-5f76f4a691b6,2026-01-11,CUST-250009,100.16,3705.92,2026-03-29,56.45,2026-03-20,0,1,44.19,23.49,42.8,Basic,2.62,-2.52,169.86,7.05,Postpaid,97.57,-2.08,6.19,0.42
1a6861b0-863d-44d4-a034-970bdd05cae8,2026-04-29,CUST-110247,70.92,2198.52,2026-05-06,167.33,2025-12-17,37.83,1,9.14,22.99,47.31,Enterprise,1.47,3.29,125.79,6.69,Postpaid,97.5,-7.38,2.05,0.49
c007b9c8-d294-4f97-9a97-86b499226464,2025-12-08,CUST-855355,116.65,4082.75,2026-01-09,174.76,2025-11-10,0,2,2.88,26.32,26.02,Enterprise,2.22,2.06,67.19,7.57,Enterprise,99.16,-8.02,19.62,0.36
8b6ec013-b595-42c2-9beb-aa8f38980bbf,2025-08-31,CUST-590520,61.31,1594.06,2026-02-04,78.98,2025-12-20,0,2,39.37,11.88,22.58,Basic,3.17,4.57,104.41,5.53,Enterprise,97.22,-5.79,18.02,0.16
7c7b01f8-ec97-4f67-95ac-6027febdc1bc,2025-07-31,CUST-473251,73.33,1539.93,2026-02-18,167.4,2026-06-21,0,1,4.25,16.75,47.78,Basic,2.34,4.26,49.2,7.78,Enterprise,99.66,-9.99,7.83,0.46
1cd571bc-fe66-45dc-95f4-7adc67ae0086,2026-02-27,CUST-656087,126.36,6065.28,2026-03-23,135.14,2026-07-09,0,2,18.14,9.23,15.83,Basic,4.64,-1.97,129.21,3.86,Prepaid,99.98,-6.92,4,0.5
f1a7adcc-4233-465b-ad56-1498b1cb9563,2026-02-25,CUST-334418,103.95,3846.15,2026-01-06,87,2025-12-25,9.09,2,31.05,28.43,16.03,Family,2.48,2.64,177.97,1.67,Prepaid,96.36,-8.47,8.36,0.35
3b0960a2-1a0e-443e-8513-958a16e20dcb,2025-08-14,CUST-400563,139.65,8379,2026-05-02,192.06,2026-05-09,0,1,28.33,4.93,43.07,Family,2.25,-1.58,184.08,9.28,Prepaid,97.69,-2.56,15.14,0.45
b80ad5d5-f32a-4968-98cd-8da0fd30bc37,2025-10-09,CUST-489162,70.71,3535.4999999999995,2025-08-02,145.1,2025-11-21,0,1,22.96,14.93,28.98,Premium,4.34,-4.5,119.23,1.75,Postpaid,96.45,-8.9,5.25,0.11
c2a0d35e-cdb4-401f-96a7-46fb12c12485,2026-01-05,CUST-820336,61.98,2479.2,2025-10-18,155.33,2026-06-09,40.42,1,16.34,29.27,22.53,Enterprise,4.28,9.09,198.08,1.8,Postpaid,95.22,-8.71,12.15,0.31
1025e887-e95b-4e53-a9c4-adbef5d233dc,2026-02-05,CUST-594923,86.12,2325.2400000000002,2025-08-28,192.8,2025-08-03,0,1,5.71,16.19,36.08,Enterprise,3.19,-0.31,30.2,6.98,Postpaid,99.51,-6.5,13.33,0.26
0b2a93cd-2443-491e-a2e4-7da98605362d,2026-02-18,CUST-332517,102.71,2875.8799999999997,2025-12-31,43.67,2025-11-07,0,1,24.4,15.45,35.31,Family,2.14,-0.15,56.47,8.95,Enterprise,95.51,-7.59,3.37,0.2
2bb49517-9f8e-46ef-953a-7d067d314b2b,2025-08-31,CUST-640933,64.27,2313.72,2025-12-11,129.04,2025-11-27,0,0,26.87,0.52,37.48,Enterprise,0.24,3.12,65.9,0.69,Enterprise,98.94,-2.89,2.93,0.39
8f7c8256-9a31-4978-8c2f-961c51d039c0,2025-08-31,CUST-116301,134.47,2420.46,2025-08-25,69.15,2026-02-25,5.55,2,27.51,8.44,38.01,Family,2.21,6.22,37.01,5.1,Enterprise,98.22,-7.51,9.55,0.19
1243b8c5-8d42-4bc2-b0b3-3ae8451a66d4,2026-04-13,CUST-344338,97.8,2738.4,2026-01-01,129.67,2026-04-14,44.76,2,37.39,16.12,13.08,Premium,4.24,-2.21,77.98,9.3,Postpaid,99.49,-4.28,16.54,0.48
813805c2-c965-4853-ae1d-a98f8452b645,2025-12-26,CUST-198576,116.36,1629.04,2026-02-08,52.52,2026-04-05,0,1,21.28,27.1,48.95,Family,4.05,-2.17,150.22,2.1,Postpaid,99.42,-5.82,8.07,0.44
56edb1db-87cb-4c67-a859-68fe42bdb194,2026-01-14,CUST-324532,66.53,2062.43,2025-12-15,139.24,2026-04-24,0,0,18.4,27.37,10.98,Basic,4.84,8.27,98.07,1.99,Enterprise,96.86,-7.86,6.75,0.41
e5d81e9a-7c1f-4849-80a3-39eb818335b2,2026-02-07,CUST-958384,65.96,1780.9199999999998,2025-09-09,64.96,2025-08-04,0,0,19.87,4.17,32.72,Family,4.63,-1.89,66.39,7.17,Enterprise,97.49,-4.89,8.87,0.28
56302abc-01d6-42ee-b08d-ce0ab568ec16,2026-06-02,CUST-209504,137.97,4553.01,2025-09-11,45.82,2026-02-25,0,1,11.27,29.16,38.3,Premium,2.21,1.86,91.83,7.45,Enterprise,95.05,-4.95,13.15,0.23
74a038de-e4f2-40b6-b193-427968a08e65,2026-01-08,CUST-741508,24.64,394.24,2026-05-09,191.13,2025-09-06,29.4,1,3.7,22.8,28.52,Basic,3.86,0.92,185.41,7.71,Enterprise,95.19,-0.31,5.81,0.47
bb1b36d8-a916-4b76-a907-abf61f51be3b,2025-12-02,CUST-721858,121.75,3774.25,2026-03-28,54.67,2025-10-22,46.03,1,14.83,7.38,18.42,Basic,1.55,-2.86,49.04,6.95,Enterprise,98.51,-5.69,19.01,0.38
ea063b4c-f19b-4848-902b-f0e769704219,2025-11-16,CUST-596142,91.27,2829.37,2026-03-22,54.34,2025-08-04,0,1,11.39,23.4,12.88,Premium,0.74,-0.95,183.35,0.22,Enterprise,96.62,-3.94,4.34,0.11
9a381ce5-b9d6-4203-abf6-39aeb9bd04da,2026-07-20,CUST-808332,121.1,5328.4,2026-03-23,20.66,2025-12-05,0,1,24.59,15.01,40.48,Enterprise,0.21,3.73,101.41,1.62,Enterprise,98.04,-9.68,10.77,0.32
10f5e939-f887-45d6-976a-1fa5d5167425,2026-02-22,CUST-407442,93.4,4576.6,2026-03-15,130.04,2025-09-28,0,1,23.76,7.62,29.17,Enterprise,2.35,9.44,89.84,7.16,Postpaid,99.55,-8.76,9.01,0.23
dbf015cd-2974-4f7f-8d8c-4bd3125cb22e,2026-07-01,CUST-704202,136.11,3674.9700000000003,2026-07-06,120.21,2026-06-18,5.05,1,38.47,5.96,34.75,Family,3.36,8.18,187.34,2.77,Prepaid,95.21,-6.54,15.58,0.42
881a6822-83ab-42bc-9684-61478c5e95ca,2025-10-18,CUST-757536,50.21,803.36,2026-04-23,23.89,2025-10-08,0,0,35,29.41,19,Family,3.37,9.32,99.73,2.51,Postpaid,98.31,-5.15,10.33,0.31
e38b2c54-a375-4774-b5b2-01586836f116,2025-10-24,CUST-127025,78.03,1170.45,2025-12-01,134.5,2026-03-17,28.79,1,18.94,20.69,41.02,Premium,2.94,-4.59,112.62,2.99,Postpaid,98.69,-9.3,8.09,0.48
a1fcf715-da00-4d69-8cc2-a6a18083cf24,2025-10-18,CUST-161304,83.45,4255.95,2026-06-29,93.02,2026-04-01,39.3,2,4.03,3.49,34.4,Basic,4.88,0.01,191.18,4.85,Prepaid,96.04,-6.59,2.51,0.37
022bec2b-7acd-458d-9b1f-2ba51694dacc,2026-01-16,CUST-580909,34.17,1811.01,2026-03-22,120.47,2026-01-05,0,1,41.81,0.02,31.69,Basic,2.28,6.03,44.72,1.77,Enterprise,95.06,-8.89,19.51,0.17
a6afe0df-1f55-4224-9bc8-6793bfa5e9f7,2026-03-29,CUST-360556,145.21,2178.15,2026-07-18,22.68,2026-03-14,0,1,27.06,9.55,22.59,Basic,1.35,8.09,191.63,3.12,Prepaid,96.96,-4.13,6.96,0.41
8c43908d-6fd1-4b2c-8cbc-0f82649b3dff,2025-11-23,CUST-504256,129.74,2335.32,2025-11-27,42.38,2025-10-29,0,1,22.97,20.88,16.68,Premium,3.15,-4.25,73.21,0.43,Enterprise,96.6,-5.95,1.27,0.42
a00694bd-5f82-40e4-adc1-0b2f984af266,2026-05-06,CUST-348167,34.34,961.5200000000001,2025-10-16,54.99,2026-07-14,0,1,29.96,19.46,49.4,Premium,2.84,2.44,155.83,5.7,Postpaid,95.68,-9.18,8.47,0.24
ed23dd76-777f-4479-b6d5-8735e447b33e,2025-08-29,CUST-550650,101.34,3850.92,2025-08-18,28.09,2026-07-15,0,1,45.37,15.58,39.67,Basic,4.25,8.98,114.35,2.21,Postpaid,95.05,-8.4,15.22,0.35
62a00222-a86b-4234-bbf8-3167ac1705f2,2026-01-06,CUST-344773,123.5,3087.5,2025-10-30,156.62,2025-09-11,0,1,15,6.92,19.52,Premium,3.72,-0.63,51.36,7.53,Enterprise,96.18,-9.6,5.1,0.26
14ac00a2-702e-4742-a33c-b22c5b2fb981,2025-11-19,CUST-551553,68.95,1172.15,2025-12-27,99.02,2026-07-05,0,1,8.62,2.96,37.94,Enterprise,3.66,7.83,137.22,5.44,Prepaid,95.5,-6.76,15.12,0.22
5d54634e-5c48-4ee2-8793-4510e5de57f6,2025-10-07,CUST-122406,100.97,3432.98,2026-06-01,196.21,2026-03-14,47.2,0,29.15,17.34,15.61,Premium,4.91,-1.07,116.59,2.73,Enterprise,96.29,-5.89,3.98,0.19
5f69400c-7cb2-474e-9da0-7ceccc524df0,2025-09-29,CUST-609847,121.04,4478.4800000000005,2026-05-12,125.96,2026-05-16,46.87,1,29.42,19.13,47.76,Premium,2.66,5.08,181.12,7.17,Postpaid,97.47,-1.7,18.17,0.35
a6e3970b-53fe-4b19-8fd6-849d79f11fef,2026-02-20,CUST-726097,114.97,4368.86,2026-06-12,141.07,2025-09-13,38.47,1,2.49,28.26,49.22,Enterprise,4.99,7.7,78.73,1.34,Enterprise,99.85,-9.27,18.33,0.28
566edf5b-67b2-429b-9375-67f41531420a,2026-07-17,CUST-177502,145.19,4210.51,2025-10-28,25.58,2026-03-07,25.41,1,46.21,29.22,20.15,Family,1.22,6.63,106.92,2.36,Enterprise,96.35,-5.96,2.56,0.3
ec27d059-9666-4d29-97c1-6b32882a9036,2026-06-24,CUST-538145,103.78,2075.6,2025-10-05,185.89,2026-04-19,0,2,4.42,6.57,34.54,Basic,1,8.76,73.05,2.89,Prepaid,99.91,-6.72,10.11,0.41
01418e6f-9bf5-42c2-8473-459c48536b36,2025-12-11,CUST-414145,88.63,3190.68,2025-11-18,48.48,2025-09-05,0,1,0.38,4.02,36.71,Premium,2.66,-4.57,64.3,0.38,Enterprise,99.58,-5.89,5.16,0.21
99e58473-a2c1-4c1a-af47-552baf30ef19,2026-01-19,CUST-446879,142.28,2276.48,2025-09-05,76.11,2026-05-25,31.53,0,43.36,29.23,41.16,Premium,3.12,7.38,156.45,7.25,Prepaid,96.72,-7.32,13.84,0.34
37029813-223c-49f0-bdf1-128fa92b7b9a,2025-10-29,CUST-208009,122.65,6377.8,2025-11-12,188.04,2026-03-12,17.77,1,1.79,25.5,32.39,Family,4.35,5.54,83.81,7.97,Prepaid,97.19,-5.3,8.73,0.37
00a5b985-972c-457e-aef7-bb0028a91ca8,2026-06-23,CUST-598907,84.27,1432.59,2026-04-11,22.6,2025-10-04,0,0,15.93,24.03,12.44,Premium,1.38,5.57,147.17,2.45,Prepaid,97.65,-8.55,5.12,0.29
1e0b47aa-f6df-4262-ab69-4675b96124d4,2025-10-18,CUST-777434,80.92,1213.8,2026-02-28,177.59,2025-08-06,0,1,1.21,9.03,46.26,Premium,2.42,4.66,138.24,5.44,Prepaid,95.41,-2.64,0.56,0.25
cc90e89b-77a1-43d3-98c7-f58a6040826c,2025-09-20,CUST-508084,134.6,2557.4,2025-07-26,98.21,2026-02-11,39.94,1,37.8,29.73,39.68,Premium,1.08,7.72,73.62,1,Postpaid,96.27,-1.34,5.92,0.16
ef9d97e5-95af-422b-8c3a-71f6e837549b,2025-10-09,CUST-712636,139.18,7654.900000000001,2026-07-22,141.12,2025-10-03,10.45,2,12.41,0.57,44.41,Family,1.93,0.41,118.51,7.91,Postpaid,97.52,-3.07,5.96,0.28
442e92d9-1198-4d43-ba2b-626ba5915be5,2026-02-22,CUST-339570,128.92,7090.599999999999,2025-08-11,63.93,2026-05-17,0,1,46.23,1.69,34.98,Premium,2.71,5.09,184.04,3.19,Prepaid,95.15,-0.65,16.81,0.4
fa21b89d-3ae3-4aae-9301-1eec527bedf4,2025-08-11,CUST-596334,84.77,1102.01,2026-01-05,79.05,2025-09-24,0,1,3.45,22.57,24.9,Premium,2.94,-2.26,178.36,0.37,Postpaid,99.78,-1.21,19.45,0.43
8fa65784-156b-4c56-8340-ec3b0efb41d0,2026-07-09,CUST-228316,127.36,2547.2,2025-09-05,111.57,2026-07-19,0,0,15.66,14.19,18.53,Premium,4.49,4.08,99.94,9.97,Enterprise,99.41,-9.72,16.37,0.11
f20fc35e-2870-417e-87e6-30aaa94400b7,2025-12-09,CUST-471230,118.65,5101.95,2026-02-12,156.59,2026-05-11,0,2,15.6,21.08,13.08,Family,2.93,6.69,128.17,5.4,Prepaid,99.27,-7.17,8.82,0.4
a917f1ad-f49c-44c0-8b15-2695a035edbb,2025-09-24,CUST-768717,47.54,1711.44,2026-05-14,86.29,2026-04-26,36.57,1,40.78,14.36,44.75,Basic,2.72,4.79,34.25,6.23,Postpaid,97.33,-7.36,18.71,0.32
a83c19db-6969-4e18-9b16-d41b52f39b61,2025-12-18,CUST-280733,63.55,2287.7999999999997,2025-08-29,72.74,2025-12-16,0,2,43.81,6.12,41.84,Premium,4.89,5.46,165.95,1.41,Postpaid,99.52,-6.64,16.44,0.26
4193f7be-63a8-4dfd-9cbf-53b21ea9feb7,2025-10-10,CUST-487462,84.98,2209.48,2026-02-18,39.87,2026-03-28,0,1,21.68,9.89,31.15,Premium,4.89,2.8,108.33,6.23,Postpaid,98.14,-0.1,3.79,0.12
e261236a-b068-4dae-8a92-1d3c34fab2f7,2025-10-09,CUST-241400,136.26,4360.32,2025-10-23,164.07,2026-03-25,0,1,16.68,23.45,27.78,Basic,3.35,4.57,146.93,3.84,Prepaid,97.07,-9.14,2.09,0.16
8f820d46-d1d5-4348-ade6-88180c2910f3,2026-01-23,CUST-126730,51.42,2005.38,2025-10-03,186.98,2026-04-15,31.95,0,27.59,2.51,42.68,Premium,0.17,-0.7,72.85,5.66,Postpaid,97.15,-9.5,6.67,0.18
806d7a2e-da9f-4477-9de8-f13a0b24eaf0,2025-12-05,CUST-987062,117.51,2467.71,2026-03-26,119.07,2025-10-19,0,1,4.83,14.71,47.34,Enterprise,4.67,-3.31,94.27,2.24,Enterprise,98.73,-6.02,11.26,0.31
e414a59d-b2e6-4125-8e65-370c1a1d162c,2026-03-08,CUST-428996,92.92,4924.76,2025-08-15,62.26,2026-07-23,0,1,33.05,26.94,20.74,Family,3.96,0.31,163.49,2.63,Prepaid,97.11,-1.15,7.85,0.16
2d246ac2-d937-4699-ace7-449bc8c07d9e,2026-04-21,CUST-254398,80.99,4454.45,2026-05-14,106.31,2025-10-09,0,1,7.58,0.71,21.53,Basic,3.6,8.76,135.34,1.91,Prepaid,98.98,-4.82,19.62,0.13
458c3e03-84dd-40f9-a273-c1d4c6ae3733,2025-12-04,CUST-547286,58.09,1858.88,2026-06-29,104.55,2025-09-15,0,0,35.88,11.21,28.72,Family,3.07,-2.17,129.77,6.5,Prepaid,97.32,-4.42,17.59,0.13
7810522b-3cf6-4f4d-a7e9-22c5ae81dc8e,2026-06-11,CUST-492075,122.74,6750.7,2025-08-26,163.75,2026-03-19,0,1,0.56,16.36,11.61,Family,1.39,-3.97,155.05,0.43,Prepaid,99.95,-0.17,0.53,0.14
e82eb47d-67ec-43ed-a005-3899e8f26861,2026-03-01,CUST-570167,43.9,2326.7,2025-09-02,43.49,2026-07-13,0,1,45.7,2.13,33.1,Enterprise,2.73,0.77,33.77,4.08,Prepaid,97.5,-9.2,8.54,0.1
58dfbf0e-e16a-494b-af06-f67514ee62e6,2025-09-10,CUST-424233,39.72,1827.12,2025-12-08,74.69,2025-10-27,0,1,44.25,5.15,44.31,Family,2.09,-3.32,46.03,0.91,Prepaid,97.8,-8.11,5.15,0.4
fa034d4b-8b92-4a2c-b9ad-7fc3a599d41e,2025-09-25,CUST-646921,143.32,2149.7999999999997,2025-10-16,173.95,2026-06-13,0,0,21.21,25.72,20.73,Premium,1.11,9.98,46.16,6.18,Enterprise,96.62,-7.76,11.79,0.16
f986cb89-f15a-4beb-b4ab-6889240d493f,2026-03-30,CUST-456823,47.51,1330.28,2025-11-09,166.78,2025-09-07,0,0,25.4,3.51,38.59,Enterprise,4.59,-2.97,44.38,8.81,Postpaid,98.38,-6.74,2.73,0.22
a2d18c19-afe2-4b1a-be58-f02ce0156d99,2026-05-10,CUST-710676,86.94,4260.0599999999995,2025-11-14,155.48,2025-12-17,0,1,21.09,22.2,21.86,Premium,1.43,-0.46,43.03,5.99,Postpaid,97.86,-8.62,17.32,0.47
fcd4244d-6592-44b6-9e62-6a56f0b4def3,2025-09-26,CUST-991941,114.48,6868.8,2025-12-10,164.18,2026-02-19,0,0,5.63,25.36,12.51,Family,4.62,-0.64,121.36,0.75,Prepaid,99.94,-3.33,4.12,0.37
5a7f639f-28b7-4bea-886b-c002c17ce99a,2025-08-11,CUST-448585,30.98,991.36,2026-01-29,168.72,2025-11-10,0,1,34.54,11.46,11.61,Enterprise,3.39,-4.39,29.65,7.71,Enterprise,96.77,-9.48,5.95,0.45
64e8cc2a-cd9c-4faf-8f9b-004bb0b4a300,2025-12-26,CUST-208327,112.61,1463.93,2026-06-01,109.57,2026-03-19,0,2,1.52,7.19,34.42,Premium,0.82,9.89,78.73,2.36,Prepaid,98.45,-3.36,14.27,0.27
000d3595-07de-4913-ab80-5d6d9185a668,2026-05-17,CUST-672939,103.98,3535.32,2025-08-25,87.28,2026-01-04,0,1,0.28,14.07,17.9,Family,4.95,1.41,81.42,3.23,Prepaid,98.71,-0.58,4.92,0.17
bde125ab-f762-4754-891e-c0727bc525bb,2026-06-27,CUST-534663,58.55,3103.1499999999996,2026-05-06,75.58,2026-03-30,0,1,18.11,12.55,29.76,Family,0.15,6.14,87.64,7.64,Prepaid,98.18,-9.31,5.38,0.45
e7f8ba27-5a62-4957-b910-6eb0be9d7581,2026-02-07,CUST-823429,84.22,1937.06,2025-10-06,66.71,2026-07-15,0,1,7.24,26.66,26.49,Premium,2.61,8.54,147.69,1.86,Enterprise,95.05,-0.85,10.04,0.47
6935c116-366d-42e5-8a0b-6e17e6ec8ad2,2026-04-01,CUST-131941,47.32,1750.84,2025-11-19,33.86,2026-05-24,0,1,32,17.62,28.47,Family,2.57,8.81,193.02,7.87,Prepaid,97.67,-4.86,12.53,0.49
c27ad87a-b454-4393-a34e-47476b4cdeee,2025-08-01,CUST-655902,63.33,3609.81,2025-10-19,100.14,2025-09-09,0,0,27.05,29.02,20.57,Basic,2.19,5.13,58.15,6.25,Prepaid,95.47,-2.71,6.67,0.45
12070106-95bf-409a-beac-1972c2dc8dbd,2026-03-17,CUST-256370,143.38,4301.4,2025-11-07,126.23,2026-07-02,7.65,0,22.37,14.95,42.62,Premium,3.1,-3.17,125.16,4.94,Prepaid,98.18,-3.71,17.69,0.21
bd906785-a5a6-4ba8-90e5-52dfdb28c52c,2025-08-04,CUST-970274,136.83,2189.28,2026-06-29,171.98,2025-12-30,0,0,3.05,2.12,27.98,Enterprise,1.25,6.02,62.6,9.72,Enterprise,96.44,-0.41,0.62,0.3
21cd790b-8f7a-4a20-9f6c-558eac256b9a,2026-05-28,CUST-272373,99.92,5495.6,2025-12-07,109.58,2025-12-28,27,1,27.51,17.19,36.58,Basic,3.2,2.93,60.36,5.18,Prepaid,99.56,-6.38,8.21,0.45
0904e99e-cd20-4956-b495-c416d7e41fd5,2026-06-17,CUST-578237,131.63,1579.56,2026-05-17,77.26,2025-12-14,0,2,10.28,12.18,24.63,Basic,0.65,2.42,165.75,0.58,Postpaid,99.19,-8.4,15.6,0.41
76a95701-edb7-4eed-88a4-6c3aa505ef43,2025-11-14,CUST-581630,133.37,5334.8,2025-11-08,190.38,2026-06-15,0,2,41.07,13.16,44.12,Enterprise,3.05,-2.2,47.84,8.19,Enterprise,96.45,-4.55,9.68,0.2
6e81479c-350b-4d33-8024-72adef8696c4,2026-05-30,CUST-390034,116.68,5250.6,2025-11-07,25.19,2025-11-20,0,0,1.43,17.49,24.84,Enterprise,2.55,9.18,36.31,7.02,Postpaid,95.78,-2.33,10.84,0.39
3b8dbe03-540e-43e4-b481-7d5a78ffc6e3,2026-01-10,CUST-949270,34.21,957.88,2026-05-17,127.78,2026-07-16,39.12,1,45.33,0.01,35.78,Premium,2.18,7.82,29.46,1.83,Prepaid,96.03,-5.92,11.28,0.49
0ba03975-d97a-4c44-93ee-e71258643e35,2025-12-23,CUST-726098,122.53,3185.78,2026-01-16,83.2,2025-08-26,49.23,2,20.35,2.78,29.31,Enterprise,3.96,0.18,143.16,2.43,Prepaid,96,-8.33,11.05,0.3
9ded417a-bbd1-44b3-9544-7589a3b77d87,2025-11-23,CUST-418198,134.73,7275.419999999999,2026-06-27,159.4,2025-11-21,0,2,19.64,14.51,43.79,Premium,4.55,4.45,81.99,8.96,Postpaid,95.64,-3.66,1.15,0.5
aeafa85d-c1dd-4bff-af93-b226309c806a,2025-12-05,CUST-423585,69.75,2232,2026-01-24,185.5,2026-06-25,0,1,46.55,7.06,14.39,Family,3.38,4.17,148.84,9.1,Postpaid,95.41,-6.98,0.46,0.2
1d6d68e4-ebe1-4ac5-a991-b61f31d53fe6,2026-02-13,CUST-949220,23.06,1245.24,2025-12-27,49.35,2025-09-09,0,1,29.5,29.09,24.43,Premium,1.83,5.74,125.21,0.67,Prepaid,99.21,-0.51,10.29,0.23
b9c06a87-05bb-4695-bccf-acebdeaa4000,2026-01-26,CUST-767368,53.44,2191.04,2025-10-13,164.64,2025-09-20,0,2,30.67,2.26,29.92,Premium,1.92,6.54,30.62,1.27,Postpaid,98.41,-7.73,2.64,0.46
378d957f-c700-4f47-ba68-f217dfbc078e,2025-12-20,CUST-501998,29.03,725.75,2026-04-02,82.56,2025-08-04,36.68,2,5.16,4.12,47.82,Basic,4.73,9.64,171.31,4.9,Postpaid,96.57,-0.11,4.65,0.35
cb66965e-45bf-4d19-be7d-f89f059b5368,2026-04-13,CUST-701004,47.8,2151,2026-06-19,173.33,2025-09-14,0,2,5.98,21.17,42.46,Enterprise,1.98,2.71,49.43,3.72,Postpaid,97.64,-3.93,1.93,0.16
c09bdbbf-f8fa-4530-a6d6-3beef2ece0f9,2025-08-19,CUST-848803,112.05,6162.75,2025-09-21,134.17,2026-06-18,0,1,2.17,9.8,40.06,Family,3.74,4.12,106.71,7.9,Prepaid,97.67,-7.69,3.58,0.41
a42076fc-cb22-4253-a28a-dd68e03dc171,2026-04-03,CUST-526084,47.31,2649.36,2025-11-02,58.97,2026-07-13,0,1,9.83,7.9,22.19,Family,4.15,-2.02,162.51,9.09,Postpaid,97.69,-1.2,5.5,0.26
8b5caf7b-e42d-47cb-83e7-6ebc491853a9,2026-03-30,CUST-837439,21.2,318,2025-10-04,37.75,2025-09-08,0,2,27.4,7.4,46.64,Family,0.46,7.3,123.1,5.68,Prepaid,99.84,-9.15,7.46,0.11
79bbd95b-8f49-4695-9e69-ed11d65df3fc,2026-06-15,CUST-402599,71.88,2300.16,2026-01-06,109.57,2025-11-10,0,1,15.01,0.39,46.09,Enterprise,3.56,-0.4,38.29,0.45,Enterprise,99.63,-0.03,1.08,0.5
16aba98a-21b9-40e9-8120-b780256a7905,2026-07-01,CUST-270037,51.32,975.08,2026-02-15,176.55,2026-03-18,0,2,23.24,18.4,11.73,Family,1.57,-0.96,65.67,8.53,Enterprise,95.37,-8.25,12.7,0.24
d61111ea-0415-4066-b1f9-dfe1ea10f517,2026-02-14,CUST-747943,71.2,2705.6,2025-11-11,157.24,2026-04-09,0,0,30.83,1.85,35.86,Premium,2.67,-0.15,154.96,5.45,Enterprise,98.8,-7.78,15.42,0.37
11fda756-f45d-4999-b4a5-4b629449a6bb,2026-01-23,CUST-890782,102.28,5318.56,2025-09-10,193.41,2026-04-27,0,2,5.95,21.07,22.42,Premium,1.95,0.85,121.02,1.81,Enterprise,95,-7.41,3.45,0.33
4ad3e3dc-391f-427a-b3d5-20620908a555,2026-07-11,CUST-278932,47.04,2304.96,2025-10-10,92.65,2026-07-10,0,1,46.12,6.1,37.91,Basic,3.93,1.83,175.78,2.53,Postpaid,96.84,-3.41,3.12,0.33
1971ef87-0ee5-408a-ba67-d3e15696580e,2025-12-20,CUST-499158,21.03,630.9000000000001,2026-05-28,173.96,2025-08-08,0,1,18.59,7.73,45.95,Family,3.42,6.25,153.94,9.79,Postpaid,95.89,-7.93,14.69,0.18
0d1f6848-0079-4a79-b846-8710f31acb38,2026-06-03,CUST-363387,41.92,1048,2026-02-23,69.92,2025-09-09,0,2,1.74,10.41,35.77,Basic,3.58,9.56,170.42,8.2,Prepaid,96.8,-8.41,16.49,0.36
ce0aec73-0c63-40b9-82f3-940906d1a840,2025-08-27,CUST-703145,135.47,2980.34,2026-06-18,173.89,2025-10-06,0,2,37.96,6.74,42.44,Enterprise,0.28,8.78,157.48,8.11,Enterprise,97.44,-6.72,14.76,0.44
bcfaae48-4055-4ca0-832b-930a9d4698a2,2025-09-07,CUST-338051,135.64,7324.5599999999995,2025-08-12,109.45,2026-01-26,0,2,44.21,10.6,28.69,Premium,1.44,6.74,131.16,3.38,Enterprise,95.56,-6.26,15.18,0.31
6ca6587f-d5e1-4960-a2f9-90e29371f64a,2026-02-25,CUST-552515,66.25,1788.75,2025-09-19,107.94,2025-12-03,0,2,15.68,1.67,37.64,Basic,4.34,-2.47,79.36,4.3,Enterprise,97.2,-3.57,19.48,0.36
6adb35f9-07a0-4526-b26a-9a8ba7e1458b,2026-02-19,CUST-373265,48.8,2537.6,2026-05-13,62.19,2025-08-07,0,1,48.62,17.88,44.61,Enterprise,3.84,5.56,181.29,9.03,Prepaid,96.18,-4.41,4.94,0.15
bbcf52d8-dd09-49cc-b6b8-fc845ef19e76,2025-10-14,CUST-624678,92.05,3682,2025-08-22,33.04,2026-05-30,42.8,1,18.26,12.06,26.1,Family,1.02,2.45,184.18,1.4,Enterprise,96.31,-8.99,3.25,0.16
374f1c10-07e4-442f-a243-6426beb0f01b,2026-05-17,CUST-316456,43.14,1898.16,2026-05-15,186.9,2025-11-30,0,2,8.67,5.48,40.88,Premium,2.42,5.94,133.12,6.9,Prepaid,98.13,-5.05,4.04,0.3
286b15e6-2cce-4e91-81ac-67958bd15d59,2025-12-05,CUST-114220,64.44,3673.08,2026-06-30,100.5,2025-12-24,0,1,40.47,21.54,22.9,Family,1.1,-2.59,129.15,5.45,Postpaid,99.47,-1.46,3.04,0.1
25b1e889-dad8-4782-9c2d-00d2d0120f41,2025-07-26,CUST-616006,58.13,2615.85,2025-12-29,111.28,2025-12-05,9.44,1,13.26,14.64,15.97,Basic,4.58,1.7,60.66,8.19,Postpaid,96.1,-1.55,10.89,0.46
197574fe-0feb-4d4e-b850-5f58a9b01219,2026-05-29,CUST-815382,60.41,2174.7599999999998,2025-11-01,157.61,2025-12-07,0,0,21.68,20.94,49.44,Premium,0.79,-3.86,51.76,3.24,Enterprise,96.4,-6.82,12.93,0.18
daec3fbc-a4a9-4d0d-bda3-579d23198c07,2026-07-12,CUST-170411,133.52,7610.64,2026-03-20,155.29,2026-07-16,0,1,35.89,14.57,37.75,Enterprise,2.98,6.89,166.71,1.14,Enterprise,98.18,-4.22,2.35,0.42
c38b88fa-c968-4831-9ac8-a992b3dfb701,2026-01-18,CUST-537094,119.74,4550.12,2025-09-08,187.08,2025-09-21,0,1,14,13.29,45.12,Family,3.66,-2.36,156.53,2.28,Prepaid,95.53,-3.4,7.45,0.47
aec80f8d-c9a6-4f76-88b8-abdcc084f41b,2026-03-29,CUST-321064,113.63,3749.79,2026-03-17,20.68,2026-07-06,0,0,2.51,1.28,22.83,Family,0.65,4.29,81.56,0.51,Postpaid,96.61,-9.58,4.56,0.35
5865b368-b474-4fd0-b692-b071a6149c69,2025-10-12,CUST-734462,122.24,6234.24,2026-06-17,179.46,2025-12-14,0,1,47.85,4.07,17.84,Basic,4.01,-1.58,139.7,5.96,Enterprise,98.2,-4.94,18.36,0.42
afe40153-fff1-4926-aced-b058ae776c18,2026-04-16,CUST-526537,88.63,4874.65,2026-05-07,197.43,2026-01-12,0,0,48.86,20.36,21.46,Basic,4.97,6.59,105.26,8.24,Prepaid,97.14,-7.14,6.08,0.29
b968bb9d-6525-4bb2-88f8-cae016e7e63f,2025-12-23,CUST-573115,110.98,6103.900000000001,2026-07-10,142.06,2026-01-09,0,1,37.51,17.89,48.62,Basic,0.52,-4.71,27.96,2.37,Enterprise,96.91,-8.23,14.74,0.4
b70dc3dc-a253-41e5-aa57-af6ea216ec71,2026-05-20,CUST-965234,37.76,1736.9599999999998,2025-09-11,183.97,2025-09-28,0,1,42.33,10.01,47.94,Premium,4.33,-4.6,109.74,2.65,Prepaid,95.74,-8.87,8.22,0.29
e6ee3d33-344e-41f6-b15d-88d0cd9ec393,2026-05-16,CUST-673223,137.86,3308.6400000000003,2025-11-15,68.08,2026-02-24,46.75,0,48.82,23.4,48.45,Family,0.47,-1.24,199.19,4.17,Enterprise,99.5,-4.29,14.27,0.36
e06765dc-a333-469d-ab81-15a28959b310,2025-07-28,CUST-991383,76.09,989.1700000000001,2025-09-08,188.57,2025-09-15,0,2,16.22,3.62,33.71,Family,2.97,-0.26,40.36,0.4,Prepaid,97.29,-0.11,2.02,0.4
17af3dbe-32e6-4924-84c8-378e78c54df8,2026-03-17,CUST-740644,30.13,994.29,2025-08-23,52.38,2025-12-17,0,2,12.01,19.72,26.48,Premium,2.09,6.59,99.38,4.62,Prepaid,95.5,-9.35,19.89,0.3
47b00d93-08a2-43d3-bd21-c57ae73814aa,2026-07-15,CUST-218154,21.17,338.72,2025-08-10,165.85,2026-06-07,0,0,39.2,29.49,22.19,Basic,2.83,8.55,54.71,3.31,Postpaid,96.77,-7.84,13.65,0.46
ccca79fa-ae30-4ceb-b75f-3ec55daf91e3,2025-12-01,CUST-948936,43.47,1347.57,2026-04-19,116.27,2026-01-01,0,0,42.78,9.63,17.59,Basic,1.92,-2.33,38.83,8.19,Prepaid,95.37,-2.73,18.53,0.27
0cbac652-4117-4702-89a9-36b6594b21a4,2026-02-01,CUST-885484,41.68,1833.92,2025-09-13,113.07,2026-04-08,0,1,37.49,24,20.08,Premium,4.86,-0.83,90.54,7.86,Enterprise,95.3,-9.73,13.38,0.23
508b940d-caa8-416d-8e04-b61825e35a2f,2026-04-29,CUST-734451,126.77,2408.63,2025-07-31,164.85,2026-07-16,0,2,23.69,1.64,16.8,Family,4.51,-4.9,61.33,1.26,Enterprise,95.44,-8.61,14.34,0.3
d24762ee-0c64-40e4-839d-efc697a62732,2025-07-25,CUST-761225,118.73,5580.31,2026-07-16,142.24,2025-08-30,38.81,1,34.98,4.8,43.35,Family,3.37,3.59,75.53,6.05,Postpaid,95.68,-5.81,10.05,0.2
27391d15-9656-44a8-8229-c085fb463787,2025-11-26,CUST-694239,110.6,2101.4,2026-03-02,82,2026-02-16,24.76,1,16.76,23.2,43.54,Family,0.98,6.46,118.44,7.61,Postpaid,95.55,-2.17,7.52,0.28
c0c2d891-1e2b-40a8-9b2b-86229385b057,2026-04-12,CUST-504305,141.88,2270.08,2025-12-10,70.09,2026-02-04,32.38,2,37.13,2.98,44.98,Basic,3.62,-0.12,72.18,5.9,Postpaid,95.22,-8.97,10.88,0.39
c246e3a2-dab8-40f6-8b5c-351dc77b6950,2025-08-21,CUST-667870,54.66,710.5799999999999,2025-09-30,174.61,2025-09-05,0,2,1.87,20.36,24.71,Basic,1.75,1.47,121.89,9.97,Prepaid,98.05,-0.87,14.96,0.14
fe8c2474-911f-4daf-9f2b-1244ded0281c,2025-11-25,CUST-581195,24.73,494.6,2026-06-18,150.43,2025-12-26,0,2,31.86,27.06,29.17,Basic,3.73,0.94,141.73,8.89,Postpaid,98.67,-6.7,4.42,0.1
4b952de9-4628-4d17-9241-ff2bcd309195,2025-09-30,CUST-633645,46.48,2556.3999999999996,2026-04-12,145.33,2026-07-15,0,1,5.4,7.12,39.67,Enterprise,3.54,4.45,75.64,7.67,Postpaid,95.68,-3.09,15.07,0.32
58d7a80d-95cd-4511-a825-4fc8aaf3c998,2025-09-25,CUST-388383,106.71,2134.2,2026-02-01,37.11,2025-09-16,0,2,24.55,6.59,46.77,Basic,2.79,-3.49,85.86,9.36,Prepaid,99.36,-3.37,15.19,0.12
32f377f5-9738-4cfd-b4b9-474f739d7d7b,2026-05-17,CUST-461534,119.71,3112.46,2026-01-25,145.69,2025-12-26,0,1,21.33,7.65,10.62,Enterprise,3.06,9.44,126,8.21,Prepaid,98.15,-8.44,18.81,0.38
932719cf-b09c-4c90-9ac0-8190b9dd1027,2026-04-30,CUST-640004,36.19,1881.8799999999999,2026-04-11,91.34,2026-02-16,0,1,34.79,22.44,10.78,Enterprise,2.89,6.09,81.44,9.91,Postpaid,96.05,-3.01,13.35,0.11
b5c84089-261d-4bbf-9f3b-fe5196a6ea4d,2025-09-12,CUST-568795,109.16,4475.5599999999995,2026-02-08,86.92,2025-09-27,0,1,39.49,3.19,28.16,Basic,2.84,5.21,35.78,3.87,Enterprise,96.42,-2.48,19.67,0.19
a7d8145e-5333-41e9-9787-46dd5ede8b00,2026-04-02,CUST-303016,111.09,1555.26,2025-11-11,121.17,2026-01-27,0,2,20.77,26.77,15.42,Basic,3.76,5.97,27.96,8.34,Enterprise,99.84,-3.96,17.98,0.42
fb55a011-1ced-4b74-b276-d3a3544a536a,2026-07-24,CUST-994824,138.82,5830.44,2025-12-04,133.86,2025-10-29,49.08,1,1.72,19.09,29.79,Family,3.6,-2.89,41.01,5.26,Prepaid,97.73,-7.09,6.38,0.33
268f3301-0860-4bc2-8a62-c419e61d361f,2025-08-07,CUST-912151,63.97,3646.29,2025-09-18,150.74,2025-08-15,0,2,21.79,23.58,18.12,Family,2.68,0.45,138.07,8.47,Postpaid,95.41,-1.69,6.15,0.31
25a97b42-701b-4f28-a662-50979aea2ea4,2025-12-18,CUST-393489,80.71,3066.9799999999996,2025-12-08,150.17,2025-10-10,0,2,3.36,12.63,40.46,Family,0.14,-3.07,172.47,6.07,Enterprise,99.08,-5.18,14.95,0.17
7baa88c2-c942-4d4f-8942-cdf6fe320ae6,2025-10-27,CUST-376194,84.02,1428.34,2026-06-08,171.36,2026-06-01,0,0,5.95,7.09,49.76,Family,2.29,3.61,86.77,4,Enterprise,96.76,-9.59,7.15,0.26
0e06f2ee-77d5-481f-9853-5aa15e76508e,2026-07-15,CUST-356707,78.1,3983.1,2026-02-15,109.16,2025-08-01,0,1,6.75,24.3,43.78,Family,4.93,-2.47,106.85,1.29,Enterprise,98.97,-9.94,10.27,0.37
7efd5805-d681-4d86-83bc-79b044375e1c,2025-12-25,CUST-221235,74.17,1335.06,2026-06-22,168.73,2026-07-04,0,1,0.72,24.16,35.99,Family,0.52,-0.98,63.17,8.77,Postpaid,99.4,-1.21,6.8,0.17
2705360c-3d2e-4154-9f26-8f0ed4269cae,2025-08-20,CUST-910208,56.29,2701.92,2025-09-24,142.09,2026-02-20,0,0,37.24,5.67,14.76,Basic,3.57,9.13,54.33,4.56,Prepaid,96.67,-0.9,6.21,0.13
fde4c82a-40a9-437c-bda6-d7d725b23757,2026-02-25,CUST-242486,108.42,1843.14,2026-01-23,127.99,2025-12-16,0,1,23.45,29.67,18.78,Basic,3.7,3.47,89.16,4.38,Enterprise,96.97,-9.38,10.29,0.21
4cf14d2b-245b-4732-92fb-02dd9e926d00,2025-09-15,CUST-487573,61.31,1164.89,2026-03-26,86.28,2025-08-13,0,0,41.43,22.69,33.42,Enterprise,3.73,9.19,120.29,1.44,Prepaid,97.79,-7.49,9.38,0.48
e670cd43-129e-4f85-a6ef-9069ac493f01,2026-06-27,CUST-424509,64.64,3749.12,2026-03-25,150.66,2025-12-10,0,2,17.15,14.35,26.39,Enterprise,4.63,6.7,136.61,3.25,Enterprise,97.59,-9.24,7.76,0.34
0bf000a8-a67d-4c81-879e-02f36824a683,2026-05-04,CUST-894564,84.12,2775.96,2025-12-29,185.95,2025-12-08,0,2,29.13,22.66,32.66,Family,4.73,-0.89,45.81,8.99,Postpaid,97.77,-0.41,12.3,0.15
ddc00e3c-5eca-4ebc-885c-cbc84ff38d9d,2025-12-12,CUST-609488,88.94,3468.66,2025-08-14,149.44,2025-08-10,0,1,20.82,10.76,13.57,Enterprise,2.53,5.68,99.44,5.45,Prepaid,97.94,-5.75,3.46,0.36
40a52cd0-05f4-4ef6-8f3b-bcdac5cb9c1d,2025-08-07,CUST-268964,69.92,1468.32,2025-09-25,84.16,2026-04-18,0,0,36.1,11.63,27.43,Enterprise,3.11,-0.27,30.2,7.65,Prepaid,95.23,-0.79,18.72,0.44
d62631dd-b928-4195-a63e-a7c75faeed46,2026-04-27,CUST-386793,45.65,1689.05,2025-09-04,149.94,2026-03-12,0,0,38.96,13.61,35.66,Enterprise,3.41,2.85,80.02,5.11,Enterprise,97.48,-7.78,7.73,0.31
8ffcdadd-9e53-40bd-9d7c-a10b68bd7f3c,2026-02-14,CUST-762654,36.72,734.4,2026-03-09,34.26,2025-08-14,0,1,12.21,18.59,39.19,Enterprise,0.37,8.5,113.27,3.15,Prepaid,99.01,-0.11,8.46,0.46
cb4806d4-56cc-4c2e-84f8-3d50ad3af858,2025-10-26,CUST-307871,81.73,1471.14,2025-07-29,78.86,2025-12-09,0,1,37.24,16.33,40.03,Enterprise,3.97,4.64,29.7,6,Prepaid,96.32,-5.03,6.79,0.43
9c9a98e6-e1ed-479d-b875-69869bc7abad,2026-02-22,CUST-438912,108.68,3586.44,2025-09-19,58.24,2025-12-07,0,1,10.05,21.57,15.51,Premium,3.68,3.76,63.67,9.21,Postpaid,98.36,-0.66,9.48,0.49
1bd80a06-701e-4292-bb13-a121ee1fe339,2026-06-01,CUST-812737,142.37,2705.03,2026-05-31,52.04,2025-09-20,0,1,39.94,9.31,37.31,Family,1.44,-1.87,131.1,9.94,Prepaid,97.39,-4.59,10.26,0.41
656ebaf4-e1fb-438e-a619-3b7ffb4d29da,2026-06-02,CUST-789225,110.93,4548.13,2025-08-10,162.01,2025-09-08,0,0,6.28,28.34,39.8,Premium,1.92,-0.82,95.42,2.35,Postpaid,98.4,-7.77,4.84,0.36
51175855-5358-425c-8d73-4fb480464b26,2026-07-05,CUST-780629,107.32,3970.8399999999997,2026-04-29,92.45,2026-03-20,0,1,18.06,5.71,13.31,Premium,0.4,2.8,61.26,2.16,Prepaid,95.89,-4.69,17.77,0.43
e9c84840-ed21-4c81-a26a-7f112ae415e4,2025-11-16,CUST-244125,136.67,3416.7499999999995,2025-08-14,67.23,2025-09-15,0,2,14.05,10.52,10.35,Basic,1.03,4.08,79.4,1.48,Enterprise,99.6,-5.16,17.48,0.48
804379ab-6562-47f0-8bac-19496922c26d,2026-07-13,CUST-278743,84.44,4897.5199999999995,2025-08-10,62.86,2026-06-20,0,1,24.77,4.28,31.65,Enterprise,1.37,9.61,31.98,6.61,Enterprise,98.61,-2.38,0.24,0.34
8433675b-fef8-4d06-92de-be058fc4ed2f,2026-06-10,CUST-966759,129.37,2458.03,2026-02-26,73.27,2025-10-10,30.67,1,28.03,17.02,21.41,Premium,0.92,6.4,83.05,0.77,Postpaid,97.14,-2.6,2.98,0.14
5daf4eba-6285-4e08-bf6b-7637af308693,2026-03-17,CUST-674104,20.33,1118.1499999999999,2025-09-29,57.84,2026-05-05,0,2,7.1,12.93,30.85,Premium,3.41,-3.36,120.17,7.25,Prepaid,96.43,-3.05,18.1,0.35
61e35006-a64b-47c0-a62f-00697f820065,2026-04-20,CUST-816511,26.92,1238.3200000000002,2025-07-24,127.15,2025-08-20,0,1,3.96,10.44,26.26,Enterprise,4.4,-2.83,195.99,8.63,Prepaid,97.53,-7.7,3.95,0.19
6c83358d-8a86-433b-8ec5-ebbe1673838a,2026-02-22,CUST-841244,118.17,4254.12,2025-08-16,56,2026-03-03,0,1,43.27,20.86,47.45,Enterprise,2.88,4.02,174.26,3.85,Postpaid,99.42,-5.85,11.8,0.2
16d536d0-5d80-4c9d-9af8-a53cf0badc6a,2026-01-09,CUST-551139,107.21,5467.71,2026-07-19,50.61,2026-05-23,11.02,0,12.87,20.41,35.83,Enterprise,3.57,-0.85,61.48,0.77,Prepaid,98.02,-9.13,3.85,0.22
49f0f0a8-38fe-473c-bd66-4fda7f1d1f26,2025-11-17,CUST-767941,149.96,6898.160000000001,2025-08-26,20.11,2025-11-27,6.69,1,30.83,18.13,37.46,Basic,2.13,-4.23,192.01,3.41,Prepaid,95.12,-1.6,8.84,0.48
45f55c0c-4b23-43c8-ba52-535461568caa,2026-03-30,CUST-598440,93.1,5306.7,2026-07-11,147.65,2026-01-22,0,1,34.02,24.45,33,Premium,1.79,0.94,99.07,7.2,Prepaid,99.48,-9.07,5.97,0.27
1967d3be-6354-478b-8baf-b630aeabafb8,2026-03-31,CUST-950971,148.54,6535.759999999999,2025-08-22,64.7,2025-11-09,0,2,6.86,19.05,30.53,Premium,0.18,6.01,193.91,3.46,Prepaid,99.47,-8.95,17.49,0.44
45b1f3d7-c0c4-47be-9afd-6088790126a5,2025-08-15,CUST-647041,81.23,3167.9700000000003,2026-06-27,60.6,2026-04-19,0,2,8.69,26.78,17.02,Enterprise,0.88,8,186.34,8.77,Postpaid,95.36,-5.89,18.9,0.16
4e03bfe6-7ba8-44e0-a968-e98150695c9d,2026-07-13,CUST-438721,112.65,3041.55,2026-06-07,126.01,2026-04-03,0,2,31.92,15.24,45.95,Family,4.3,7.15,28.75,1.16,Prepaid,99.92,-2.6,10.42,0.33
1ac85756-3fdb-445e-84c9-a9920d9c5e95,2026-05-28,CUST-575897,25.08,1404.48,2026-01-01,72.68,2025-12-15,28.08,1,4.55,12.59,41.14,Basic,2.3,2.97,93.71,5.62,Postpaid,96.7,-7.76,8.39,0.49
46261aa3-995c-4d7b-bac1-56451464f75f,2025-08-27,CUST-905997,39.96,1878.1200000000001,2026-04-24,135.24,2025-08-01,0,0,39.21,9.7,31.68,Enterprise,1.4,9.39,118.91,8.04,Prepaid,95.57,-1.62,10.04,0.14
9260561b-4264-4d2d-aebe-8cf8879f8554,2026-03-16,CUST-426562,29.52,1623.6,2025-12-08,134.15,2026-05-26,0,1,48.94,8.55,15.92,Family,2.13,-1.06,147.92,6.43,Prepaid,98.75,-4.11,2.78,0.29
c2fbcaf5-59e1-4912-be84-d1da404db191,2025-12-08,CUST-420628,112.87,2708.88,2025-11-09,45.9,2025-12-21,0,2,3.48,25.91,46.24,Family,3.29,-1.97,50.25,5.64,Enterprise,96.86,-9.05,0.24,0.31
c896e19d-0691-420e-86d5-0716f8f09c50,2026-03-23,CUST-880686,37.8,1549.8,2025-09-30,58.67,2025-10-31,0,1,15.86,26.68,45.9,Enterprise,0.51,5.79,74.11,0.95,Prepaid,96.94,-6.67,5.53,0.27
86defdf6-3ed8-4049-8fa1-b1027bd8f46c,2026-07-03,CUST-371653,99.5,5174,2026-04-30,39.46,2026-03-18,37.97,2,34.73,11.08,26.18,Enterprise,1.03,1.42,116.11,3.94,Prepaid,99.4,-0.6,0.28,0.3
dee13262-abf0-4939-b0ac-9bcdc47d955c,2025-10-11,CUST-195998,76.27,4118.58,2025-08-20,57.13,2025-09-09,0,1,3.41,8.66,31.5,Premium,3.63,-1.92,188.96,4.94,Postpaid,96.36,-9.86,14.51,0.49
46b01c61-c804-4be1-a805-f93d0577beb7,2025-11-03,CUST-636511,41.29,1692.8899999999999,2025-11-12,184.41,2025-08-01,0,0,21,24.59,13.87,Family,1.71,3.95,49.96,4.67,Enterprise,99.21,-0.06,8.25,0.45
b1bf621d-cfc4-4244-b9f6-e33cf7fe457e,2026-01-21,CUST-959138,109.5,2847,2026-01-03,75,2025-11-21,0,0,32.26,23.28,48.22,Enterprise,2.96,6.46,194.55,2.54,Prepaid,97.75,-6.04,14.26,0.25
ffdd5d59-25bf-4fb6-a868-e3c32a35a852,2026-01-18,CUST-464057,30.09,391.17,2026-04-10,171.45,2026-02-17,0,2,20.59,29.41,41.14,Enterprise,2.25,-2.81,181.98,9.92,Enterprise,96.7,-4.44,2.26,0.1
a376973f-2ca6-4f22-b794-8899ea221812,2025-08-30,CUST-959493,72.68,1598.96,2026-06-14,153.93,2025-07-27,0,2,48.89,20.28,41.99,Premium,2.75,6.76,96.63,1.51,Enterprise,95.71,-5.97,16.16,0.49
1fe61853-b76e-4f16-b5fa-a314fcda6685,2026-07-12,CUST-395609,74.58,4176.48,2026-01-12,56.02,2026-06-20,0,2,46.86,20.31,25.89,Enterprise,0.57,3.87,53.32,5.35,Enterprise,98.23,-2.02,6.71,0.27
fa717faf-ca42-472c-918a-6f7c58e13e19,2025-09-21,CUST-288433,96.57,4055.9399999999996,2025-11-21,121.12,2025-12-25,0,1,33.06,28.09,33.73,Family,2.52,9.37,123.44,8.86,Postpaid,95.62,-3.95,14.34,0.48
3113612b-10ce-41ae-9a75-7c99ffb52216,2025-09-06,CUST-246659,68.08,1906.24,2025-11-21,71,2026-04-26,14.3,1,27.69,26.52,23.95,Enterprise,3.71,-2.93,70.81,7.38,Prepaid,99.88,-7.4,7.96,0.11
c95ac1ba-548f-4eae-9a74-b98595de36f5,2026-02-26,CUST-978546,61.61,3080.5,2026-06-01,159.99,2026-01-01,0,1,31.47,13.15,48.96,Basic,2.4,-0.04,83.02,1.03,Postpaid,98.11,-2.11,4.38,0.36
68985ae8-d333-4109-beff-a7693c7ba7eb,2025-08-24,CUST-557557,115.79,3242.1200000000003,2026-03-04,34.76,2025-12-09,0,1,21.66,7.6,46.25,Premium,2.95,7.32,191.2,3.45,Prepaid,97.33,-1.67,12.57,0.43
a82b579c-d27d-4a10-9905-5d0d24fd2a5c,2025-10-19,CUST-946940,85.61,3681.23,2026-01-25,76.94,2026-04-10,0,0,35.81,26.05,17,Premium,2.93,-0.37,97.01,6.93,Prepaid,95.25,-7.85,7.91,0.25
23bf3df0-323d-4c3f-b856-96860c93a161,2025-12-21,CUST-489586,147.66,3396.18,2026-03-03,198.58,2026-03-01,30.73,1,26.9,8.43,46.6,Enterprise,4.32,-1.73,121.05,2.91,Prepaid,96.01,-7.76,2.46,0.36
f10469ed-1405-4416-b03c-917bce77ac5c,2026-07-18,CUST-161132,133.54,7077.62,2025-08-17,35.83,2026-01-03,0,1,45.72,7.62,16.69,Family,2.01,8.49,111.82,2.97,Enterprise,99.01,-4.09,10.27,0.28
61ff2969-9b88-4ce5-b328-a78764e2cb12,2026-02-17,CUST-592362,40.19,1165.51,2025-08-17,168.51,2026-06-20,27.57,0,0.99,20.32,27.11,Enterprise,3.72,7.72,55.4,5.92,Postpaid,99.73,-7.95,19.28,0.31
ebc32253-9369-448e-8684-7cb119e91616,2025-12-29,CUST-598824,92.6,1852,2026-03-05,73.46,2026-07-17,0,0,18.08,17.2,18.96,Family,1.52,-1.43,142.82,6.79,Enterprise,97.17,-3.14,2.33,0.39
d0e3c570-34c6-4bce-96cc-f9eed845d470,2025-10-24,CUST-241888,121.12,6056,2026-06-18,44.81,2026-02-16,31.49,0,34.6,26.95,23.83,Premium,4.08,9.9,139.12,8.16,Enterprise,97.94,-7.37,12.34,0.28
8637bf1a-0708-43fe-afe0-4e4ea176ea69,2025-12-23,CUST-157341,42.24,506.88,2025-12-03,112.16,2026-04-08,25.56,0,11.4,6.53,19.13,Basic,0.15,1.26,196.3,3.22,Prepaid,99.47,-9.83,17.58,0.37
17514b83-2dac-4dab-b49a-f75d02e2a67a,2025-08-20,CUST-205200,109.46,2298.66,2026-01-19,196.19,2026-06-06,0,0,20.2,19.77,17.68,Family,4.19,-3.43,34.52,2.67,Postpaid,98.49,-0.93,17.66,0.15
c73c6e1e-ef37-4e7a-a62c-ce188f69ac70,2025-09-01,CUST-945086,138.58,4018.82,2026-06-13,145.87,2026-03-01,9.76,2,3.08,8.96,42.96,Premium,2.34,2.1,120.8,4.07,Enterprise,99.01,-9.71,11.62,0.49
fcacc43a-efb1-4691-9ab5-b96cc11adde5,2026-01-12,CUST-396744,104.56,1672.96,2026-05-31,26.49,2026-06-23,0,1,5.26,16.22,39.63,Enterprise,3.94,6.43,158.34,1.64,Prepaid,96.55,-9.73,17.55,0.12
50d96c06-896b-4453-9b22-5bc660298366,2025-08-01,CUST-125627,96.72,5416.32,2026-07-23,134.71,2026-05-12,0,1,37.97,7.71,29.75,Family,3.66,-0.37,105.36,5.12,Enterprise,97.37,-0.61,10.45,0.43
54c9c4fd-821a-408b-ac23-a84f70832336,2026-07-11,CUST-631990,73.19,4318.21,2025-08-25,77.81,2025-10-18,0,1,4.69,6.36,19.29,Family,3.37,8.24,123.36,8.31,Prepaid,98.63,-7.42,5.64,0.21
4a387eea-bfb9-4315-9185-e8f1368df8aa,2025-07-31,CUST-153473,73.04,2848.5600000000004,2025-11-27,78.73,2025-11-09,0,0,39.67,11.48,23.88,Basic,3.58,-2.81,149.21,8.02,Postpaid,96.6,-6.09,14.06,0.31
a64ef311-6a3d-4fa0-8bb3-977a6eb4076a,2026-05-16,CUST-742663,21.56,388.08,2026-05-21,38.04,2025-09-12,0,1,41.7,24.58,33.69,Enterprise,4.89,-2.78,94.81,0.39,Postpaid,99.72,-7.49,9.04,0.23
f0762fe1-3085-404d-a703-1b47434d8b51,2026-06-14,CUST-584783,122.53,6249.03,2026-06-02,199.35,2026-02-16,0,2,33.35,9.32,15.17,Enterprise,1.88,9.78,147.68,4.83,Postpaid,98.85,-8.89,10.97,0.25
23187fd3-16e7-466a-a0d9-b0f890d45f83,2026-04-01,CUST-110205,34.35,893.1,2026-06-01,104.23,2026-04-30,0,1,34.93,9.38,44.08,Family,3.66,1.85,179.69,6.4,Postpaid,99.44,-2.45,14.56,0.1
2c9f80e9-2bb9-411d-8135-786fdb3e3113,2026-03-31,CUST-102913,147.28,6038.4800000000005,2025-09-24,195.17,2026-06-05,0,0,6.81,8.09,31.88,Premium,3.2,4.29,108.39,3.22,Enterprise,96.82,-6.93,16.6,0.39
54a17cca-c886-4220-aea1-2bb6eaf5b165,2025-11-24,CUST-523540,30.4,1216,2026-01-30,180.8,2026-02-09,0,2,25.25,22.33,34.36,Enterprise,2.85,0.84,104.36,6.09,Postpaid,98.93,-8.42,1.63,0.31
3d35b534-b060-437f-bbcc-1caa63b6d7bc,2026-04-18,CUST-928993,75.24,2257.2,2026-05-24,94.42,2026-02-18,46.44,2,14.94,3.89,31.47,Enterprise,2.09,7.75,70.7,8.9,Enterprise,98.77,-6.91,12.27,0.14
d5c2e14a-f8cd-4bae-8f01-908eaae5b5ff,2026-02-28,CUST-947173,90.76,3811.92,2025-09-04,96.09,2025-07-26,20.73,1,43.82,6.9,24.57,Basic,0.68,9.55,131.02,6.2,Postpaid,98.52,-6.9,11.12,0.26
65dac77b-b640-486a-8eed-5fb524363af5,2025-10-15,CUST-902624,142.92,7431.839999999999,2026-05-03,109.06,2026-06-12,0,2,5.06,22.27,48.72,Family,3.45,1.23,153.39,6.81,Prepaid,99.6,-6.98,5.03,0.46
f5b01a72-a2e4-44a2-8f87-d509391fc587,2025-12-22,CUST-304273,91.32,2465.64,2025-08-18,177.9,2026-04-19,0,1,13.68,19,48.94,Enterprise,2.78,7.2,162.13,5.21,Postpaid,98.37,-4.42,16.4,0.5
f1502f18-a69b-4cf0-8005-3311dbf3589c,2025-09-22,CUST-555256,93.71,1218.23,2025-12-18,59.08,2026-07-03,0,1,4.59,28.22,33.63,Premium,3.77,-1.12,67,5.82,Prepaid,99.4,-4.96,3.12,0.32
cc4b8479-0761-4dbc-95f0-204aa7e02328,2025-08-11,CUST-463425,39.71,1151.59,2026-01-05,165.89,2026-04-20,0,1,2.99,26.61,42.44,Premium,2.47,7.74,169.14,0.5,Enterprise,99.48,-3.57,16.64,0.49
5f0b4ba6-9420-4afb-bbfd-275992a96545,2026-02-01,CUST-765298,30.71,1566.21,2025-11-22,93.39,2026-06-24,0,2,7.63,22.49,32.92,Family,3.41,8.75,90.22,9.23,Enterprise,98.5,-2.31,7.85,0.31
deecb952-36fe-4c67-87de-c2728aab3b4e,2025-10-20,CUST-463046,33.19,1692.6899999999998,2026-06-10,63.49,2026-06-23,0,2,37.42,6.51,42.29,Family,4.09,-1.3,85.44,8.5,Prepaid,96.19,-0.48,11.24,0.28
9d8443a8-6ba6-487b-9b03-fa8e0701af1a,2025-12-24,CUST-425471,73.61,1177.76,2026-05-16,92.84,2026-01-24,0,1,15.48,2.41,23.19,Family,3.28,0.29,118.37,4.85,Enterprise,98.14,-3.48,1.64,0.37
aefd519f-7d2e-42e6-a950-d3b36cb02aae,2025-12-07,CUST-412379,130.13,3123.12,2025-11-24,119.36,2026-07-13,0,1,19.42,4.57,13.26,Enterprise,3.33,3.64,36.18,4.19,Enterprise,97.43,-2.11,18.51,0.36
df02e184-fff6-4986-bccb-5e8111054b9f,2026-07-14,CUST-581170,102.04,2959.1600000000003,2026-04-19,45.27,2025-10-27,0,0,7.48,24.57,30.03,Basic,4.4,-2.63,36.6,7.4,Prepaid,98.13,-2.12,0.65,0.41
65ac7d82-4431-4f1e-878d-6c05710a4b6c,2026-02-08,CUST-825758,51.11,2657.72,2025-12-12,44.16,2025-10-15,0,1,25.28,21.92,28.98,Enterprise,2.74,5.92,108.24,7.71,Enterprise,95.48,-7.64,12.88,0.1
fa4f1936-37ca-40c9-a8c5-0c211c5e4842,2026-04-27,CUST-560425,71.42,1356.98,2026-01-05,71.31,2025-12-21,42.94,0,16.92,1.04,43.35,Premium,3.8,0.59,25.46,3.56,Postpaid,98.07,-3.44,19.03,0.23
f1193b05-5678-4ae7-a20a-62c3cd3a2a1a,2026-01-07,CUST-347631,143.24,3867.4800000000005,2026-03-16,73.03,2026-05-31,0,0,20.25,5.42,23.8,Family,2.63,6.43,180.73,8.69,Prepaid,96.78,-6.46,9.12,0.42
fc539b64-0c48-4b94-8453-b1eb54cf6608,2026-04-28,CUST-488044,122.5,7105,2025-09-26,77.63,2026-01-07,0,0,19.58,2.73,38.48,Basic,1.59,7.92,121.8,6.24,Enterprise,96.38,-9.23,0.04,0.14
bc3ab232-8332-41ac-af52-9410c3c77ff1,2025-12-31,CUST-859213,81.27,3006.99,2026-01-05,119.48,2025-12-07,0,1,44.7,13.86,18.87,Basic,4.02,3.02,192.7,5.18,Postpaid,98.02,-1.75,14.11,0.4
9aead02b-76dc-4740-a376-6e7b7f6d68b5,2025-07-30,CUST-849366,48.03,672.4200000000001,2025-09-26,20.38,2026-01-13,0,1,37.55,0.48,16.79,Premium,2.46,-0.32,190.16,6.64,Enterprise,98.09,-5.62,5.34,0.29
624872ff-a355-4a44-8f0b-3d3ecd028bbe,2026-01-26,CUST-474924,121.34,3397.52,2026-02-23,131.83,2025-08-23,0,1,19.51,7.39,15.66,Premium,3.19,-3.39,63.14,3.37,Postpaid,95.29,-8.11,13.91,0.19
0696ecf8-50c9-4b5f-b7a3-a22e11034fbb,2026-05-12,CUST-733881,110.37,5187.39,2026-05-01,100.43,2026-07-22,0,1,36.94,13.33,27.53,Enterprise,0.37,1.13,37.16,0.57,Prepaid,98.62,-7.83,13.49,0.48
d13f22a2-f6d1-4850-8edd-6e71fddcbb73,2025-11-10,CUST-456873,88.81,4351.6900000000005,2026-01-07,45.48,2025-09-17,0,1,25.85,7.31,30.09,Premium,3.72,6.34,114.44,1.15,Postpaid,96.74,-7.83,3.13,0.29
e369faf3-b3a6-47a3-aaf0-c17d8a22a2b2,2026-04-28,CUST-292562,131.27,6957.31,2025-11-15,128.27,2025-11-13,0,1,12.6,17.88,46.05,Family,1.55,-0.53,114.24,8.64,Postpaid,99.79,-9.53,13.48,0.26
ea62c6f6-3dc9-4d02-9e10-d3841adcde07,2026-05-07,CUST-328944,133.17,4394.61,2026-06-25,59.1,2025-11-08,0,1,13.93,2.89,36.21,Basic,1.22,4.37,131.91,1.47,Postpaid,99.26,-3.62,10,0.15
996ad90d-f99d-44ff-ab87-6861f573c465,2026-02-02,CUST-722761,43.12,2112.8799999999997,2026-07-10,179.8,2026-02-21,29.06,1,47.23,10.55,25.22,Premium,0.63,7.41,37.49,4.32,Postpaid,96.03,-6.44,16.84,0.21
7fe20f17-7576-4d86-8bd3-79deae0c6cd9,2026-06-22,CUST-287766,82.93,2819.6200000000003,2026-07-15,31.83,2026-06-16,44.01,0,19.89,21.37,13.04,Enterprise,1.27,5.36,42.82,1.29,Postpaid,95.13,-0.96,16.39,0.29
375427c1-8b69-43ef-9ee8-31de78abcebe,2026-04-14,CUST-925969,50.84,2745.36,2026-06-10,194.86,2025-09-13,0,2,16.39,7.7,33.77,Premium,2.37,3.2,84.66,1.09,Prepaid,95.6,-9.28,11.39,0.42
d2948904-2a51-436a-acae-90e8d009dacf,2025-09-29,CUST-607204,58.61,1816.91,2025-09-02,88.91,2025-12-27,33.06,1,31.25,18.53,30.22,Family,1.18,3.56,174.78,3.37,Enterprise,96.47,-1.19,8.36,0.14
dfdcdf21-8a17-41b0-9f03-60f5c1756452,2026-02-05,CUST-140491,147.13,6767.98,2026-07-03,43.1,2025-10-15,0,0,32.76,10.27,36.63,Enterprise,1.29,6.02,52.59,2.97,Enterprise,99.28,-4.95,16.04,0.33
4debdfaf-d3b1-4edf-aaf4-5d393f563440,2026-04-08,CUST-196430,143.15,8159.55,2025-11-25,199.89,2026-01-18,0,0,16.07,6.45,35.05,Basic,2.69,9.57,73.21,0.09,Postpaid,98.87,-1.11,13.02,0.38
cd70c41f-8d9d-4669-8e6f-88ada7f386dd,2026-05-13,CUST-225285,118.64,2728.72,2026-04-14,38.67,2025-12-16,0,1,39.43,0.83,46.99,Family,0.74,3.22,100.9,1.94,Postpaid,95.28,-1.05,7.39,0.21
c8f45f07-8a29-4e28-b058-7cf7e9d2e059,2026-06-07,CUST-666991,143.92,8635.199999999999,2026-05-16,116.76,2026-03-12,0,0,4.94,7.36,17.53,Enterprise,4.83,9.16,136.84,2.4,Enterprise,96.04,-8.31,13.06,0.28
1d5681ff-1e49-41c4-a52f-1b0e09c956d5,2026-06-22,CUST-178253,69.03,2623.14,2026-01-26,59.58,2025-07-31,11.47,1,12.07,14.24,47.73,Family,2.02,8.75,33.65,6.13,Prepaid,96.77,-9.85,8.22,0.13
83cd6b68-25f2-43a3-9ce9-cee136a0f57a,2026-06-30,CUST-310758,79.57,4615.0599999999995,2026-04-12,143.48,2026-05-29,0,1,19.91,7.21,39.83,Premium,0.56,8.99,46.52,5.18,Prepaid,95.91,-8.67,8.12,0.15
45a87286-bcdb-43da-a205-b3760dcc29ed,2026-04-30,CUST-642842,42.96,1976.16,2026-06-23,36.36,2026-06-05,33.47,2,2.93,4.67,40.35,Enterprise,4.1,8.66,47.28,5.09,Enterprise,95.21,-4.21,7.41,0.21
929fd178-8104-48d7-9323-a5fca912f651,2025-12-26,CUST-585610,114.88,6777.92,2025-12-03,61.95,2025-12-15,0,2,10.14,2.42,30.43,Enterprise,0.49,0.32,165.14,7.28,Enterprise,96.54,-3.81,15.83,0.5
6f9fbf74-6923-4b68-b50d-ca9dcf1a6f86,2026-01-07,CUST-703914,72.28,4264.52,2025-11-26,178.14,2026-02-14,36.86,0,42.35,9.17,13.25,Basic,0.78,7.52,88.14,1.22,Postpaid,99.85,-9.82,17.3,0.18
b37c2f66-4bc7-4cc9-8e76-be3e4175c924,2026-07-09,CUST-979091,125.41,3887.71,2026-02-28,47.58,2026-05-29,0,2,15.66,12.79,26.22,Premium,4.14,2.89,83.51,8.38,Postpaid,98.42,-4.94,4.97,0.48
4c86d989-3d55-493f-8d54-570382d6cfac,2025-09-24,CUST-807278,98.25,4421.25,2025-07-26,177.54,2026-04-16,0,0,26.23,26.67,41.74,Premium,2.61,3.48,153.42,7.01,Postpaid,98.98,-7.63,11.36,0.16
f276b209-6129-4b65-b4d4-8d4cebfbcc0b,2025-10-05,CUST-517825,66.73,3937.07,2026-04-28,83.32,2026-02-16,0,1,47.5,14.87,23.61,Premium,3.66,-2.58,44.18,1.84,Enterprise,97.18,-6.03,12.62,0.14
78d1b6e7-453e-4c5f-8f31-5976c0fe16c1,2026-03-27,CUST-736379,37.3,1156.3,2026-03-31,118.1,2026-06-11,10.26,1,31.91,18.42,27.24,Premium,1.36,-2.98,143.07,5.48,Prepaid,99.28,-4.28,11.07,0.22
0fba505a-a6c5-434d-9a82-147a057b3fac,2025-08-21,CUST-370330,119.79,5749.92,2026-05-22,182.27,2025-10-04,0,1,14.61,24.98,18.36,Premium,4.14,6.37,143.42,6.85,Enterprise,97.6,-1.38,14.18,0.18
36b06cbe-180a-426f-824f-b0b32d81454c,2026-06-20,CUST-884885,31.55,946.5,2025-12-04,111.1,2026-02-04,0,0,18.04,2.16,24.75,Family,1.82,0.26,67.4,9.1,Enterprise,95.72,-2.02,10.88,0.21
68fd3553-1c23-48ae-ad69-277d8eddb809,2026-07-06,CUST-595510,126.58,1898.7,2026-03-15,181.22,2026-04-28,10.53,1,28.86,21.21,29.98,Family,1.14,3.38,173.73,5.38,Enterprise,95.86,-4.09,18.43,0.29
90163c3d-4076-4d15-8f9e-79c3fa29fb93,2026-07-10,CUST-451030,26.46,396.90000000000003,2026-03-27,110.14,2026-05-06,0,1,7.28,16.25,22.48,Enterprise,0.41,0.69,171.81,3.92,Prepaid,95.67,-7.96,7.89,0.22
6ec318f8-7267-4d28-bb0c-47656030df4d,2025-09-20,CUST-927267,138.96,7225.92,2026-05-01,159.29,2026-04-21,0,0,27.02,4.62,38.72,Enterprise,0.77,3.72,162.23,6.38,Prepaid,98.13,-7.38,8.02,0.24
65a996e0-d9a0-4258-99f0-63a05e0b1533,2026-02-28,CUST-507707,143.52,4736.160000000001,2025-11-29,186.06,2026-02-09,0,2,26.7,12.61,49.7,Premium,1.68,7.08,123.44,3.99,Postpaid,97.36,-3.5,15.67,0.32
542e13cf-3a91-446d-8774-b794b732dae1,2026-05-24,CUST-744353,85.59,3338.01,2026-07-17,64.03,2025-08-07,0,0,11.75,12.56,13.77,Enterprise,3.72,-0.94,198.9,3.2,Enterprise,99.1,-4.22,4.24,0.22
6f1eb04b-a6a8-43f3-8db0-301a7419ed02,2026-06-10,CUST-370606,34.12,2013.08,2026-04-26,142.28,2025-07-26,13.71,0,34.78,6.07,28.86,Family,4.39,0.78,191.38,8.84,Prepaid,98.09,-3.1,14.6,0.3
9cc90f33-8f98-4f9c-bbd7-aff1bb896b06,2026-06-03,CUST-568964,39.46,2051.92,2025-12-24,99.14,2026-02-28,0,0,37.93,24.25,38.68,Enterprise,0.3,-2.02,41.58,2.97,Postpaid,99.08,-0.26,0.72,0.48
1a93f0e8-96fd-440f-a14b-113b77037c03,2026-07-24,CUST-479962,35.25,1374.75,2026-02-06,31.09,2026-07-18,0,1,19.01,20.62,48.23,Premium,4.15,-4.65,47.53,2.56,Prepaid,96.47,-5.93,5.42,0.21
9fbed3de-d596-47f4-b597-6ba2296d4cdd,2026-04-02,CUST-754400,39.62,1307.4599999999998,2026-06-30,192,2026-02-21,0,0,40.9,18.62,28.17,Family,1.89,-4.38,198.25,6.92,Enterprise,97.23,-3.02,3.72,0.39
30bdaa6b-b210-417f-939b-1c48ef16daf6,2026-04-29,CUST-225238,67.62,1555.2600000000002,2026-03-10,76.02,2026-04-14,0,1,9.8,26.73,16.78,Enterprise,4.63,-1.06,175.52,8.55,Enterprise,99.76,-7.58,19.89,0.44
a6f5cf02-db8a-49de-a143-6577dae61235,2026-02-14,CUST-810857,22.09,971.96,2025-09-06,121.25,2025-07-28,35.88,1,17.79,28.25,26.35,Basic,2.52,7.9,115.49,6.07,Prepaid,99.87,-0.57,7.28,0.41
6a77ae78-5106-4004-97c8-5593765e35cb,2026-02-02,CUST-264974,20.15,604.5,2025-12-26,120.48,2025-10-05,22.66,2,16.1,13.71,12.16,Family,0.67,7.79,166.83,1.86,Postpaid,99.36,-0.87,19.21,0.38
3e8a677a-f25c-4829-8d11-7325a1f75f8c,2026-07-21,CUST-893718,106.4,6384,2025-11-12,195.79,2025-08-28,16.37,1,34.41,7.13,25.24,Family,3.74,-3,95.48,8.76,Postpaid,96.02,-2.8,13.24,0.3
30ffb931-9cb6-444c-9ff6-5cd6df9ebd07,2025-07-26,CUST-145404,142.06,4545.92,2026-07-09,69.55,2025-09-20,28.88,1,49.96,5.74,46.15,Enterprise,0.33,8.49,149.75,6.73,Postpaid,98.44,-1.48,12.53,0.13
86482ce9-bbec-49a7-a563-c2a9c4d67220,2026-06-28,CUST-341693,97.96,3036.7599999999998,2025-09-27,183.91,2025-11-07,0,1,47.74,18.06,30.04,Enterprise,4.05,3.72,38.71,4.67,Enterprise,95.42,-9.41,10.17,0.24
340f3aea-bb09-4af6-b904-3b1d5e981f57,2025-11-07,CUST-223329,84.17,1430.89,2025-09-12,31.44,2026-06-22,0,0,19.3,13.51,44.49,Basic,2.77,-1.34,161.76,5.69,Postpaid,98.01,-8.47,6.41,0.14
3b808d77-6a7f-4293-b0c5-f4f352944197,2025-12-02,CUST-837204,68.12,1975.48,2026-04-22,181.81,2026-02-14,28.65,0,8.99,26.47,27.75,Enterprise,1.26,-2.5,75.95,3.22,Prepaid,97.68,-3.3,3.63,0.15
dba2f5e2-72bc-46ef-a754-10f76207f17d,2025-12-16,CUST-407328,110.54,5969.160000000001,2026-01-11,89.6,2026-07-12,0,1,38.59,14.21,13.64,Basic,1.69,-3,113.16,6.27,Enterprise,97.56,-2.19,12.99,0.39
c4eaabb1-9833-4db5-a3ab-ffded7b014be,2026-05-26,CUST-506863,139.64,3072.08,2026-07-16,144.11,2026-01-28,20.23,2,17.24,21.89,26.89,Premium,4.85,3.13,45.65,9.42,Prepaid,99.91,-1.47,0.99,0.26
30713cce-76fe-48a9-a7ba-cb137f99dc65,2025-11-04,CUST-382188,52.64,1316,2026-04-27,46.3,2025-07-25,10.22,1,32.82,8.94,24.05,Enterprise,4.28,7.07,182.29,1.7,Enterprise,95.28,-2.89,1.24,0.49
688d5860-288d-4004-8087-9c07d03a625f,2026-03-02,CUST-845037,138.55,4295.05,2026-02-07,136.27,2026-01-24,0,1,33.12,18.28,32.85,Enterprise,0.21,-3.23,166.05,2.34,Prepaid,95.63,-7.16,9.63,0.22
b8bd535e-342d-4fef-bd3f-eede3cb47f37,2026-05-22,CUST-519413,91.03,2912.96,2026-01-11,179.72,2026-03-03,0,2,13.26,1.51,16.18,Basic,3.08,-2.43,54.84,8.15,Postpaid,95.52,-4.48,10.61,0.22
d0f791c6-f5bb-4f6b-8593-814f49164ec2,2026-06-12,CUST-513659,104.4,3549.6000000000004,2025-12-18,160.48,2026-06-26,0,0,43.51,13.85,49.95,Enterprise,1.03,-2.83,189.26,1.09,Prepaid,96.25,-9.4,0.47,0.49
62c618d7-31fb-45a1-9a23-c7f37220520c,2025-12-06,CUST-171308,115.28,4150.08,2026-02-08,38.08,2026-02-08,0,1,47.11,16.45,11.29,Family,1.53,9.55,47.97,4.78,Prepaid,97.75,-9.67,10.68,0.21
18fb49cf-ec24-4be8-94b3-718319710bd2,2026-04-29,CUST-646546,80.79,1777.38,2026-02-21,103.14,2026-06-22,0,0,46.25,16.6,14.57,Family,1.78,5.6,70.72,4.95,Enterprise,98.66,-4.21,4.19,0.11
f8e8a074-7b04-4641-a0bc-0c6387b926b5,2025-11-14,CUST-919497,66.09,1652.25,2025-09-09,169.92,2026-04-29,0,1,7.34,25.53,21.05,Enterprise,3.96,2.37,45.13,5.29,Enterprise,95.03,-6.82,10.17,0.12
18a12e4f-96ee-4a0b-ab78-3104a34bdfcc,2025-12-09,CUST-990457,106.3,3507.9,2025-09-12,73.58,2025-11-25,0,0,36.13,11.63,30.55,Basic,0.47,7.23,188.66,5.21,Postpaid,95.78,-5.08,8.62,0.31
00754473-d7d6-4449-8a45-0d77e5757843,2025-11-06,CUST-796919,92.43,3235.05,2026-02-15,32.14,2026-04-17,0,0,2.66,19.42,35.33,Basic,0.49,0.75,168.8,4.32,Prepaid,95.75,-7.04,13.44,0.18
7f3718cf-6241-4a9c-8502-57743e0b6f33,2026-03-22,CUST-577376,105.22,5576.66,2026-06-16,53.55,2025-12-24,0,0,37.03,7.43,34.1,Family,4.41,8.89,180.57,5.4,Enterprise,97.27,-8.83,17.81,0.14
309b2468-1d31-4139-913e-1eb8f0acc7ec,2026-03-02,CUST-667050,22.1,508.3,2026-06-24,54.44,2025-08-05,0,1,21.1,8.13,21.91,Premium,2.75,-0.17,110.94,6.73,Postpaid,98.71,-8.28,16,0.38
eb9ad368-f3a4-485f-9e17-24af34ce100a,2026-03-05,CUST-646531,29.94,988.0200000000001,2025-09-13,123.48,2026-03-16,0,1,20.74,25.63,46.57,Family,0.99,-2.2,189.13,9.07,Prepaid,95.63,-9.74,17.98,0.19
caea01dc-1c5b-4114-9bb2-b089cf264fd7,2025-09-29,CUST-574509,122.07,1953.12,2025-12-11,56.46,2025-09-02,0,1,1.49,4.45,40.56,Family,1.09,1.25,71.92,2.89,Enterprise,98.68,-6.7,10.94,0.16
f7d7faf3-dc04-4858-a8df-4567da14779c,2026-02-20,CUST-966452,148.57,3565.68,2026-05-07,32.79,2026-06-19,0,0,38.82,3.71,48.85,Family,1.02,-2.98,44.07,8.81,Prepaid,97.41,-6.08,7.51,0.39
371f58c9-b767-4612-9119-b3a03d872202,2026-07-01,CUST-890379,27.99,783.7199999999999,2025-09-29,41.64,2026-01-27,0,1,38.22,17.41,43.02,Basic,4.5,-2.99,53.61,5.43,Prepaid,98.06,-2.94,14.88,0.27
aea9d28c-9022-4e06-8e67-d28b28d7f2f3,2026-05-29,CUST-160266,83.6,2508,2026-01-03,48.55,2026-04-16,0,2,33.02,24.42,39.43,Basic,2.62,9.45,181.09,2.78,Enterprise,96.92,-7.88,15.59,0.15
7ec3d781-531d-4e6b-940f-cbd54bcff254,2025-11-07,CUST-800301,147.78,7389,2026-05-24,93.06,2025-10-07,17.51,0,0.58,29.41,39.46,Basic,2.31,3.52,123.52,1.23,Enterprise,98.64,-7.56,9.37,0.13
fd1d5799-e0c3-4fa0-8636-fad0e3a660bc,2026-02-26,CUST-106306,60.5,1149.5,2026-06-07,95.74,2026-04-19,0,0,7.08,9.44,47.16,Basic,1.66,0.29,47.88,8.47,Enterprise,96.37,-0.42,0.87,0.25
d1bec495-65fe-4f90-9ef6-718998a351f5,2025-12-13,CUST-799672,138.07,7869.99,2026-05-21,48.48,2026-06-22,47.05,1,29.84,0.25,36.03,Enterprise,2.2,5.36,135.37,2.96,Enterprise,98.34,-9.42,8.1,0.39
ef8b049c-75a5-4b56-9098-6777b36ae0ce,2026-06-02,CUST-678288,30.23,755.75,2026-05-19,107.15,2026-03-26,0,1,20,12.92,24.98,Enterprise,0.15,5.04,48.09,6.8,Enterprise,95.77,-7.24,4.25,0.23
aea0253a-a860-477d-9c39-318dfbd4cf38,2026-01-15,CUST-725502,35.71,2035.47,2026-05-20,177.33,2025-11-08,0,1,5.17,13.05,48.96,Family,4.72,9.69,71.93,7.49,Postpaid,96.67,-4.07,14.53,0.45
e35691bd-62ac-4f6c-9061-9f05c2982fee,2026-02-09,CUST-726105,128.77,5665.88,2025-11-13,92.98,2026-05-21,35.31,1,41.92,24.55,28.67,Family,4.37,1.88,101.33,4.7,Postpaid,98.22,-4.47,19.41,0.14
f37e396b-a4a9-4397-be66-97f7505cef33,2026-01-12,CUST-474811,33.59,1276.42,2026-02-17,50.85,2025-11-05,29.55,2,25.86,14.09,12.33,Family,3.17,4.94,55.14,7.38,Prepaid,99.11,-2.4,12.3,0.22
08a34688-0023-47c5-b334-584f4eba41ff,2026-06-21,CUST-331832,38.57,1967.07,2026-05-14,132.06,2026-05-22,0,2,25.46,20.84,47.08,Premium,0.68,-2.83,175.8,3.09,Enterprise,97.16,-6.69,1.68,0.39
f63c9f47-ba6b-40fb-87fa-5d7886fe2c64,2025-07-29,CUST-901666,53.44,2618.56,2025-11-08,116.32,2026-05-05,0,1,17.29,6.68,38.69,Family,1.9,2.58,132.7,2.62,Postpaid,98.97,-6.03,1.79,0.26
6764d158-d5a8-45d3-b46f-b52c246f4785,2026-01-24,CUST-670847,61.88,1608.88,2026-01-03,76.7,2026-03-03,47.37,2,33.76,14.78,11.69,Basic,2.29,5.02,43.64,9.15,Prepaid,95.46,-4.12,2.62,0.49
8e2485b6-1b8f-4d70-ab92-e36a7f931360,2026-04-30,CUST-355249,51.99,831.84,2025-07-28,43.63,2025-11-21,44.67,0,17.5,26.56,45.9,Basic,4.48,4.06,51.91,7.54,Enterprise,99.16,-3.28,17.91,0.31
ca3ba88c-fe58-438c-831e-5a048f410c5d,2025-09-14,CUST-306808,63.8,3764.2,2026-06-18,42.45,2026-05-28,0,2,9.9,6.51,32.78,Family,0.9,8.46,107.51,4.45,Enterprise,96.86,-6,3.22,0.5
e457ba11-e155-4fd8-9fba-9f53312b9869,2025-11-11,CUST-335920,119.54,2510.34,2026-01-10,103.31,2025-11-01,0,1,45.71,22.96,38.48,Basic,0.59,3.83,196.97,2.42,Postpaid,96.88,-1.12,7.49,0.27
c92247e9-8d64-4896-95cc-954f2f7badfd,2026-07-01,CUST-929727,51.36,1848.96,2025-10-24,152.58,2026-04-20,0,2,25.83,9.22,45.69,Basic,3.31,6.36,38.74,2.29,Prepaid,96.26,-0.52,17.31,0.35
e66ab056-1cf8-471a-b9e1-fe955ea7f70f,2026-06-15,CUST-124942,57.83,809.62,2025-10-31,105.41,2026-06-23,0,0,48.85,24.19,36.83,Basic,0.77,9.89,125.45,3.18,Postpaid,99.21,-7.42,3.5,0.3
ca48ed37-be07-4768-956e-57cb9ad5990c,2026-05-05,CUST-647526,149.72,4940.76,2025-09-03,106.8,2025-11-24,0,1,41.13,16.33,29.32,Enterprise,2.14,9.71,114.87,4.81,Postpaid,97.53,-1.33,7.71,0.41
2ab53a28-1224-4c15-b3b6-04da9acd0f28,2026-02-22,CUST-775597,45.27,1312.8300000000002,2025-09-26,115.45,2026-01-15,0,0,8.45,4.75,15.09,Enterprise,4.3,9.74,199.92,2.02,Enterprise,95.53,-0.49,15.29,0.49
8efb35e2-cc32-4047-b178-e1743338ac20,2025-09-26,CUST-610867,43.44,999.1199999999999,2026-02-02,100.43,2026-07-16,0,2,41.12,21.9,20.91,Basic,1.37,1.78,133.97,8.49,Postpaid,96.3,-0.83,6.3,0.36
d4b89921-6c44-415d-8c87-4678a183d765,2026-06-23,CUST-146529,44.2,1016.6,2026-07-14,61.07,2026-01-04,0,1,13.21,23.65,36.25,Family,2.7,7.81,68.6,8.93,Prepaid,95.49,-3.14,0.57,0.17
ba91ecfb-e22c-424b-a762-59bc9254df91,2026-04-12,CUST-581004,132.7,4644.5,2025-12-21,111.99,2026-01-22,0,0,29.07,9.72,37.36,Basic,4.47,-0.78,146.07,0.91,Postpaid,98.31,-4.39,16.69,0.44
78378dfe-6c1d-43c4-897e-f4e147ae5c69,2025-09-28,CUST-248367,37.38,1719.48,2025-11-17,35.98,2026-04-11,35.57,1,14.42,23.62,46.75,Family,2.89,1.94,65.35,9.64,Enterprise,98.89,-2.21,18.32,0.11
3d566e32-d63a-4f39-81d4-2c286ef529f3,2025-11-09,CUST-339891,34.89,1256.04,2026-03-22,83.77,2025-08-28,0,1,4.86,11.32,30.42,Basic,3.7,1.76,92.94,7.31,Prepaid,98.86,-6.76,2.99,0.18
10210731-a717-4daa-99ac-461a5f0a6489,2026-03-12,CUST-528034,47.98,1919.1999999999998,2026-03-12,101.28,2025-11-03,0,1,39.87,21.43,47.44,Enterprise,2.32,9.47,104.7,6.1,Postpaid,98.25,-0.83,11.95,0.42
2391f5be-f301-4c97-bb34-25e00e051eb5,2026-05-12,CUST-100194,141.09,5079.24,2025-12-12,32.22,2025-11-08,0,1,33.87,19.61,30.49,Premium,3.98,2.55,113.56,3.93,Postpaid,98.12,-2.26,4.31,0.46
410cda5d-9eb0-420c-95ef-fb7f8367ce6e,2025-11-15,CUST-235201,99.21,3670.77,2025-12-24,191.94,2026-05-18,17.46,0,1.68,27.25,12.07,Basic,4.67,-1.65,41.59,0.26,Prepaid,99.95,-7.44,10.93,0.33
01a5b389-301b-4b81-a67f-bd826e7f56a6,2025-12-26,CUST-870486,27.77,1527.35,2025-09-28,58.94,2026-04-23,0,0,44.46,16.64,41.29,Premium,3.45,-2.49,89.48,8.66,Enterprise,96.41,-6.28,10.5,0.41
15eba874-2b6d-49de-9790-ca307551a742,2026-03-23,CUST-636286,105.11,2417.53,2025-10-31,74.06,2026-02-25,0,1,40.02,4.87,48.13,Premium,3.23,1.15,186.92,1.81,Enterprise,98.97,-9.61,14.51,0.43
d5da5104-e55b-4f5f-be15-950c04a08f1f,2026-07-10,CUST-758828,65.69,2693.29,2025-12-14,197.45,2025-07-30,0,2,32.62,0.93,31.36,Basic,3.46,-1.22,189.66,6.01,Enterprise,98.47,-7.06,17.02,0.37
bc7a4f2e-2720-4a0e-9ffc-4c44929b502e,2025-10-08,CUST-403161,27.81,1140.21,2026-04-25,123.2,2026-06-12,0,1,12.03,12.94,40.37,Enterprise,2.41,-1.21,88.11,0.13,Enterprise,98.63,-7.1,15.41,0.32
632cfbdb-1664-4509-8264-5406e6493369,2026-03-22,CUST-418989,51.64,826.24,2026-07-19,135.94,2026-01-11,0,2,49.65,19.78,40.13,Premium,2.99,2.73,117.34,4.83,Enterprise,99.04,-8.02,6.26,0.48
39faf9dc-1c30-46a3-b5ab-98186c3b42e4,2026-01-22,CUST-274461,118.18,6736.26,2026-04-09,40.25,2025-09-30,0,2,22.85,21.95,23.5,Enterprise,2.61,7.22,41.02,6.82,Prepaid,98.8,-7.15,6.69,0.47
ce49ac43-8820-47af-b7d2-c4f47b41ed83,2026-02-14,CUST-736830,64.37,1673.6200000000001,2025-11-20,120.29,2026-07-07,0,2,13.39,22.98,45.87,Premium,0.84,7.69,146.26,1.3,Enterprise,95.69,-1.23,1.28,0.18
33c19324-88d1-419f-87ea-d4421e637bfc,2026-01-21,CUST-252314,46.54,2233.92,2026-03-07,98.61,2026-03-05,13.17,1,46.45,16.65,12.73,Premium,4.76,-3.09,197.9,7.91,Postpaid,97.18,-7.56,18.58,0.19
672a4f96-882f-4be5-b556-d68fb0513f4a,2025-12-26,CUST-398503,26.93,942.55,2026-03-26,154.07,2026-02-10,33.26,1,41.61,0.29,37.36,Basic,3.17,0.44,124.5,4.17,Enterprise,96.12,-7.07,12.72,0.38
cf16e579-b135-48b3-bcad-8a11789bf961,2026-01-09,CUST-509450,45.99,873.8100000000001,2026-04-26,54.92,2026-04-20,0,0,12.08,12.37,23.63,Family,0.67,0.71,121.58,1.85,Enterprise,99.59,-9.22,8.5,0.21
3a1a22d3-a25d-47d9-ae5d-53b912d0d860,2026-02-18,CUST-431179,46.02,2577.1200000000003,2026-04-14,176.38,2026-05-13,0,2,31.78,2.73,42.9,Enterprise,3.66,-0.07,126.99,3.61,Enterprise,95.45,-3.27,11.63,0.21
e5bddf0c-ac6f-492c-b065-610f299a5e10,2026-02-26,CUST-876488,85.46,1709.1999999999998,2026-06-27,136.21,2026-03-03,0,2,32.3,2.92,43.84,Premium,4.59,-4.76,118.76,4.47,Postpaid,96.28,-0.58,2.85,0.15
fdfed8ca-1bc1-4420-84f5-75250d63c8a6,2026-05-13,CUST-667624,60.63,1273.23,2026-03-03,162.1,2025-10-11,0,1,2.78,13.25,17.34,Basic,0.28,9.34,45.96,8.42,Enterprise,98.24,-3.87,3.26,0.47
2e13b67a-8d2b-4b65-a97d-ffb74c36664a,2025-11-24,CUST-445878,120.87,7010.46,2026-01-07,48.64,2026-02-26,25.64,0,12.61,1.09,26.96,Family,3.25,4.12,159.87,5.86,Enterprise,96.52,-3.39,1.47,0.44
99c765ba-e0c9-4c1b-9e9b-05ee8f57ba3c,2026-01-24,CUST-514168,93.48,1402.2,2025-12-29,107.22,2026-05-04,0,2,46.13,9.42,25.78,Premium,1.74,0.96,149.4,7.47,Prepaid,97.5,-0.15,4.22,0.26
55ae34d2-4596-4939-9e30-74837481ef1f,2026-04-07,CUST-895451,39.11,1603.51,2025-12-25,135.81,2026-05-13,0,1,18.67,24.29,46.84,Family,3.83,-1.14,46.48,4.08,Postpaid,99.42,-2.05,0.86,0.26
7b74250b-baa0-4dca-821e-682ea656b40b,2026-05-06,CUST-794853,41.39,1945.33,2026-07-16,164.48,2025-09-19,0,1,6.47,10.54,45.46,Enterprise,2.87,2.14,69.74,3.45,Enterprise,99.84,-2.65,16.31,0.43
2d7089b8-ef89-41c4-bbd5-98eb97cc7a0e,2026-01-06,CUST-970336,99.08,1188.96,2025-10-25,146.52,2025-09-02,0,1,13.66,14.54,31.09,Family,3.9,-1.99,55.56,7.77,Prepaid,97.07,-2.75,18.88,0.33
b46002c2-b696-4519-9891-b64f937d5aab,2025-12-04,CUST-894179,44.15,883,2026-04-17,87.49,2026-07-10,0,1,39.44,15.13,30.76,Family,4.5,-1.7,125.11,6.08,Postpaid,98.43,-8.98,13.16,0.21
521f3323-bd1c-417d-b093-5f5c84a9b108,2025-10-27,CUST-101220,42.66,1450.4399999999998,2026-06-06,141.12,2026-02-24,0,1,9.88,15.34,30.67,Premium,3.59,0.51,61.44,9.01,Postpaid,98.11,-2.51,3.09,0.37
712c39ce-131b-4bb0-9fb2-d4831b5fd118,2026-01-13,CUST-729979,140.92,6623.24,2025-10-26,80.59,2026-03-07,0,0,30.71,18.36,35.91,Family,0.33,-2.58,157.19,4.74,Prepaid,98,-0.23,5.64,0.37
cae8b562-7c99-41d6-b309-f9839d1d7dce,2026-05-20,CUST-858339,63.94,3133.06,2026-02-01,196.41,2025-11-20,0,2,7.81,6.42,37.46,Premium,2.33,9.83,122.84,1.04,Prepaid,99.45,-1.85,8.97,0.43
2daa4dcf-0951-4ff8-878c-64be7640dee6,2026-04-29,CUST-969494,109.59,6027.45,2026-01-25,36.79,2026-04-24,0,0,8,17.37,29.6,Premium,2.01,1.89,137.33,2.49,Postpaid,95.34,-6.04,8.92,0.18
ee8a6538-43cc-4104-911d-b2a1ad9c1509,2026-02-26,CUST-284373,76.49,2141.72,2025-08-21,121.14,2025-09-08,47.59,0,35.87,5.64,20.51,Enterprise,2.55,-0.75,155.62,8.16,Enterprise,95.83,-4.61,4.51,0.42
5b337e23-9c78-43cf-b6ae-9d14aab77a07,2026-05-09,CUST-811552,135.29,7846.82,2025-12-13,60.06,2026-06-07,0,2,12.79,19.79,30.14,Premium,4.77,8.12,54.41,4.61,Enterprise,97.75,-8.57,7.72,0.41
27729035-5cb6-40a8-9167-ddb2252cc7c2,2025-10-26,CUST-442418,54,1674,2025-11-12,27.2,2025-10-17,0,1,15.9,1.39,37.38,Family,1.36,4.82,169.42,5.91,Enterprise,97.01,-3.24,13.16,0.22
29ac4426-68f0-421d-be5a-c61be95f6ab6,2026-02-12,CUST-997968,135.08,2836.6800000000003,2026-07-22,35.18,2025-08-17,0,2,46.69,12.01,31.05,Basic,0.72,0.15,168.77,0.11,Prepaid,98.51,-2.94,16.28,0.3
e157eee6-97ac-4664-9e80-77a3d93c72d2,2025-12-15,CUST-117564,115.11,3913.74,2025-11-18,59.52,2025-10-08,0,2,20.69,19.56,43.83,Premium,2.58,3.84,140.57,6.54,Postpaid,95.7,-6.89,7.66,0.22
858c7d4c-f74d-4534-8142-a6d9dc43ba60,2025-12-20,CUST-154594,118.3,6151.599999999999,2026-04-23,174.6,2025-11-04,34.3,1,40.4,14.78,36.54,Enterprise,1.41,8.23,92.84,9.38,Prepaid,96.99,-2.23,2.96,0.17
340ff721-aa03-408e-b941-fbe8450c5908,2026-06-08,CUST-963322,26.2,1310,2025-12-29,155.38,2026-03-22,42.22,0,34.28,7.01,21.17,Family,2.37,-2.13,161.94,1.5,Enterprise,97.25,-3.93,17.06,0.47
0719b2b2-99ec-4af2-bab7-7dd788d73095,2026-05-14,CUST-908453,149.53,4934.49,2025-10-31,45.95,2025-11-04,26.08,1,43.75,23.54,43.17,Premium,3.54,8.72,30.46,0.79,Prepaid,99.41,-3.28,17.66,0.28
f2ddc5fd-981c-4cf5-91f8-44ded7dbda50,2026-04-29,CUST-746595,119.38,5730.24,2025-09-08,70.14,2026-05-08,0,2,6.75,16.26,37.63,Enterprise,2.45,2.23,157.4,7.07,Postpaid,99.75,-0.31,6.82,0.29
79ad86a6-111a-496b-989b-b544b9950d18,2026-04-25,CUST-505563,144.83,3765.5800000000004,2025-08-20,25.59,2025-08-10,0,1,31.97,17.59,37.04,Basic,2.43,5.5,98.41,8.49,Postpaid,99.11,-7.81,7.65,0.44
91b36795-1418-485a-8e32-bcf70957c14c,2025-10-18,CUST-757275,124.64,4362.4,2026-02-17,67.02,2025-10-29,0,1,0.05,9.08,13.66,Family,3.74,2.92,37.79,3.45,Postpaid,99,-3.73,9.45,0.31
47513f86-2d62-4304-87b7-e4d10bc4e74b,2026-03-13,CUST-728209,140.92,2536.56,2025-08-08,106.93,2026-05-03,0,1,17.97,15.44,34.15,Premium,4.85,-4.38,143.08,6.61,Prepaid,97.96,-7.93,0.85,0.19
4211a0ff-d527-4efd-9e19-9fcbe2d5b3a2,2025-10-06,CUST-898416,92.68,2595.04,2025-12-21,36.61,2026-02-19,0,2,15.68,24.27,24.39,Family,2.3,8.74,88.88,4.83,Prepaid,96.88,-5.2,4.84,0.4
ec0ae0b1-6e5a-491b-9677-b2cf56996f7c,2025-11-21,CUST-818147,43.16,2244.3199999999997,2025-10-21,136.75,2026-03-17,0,1,32.01,26.15,19.87,Premium,2,5.98,36.84,6.79,Prepaid,99.52,-7.57,3.52,0.12
bb11e2ea-b053-4f2a-a6d6-57158f93e9d8,2025-10-22,CUST-220658,90.53,4707.56,2025-08-05,135.71,2026-04-03,0,0,40.35,19.77,17.71,Basic,2.11,-0.94,73.17,1.56,Enterprise,97.17,-4.54,19.14,0.45
7ad0f5c2-746a-46d3-bade-d0b6dc36a265,2026-05-27,CUST-454444,83.11,4654.16,2025-12-13,166.29,2025-11-04,0,1,1.9,29.64,43.31,Family,0.81,0.27,166.04,1.15,Prepaid,95.11,-8.59,3.5,0.14
457c6e27-8c44-470c-b1ba-8f0cf6a212ce,2026-02-02,CUST-714650,113.65,6705.35,2025-10-15,82.18,2026-02-25,11.24,2,45.25,9.02,41.67,Basic,4.01,7.01,161.97,8.13,Enterprise,96.48,-0.06,18.01,0.47
41bb9df6-d3d8-4e40-82d9-8d84414e177a,2025-11-01,CUST-228999,109.19,6223.83,2025-12-07,35.12,2026-07-04,38.53,1,48.59,27.19,12.08,Basic,2.13,-4.45,85.56,8.79,Postpaid,99.39,-0.97,18.79,0.37
9288cc58-c9dd-43cb-8651-fe2922f5024b,2026-02-26,CUST-562821,115.68,3586.0800000000004,2025-11-03,157.69,2026-06-24,15.27,0,20.06,12.32,28.49,Enterprise,2.03,0.4,73.99,3.53,Enterprise,99.28,-9.21,1.42,0.12
c36c15c6-c27e-45e3-aee9-730a6f8daf69,2026-05-15,CUST-824999,141.69,4109.01,2026-02-26,28.89,2025-09-24,13.12,0,43.17,12.27,46.64,Enterprise,2.2,5.59,71.65,6.87,Prepaid,98.89,-0.48,6.46,0.44
e7ea7fa1-ee6c-49e6-af4d-d578c61e9a86,2026-05-30,CUST-255069,42.71,2178.21,2026-06-21,199.68,2026-04-19,0,1,11.65,8.43,40.55,Basic,2.67,4.31,106.33,6.85,Postpaid,98.86,-6.03,9.77,0.21
a51414f7-b84f-4901-b18a-03a86b64586e,2026-03-23,CUST-967333,25.36,1496.24,2026-05-25,160.7,2026-05-06,0,0,5.66,4.87,44.31,Enterprise,1.85,9.54,70.19,5.56,Enterprise,99.04,-1.16,7.79,0.4
d57d3f8f-9e9a-4e1b-91ef-b9cd173a30f6,2026-04-02,CUST-722723,117.14,1522.82,2026-02-12,114.76,2026-01-31,9.16,1,11.51,28.65,47.82,Basic,1.75,9.66,195.69,7.5,Postpaid,96.14,-2.03,8.78,0.19
ed1dbbcb-5dad-4a06-9259-78d0f59363cc,2026-03-31,CUST-370798,109.49,3613.1699999999996,2026-04-28,124.65,2026-07-23,0,1,42.04,13.2,39.52,Family,3.75,7.7,193.12,3.53,Postpaid,96.02,-1.15,8.68,0.31
240b68fb-244f-4be3-a7fc-f4658a2afe84,2026-07-13,CUST-326900,109.62,2630.88,2025-09-13,163.44,2026-06-10,0,0,36.98,27,37.9,Basic,3.76,-3.86,142.21,3.49,Prepaid,97.45,-8.08,17.66,0.36
6fe40025-af9c-4fd7-8f80-f11b5ee6334f,2026-04-09,CUST-296149,146.81,8368.17,2026-06-12,102.9,2026-03-15,0,1,45.35,29.98,21.43,Enterprise,1.55,7.6,79.68,2.41,Enterprise,98.33,-0.25,11.84,0.14
79c5e9d3-b8da-4d26-98db-870660f1e05c,2025-08-24,CUST-750818,74.71,2091.8799999999997,2025-10-26,43.77,2026-05-30,20.56,0,47.25,23.84,17.49,Family,1.86,0.59,119.02,5.32,Prepaid,97.34,-5.35,13.08,0.3
4f98b5c5-42fa-4b1a-b994-fb21d14333d5,2025-07-31,CUST-782609,136.75,3418.75,2026-03-02,25.66,2025-11-01,25.89,2,13.56,28.7,11.53,Family,2.91,5.74,116.01,1.94,Postpaid,98.69,-2.1,0.73,0.35
185fd12c-0ef0-4b17-ad31-8ca984526481,2026-05-27,CUST-804100,55.96,2909.92,2026-03-07,99.65,2025-08-03,0,2,20.92,2.03,16.61,Basic,2.05,9.32,130.73,1.14,Postpaid,98.45,-8.41,18.64,0.25
d94457cf-d4cc-4284-9863-eb6a3da5b2e7,2026-06-23,CUST-115958,49.34,1332.18,2025-08-18,58.16,2026-07-05,0,1,47.22,3.37,39.33,Premium,0.33,-1.01,30.16,6.29,Prepaid,95.99,-4.2,16.73,0.1
fdc2058a-ebbc-4dfd-876e-7db1ec15135f,2026-03-12,CUST-821544,38.25,1797.75,2025-09-05,170.55,2025-12-27,16.82,1,3.45,19.78,48.46,Family,0.5,8.16,182.62,5.23,Prepaid,99.16,-4.2,9.66,0.35
18f285ef-c2ac-4b64-8c8d-18a5b6ef095a,2026-02-05,CUST-707653,121.89,5119.38,2026-05-02,39,2026-02-25,0,0,8.94,0.53,25.6,Family,2.7,2.66,128,9.14,Prepaid,96.45,-5.93,8.9,0.39
2983fc1c-54cf-49f4-9552-6ba7f8ebd5e7,2026-02-18,CUST-917615,147.69,6646.05,2025-11-24,91.54,2025-12-15,0,1,46.33,12.56,26.09,Basic,1.72,-0.83,78.36,8.22,Prepaid,98.69,-8.07,10.45,0.4
8e9d4a87-8dd1-40f1-a039-8e4beaf63ffc,2025-11-05,CUST-961049,39.52,2252.6400000000003,2025-08-05,48.28,2026-02-28,0,0,46.45,2.83,18.97,Family,0.76,6.25,160.37,9.4,Postpaid,97.56,-0.9,6.69,0.38
f83291e5-4911-44e1-bf44-9953976e0ffc,2025-10-01,CUST-625975,79.37,4206.610000000001,2026-06-15,88.24,2026-05-20,0,1,9.88,22.94,24.01,Family,3.92,-1.91,117.48,8.23,Enterprise,96.05,-1.98,1.26,0.4
b2a94224-b78e-4b8f-ab2b-8f74962517cd,2026-03-07,CUST-143476,146.11,4821.63,2025-12-22,59.72,2026-04-07,0,1,4.53,18.01,49.8,Basic,2.36,-3.43,94.79,5.2,Enterprise,98.72,-7.6,2.61,0.15
35890329-5339-4b05-9114-bdf28a1cf12b,2026-06-08,CUST-163313,37.49,2061.9500000000003,2026-05-08,181.06,2026-02-14,0,0,37.82,3.57,41.83,Family,2.59,-4.58,131.99,0.55,Enterprise,95.78,-3.18,5.05,0.46
3bac0f91-fbc1-487b-9182-5a634e7eb185,2026-02-15,CUST-837978,149.61,5834.790000000001,2025-08-28,140.82,2026-01-24,0,1,1.12,11.42,13.49,Enterprise,3.03,-0.79,125.95,5.65,Prepaid,99.1,-9.97,18.36,0.23
f99bbeb2-fa03-4e4e-b6ab-8854bcca5760,2025-12-17,CUST-351891,143.28,7164,2025-12-12,169.46,2026-01-05,0,0,15.71,26.14,26.88,Enterprise,0.74,3.29,109.28,2.37,Enterprise,99.95,-7.45,12.8,0.45
8d257a4e-e992-4168-973e-6ecbf1bc1758,2025-08-15,CUST-579653,140.03,2800.6,2026-07-25,43.29,2025-10-22,0,1,17.61,3.4,23.43,Basic,1.39,9.56,118.33,7.81,Postpaid,97.51,-4.26,8.4,0.5
3a092870-d123-4412-8a55-fe98cd2a14c0,2025-10-24,CUST-738441,129.01,5031.389999999999,2026-03-14,144.13,2026-01-11,0,0,22.63,27.97,16.75,Basic,0.15,2.41,39.87,0.76,Postpaid,98.94,-3.29,12.56,0.39
83e2b5cd-acbc-40c2-8292-b2b02a78009a,2026-07-03,CUST-668346,50.04,1200.96,2025-09-29,64.96,2026-05-16,0,1,0.19,6.6,19.32,Family,0.19,8.51,126.16,0.33,Prepaid,98.44,-2.43,9.56,0.25
a4f60492-ba9c-4b75-9fc1-632ec74ecfde,2025-11-18,CUST-991368,105.59,1583.8500000000001,2026-03-01,160.41,2025-08-03,0,1,21.29,0.95,42.76,Basic,1.68,-3.8,53.65,6.33,Enterprise,96.69,-2.35,18.87,0.31
d5de70a9-7f26-4d55-9b5f-ad4fed84d522,2025-10-20,CUST-934403,89.65,4123.900000000001,2026-06-15,138.25,2026-02-21,0,1,23.39,17.1,30.2,Basic,4.27,5.19,193.85,8.03,Postpaid,99.8,-6.82,11.07,0.3
7016ffdc-b79a-4141-b585-44f868f7126d,2025-08-21,CUST-891002,39.54,1067.58,2025-07-27,79.99,2026-01-23,0,1,11.97,10.54,29.84,Enterprise,2.72,0.8,62.5,0.44,Postpaid,99.37,-2.56,10.02,0.19
b0cde5dd-a5f4-4bb9-8eef-8416a09ff760,2025-10-18,CUST-603945,98.13,1962.6,2026-03-07,187.33,2025-12-17,0,0,34.81,12,37.9,Premium,3.57,-1.3,51.26,8.17,Prepaid,97.21,-2.52,9.18,0.14
ae43e280-71ec-4141-9871-70878369dd2a,2026-03-22,CUST-905615,73.78,1401.82,2025-11-01,23.44,2025-08-13,0,1,8.18,25.59,22.92,Enterprise,0.51,6.25,63.92,3.26,Postpaid,98.66,-7.71,15.11,0.15
76af150b-99da-4779-9610-95f3a5e582b2,2026-02-26,CUST-884471,39.39,1260.48,2025-10-08,98.22,2026-03-11,0,1,28.56,2.03,26.53,Family,2.38,-2.22,151.88,4.71,Enterprise,99.41,-1.41,14.88,0.42
ca63f49d-b55f-43be-8309-5544bd0c1b6a,2026-03-20,CUST-439241,86.84,4602.52,2025-10-20,79.77,2025-09-18,0,1,29.54,13.62,11.28,Enterprise,1.24,8.35,187.87,8.44,Enterprise,97.58,-6.56,19.25,0.26
1fbf4d85-2767-434b-a812-a0f2a02ac3b5,2026-07-20,CUST-890785,54.85,987.3000000000001,2026-05-29,135.44,2026-07-22,0,2,43.34,12.16,17.39,Family,0.89,5.73,91.21,0.08,Prepaid,96.38,-9.68,16.27,0.19
0a0fe977-db48-41c1-8201-2f29b8641e96,2026-04-21,CUST-705621,139.43,1952.02,2026-04-25,119.63,2026-07-08,0,2,41.74,10.27,28.84,Basic,0.55,2.63,158.18,3.75,Postpaid,96.32,-5.67,13.28,0.2
f55c56e6-c809-4f84-ac08-7b2b214519a3,2025-11-07,CUST-327391,53.9,700.6999999999999,2025-08-14,75.27,2026-05-21,0,1,28.08,9.63,29.96,Enterprise,2.2,1.28,79.48,6.61,Prepaid,96.42,-3.15,15.7,0.25
d8a4b690-070b-47a0-9cd9-b5c14a502951,2026-03-23,CUST-644624,41.41,2070.5,2026-02-02,185.8,2026-03-01,0,1,47.02,15.96,45.88,Family,3.5,8.59,68.69,4.04,Enterprise,99.5,-0.64,9.84,0.22
9eb0b0fe-3846-4358-ac0b-e29533a11830,2026-02-26,CUST-617573,117.91,4362.67,2025-09-26,24.98,2026-02-27,0,0,29.91,21.42,29.17,Enterprise,4.43,0.58,158.34,2.4,Prepaid,96.39,-1.09,12.09,0.23
a03e50a2-6fcf-4ac9-8037-ddb8be1654f2,2026-06-23,CUST-976135,49.17,1671.78,2026-02-22,127.51,2026-03-01,0,0,31.9,26.66,41.04,Premium,2.8,7.35,120.84,7.82,Prepaid,97.98,-2.12,12.28,0.23
9372876c-a98d-45b2-8880-4de27ee97daf,2026-03-14,CUST-752334,32.98,1945.8199999999997,2026-05-19,63.57,2026-05-10,0,2,18.24,9.08,17.54,Enterprise,4.98,8.68,166.66,9.56,Postpaid,97.04,-8.73,10.12,0.37
15c2cbdc-1f97-4e32-957e-b72a213d8dc0,2025-09-08,CUST-111707,120.84,3866.88,2026-05-13,59.48,2026-06-18,0,0,43.75,23.28,37.18,Family,1.15,7.06,49.91,8.99,Prepaid,96.27,-1.83,0.19,0.49
23ce39dd-6275-4e27-9faf-e06b666c427c,2025-08-14,CUST-883915,21.72,977.4,2025-10-06,22.03,2026-07-09,0,1,40.18,7.1,49.66,Enterprise,0.41,-2.2,161.31,8.73,Prepaid,96.27,-4.97,3.21,0.36
ae485a6f-3ed2-4257-b70c-86ca160219cd,2026-04-07,CUST-102878,82.18,1314.88,2025-08-28,102.63,2026-03-01,20.86,2,3.4,20.94,14.72,Premium,3.61,5.83,74.78,3.49,Postpaid,99.34,-7.93,11.19,0.21
f18bb012-3e9e-4b9f-9632-50c16764da89,2025-09-08,CUST-811267,101.19,1821.42,2025-09-17,134.26,2026-02-23,26.32,0,3.16,16.41,12.48,Premium,4.09,-4.84,132.78,8.68,Postpaid,98.97,-0.28,11.52,0.13
bebec2c5-c73f-4d47-96a2-dd9dc6598909,2025-08-23,CUST-246663,114.47,4349.86,2025-08-28,190.29,2026-03-18,0,1,49.42,8.78,20.03,Premium,4.17,-0.36,41.92,1.03,Postpaid,96.16,-7.47,10.91,0.17
9e605e9c-18f6-4b14-b7a1-4a3403990700,2025-12-02,CUST-385093,37.8,1663.1999999999998,2026-04-21,81.65,2025-12-17,39.24,2,20.35,4.31,23.8,Basic,3.43,3.15,193.67,5.24,Prepaid,97.57,-5.63,13.73,0.5
bddeba7b-688e-4ac7-b401-9ad3579f52e0,2025-10-13,CUST-654693,90.03,1890.63,2026-04-10,96.96,2026-04-19,0,0,35.42,10.52,43.26,Family,2.33,2.45,37.6,7.72,Prepaid,98.76,-5.37,6.39,0.26
8c0a7c61-b6a9-4d38-a170-5b17552154f1,2026-05-29,CUST-705833,102.17,4291.14,2026-07-14,141.38,2026-02-19,0,2,45.65,19.57,24.44,Premium,3.79,-0.6,32.86,7.07,Postpaid,95.41,-5.55,10.83,0.25
10aa2234-fa4c-45a2-9bb3-d8a1dcffa0b9,2026-04-03,CUST-507449,69.62,3829.1000000000004,2026-02-12,106.16,2026-06-05,0,0,5.25,12.37,24.18,Basic,0.28,-1.81,125.96,6.69,Enterprise,96.94,-5.22,19.45,0.12
c77ec417-8ec5-4ff9-8319-1bfd785cc5d1,2026-01-22,CUST-432357,57.13,2570.85,2026-05-03,113.69,2025-11-06,0,1,33.17,28,10.17,Enterprise,3.67,-0.66,58.22,6,Enterprise,96.92,-7.4,19.65,0.3
120b7546-ce4e-49a2-9b38-887d109d7b53,2026-05-26,CUST-962801,109.01,4687.43,2025-12-13,113.48,2026-01-13,13.21,0,2.52,11.89,45.52,Premium,4.85,9.24,50.86,5.13,Prepaid,98.8,-1.24,10.55,0.43
736baa52-2f3f-453f-8d1a-b9e22d4c7d79,2026-01-17,CUST-489333,74.78,4187.68,2026-01-19,137.41,2025-10-24,0,0,24.24,3.06,28.64,Enterprise,1.94,7.83,197.28,5.51,Enterprise,96.35,-5.52,0.86,0.37
3bec2e8f-d901-4f1f-be2f-3a334242f838,2025-10-24,CUST-694167,132.14,3964.2,2025-11-07,54.39,2025-07-29,26.15,1,11.24,1.07,44.64,Family,0.12,0.29,93.5,8.08,Postpaid,97.24,-5.07,17.6,0.25
437c3857-0de4-412a-b176-e10a6ad8f4a7,2025-11-26,CUST-759238,76.3,2823.1,2025-09-20,133.11,2026-07-24,0,0,35.78,28.41,31.38,Basic,2.91,4.36,35.46,3.61,Postpaid,98.45,-0.1,11.47,0.25
219b560d-aecc-42b6-a143-9accf96a00af,2026-06-12,CUST-915371,123.41,3578.89,2025-08-26,161.5,2026-05-15,0,2,1.62,27.81,35.03,Premium,3.26,7.68,88.26,9.4,Postpaid,95.4,-7.7,14.99,0.46
e51797c6-dc58-4c8a-873d-2a803e336fa6,2025-12-10,CUST-883512,60.73,3036.5,2026-02-06,120.6,2025-08-03,0,2,14.01,20.09,14.31,Family,0.41,9.37,49.27,0.62,Prepaid,97.41,-6.84,0.44,0.36
254b66a9-8e8e-49b3-9cb9-cd0a8e5d2901,2025-08-17,CUST-196921,59.58,1310.76,2026-03-18,81.66,2025-11-06,0,2,12.11,14.16,10.62,Enterprise,0.72,3.73,194.36,5.47,Prepaid,97.98,-9.99,0.41,0.23
9943a981-4794-48ad-bd23-c0915828706a,2026-04-08,CUST-960011,66.56,2529.28,2026-01-28,83.41,2025-09-01,0,2,25.51,25.38,36.03,Basic,0.1,-3.51,118.48,0.77,Postpaid,95.66,-1.94,8.04,0.22
be398f20-25f4-4466-a56d-6483fd2f3403,2026-04-08,CUST-818160,105.78,1269.3600000000001,2025-10-18,115.06,2026-07-11,25.17,1,19.21,15.21,39.13,Basic,0.67,3.44,169.47,7.57,Enterprise,96.87,-5.09,2.89,0.17
ae2bdf34-db8e-4183-ac52-480a7024fff2,2025-11-29,CUST-679288,145.41,7125.09,2026-02-15,168.31,2025-12-13,0,1,43.62,3.67,21.37,Enterprise,1.1,4.18,98.67,9.51,Enterprise,95.49,-8.97,19.08,0.47
93a7e7e2-d1a8-41e9-b472-267a1a1c18e2,2026-03-24,CUST-713715,139.42,8086.36,2026-07-19,37.08,2026-03-26,0,1,18.6,13.69,11.24,Premium,1.12,-2.28,29.82,9.85,Postpaid,95.82,-4.32,10.28,0.31
e0fd10a5-246d-4b93-bafb-d14044b72385,2026-02-27,CUST-977347,92.84,2970.88,2026-04-12,134.42,2026-03-20,0,1,3.37,11.03,42.67,Enterprise,0.28,8.4,31.72,6.83,Enterprise,97.97,-4.8,9.7,0.11
1cdc7dbf-0624-45b1-8ff7-d8478e7d576f,2026-06-25,CUST-451268,53.59,1607.7,2026-06-11,83.56,2026-03-03,0,2,40.19,26.2,38.34,Basic,4.39,-4.69,165.29,9.85,Postpaid,98.53,-5.65,17.67,0.39
189f491b-3d1e-4736-8877-371dd01a7dc8,2026-03-19,CUST-631598,132.99,5718.570000000001,2025-09-17,28.32,2026-01-09,17.46,1,41.43,1.44,13.96,Premium,1.54,9.31,181.87,7.42,Postpaid,99.09,-8.15,4.13,0.47
053a3950-8082-4619-b6cd-326c5a77c8be,2026-06-20,CUST-638032,105.86,4975.42,2026-07-14,96.86,2025-10-19,0,2,49.4,20.81,25.17,Enterprise,2.01,-2.64,166.69,2.79,Postpaid,96.48,-6.41,11.94,0.37
639c7887-ce6b-4c99-9674-68fd1675c70b,2025-11-06,CUST-340858,116.84,4206.24,2026-03-20,89.52,2026-05-17,0,2,12.02,19.38,15.76,Family,3.96,6.86,96.84,3.08,Postpaid,96.67,-6.2,11.18,0.46
501ce12d-af9a-43fe-87c0-7309aed70f57,2026-04-06,CUST-970208,58.21,2677.66,2026-07-06,86.52,2025-08-20,0,2,48.19,10.88,32.1,Basic,2.16,9.13,120.2,2.09,Enterprise,95.86,-5.04,19.3,0.16
0309d40e-2c59-426b-933e-8c5183235474,2026-03-15,CUST-164514,145.57,7424.07,2026-03-02,182.88,2025-10-25,0,2,0.51,21.18,10.11,Premium,0.24,6.19,105.52,6.35,Postpaid,98.19,-2.5,10.48,0.5
7de6932a-65cf-432f-b57d-154f7c560189,2025-09-23,CUST-906803,28.45,967.3,2025-10-31,191.04,2026-05-03,0,1,37.66,20.03,36.02,Premium,1.74,1.19,169.14,1.28,Postpaid,97.35,-1.68,9.43,0.31
124f4701-48dc-49ac-9063-33d02ba826a3,2025-09-26,CUST-552063,125.47,1631.11,2026-07-12,70.15,2026-02-18,0,1,41.58,21.77,43.09,Enterprise,4.11,7.61,199.34,4.15,Prepaid,98.2,-4.14,9.93,0.4
58d84e02-3339-47f0-ac04-66edf87718ff,2026-03-17,CUST-934840,67.88,2579.4399999999996,2026-01-29,194.45,2026-04-18,0,1,44.97,3.74,43.86,Enterprise,2.18,3.46,144.21,3.05,Postpaid,98.15,-0.48,16.16,0.34
f3f6e59e-ed0e-4a76-b3e2-0a53656c5831,2025-08-10,CUST-947532,127.69,3447.63,2026-03-29,107.66,2026-07-16,0,0,8.87,3.37,25.86,Enterprise,4.11,7.46,125.64,5.86,Postpaid,97.88,-0.73,1.52,0.3
a01cb29a-f112-4a23-bf75-184d38efd50e,2025-11-18,CUST-248091,93.34,5040.360000000001,2026-03-09,191.87,2025-12-24,11.61,1,16.4,28.45,21.05,Premium,1.12,1.71,116.14,4.58,Prepaid,96.94,-6.82,18.02,0.1
7dcf504e-72ce-4fda-8614-060915a2baaa,2025-09-29,CUST-518114,111.39,4678.38,2026-07-17,84.38,2025-08-25,0,2,11.04,14,48.38,Enterprise,1.99,-2.91,35.9,2.93,Prepaid,99.93,-3.21,19.19,0.46
d402ca07-8472-4c8a-8880-41bafe63fee0,2026-01-21,CUST-730297,27.04,1541.28,2026-04-30,27.98,2026-06-26,0,2,12.91,18.07,32.44,Premium,0.6,1.12,31.21,2.87,Prepaid,97.73,-5,4.48,0.23
257b1412-8785-4ad5-888e-1d1b9809f38a,2026-05-10,CUST-676353,52.65,1684.8,2026-03-11,89.17,2026-03-03,0,1,11.99,10.76,12.83,Basic,1.79,4.78,185.05,3.11,Prepaid,97.37,-9.69,7.74,0.34
56d04d33-acea-4be6-b384-0a683b612350,2026-04-16,CUST-795115,75.55,1133.25,2025-08-27,173.21,2026-03-16,0,1,28.46,21.42,32.08,Premium,0.98,4.6,64.61,6.67,Postpaid,97.17,-0.45,1.93,0.15
bda87205-326d-4658-a615-ba7496f4c5f3,2025-09-14,CUST-850667,147.65,7530.150000000001,2026-01-17,65.79,2025-11-03,0,1,24.04,15.48,20.69,Family,3,-3.5,119.01,3.1,Enterprise,99.6,-5.75,19.83,0.45
db469b85-4356-4d78-996a-842231692bbe,2026-05-27,CUST-891949,111.64,5358.72,2025-08-04,194.6,2025-12-17,47.38,0,25.35,17.7,45.13,Premium,1.02,5.01,87.33,8.11,Enterprise,99.29,-6.34,10.91,0.23
3902542c-be40-410d-9e0d-9b34126c5b5c,2026-03-01,CUST-771128,140.89,2113.35,2026-05-13,70.99,2026-04-22,0,1,26.89,25.91,46.41,Basic,3.59,2.49,36.87,5.24,Postpaid,96.11,-5.51,15.37,0.21
b1cc7e2c-d661-4813-9c39-5e54c9a41b02,2026-03-11,CUST-477676,129.31,5818.95,2026-07-11,99.56,2026-06-06,0,1,13.73,18.19,38.32,Basic,1.57,0.63,37.64,3,Prepaid,97.4,-6.8,18.81,0.42
b7ad128c-311c-420b-afb7-d0f35ed0db5d,2026-01-24,CUST-474022,82.19,2301.3199999999997,2026-01-29,82.48,2026-06-11,23.24,2,48.79,1.83,14.96,Family,3.46,-4.17,114.98,3.55,Postpaid,96.25,-2.79,12.64,0.47
a5710662-e800-47a2-af19-ec0c3739ee00,2026-04-27,CUST-150145,131.41,3810.89,2025-10-24,51.92,2025-08-06,18.85,2,14.17,28.87,33.46,Basic,1.86,-2.04,179.06,9.02,Postpaid,98.44,-4.12,19.97,0.28
0e113e57-e40c-4f78-8d23-8c93a4adf384,2026-02-28,CUST-458312,21.28,638.4000000000001,2026-07-20,37.31,2026-06-24,0,2,4.93,3.3,21.12,Enterprise,4.99,-4.83,30.27,0.01,Postpaid,99.46,-8.05,17.13,0.22
6d1b0fa5-707c-4b3f-b15a-323601287b69,2026-04-01,CUST-980237,139.55,4744.700000000001,2026-05-24,162.83,2025-11-02,0,1,10.36,17.49,16.36,Basic,3.43,-1.34,92.82,1.57,Enterprise,98.74,-0.33,2.19,0.47
3714d107-2c69-4a1a-9806-258b38b6755d,2026-03-01,CUST-181917,149.63,1945.19,2026-06-02,104.45,2026-02-19,0,2,15.43,4.09,39.8,Basic,3.94,0.84,135.45,6.95,Postpaid,99.26,-8.14,10.35,0.43
20e8eec4-6552-4028-ab89-795c76c24cf3,2025-09-10,CUST-327501,116.65,4666,2026-01-01,183.01,2026-01-07,0,2,3.39,3.96,41.65,Basic,1.34,9.29,56.25,9.09,Postpaid,98.92,-1.68,12.62,0.22
18c7a049-25b3-4d02-b907-b5186f70ac6b,2025-08-02,CUST-644259,64.6,1744.1999999999998,2026-02-17,188.77,2026-02-26,47.89,1,0.58,0.13,18.71,Basic,3.96,9.92,78.92,1.21,Enterprise,98.92,-0.27,5.44,0.48
23aab312-3d02-421e-b7e3-72c36889b261,2025-12-11,CUST-302951,35.72,1250.2,2026-07-17,58.58,2026-03-28,0,1,7.58,0.55,10.16,Basic,2.92,-3.85,161.13,3.37,Prepaid,97.16,-8.24,19.9,0.17
66ed02d9-e4af-43e4-ac42-f0cbf86a44d9,2026-03-08,CUST-269618,80.06,4003,2026-05-22,164.85,2026-04-21,0,1,44.17,0.24,11.91,Premium,0.97,5.62,35.33,2.21,Prepaid,96.26,-2.41,12.97,0.45
c7463c0d-5e4f-4e68-af52-e65e1f8d8ffd,2026-02-09,CUST-637162,146.16,4823.28,2026-03-03,46.89,2025-12-18,0,2,46.59,0.76,41.42,Family,1.46,4.07,179.9,7.09,Prepaid,97.43,-1.54,17.82,0.35
07e12dd2-72eb-4e26-a676-7598d5b9f905,2025-09-05,CUST-894229,58.37,1575.99,2025-11-08,43.81,2026-04-30,0,1,40.24,25.6,21.45,Enterprise,3.65,-0.78,80.88,4.79,Postpaid,99.95,-2.72,7.65,0.35
9efed5a3-bfb2-4f7b-8c91-c3ff9bd491ee,2025-11-29,CUST-411012,97.03,3784.17,2025-08-10,112.56,2026-04-25,0,1,15.93,18.66,18.65,Premium,0.32,9.63,122.85,0.97,Postpaid,99.73,-2.62,6.96,0.4
6e34f618-3a0c-4fb2-b952-d693e7af25f7,2025-07-31,CUST-631495,94.25,3675.75,2025-10-02,168.27,2025-09-20,0,2,10.25,27.5,15.55,Enterprise,2.35,-4.46,68.38,7.94,Prepaid,97.27,-0.4,11.57,0.45
a8663c0e-f689-4f9d-a230-e2645330cb93,2026-07-05,CUST-223377,121.33,6673.15,2026-03-29,133.03,2026-02-15,0,1,37.38,24.26,43.78,Enterprise,1.66,3.85,68.11,3.08,Postpaid,95.34,-0.11,13.59,0.38
4882d994-116f-4635-b281-5504ac5d53a0,2026-01-18,CUST-566311,31.5,1291.5,2026-01-07,25.03,2026-05-22,0,0,9.31,10.78,49.88,Family,2.16,9.59,96.27,4.22,Enterprise,96.96,-5.11,0.32,0.19
0002993d-73f6-4fb9-aadf-7760fdbfc5c0,2025-11-15,CUST-839748,34.85,975.8000000000001,2026-03-25,41.48,2026-04-07,38.2,2,1.16,15.35,15.5,Family,4.01,-1.72,192.99,9.95,Postpaid,99.67,-2.51,5.36,0.26
a0841bd0-f6f9-4864-8e9a-ae6221de40ee,2025-08-12,CUST-215907,149.2,6117.2,2025-08-22,172.34,2026-02-28,5.76,1,9.06,27.11,22.18,Premium,2.15,5.87,68.15,2.32,Enterprise,96.81,-3.23,5.22,0.1
34f11d85-c2f6-44f1-b16d-02a13e7a17ef,2025-09-19,CUST-106769,31.76,1365.68,2025-08-26,168.68,2025-09-19,0,0,37.89,8.25,10.74,Premium,3.99,4.31,84.41,6.23,Postpaid,96.29,-9.35,7.35,0.22
0c9e5703-2fc7-4b21-afbe-b0c030077b31,2025-09-10,CUST-158298,60.22,2228.14,2026-03-30,64.84,2025-10-01,20.72,2,35.96,0.99,24.42,Premium,0.87,2.77,183.23,1.38,Enterprise,95.83,-0.47,17.37,0.39
49b16a69-7301-4372-88ec-ff30b6b064cf,2026-01-19,CUST-509031,73.61,1398.59,2026-06-10,82.57,2026-07-05,0,2,21.45,2.4,27.89,Basic,2.85,1.18,176.19,6.78,Prepaid,97.32,-3.32,13.28,0.47
a25f5439-30df-410a-8950-d59adcdeec7c,2026-01-17,CUST-625774,49.73,2237.85,2026-07-21,64.62,2026-01-14,0,1,17.65,13.28,46.33,Premium,1.76,6.71,172.18,5.24,Prepaid,97.91,-3.52,12.71,0.24
9f196cd5-181e-42e6-b4b2-d4dbc82bd5f1,2025-11-21,CUST-191865,53.82,1184.04,2025-08-25,103.71,2026-04-04,0,0,1.12,21.6,16.87,Premium,4.97,-0.24,133.83,9.22,Postpaid,96.87,-4.49,1.02,0.48
3dcd4dcc-2b0f-4d8b-9d98-cb6e51ee8b40,2025-09-09,CUST-533914,92.99,2789.7,2026-02-28,28.46,2025-08-13,0,1,19.35,27.62,24.32,Enterprise,4.63,-2.91,41.03,1.84,Postpaid,98.7,-4.54,10.8,0.32
7f440274-dc5b-4eef-9f74-e01bf77ff6c8,2026-04-04,CUST-585758,81.48,4481.400000000001,2026-06-11,138.1,2026-03-06,0,1,45.78,4.85,10.1,Premium,4.01,7.86,77.09,1.19,Prepaid,98.23,-3.57,0.81,0.25
89031f22-3cb0-4647-ac56-c8692563b90c,2026-05-26,CUST-897157,125.98,6299,2026-01-20,170.13,2026-06-05,0,0,41.22,6.53,42.07,Family,2,3.98,54.88,2.69,Enterprise,98.01,-8.37,6.5,0.34
e1e5c863-b2a8-4ee6-8635-d294bd2b8f0f,2026-05-27,CUST-613626,142.86,8285.880000000001,2026-06-01,165.59,2026-07-22,33.43,0,49.32,2.71,26.69,Basic,2.09,1.01,174.89,1.08,Enterprise,97.88,-6.64,9.05,0.15
edbb8375-d2bf-4e20-8208-29d9ddbd97b9,2025-11-24,CUST-335478,110.52,2541.96,2025-09-30,73.61,2025-09-03,0,2,22.23,2.64,39.79,Family,1.49,2.83,186.25,8.92,Enterprise,97.41,-0.25,7.71,0.46
67fabc85-8a31-4294-ac92-65e914b68d00,2026-04-04,CUST-866193,118.49,2251.31,2026-02-18,190.28,2026-07-23,0,1,44.88,20.68,29.17,Premium,4.6,-4.55,196.57,4.61,Postpaid,98.89,-4.46,13.32,0.41
a7821e1c-1a33-4a3d-989c-e56325570f2a,2025-08-23,CUST-647355,122.54,6127,2026-03-12,134.65,2025-10-01,0,2,2.67,28.26,35.36,Family,4.3,8.52,88.4,8.7,Prepaid,98.84,-1.55,3.99,0.42
e5627b69-d1d9-45ef-baeb-fe5d59382124,2025-11-20,CUST-720909,145.13,2467.21,2026-06-13,94.91,2025-12-17,0,2,48.01,29.47,42.12,Enterprise,0.44,5.15,170.6,4.7,Enterprise,97.24,-0.37,4.31,0.19
5dc215e4-bc8e-429f-b8df-09f5b57b6778,2025-08-16,CUST-490092,133.26,3331.5,2025-09-13,56.85,2025-12-20,0,0,46.57,26,14.68,Premium,3.86,7.5,183.48,1.41,Postpaid,96.35,-5.9,4.7,0.4
08820ff6-62fb-4d50-85c8-9cc4b1bc7f34,2026-04-01,CUST-617389,21.05,568.35,2026-07-08,70.49,2026-06-24,0,1,23.07,21.11,10.48,Enterprise,3.17,2.67,32.48,6.56,Enterprise,96.09,-6.59,9.69,0.17
70cb43f6-9b0b-48cb-8f40-41b7cd838b95,2026-06-04,CUST-559604,139.4,8364,2026-06-13,112.18,2026-01-04,0,0,34.56,25.55,38.91,Premium,0.86,-2.71,170.71,4.61,Postpaid,98.76,-6.27,10.37,0.27
95998105-a6be-4a98-adde-05c38c94fcc7,2025-08-25,CUST-737609,26.83,429.28,2025-10-09,35.66,2026-05-06,0,0,33.31,21.06,37.76,Basic,3.7,3.12,113.65,5.12,Enterprise,96.49,-6.59,14.18,0.24
f5013299-780f-44f3-afb7-c541533c55f4,2025-08-28,CUST-147992,143.39,7026.11,2026-05-09,97,2025-08-01,0,1,43.62,11.16,17.72,Enterprise,0.58,-1.3,144.91,9.7,Enterprise,95.52,-9.1,16.98,0.39
5c902f97-13b3-489c-a0d5-a363b557b9d6,2026-04-15,CUST-877332,45.48,2501.3999999999996,2026-07-18,44.18,2025-09-08,0,1,8.47,24.64,36.34,Enterprise,1.75,0.28,168.92,3.19,Postpaid,99.22,-5.62,14.69,0.11
182784e8-4f0f-402c-89f8-86234250a765,2026-04-03,CUST-392093,22.07,1037.29,2025-09-15,166.73,2026-07-04,0,2,36.7,10.73,37.88,Basic,2.88,3.68,169.16,7.77,Prepaid,97.59,-4.69,4.11,0.22
2bd44948-d581-4748-be82-9dd519767bca,2025-12-30,CUST-590995,95.56,3344.6,2025-11-12,128.07,2026-01-02,27.99,1,15.89,24.77,43.21,Family,4.95,1.73,195.16,9.53,Enterprise,99.97,-3.93,9.54,0.27
e7c499a8-5d5e-43b6-a4fc-c9fb43270c64,2026-05-06,CUST-292210,58.71,1643.88,2026-06-26,140.69,2026-06-20,0,2,47.69,20.95,37.64,Family,0.61,-4.17,116.08,2.46,Postpaid,98.14,-9.65,11.17,0.16
e3602975-39c4-4afc-b532-381af955bbdd,2026-02-17,CUST-618028,89.02,2403.54,2026-03-01,194.2,2025-08-17,0,1,1.13,11.43,25.55,Family,3.84,9.63,149.92,3.59,Postpaid,96.14,-0.73,9.77,0.15
a7311196-5cb3-48c7-b2ee-03fd7717dcf8,2025-08-05,CUST-509541,61.09,2932.32,2026-04-13,38.67,2026-03-18,0,1,39.8,4.11,38.65,Basic,4.99,6.86,56.86,1.48,Prepaid,97.19,-3.74,18.39,0.25
d35bbf15-83e3-4556-b52c-38309e312c2d,2025-12-19,CUST-246596,35.19,2076.21,2026-03-08,139.26,2026-07-04,0,2,18.68,5.65,11.25,Premium,4.5,0.21,111.4,9.19,Prepaid,96.12,-6.73,12.52,0.49
033c7e9b-7670-48d9-b0ec-815f7d4c194d,2026-02-23,CUST-914671,56.07,2074.59,2026-04-02,25.64,2026-03-31,0,1,39.87,21.3,30.02,Basic,4.49,-4.2,146.41,5.3,Prepaid,96.6,-0.38,4.04,0.35
10655b41-9e46-46f0-af4c-35479c0e519e,2025-09-15,CUST-510928,21.79,980.55,2026-07-08,64.9,2026-06-11,14.08,1,33.46,5.94,29.63,Family,2.18,-1.66,79.67,7.17,Postpaid,97.28,-9.16,18.02,0.16
e2e0779f-b46e-4c98-b8b7-b7c480ebf3f8,2026-03-12,CUST-344604,47.77,668.7800000000001,2025-10-16,33.56,2026-05-04,0,1,13.97,11.16,19.62,Enterprise,3.82,7.35,141.79,4.03,Prepaid,98.29,-2.36,7.94,0.21
4cb7d44b-7df6-41a4-b1b7-4f4fa00c4587,2025-09-02,CUST-474030,54.53,708.89,2026-06-07,93.07,2025-10-29,0,0,36.14,26.67,36.63,Family,3.63,-4.61,66.27,7.25,Enterprise,95.14,-5.68,16.16,0.31
66e182dd-b257-4d01-921c-bcd609bdac94,2026-02-24,CUST-721957,141.41,5373.58,2026-01-06,176.16,2025-12-13,0,1,1.96,4.55,20.77,Premium,0.13,0.04,53.59,7.54,Enterprise,96.97,-0.63,18.87,0.15
d6b08d8a-eb44-45cb-9534-ac90229e28a5,2025-09-04,CUST-305747,80.86,2668.38,2025-09-20,57.14,2026-04-14,35.09,0,40.81,17.61,35.67,Family,2.83,-4.2,181.29,9.2,Prepaid,97.8,-0.69,6.14,0.28
ad8a0ab5-51db-461d-959e-cfb6070311c5,2025-10-02,CUST-759825,112.8,1917.6,2026-06-20,93.94,2025-12-26,0,1,28.68,17.55,39.29,Enterprise,4.32,9.85,79.57,2.9,Prepaid,95.1,-7.91,2.32,0.34
bbf4eea6-d49b-498b-aca1-3dc3e609c70e,2025-08-05,CUST-321676,89.92,1888.32,2026-03-06,121.18,2025-10-20,0,1,48.34,29.06,45.01,Basic,3.09,6.43,47.28,3.6,Enterprise,98.03,-7.3,19.11,0.26
ae790adc-7945-4731-b837-b59c49e7d9d3,2026-05-02,CUST-367785,114.9,5630.1,2026-01-28,72.08,2025-07-25,22.37,1,14.79,16.47,23.76,Enterprise,1.15,4.64,39.94,9.59,Prepaid,99.2,-2.67,15.78,0.21
27f6693b-baea-4993-96b6-82deb65f0a6c,2025-09-15,CUST-310454,94.31,2829.3,2026-06-06,162.8,2025-08-26,0,1,40.94,13.8,44.64,Basic,0.43,-2.43,111.22,7.65,Postpaid,97.29,-4.19,3.05,0.14
0a5af0b8-d41b-4f19-af0f-692053c388f7,2025-09-12,CUST-675655,40.29,644.64,2025-08-28,120.14,2025-11-07,27.27,1,35.21,26.04,20.64,Family,4.68,-1.94,128.19,5.89,Enterprise,98.41,-2.15,6.57,0.48
bb7cedeb-96c9-4e91-9a9c-b5f9ad238167,2025-11-12,CUST-341712,134.2,5636.4,2025-08-17,163.29,2026-06-21,0,2,37.14,7.3,26.46,Family,3.59,-1.97,158.28,0.9,Postpaid,98.7,-8.33,19.93,0.22
b154376b-0af7-4024-9f83-2695a20de227,2026-06-06,CUST-490930,51.96,1610.76,2025-07-27,39.42,2026-07-20,0,2,19.47,0.34,40.17,Basic,3.59,0.55,137.29,3.22,Enterprise,97.8,-5.01,0.91,0.13
51a8b8cb-5f19-49c7-94af-ee54daecbf83,2025-11-21,CUST-952036,84.82,1526.7599999999998,2026-06-02,143.59,2025-08-02,0,1,29.86,25.71,10.39,Basic,3.84,-0.12,127.08,7.83,Enterprise,99.73,-8.13,13.03,0.19
55b7c2b2-4296-4cb4-970a-d5bbbcf22d65,2025-08-26,CUST-437160,71.94,2877.6,2025-08-03,116.89,2026-06-22,0,2,10.98,18.49,26.65,Basic,2.56,6.66,87.47,1.95,Prepaid,99.75,-7.08,8.26,0.1
2afa02a0-026e-48b3-9e76-7d89b92a0b9d,2026-03-06,CUST-702104,39.88,2153.52,2025-11-13,90.46,2026-02-12,0,1,45.85,25.57,34.95,Family,3.59,2.97,166.2,7.28,Postpaid,98.31,-9.1,7.73,0.18
f21ed21a-509b-4aa0-a698-1948a8b718ca,2025-12-16,CUST-238543,126.64,5572.16,2025-08-01,56.42,2026-03-28,0,1,48.72,14.28,29.98,Family,1.98,1.82,31.98,3.64,Enterprise,98.79,-8.32,8.88,0.14
2fba2757-957f-4075-ba31-69bfe83df873,2025-12-30,CUST-620425,124.38,2114.46,2026-04-16,187.83,2026-05-31,0,1,17.77,1.02,12.89,Family,0.91,6.52,182.13,8.58,Enterprise,96.12,-2.21,8.53,0.29
82743e46-fdda-4552-9bea-de49032e9d57,2025-10-15,CUST-532519,31.11,1773.27,2025-11-15,68.02,2026-05-31,0,0,0.09,7.52,21.95,Enterprise,2.75,4.97,73.64,5.08,Prepaid,95.26,-1.49,15.43,0.26
1147c9b8-6bb4-4332-ab2e-2ce0181a8492,2026-05-05,CUST-918523,131.33,3939.9000000000005,2026-02-04,154.99,2025-10-06,0,1,27.9,29.66,17.11,Basic,1.72,0.08,31.83,2.31,Enterprise,97.16,-7.65,15,0.3
34b610ce-994a-418e-8f31-f2ebcbde7606,2025-12-01,CUST-507102,118.92,1902.72,2026-03-06,125.51,2026-04-22,0,1,23.8,8,23.46,Premium,2.56,3.05,34.26,0.39,Prepaid,99.07,-6.75,12.27,0.11
2c5341a8-3db8-43ef-a009-8e6ffa339694,2025-09-24,CUST-104857,147.98,2811.62,2026-06-17,162.18,2026-04-21,0,1,48.01,0.19,37.26,Basic,4.79,2.45,73.29,8.78,Prepaid,96.81,-3.91,6.01,0.45
e083d7da-2805-46a3-8230-93f48fd18697,2025-07-30,CUST-661603,46.03,1887.23,2025-10-12,146.19,2025-08-19,0,1,33.54,21.07,30.72,Enterprise,1.58,6.16,115.78,5.41,Postpaid,97.38,-3.69,4.82,0.43
dcb686ed-0096-4c86-88cc-68cb4fefd374,2025-07-29,CUST-250798,45.69,593.97,2026-04-23,121.26,2025-11-02,0,2,8.35,20.71,23.77,Family,4.51,6.7,47.81,2.4,Prepaid,96.78,-1.93,19.61,0.18
dfc6c7ef-209b-4179-a236-85aef36c3843,2026-03-28,CUST-188663,130.81,3401.06,2026-03-23,70.16,2026-04-05,0,0,2.2,23.58,17.06,Enterprise,4.77,-1.43,182.93,5.86,Prepaid,95.71,-8.32,6.02,0.4
207266d2-2b1e-40ea-85ff-bcf3560c2126,2026-01-02,CUST-141140,117.22,4806.0199999999995,2025-10-19,96.57,2026-05-14,0,0,38.46,17.44,23.29,Basic,0.98,2.04,44.35,8.47,Prepaid,99.64,-0.41,19.18,0.43
9648c864-452c-4fb9-b5c5-21fc8c0c77f2,2026-06-09,CUST-114567,21.6,993.6,2026-07-10,102.07,2025-11-29,0,1,4.53,19.38,28.76,Enterprise,2.55,-1.94,98.24,3.55,Enterprise,97.98,-5.96,16.12,0.3
298d4068-a282-4bff-8a9b-d60e800196ae,2026-04-22,CUST-203589,119.57,6098.07,2026-02-08,183.8,2026-06-14,20.69,1,27.89,5.35,31.36,Premium,2.86,2.1,113.04,9.45,Postpaid,99.68,-0.92,8.29,0.36
ee6f71cb-dc9e-4a3c-a60f-3356b177c83b,2025-11-06,CUST-266124,56.89,2446.27,2025-09-22,96.53,2026-06-23,0,1,27.9,4.84,26.81,Enterprise,0.64,-1.25,135.98,2.73,Prepaid,95.66,-8.38,15,0.24
3ec59d4e-58c5-4782-b48d-1bc2b07090c4,2026-01-09,CUST-122730,53.15,2923.25,2026-04-06,43.57,2026-02-16,40.96,1,9.74,13.91,19.12,Basic,3.34,7.37,147.4,0.98,Prepaid,96.05,-4.42,12.55,0.36
db53c6a0-5d69-47bf-b0ed-f864d30703b4,2025-12-17,CUST-291883,131.06,6946.18,2026-03-03,154.96,2026-06-18,0,1,28.32,13.4,19.85,Family,4.61,8.71,187.56,3.79,Enterprise,95.3,-1.19,3.2,0.2
50dbc649-e15f-4236-8302-4e93a3a0163f,2025-09-24,CUST-399323,64.38,1609.5,2026-07-08,121.31,2025-08-16,0,2,14.39,25.94,48.84,Premium,3.68,-1.4,85.46,3.97,Prepaid,95.39,-7.82,9.72,0.14
46770e97-7870-4070-9e98-ad2cfe3902a5,2025-11-26,CUST-108764,125.03,6876.65,2026-05-05,132.29,2025-09-29,0,2,45.23,4.55,49.03,Enterprise,3.06,1.97,128.83,9.72,Enterprise,98.38,-7.97,1.84,0.18
597c9e6c-7d12-42dd-9ffb-88f5872b0580,2026-04-03,CUST-776546,112.08,3250.32,2026-06-28,91.99,2026-01-23,0,0,18.45,23.15,11.42,Family,1.03,-1.51,176.22,1.65,Postpaid,99.61,-9.16,9.28,0.12
fe0fcd91-5c33-459b-a155-4edfc7324874,2026-01-27,CUST-858594,28.18,422.7,2026-05-07,23.97,2025-10-31,0,1,31.94,24.81,41.89,Enterprise,4.39,0.48,169.16,3.28,Postpaid,97.91,-0.03,5.66,0.17
8dc93cdc-53e3-41c8-8641-bb9414eb6536,2025-11-09,CUST-467001,87.74,3597.3399999999997,2026-07-01,181.26,2025-12-08,0,0,32.87,25.44,20.07,Enterprise,0.64,9.13,189.91,1.61,Enterprise,96.5,-2.14,15.47,0.28
90ee5c78-c8f8-4a3c-8918-248819c32487,2025-11-01,CUST-466320,22.66,838.42,2025-08-28,106.34,2025-09-07,14.03,0,2.25,5.85,13.01,Basic,2.54,6.32,192.01,3.86,Postpaid,98.77,-8.08,18.14,0.42
ac838ea9-4c45-4a9a-be73-98a8a3a0e102,2026-06-01,CUST-425674,117.43,1526.5900000000001,2026-02-25,191.44,2026-06-10,0,1,22.19,4.32,14.94,Premium,4.67,0.36,177.78,2.28,Postpaid,96.37,-1.1,12.49,0.47
21132dcf-4b4c-4ddb-bb56-37a941370ea2,2026-05-07,CUST-887670,73.56,3972.2400000000002,2026-07-22,87.05,2026-06-18,0,1,24.62,4.29,29.76,Premium,2,7.86,199.25,8.41,Postpaid,97.69,-1.21,1.63,0.36
86eb37f2-cd03-4fc9-83d9-aa7000413f39,2025-08-11,CUST-881278,106.45,2767.7000000000003,2025-10-25,71.78,2026-06-26,0,1,15.73,18.3,25.83,Premium,1.41,9.09,152.56,1.25,Prepaid,98,-6.82,2.16,0.41
37ff02fc-7b56-4c33-98ea-9dc5a91ca1e2,2026-06-12,CUST-753578,80.16,2004,2025-09-09,23.66,2025-12-19,0,1,41.24,6.69,22.08,Enterprise,2.74,-3.17,101.64,3.17,Prepaid,95.68,-4.38,18.32,0.48
2f3e8cf6-9f40-40a9-8e9e-1b8f3a83ecf0,2026-04-19,CUST-994105,137.36,8104.240000000001,2025-12-11,22.46,2025-10-07,0,2,15.28,6.93,45.41,Family,4.22,4.19,143.35,7.77,Prepaid,99.34,-2.36,4.86,0.14
ee1fb502-843f-4644-aae3-5e28670c512b,2025-12-22,CUST-631995,141.07,3244.6099999999997,2026-04-23,33.15,2026-06-24,0,1,11.86,3.32,35.66,Basic,0.4,-4.31,198.27,4.69,Enterprise,99.48,-9.76,6.86,0.17
f90e7f07-6fc4-4982-83b4-f81fda01a42f,2025-08-14,CUST-981332,96.62,4927.62,2026-07-16,87.37,2025-11-24,0,1,47.47,10.53,10.97,Family,0.61,5.91,44.11,3.59,Enterprise,97.78,-0.15,0.34,0.39
687038bd-ba6e-40e6-9ff2-8112e6fca7d3,2025-09-15,CUST-835763,143.33,7023.170000000001,2026-03-12,55.18,2026-03-05,14.88,1,6.53,0.16,46.09,Family,1.22,9.08,79.41,2.14,Prepaid,99.08,-6.12,14.54,0.2
c12b1fb2-c0b1-49f3-9a41-d6a37702e11b,2026-06-22,CUST-355715,81.1,2270.7999999999997,2026-01-18,35.57,2026-01-09,0,1,14.21,0.13,25.72,Family,2.68,-1.35,192.61,1.09,Postpaid,97.05,-3.39,2.69,0.17
c82e51a8-aa1e-4eb8-beb2-df20d239f83b,2026-02-02,CUST-356208,120.25,5411.25,2025-08-10,198.03,2026-06-18,21.37,1,27.36,18.39,25.7,Premium,4.62,1.1,53.02,8.33,Enterprise,99.9,-7.87,10.36,0.23
4d0e6796-02c5-4668-adf2-58b3fba5e37c,2025-10-31,CUST-348826,72.22,1444.4,2026-06-20,187.38,2026-02-01,0,1,15.73,3.09,21.55,Basic,1.1,-4.58,46.39,6.12,Prepaid,98.35,-6.57,18.72,0.42
6b5751fe-f0fd-41b7-9b4a-048af0a95281,2026-04-25,CUST-364847,68.83,963.62,2026-06-19,45.1,2026-01-30,0,2,31.51,8.75,22,Family,4.49,-4.47,67.48,8.16,Enterprise,98.62,-3.02,3.11,0.28
83250de5-d82f-46c4-a56d-aa98449b2f95,2025-10-25,CUST-703597,141.1,7478.299999999999,2026-01-20,45.31,2026-05-03,0,0,15.9,2.01,25.75,Family,3.65,4.49,94.33,9.1,Prepaid,96.48,-3.53,12.23,0.28
38f0047b-0564-477b-8865-2aa1837435fb,2026-04-10,CUST-846777,76.06,3194.52,2026-06-24,158.04,2025-11-14,45.09,0,14.05,11.81,28.02,Family,1.4,1.1,187.41,0.45,Postpaid,99.79,-9.26,16.44,0.21
a37cf934-e3df-461d-8780-513d3da6a9ca,2026-03-22,CUST-792789,91.03,3459.14,2026-02-02,178.81,2026-01-02,0,0,20.92,29.41,34.61,Premium,2.04,2.19,27.49,0.95,Enterprise,98.47,-1.08,5.62,0.38
77b066e8-1232-40a3-a26b-441a9cdb7bb2,2026-05-13,CUST-191823,43,2107,2025-08-27,40.65,2026-02-24,35.85,1,2.23,20.51,39,Family,1.36,2.7,68.56,5.03,Enterprise,97.79,-6.57,7.56,0.37
ea39d806-c2be-4581-8f4d-6f017f9dba58,2026-01-21,CUST-371912,50.98,1784.3,2026-04-01,181.49,2026-07-19,0,2,16.44,17.2,45.46,Premium,2.27,5.75,198.25,9.04,Enterprise,96.2,-8.42,19.42,0.28
546429ac-9feb-4813-8fbf-ffb0d0d9e9cd,2025-08-29,CUST-814045,55.78,2565.88,2026-03-26,80.08,2025-08-25,0,0,30.75,9.35,18.73,Basic,2.27,2.1,174.31,3.25,Prepaid,95.74,-8.29,12.54,0.35
1502c8ab-b692-4cbf-b343-0672459fe866,2026-07-12,CUST-570291,62.9,1446.7,2026-01-25,164.92,2025-08-22,0,2,11.55,6.94,25.16,Enterprise,4.46,4.96,92.62,2.92,Postpaid,96.42,-4.15,4.75,0.11
2a482251-111b-4492-8f18-d50d74385563,2026-05-24,CUST-949122,63.83,2234.0499999999997,2025-11-14,55.63,2026-03-16,0,1,39.46,7.17,45.88,Basic,3.03,-2.17,193.62,3.39,Postpaid,96.76,-6.02,0.09,0.15
028d3428-6cd5-4543-ad06-4f0e70dd7bee,2025-08-25,CUST-198463,27.39,602.58,2025-12-06,87.74,2026-06-23,0,1,7.05,20.1,29.27,Premium,3.13,2.97,188.89,4.89,Postpaid,96.87,-4.78,15.36,0.49
f0c0d7c0-bcac-4a73-9392-03ab5e908c82,2026-05-27,CUST-527391,92.49,2774.7,2026-01-16,96.7,2026-06-26,0,1,5.39,24.48,33.21,Family,1,9.71,83.32,8.46,Postpaid,97.95,-6.33,1.66,0.17
50a8e8e3-1433-4b24-a8cc-287e7de4d45a,2025-10-24,CUST-432595,137.3,2196.8,2025-09-21,134.21,2025-10-16,0,1,36.64,1.64,34.03,Family,2.45,-4.64,47.07,4.81,Postpaid,96.18,-7.42,17.47,0.38
578a62b3-abe5-4d2b-a271-6373ad5b6369,2026-03-22,CUST-147016,130.77,1830.7800000000002,2025-11-25,193.01,2026-02-17,0,0,39.89,26.91,31.26,Family,2.7,3.15,57.91,2.36,Enterprise,99.47,-4.05,17.96,0.24
edd0ea16-777d-4df8-a830-c96403d941c0,2026-03-20,CUST-159217,88.04,2024.92,2025-11-10,126.1,2026-05-09,0,0,4.04,20.6,48.56,Enterprise,4.95,1.03,153.64,9.5,Enterprise,95.82,-2.41,5.14,0.45
af52f627-bc89-4ff6-91c9-e7157956dc49,2026-04-30,CUST-818690,142.33,1992.6200000000001,2026-06-22,105.66,2025-11-18,0,0,28.81,13.44,20.03,Family,3.24,7.84,174.25,8.44,Postpaid,96.45,-3.09,11.22,0.39
f5503f62-5505-46e5-ab7d-664465203dd5,2025-07-28,CUST-833592,144.89,8113.839999999999,2026-01-10,50.69,2026-05-20,0,2,10.9,1.03,36.67,Basic,2.64,5.91,71.5,7.73,Prepaid,95.1,-9.55,9.32,0.43
c6d2b059-2b6d-4d83-8927-f7945938d9b5,2025-08-21,CUST-391204,26.25,1443.75,2026-06-21,140.07,2026-06-19,32.91,0,19.06,18.19,36.42,Premium,1.44,2.03,82.08,6.3,Postpaid,98.1,-0.44,5.88,0.47
64bf2081-8137-4302-b918-baadad527306,2025-12-19,CUST-601644,58.8,882,2026-06-22,151.93,2025-10-06,0,1,26.56,14.38,46.52,Family,0.92,7.9,157.1,0.39,Postpaid,97.6,-8.36,7.92,0.17
d855b9f8-f60d-4934-803f-00b1cb4b312b,2026-01-04,CUST-886314,131.84,7514.88,2026-06-30,46.57,2025-11-22,0,1,10.79,1.01,18.56,Family,1.67,-2.53,104.76,9.58,Enterprise,95.28,-1.27,3.22,0.22
39354283-a463-4001-b243-23a309f231d0,2026-01-31,CUST-175586,103.99,3327.68,2025-08-10,96.6,2025-12-25,0,2,33.84,26.67,32.93,Basic,2.31,6.8,32.43,1.26,Enterprise,96.65,-9.72,3.33,0.18
f8e04937-5c7d-445a-9476-979f97f5c0f2,2026-06-11,CUST-101558,92.19,4517.3099999999995,2025-08-10,97.98,2026-01-20,29.28,2,25.19,14.91,45.11,Premium,4.7,-2.74,40.16,9.24,Prepaid,96.8,-1.8,2.19,0.22
a9676860-54e3-42f7-a782-7b186dae4af1,2026-01-24,CUST-380417,59.23,1243.83,2026-03-31,146.88,2026-04-22,0,2,11.19,23.13,21.66,Premium,4.74,9.93,58.88,4.85,Prepaid,95.9,-6.84,5.46,0.36
4e82efc9-864d-42e3-9cb7-97aa9b7afc9e,2025-12-15,CUST-565530,28.77,1611.12,2026-01-06,155.75,2025-12-03,0,1,15.03,20.9,10.84,Family,0.97,10,100.21,0.02,Postpaid,97.58,-7.01,2.88,0.11
f176b4b5-8944-403b-9bd5-23c5af3523d9,2026-04-24,CUST-773368,99.31,2284.13,2026-06-13,79.25,2026-05-18,0,2,32.35,13.29,22.8,Family,1.25,-3.02,96.04,1.75,Prepaid,95.49,-1.77,13.24,0.33
935f3917-68d7-45ac-bb9f-6feb18cc689d,2026-04-05,CUST-327812,32.59,423.6700000000001,2025-12-23,153.61,2026-05-23,0,1,42.01,9.53,27.21,Enterprise,0.92,0.84,134.78,3.77,Prepaid,96.73,-0.57,14.59,0.48
d04b7099-b799-46a9-b361-3466e69737f1,2025-11-25,CUST-586175,138.75,2497.5,2025-09-17,197.64,2025-09-09,0,1,3.44,22.09,49.9,Premium,4.69,-3.17,191.01,6.73,Enterprise,97.52,-0.52,7.93,0.44
8291875a-e753-4f16-97bd-16bd274beaf2,2025-09-19,CUST-606119,81.22,3817.34,2026-02-12,181.14,2026-04-29,0,0,14.29,3.8,44.69,Family,3.78,1.61,78.46,3.02,Enterprise,97.66,-5.02,14.28,0.42
2ae2f636-3407-4549-8ae2-8136a07d9412,2025-09-11,CUST-144413,103.51,5382.52,2025-10-19,142.52,2025-11-04,16.92,1,21.14,4.92,34.58,Family,3.76,0.09,99.79,5.01,Enterprise,97.27,-2.65,8.88,0.26
af1dae4f-2383-4449-bb45-4cd9714252da,2026-01-27,CUST-191661,91.06,5463.6,2026-05-21,174.44,2026-03-17,26.79,2,29.99,20.93,34.89,Basic,4.17,8.64,140.43,6.93,Prepaid,97.39,-3.57,12.21,0.27
418a2f2f-3cf0-452d-b507-ce07b96680d6,2026-02-25,CUST-367558,104.05,3641.75,2025-10-01,37.1,2026-04-16,0,1,22.11,22.74,29.58,Premium,0.74,9.31,81.33,5.95,Postpaid,95.52,-7.43,13.43,0.35
c2a49645-7358-4964-be58-5033eb57ecef,2026-04-08,CUST-700478,58.32,1224.72,2026-03-22,69.64,2026-06-18,0,1,6.39,22.33,26.78,Basic,2.24,2.2,156.5,4.41,Postpaid,98.84,-8.13,4.81,0.29
737d8d17-890f-497a-9d2b-76da780597d8,2026-02-01,CUST-155190,125.77,3898.87,2026-06-07,134.33,2026-03-19,0,0,17.08,9.15,26.55,Family,1.19,-2.22,53.77,2.75,Prepaid,96.39,-7.91,11.81,0.32
dd08ce16-359c-4849-84d5-c477d4b2af36,2026-04-17,CUST-758060,87.27,3839.8799999999997,2025-08-12,167.57,2026-02-25,0,0,33.05,6.3,13.64,Enterprise,0.12,3.19,84.24,4.28,Prepaid,96.31,-6.89,3.28,0.15
11ffa17e-a81d-494b-a3c3-3b1a5c0d396a,2026-01-05,CUST-721832,127.54,7524.860000000001,2025-09-08,188.74,2026-02-10,0,1,7.41,22.98,37.43,Basic,3.81,-1.28,133.05,1.64,Enterprise,98.94,-0.98,10.46,0.32
60f4242d-3130-4b9d-b498-c156725dc35b,2025-10-05,CUST-800773,102.58,6052.22,2026-02-08,40.27,2025-07-25,0,2,29.9,3.45,30.26,Premium,3.23,-2.16,162.46,0.43,Postpaid,99.56,-0.73,2.04,0.33
0f4196d5-ec96-49c3-89e2-0db53225e29a,2025-11-17,CUST-910270,90.47,1537.99,2025-10-30,34.84,2025-08-12,0,1,22.12,18.77,31.86,Family,2.29,-4.41,54.57,1.38,Prepaid,97.02,-8.93,4.77,0.22
5daa4b2e-1f05-49ef-87c5-ef60ae92f623,2026-01-14,CUST-497228,123.16,1847.3999999999999,2026-04-19,173.71,2026-01-21,14.95,1,14.63,2.91,11.76,Family,2.66,4.28,132.3,4.88,Postpaid,97.28,-6.23,3.03,0.38
3ef27d72-b050-4c7a-bbc0-1716e54399d0,2026-03-05,CUST-713707,123.6,6674.4,2025-12-18,123.05,2025-07-30,0,2,49.8,20.56,47.19,Enterprise,0.53,-1.36,127.63,2.43,Postpaid,99.61,-7.35,4.27,0.15
c525a8c1-7dc1-449d-a8b1-78466e1dda6f,2025-11-01,CUST-429822,118.86,3565.8,2026-05-19,74.44,2026-04-10,0,1,14.46,19.18,37.98,Basic,1.01,1.98,72.46,2.55,Prepaid,96.55,-9.35,12.33,0.49
d4e4d234-01f8-4698-88a8-78fdc2e94d47,2025-07-31,CUST-175072,66.55,1397.55,2025-12-27,104.94,2025-11-28,0,1,25.04,1.81,26.53,Premium,4.49,-2.35,96.03,7.69,Prepaid,95.64,-7.45,17.51,0.17
cedb5e71-8d23-4737-a2ce-f5cef1f2a201,2025-12-21,CUST-483597,29.83,984.39,2025-12-03,121.91,2026-05-05,0,2,34.43,20.68,26.83,Family,2.31,-1.7,85.25,3.99,Postpaid,96.7,-6,10.34,0.3
d5df8c08-12a0-4a64-b9fd-e25a9eb80d65,2026-07-19,CUST-210925,72.57,4281.629999999999,2026-01-27,94.05,2026-05-15,0,1,11.23,29.36,24.41,Premium,3.02,-3.58,29.42,9.67,Prepaid,99.1,-4.26,9.91,0.25
f3a7e82f-dc99-49a5-872e-d894e8e69c01,2025-10-25,CUST-267878,126.82,5072.799999999999,2025-08-02,62.57,2026-03-11,0,2,36.58,6.16,35.79,Premium,4.91,8.97,33.04,4.53,Enterprise,99.1,-2.66,9.19,0.24
7c09e22b-5969-496c-bdea-a2fc7287e9ee,2026-02-03,CUST-388729,90.52,3620.7999999999997,2026-07-12,87.25,2026-01-17,23.11,1,46.86,9.78,44.97,Enterprise,3.85,-2.54,145.07,5.22,Postpaid,98.24,-2.1,8.78,0.11
776d5ae8-6ef7-450a-9c9f-6ce764d841b7,2026-06-22,CUST-653219,75.33,4293.8099999999995,2025-09-24,179.07,2026-02-03,0,1,11.45,23.58,40.61,Enterprise,3.62,7.52,196.43,2.61,Postpaid,96.6,-1.31,2.18,0.34
4408b5e1-868b-4e4c-9ba1-ebb56f86af17,2026-01-12,CUST-225027,50.19,1857.03,2025-08-19,118.76,2025-10-05,0,1,4.37,23.8,16.04,Family,2.48,-0.54,168.47,5.52,Enterprise,95.59,-9.95,18.39,0.42
7216349c-68b0-4567-95fc-8bb6b3203edf,2026-02-02,CUST-150490,32.88,1939.92,2025-10-28,181.91,2025-11-14,0,0,12.11,19.25,49.27,Basic,1.88,1.35,111.86,9.3,Postpaid,95.26,-6.04,16.9,0.28
34752b6c-2d67-4036-83a9-58e2a8247ec9,2025-08-17,CUST-799326,64.75,2590,2026-01-07,69.88,2026-07-21,0,0,49.14,26.16,37.45,Family,0.8,6.11,197.19,5.82,Prepaid,96.42,-4.6,7.53,0.34
ef9e7b96-5d96-4267-8b86-f6ae12e4342d,2025-12-29,CUST-687720,82.76,2979.36,2026-04-09,198.27,2025-08-27,0,1,43.94,2.62,22.17,Family,1.69,6.44,179.67,0.72,Prepaid,99.47,-8.34,12.79,0.14
aefa45ed-da3c-4a8c-8b53-a65b353cde5e,2026-07-18,CUST-681711,77.01,2772.36,2026-01-18,190.03,2026-01-27,30.62,0,36.23,3.89,28.79,Premium,2.44,-1.17,175.18,5.35,Postpaid,95.25,-8.18,2.32,0.47
81af5ab7-ed6f-4fcd-925c-24d65ec0827f,2026-06-14,CUST-470563,60.15,3609,2025-08-16,198.52,2025-10-12,10.43,1,4.43,26.96,25.57,Basic,2.7,0.71,179.83,2.41,Prepaid,99.02,-9.06,18.07,0.41
02be5ecc-6492-4039-af1d-15614f5dd0a4,2026-02-15,CUST-209317,47.51,2423.0099999999998,2025-09-29,128.55,2026-06-21,6.2,0,36.76,9.42,49.95,Basic,3.16,3.03,62.3,8.34,Postpaid,95.84,-8.67,8.95,0.19
f1b1bf01-fd78-4e1d-8d2d-06d86051e58a,2025-08-20,CUST-725453,48.79,2049.18,2026-07-05,190.14,2026-04-25,0,1,45.86,12.87,18.65,Premium,1.39,-0.22,153.7,6.59,Prepaid,99.21,-6.57,17.36,0.3
770b293e-32c1-4e66-ab21-ac9382f6ec7a,2026-06-21,CUST-447764,22.94,412.92,2026-05-01,62.26,2025-11-01,0,0,23.93,23.47,29.76,Premium,1.75,8.4,177.92,0.82,Prepaid,96.11,-0.72,8.66,0.16
9b567cda-0181-4b92-85a0-c91eb868beac,2025-12-19,CUST-712458,74.98,1199.68,2026-03-11,52.35,2026-07-07,0,2,48.65,25.07,33.71,Enterprise,2.97,4.78,44.82,8.62,Enterprise,97.92,-4.09,18.96,0.39
da0b50fb-8914-4586-b662-1084ab283dd2,2025-09-06,CUST-923612,47.03,1175.75,2026-07-02,34.72,2025-11-27,0,2,0.28,24.9,42.11,Enterprise,2.57,0.05,146.09,3.5,Prepaid,98.32,-3.92,7.73,0.46
6165684d-a681-4038-96da-d6c111cce36c,2025-11-15,CUST-239016,65.03,2991.38,2025-10-25,89.34,2026-06-26,23.93,1,42.15,27.63,44.38,Family,4.43,5.81,151.97,7.3,Postpaid,97.36,-2.54,16.78,0.18
f715705f-289b-4983-a99e-a9b5037951a0,2025-10-19,CUST-183713,91.88,1561.96,2025-08-31,138.46,2026-02-02,0,1,6.19,15.69,26.48,Enterprise,2.45,4.56,51.78,5.88,Postpaid,95.07,-7.22,6.5,0.14
6e629163-5c9b-4260-87fd-d4efa6394da0,2026-03-02,CUST-978169,143.59,1723.08,2025-09-16,113.83,2025-10-20,0,0,21.56,1.41,24.15,Basic,4.48,2.93,160.92,3.9,Enterprise,95.26,-3.84,7.43,0.41
c585a589-d9bb-4953-b492-8150c3521757,2026-02-23,CUST-164024,79.05,1106.7,2026-07-07,199.23,2026-07-05,0,1,37.91,11.83,33.9,Enterprise,3.81,9.89,62.58,9.56,Prepaid,99.45,-8.72,18.05,0.43
4f2db2a4-2796-4c14-ab58-5d06d19f79b3,2026-06-15,CUST-593554,74.71,3810.2099999999996,2026-07-21,122.07,2026-02-06,0,2,24.94,8.55,12.84,Family,3.56,1.19,192.72,5.22,Enterprise,98.44,-3.98,13.38,0.46
e64e85f7-2ee4-42cb-a893-a6f410eeda99,2025-08-13,CUST-250882,137.58,6603.84,2026-01-19,135.64,2026-06-21,0,0,29.05,9.28,19.25,Basic,1.2,4.25,165.2,8.04,Postpaid,98.38,-7.35,7.86,0.2
0167bdd0-e46f-43fc-8865-12176602992e,2025-08-26,CUST-510061,100.62,2917.98,2026-04-29,56.21,2026-06-13,0,2,18.3,27.54,12,Premium,2.27,-3.19,27.06,1.38,Prepaid,95.2,-3.42,1.36,0.36
1eddcd3e-9087-4e30-b23d-c4049e19b417,2026-04-21,CUST-580904,75.91,1973.6599999999999,2026-06-09,83.72,2025-12-30,42.18,1,15.97,19.27,23.97,Enterprise,0.14,-4.52,176.44,4.7,Enterprise,97.24,-4.32,8.84,0.19
d74a2dec-a720-4fb4-ad67-a72942f06616,2026-01-10,CUST-792811,81.68,3022.1600000000003,2026-06-28,194.86,2025-10-01,0,2,28.41,26.05,32.17,Premium,2.18,-0.6,100.6,8.34,Prepaid,99.8,-9.8,13.92,0.34
b27703ab-e01a-4652-a896-065f14e565d2,2026-05-09,CUST-508129,39.86,1594.4,2025-09-09,49.42,2026-03-28,0,1,32.05,28.16,17.83,Premium,4,-2.52,124.41,3.14,Enterprise,98.9,-7.6,11.16,0.14
8b9a0650-7da9-4da7-9837-012105329d8e,2025-12-28,CUST-964692,76.98,3925.98,2026-06-11,199.59,2025-10-19,12.07,2,7.88,13.54,46.33,Enterprise,4.74,-2.02,95.22,8.49,Postpaid,98.67,-9.42,3.61,0.14
3cf4521e-8fa4-40fb-acb0-d462346de2e0,2025-10-27,CUST-358368,122.15,3664.5,2026-02-02,137.67,2025-07-29,37.07,2,16.09,2.76,48.87,Premium,2.8,-0.21,149.33,9.83,Enterprise,98.31,-5.36,15.9,0.42
0cc1fed1-8991-4da8-90f2-ca1efba05518,2025-09-15,CUST-974530,136.52,7372.080000000001,2026-03-20,67.42,2025-08-15,0,1,28.3,19.28,10.33,Family,3.32,-1.98,36.04,3.72,Postpaid,99.09,-8.65,0.01,0.44
b9a6a55a-54b0-419e-bdbf-cfada6765c7d,2025-11-08,CUST-353538,99.38,1987.6,2026-06-19,88.34,2026-05-27,0,0,27.86,10.62,38.77,Enterprise,1.81,6.93,160.12,5.43,Enterprise,99.48,-2.84,14.49,0.43
bd649cbf-477b-4a7f-96fa-766527f15244,2025-08-10,CUST-808073,58.9,1825.8999999999999,2025-09-29,21.49,2025-08-21,0,2,9.81,4.2,29.19,Basic,1.03,3.58,55.49,6.56,Enterprise,95,-6.54,3.18,0.44
4fe2bdce-6b6c-4e81-994c-bfcce3f6f42e,2025-10-02,CUST-936232,92.81,5104.55,2026-02-27,88.84,2026-07-05,0,1,8.15,0.6,38.14,Family,4.38,4.56,25.92,0.56,Postpaid,96.08,-9.8,5.21,0.14
5f74dc69-7a16-4790-afca-718f5d29eb82,2025-11-30,CUST-559151,46.23,2727.5699999999997,2026-05-07,89.95,2026-07-03,0,2,48.17,19.45,38.62,Basic,0.19,-4.84,164.36,0.68,Prepaid,95.04,-6,18.97,0.37
f4009666-06d2-4179-a829-0c4f3293722b,2026-04-24,CUST-872162,41.16,1934.5199999999998,2026-05-21,75.64,2025-10-08,0,2,0.2,22.7,40.53,Basic,1.93,6.68,84.66,3.58,Enterprise,99.85,-7.54,5.17,0.13
6a650e89-c5d6-40d6-b5da-f02979752633,2026-05-30,CUST-741732,21.43,407.17,2026-04-27,46.63,2026-03-26,0,2,11.01,13.11,22.52,Premium,1.92,7.12,149.73,0.66,Prepaid,96.44,-5.1,16.22,0.27
92684d88-19c1-4e6c-96f1-c4f6f4459cb6,2025-10-04,CUST-523921,139.26,5431.139999999999,2025-11-13,47.81,2026-01-11,0,1,14.46,8.73,13.61,Premium,2.7,-4.93,198.62,6.23,Postpaid,99.98,-6.31,8.72,0.28
12e02a4d-5bb7-41b4-9486-a0a4f401a549,2026-05-23,CUST-806618,147.35,5746.65,2025-08-14,31.24,2026-06-26,0,1,33.06,22.85,15.63,Enterprise,1.36,-4.8,120.72,4.54,Prepaid,98.25,-4.86,9.99,0.16
32a2f1d0-8911-4772-8359-6e48a5bd82f6,2026-04-27,CUST-733432,76.72,4219.6,2025-12-16,72.93,2025-08-09,39.38,1,31.99,10.02,46.85,Family,3.29,2.96,73.68,2.54,Prepaid,98.09,-9.6,17.08,0.15
5e514a1d-8458-438e-a0dc-00e71d397309,2026-03-27,CUST-335396,120.99,5565.54,2025-12-06,25.99,2026-01-31,0,1,4.42,24.22,45.37,Premium,4.3,3.52,73.67,3,Prepaid,95.64,-8.46,8.95,0.32
7f58d125-2baa-4f45-a635-65cee600863b,2025-09-17,CUST-544175,126.96,5713.2,2026-04-30,185.3,2025-09-10,0,1,45.66,30,15.57,Enterprise,3.26,5.48,179.24,5.76,Postpaid,96,-3.62,12.54,0.13
49858135-1d1a-4ca1-82de-77655a3c77f1,2025-10-01,CUST-688069,139.94,6017.42,2025-11-17,39.02,2026-04-28,0,2,10.61,6.57,45.88,Premium,4.67,-1.24,56.64,1.35,Postpaid,96.52,-8.7,7.52,0.13
e8624157-bcf9-45aa-93dc-f6d33cf4ee65,2026-02-12,CUST-407639,116.49,2679.27,2025-08-10,167.81,2026-01-07,0,1,4.38,24.87,14.39,Premium,2.94,3.55,85.54,6.1,Postpaid,98.28,-5.88,6.86,0.49
c22aa90f-6e3b-4732-9bf1-cb8f04f43fb0,2026-03-20,CUST-196180,147.97,2811.43,2025-09-17,95.72,2026-03-19,23.9,1,16.7,23.75,24.93,Enterprise,0.43,5.05,64.32,9.93,Postpaid,97.32,-7.35,4.04,0.18
b8cc83e5-f743-4a15-a4b5-61eeb7a9e37e,2026-07-16,CUST-574350,86.15,4910.55,2026-05-03,34.87,2025-08-28,0,2,24.23,5.22,42.07,Enterprise,0.28,-4.43,158.85,7.38,Prepaid,98.8,-7.16,0.39,0.17
e96c98c6-2016-4f46-a453-5a24b7fb6112,2025-08-26,CUST-126429,40.02,720.36,2026-05-23,142.19,2026-03-10,14.19,1,27.68,7.46,31.28,Family,1.05,-2.01,93.79,8.41,Prepaid,97.64,-7.73,8.24,0.11
0541e35c-8d1e-43b4-bc1e-407e70f76215,2026-03-22,CUST-280025,100.19,4809.12,2025-11-26,45.41,2025-07-26,0,1,5.09,15.43,42.62,Premium,3.23,1.7,166.48,5.07,Prepaid,98.6,-3.55,19.81,0.15
92e03152-957b-4aa8-a6e0-f4c6d963e3dc,2025-12-15,CUST-283845,73.52,2499.68,2026-07-22,54.48,2026-02-24,0,1,5.06,12.76,39.76,Enterprise,1.01,6.64,121.43,7.57,Postpaid,99.83,-4.56,19.86,0.46
666ee0ba-5918-40c7-b33c-30154f7d932f,2025-12-05,CUST-773212,107.08,5568.16,2026-05-29,133.73,2025-08-27,0,1,38.53,24.23,19.72,Enterprise,1.9,1.06,38.76,3.7,Prepaid,98.61,-4.14,5.54,0.46
19aeaed0-3dfe-424e-9a1f-334b13955259,2026-04-09,CUST-841988,96.24,2117.2799999999997,2025-12-23,107.89,2026-02-15,0,1,49.49,28.53,45.15,Family,2.24,4.45,193.34,2.05,Postpaid,96.97,-8.31,7.18,0.39
0c2d8a55-747a-44b5-a69f-c71613f18db4,2026-04-26,CUST-885005,54.01,1944.36,2025-08-01,102.25,2025-11-23,0,1,32.25,18.64,22.49,Enterprise,3.82,9.42,153.8,9.1,Enterprise,96.52,-6.93,15.02,0.21
5bc44f20-6fd9-43a1-abf1-a543cc8393b7,2026-04-13,CUST-651013,49.49,1385.72,2026-07-07,50.46,2026-04-28,0,2,44.83,16.93,19.84,Premium,3.73,8.53,80.2,7.61,Prepaid,97.1,-5.5,5.74,0.43
79400232-0e6f-44a1-a862-37b631b64abb,2025-12-28,CUST-389684,57.2,2345.2000000000003,2026-01-16,128.89,2026-06-09,11.19,0,8.13,3.62,11.1,Basic,0.77,-4.66,182.32,2.61,Postpaid,99.23,-5.16,8.27,0.36
75d61694-0786-4aeb-b5c8-17012ac5c559,2026-06-29,CUST-190723,31.67,1836.8600000000001,2025-11-28,140.89,2025-11-20,0,0,41.48,0.9,29.02,Basic,1.67,0.92,111.23,3.73,Postpaid,96.41,-3,10.97,0.49
c06ead8f-5c0c-4643-9431-dd15ec01b0a7,2026-03-09,CUST-674063,111.71,5026.95,2026-05-12,125.14,2026-01-20,0,1,37.79,11.5,43.25,Basic,2.85,3.68,62.62,2.04,Postpaid,95.69,-9.97,19.5,0.22
e79704e6-4df8-4798-8a3d-ab6364cb65f7,2025-12-06,CUST-208775,37.01,777.2099999999999,2025-11-09,32.68,2026-05-20,0,1,35.27,16.92,33.97,Family,4.95,3.75,65.49,9.47,Prepaid,98.39,-3.03,2.37,0.4
f43fc11f-587c-4e6b-9588-1253dfbd1901,2026-02-27,CUST-366891,113.04,3730.32,2025-08-17,72.06,2025-12-14,0,0,25.82,0.33,29.31,Family,1.68,-0.98,51.95,8.51,Prepaid,99.42,-6.9,12.69,0.13
dac02c28-2f8f-420b-a93d-5cfb9cc333c9,2026-07-11,CUST-842827,113.05,6443.849999999999,2026-03-10,188.72,2026-01-15,0,1,6.56,22.78,13.26,Basic,3.17,-1.34,25.7,4.79,Postpaid,99.98,-7.96,11.69,0.32
b118cb64-c4aa-4fd7-8652-46d51f5d82ab,2026-02-28,CUST-948465,90.08,5314.72,2026-02-16,151.85,2026-06-26,0,1,40.46,12.32,24.66,Family,3.18,8.83,30.37,6.8,Prepaid,96.05,-9.48,2.08,0.4
eacf21c5-90a5-4d48-83c3-8df67ec70070,2025-08-17,CUST-158598,21.95,1097.5,2025-09-26,189.91,2026-05-13,0,2,8,13.71,46.6,Enterprise,1.97,7.95,199.57,1.42,Enterprise,97.58,-3.57,17.84,0.39
8d0c5dea-ccee-42da-ab7f-759e3bc91cb9,2025-10-24,CUST-271632,113.96,5470.08,2026-06-15,129.15,2026-06-24,0,1,22.84,9.07,12.71,Enterprise,1.24,1.87,62.9,7.67,Enterprise,98.42,-8.71,17.37,0.19
0af40103-5e8a-47c6-8610-c8267e8b2852,2026-02-22,CUST-564371,113.62,5453.76,2026-06-22,109.26,2025-09-25,0,1,20.98,11.66,10.24,Family,2.64,6.33,136.41,6.9,Prepaid,95.19,-2.45,8.23,0.22
dc90c909-e162-4949-9010-4c12b31873cb,2025-11-21,CUST-616453,45.39,1407.09,2025-10-31,134.95,2026-05-09,0,1,38.29,0.07,33.91,Family,0.56,7.62,71.91,6.9,Prepaid,98.06,-8.09,0.06,0.35
1b2085ff-3f76-479a-93fb-d9eae62d1bee,2026-04-07,CUST-737289,90.68,4080.6000000000004,2026-03-01,98.6,2025-08-24,0,0,31.14,5.66,23.73,Premium,2.31,3.5,174.17,2.97,Prepaid,98.09,-4.58,11.33,0.42
d63e988f-ab02-4c1d-b7f8-759d998b270a,2025-07-27,CUST-510305,54.39,2556.33,2026-02-14,68.51,2026-03-19,0,0,31.78,18.27,46.9,Premium,1.9,-1.39,191.99,8.85,Prepaid,98.75,-5.61,7.16,0.13
df93e126-4c60-4681-8e0c-48e92b2bd83e,2025-09-23,CUST-155010,148.43,4601.33,2026-01-29,66.62,2026-07-20,0,0,38.67,27.07,19.1,Basic,0.85,5.14,136.26,6.8,Postpaid,99.81,-1.84,6.69,0.31
950aacf7-286f-4249-b3d5-4bfa8396530c,2025-10-27,CUST-491785,67.49,2294.66,2025-08-07,78.3,2026-07-14,0,1,12.96,0.01,21.09,Enterprise,2.02,-2.71,31.54,0.53,Enterprise,99.37,-1.21,8.38,0.37
5d76180a-0493-4449-b196-d1bfd3335522,2026-02-14,CUST-868474,113.51,3178.28,2026-06-06,132.4,2025-09-10,0,1,12.9,6.14,43.41,Premium,3.62,3.49,187.91,1.07,Postpaid,97.86,-9.87,10.68,0.27
d9aa95da-9c50-4cd7-a5ee-3115c452fe61,2026-05-12,CUST-131986,50.1,1703.4,2025-12-16,131.57,2025-11-15,0,0,33.72,7.26,28.45,Premium,2.14,3.35,174.5,7.72,Postpaid,96.52,-6.39,14.35,0.1
174edfce-5dbd-4de1-97d8-cd7ee311cfc6,2025-12-15,CUST-984320,96.12,2018.52,2026-01-10,193.67,2025-11-09,0,1,2.73,16.74,47.58,Premium,0.52,5.95,75.06,5.88,Enterprise,96.31,-0.6,17.58,0.43
c1c3f293-99b6-400a-8971-03cb556296b7,2026-06-29,CUST-992943,46.21,2125.66,2026-03-25,128.23,2025-09-16,46.66,1,30.55,3.16,22.84,Premium,3.09,-4.59,102.85,9.83,Enterprise,96.4,-1.43,16.18,0.2
5d3cdc35-8f99-4536-b82a-52c0a298426a,2026-02-13,CUST-933893,111.7,5138.2,2025-10-13,181.05,2025-10-31,24.3,2,4.37,20.89,18.8,Basic,0.99,2.2,72,5.2,Enterprise,99.12,-1,16.2,0.21
979b27ac-a553-4cbc-9322-ebc35560af31,2026-04-27,CUST-920584,124.38,2860.74,2026-05-12,34.45,2026-04-21,0,1,22.22,15.88,21.97,Basic,4.91,7.67,183.49,8.9,Postpaid,99.04,-7.91,6.55,0.46
04af3d9f-f405-4a79-85a7-d4c520261b48,2026-04-30,CUST-346079,147.64,7381.999999999999,2026-02-15,42.27,2025-08-14,0,1,15.24,26.91,38.01,Enterprise,4.24,-1.47,137.01,2.95,Postpaid,95.66,-3.15,14.8,0.4
c5904228-f2c9-44ad-a5af-8d6abf93cfe0,2025-12-09,CUST-509311,87.84,5006.88,2025-09-03,92.08,2026-03-03,0,2,0.37,8.31,41.82,Basic,4.72,7.74,90.33,6.46,Postpaid,96.49,-7.08,2.25,0.11
15b1965e-96ea-4dfd-a570-ca37ae08cb40,2025-09-30,CUST-133355,57.72,1443,2025-09-09,178.56,2025-07-30,0,1,0.72,27.36,43.59,Family,4.55,2.94,77.21,4.02,Enterprise,98.9,-5.78,15.14,0.31
357b5c39-79f7-4096-9ec9-5bfb9c221fb3,2025-09-02,CUST-634369,145.13,5950.33,2025-09-02,183.31,2025-10-24,0,1,14.38,19.84,41.2,Premium,1.22,5.88,43.01,6.44,Enterprise,95.92,-4.84,16.1,0.34
7d2bf4c3-fd15-4ce2-a605-582becae9f76,2025-10-03,CUST-212319,108.84,2938.6800000000003,2026-01-05,70.68,2025-09-01,0,2,48.31,8.71,12.65,Basic,0.48,-4.43,44.47,0.53,Prepaid,98.45,-8.89,7.82,0.19
d34b65e1-fcb5-43c0-a2f0-e97882256e74,2026-02-03,CUST-556953,60.81,2310.78,2025-08-09,107.46,2026-04-10,0,1,44.15,28.3,11.86,Basic,3.21,6.98,135.87,4.02,Prepaid,95.47,-7.76,14.08,0.35
3345bf1d-80c2-46a4-8c65-73c3e365afe1,2026-01-04,CUST-632174,26.24,787.1999999999999,2025-11-24,71.54,2026-05-01,0,0,39.37,0.8,36.59,Basic,1.45,5.95,73.1,6.42,Prepaid,99.13,-2.97,17.04,0.41
cdb6a54c-bb26-4692-9695-b9efb9e55d27,2026-07-08,CUST-426841,27.59,827.7,2025-10-13,24.16,2026-05-03,0,1,12.5,18.98,19.33,Basic,1.14,6.02,136.58,4.54,Postpaid,96.63,-9.37,14.93,0.43
2911c7da-3217-47a5-8f82-2f7aabbaf1a2,2026-01-22,CUST-783165,84.52,4141.48,2026-05-04,161.2,2025-11-22,49.76,0,2.72,7.16,13.43,Premium,4.22,4.4,41.43,8.84,Prepaid,98.28,-0.9,11.82,0.35
d24bd5fd-630b-4c75-bfbb-2b726306ec97,2026-03-30,CUST-530486,65.26,3915.6000000000004,2026-04-29,119.2,2026-07-23,0,1,19.78,25.42,32.56,Enterprise,3.71,4.18,112.43,8.73,Enterprise,99.06,-0.09,9.72,0.12
c2fb0322-8d09-49b1-96ac-da8ebf4383b6,2025-12-21,CUST-627151,33.27,1929.66,2026-04-24,100.76,2026-04-19,44.98,0,19.9,24.79,43.44,Enterprise,1.73,-0.17,114.01,1.95,Prepaid,98.69,-3.69,1.14,0.18
2b1d0e0f-764c-4390-9c5d-a8cea32981af,2025-12-24,CUST-704681,29.99,899.6999999999999,2026-02-20,63.27,2025-11-07,0,1,25.31,29.24,29.03,Family,1.67,-4.69,84.28,5.37,Prepaid,96.68,-2.66,8.28,0.3
7400ec5d-054f-4013-bde9-22d688010bc8,2025-09-28,CUST-287155,28.93,752.18,2025-11-15,34.68,2026-05-16,0,1,5.5,29.13,22.55,Family,4.49,5.98,190.95,9.29,Prepaid,97.53,-1.46,12.32,0.14
2604abe9-bc08-47fb-afc9-ed623969bead,2026-01-07,CUST-303603,98.6,2070.6,2026-02-28,35.35,2025-08-18,46.78,1,32.29,14.47,18.77,Enterprise,4.41,3.15,82.09,9.49,Prepaid,99.73,-4.31,13.3,0.5
64752585-625f-477e-92b1-5f593d2cd740,2026-01-28,CUST-987063,136.09,5443.6,2025-09-16,118.57,2025-10-17,38.34,1,47.21,29.27,22.52,Basic,1.02,0.08,59.94,2.86,Postpaid,97.17,-7.87,2.42,0.12
d264937b-019b-4178-b1cb-abf409ba7f7a,2026-04-19,CUST-525093,113.55,2952.2999999999997,2025-10-09,90.2,2026-03-18,0,1,36.94,18.66,13.49,Enterprise,2.27,9.5,40.59,7.83,Postpaid,97.63,-1.65,10.41,0.32
b04035e5-6859-4260-bf25-8402c96aa2cb,2026-03-02,CUST-731113,131.96,5806.240000000001,2026-06-05,89.73,2026-03-15,0,1,32.19,20.4,19.21,Family,3.3,8.8,110.45,2.25,Enterprise,95.64,-8.07,3.93,0.41
4e9f0820-a69c-4795-b46f-9e7010f451d5,2025-08-10,CUST-973748,29.21,905.51,2025-11-14,175.45,2025-08-12,0,1,3.88,28.49,40.54,Premium,2.54,9.45,57.91,1.04,Prepaid,97.06,-8.1,12.32,0.28
e07ca67e-b4cd-432b-beb0-c13350ee8467,2026-02-05,CUST-689854,32.86,1511.56,2026-02-25,41.07,2026-03-01,0,1,15.09,26.59,37.43,Premium,1.43,-3.57,186.09,3.61,Prepaid,96.67,-0.06,7.12,0.41
4b68f036-4592-439a-ba12-6af33c9a00f1,2025-10-20,CUST-857396,68.54,3701.1600000000003,2025-07-29,103.2,2025-12-31,9.71,1,15.16,1.4,24.86,Family,5,-0.33,144.33,1.75,Postpaid,99.2,-1.1,8.42,0.23
86f329a7-d685-4c15-acac-1ed0e0020c94,2026-06-18,CUST-666931,54.62,2894.8599999999997,2026-05-22,103.08,2026-05-17,6.1,0,25.24,21.24,13.68,Basic,0.45,-1.08,187.91,5.57,Prepaid,98.34,-6.15,1.4,0.29
2a2e8ef1-69ef-41b3-ada8-37120cdff81a,2026-05-29,CUST-872256,131.28,3150.7200000000003,2026-05-18,192.1,2025-12-20,0,1,36.87,1.76,26.75,Enterprise,3.69,7.34,150.86,2.1,Postpaid,96.23,-4.69,4.81,0.15
9616d35f-167d-4537-88c9-0e052a80f00d,2026-06-17,CUST-275040,145.38,8432.039999999999,2026-03-23,80.47,2026-07-04,0,1,15.08,23.76,35.12,Premium,0.11,7.77,137.11,0.52,Postpaid,97.7,-4.69,10.06,0.25
23e84510-6580-4049-87be-eae11e07c273,2025-08-26,CUST-803255,112.95,4292.1,2025-08-29,154,2025-08-21,44.17,1,20.39,27.98,49,Premium,1,7.85,183.88,5.78,Prepaid,99.38,-9.35,15.25,0.16
d5391c30-96e4-4ea9-b97b-165e4e36c847,2025-08-10,CUST-233979,71.94,2086.2599999999998,2025-10-02,44.17,2025-09-28,0,0,27.19,17.61,42.47,Family,1.27,7.97,86.92,8.02,Enterprise,97.11,-9.08,5.1,0.3
e1a86583-9303-4d59-957c-e7759e43c161,2026-07-14,CUST-905590,29.49,914.1899999999999,2025-12-17,39.53,2025-11-06,0,1,39.53,28.92,40.37,Family,2.78,2.55,62.51,9.04,Prepaid,97.71,-4.23,14.68,0.27
44c8a82c-970b-4c1a-b989-561f5844c766,2025-08-24,CUST-241070,133.49,2803.29,2026-03-26,143.95,2025-09-15,24.69,0,24.95,14.03,26.98,Enterprise,2.99,2.58,86.26,3.8,Postpaid,97.52,-3.72,5.33,0.22
420dc46c-209a-4923-9a6f-48f72a9b50e9,2026-04-14,CUST-251984,27.57,468.69,2026-06-06,192.53,2026-03-04,41.31,1,23.35,12.79,10.11,Basic,1.15,-2.37,101.85,9.5,Postpaid,96.47,-2.63,18.81,0.2
056bbecb-c400-4aff-9ecc-f4fa7cd914da,2025-10-31,CUST-496589,148.03,5625.14,2026-03-31,173.66,2026-05-21,0,1,1.45,25.58,15.87,Enterprise,1.73,-0.8,174.23,6.78,Postpaid,97.68,-6.82,18.94,0.47
baf37ab4-294f-46c1-8514-621823dfe868,2025-08-15,CUST-283766,30.87,926.1,2025-11-14,62.81,2026-03-31,0,1,17.69,5.69,26.91,Basic,1.41,0,38.14,8.77,Postpaid,98.44,-7.34,19.71,0.39
8a8853a6-aecf-450e-9e66-19e05cd23079,2026-05-12,CUST-587889,129.49,2201.33,2025-09-18,97.37,2025-12-24,0,1,16.37,17.27,35.36,Basic,2.8,4.32,35.65,7.57,Enterprise,99.87,-9.8,3.05,0.34
bbd8133b-ada1-4c67-ac38-400f99ecd1a4,2026-01-17,CUST-886026,52.77,1160.94,2026-01-26,69.28,2026-07-05,47.54,2,48.05,5.69,12.75,Family,1.43,-1.46,51.99,8.82,Enterprise,99.62,-9.95,2.87,0.42
04b8abda-716a-4ed4-b1d7-9233850a4945,2025-09-11,CUST-313895,118.37,5445.02,2026-02-04,187.11,2025-10-03,0,1,26.44,26.99,18.17,Family,4.25,6.48,129.13,2.59,Postpaid,98.11,-6.79,11.91,0.28
352cd678-b2c0-4478-8194-0a536c09d1d8,2025-10-15,CUST-856635,21.46,1115.92,2026-02-02,184.32,2025-12-26,0,1,2.82,28.93,30.15,Enterprise,0.38,-1.39,97.29,7.65,Postpaid,97.41,-3.42,3.53,0.4
1aa9c2e9-6ed5-46a0-b8d7-b144e001bf22,2026-06-11,CUST-897844,71.66,1934.82,2026-01-06,94.84,2025-08-14,0,1,5.99,14.89,47.36,Enterprise,4.75,4.44,195.19,4.44,Prepaid,96.98,-2.97,14.06,0.15
78120e7c-da70-42f3-b7e6-534bcbc870aa,2025-10-31,CUST-735168,141.06,7053,2026-01-29,181.47,2026-01-16,0,0,42.49,8.93,44.11,Basic,2,-2.52,191.06,1.38,Postpaid,96.07,-1.18,19.69,0.5
ec8aecac-0318-4b08-a5cf-963af495db02,2025-10-23,CUST-127078,74.56,2013.1200000000001,2026-01-30,178.09,2025-10-26,0,0,31.14,15.18,21.26,Family,4.27,-4.9,106.31,3.69,Enterprise,97.06,-6.72,13.42,0.5
c7b3bea5-dbb8-49b0-a77c-d20920685bca,2025-10-02,CUST-605509,103.51,5382.52,2026-02-05,89.87,2025-11-04,0,1,2.21,26.22,12.04,Family,0.11,-0.01,61.55,6.94,Postpaid,99.13,-5.63,8.22,0.47
e47ba7af-5e32-494c-b192-aadfb104ca56,2026-01-23,CUST-801574,116.67,6066.84,2026-05-26,62.38,2026-05-29,0,2,21.68,12.82,18.89,Basic,3.85,7.05,31.78,8.06,Postpaid,95.61,-4.25,12.1,0.14
d70239d8-f52c-4393-93b7-ba4ba48961bb,2026-05-22,CUST-224276,91.11,3644.4,2026-05-21,38.64,2026-02-05,0,2,47.18,15.47,18.99,Premium,1.62,0.64,198.42,3.81,Postpaid,97.79,-9.72,18.54,0.3
e8b81493-d618-4c54-9ebd-0e3e1b029522,2026-06-08,CUST-565786,91.09,4554.5,2026-05-21,128.64,2025-11-17,0,1,3.25,10.43,21.52,Family,1.55,-2.65,48.93,8.92,Postpaid,99.86,-7.35,6.05,0.28
d32f7d6e-42ac-4023-b985-f20b4be0d728,2026-06-26,CUST-613454,34.17,1640.16,2025-07-27,43.59,2025-11-10,0,1,8.33,6.52,14.75,Family,0.94,-0.56,195.31,1.44,Postpaid,98.33,-5.71,16.71,0.3
e05a7fe7-e6e6-4e9a-bc5e-79ccf80303af,2026-05-07,CUST-719675,21.97,307.58,2025-08-17,180.04,2025-10-22,0,1,5.02,20.44,47.25,Premium,1.91,4.81,25.8,0.13,Prepaid,96.62,-1.09,18.03,0.49
5972cf77-2d13-4fd7-87f2-2723573a8ce1,2026-04-26,CUST-435952,99.54,5176.08,2026-04-16,110.31,2026-06-12,0,0,7.12,10.64,28.45,Premium,3.61,1.01,50.2,4.74,Enterprise,99.59,-9.3,12.15,0.33
770c0996-b7ad-4337-8820-fa3f9609e8dd,2026-07-20,CUST-723924,80.32,1445.7599999999998,2025-10-25,48.31,2025-07-29,0,1,3.63,27.6,11.94,Enterprise,1.67,-4.19,125.61,6.16,Postpaid,99.36,-6.25,17.75,0.3
21e797c5-3928-4584-871c-07c9add7f937,2026-03-07,CUST-470168,82.53,1320.48,2026-05-19,188.95,2026-01-02,0,0,16.99,0.68,11.68,Family,2.51,-4.82,55.86,1.88,Postpaid,96.76,-8.44,7.15,0.39
3346703c-c7df-42df-812b-accc6df3501c,2026-01-07,CUST-310125,112.89,2370.69,2026-04-08,106.46,2025-11-12,20.12,2,27.24,11.36,35.27,Premium,0.68,-3.99,111.67,2.32,Postpaid,95.47,-3.79,9.56,0.42
ad936442-43df-444d-b63a-af1297e704f0,2025-10-21,CUST-792975,111.86,1789.76,2026-03-21,146.46,2025-08-16,13.16,1,38.92,7.36,43.98,Basic,4.5,-0.65,33.98,1.6,Prepaid,99,-4.82,1.91,0.41
57e76eb3-c4aa-4d2c-b2af-26e8f8f3fdc9,2026-03-09,CUST-700120,72.81,1529.01,2025-10-29,65.91,2026-04-18,0,2,45.21,24.45,13.01,Premium,3.94,7.57,43.54,9.12,Enterprise,97.99,-8.58,3.35,0.49
ecf42b63-54e7-4e2c-b4a2-c45fca00abe9,2026-05-22,CUST-271264,38.73,2013.9599999999998,2026-05-25,30.71,2025-11-05,23.81,0,32.4,21,46.46,Family,0.74,2.44,39.22,3.19,Prepaid,97.01,-6.03,4.41,0.34
303e720d-929a-4c6e-a3f6-d0bd5d4170f7,2026-02-08,CUST-475968,55.8,1171.8,2026-07-24,129.18,2025-08-27,0,1,16.77,28.94,16.53,Premium,2.01,3.58,28.81,4.72,Enterprise,96.21,-8.36,13.28,0.24
acb481c2-1b03-4921-90b2-42cab6788f10,2025-08-30,CUST-753810,93.97,2255.2799999999997,2026-03-30,141.18,2026-02-19,0,1,17.16,2.63,21.91,Premium,3.34,-3.11,166.3,0.99,Prepaid,98.12,-7.89,0.46,0.28
6052b408-99f4-4f69-8e1b-4c43f2586637,2025-08-30,CUST-310647,23.87,1265.1100000000001,2026-07-12,111.73,2025-12-30,0,2,38.1,25.7,37.79,Enterprise,2.11,4.75,70.04,6.11,Enterprise,95.04,-9.31,3.3,0.32
251672bf-9176-423a-8547-122971e6e20d,2026-06-18,CUST-105230,118.02,2950.5,2026-01-10,144.26,2026-04-14,0,1,2.77,27.02,17.34,Family,2.74,2.94,178.15,4.79,Enterprise,98.41,-2.38,14.35,0.11
2cb23484-eb9f-4c41-829f-be56608b2584,2026-03-02,CUST-583304,58.48,3274.8799999999997,2026-03-23,124.05,2026-01-28,0,1,8.61,14.34,31.28,Basic,2.4,8.62,97.17,6.66,Enterprise,98.49,-9.49,9.43,0.32
4b91146c-f484-4664-abd7-4827236723cf,2025-08-27,CUST-970502,111.33,6568.47,2025-08-18,22.74,2026-01-15,0,1,32.14,10.87,19.34,Premium,0.88,-0.03,82.59,4.02,Postpaid,97.46,-1.62,9.49,0.43
ca5768f8-bfa3-464d-83d3-723ab640ced6,2025-12-09,CUST-377103,123.28,2712.16,2026-05-19,127.54,2026-05-28,0,0,29.69,16.42,30.4,Basic,4.62,-3.59,168.75,9.22,Prepaid,99.91,-9.55,1.05,0.45
69d6e704-a85b-4d94-a8b5-c6945ad46fd8,2026-04-25,CUST-255468,136.67,4920.12,2026-06-19,101.95,2025-11-06,0,0,2.54,14.73,16.24,Basic,3.47,5.02,195.71,2.24,Enterprise,98.32,-4.45,12.59,0.26
934db5b5-f35d-42c7-8a0b-3ffe2d1da47b,2025-10-18,CUST-666525,101.82,5396.46,2026-02-02,31.45,2025-10-13,0,0,47.36,19.9,24.42,Premium,0.7,9.27,164.75,9.38,Prepaid,99.11,-9.49,18.87,0.48
4c03dd20-1240-484c-88fb-f10effc601a4,2026-01-20,CUST-907834,113.14,5543.86,2026-02-28,55.47,2025-09-02,0,2,32.62,23.83,13.2,Family,0.54,-3.11,88.42,6.79,Postpaid,95.51,-6.1,4.05,0.2
450bffb8-bfb9-4e9a-bf82-50e193fa8425,2026-07-15,CUST-762548,103.25,3613.75,2026-06-10,129.97,2026-03-05,0,1,49.52,28.19,41.03,Family,2.89,7.31,37.5,6.56,Prepaid,97.57,-1.11,12.51,0.32
a6849e93-8a9a-4ed8-b49b-b6d34e297901,2026-07-25,CUST-574338,45.45,2181.6000000000004,2025-12-07,129.6,2025-10-09,0,0,46.97,14.16,27.2,Basic,2.21,5.32,70.98,2.48,Enterprise,97.24,-8.84,15.96,0.46
62d0b301-e30c-44f1-85ed-c268a05901f3,2026-07-21,CUST-183610,54.83,712.79,2026-04-15,196.03,2026-01-07,0,1,5.26,25.91,36,Premium,2.63,1.62,112.31,8.87,Postpaid,99.32,-2.13,17.06,0.15
b6fb3068-976e-48d9-8366-f85dd0e2a2a3,2025-10-22,CUST-363480,70.34,1969.52,2025-10-27,169.11,2025-12-27,0,1,6.95,10.16,22.08,Basic,4.51,9.46,190.25,9.4,Postpaid,97.49,-0.06,10.87,0.39
c849825d-e25d-440a-8507-203de0c7ca6e,2026-04-05,CUST-911547,145.65,8010.75,2026-06-05,93.34,2026-05-09,0,1,28.66,21.48,24.93,Family,3.74,-3.94,189.86,3.99,Postpaid,95.06,-7.35,5.17,0.38
67960f6e-5780-4bdc-a635-fd5c3965046b,2026-07-16,CUST-649784,91.68,5042.400000000001,2026-05-10,142.85,2026-07-11,0,0,49.7,2.59,49.23,Enterprise,4.6,-4.28,136.13,9.08,Enterprise,97.92,-5.37,8.02,0.12
bcb352a9-ffa9-4881-88c6-8eb2006dd345,2026-07-08,CUST-606943,144.92,4782.36,2025-08-02,80.49,2026-04-03,46.79,1,14.74,25.49,45.66,Family,1.85,7.24,120.53,4.28,Enterprise,99.49,-7.98,13.87,0.27
75de7b43-a2b2-4527-bcee-3f31eae8aba0,2026-03-04,CUST-763746,65.11,911.54,2026-02-05,143.71,2025-10-02,0,2,19.29,10.71,12.44,Premium,2.81,9.29,151.51,8.55,Prepaid,97.94,-9.65,8.86,0.15
0b38479f-1d58-48eb-8e82-4c5a45d7ce6f,2025-08-14,CUST-363227,64.22,2183.48,2026-07-23,187.45,2025-09-14,46.26,0,21.1,1.01,29.07,Basic,3.58,8.89,27.08,9.17,Enterprise,99.43,-6.66,0.98,0.44
0b76cefa-8e37-4816-9dd6-f25cac883edb,2025-12-15,CUST-899622,47.98,1583.34,2025-11-22,83.75,2025-09-08,0,1,6.61,0.23,28.19,Enterprise,1,6.43,56.87,6.35,Prepaid,95.8,-5.12,12.51,0.23
99366c38-42bf-48a6-83e0-28e159c61bb9,2025-07-27,CUST-595599,73.58,3605.42,2026-02-21,190.19,2025-08-21,0,0,9.22,25.49,38.1,Basic,1.18,-0.95,68.37,6.02,Enterprise,97.58,-3.12,4.5,0.15
9c66aec8-e3fa-49e3-8844-201ee403eb8e,2026-03-28,CUST-648345,111.25,5673.75,2026-03-07,183.75,2025-10-03,0,1,32.18,4.92,27.55,Family,1.41,5.61,113.42,9.59,Enterprise,99.24,-2.61,3.36,0.26
a858d9a7-2dce-4006-8751-90ca7a246cdb,2025-11-10,CUST-384602,61.66,3144.66,2025-10-20,93.66,2025-09-30,28.54,0,25.25,16.22,30.9,Basic,3.53,7.7,37.95,4.61,Enterprise,99.04,-7.44,12.07,0.47
a2bdb965-84f1-4125-a45c-50d57817cfd7,2025-11-03,CUST-464626,35.19,1407.6,2026-02-27,35.05,2026-07-08,27.42,0,29.64,16.06,26.81,Premium,4.04,1.69,156.63,4.17,Enterprise,97.85,-5.17,2.29,0.43
385f091c-1829-4ef8-968d-e8dcbbe54a1e,2026-01-06,CUST-245022,128.93,6059.71,2025-12-21,52.44,2026-03-26,0,0,49.2,27.65,40.97,Enterprise,0.43,-3.54,57.42,4.78,Prepaid,95.74,-0.31,7.24,0.25
fccd0fe4-5cfa-4aca-97a0-b4b384c5850a,2025-12-17,CUST-379710,44.18,662.7,2025-08-31,63.95,2025-12-19,0,1,4.37,28.68,15.89,Basic,0.63,0.42,174.78,3.1,Prepaid,99.79,-0.87,10.85,0.42
24b2ac45-1052-48ae-834a-f544e6b169ef,2026-06-22,CUST-764712,98.67,5426.85,2025-10-09,133.76,2026-06-17,0,0,24.81,10.91,40.72,Enterprise,2.81,1.39,114.94,7.12,Prepaid,96.59,-3.59,17.76,0.27
61745266-ef52-49cc-8e10-2169b5f8fe93,2025-09-24,CUST-258913,97.36,1557.76,2026-04-20,40.61,2026-05-13,28.29,2,7.58,19.01,43.06,Family,0.64,-4.95,185.9,4.32,Postpaid,96.65,-0.45,15.15,0.49
ecf2c4ec-7b9d-4c4f-ba6c-22b8bbd08cff,2026-06-09,CUST-780677,61.77,3582.6600000000003,2026-01-07,117.19,2026-05-06,0,0,35.08,15.02,42.17,Basic,4.15,1.36,186.31,1.47,Postpaid,96.22,-9.2,18.89,0.22
1a1914b2-3d61-4c56-bccc-95c2c8a3db92,2025-12-15,CUST-928568,138.28,7190.56,2025-08-27,28.66,2025-10-29,0,2,10.4,10.58,24.61,Premium,4.27,-1.29,141.81,8.15,Postpaid,98.15,-5.24,9.17,0.23
3a3ab795-8c6e-4a86-b1d3-87422759577c,2025-08-31,CUST-698336,98.11,4022.5099999999998,2025-12-28,78.09,2026-01-25,26.73,2,18.51,27.06,47.27,Enterprise,3.3,1.11,170.12,3.76,Postpaid,96.93,-5.07,12.89,0.21
9f2b6b4f-d402-4b25-9419-60784740d520,2026-02-20,CUST-946659,56.43,2877.93,2026-06-09,51.6,2026-06-29,0,1,31.03,23.92,36.13,Family,1.43,1.32,80.38,3.09,Enterprise,99.43,-5.64,18.78,0.18
3312397c-0292-4a1d-ac23-f339e9745bfe,2025-11-04,CUST-587025,122.06,6713.3,2025-10-21,105.88,2025-09-21,49,0,16.32,24.63,23.09,Premium,3.13,7.27,85.14,5.39,Enterprise,95.8,-8.1,7.11,0.3
e322cb74-40f4-4cbc-81de-b1c66523d3cb,2026-01-17,CUST-294426,88.89,1955.58,2026-05-01,152.67,2025-11-17,0,1,1.26,27.96,22.79,Family,4.1,-1.11,83.22,1.04,Enterprise,95.7,-0.33,16.58,0.14
6a6971a6-0106-40dc-a5c9-a227aee0443c,2026-06-28,CUST-418667,47.59,1094.5700000000002,2025-10-14,193.64,2025-12-15,0,2,14.87,6.94,43.27,Basic,1.61,1.37,93.47,3.9,Prepaid,98.06,-9.38,18.17,0.25
b184a005-61aa-46ef-a9ff-72e6c4204748,2025-09-15,CUST-100450,72.26,1300.68,2025-12-11,159.54,2026-07-15,0,0,3.76,16.56,16.65,Basic,3.38,-4.04,166.95,5.72,Enterprise,96.65,-4.78,13.77,0.39
b8bb5873-3a6f-4319-9566-966ddf660345,2026-02-01,CUST-725024,74.53,2981.2,2025-07-27,154.99,2026-05-07,34.18,2,8.71,14.89,34.73,Family,0.11,6.09,134.22,4.92,Enterprise,95.71,-3.69,17.59,0.47
70581bda-dd1b-40f9-8b63-a49f4e2e5030,2026-04-24,CUST-608786,114.62,5043.280000000001,2026-04-05,168.32,2026-05-31,6.82,1,8.87,25.21,36.42,Premium,2.22,4.31,124.86,5.98,Enterprise,98.15,-5.45,12.07,0.38
44d5ed57-e213-431c-b3c7-9e23e3d8a89b,2025-10-17,CUST-117129,30.36,971.52,2025-07-28,95.94,2026-02-17,0,1,27.64,25.18,33.87,Premium,2.85,-2.05,54.79,2.02,Enterprise,97.26,-8.63,12.9,0.45
c82a33a6-c3df-41ef-932a-743619ddc354,2025-11-29,CUST-253566,69.06,2278.98,2026-06-17,195.7,2025-10-08,39.9,1,31.38,23.64,31.95,Basic,2.47,-3.76,56.64,3.87,Enterprise,99.26,-0.4,4.07,0.42
bc616e8e-6455-4bc8-872b-402c49f29a81,2025-08-19,CUST-280727,106.5,5112,2026-05-26,197.05,2025-10-30,0,1,17.68,24.16,49.3,Basic,0.27,-1.27,161.24,8.39,Enterprise,95.5,-5.11,4.1,0.41
d2b648b5-6588-4306-aa1d-f21f78bf458e,2025-11-03,CUST-313888,66.85,3342.4999999999995,2025-10-18,197.8,2026-01-19,0,1,31.14,23.27,43.22,Premium,0.27,4.12,48.83,8.47,Enterprise,99.96,-8.86,1.41,0.34
cf755b3e-f1b0-4fa1-b501-3e04528ba898,2026-02-18,CUST-536768,73.91,2217.2999999999997,2026-07-11,32.9,2026-01-24,0,1,17.2,5.93,49.07,Premium,1.46,6.45,82.44,2.15,Postpaid,96.91,-5.81,7.58,0.32
70bedaba-4cfb-475b-83ee-f3dd44f20e4c,2025-12-11,CUST-481221,20.33,264.28999999999996,2025-12-13,109.94,2025-10-15,49.11,1,49.74,7.32,33.32,Enterprise,1.02,6.49,185.65,5.35,Prepaid,98.35,-0.2,2.01,0.39
18ef42fe-4324-4aa0-a3c8-2e0e23464445,2025-10-06,CUST-711494,33.63,706.23,2025-11-08,172.26,2025-10-30,0,1,4.43,24.76,31.03,Family,4.61,-4.05,105.29,4.9,Enterprise,96.98,-5.3,4.53,0.14
4f7178aa-3c0d-474e-ba93-76d4a6374212,2026-04-23,CUST-307760,34.41,722.6099999999999,2026-07-13,114.92,2026-03-30,0,0,16.46,22.38,14.69,Family,4.82,8.47,39.39,8.54,Postpaid,97.33,-8.72,2.66,0.5
09c7ef7f-61af-410d-97e1-aef8f52e1a8c,2025-11-25,CUST-194456,91.55,4577.5,2025-09-11,107.6,2026-06-03,0,1,30.4,3.55,25.97,Basic,1.33,1.22,193.79,7.24,Enterprise,99.6,-9.1,15.28,0.11
2899a9b9-3f40-40f7-bebf-1f1d08182d02,2026-01-28,CUST-319376,119.12,2263.28,2026-03-05,103.35,2026-06-27,0,0,45.08,7.13,45.65,Premium,4.36,2.41,44.73,0.38,Postpaid,99.17,-7.03,15.99,0.13
4f5b0627-763b-4f99-b6b8-ee8b645a1af8,2026-05-12,CUST-663123,94.7,3882.7000000000003,2026-02-13,82.91,2026-06-20,0,1,27.64,1.76,29.77,Family,2.44,-0.83,171.76,9.79,Prepaid,96.52,-3.92,1.37,0.35
891988ca-7f28-436e-bc56-64cb84dc99f8,2026-01-04,CUST-646146,48.51,1115.73,2025-12-27,46.11,2025-10-08,0,2,14.49,16.09,38.17,Basic,2.96,5.08,56.86,2.02,Postpaid,99,-9.93,15.91,0.38
abf469eb-2d55-4639-ad21-b53e104dacb0,2025-08-02,CUST-327420,132.25,3041.75,2026-04-09,137.81,2025-08-10,0,1,0.88,5.88,44.43,Premium,2.58,6.31,34.44,7.12,Postpaid,97.01,-6.86,7.2,0.29
bf0fcec1-f5bd-4476-b575-2591bb0e2159,2025-09-29,CUST-673783,86.92,3563.7200000000003,2026-03-22,136.4,2025-08-12,0,0,37.38,28.37,10.8,Basic,3.94,0.13,163.26,8.32,Prepaid,95.17,-0.6,1.37,0.46
70fe93d7-08ab-4072-964c-c159fba5b97c,2026-01-25,CUST-879755,78.76,2362.8,2025-08-05,161.97,2025-10-27,0,1,23.28,8.05,29.72,Basic,3.81,6.94,80.71,3.08,Prepaid,98.5,-9.17,3.92,0.49
241d7e71-2784-46f5-8cc9-e6af61791bcf,2025-09-11,CUST-583357,81.19,3085.22,2026-05-11,157.66,2025-10-14,38.91,1,21.27,16.76,34.97,Basic,3,0.49,139.22,5.11,Postpaid,97.65,-1.44,5.36,0.36
2b81302e-bcaa-4dac-8fa5-66d9dbaff860,2025-11-09,CUST-969576,101.17,5058.5,2025-10-11,112.81,2026-02-06,0,1,38.27,26.93,47.05,Basic,0.28,3.59,38.47,2.69,Postpaid,98.25,-2.56,12.86,0.43
7c34c42b-e605-4f68-b23f-53eec196cc25,2026-04-15,CUST-100565,140.63,6328.349999999999,2026-07-12,52.99,2025-12-11,0,1,41.61,19.08,46.28,Enterprise,1.78,1.15,103.48,4.89,Enterprise,99.61,-6.24,19.38,0.34
de8de60b-4c4a-479f-81a8-1846c46565d8,2026-06-06,CUST-303611,37.73,905.52,2025-07-25,173.97,2025-10-02,17.98,0,8.2,28.38,40.83,Family,0.43,7.46,29.6,5.04,Postpaid,97.23,-6.97,3.84,0.25
614c5a61-cc6c-46a9-8db4-ab2eae3e4ed6,2026-07-08,CUST-669742,57.25,1030.5,2026-03-16,143.59,2026-05-24,0,2,41.82,26.81,19.98,Family,1.85,-4.97,174.29,5.5,Enterprise,98.78,-5.44,7.03,0.17
6de833dd-c358-46d6-b796-6b04589d37fc,2026-03-01,CUST-953937,57.9,2084.4,2025-12-14,156.2,2025-11-06,0,1,46.45,2.03,20.13,Family,4.88,-2.53,146.16,4.04,Postpaid,99.43,-9.53,8.86,0.4
e5699ef2-2be7-4aec-b024-d16865c84386,2026-07-06,CUST-130324,118.78,7008.02,2025-11-27,36.24,2026-04-17,0,0,46.01,5.41,12.18,Enterprise,3.91,6.99,53.3,2.09,Enterprise,95.64,-1,9.98,0.2
caa98152-de9e-48b4-a9bb-3765d9873b02,2026-07-04,CUST-967510,63.18,947.7,2025-07-25,199.82,2025-11-19,0,1,15.71,25.06,31.72,Premium,0.5,0.57,112.96,7.86,Postpaid,95.79,-4.37,10.22,0.41
72cb54e4-2f43-481b-b168-753604da4b06,2026-05-04,CUST-760891,23.33,326.62,2025-10-04,97.85,2025-09-27,0,2,22.68,21.41,14.03,Family,3.22,7.97,106.19,5.14,Enterprise,95.32,-6.71,7.43,0.28
cd7d0363-53ec-436f-b192-c4755fe99887,2026-03-28,CUST-562057,110.81,2770.25,2026-01-06,156.21,2025-10-08,0,1,24.49,22.28,18.92,Enterprise,3.57,-4.23,50.6,5.59,Enterprise,96.65,-3.59,14.04,0.41
34c00c4c-e516-44da-8805-cb04306368ec,2026-06-22,CUST-927538,78.04,2731.4,2026-07-03,98.42,2026-02-18,0,1,49.35,2.24,31.93,Basic,1.71,-0.02,196.82,8.19,Enterprise,99.64,-0.74,12.9,0.2
ba2ee958-c4a3-4914-9504-9005b02171cb,2026-06-21,CUST-353030,58.2,2095.2000000000003,2025-08-01,41.63,2025-09-19,0,1,10.72,3.87,34.96,Premium,2.1,-2.8,130.74,1.86,Prepaid,99.42,-6.55,14.54,0.29
8ff7adb0-142c-4961-b305-d7e54de78ce2,2025-12-31,CUST-902030,24.37,999.1700000000001,2026-06-12,151.68,2026-07-18,0,2,45.94,18.3,24.67,Family,4.68,8.55,146.26,2.15,Prepaid,96.79,-1.74,13.74,0.24
20b28881-5807-40d7-abf5-3a1ef5796857,2026-01-11,CUST-247605,125.79,4151.070000000001,2025-12-26,102.48,2026-03-31,47.06,1,30.17,19.42,18.47,Enterprise,4.3,8.35,39.33,7.94,Postpaid,96.69,-9.81,19.51,0.12
8c05135f-f8e3-4e7e-a7e5-8082617990e9,2025-12-26,CUST-563734,132.26,6480.74,2025-09-23,130.61,2026-07-14,0,1,20.16,2.64,48.57,Family,3.47,4.45,158.5,7.23,Postpaid,99.73,-6.55,11.85,0.22
5e70a9aa-ff09-477a-a022-c356d6b63395,2026-03-31,CUST-822907,103.28,4544.32,2026-06-28,136.75,2026-05-01,0,0,6.15,15.56,21.93,Premium,3.53,2.82,69.04,8.1,Postpaid,98.85,-7.25,16.01,0.29
edc85ed1-17d7-434c-9380-303abf6019cd,2025-11-17,CUST-707156,98.93,2770.04,2026-02-26,47.33,2026-06-09,0,2,32.1,24.57,12.04,Family,3.05,-4.48,99.46,3.54,Postpaid,96.71,-1.22,6.89,0.16
6770825c-54ed-46bd-bac6-d040358c8ec0,2026-01-14,CUST-502120,84.52,3549.8399999999997,2026-06-08,50.17,2026-06-27,0,0,28.49,11,44.8,Enterprise,0.76,7.18,187.65,3.55,Prepaid,96.55,-7.73,11.39,0.15
2b062e26-923b-4aa8-964a-130665830bf9,2026-07-01,CUST-464574,79.76,4705.84,2026-04-13,61.55,2025-09-14,0,1,40.27,6.16,31.05,Enterprise,2.45,-0.75,105.67,6.66,Prepaid,95.32,-1.27,6.98,0.36
860258d4-ff2f-486b-be3a-50aa486b74d3,2026-04-20,CUST-922005,33.41,1336.3999999999999,2025-08-30,168.75,2026-05-06,0,1,40.81,0.61,42.2,Family,4.99,6.78,145.01,2.34,Prepaid,97.79,-9.9,12.12,0.37
0320f390-9cb3-4320-85b7-130f51e0a5e3,2026-01-17,CUST-781640,104.91,4825.86,2026-05-18,185.92,2025-11-10,44.26,1,36.35,8.61,46.57,Enterprise,1.5,1.15,44.77,8.08,Prepaid,97.79,-5.28,8.75,0.31
7afa84ad-3564-4d71-b5f1-c2ae152cb51b,2025-11-16,CUST-866951,25.55,332.15000000000003,2025-12-10,132.09,2025-08-01,0,1,43.42,6.98,30.57,Family,4.2,2.5,66.75,2.61,Prepaid,96.7,-4.4,16.39,0.26
0e0382e8-7001-44a4-ab73-33f96f9630b6,2025-09-27,CUST-862756,74.69,3211.67,2025-08-17,41.09,2025-12-09,8.7,0,2.52,2.45,21.23,Premium,1.32,3.63,25.01,7.04,Prepaid,98.36,-0.65,0.01,0.43
a2c26b37-ebbf-4e1b-bb0d-032f53b1435a,2026-03-09,CUST-516230,30.54,427.56,2025-09-15,67.33,2025-10-21,0,0,36.84,13.97,37.18,Enterprise,1.14,9.62,152.67,9.29,Enterprise,98.72,-1.87,18.44,0.11
3512024c-1e85-4c9b-a779-0c055673ac03,2025-12-28,CUST-810624,57.82,3180.1,2025-07-30,122.41,2026-03-02,0,1,11.81,28.26,39.76,Premium,1.97,-0.1,62.83,6.57,Prepaid,95.37,-8.24,12.81,0.38
293d7f86-0dfa-4433-b57e-9e664cb7bace,2026-04-06,CUST-132380,106.68,1813.5600000000002,2025-08-25,84.01,2025-10-21,0,1,31.86,7.65,25.99,Enterprise,0.59,6.11,29.19,2.48,Enterprise,97.19,-4.3,1.58,0.16
790414fc-df29-4c07-8847-3a11e215317f,2026-02-13,CUST-205717,141.29,3108.3799999999997,2026-02-27,105.93,2026-07-09,0,1,5.71,21.07,31.81,Family,2.91,7.53,61.02,1.24,Prepaid,98.17,-9.1,17.88,0.38
4efb39d9-f9f3-49cf-83c9-b7d7e49d0be8,2026-03-01,CUST-507142,137.87,7169.24,2025-12-04,52.07,2026-01-01,10.94,1,25.79,24.25,36.95,Family,0.58,0.8,61.36,7.73,Postpaid,96.92,-2.18,18.24,0.32
3f0a6e40-0419-4cb0-94be-305577d9a56c,2026-06-07,CUST-370652,32.24,1257.3600000000001,2026-04-09,101.34,2026-04-13,43.38,1,45.6,7.95,40.61,Enterprise,2.87,1.15,127.64,7.29,Enterprise,95.29,-3.96,9.19,0.42
00114bc6-5a24-4545-9a02-381ecf6a5eea,2025-08-21,CUST-879916,54.9,2745,2026-03-05,136.13,2026-06-19,29.19,2,27.92,11.25,13.16,Enterprise,4.72,5.59,173.02,7.78,Postpaid,96.38,-7.44,17.89,0.24
c43b883d-9c4f-47ca-9929-d2faa0943449,2025-09-06,CUST-243285,147.71,5908.400000000001,2026-02-15,28.02,2026-02-20,0,1,11.94,5.42,25.49,Family,2.48,1.54,110.55,2.6,Postpaid,97.46,-9.83,5.69,0.32
39e41973-d9fb-4dec-8b98-32cfb50e0836,2026-01-05,CUST-591801,102.19,2145.99,2025-09-13,42.64,2026-05-14,19.3,2,7.24,28.98,29.27,Premium,2.13,7.51,68.08,6.35,Enterprise,96.95,-3.66,18.9,0.31
717142eb-2ecd-4540-9b72-a82e8d82b005,2026-04-20,CUST-922163,75.24,3160.08,2025-12-09,187.44,2026-01-05,0,0,44.03,23.43,44.64,Family,1.4,-3.39,154.33,0.55,Enterprise,96.28,-2.22,2.4,0.24
e42746af-0e08-41e4-b6cd-4e8f3e31d171,2026-03-02,CUST-287573,27.99,727.74,2025-10-24,91.56,2025-08-02,0,2,5.81,8,11.96,Enterprise,3.15,-3.69,171.56,7.3,Postpaid,99.15,-2.76,14.8,0.16
4db5265e-62c4-46a8-bffd-86c263ba9924,2025-08-28,CUST-304255,76.8,998.4,2025-08-08,190.44,2025-09-30,0,1,31.77,9.83,38.86,Family,0.59,0.37,125.19,9.4,Enterprise,98.79,-2.49,11.81,0.32
00e2e47f-0d25-4d45-8d1b-f834a50ad451,2025-11-21,CUST-436250,94.45,1227.8500000000001,2025-11-13,153.45,2025-08-14,0,1,47.34,7.98,36.96,Family,4.26,2.51,126.04,7.07,Prepaid,96.83,-4.3,14.08,0.38
9968ff20-0c74-470c-8993-55fee304dbab,2026-02-23,CUST-517078,30.48,1097.28,2026-04-06,37.56,2025-12-13,0,0,33.3,0.46,48.66,Enterprise,3.98,2.9,105.11,1.64,Prepaid,95.15,-0.59,1.91,0.41
776f9f7e-16fc-4912-a4e1-1d678d2dd2b8,2025-09-16,CUST-664321,31.24,1124.6399999999999,2025-08-30,46.13,2026-01-17,0,1,30.53,28.44,28.01,Premium,1.17,7.32,147.59,8.88,Prepaid,98.4,-1.09,6.66,0.46
dd8121ec-d3da-40f7-8e30-b307661f4180,2026-05-15,CUST-277354,27.42,603.24,2025-11-07,156.48,2026-06-16,0,1,27.94,25.21,20.66,Enterprise,0.94,3.05,154.19,8.23,Enterprise,95.11,-9.75,11.1,0.34
1d3f3371-b750-4a68-a6ac-2f8c1f542ea1,2026-05-16,CUST-544872,115.42,4616.8,2025-08-10,27.2,2026-05-07,0,0,15.44,9.43,26.22,Family,0.29,4.86,157.74,4.94,Postpaid,99.86,-0.76,5.27,0.27
5bda7cb9-3442-46ee-b738-1acfeb6e97af,2026-01-01,CUST-269649,26.45,1401.85,2025-12-09,52.29,2026-02-14,0,0,14.35,15.88,39.76,Enterprise,0.11,-3.85,159.73,4.1,Postpaid,95.52,-3.9,11.16,0.35
ead7882c-49ea-40bc-986f-7602c462b107,2025-11-01,CUST-417317,129.15,2583,2025-08-23,196.71,2026-05-21,0,0,30.55,15.5,14.64,Family,2.31,4.1,177.89,4.37,Prepaid,95.7,-6.63,12.79,0.49
130945ea-81a9-4176-8d40-01455d098e66,2026-05-05,CUST-453332,91.53,1739.07,2025-12-05,198.45,2025-11-16,0,0,45.6,10.35,19.58,Premium,4.86,0.25,169.99,9.38,Prepaid,98.57,-1.82,17.96,0.39
c174b144-64f7-4f7a-b9e5-5cf499447c58,2026-06-30,CUST-614755,68.66,823.92,2026-05-15,141.94,2026-07-18,0,1,14.52,27.59,10.26,Basic,2.95,2.35,37.98,9.45,Enterprise,98.54,-6.93,9.39,0.36
d5edb6b1-045e-4577-8f24-e98ac6533159,2025-12-26,CUST-788541,35.44,1913.7599999999998,2025-10-22,154.25,2026-04-08,0,1,25.73,24.47,40.86,Enterprise,3.72,-4.98,123.44,3.03,Prepaid,97.29,-7.41,13.61,0.45
3e85004e-6846-49d1-af0b-e846f77775ee,2025-09-22,CUST-171406,49.7,2186.8,2025-09-05,62.8,2025-12-01,0,1,28.89,16.2,43.77,Premium,0.1,4.77,40.09,9.29,Enterprise,98.22,-1.39,3.28,0.35
19b6c048-6b67-4599-89f1-6e0a84d05644,2026-06-09,CUST-421825,27.84,1057.92,2026-01-27,135.97,2026-03-06,0,2,44.76,16.12,48.5,Premium,4.21,-2.33,151.73,9.26,Postpaid,97.95,-3.85,14.82,0.1
6f527169-f6c1-46fb-8b59-33157f4325af,2026-04-28,CUST-434884,67.84,814.08,2026-01-26,116.02,2026-04-18,0,1,45.12,17.77,34.31,Basic,3.68,-4.97,87.66,7.35,Prepaid,99.67,-1.75,5.9,0.19
27ed20cb-9bdf-4563-ae9e-dfa10726a4cb,2026-04-15,CUST-918829,129.43,6083.21,2026-03-26,41.61,2026-02-12,14.56,1,16.3,7.5,49.97,Family,1.31,4,135.02,1.58,Enterprise,99.28,-8.46,5.96,0.39
a3a425ab-b3cf-4f20-a513-e3355d5adced,2026-05-21,CUST-646388,89.15,3209.4,2026-03-18,127.77,2025-11-29,0,1,35.22,13.88,32.59,Enterprise,1.7,5.71,193.45,9.37,Postpaid,96.09,-3.08,17.43,0.45
e7b0a92d-0539-436e-8995-9088c002ff73,2025-11-07,CUST-456101,48.1,1491.1000000000001,2025-10-09,145.57,2025-08-21,0,2,17.07,21.14,45.19,Enterprise,0.73,1.31,196.22,0.11,Prepaid,96.7,-6.32,15.46,0.13
3f9b6054-f653-4cab-9438-db1f4855c531,2026-07-19,CUST-174648,105.02,5776.099999999999,2026-06-17,92.41,2025-12-20,0,1,47.02,15.97,36.84,Enterprise,1.74,-2.98,53.12,3.67,Prepaid,98.56,-8.24,12.78,0.34
0983cae5-3f88-447f-958d-98eb115f484b,2026-04-21,CUST-229402,26.7,1335,2026-03-20,180.62,2026-01-01,0,1,35.89,18.71,43.73,Basic,2.43,6.38,55.7,6.42,Prepaid,97.99,-4.02,19.54,0.19
d15447c1-1b6a-48c5-9ef9-acec94cf0c69,2026-04-07,CUST-669939,149.6,6432.8,2025-09-23,25.1,2025-09-26,8.24,2,30.63,11.88,48.24,Enterprise,1.91,3.39,149.58,9.6,Postpaid,97.57,-1.68,13.51,0.28
518fdbd9-6e60-4ca9-a4ac-db4e7817bf26,2025-11-08,CUST-191777,30.62,765.5,2025-08-31,122.49,2025-10-09,0,2,40.31,13.86,35.49,Premium,1.19,-2.65,121.62,5.85,Postpaid,97.17,-7.98,17.89,0.19
6eb707e3-2412-42de-8b14-044c8f08a34c,2025-12-29,CUST-472345,133.25,6662.5,2025-12-26,171.1,2025-12-04,0,0,7.32,20.2,11.9,Family,3.23,-3.25,39.94,1.98,Postpaid,98.04,-7.44,10.08,0.34
f4296bdd-a7b8-47ec-bf78-45b7d548cedb,2026-07-09,CUST-424566,80.02,4401.099999999999,2025-12-13,172.51,2026-06-03,0,2,22.82,0.53,25.15,Enterprise,0.67,8.7,99.87,0.76,Enterprise,96.83,-6.57,15.34,0.31
a1ccdd16-2250-460e-b742-721604011edb,2026-05-19,CUST-907180,117.53,7051.8,2025-11-09,73.51,2026-01-08,38.74,0,22.25,29.08,13.05,Premium,0.53,5.61,126.4,8.44,Enterprise,96.04,-7.34,5.74,0.11
2a1659eb-fdc9-42e4-a7da-c6ef12b1d932,2025-07-27,CUST-510141,71.71,2653.27,2026-04-28,140.33,2025-12-07,0,0,29.78,12.16,20.8,Basic,2.36,-2.18,108.12,9.41,Postpaid,95.1,-8.63,13.72,0.12
82bd338b-dbe6-4c13-aaca-3969420994b4,2026-05-27,CUST-643248,83.84,3269.76,2026-05-04,43.64,2026-04-30,0,2,37.12,14.33,20.26,Family,2.17,0.09,116.85,7.7,Enterprise,99.57,-7.63,3.66,0.37
8fa0b2e4-7eac-4dc8-aace-2b9558672a56,2025-12-29,CUST-106409,85.02,4336.0199999999995,2025-08-06,83.15,2025-09-01,17.45,2,45.78,8.92,16.69,Enterprise,0.45,2.56,43.28,5.08,Prepaid,98.26,-7.28,8.14,0.34
69946b85-7d5e-4c5d-9b21-fff7b4797f66,2026-06-29,CUST-782814,137.82,7580.099999999999,2026-01-06,197.77,2025-10-16,0,2,49.47,13.18,18.89,Enterprise,3.25,-0.24,64.73,6.8,Prepaid,97.21,-0.83,7.27,0.45
a9467941-5083-421e-b0d1-10e45679afe5,2025-12-12,CUST-888341,103.61,2383.03,2025-12-24,122.65,2026-04-22,0,1,7.48,18.64,23.82,Family,1.07,2.49,84.02,7.99,Enterprise,96.47,-0.85,16.92,0.5
67d22dbe-4760-4b89-a56b-6868073620f9,2025-12-20,CUST-683636,28.21,1523.3400000000001,2026-04-14,67.24,2026-02-18,0,2,33.54,23.05,20.12,Basic,3.58,1.39,40.25,1.67,Postpaid,99.61,-8.58,17.91,0.23
c29bae3d-2217-4f50-8ad8-7322fea059bd,2025-11-17,CUST-619774,59.22,1362.06,2026-06-09,48.77,2025-08-16,0,1,23.67,3.04,22.98,Premium,4,9.79,80.82,0.28,Prepaid,96.89,-9.3,6.47,0.47
309dbe42-f3d2-482e-b513-cbcab3c6b734,2026-05-25,CUST-239730,96,3744,2025-09-30,73.51,2026-06-27,49.04,1,35.17,11.18,45.16,Premium,2.41,3.37,110.97,4.84,Enterprise,98.25,-8.74,2.17,0.11
15c5c0b9-1d41-4ec0-aba2-2d458742526e,2026-05-26,CUST-776584,69.56,1391.2,2025-10-10,139.08,2026-04-12,32.87,1,4.02,23.9,23.96,Premium,2.44,-4.02,173.15,0.42,Enterprise,99.91,-8.23,5.93,0.21
0f147e8f-4cbe-4bd5-996b-68c2dde674e6,2025-10-26,CUST-570147,138.46,3046.1200000000003,2025-11-19,81.83,2025-10-12,0,1,33.27,10.19,47.86,Basic,0.99,2.97,44.43,0.76,Prepaid,95.88,-2.2,15.46,0.12
3f9e583a-7f2f-43d6-904a-7ad055e360e0,2026-06-08,CUST-134026,109.39,1969.02,2025-08-09,109.56,2026-05-05,11.89,0,18.66,25.79,33.69,Premium,3.79,0.86,115.02,9.55,Postpaid,95.54,-5.05,13.63,0.34
ced0dec3-cb86-4a14-b958-109594e34d19,2026-04-04,CUST-939885,85.33,3327.87,2025-10-08,148.3,2025-09-22,0,1,31.32,17.56,20.42,Basic,2.01,2.22,145.39,1.53,Prepaid,96.2,-0.3,10.07,0.15
859d19ea-c1e4-48b7-ba2a-f50a202c6595,2026-03-15,CUST-825139,48.08,817.36,2025-12-16,73.54,2025-09-05,0,2,7.48,29.43,19.04,Basic,0.65,5.94,76.46,8.8,Prepaid,96.88,-5.51,17.76,0.45
362b73df-b114-43ca-a2bf-72213063b729,2026-07-19,CUST-123464,24.67,863.45,2026-01-15,143.29,2025-11-26,0,1,34.14,22.5,35.45,Enterprise,4.78,3.92,173.48,3.6,Enterprise,98.5,-8.2,4.35,0.43
f8a9d692-c76c-45e9-8a0b-68f6b653bed5,2026-01-28,CUST-285786,22.89,915.6,2025-11-26,99.2,2026-01-02,19.54,2,30.26,8.14,46.41,Premium,1.57,5.6,95.67,3.4,Prepaid,98.82,-1.44,10.91,0.22
4dca9f8a-9621-4185-aa81-03056d246d75,2025-12-01,CUST-567032,80.83,4283.99,2026-06-15,30.53,2026-05-09,0,1,48.56,24.82,43.96,Enterprise,2.29,9.48,184,3.32,Enterprise,96.45,-4.24,0.51,0.38
114b22b1-eec7-46b4-adc5-834e36d6119a,2026-02-07,CUST-414601,129.97,3249.25,2025-10-21,144.86,2026-03-19,40.44,1,45.11,25.61,48.19,Premium,4.7,1.88,135.31,1.07,Postpaid,96.08,-4.06,15.23,0.49
63a520c4-e9a4-4fc6-acaa-6124e879aa54,2025-10-28,CUST-605029,116.29,2907.25,2025-12-11,142.33,2026-01-28,0,1,28.32,14.95,42.12,Basic,4.82,-0.68,191.34,8.6,Prepaid,98.42,-8.5,16.66,0.38
215cdfa4-89dd-4b31-8fae-da930745f092,2025-08-28,CUST-589829,20.28,385.32000000000005,2025-07-27,116,2026-06-01,0,0,38.49,16.84,40.57,Premium,0.35,5.85,107.92,9.67,Prepaid,96.71,-2.68,7.1,0.24
b916d5f3-a75e-4cc1-8bd2-3606cd6d95b8,2025-11-14,CUST-510317,29.31,498.27,2025-07-31,187.6,2025-10-20,29.49,1,39.68,27.82,22.18,Enterprise,0.31,-0.97,160.94,1.4,Postpaid,96.4,-0.89,16.17,0.17
84b7d5b4-6ef7-47ee-b32c-d6f85f966e1a,2026-02-08,CUST-727791,113.26,6795.6,2025-11-05,119.65,2026-01-19,0,2,14.01,29.05,32.94,Enterprise,3.81,-4.55,84.67,1.63,Prepaid,97.05,-0.94,10.79,0.25
dc1d6d76-5120-447f-a820-763a59c51422,2026-02-14,CUST-285549,112.69,5409.12,2026-03-27,198.68,2026-01-28,0,1,40.94,15.68,21.79,Premium,2.29,-1.55,168.2,9.02,Prepaid,96.74,-6.37,13.26,0.45
6566c7b8-3bef-487a-ae4f-8c038af21596,2026-01-05,CUST-793681,88.26,5207.34,2026-04-22,97.93,2025-12-30,40.81,2,10.67,29.38,20.26,Basic,2.15,2.31,32.8,2.76,Enterprise,99.74,-2.54,13.87,0.32
02f44a0b-55fe-4ec1-874e-1d620a4ac89a,2026-04-28,CUST-689235,68.1,3881.7,2026-04-02,182.14,2026-04-13,0,1,49.29,7.93,23.05,Enterprise,3.83,-0.04,72.69,0.55,Enterprise,98.44,-1.72,1.84,0.18
2192b5b8-faf3-408e-8cc5-d99704696867,2025-11-09,CUST-360566,28.89,866.7,2025-08-13,89.5,2026-06-01,0,1,20.36,19.5,27.07,Premium,2.73,2.71,73.55,1.25,Enterprise,96.45,-0.83,13.87,0.11
f845a2cc-398c-43c4-b98a-7c9e46c66cf3,2026-02-17,CUST-651896,21.83,283.78999999999996,2025-08-20,134.32,2026-06-22,0,2,34.19,13.34,32.96,Family,2.72,9.25,104.42,8.17,Prepaid,98.15,-7.54,17.08,0.39
d67ab3b8-a1d5-4c7b-a018-9ebc1f88b76b,2026-05-31,CUST-263817,56.39,1296.97,2025-10-03,106.52,2026-01-01,0,0,34.67,21.82,23.86,Enterprise,3.7,5.57,79.64,5.75,Prepaid,97.36,-2.03,0.23,0.3
32f617e6-1885-4d08-8829-b9aa1d13ef9e,2025-12-29,CUST-525484,149.69,1945.97,2026-04-09,169.34,2025-12-23,0,1,21.34,15.34,27.91,Enterprise,3.87,6.95,161.64,8.12,Prepaid,98.21,-3.58,2.11,0.35
dd83edf8-b5ff-4202-8f44-a6d5d3a408e7,2025-12-09,CUST-858735,131.94,6860.88,2026-06-27,188.16,2026-07-17,46.37,1,31.83,14.27,12.41,Premium,2.13,-4.41,94.33,0.18,Prepaid,99.17,-1.66,4.97,0.24
7d2be163-8f0d-40df-856b-1aeefce78f24,2025-09-27,CUST-662349,131.3,7221.500000000001,2026-04-27,20.28,2025-10-15,0,1,12.22,26.65,36.24,Enterprise,2.67,1.83,123.42,7.33,Postpaid,96.54,-6.67,4.02,0.22
54e4ad0e-6699-427d-965e-17f90040cfaf,2026-06-22,CUST-998130,122.08,5981.92,2025-08-29,37.38,2026-01-07,40.71,1,24.84,22.98,37.9,Enterprise,3.32,-3.31,190.85,4.63,Postpaid,95.71,-7.26,7.47,0.35
352614a7-4b5b-4333-999a-1aa149ed8589,2026-04-20,CUST-802909,32.27,1064.91,2026-03-11,42.17,2025-12-08,0,2,9.51,28.63,22.7,Enterprise,4.14,-4.9,115.6,1.31,Postpaid,95.78,-2.12,1.32,0.44
a1d7fbb1-7344-48e0-9a96-c192fc9422e3,2026-01-19,CUST-365974,49.5,2178,2026-02-21,131.51,2026-06-22,0,0,7.13,0.41,32.61,Basic,2.65,6.31,78.24,2.74,Prepaid,96.29,-0.98,12.97,0.32
35fe3847-f443-48b1-9f4b-1e87154dd989,2026-03-15,CUST-595716,106.79,5019.13,2025-11-16,25.16,2026-02-18,0,2,20.11,0.85,29.46,Premium,0.73,0.88,191.04,2.21,Enterprise,98.04,-5.15,13.48,0.49
dac95241-ddfe-4e51-b324-7419b0ee5083,2025-11-05,CUST-413713,42.75,1154.25,2025-10-30,110.36,2026-04-01,47.65,0,49.74,22.19,32.04,Enterprise,4.5,-4.92,177.23,8.79,Enterprise,99.66,-7.65,12.23,0.23
87a256ac-8692-4157-82c3-525dedac6dbc,2025-08-30,CUST-803612,79.21,3722.87,2025-07-25,154.32,2025-11-16,0,0,28.78,24.9,37.32,Enterprise,1.33,-2.88,71.64,1.63,Enterprise,99.2,-4.51,15.47,0.48
d4b263d8-8959-4291-b21f-da2436c4823f,2025-11-28,CUST-349157,49.38,1876.44,2026-03-19,29.81,2025-12-01,0,1,40.38,12.48,24.65,Premium,2.7,1.84,128.03,6.83,Prepaid,99.46,-2.53,10.44,0.21
6516ad7a-feaa-4c09-a71e-b6800b31f7d6,2025-10-02,CUST-724991,104.99,5039.5199999999995,2026-05-16,193.24,2025-09-04,0,0,28.26,13.11,46,Premium,4.52,2.48,184.63,6.22,Postpaid,98.41,-9.57,13.5,0.27
59716cf2-29c9-4aee-a801-cf747d32fdd4,2026-05-14,CUST-264167,79.04,2371.2000000000003,2026-04-06,123.63,2025-12-18,33.73,1,33.29,27.02,18.55,Family,4.48,-0.16,199.26,7.19,Postpaid,98.4,-1.72,17.29,0.46
f344b158-62da-4b12-a660-344793549212,2026-07-02,CUST-217818,51.25,1025,2026-06-26,143.61,2026-05-16,0,2,14.14,6.92,37.04,Enterprise,0.65,-3.96,123.46,0.08,Postpaid,95.99,-5.63,13.6,0.13
ee2f3ffb-af88-4321-ade0-1b9cdd7b19f7,2025-12-25,CUST-682862,41.01,984.24,2025-09-13,22.22,2026-03-06,0,1,41.01,2.71,41.62,Family,4.13,-4.54,88.75,8.87,Postpaid,96.31,-9.63,16.09,0.26
a79afc11-7583-439e-96ae-35f707272723,2025-08-01,CUST-124566,40.72,2158.16,2025-12-26,135.45,2025-08-23,0,1,23.2,13.1,16.77,Enterprise,0.28,6.79,129.63,1.34,Enterprise,99.97,-9.85,11.35,0.33
45112bb3-d1bb-461e-8398-0da198d27a63,2025-12-03,CUST-237551,59.63,2623.7200000000003,2026-07-18,167.51,2026-01-05,37.07,0,36.56,4.55,42.22,Premium,2.19,4.57,148.54,5.29,Postpaid,96.38,-1.28,11.79,0.47
87650a76-64a2-416d-8cb4-33c50f3f3eda,2026-03-09,CUST-415339,146.75,6163.5,2025-10-15,30.75,2025-07-29,0,0,28.84,4.25,43.38,Premium,4.99,1.02,33.21,6.11,Prepaid,95.88,-7.62,12.15,0.49
15dbb6ae-5fe7-4d95-bbb2-904e42e78b14,2026-07-11,CUST-928614,88.26,3883.44,2025-08-14,51.63,2026-07-19,14.36,1,45.08,25.86,39.62,Enterprise,3.97,-3.79,42.33,2.47,Enterprise,95.34,-3.86,2.99,0.26
33f54132-563b-491d-9b18-d9f0e24e5b0a,2026-03-23,CUST-372540,117.78,4711.2,2025-09-13,32.16,2025-12-25,41.04,1,32.88,6.02,39.31,Basic,2.28,7.94,152.74,2.74,Postpaid,95.01,-3.62,16.05,0.42
2b14257c-a155-4d73-bd70-5381486cbf77,2026-05-10,CUST-975115,62.21,2737.2400000000002,2026-02-10,147.71,2026-05-02,0,2,22.82,0.91,26.18,Basic,4.11,5.21,69.26,2.23,Postpaid,99.32,-1.48,8.39,0.47
ea470069-ffbf-49ce-999c-8ed3a92aeea4,2025-11-23,CUST-157528,44.41,977.02,2025-11-06,123.02,2026-04-01,0,1,22.59,7.89,12.17,Basic,2.32,7.5,106.34,9.11,Postpaid,97.46,-4.98,15.72,0.22
3593f8de-54fb-4e0f-b5a2-1a4b021af2b0,2025-10-27,CUST-802294,146.8,6752.8,2026-07-20,74.68,2026-05-06,0,0,16.32,10.46,47.76,Family,0.89,4.21,103.23,8.51,Prepaid,96.54,-2.26,13.7,0.45
5e5777a7-6a85-40ae-9938-59dba1825db6,2026-03-01,CUST-987724,52.77,844.32,2025-11-29,171.36,2025-11-02,0,1,18.55,19.09,39.02,Family,4.67,1,151.42,0.83,Prepaid,96.01,-5.46,4.04,0.15
dd63160a-2c03-42e7-a6d6-fae36a96e8e1,2026-05-28,CUST-306816,28.27,876.37,2025-09-02,149.51,2026-04-26,0,1,40.17,25.63,44.67,Premium,4.95,-4.42,27.16,7.97,Enterprise,99.21,-7.81,3.48,0.43
93ae5618-b7b9-4f8e-aaaf-5c38934a3f7b,2026-03-28,CUST-131815,41.72,1710.52,2026-07-13,146.61,2025-09-20,0,1,43.55,9.95,27.76,Premium,3.38,-1.03,169.8,6.53,Enterprise,95.51,-9.22,8.08,0.35
c7905cf4-72a0-4e13-9dfd-f6c1f8fbdf32,2025-09-08,CUST-308559,111.66,6141.3,2026-01-16,164.5,2026-03-20,6.78,2,1.05,16.06,31.77,Enterprise,1.9,8.53,121.64,9.91,Prepaid,95.89,-1.9,14.92,0.15
ae73dc58-4c88-4994-9e86-bfbcaee20c98,2026-02-17,CUST-182376,141.51,3113.22,2026-05-17,157.92,2025-08-16,0,0,39.3,0.17,16.45,Basic,0.11,9.39,31.49,4.09,Enterprise,99.63,-4.1,9.72,0.48
71b9d708-b978-4377-9341-fded501bc378,2026-03-07,CUST-966691,71.16,1779,2026-05-12,62.3,2026-04-23,0,0,30.98,7.2,36.84,Enterprise,1.13,9.97,146.43,7.78,Postpaid,95.23,-7.5,14.58,0.29
6e6d7eee-f316-480f-a8fd-10b7dcf34ddc,2026-07-11,CUST-329353,102.73,4211.93,2025-08-04,103.13,2025-08-02,45.48,1,8.13,15.02,28.33,Family,0.87,1.86,55.45,9.56,Postpaid,99.8,-6.18,15.9,0.31
7d71b9d3-9194-4db8-9a73-b10164d9890c,2026-04-27,CUST-676570,116.29,5581.92,2025-11-28,80.36,2025-12-21,49.51,0,28.08,3.03,33.3,Basic,3.68,9.04,32.84,6.82,Enterprise,96.7,-7.19,10.64,0.46
db563c8c-80ef-4351-a4b6-99735422f287,2025-09-15,CUST-645101,57.14,1714.2,2025-08-03,47.62,2025-09-05,0,0,17.37,5.89,39.93,Family,1.06,3.91,84.6,0.18,Postpaid,98.29,-6.5,10.52,0.27
0e448dad-ec36-4864-aa5b-7abc420d197d,2025-12-23,CUST-988086,55.49,2719.01,2026-07-21,71.8,2026-05-11,0,2,30.04,12.8,31.37,Basic,3.85,6.33,104.61,1.75,Prepaid,97.86,-5.07,7.37,0.43
c7ec9141-b26d-4310-92d9-7a7cf50e8459,2025-11-15,CUST-160345,55.7,1058.3,2026-03-16,182.46,2025-08-17,0,0,20.47,28.15,47.51,Family,1.31,1.37,139.32,1.11,Postpaid,99.34,-3.98,15.22,0.15
d2f5db89-5b1c-4262-8031-801bbd056e19,2026-02-04,CUST-272226,58.38,1868.16,2026-03-19,114.52,2025-12-16,0,0,43.93,18.35,33.63,Premium,3.32,3.41,49.22,6.95,Prepaid,98.34,-7.68,13.28,0.33
502cfe2a-2533-43b7-8130-7aa91e10b347,2026-06-01,CUST-325303,29.29,1113.02,2026-04-20,161.64,2026-05-14,0,1,33.08,12.76,29.95,Basic,3.59,-1.33,160.87,0.64,Prepaid,98.98,-2.29,6.06,0.36
abfbe395-c88e-4d4a-ad67-ef4b35e072e5,2025-11-29,CUST-520356,80.92,1456.56,2026-07-05,25.57,2026-05-26,0,1,41.85,27.43,27.36,Basic,0.52,-0.49,91.6,5.09,Prepaid,97.36,-0.59,11.55,0.4
5d65faca-6eab-4a63-8354-39e5cc6fbf33,2025-09-29,CUST-292442,131.47,5521.74,2025-11-30,185.51,2026-04-03,0,1,38.59,7.47,12.39,Basic,4.34,-3.82,125.8,8.76,Postpaid,95.93,-1.64,3.64,0.27
7a1cf91b-4311-478b-bbfd-4487fe51fc6e,2026-01-30,CUST-411098,96.94,5428.639999999999,2026-05-02,86.99,2025-09-01,0,0,44.51,14.39,19.54,Basic,3.76,-0.51,80.3,9.46,Prepaid,97.68,-6.06,11.16,0.26
11718a62-a80f-4e3a-bc63-6912daa116e9,2025-12-31,CUST-674345,41.76,2046.24,2026-04-16,28.46,2025-08-12,0,1,20.34,6.43,32.88,Enterprise,4.87,6.72,86.08,5.68,Enterprise,98.36,-7.22,19.82,0.46
aed9bc29-c140-4d1f-b865-ab25ba432eff,2026-02-28,CUST-948952,83.66,1087.58,2025-09-09,60.91,2026-07-19,0,0,40.05,18.18,12.57,Premium,2.04,7.51,158.08,7.48,Postpaid,95.12,-2.35,11.81,0.18
3e81432c-02a1-4e7c-bfbd-6e09d6fd7578,2026-04-10,CUST-162007,70.4,3379.2000000000003,2025-11-29,144.67,2026-06-04,0,2,32.22,4.9,25.55,Premium,2.78,-4.98,148.24,1.05,Prepaid,99.72,-3.73,14.88,0.17
7ed3a111-2b19-410f-a172-c168dc45ecaa,2026-02-23,CUST-114405,97.93,1566.88,2026-05-16,45.58,2025-11-23,0,2,23.64,10.34,48.77,Family,1.73,5.83,198.69,4.57,Postpaid,95.18,-7.53,8.68,0.21
8f11a724-5683-4499-b36c-9817a9a1b21a,2026-02-08,CUST-649370,123.44,4814.16,2026-05-21,111.5,2026-06-24,0,1,25.04,8.91,34.53,Basic,4.26,2.11,36.38,3.4,Prepaid,96.55,-9.38,3.18,0.37
a2d99014-6372-4c1b-b3ee-fc5471572846,2026-04-21,CUST-130472,44.39,1420.48,2025-08-02,195.9,2026-01-06,0,2,36.22,28.01,10.45,Enterprise,3.07,-3.09,72.45,3.78,Prepaid,99.95,-7.55,8.58,0.22
32f6a4b5-17a3-44d6-9641-bb3a708c36a3,2025-09-16,CUST-548388,93.84,3190.56,2026-06-22,158.76,2025-10-25,0,0,28.71,2.34,44.88,Premium,0.96,-2.06,102.89,0.91,Prepaid,96.47,-4.05,15.62,0.33
68daa46e-19d0-4771-a457-020bb259e501,2026-07-22,CUST-386200,118.67,6764.1900000000005,2025-10-27,24.83,2025-08-04,0,1,8.39,19.77,18.62,Premium,1.35,5.27,197.12,2.62,Prepaid,96.9,-4.52,1.41,0.12
5e722f47-f1f7-4764-9161-b9021111c0d0,2026-02-23,CUST-414284,127.65,4978.35,2026-01-08,160.31,2026-05-14,0,0,39.12,2.82,46.04,Enterprise,4.42,0.14,96.77,7.19,Enterprise,99.47,-4.83,9.08,0.31
5f050d7c-a648-483f-81d0-1ea288447bc6,2025-10-01,CUST-215014,74.72,971.36,2026-05-26,103.14,2026-01-19,0,0,41.6,12.61,25.4,Premium,2.22,1.75,36.79,6.51,Postpaid,95.6,-4.78,6.92,0.28
5a9425cd-645d-4950-969e-2a1ac9ad032e,2026-06-11,CUST-574732,53.8,2205.7999999999997,2026-01-23,23.52,2026-07-24,12.64,2,15.27,1.02,34.86,Family,4.83,6.32,66.54,1.27,Enterprise,98.97,-4.93,12.53,0.41
a5d9dd06-4c31-4b12-b9c1-bfba257a0293,2025-10-14,CUST-805895,141.95,8375.05,2026-02-01,190.21,2026-06-06,0,1,17.34,12.61,13.36,Basic,4.9,0.71,136.96,5.66,Prepaid,96.11,-3.78,3.12,0.19
03fe4815-b4f9-4b84-973a-8882e626c42a,2025-10-09,CUST-576316,81.03,3241.2,2026-01-22,135.15,2025-09-05,0,1,8.18,7.92,11.2,Premium,0.18,8.77,96.13,6.96,Postpaid,95.47,-8.61,6.39,0.34
4f7aced4-36e1-4efa-85c7-4adc52c08e86,2026-04-02,CUST-637037,145.03,7396.53,2026-04-06,46.04,2025-11-11,0,1,36.6,1.8,47.38,Basic,3.07,-2.23,39.47,0.62,Prepaid,96.01,-4.86,19.88,0.48
04be60fa-71fa-4855-8b60-3186b70202b4,2025-08-06,CUST-220412,134.71,7947.89,2026-04-08,109.26,2026-05-12,0,0,22.95,18.44,43.45,Basic,1.28,4.9,79.02,9.15,Prepaid,95.04,-3.56,13.14,0.42
d103e5f9-513f-4054-b8a2-acd225bdf069,2025-09-02,CUST-343760,123.91,6815.05,2025-10-11,176.88,2026-07-10,0,0,3.13,3.45,22.68,Basic,4.71,-2.77,131.27,7.29,Prepaid,95.1,-3.42,2.07,0.19
8d6330d6-5a7c-4d84-a2ca-ece7236580cd,2025-12-08,CUST-645648,42.81,2054.88,2026-05-25,102.33,2026-05-30,33.73,0,29.33,6.74,21.82,Basic,4.69,3.91,144.31,5.17,Enterprise,99.68,-2.93,16,0.18
fe73ffeb-ebce-46c4-9229-535650b5ce06,2025-11-07,CUST-246879,91.7,2017.4,2026-02-19,170.16,2026-03-23,0,1,48.98,21.34,10.85,Enterprise,1.37,9.15,69.44,6.38,Prepaid,96.67,-7.57,4.92,0.36
119ab43b-9a36-4f41-8c5d-93fa37532f68,2025-12-16,CUST-833952,115.39,4846.38,2025-10-01,106.93,2025-10-04,0,2,5.96,9.37,47.3,Basic,0.58,2.44,115.21,0.71,Prepaid,95.76,-5.95,19.16,0.36
bcfd8f8c-f173-44f6-bb42-7512623c26f8,2025-10-01,CUST-861191,87.45,1836.45,2026-01-24,23.11,2025-10-10,0,0,14.99,3.93,30.27,Premium,3.12,-1.32,85.2,2.07,Postpaid,96.39,-0.96,3.02,0.2
d4f093f8-b97a-4ae8-b933-0c5c5814cfc3,2026-03-04,CUST-616277,91.44,3474.72,2026-02-10,192.77,2026-04-28,0,1,39.47,10.89,41.78,Enterprise,3,7.02,104.99,6.3,Enterprise,95.22,-1.29,19.46,0.11
75f8b71d-9e6c-44d9-9bb0-ad1c049817b1,2025-09-22,CUST-242608,90.08,2071.84,2026-07-15,124.5,2026-03-26,0,2,8.79,1,23.76,Basic,0.61,1.88,44.71,5.46,Enterprise,95.65,-0.11,15.84,0.29
e599e241-e79d-4740-b8d4-e55a6506804b,2026-06-13,CUST-695264,94.35,2924.85,2025-09-27,197.19,2026-04-03,0,0,35.83,6.93,35.73,Enterprise,2.39,0.76,123.84,9.47,Postpaid,96.64,-3.37,6.25,0.19
2ab8bc82-bbec-493a-93e7-8a83dff66732,2025-10-24,CUST-397692,137.23,2744.6,2025-09-29,124.44,2026-07-02,0,1,7.39,14.27,37.32,Family,4.32,5.31,25.77,7.96,Prepaid,98.26,-6.01,10.4,0.49
c2619709-6924-446a-a6c5-e124ec932039,2025-11-09,CUST-479445,135.15,6892.650000000001,2026-03-26,160.79,2026-05-17,0,2,21.8,26.43,35.85,Basic,1.59,-1.05,90.51,0.55,Postpaid,96.29,-5.76,17.14,0.37
f643e17e-79eb-4a72-9d65-4c355163e8ef,2025-09-10,CUST-718964,72.47,1594.34,2026-01-10,102.33,2026-02-02,0,0,6.24,19.75,30.87,Premium,3.02,8.92,39.43,0.57,Enterprise,97.46,-1.87,8.84,0.28
895828ab-2a7b-49d8-bfb8-33c447187727,2026-02-26,CUST-943351,106.07,2757.8199999999997,2026-04-24,193.71,2026-01-17,0,1,37.53,20.34,10.73,Premium,4.99,1.8,32.38,4.26,Enterprise,99.25,-0.76,19.32,0.11
344b0024-2077-4504-8f3c-f4acc7483458,2025-10-09,CUST-105742,36.35,1817.5,2026-01-06,58.34,2026-02-08,0,0,33.2,25.74,27.02,Family,1.02,9.25,136.66,2.42,Enterprise,97.75,-3.31,14.49,0.21
fb816bce-8fe7-4778-9667-f31f7d9e9dd4,2026-04-01,CUST-609348,49.89,2743.95,2026-01-15,39.31,2026-07-05,0,2,42.4,1.29,20.57,Basic,3.66,2.09,51.2,5.95,Enterprise,97.5,-5.61,17.83,0.3
d307ead1-5ac1-4ca7-8e21-8bc537a12146,2026-04-29,CUST-883203,149.34,8512.380000000001,2025-08-23,128.1,2026-03-25,0,0,34.87,22.97,49.81,Enterprise,0.9,5.16,89.79,7.27,Prepaid,98.58,-9.7,5.62,0.32
95c13ca4-9d1c-4d35-8866-5cffd7569e0e,2025-08-09,CUST-138919,37.33,1978.49,2026-02-07,23.21,2026-03-18,0,1,48.72,13.28,13.54,Family,0.1,6.21,152.05,0.53,Prepaid,99.51,-4.02,2.55,0.22
e43a7a19-1db8-42b8-8bba-a88f431e1acd,2026-02-16,CUST-816684,146.52,7765.56,2026-01-23,32.22,2026-07-10,0,1,3.77,4.98,16.78,Premium,1.28,-3.33,97.15,3.71,Enterprise,97.68,-5.79,1.58,0.42
325a6566-8906-4f58-a290-c9d817798d81,2026-05-07,CUST-666405,149.28,2687.04,2025-11-16,158.21,2025-11-18,0,1,2.57,29.71,40.22,Enterprise,3.17,2.55,102.35,5.07,Prepaid,97.15,-3.5,12.93,0.12
c55e6676-7411-45de-87cd-3e5497ca412a,2025-10-25,CUST-425552,137.29,7688.24,2025-10-30,155.02,2025-09-30,45.05,0,40.1,12.94,39.59,Basic,4.7,-0.49,34.69,6.57,Postpaid,99.66,-9.62,14.98,0.36
d02065c3-ac37-43c7-88e4-396135e56254,2025-11-03,CUST-545159,45.21,587.73,2025-07-27,31.55,2026-02-08,11.56,1,45.98,8.43,22.86,Enterprise,4.22,-1.47,121.35,6.09,Postpaid,96.92,-5.33,11.9,0.3
65c80d7f-f9c7-4fb4-bcb3-0843741b48eb,2026-06-21,CUST-984802,60.74,2368.86,2026-04-24,151.98,2026-04-18,0,0,29.87,9.89,26.55,Premium,2.69,9.03,127.09,8.09,Prepaid,98.9,-3.37,15.13,0.49
1b91f82d-6d5c-4ed1-a1e4-4c86ec3f59c0,2026-01-09,CUST-370062,53.88,2909.52,2026-07-14,59.31,2026-03-17,0,0,28.5,26.13,43.53,Family,2.62,2.22,105.62,1.16,Postpaid,99.66,-8.69,11.25,0.12
df9dad36-9a5c-4ae2-bce0-25c36ba331fa,2025-12-30,CUST-525699,41.05,697.8499999999999,2025-08-27,137.12,2026-06-08,16.58,1,34.39,3.17,19.17,Basic,4.73,-4.25,29.1,2.37,Postpaid,96.8,-6.49,5.95,0.25
c00865d7-36ec-4f4d-b025-4255d2ccdf28,2026-06-01,CUST-775000,47.98,1871.2199999999998,2025-12-19,112.02,2026-01-06,0,1,20.33,25.69,42.04,Premium,3.53,8.75,93.39,1.82,Enterprise,99.94,-3.24,9.88,0.18
5bca4839-45b6-4bf4-89a4-03fcf14e2888,2025-12-26,CUST-182274,96.44,2218.12,2026-05-17,86.69,2026-01-04,0,2,21.16,11.32,42.1,Family,4.83,7.95,194.53,2.1,Enterprise,97.12,-9.76,5.09,0.37
72e851e0-59d0-4e35-a345-c9d718e84cf0,2026-05-27,CUST-194658,79.86,4392.3,2026-05-25,123.02,2025-12-01,25.75,0,14.84,12.04,48.38,Basic,0.88,-2.68,130.28,4.22,Prepaid,99.08,-6.37,18.8,0.42
5db7ab17-24b7-43ba-9a47-bce921dc0017,2025-09-16,CUST-465813,71.54,3720.0800000000004,2026-06-03,38.21,2026-06-29,40.38,1,19.51,18.45,18.26,Basic,4.89,4.61,43.66,9.44,Prepaid,97,-2.21,10.05,0.31
7755d4cf-410d-4977-96c6-4036e66c5201,2025-12-18,CUST-419888,141.89,4966.15,2026-01-24,163.78,2026-06-21,0,2,13.21,0.86,43.41,Premium,2.97,9.29,30.55,8.7,Postpaid,95.5,-2.68,11.54,0.47
62d4c1b3-3548-48e9-a871-42764a5dc2f4,2026-04-01,CUST-996270,46.99,892.8100000000001,2026-01-04,165.55,2026-07-05,0,1,43.08,28.75,39.26,Basic,1.46,0.37,174.69,4.21,Prepaid,96.72,-0.67,1.14,0.48
d74be8c5-843a-4a91-8803-8b9a86e54883,2026-06-01,CUST-676571,35.15,1124.8,2026-03-22,173.29,2026-02-17,0,0,1.18,21.37,12.42,Basic,2.16,-1.47,79.61,5.18,Enterprise,96.67,-3.31,6.25,0.36
712f6696-b898-4932-9e49-8e7c25290afe,2025-11-09,CUST-945796,98.42,3641.54,2026-04-13,181.93,2026-06-01,0,2,7.92,3.83,32.64,Enterprise,3.27,4.1,151.26,7.1,Prepaid,96.32,-1.36,16.76,0.18
54cc6916-896d-4e75-95cb-143153c66dce,2025-11-10,CUST-481471,132.45,2516.5499999999997,2026-05-19,105.74,2025-08-08,26.17,1,21.99,6.22,33.94,Family,2.82,-3.09,64.05,5.65,Prepaid,99.82,-9.16,19.61,0.33
5729f9c6-8c68-4980-a6ce-613df114039f,2026-04-13,CUST-487093,101.33,1823.94,2025-09-07,180.89,2026-05-17,37.43,2,4.37,23.98,24.15,Premium,2.39,6.63,151.44,4.87,Postpaid,95.96,-8.25,11.43,0.5
63af4f90-206c-4da5-be8e-c97734e7bbce,2025-12-03,CUST-975166,139.22,2227.52,2025-12-27,64.95,2026-04-03,0,1,0.85,5.83,43.86,Premium,0.34,7.33,113.93,9.4,Enterprise,97.2,-9.23,0.78,0.47
e714b0dd-d090-4f46-942f-aeb3b00b49d4,2026-05-11,CUST-493583,139.53,5860.26,2026-05-28,91.9,2026-01-08,0,0,28.35,9.44,43.75,Family,3.3,-0.47,190.36,0.23,Postpaid,98.92,-9.09,15.56,0.48
5f86fcfd-ae3a-430e-94d5-7dde50cae8b7,2025-12-20,CUST-561438,42.28,1818.04,2025-08-07,60.55,2025-09-23,9.86,0,16.82,25.99,20.4,Family,1.29,7.61,94.67,6.17,Enterprise,98.67,-3.9,19.82,0.15
abb64ab0-9271-465a-b464-a0cc6895adf3,2026-07-03,CUST-613900,28.3,1499.9,2025-11-11,20.05,2025-08-14,0,1,14.86,14.03,30.27,Basic,2.01,-1.47,163.66,5.68,Prepaid,96.99,-2.29,11.1,0.36
18a5bf36-2573-4b10-be63-84ab119bcd2f,2025-08-13,CUST-626911,76.24,3659.5199999999995,2026-07-19,132.95,2026-04-20,0,0,9.2,13.32,28.08,Basic,3.78,6.39,196.68,6.45,Prepaid,97.48,-6.99,7.99,0.41
a51322fc-53dd-4f13-b2d5-52cd4d948026,2026-02-21,CUST-445921,109.89,4945.05,2025-09-20,38.96,2025-09-26,0,1,33.04,2.82,12.92,Basic,0.28,-1.76,126.07,5.29,Prepaid,96.84,-0.04,7.36,0.34
d8282dbb-cc00-4cda-8dfb-a80af5711b9a,2026-02-18,CUST-266204,40.62,2234.1,2025-12-26,72.78,2026-05-07,0,1,40.22,20.11,47.36,Enterprise,0.51,-3,130.49,9.51,Prepaid,95.77,-3.48,19.77,0.24
86a92d14-32ad-4365-8358-ba72d3826a9c,2026-01-21,CUST-129496,125.37,6644.610000000001,2026-03-15,180.96,2025-10-01,8.65,0,48.92,25.06,48.18,Basic,1.06,-0.88,197.85,8.52,Prepaid,97.17,-5.75,3.54,0.44
531a1632-d232-4215-8cb2-e604e16fdfd6,2026-01-14,CUST-474053,142.03,2414.51,2025-11-21,119.47,2025-10-01,0,1,36.39,27.53,24.53,Enterprise,2.44,1.62,174.96,1.65,Prepaid,96.39,-9.43,11.03,0.25
30f6b169-f884-412d-80cf-b29c0bd73e63,2025-10-26,CUST-666092,88.03,4577.56,2025-12-14,83.86,2026-01-13,0,1,36.79,15.39,23.36,Premium,3.08,-2.82,147.04,9.16,Prepaid,97.88,-7.12,11.88,0.18
9fcd4c68-09fd-4cd8-b36a-11a35bb446e5,2026-07-24,CUST-394358,143.43,4016.04,2026-04-22,154.83,2026-07-07,0,2,21.15,2.97,14.8,Basic,3.04,-0.47,84.61,8.27,Postpaid,96.73,-8.38,18.55,0.43
828e9f87-44d4-4251-90c4-d41fd3471a9d,2026-05-11,CUST-732550,131.65,5134.35,2026-02-01,110.94,2026-02-16,0,1,32.42,8.91,37.68,Enterprise,0.89,-1.3,102.35,1.18,Enterprise,98.85,-6.74,5.49,0.27
41a812c9-8e93-4840-ab08-6e68569f6df2,2025-11-27,CUST-325162,146.15,3069.15,2025-08-12,142.19,2026-04-24,0,0,42.25,23.95,32.23,Family,2.79,9.82,47.36,9.93,Postpaid,97.09,-0.18,5.41,0.19
6c3411b9-6f2d-4473-9dcf-0df91524f104,2026-05-02,CUST-698135,36.24,1159.68,2025-08-28,175.89,2026-06-25,20.03,1,21.13,12.08,39.89,Family,2.29,6.84,161.14,1.9,Enterprise,95.44,-0.93,19.32,0.37
240bdcde-f54d-444c-ad8d-088dc29788a1,2026-05-14,CUST-568934,118.37,1775.5500000000002,2025-08-08,46.93,2026-04-16,0,0,30.34,28.17,31.37,Enterprise,2.6,7.77,61.94,6.83,Enterprise,98.2,-0.65,4.41,0.37
7f07b969-1e91-4178-990a-5ebba26f1170,2025-10-26,CUST-409728,65.34,1960.2,2025-11-09,79.16,2026-04-02,0,1,30.22,21.9,22.7,Basic,0.84,6.89,36.27,2.42,Prepaid,99.28,-3.02,18.4,0.4
fe848e18-c2d0-4f00-9b01-85f98dcc801c,2025-10-03,CUST-458881,107.48,4514.16,2026-01-09,182.2,2026-06-26,0,2,36.29,7.38,11.83,Premium,3.02,7.89,79.1,8.25,Postpaid,97.82,-5.52,11.93,0.32
71c3ea6f-d75d-4239-9960-5335c38c88c8,2025-10-29,CUST-247324,23.59,353.85,2025-11-25,196.31,2025-12-08,0,1,2.08,2.18,29.34,Family,4.57,-1.94,59.53,0.12,Enterprise,98.77,-1.46,13.66,0.13
2a79db3e-ac24-4d39-bbd3-9ac8dfa15c5f,2026-05-29,CUST-408979,27.58,413.7,2025-11-28,58.74,2026-02-03,0,1,40.61,4.5,26.67,Enterprise,4.1,5.03,87.17,1.93,Postpaid,95.79,-6.45,19.67,0.13
5b8c66d4-0799-4d2c-b4cd-928a536e4022,2025-09-06,CUST-238375,139.83,4474.56,2025-08-26,161.72,2026-06-18,0,1,6.99,9.23,17.93,Premium,1.72,8.32,57.01,5.05,Prepaid,96.85,-4.33,11.87,0.15
f6abdad5-b846-4402-bc2e-00be77d5e4cf,2025-10-03,CUST-197448,101.05,5052.5,2025-10-12,192.56,2026-01-15,0,1,5.37,6.8,17.36,Family,1.04,2.38,63.07,7.51,Postpaid,96.9,-4.76,5.07,0.31
6f1c40d5-ab12-4b72-a325-14114e08469c,2026-02-18,CUST-127412,91.06,5099.360000000001,2025-09-30,103.36,2025-11-07,0,0,6.16,14.94,44.2,Family,4.3,7.33,78.96,2.11,Prepaid,99.76,-0.41,13.99,0.16
f8a14897-7a4c-4349-ac97-065d69116c91,2026-02-10,CUST-518631,130.58,6659.580000000001,2026-04-05,83.42,2026-04-05,0,1,49.38,19.23,23.62,Family,3.35,-2.98,41.26,2.24,Postpaid,97.02,-5.55,10.16,0.4
86548bc5-e36a-4b9b-a5be-79c6fcf99f4f,2026-07-11,CUST-429079,61.54,3138.54,2025-11-11,129.2,2026-05-02,0,2,19.49,10.05,44.44,Premium,1.18,-3.16,120.05,6.47,Postpaid,97.66,-0.8,15.24,0.17
8eb74f30-2cd2-44fc-be54-c15bb4ca1509,2026-02-19,CUST-788161,119.85,7071.15,2026-05-27,44.41,2026-02-27,0,1,13.49,9.3,24.34,Enterprise,1.51,5.76,78.24,1.6,Enterprise,97.23,-3.91,4.59,0.11
c2b6edc1-a751-43d7-973e-6067a66ae9bf,2026-05-27,CUST-501924,116.26,3022.76,2026-03-02,23.41,2025-12-19,47.59,1,1.04,20.51,41.77,Basic,4.86,8.49,59.99,4.51,Enterprise,98.81,-1.55,6.07,0.34
0a21937f-17e5-4453-9564-293fbf90a049,2025-10-01,CUST-990696,42.68,2304.72,2026-04-20,132.26,2026-07-04,26.12,0,11.69,7.09,12.16,Enterprise,4.73,5.43,91.66,5.51,Prepaid,95.77,-6.54,19.82,0.31
40de8dd9-21f7-420e-aa62-8689d8347ced,2025-07-26,CUST-636397,81.56,1468.08,2026-03-27,44.82,2026-03-27,0,2,3.35,27.18,21.34,Basic,2.83,2.35,121.88,6.11,Enterprise,96.99,-0.13,6.73,0.38
c26044b2-d3c4-44c8-8531-f6fd61a1d608,2026-02-02,CUST-287694,45.36,1995.84,2026-06-19,129.4,2026-04-06,0,1,40.66,20.96,41.79,Family,2.77,-3.8,56.77,4.17,Enterprise,98.43,-1.57,11.93,0.41
5e4a6848-63eb-4244-8c61-0f866f6e4649,2025-12-11,CUST-745149,110.87,2771.75,2025-10-14,192.16,2026-05-21,0,1,36.88,12.05,33.05,Family,1.01,2.28,162.01,1.26,Prepaid,95.07,-6.22,19.38,0.1
cdaaa727-d8fe-41fc-8854-c96422ddd078,2026-03-18,CUST-863354,114.18,1941.0600000000002,2026-04-21,176.04,2025-08-11,0,1,35.42,21.75,34.75,Family,1.53,4.38,181.91,5.38,Postpaid,99.79,-4.39,8.58,0.33
d26fa127-ea0f-4a86-9dc5-354162a7f268,2026-07-12,CUST-698824,23.17,417.06000000000006,2026-03-09,80.16,2026-03-30,23.51,0,14.01,7.2,47.98,Family,0.26,-1.49,100.12,5.97,Enterprise,97.72,-9.67,17.67,0.18
120ec266-9980-4979-b1c7-87a1394c9a67,2026-04-04,CUST-961414,149.41,4781.12,2026-04-09,152.78,2025-09-04,15.55,1,33.92,11.25,40.66,Premium,0.83,2.58,137.11,1.96,Prepaid,99.27,-8.22,0.92,0.36
d8d6efef-b202-422d-9352-ee7bd7d60d81,2026-01-11,CUST-248106,46.53,2512.62,2025-08-31,26.32,2025-08-04,35.06,1,34.67,9.52,24.82,Basic,2.38,-0.49,126.49,8.84,Postpaid,98.92,-9.24,0.09,0.21
8ba2ae13-37d5-4f53-8393-8e53fd6fc8b3,2026-04-27,CUST-983374,123.53,5558.85,2025-11-24,57.89,2025-10-25,0,2,21.87,5.24,48.53,Enterprise,4.31,-4.35,167.9,9.34,Postpaid,99.92,-6.61,10.15,0.2
e7036441-1b58-44f9-a688-0c9593573bfa,2025-12-09,CUST-557965,56.91,2959.3199999999997,2025-11-04,96.87,2026-01-30,0,1,39.29,21.62,37.11,Premium,1.47,5.47,27.58,8.55,Postpaid,95.57,-0.14,14.67,0.17
c34ff59a-ad16-4edf-8a94-ccd09f805193,2026-06-14,CUST-448810,93.73,4217.85,2026-02-18,158.31,2025-12-24,0,0,35.01,20.05,12.76,Premium,4.39,1.89,82.59,8.14,Postpaid,96.91,-6.61,2.16,0.44
e8c3bf8c-d34e-4f15-b787-f1674db8f925,2026-07-13,CUST-904636,55.6,1556.8,2025-09-19,110.27,2026-01-07,0,1,13.17,11.76,26.27,Family,4.31,8.81,75.52,6.82,Enterprise,98.01,-2.83,6.43,0.19
796f2792-1038-48c8-9681-7e8809a5bf46,2026-03-03,CUST-574256,47.03,2116.35,2025-10-01,148.53,2026-03-28,0,1,49.44,17.58,29.34,Premium,2.97,2.4,30.39,3.95,Prepaid,99.36,-6.36,18.17,0.18
64e4c70f-37b2-4a39-9776-5907b15a0752,2025-10-22,CUST-296771,42.52,765.36,2025-10-16,80.16,2025-10-03,0,1,24.15,5.26,38.49,Enterprise,2.35,-0.87,196.93,8.76,Enterprise,98.79,-0.03,17.44,0.34
28a90910-9681-405a-a465-2d42937225f3,2026-04-02,CUST-921575,100.63,4327.09,2025-09-09,147.31,2026-02-21,0,1,6.79,12.66,35.71,Premium,3.79,4.44,151.74,5.55,Postpaid,97.78,-3.59,10.99,0.3
771f9b80-8bd0-4384-9d29-e537c75bdf9a,2026-03-18,CUST-316514,110.59,1437.67,2026-07-18,85.84,2026-01-15,0,0,46.48,4.97,28.4,Family,1,4.73,79.18,1.98,Prepaid,97.68,-6.62,0.34,0.43
6a64a307-9209-4384-85b1-03a8a959d8e8,2026-05-08,CUST-353436,75.36,1582.56,2026-03-16,180.96,2025-09-29,40.73,1,3.95,7.69,33.47,Basic,4.86,2.45,45.19,3.24,Postpaid,95.39,-7.64,5.61,0.15
ce5f21bc-e3a5-4699-a84b-02093fb9557e,2026-02-23,CUST-677878,93.17,1770.23,2026-06-07,197.53,2026-07-12,0,1,17.24,2.18,45.97,Basic,2.67,-1.95,159.08,3.66,Enterprise,96.57,-4.22,2.65,0.14
ae421eb3-aa62-4d8e-ad3e-fcb4512bb8f5,2026-05-29,CUST-227004,137.28,8099.52,2025-11-07,114.86,2025-12-16,0,1,20.18,15.4,28.48,Enterprise,4.8,-1.55,62.67,2.04,Enterprise,96.44,-2.68,1.95,0.22
499278b3-7d2e-4cdc-967f-bae8990c0e40,2025-11-10,CUST-234361,130.79,6539.5,2026-06-24,26.81,2025-09-27,0,2,47.81,24.63,43.11,Basic,1.46,6.64,114.6,3.45,Postpaid,99.46,-4.34,17.58,0.17
78f5a9c6-2e3d-444a-9c4f-416105246674,2025-10-09,CUST-401943,145.17,6387.48,2026-04-09,177.79,2025-11-05,0,2,48.4,17.97,40.44,Enterprise,4.3,2.11,33.96,6.48,Prepaid,99.82,-7.64,18.78,0.43
02a7c307-9aa2-4a91-bfd5-7a7e609ba780,2025-12-11,CUST-600677,101.41,2738.0699999999997,2026-03-24,154.44,2026-01-03,0,2,9.54,28.15,35.23,Basic,1.83,-3.75,164.43,5.98,Prepaid,99.48,-9.42,14.34,0.22
b148ec4c-8d0c-4d17-b7fa-70fa512608da,2025-11-30,CUST-135899,40.09,1002.2500000000001,2026-06-04,128.62,2025-12-28,0,2,2.54,27.97,14.39,Basic,4.02,0.04,166.14,4.79,Prepaid,99.97,-3.53,5.22,0.19
d7af1633-8a43-4e5c-9c0d-e7b7afef580c,2025-09-10,CUST-437516,76.3,2670.5,2025-08-15,154.92,2026-06-10,0,1,45.45,17.85,27.1,Enterprise,0.36,-1.26,25.67,5.02,Postpaid,98.72,-2.31,5.22,0.33
f2bb9dc8-9e82-44bb-9744-82ebfb535479,2025-11-24,CUST-110923,30,1290,2025-09-05,162.45,2026-04-08,0,0,13.01,19.98,26.43,Family,0.29,2.37,60.04,6.83,Enterprise,95.34,-7.4,18.76,0.37
90798a28-797c-45bc-aadc-dd58286a3910,2025-08-07,CUST-810347,118.6,3439.3999999999996,2025-10-04,81.41,2026-02-07,42.73,2,0.37,22.49,23.83,Family,1.02,8.82,193.25,5.39,Enterprise,96.63,-7.51,4.7,0.17
eefaabc7-7c4c-43b7-9efd-a04957a54332,2025-08-27,CUST-374939,73.94,3105.48,2025-10-07,195.57,2025-11-18,0,0,44.98,22.33,46.59,Premium,2.26,-2.82,69.63,3.12,Enterprise,97.37,-8.29,18.26,0.34
9a3a6ed2-0110-4276-92c4-a4f03a60ab06,2026-05-17,CUST-155607,76.26,4423.08,2025-12-24,138.05,2025-11-28,0,0,1.87,25.03,41.04,Enterprise,3.54,-2.12,45.49,0.41,Postpaid,95.89,-5.18,10.61,0.2
3fe6aa88-3424-4ed5-803e-324d4df062a0,2025-08-05,CUST-640853,20.1,502.50000000000006,2025-10-01,78.08,2026-06-26,0,2,12.9,11.85,38.13,Basic,0.24,-2.67,81.82,4.35,Prepaid,97.43,-4.04,17.56,0.23
fc49ba48-39a3-48f3-8741-657c970828cd,2025-07-29,CUST-152067,26.88,510.71999999999997,2025-11-14,35.27,2026-03-29,0,1,28.03,0.86,41.91,Enterprise,1.35,9.25,191.24,9.3,Enterprise,96.28,-7.04,18.53,0.24
25b697c4-db51-43d0-9913-3da776475fb2,2026-07-04,CUST-929834,135.81,4074.3,2025-09-22,165.76,2026-02-10,30.34,1,39.58,16.04,27.44,Enterprise,0.64,-2.58,163.37,2.34,Prepaid,97.85,-3.33,9.97,0.39
d5020340-fe73-4454-a9ce-36cc9c62fec0,2026-02-19,CUST-647023,37,1443,2025-10-03,43.28,2026-05-27,0,1,6.38,24.58,13.33,Enterprise,3.06,4.33,173.42,7.03,Prepaid,95.27,-5.92,18.7,0.27
7c9f032c-362a-46c1-908e-7632196c8c2f,2026-07-14,CUST-794195,87.14,1568.52,2026-02-13,121.38,2026-05-02,15.89,1,17,29.47,32.57,Premium,0.79,8,86.45,7.25,Prepaid,97.86,-9.78,17.97,0.13
1d34536f-943a-445b-8156-6dc683a26ac9,2026-01-13,CUST-411615,26.39,923.65,2026-06-07,114.18,2025-08-24,10.54,1,5.01,18.42,13.68,Basic,4.54,1.74,106.35,4.11,Prepaid,96.1,-8.89,19.64,0.39
1fbd9aae-7957-42b3-8271-efb2761c371a,2025-08-22,CUST-972126,69.02,4003.16,2026-03-10,96.87,2025-11-27,0,1,45.49,22.88,23.68,Premium,2.28,-1.65,185.89,6.61,Enterprise,98.1,-4.01,13.2,0.43
b2f39d89-4b21-4f39-8746-5a560c8af18f,2026-04-10,CUST-407653,21.46,858.4000000000001,2026-07-13,148.24,2025-07-29,0,0,17.41,4.32,35.85,Basic,2,4.57,191.7,2.6,Postpaid,96.59,-5.09,4.02,0.4
9f1aedfc-ff50-4467-bac2-ee222a1d5da4,2025-09-15,CUST-107869,139.94,5877.48,2026-02-05,118.53,2025-11-21,0,1,17.27,3.34,18.61,Basic,2.91,1.08,118.57,5.76,Enterprise,96.35,-1.97,6.87,0.35
3f46f0dc-4d8c-4186-ba9b-a03fb2d2541f,2026-01-04,CUST-649340,53.31,1919.16,2026-07-09,32.91,2026-06-17,0,2,28.98,4.24,46.45,Enterprise,2.3,0.18,172.3,0.2,Prepaid,98.1,-4.03,15.87,0.43
6ce409ce-8f3d-4a99-aeaf-dc59aa8e5687,2026-01-18,CUST-689191,44.77,2551.8900000000003,2026-05-02,139.1,2026-07-11,0,2,28.13,8.25,39.03,Enterprise,4.07,-1.28,49.44,8.08,Enterprise,95.34,-5.36,12.12,0.47
01d307d4-c222-4215-93ce-d3de1d444824,2025-12-26,CUST-658404,76.26,2669.1000000000004,2026-04-03,23.66,2026-05-19,0,0,23.6,29.86,49.53,Family,2.01,-1.25,142.86,9.28,Postpaid,97.97,-2.19,19.25,0.49
c4f293c7-4474-4006-ae25-6650ba1a0146,2026-01-13,CUST-240166,142.72,7136,2026-01-22,156.56,2025-07-26,0,1,12.25,4.94,36.84,Premium,1.84,5.52,29.39,0.38,Postpaid,97.82,-8.22,16.46,0.22
59341147-52b5-4662-884b-d7e56667c3b2,2025-11-24,CUST-290632,78.07,3513.1499999999996,2025-10-24,99.89,2026-07-24,0,1,7.97,6.91,33.36,Enterprise,3.85,5.32,183.17,7.86,Enterprise,97.29,-3.54,17,0.21
0eca0584-8fd6-42c0-bd1e-5e9b3dac2f98,2026-01-24,CUST-129581,23.65,1229.8,2026-02-05,32.08,2026-06-14,0,1,11.52,24.03,33.53,Enterprise,1.34,7.48,138.84,4.25,Enterprise,97.29,-1.07,8.69,0.49
0db3cb7e-a4c0-4484-9b5a-17577734d334,2026-01-21,CUST-636694,77.91,3505.95,2026-05-08,147.41,2026-06-26,0,2,19.8,8.07,46.34,Premium,0.55,1.49,54.47,4.19,Enterprise,95.8,-9.44,6.39,0.35
c8995b57-778e-44c5-aaa5-531257305764,2025-11-12,CUST-630875,34.74,937.98,2025-11-14,109.47,2026-04-12,44.73,0,12.27,25.94,13.21,Basic,3.75,-3.71,70.26,1.64,Postpaid,99.19,-7.35,15.59,0.39
517a564d-f0f8-49aa-928e-fd3ba3bed0c1,2025-08-12,CUST-980007,67.42,1820.3400000000001,2025-09-01,51.26,2025-10-22,14.75,1,16.99,12.49,28.97,Family,3.87,6.44,81.47,0.83,Prepaid,98.59,-3.37,16.56,0.22
e51fe871-8cac-4244-b583-0e2a70d27267,2026-07-08,CUST-284222,149.78,2546.26,2026-01-04,114.62,2025-10-25,0,1,2.2,19.31,24.39,Premium,3.85,3.45,109.05,2.2,Prepaid,96.58,-8.73,10.74,0.45
d1bfa98b-bcf0-4a27-b0a8-216cd8fa7ce8,2026-03-23,CUST-325188,121.1,4965.099999999999,2025-12-23,86.23,2025-12-02,0,2,45.96,5.41,20.67,Premium,1.25,-1.83,137.88,5.99,Prepaid,99.64,-0.96,6.23,0.31
0e1fe26a-26c8-4723-bd4a-071252898c9f,2026-02-20,CUST-149403,22.3,423.7,2026-04-06,169.3,2026-07-08,0,1,3.15,9.42,12.22,Basic,3.2,9.29,163.85,2.75,Postpaid,98.99,-3.09,1.96,0.49
40193aa8-c090-407f-a76e-184e15ddebb9,2026-03-07,CUST-448341,129.76,5060.639999999999,2025-11-17,114.38,2026-03-31,28.81,1,17.27,8.61,48.05,Enterprise,2.3,3.1,63.78,3.25,Postpaid,98.18,-8.8,11.88,0.41
75f942fe-bfcb-4708-b24f-d7cd2e05542c,2026-04-28,CUST-282451,50.84,1576.0400000000002,2026-03-16,146.04,2025-12-12,0,0,12.62,18.76,32.98,Premium,2.44,7.13,143.24,8.88,Enterprise,98.87,-2.05,17.66,0.48
06c6eda1-0238-4658-ba8f-5449585c7516,2025-11-16,CUST-143860,78.42,3293.64,2026-06-25,189.3,2026-06-10,0,1,19.42,27.39,44.85,Premium,1.16,-4.02,73.83,4.24,Postpaid,96.92,-4.05,9.25,0.25
270cd03d-c29d-47de-97a1-6b37e29440e2,2025-09-08,CUST-115961,103.93,3013.9700000000003,2026-02-21,67.3,2026-06-16,0,1,7.68,14.62,33.41,Family,0.27,8.76,169.16,0.04,Postpaid,97.09,-4.98,13.75,0.27
5bfcaf7f-3c58-4e06-b843-fa9cc5c07e32,2026-02-03,CUST-372079,52.96,1218.08,2025-12-12,82.22,2025-10-15,0,0,15.06,23.27,30.97,Family,2.41,6.15,152.86,1.6,Postpaid,96.11,-5.51,15.98,0.19
0e4126bd-99e8-45b9-a8e3-e07c20076788,2026-03-08,CUST-901592,93.36,1307.04,2025-10-08,121.78,2025-10-22,33.56,2,13.76,6.51,11.26,Basic,3.58,9.92,86.38,3.51,Enterprise,99.34,-1.78,7.56,0.23
1f60f18f-9a69-4c6c-b2ed-12425bf5d54d,2026-03-04,CUST-409984,134.38,2284.46,2025-10-09,100,2025-11-10,0,2,26.2,27.07,40.14,Basic,0.99,-1.63,133.65,2.89,Prepaid,97.79,-5.75,3.17,0.42
9da931dd-e64f-4bc3-abac-3dc9d4908cb7,2026-02-14,CUST-208143,50.86,661.18,2025-11-14,101.85,2026-01-04,0,0,17.56,21.22,43.59,Family,2.32,8.89,78.79,3.2,Prepaid,97.44,-0.66,7.46,0.34
aad0810b-5872-4f08-b138-d1aab93be4eb,2026-03-06,CUST-694116,55.39,1550.92,2025-10-16,108.75,2025-09-05,0,1,15.05,25.13,34.86,Premium,3.27,6.66,105.22,0.33,Prepaid,95.58,-8.97,3.39,0.4
fbc87dd8-e78e-4cf8-91d8-26e1ef576cd0,2025-10-18,CUST-340672,130.68,5488.56,2025-09-16,135.01,2026-03-10,18.63,0,36.26,18.95,10.76,Basic,0.71,0.46,140.97,2.95,Postpaid,98.07,-5.39,8.17,0.48
5cea03c6-1882-405c-aef0-813a10d4e42a,2025-09-18,CUST-674670,116.17,2671.91,2026-05-29,86.28,2026-05-02,0,2,37.91,27.47,34.7,Enterprise,3.28,-1.41,42.73,2.27,Prepaid,96.15,-2.57,3.68,0.12
80a91972-f113-4846-9f08-4278bd9596cf,2025-12-13,CUST-984528,83.68,2761.44,2025-11-15,123.86,2025-08-12,0,2,39.3,13.46,37.58,Family,0.99,7.46,119.88,9.08,Prepaid,98.18,-0.25,19.83,0.38
9968e6ce-7825-40b8-8a56-20a12379ce7c,2026-05-24,CUST-720191,73.09,2485.06,2025-08-26,112.23,2025-12-19,0,0,11.83,26.84,32.57,Enterprise,0.44,5.37,158.81,6.55,Enterprise,99.61,-0.67,13.55,0.43
ded5e6d8-79c0-466e-846e-8e55b9fe2f95,2025-12-01,CUST-949441,110.07,1540.98,2025-12-09,92.15,2025-12-22,0,2,34.23,25.64,25.46,Premium,4.82,2.01,155,7.55,Prepaid,98.2,-5.18,10,0.38
75182d53-e857-4572-b031-5ae5168892b9,2025-08-29,CUST-495362,136.95,5067.15,2026-06-18,192.21,2026-06-18,30.46,1,2.73,26.71,24.18,Enterprise,0.83,-3.97,42.63,0.63,Postpaid,99.38,-8.87,11.45,0.16
984d5000-023e-4193-a521-65ddc1626e5e,2026-07-02,CUST-728086,142.87,6429.150000000001,2025-12-31,179.73,2026-02-14,0,2,14,14.3,26.35,Premium,2.66,1.3,182.97,7.72,Postpaid,96.75,-1.08,11.47,0.36
0e3e5160-148b-4e8c-9c9d-7b80d50d0d17,2025-11-08,CUST-792790,99.4,1988,2026-03-07,182.32,2026-01-21,0,0,19.54,23.1,41.64,Enterprise,1.81,8.92,169.05,0.45,Enterprise,95.78,-1.92,15.66,0.11
32d79c06-0677-492f-8500-e1f87b15be7e,2026-03-26,CUST-244919,100.96,2221.12,2026-01-14,24.03,2025-07-27,0,1,15.63,12.45,11.41,Enterprise,4.79,0.89,45.82,7.96,Postpaid,98.32,-0.15,14.18,0.24
c209d098-2370-4b93-a8c2-af8c3fe9cbf1,2026-05-03,CUST-907224,142.07,5540.73,2026-06-07,46.99,2025-09-13,0,1,18.34,14.05,10.19,Family,0.92,-0.15,51.88,4.55,Prepaid,96.66,-4.98,19.61,0.15
38d255c1-915d-4a95-8949-7ce54fee87aa,2026-04-01,CUST-392217,114.43,2860.75,2025-10-05,63.35,2025-12-06,0,1,46.73,25.96,48.73,Family,0.97,7.59,77.81,3.13,Postpaid,95.44,0,3.12,0.17
d131579f-9a34-4529-9eab-87494fee442c,2026-07-16,CUST-633813,122.76,6506.280000000001,2026-04-01,44.69,2025-11-16,0,1,21.46,20.39,26.78,Basic,0.11,1.61,32.77,4.73,Enterprise,98.1,-8.7,14.75,0.48
31f00a0f-e2b9-4f9d-b8b0-60c731c1cb49,2026-01-07,CUST-523655,124.37,1989.92,2026-05-22,199.02,2025-11-23,9.05,1,13.2,0.47,42.5,Premium,4.88,-4.79,117.48,6.14,Prepaid,95.09,-3.5,1.94,0.42
c4c6dd14-9044-4183-b38c-62c7e5e6f263,2026-06-21,CUST-895987,100.38,3212.16,2026-01-25,46.16,2025-09-08,0,1,47.29,16.15,44.16,Enterprise,3.69,2.64,65.47,8.53,Postpaid,98.61,-0.1,16.53,0.23
a07fe732-4282-4441-8519-9ad4adeca935,2026-07-22,CUST-959461,29.77,803.79,2026-04-18,67.2,2025-11-06,0,1,30.24,29.7,32.54,Family,2.47,7.74,144.21,9.3,Enterprise,96.37,-3.99,14.09,0.32
af546a18-2544-412e-a8a0-b1640f3526ef,2025-10-03,CUST-593078,55.8,2287.7999999999997,2026-01-12,183.32,2026-04-04,0,2,10.64,21.63,30.63,Enterprise,1.33,7.23,186.79,8.18,Enterprise,97.08,-7.8,9.94,0.13
8d18f08c-1282-46c2-9c58-85573e4b63cb,2025-12-19,CUST-910483,132.69,6767.19,2025-07-30,167.28,2026-05-06,24.89,1,30.81,10.37,28.16,Enterprise,2.09,-4.83,159.83,5.67,Postpaid,96.23,-2.11,5.32,0.43
032e86d5-e76d-41f2-b9bf-f6de437632ef,2025-08-08,CUST-572733,85.43,3246.34,2026-02-19,197.18,2026-07-02,0,1,12.27,15.29,35.69,Family,3.04,1.02,118.66,1.48,Postpaid,97.43,-3.45,0.88,0.33
bdbc8808-471e-4b13-a099-fe958114952e,2025-10-11,CUST-801483,135.17,2703.3999999999996,2025-11-21,167,2025-10-27,0,2,48.04,26.51,20.85,Basic,1.12,2.95,183.52,2.16,Postpaid,98.37,-8.96,3.74,0.37
924cc71b-f109-4afd-b80a-7a9338660d74,2025-09-25,CUST-440849,99.06,4160.52,2026-05-16,105.72,2026-04-09,0,1,17.31,3.16,15.01,Basic,1.6,-0.95,55.01,8.47,Enterprise,97.76,-7.37,15.02,0.39
c1403e57-f301-476c-9239-9e94ba0a5723,2025-11-09,CUST-155336,74.18,3931.5400000000004,2026-05-14,78.22,2025-12-06,0,2,46.11,27.51,33.5,Enterprise,2.87,4.52,169.62,2.37,Enterprise,97.61,-0.62,6.49,0.37
0f25a141-9b8c-42b5-adf7-71fd9b8f88d9,2026-06-25,CUST-913871,70.89,2835.6,2025-10-30,137.13,2026-03-03,0,0,12.38,9.54,11.83,Family,4.11,2.83,86.92,3.68,Postpaid,95.07,-0.14,14.12,0.37
87dc2310-f442-4a96-aba6-aff26f3b8fab,2025-09-30,CUST-987057,62.96,1070.32,2026-01-09,121.55,2025-11-02,0,1,24.13,26.98,19.53,Enterprise,4.21,-3.58,133.18,0.46,Postpaid,96.18,-4.2,18,0.45
2d1a203f-33e0-4e3d-95e1-e6d327fa0052,2025-12-15,CUST-716821,40.18,1968.82,2025-07-31,153.99,2026-05-05,0,2,22.18,27.27,38.46,Basic,0.46,-0.92,170.86,8.91,Enterprise,95.07,-3.81,9.74,0.25
7321da69-a42b-4d90-ba24-1c05771cacd0,2026-06-27,CUST-576856,37.96,531.44,2026-05-30,64.56,2025-12-16,0,2,18.71,19.65,43.28,Family,2.45,3.09,116.15,0.14,Prepaid,96.13,-6.6,2.73,0.28
a1aad773-b321-4fe1-9836-379e3cd63046,2025-08-29,CUST-769182,86.43,2506.4700000000003,2025-09-11,30.43,2025-11-02,0,1,21.61,6.6,13.88,Enterprise,1.73,6.33,147.97,9.81,Prepaid,96.13,-1.26,12.66,0.41
c63d5f27-dc07-4836-8a2d-7ecd7104bcad,2026-02-11,CUST-427315,129.78,7397.46,2025-10-25,187.63,2026-05-28,0,0,7.76,17.28,11.1,Basic,2.67,0.09,177.12,9.17,Prepaid,96.7,-9.59,14.59,0.46
72be7965-644b-4a87-8394-50ff8ac38202,2026-04-30,CUST-944960,55.71,1504.17,2026-04-14,45.99,2025-12-03,43.71,0,13.41,12.64,23.03,Family,0.37,-4.44,55.44,9.58,Postpaid,98.41,-5.62,2.21,0.33
29848d41-ce74-4063-9cda-b25c12d544f1,2025-09-10,CUST-609726,92.65,5373.700000000001,2026-03-19,127.67,2025-08-20,0,1,33.81,16.76,15.33,Basic,1.27,4.97,102.77,7.96,Postpaid,96.43,-2.24,9.02,0.49
24d0c71e-0020-46b5-8ab1-da6892b05f91,2026-04-13,CUST-448610,69.26,3185.96,2025-11-29,177.15,2026-04-14,0,1,36.56,27.38,27.34,Enterprise,2.58,-4.17,176.46,7.08,Prepaid,95.25,-0.12,8.07,0.12
bcca4d7a-d37b-4176-8e6a-76e783041f8b,2025-10-15,CUST-590219,72.47,2101.63,2026-01-27,198.47,2026-05-12,47.38,2,33.58,0.67,44.35,Enterprise,2.91,-1.39,157.82,0.48,Postpaid,95.65,-6.38,13.65,0.27
472b7d05-0579-4668-a853-fae22bdc8425,2026-07-13,CUST-991056,54.85,2413.4,2026-04-05,155.91,2026-01-22,12.1,1,33.93,10.61,38.83,Enterprise,2.46,6.87,54.9,9.2,Enterprise,95.9,-3.34,1.04,0.22
3af49236-52ec-42bc-b7c2-4a263171321c,2025-09-11,CUST-122797,63.03,2395.14,2026-06-06,193.67,2026-06-13,10.27,1,2.38,23.24,39.22,Basic,3.69,7.03,87.9,3.57,Enterprise,99.13,-3.18,8.12,0.26
7aefe040-0eb4-4130-9d56-7c7efaea10db,2026-06-20,CUST-181150,81.63,1306.08,2026-05-14,165.3,2026-03-16,0,1,41.79,24.44,30.3,Family,1.33,3.26,74.3,3.31,Enterprise,97.45,-3.51,9.81,0.29
36601997-968d-4fac-843c-800f1427f87d,2025-08-27,CUST-166894,144.24,2884.8,2026-03-11,59.35,2025-08-31,0,2,30.3,4.44,29.49,Basic,2.65,9.55,122.99,2.92,Enterprise,95.82,-9.24,12.34,0.2
32587ced-8c71-4bc8-8415-e34a6a723a08,2026-02-18,CUST-381831,71.96,4173.679999999999,2026-05-08,58.79,2025-08-08,0,0,23.18,12.56,27.88,Family,1.2,-1.93,184.12,8.85,Postpaid,96.75,-9.32,1.51,0.39
0807e2b1-5250-454b-b4bd-52b91673b95f,2026-06-07,CUST-283971,136.66,7106.32,2026-05-02,195.51,2025-10-12,0,1,33.62,10.47,14.38,Basic,1.43,-3.79,163.55,9.14,Enterprise,96.53,-5.1,5.68,0.38
07af1f58-58f1-4b51-a627-5fb7ade8c92b,2026-04-08,CUST-718021,27.46,1427.92,2025-10-21,140.36,2026-02-23,0,1,47.89,23.18,14.5,Premium,1.65,-2.92,173.56,2.45,Postpaid,99.83,-8.33,11.36,0.35
090bd4e7-bb81-4651-8e1c-9022f5b68051,2026-06-30,CUST-803909,33.3,1631.6999999999998,2025-09-24,69.38,2025-09-18,39.41,1,20.76,5.35,34.95,Premium,4.48,5.15,57.5,1.3,Prepaid,97.47,-4.61,17.92,0.13
37e0a077-ff36-429a-813d-b73dbc0f9f8e,2025-08-03,CUST-254277,101.17,4856.16,2025-09-22,163.55,2026-07-01,0,0,38.85,5.39,41.36,Family,2.01,-0.15,126.91,5.4,Enterprise,97.09,-2.04,18.94,0.11
5e1e06a0-46d4-42d7-9d8e-a1819c5ff258,2025-10-22,CUST-488985,141.18,5929.56,2026-02-23,30.16,2026-06-25,0,0,46.35,7.02,14.09,Premium,4.38,-0.91,149.06,0.88,Enterprise,98.25,-4.44,19.41,0.37
92531faf-81e7-4182-b519-4337191caa4f,2026-05-24,CUST-626596,25.57,971.66,2026-06-09,81.61,2026-01-29,0,2,36.8,6.06,46.33,Basic,0.12,9.7,167.7,3.35,Postpaid,95.95,-4.12,19.81,0.2
113eb99f-e1b3-46e1-824a-cdc01ca5df03,2025-12-22,CUST-283520,98.02,4116.84,2026-03-21,107.4,2026-06-26,0,2,20.3,6.33,31.97,Enterprise,3.15,1.09,55.34,9.49,Postpaid,96.75,-8.3,7.09,0.1
a1f2279f-42da-4d78-b0f6-47e7069c586d,2026-03-30,CUST-668940,106.72,6403.2,2026-03-25,50.6,2026-02-04,0,1,23.02,0.94,28.6,Enterprise,4.12,-4.82,104.91,4.67,Enterprise,95.34,-3.85,7.24,0.41
24a3397f-5e9d-4741-89ee-b11f9dced1f0,2025-10-13,CUST-713208,72.57,4354.2,2026-01-29,24.87,2026-04-13,0,0,42.17,20.83,38.47,Premium,4.83,4.93,107.14,5.56,Postpaid,95.77,-5.2,9.21,0.29
bf4e46e0-c515-456a-99c5-53e920698a8f,2026-02-27,CUST-191938,109.12,4583.04,2026-07-21,94.79,2026-01-29,0,2,34.06,4.1,48.97,Family,1.73,1.35,170.97,7.38,Enterprise,96.63,-7.21,18.04,0.27
977e013b-c3d2-4828-a3b2-8c75cd980a2d,2026-04-17,CUST-165121,105.74,3595.16,2025-11-22,76.51,2026-04-23,0,1,16.42,0.29,41.11,Premium,1.5,6.67,174.19,7.66,Prepaid,95.41,-4.61,4.77,0.23
9a71035a-89c5-4928-bed6-c3241076f27e,2026-01-02,CUST-924278,48.62,1798.9399999999998,2026-05-18,177.59,2026-06-25,0,0,32.25,1.23,44.86,Enterprise,0.21,5.09,180.32,2.49,Prepaid,96.14,-1.87,6.62,0.3
5312f263-d30d-4da4-91c2-3869fd304d08,2026-05-06,CUST-897377,90.77,1361.55,2026-01-13,35.96,2026-02-15,0,1,49.54,20.85,13.36,Basic,3.59,-4.61,90.39,4.44,Enterprise,95.41,-4.14,12.95,0.37
6c6b1a1c-509a-4cb2-b29f-4279fda4d1a9,2025-11-26,CUST-486565,131.55,6314.400000000001,2025-10-14,55.19,2026-02-16,0,2,2.75,27.61,37.46,Basic,1.73,-1.01,181.73,9.32,Enterprise,99.17,-8.36,1.8,0.47
2196f47c-d8b4-4d45-af21-46ff88df54e2,2026-01-07,CUST-880053,122.86,2334.34,2025-10-17,116.57,2026-02-11,0,2,14.34,25.78,18.15,Basic,1.58,1.4,94.99,6.7,Enterprise,95.99,-7.51,10.49,0.17
b27509d1-8474-4d54-88ac-c013d7e1530d,2025-11-28,CUST-190702,80.13,4487.28,2026-06-14,198.86,2025-09-30,0,1,12.82,3.44,33.35,Enterprise,1.28,-4.65,118.71,7.71,Postpaid,98.62,-9.89,6.61,0.38
6532f7e7-07d3-4a93-b2f5-6c9bd4928019,2026-05-30,CUST-413328,129.58,3109.92,2025-10-02,197.15,2026-02-01,0,2,18.71,19.87,37.76,Basic,4.56,2.31,67.05,8.19,Enterprise,98.19,-4.69,14.49,0.39
466b7de8-6f2f-4cc8-a4d9-70a1fc8db923,2025-09-05,CUST-751431,75.09,976.1700000000001,2025-12-18,136.89,2025-08-18,39.35,1,28.87,16.5,26.88,Premium,2.28,0.41,106.4,9.1,Postpaid,97.57,-2.98,17.66,0.24
eb58092f-f2b1-4c3f-85fb-999fb510a545,2025-09-30,CUST-363226,117.76,2237.44,2025-12-03,102.25,2026-07-09,0,2,35.32,29.85,41.19,Basic,4.35,-4.9,189.52,2.67,Postpaid,97.23,-3.96,11,0.15
ed6b395c-6213-48c2-8500-45ed7413d792,2025-10-12,CUST-155061,52.45,2045.5500000000002,2025-10-05,195.35,2025-09-23,0,0,7.32,22.94,14.26,Basic,3.14,-3.85,141.55,9.25,Enterprise,95.39,-1.18,15.94,0.48
0644f555-8b81-4381-80c8-f6deefac8d3d,2026-05-26,CUST-349869,90.52,3620.7999999999997,2025-11-20,194.41,2026-04-23,0,1,33.89,10.44,20.29,Premium,3.35,2.41,132.56,3.05,Enterprise,98.84,-4.94,9.49,0.39
b8d93b68-3031-40d8-9af4-db15220d7466,2025-10-03,CUST-249543,113.83,2731.92,2025-12-10,192.63,2025-10-08,0,1,12.86,14.38,38.44,Enterprise,4.58,2.08,40.22,4.27,Prepaid,97.7,-5.22,16.52,0.13
9a0a64ac-8190-44a1-88c8-88c325102f1d,2025-09-05,CUST-325725,133.11,2662.2000000000003,2025-07-28,161.37,2025-08-29,0,2,35.75,9.83,41.88,Premium,4.88,6.47,71.18,0.12,Prepaid,95.76,-2.37,4.05,0.37
9d41ca9c-4c42-4683-af79-a5e11e315427,2026-06-13,CUST-154990,27.56,1488.24,2025-12-05,103.81,2026-03-30,0,1,15.53,23.23,28.58,Enterprise,2.5,-2.18,30.28,8.54,Enterprise,96.63,-7.61,3.34,0.22
f1ba570e-31ac-4b66-a5b8-10f236e70f9f,2025-11-06,CUST-534301,55.13,771.82,2026-03-18,88.42,2025-12-17,0,2,35.9,7.73,33.25,Premium,4.25,3.62,158.74,4.63,Prepaid,98.18,-7.66,4.74,0.41
1bb82677-d6f2-41d8-a375-1ecc633ae371,2026-04-22,CUST-226589,56.58,3168.48,2025-09-18,108.01,2025-12-13,17.46,2,0.5,24.98,47.4,Enterprise,4.27,-4.42,39.78,6.45,Postpaid,98.1,-7.15,14.96,0.29
55b0f042-8767-40de-bdad-a83609bcdc98,2026-02-26,CUST-362869,77.29,2473.28,2026-04-01,133.54,2025-10-14,11.24,1,20.84,4.35,44.98,Family,1.66,0.49,191.31,4.59,Postpaid,99.17,-6.85,1.94,0.47
0e9d8df8-83d2-4438-a885-1e3c0f1739d2,2026-03-08,CUST-444205,149.4,5229,2025-12-28,162.24,2025-10-16,0,1,45.75,4.2,37.6,Basic,3.37,5.62,104.94,6.64,Enterprise,98.82,-7.26,5.58,0.23
9b02dea7-26c0-46f6-8548-e09943e93dc1,2025-12-21,CUST-451193,24.37,1267.24,2025-08-19,25.16,2025-08-15,0,0,4.84,13.3,36.44,Enterprise,2.44,4.54,189.04,1.5,Postpaid,97.06,-5.38,16.81,0.27
a03bb18b-d088-468d-b674-97f97fea1bd0,2025-09-13,CUST-256365,28.7,1291.5,2026-03-02,93.8,2026-03-10,0,2,32.73,24.49,30.64,Enterprise,4.79,5.56,53.64,5.98,Prepaid,97.89,-1.87,7.57,0.34
928a3360-a8a2-47ff-a3f9-fbf9be366a77,2026-07-21,CUST-711952,76.61,2221.69,2025-11-12,35.47,2025-10-07,0,1,30.79,18.49,30.87,Enterprise,1.68,3.99,70.69,4.98,Enterprise,95.85,-8.46,0.8,0.22
7746a173-d498-46f4-bc3b-117f3b013ae8,2026-03-30,CUST-919713,92.9,2322.5,2026-01-05,109.19,2026-01-09,0,2,28.53,22,18.94,Premium,4.9,-1.12,32.38,0.32,Enterprise,98.74,-5.37,0.9,0.13
b755ec08-4b04-4b07-9b87-c2a1894f9a9a,2025-08-08,CUST-488507,77.29,3864.5000000000005,2026-01-17,142.57,2026-03-02,0,1,24.38,29.65,18.85,Premium,3.81,-2.01,101.66,4.38,Prepaid,98.43,-6.62,13.48,0.48
da263648-ad4a-47a1-8dc9-53e279e47f3a,2026-05-30,CUST-429398,28.5,1140,2025-08-05,171.6,2025-08-14,0,2,13.87,16.15,24.88,Enterprise,3.85,6.42,113.68,6.53,Postpaid,99.82,-1.39,8.79,0.24
6113322e-9507-4dca-96f6-ff1cf7958db4,2026-07-23,CUST-128636,24.06,1395.48,2026-03-27,122.85,2026-06-04,0,2,3.42,24.82,27.27,Family,5,-3.68,193.48,1,Prepaid,98.53,-4.79,12.51,0.2
206aaf26-c31f-4ff4-9f64-ede4fccb322e,2026-03-04,CUST-643815,24.31,802.2299999999999,2025-10-10,196.54,2025-08-29,39.95,1,9.43,11.31,42.69,Enterprise,0.24,5.23,197.15,8.28,Enterprise,99.57,-4.25,2.68,0.21
6aaf0514-b0df-4d42-bf5b-bf0bf5f20741,2026-01-13,CUST-650962,103.53,6004.74,2025-09-22,21,2026-07-02,0,2,45.09,26.58,38.18,Basic,1.39,9.01,44.42,6.23,Enterprise,98.09,-8.75,17.6,0.28
559fe607-ef6a-4ee2-8bfa-ec2d6d9031a4,2026-03-18,CUST-946291,59.74,716.88,2026-01-28,38.46,2025-11-30,0,2,36.31,7.34,45.04,Basic,1.46,5.6,47.4,1.2,Postpaid,96,-2.16,3.23,0.41
f2a2b444-ea50-4505-98f4-d468c67bda59,2026-04-09,CUST-552048,149.46,8668.68,2026-03-27,141.29,2025-11-08,0,1,37.94,27.17,17.33,Enterprise,0.62,0.17,148.27,3.22,Postpaid,95.05,-9.47,8.89,0.15
b8d96bcc-fd5d-4520-8d0c-4ac5315efcf4,2026-07-24,CUST-959875,115.73,4166.28,2026-03-20,164.82,2026-01-30,0,1,13.98,8.11,13.26,Enterprise,4.31,1.45,193.94,5.45,Prepaid,96.92,-8.11,15.82,0.36
7fc8df6e-e282-4f10-8ac5-7229bad1d172,2026-07-24,CUST-257135,75.54,3852.5400000000004,2025-12-22,76.95,2026-06-03,0,1,34.4,9.66,46.76,Basic,1.49,-0.98,48.27,9.35,Enterprise,98.14,-4.78,18.96,0.32
88ae6ff0-3777-478d-92fd-9dc2952cbd11,2026-04-27,CUST-681595,37.93,644.81,2026-01-29,99.14,2025-12-07,0,1,36.58,22.87,41.14,Premium,2.95,1.88,97.77,8.73,Prepaid,99.66,-0.49,11.91,0.35
f578fba1-a293-4152-8640-35cc3a4d8633,2026-01-08,CUST-118916,63.04,2584.64,2025-11-02,138.84,2026-03-20,31.14,1,21.98,14.38,47.43,Basic,3.25,6.15,146.35,9.58,Prepaid,99.15,-5.86,15.85,0.29
664fd7f1-5ddb-46f4-91ce-87fe4e761ca8,2026-05-21,CUST-352679,148.3,5635.400000000001,2026-05-17,95.78,2026-01-18,0,0,5.06,17.39,30.05,Enterprise,1.28,0.31,128.24,6.03,Postpaid,95.18,-3.2,6.58,0.13
9565da8c-6b05-4af7-b420-27ce246183f5,2025-08-28,CUST-132939,134.77,5256.030000000001,2025-10-11,102.47,2025-11-29,0,0,38.57,4.83,22.33,Premium,4.95,8.32,101.04,3.92,Postpaid,98.05,-8.34,2.46,0.31
96ae1981-c72a-46a2-b5cc-b6df147663be,2026-07-06,CUST-614560,143.06,4577.92,2026-04-02,32.58,2025-10-15,0,1,29.71,8.46,10.22,Enterprise,3.35,0.08,61.51,4.02,Enterprise,99.99,-8.99,9.47,0.31
0709ccb2-9dbf-4d62-a4af-f9f41334d8b4,2026-05-11,CUST-113240,62.12,1428.76,2025-11-20,84.56,2026-01-21,0,2,34.54,22.88,48.44,Premium,1.81,0.8,172.88,7,Prepaid,98.55,-4.21,9.62,0.17
b189a69b-66a3-469b-8b60-26eb8d423d39,2026-04-21,CUST-727894,93.79,5346.030000000001,2026-03-01,96.66,2025-09-25,0,0,27.97,17.34,26.59,Basic,3.74,5.91,101.54,1.06,Prepaid,97.09,-4.96,5,0.11
20db9da0-0eb2-4a7f-bc2c-3aaea4bea928,2026-03-23,CUST-802069,127.7,2681.7000000000003,2026-04-27,160.82,2025-12-17,0,1,39.42,13.1,24.69,Basic,4.28,-1.78,96.09,7.03,Prepaid,96.09,-9.07,13.93,0.49
65c3143d-d921-465a-a83d-a61194d4b442,2025-10-30,CUST-961702,60.4,2355.6,2025-08-24,83.55,2026-02-18,0,0,27.91,21.53,46.42,Basic,0.91,9.14,99.27,9.17,Prepaid,97.91,-5.14,2.07,0.3
4cccb19f-bd34-4112-9bad-63376acad528,2026-05-18,CUST-936695,133.15,5991.75,2026-05-20,128.06,2026-03-22,0,1,15.31,20.14,48.12,Basic,2.64,5.04,100.27,9.02,Enterprise,97.32,-9.08,11.94,0.24
c541cc1f-c2ff-495c-9e1a-db021e4f8505,2026-04-20,CUST-752410,123.71,5566.95,2026-06-24,86.98,2025-09-21,0,1,40.02,25.53,12.38,Premium,3.22,8.23,184.77,2.52,Postpaid,96.79,-0.34,8.19,0.32
46c87f7e-f84c-46b2-aa71-fcc7081bf31d,2026-05-20,CUST-783749,147.01,6615.45,2025-12-29,104.27,2025-08-13,0,1,49.87,7.39,49.51,Family,0.14,3.38,189.91,7.71,Postpaid,95.01,-0.98,15.95,0.32
bd12fac9-0f50-4c6f-a28d-3bb2f444d2cc,2026-05-22,CUST-304941,124.94,2248.92,2025-09-10,167.34,2026-06-10,0,2,26.03,9.93,38.12,Basic,2.37,-0.57,110.33,9.52,Enterprise,96.9,-6.02,15.4,0.44
b1344519-1f50-46d6-8127-e47c001500b9,2025-11-05,CUST-186159,74.77,2916.0299999999997,2026-07-14,25.34,2026-01-10,0,1,16.57,11.07,28.07,Family,1.34,-4.04,158.69,0.99,Enterprise,95.71,-2.5,17.99,0.15
b79c5ce8-bee9-4921-b24f-b5c0346f2d7f,2025-12-24,CUST-535712,72.64,3268.8,2025-12-31,123.66,2025-08-31,0,1,26.44,14.48,11.04,Premium,0.35,-0.71,31.67,4.77,Postpaid,98.87,-9.98,1.71,0.41
c89f67ff-a94b-4e0c-888a-af461f7ad7d2,2025-12-20,CUST-419796,99.86,5692.0199999999995,2026-07-19,169.51,2025-10-03,0,1,35.34,21.57,30.78,Basic,3.88,8.39,165.82,4.98,Postpaid,95.47,-3.46,15.61,0.49
62103c3d-8060-4b89-8a4e-8867a8930d7f,2025-11-26,CUST-515544,32.42,907.76,2025-08-16,28.92,2026-06-09,0,1,21.65,24.3,11.95,Basic,2.34,-2.99,76.63,8.6,Prepaid,95.39,-7.86,15.42,0.31
8d0a8fa5-6365-4eb7-9b96-fe0190bf9192,2026-05-03,CUST-995656,62.81,1319.01,2026-03-22,116.25,2026-03-29,0,0,29.06,22.25,41.67,Enterprise,3.62,9.28,98.88,0.68,Postpaid,99.94,-7.79,19.38,0.18
1d652e0b-167a-4b48-bfac-aaf6532a89d0,2025-12-18,CUST-487949,31.77,1302.57,2026-05-31,196.94,2025-08-31,0,0,32.55,21.72,49.78,Basic,4.61,1.93,178.33,1.77,Enterprise,95.07,-3.71,6.14,0.48
40e2e131-e77a-477c-88c9-f64be539c95a,2026-02-10,CUST-415344,94.74,1800.06,2025-10-08,152.63,2025-12-18,0,1,36.43,6.24,43.32,Enterprise,3.64,7.84,183.09,3.12,Postpaid,97.04,-1.55,1.15,0.24
8082a0a3-85af-480b-951c-59bdc60ac650,2026-03-02,CUST-665028,51.43,822.88,2026-07-05,161,2026-04-17,0,0,6.4,2.22,47.75,Basic,4.21,1.53,125.38,7.83,Postpaid,98.86,-7.47,9.88,0.32
9fcad50f-2939-42f6-85fc-7ed35546d113,2026-03-20,CUST-862773,118.98,2736.54,2026-02-11,193.12,2025-09-08,5.12,1,11.04,4.93,39.21,Premium,1.38,5.46,47.13,9.02,Enterprise,99.99,-2.17,2.15,0.29
6981dfdf-9563-4e99-a117-695f598cb2f7,2025-10-04,CUST-139266,99.85,4493.25,2026-01-30,35.3,2025-12-01,0,0,42.65,10.52,34.88,Enterprise,0.89,-1.61,179.69,7.01,Postpaid,98.41,-4,1.15,0.38
bd44af9b-1158-405f-99d7-e6f7aec3d5b0,2026-03-07,CUST-725163,75.18,1503.6000000000001,2026-02-06,92.8,2025-09-24,0,0,23.66,8.69,36.09,Premium,3.78,7.09,41.05,1.15,Prepaid,99.47,-6.19,9.96,0.33
733da02b-c5a1-4037-b3e2-0e1fcd26cb54,2025-10-27,CUST-253181,52.34,1360.8400000000001,2026-01-06,66.65,2026-04-18,0,1,4.9,16.48,34.81,Family,2.12,8,48.22,9.41,Prepaid,99.4,-9.07,16.69,0.44
a613e60a-1c26-4166-82b5-37997f331896,2025-10-24,CUST-941668,21.53,516.72,2026-03-14,168.21,2025-09-05,0,0,4.64,2.46,22.69,Enterprise,1.53,-4.1,134.25,0.71,Prepaid,99.2,-4.04,0.97,0.28
d9c84d59-b7c8-418d-991c-5ca2e1dd8214,2026-01-04,CUST-220189,128.46,6551.46,2025-08-15,189.11,2025-11-14,0,1,18,23.06,30.67,Premium,2.06,-1.59,32.19,5.26,Prepaid,99.25,-3.7,11.71,0.34
bcbcbedf-9dfe-4b85-ac13-dd00f25ae2c9,2025-09-22,CUST-388127,62.66,2318.42,2025-10-16,112.77,2025-08-02,0,0,13.71,14.46,35.11,Premium,4.86,2.48,83.07,3.7,Prepaid,96.87,-0.05,5,0.45
00b9a0e8-135a-446e-bac0-fe79c3bf9cff,2026-01-27,CUST-937046,61.85,1979.2,2025-11-07,157.06,2026-05-24,48.62,0,45.9,12.35,32.53,Premium,3.8,3.44,123.29,8.56,Enterprise,97.16,-8.86,3.01,0.44
6496a5eb-7e98-44b6-b863-fc34d2841eca,2026-05-20,CUST-762040,83.49,2671.68,2026-04-08,151.92,2025-12-31,0,2,31.02,10.49,14.66,Family,2.87,6.15,161.83,7.77,Postpaid,95.86,-0.69,6.06,0.44
ca856a4f-808a-4316-a3a5-2491dd15093d,2026-05-04,CUST-122084,56.7,2041.2,2025-11-13,146.12,2025-12-26,0,0,8.49,23.35,27.41,Family,4.87,3.26,102.41,7.28,Enterprise,97.36,-0.82,12.41,0.28
63c277d9-2d1e-4d8a-acf8-5fdef8a6359f,2026-03-08,CUST-520687,96.1,3171.2999999999997,2025-09-17,189.07,2026-05-14,0,0,9.7,25.3,21.88,Premium,3.83,0.97,88.87,5.98,Prepaid,99.56,-4.08,18.47,0.35
49092d06-1528-475c-a377-a3d3f1dd0b6a,2026-02-03,CUST-880356,106.29,2657.25,2025-11-28,174.15,2025-10-12,20.95,0,41.9,17.55,48.49,Basic,2.36,4.22,105.12,1.57,Prepaid,98.71,-8.45,8.69,0.26
4d1c96da-eabf-4339-96ef-a5062990c383,2026-05-03,CUST-148582,114.73,5048.12,2025-10-17,53.73,2026-02-04,0,1,38.22,4.66,10.81,Premium,0.4,6.99,100.34,1.7,Prepaid,95.71,-8.28,19.52,0.42
34407703-c812-4275-8afa-e7b95e8f2a12,2025-09-02,CUST-861524,53.5,1337.5,2026-05-26,55.98,2025-10-06,0,2,3.73,22.96,38.11,Premium,3,2.65,95.3,4.98,Prepaid,99.39,-4.38,6.9,0.38
3685666c-d8f8-4add-8752-dfd990207cde,2025-08-04,CUST-796089,140.06,7003,2025-09-09,21.49,2025-09-14,36.66,1,9.58,23.65,19.11,Family,3.39,0.43,88.77,9.1,Enterprise,96.35,-2.36,17.04,0.1
4f0ad33e-d5e0-4598-be00-ae881a76bba9,2026-04-23,CUST-791799,59.11,886.65,2026-02-17,38.12,2026-01-21,0,2,0.3,4.88,19.15,Family,4.79,6.9,156.2,2.61,Enterprise,99.17,-9.53,12.96,0.34
406488d0-b1c7-4388-8dd3-4910d950e73c,2026-03-22,CUST-655380,92.44,3697.6,2025-08-22,109.51,2026-01-12,0,1,1.51,11.39,28.51,Basic,1.19,-4.71,27.76,8.32,Prepaid,97.36,-2.99,2.87,0.3
d58dd6ae-332a-4a12-9629-67a823bb1cc8,2026-04-15,CUST-303305,94.34,3018.88,2025-09-06,34.2,2026-06-02,41.48,1,35.58,7.01,45.4,Premium,0.87,-4.27,41.07,4.49,Postpaid,95.82,-3.51,5.6,0.25
74361912-0238-4501-9831-60af916319d8,2025-11-18,CUST-164668,37.82,756.4,2026-02-04,109.17,2026-01-17,0,2,24.59,13.17,26.98,Basic,0.25,-3.36,145.59,8.92,Enterprise,97.28,-0.79,19.8,0.39
1ef49d97-4298-4142-8d4e-0a847df14140,2025-08-04,CUST-988136,128.77,7339.89,2025-09-06,136.17,2025-10-14,0,0,2.44,19.39,49.35,Family,2.1,-3.36,174.7,5.09,Enterprise,99.21,-5.8,19.5,0.18
8eafaeed-1939-4bcf-b251-626a77733a0a,2026-05-14,CUST-556922,22.88,526.24,2025-11-03,69.63,2025-11-17,0,2,18.91,9.78,45.59,Basic,3.46,9.74,68.58,4.52,Prepaid,97.87,-6.96,8.39,0.23
7b0be0bf-5ab4-41e6-961d-385a02989333,2025-09-11,CUST-300215,126.58,2151.86,2026-02-21,153.02,2026-07-22,0,0,11.01,27.56,29.97,Family,3.56,-3.43,118.86,4.32,Prepaid,96.18,-3.62,4.92,0.19
bec1d2ce-6412-4c10-8da0-f97a59f29fe7,2026-04-19,CUST-757951,107.69,6461.4,2026-01-10,163.23,2026-04-19,0,0,27.58,27.61,30.33,Enterprise,1.24,3.7,74.77,0.76,Prepaid,96.97,-3.51,15.7,0.2
a6066eeb-0696-49b3-a00d-43518bc64ace,2026-06-26,CUST-384988,42.32,2496.88,2026-06-09,194.77,2025-12-21,0,0,14.67,14.33,32.65,Basic,0.32,-3.47,35.26,4.87,Enterprise,96.81,-4.17,16.91,0.44
44e25710-2178-49ae-9bb2-bed20e703497,2026-06-04,CUST-135228,42.14,2275.56,2026-06-19,47.29,2025-12-20,0,2,31.55,1.66,42.44,Enterprise,1.37,5.76,40.98,4.5,Enterprise,97.12,-7.83,15.01,0.17
fd428430-a7f7-4710-9c89-e68ca7d7b0bb,2025-11-29,CUST-718786,94.69,1704.42,2026-06-14,121.11,2026-07-10,0,0,3.95,18.1,46.68,Premium,4.8,7.52,98.65,8.07,Enterprise,96.78,-8.48,19.48,0.5
61ae1683-5c0f-4b34-a3be-f01c8d685f89,2025-11-14,CUST-276063,141.62,6089.66,2025-10-14,93.46,2025-10-28,0,0,48.25,28.13,43.7,Enterprise,4.37,7.79,76.99,1.41,Prepaid,97.56,-8.81,17.18,0.47
d051157d-2dc3-4063-8161-f7e0ae68a854,2026-04-09,CUST-739197,29.81,834.68,2026-01-20,112.3,2026-03-20,0,2,0.79,7.01,34.09,Basic,4.15,6.75,46.41,3.57,Enterprise,95.31,-2.66,19.46,0.24
35d3b7c4-6c7c-4b0e-bbe6-de1dc6d2730f,2026-03-12,CUST-736185,114.19,3882.46,2025-10-28,156.31,2025-08-31,0,1,44,27.51,24.58,Premium,4.87,-3.57,68.77,3.35,Enterprise,97.61,-1.87,17.73,0.1
979c07c2-7a5a-4681-88fb-8608d56acf20,2026-06-17,CUST-223138,68.94,3240.18,2025-12-12,55.1,2026-05-29,0,1,46.94,19.85,17.52,Enterprise,0.46,-1.02,154.3,2.12,Prepaid,96.32,-3.41,1.63,0.34
9a46562c-5562-46e1-bfb4-ce3d7b57cd43,2026-05-26,CUST-505315,38.03,1521.2,2026-04-25,120.27,2026-02-08,17.54,0,23.79,29.23,33.29,Premium,0.55,-4.67,105.47,4.73,Enterprise,95.6,-0.81,5.22,0.46
1c29fc57-fc2d-497d-86a1-c0e0b67795be,2026-04-05,CUST-279645,133.39,6402.719999999999,2025-08-07,102.53,2025-10-02,0,1,29.84,24.74,25.78,Enterprise,2.59,4.69,175.41,8.82,Postpaid,96.96,-9.76,17.29,0.45
354008b5-ea4d-4908-a453-e9c028b56931,2026-02-22,CUST-693162,97.75,5669.5,2026-04-07,186.38,2025-11-06,0,1,28.04,7.26,32.06,Basic,1.28,-2.69,105.08,4.43,Postpaid,99.97,-6.45,15.44,0.3
85c0df88-1418-4e3d-9beb-85a40c80c964,2026-02-15,CUST-412084,88.26,3706.92,2026-07-21,147.26,2025-08-21,0,1,24.79,24.29,29.93,Premium,1.18,8.91,170.14,9.43,Postpaid,95.49,-0.22,11.75,0.28
073d3a1e-de8b-4a6d-bdeb-1932c0dd285e,2026-03-26,CUST-390324,81.11,2352.19,2026-07-21,125.13,2025-10-29,0,1,25.44,10.92,12.35,Enterprise,4.13,2.6,195.53,6.32,Postpaid,99.03,-4.29,19.34,0.39
5b612bcf-87a7-4f3e-8151-0ea166c35c07,2026-06-26,CUST-847420,134.61,3499.8600000000006,2026-03-16,147.75,2026-03-23,0,1,34.06,27.71,42.81,Basic,4.75,0.01,99.83,8.69,Prepaid,96.92,-7.39,18.36,0.15
c5a8518e-e28c-4ad6-a4d3-be3061144076,2026-07-20,CUST-401987,48.56,2525.12,2025-12-12,171.08,2026-03-27,17.94,1,36.77,2.08,21.58,Basic,2.59,1.35,163.19,1.56,Prepaid,98.55,-3.29,16.78,0.47
7c4593ef-7c00-449a-9322-e49673c1cc1c,2025-10-31,CUST-343817,106.38,2765.88,2026-05-02,180.06,2025-09-16,0,0,3.55,26.11,14.82,Basic,0.62,9.13,42.55,8.23,Prepaid,98.13,-2.49,9.7,0.17
b34ebfe8-ecd1-4179-8019-02eeb6c271a4,2026-03-23,CUST-836752,29.58,1183.1999999999998,2025-09-23,108,2025-10-16,0,1,16.42,12.01,14.7,Enterprise,2.93,5.56,29.99,7.55,Enterprise,95.2,-7.17,9.25,0.41
d696c0f4-8cda-4f14-8122-e93970373788,2026-01-29,CUST-325469,101.03,5152.53,2026-01-15,46.8,2026-02-14,0,0,15.76,27.22,43.08,Premium,3.31,2.61,78.7,1.14,Enterprise,95.45,-9.3,13.59,0.41
b2dc2e1f-d785-4ec6-ba79-796b6022542f,2025-10-22,CUST-660898,116.79,6657.030000000001,2026-01-29,199.73,2026-04-04,0,0,17.55,6.87,22.99,Premium,4.49,4.56,196.91,2.46,Prepaid,96.46,-8.53,17.69,0.14
ca2fc8d5-d01f-44c3-9e81-9a73a62f5c6e,2026-01-09,CUST-660330,51.43,1748.62,2026-05-14,192.36,2026-01-19,0,1,31.34,18.28,38.23,Enterprise,3.9,9.2,29.12,7.85,Postpaid,98.94,-5.3,2.55,0.34
b42bfe87-7271-40aa-96a9-bb5ca3743a60,2026-04-14,CUST-551711,123.23,2834.29,2025-11-10,142.77,2026-03-25,0,0,47.05,29.75,13.51,Family,1.37,-2.81,191.78,1.27,Enterprise,96.86,-9.04,3.79,0.26
8f62656f-590f-4aa7-b85a-78286f19fe36,2026-03-01,CUST-746087,134.69,5656.98,2026-04-16,124.99,2026-03-19,0,2,17.35,19.37,26.69,Enterprise,2.3,3.15,159.23,4.42,Postpaid,95.56,-4.79,12.26,0.34
205336a2-8f29-47bb-bdb4-77ba8e080c76,2026-02-28,CUST-434882,130.83,3924.9000000000005,2025-08-01,114.35,2026-07-11,0,1,26.95,0.49,37.38,Premium,1.09,2.5,55.03,7.67,Prepaid,96.5,-4.86,14.83,0.27
349088ff-3847-4797-a3fe-5858cd5c173c,2026-06-08,CUST-500548,34.79,939.3299999999999,2025-10-17,113.72,2026-01-07,0,1,6.44,21.39,41.47,Enterprise,3.44,-0.09,93.86,7.66,Enterprise,95.15,-8.86,13.66,0.26
32a5a609-0d33-4ac6-8182-7e966aa05f54,2026-05-16,CUST-449188,67.55,2229.15,2026-04-26,159.57,2025-08-11,0,1,4.11,22.55,18.78,Basic,4.04,-3.44,66.49,6.45,Postpaid,99.48,-7.38,0.05,0.33
805c3a78-b0cb-481b-b202-e28d761ccbe0,2026-02-08,CUST-799787,116.42,5238.9,2025-12-26,89.69,2026-02-14,5.09,2,45.67,9.78,11.19,Family,3.63,6.91,112.58,0.62,Enterprise,95.61,-5.88,16.03,0.4
28b651aa-5107-43ed-abbd-7c7ac12ce847,2025-08-19,CUST-621946,90.14,4326.72,2026-07-19,59.54,2025-09-07,0,0,24.38,23.17,16.21,Enterprise,1.36,-1.1,131.98,0.76,Enterprise,97.68,-0.66,12.86,0.15
b8c8a1e8-11c9-40d6-bd42-79986f935d1f,2026-02-13,CUST-935952,66.58,932.12,2025-10-16,120.96,2026-07-16,0,1,20.01,9.64,13.75,Enterprise,4.07,-4.05,100.35,8.51,Postpaid,95.4,-9.41,7.33,0.39
5c2708f8-194c-4510-b917-6d13bf0844fe,2025-12-14,CUST-609199,126.66,3039.84,2026-02-26,138.57,2026-06-20,0,2,14.07,1.28,22.23,Enterprise,2.57,2.22,41.85,2.13,Prepaid,95.01,-0.98,9.98,0.4
21da569c-e871-4de1-84a3-c7bbe6b750ed,2026-05-27,CUST-971208,84.97,1954.31,2026-01-19,46.96,2025-12-20,0,0,20.08,15.89,37.62,Basic,0.37,-0.3,137.63,6.6,Prepaid,96.18,-3.27,0.49,0.19
69b4f0ff-93e2-46ba-ac70-b0a256cac5ba,2026-06-27,CUST-172648,62.04,3474.24,2025-09-22,67.21,2025-12-24,0,1,23.21,10.22,38.12,Enterprise,4.48,-1.74,30.17,7.45,Prepaid,95.6,-0.33,1.02,0.31
f9fd9bbe-4142-4af0-882c-6440ebb83339,2026-01-10,CUST-753266,104.61,5439.72,2025-11-27,176.55,2026-05-15,19.12,1,15.54,15.53,36.42,Enterprise,0.38,0.37,73.19,7.62,Prepaid,99.8,-9.04,6,0.39
49d6cafc-a328-4788-87bd-bd55806c1b39,2025-09-29,CUST-934533,27.41,548.2,2026-01-22,83.67,2025-12-10,0,2,8.65,21.36,42.05,Basic,1.45,-0.48,129.96,0.07,Enterprise,96.04,-2.15,8.41,0.4
9d79a04d-27c6-479d-a97a-162914cbb40a,2025-12-21,CUST-447274,49.83,1893.54,2026-04-13,159.65,2026-04-08,0,0,45.35,4.75,47.12,Basic,1.17,2.86,59.08,9.99,Enterprise,99.12,-0.07,1.83,0.16
c03e1b26-becd-451f-a3e3-6a6aaecc3911,2026-06-17,CUST-841667,57.16,1314.6799999999998,2026-02-06,113.88,2025-11-25,0,2,45.03,24.14,33.9,Family,4.66,5.16,123.59,7.32,Enterprise,96.36,-5.21,18.93,0.17
bdd51c0f-bed6-4ced-8420-4224689950d2,2025-12-04,CUST-888123,82.57,3055.0899999999997,2025-08-28,76.14,2026-04-05,0,0,1.06,26.58,39.04,Basic,0.26,8.99,111.36,2.72,Enterprise,95.23,-5.05,19.84,0.5
c7179a3f-0163-48d6-bb82-7145cab1a00d,2026-03-08,CUST-901055,138.38,2905.98,2025-12-26,138.99,2025-09-13,0,1,37.27,28.55,13.7,Enterprise,1.78,8.4,184.4,2.16,Enterprise,99.22,-2.54,15.56,0.3
38fd226b-c28b-4f38-a3cf-2c1d6a2594f3,2025-09-08,CUST-782581,59.58,1608.6599999999999,2026-04-17,144.56,2026-04-12,0,1,8.81,19.18,43.72,Family,0.9,3.04,152.54,3.34,Postpaid,97.21,-4.42,5.27,0.21
cf09c870-39dc-4946-b18a-d605ae1d13cb,2026-01-06,CUST-277897,75.44,1056.1599999999999,2025-10-22,197.91,2025-08-19,0,1,45.51,19.95,32.93,Basic,2.97,8.59,146.88,5.18,Postpaid,99.71,-8.09,10.95,0.16
e7310df6-673f-4fce-92c3-ca5c9ecdc7bf,2025-09-23,CUST-762601,141.97,5110.92,2025-10-18,148.39,2025-12-10,0,1,4.44,13.06,10.81,Enterprise,4.66,-3.6,30.88,4.13,Enterprise,96.45,-2.15,13.11,0.13
f2869ec3-daf8-4d54-b8c6-6b5d36c10f91,2026-06-21,CUST-712678,46.42,1996.0600000000002,2026-03-27,71.17,2026-05-09,0,1,25.29,16.84,27.14,Basic,3.11,3.57,194.48,0.33,Postpaid,97.47,-6.96,13.87,0.28
50a80e24-9c62-4f3c-9ca7-5468ef5547e1,2025-11-26,CUST-696005,129.48,2330.64,2025-11-30,167.16,2026-02-23,0,0,36.06,22.39,22.58,Basic,4.44,-0.92,97.47,4.84,Enterprise,96.46,-1.81,19.14,0.36
a865a839-4164-4a0a-9fea-35569c3929ee,2026-03-11,CUST-912053,48.99,1861.6200000000001,2026-04-07,65.08,2025-10-14,41.56,0,26.69,11.13,25.38,Family,1.39,7.09,173.34,7.06,Prepaid,98.33,-3.67,11.37,0.16
6e166fd5-bac4-4c84-89a6-efd976fcf85c,2026-02-17,CUST-412370,128.36,2952.28,2025-12-28,112.33,2025-09-30,18.7,1,30.72,14.26,11.44,Basic,1.16,4.44,129.45,4.81,Prepaid,96.52,-7.36,11.13,0.25
98a711ec-1e1c-43c2-af2e-b818482f18c3,2026-04-16,CUST-471685,138.91,3194.93,2026-05-20,153.95,2025-11-22,34.45,2,9.62,16.46,37.43,Premium,3.33,-3,75.18,6.61,Postpaid,98.36,-0.1,9.27,0.45
fcb55f97-c7db-4c2d-b17a-c07477cc07a3,2026-05-01,CUST-153716,65.52,851.76,2025-08-18,126.3,2025-12-18,0,1,15.88,24.53,16.21,Family,1.14,9.59,177.63,2.5,Enterprise,97.72,-3.12,5.53,0.32
09ef04ef-9d7d-4a70-866a-ac167060be4f,2026-03-21,CUST-630061,125.53,4016.96,2026-06-14,199.34,2026-06-08,0,0,7.25,15.18,18.43,Enterprise,3.29,-0.62,39.35,3.31,Postpaid,99.99,-6.53,8.72,0.49
25737648-13e0-4df5-820f-b3735085d844,2026-06-06,CUST-217647,46.94,1126.56,2026-06-03,20.43,2026-04-02,0,1,41.32,28.22,28.53,Family,1.88,6.57,183.58,1.33,Postpaid,99.55,-9.74,5.52,0.41
46c8aa70-c7ce-4ec2-9cbf-89489713397c,2025-10-02,CUST-926655,27.3,1146.6000000000001,2025-10-10,159.81,2026-02-07,0,0,43.96,5.42,43.05,Premium,1.99,4.51,172.83,9.32,Enterprise,99.78,-7.46,17.09,0.22
708d3e35-3c7a-4ee2-b650-930c13776b55,2026-02-02,CUST-326164,76.97,4079.41,2025-09-25,67.04,2026-01-16,0,0,46.7,8.32,39.79,Enterprise,3.73,1.66,109.79,5.74,Enterprise,96.94,-6.99,5.73,0.3
5313758a-14d1-4e83-bbfc-d0964d49e1bc,2025-07-29,CUST-235292,80.09,1121.26,2026-04-05,85.43,2025-12-20,0,1,26.19,9.12,14.48,Premium,0.43,6.42,196.53,9.18,Postpaid,96.97,-9.09,2.53,0.26
269fdf96-deb9-40fa-811b-8a0ca20144c0,2025-09-10,CUST-606977,55.53,832.95,2026-01-11,188.07,2025-08-13,0,0,30.88,22.11,21.47,Basic,3.18,-1.81,127.69,4.79,Postpaid,98.96,-8.08,6.51,0.43
e8366221-9ca8-4a2c-bc9f-a015e3d6c7a9,2026-04-17,CUST-680754,142.85,7999.599999999999,2026-06-15,23.95,2026-06-30,29.33,1,5.55,11.87,34.8,Family,2.77,8,108.29,8.26,Postpaid,95.23,-5.02,10.13,0.28
029cae9c-bc8e-4a1f-8045-92ad47f14eb5,2025-10-24,CUST-302335,58.31,3381.98,2026-06-24,114.75,2025-09-20,0,1,37.25,4.18,35.33,Enterprise,3.13,9.41,94.1,4.32,Postpaid,98.1,-5.71,17.11,0.33
e99b68cd-aadf-4b5e-a49f-5197e397d155,2026-04-05,CUST-969330,119.71,3950.43,2025-12-05,196.35,2025-09-18,0,1,46.45,23.91,38.67,Enterprise,0.99,3.52,69.91,5.99,Postpaid,95.04,-5.03,4.16,0.21
53733d95-c753-43be-b2f1-5862a75736af,2025-10-18,CUST-962154,145.54,3784.04,2026-04-21,118.6,2025-10-09,0,1,35.34,7.89,47.32,Family,4.13,-3.12,47.65,9.56,Postpaid,95.38,-2.71,14.05,0.34
8103db5c-6a2a-4d76-88ee-9fe88edaa3ab,2026-01-03,CUST-530889,138.86,5970.9800000000005,2025-11-18,97.09,2026-03-12,0,1,24.2,24.22,14.86,Premium,1.71,4.25,168.4,2.18,Postpaid,97.74,-9.96,11.55,0.19
1f9c1c28-d985-47af-8a56-5101c0da8c58,2026-05-23,CUST-921056,67.79,2372.65,2025-12-11,187.43,2025-09-08,0,2,44,14.52,24.75,Family,4.68,-4.4,119.98,3.85,Postpaid,96.38,-4.8,4.64,0.35
e33a2afe-36e0-43e8-8b0c-70271ee365fb,2026-05-07,CUST-306422,61.92,2910.2400000000002,2026-02-22,62.87,2025-12-22,0,0,13.58,3.82,38.85,Family,0.96,-0.93,139.25,9.92,Prepaid,95.23,-1.62,10.44,0.12
bfb34053-f0cb-4e9c-80b7-6bb9b94d25b1,2025-09-15,CUST-368886,89.08,4097.68,2026-03-23,36.5,2026-01-17,0,1,14.25,27.62,32.07,Enterprise,1.13,5.39,189,5.34,Postpaid,97.53,-3.66,0.69,0.44
5eaadf24-ac40-4c4b-98cd-cef1981c82c1,2026-02-21,CUST-500845,111.31,4229.78,2026-06-10,162.24,2026-07-06,33.35,0,4.64,10.69,39.64,Family,4.8,5.23,134.25,5.95,Postpaid,95.47,-1.49,1.45,0.48
c9fa6922-a813-444f-8750-be9c89d7338d,2026-05-11,CUST-262515,98.46,3446.1,2026-06-29,152.53,2026-06-12,0,0,40.43,24.01,20.82,Premium,1.56,4.52,65.03,4.73,Enterprise,97.57,-9.84,2.96,0.12
501ea148-47de-4e46-b300-b6571e89fbec,2026-03-18,CUST-653644,138.92,7084.919999999999,2025-10-01,72.85,2026-06-14,0,2,46.04,17.09,45.39,Premium,0.97,-0.72,101.28,6.28,Postpaid,99.89,-1.99,12.48,0.4
3fc41e2a-d97d-41b6-b126-146d94bf2398,2025-08-09,CUST-460546,77.22,3011.58,2025-12-25,64.22,2026-01-10,0,0,2.18,27.19,18.97,Family,1.95,8.86,180.25,5.62,Prepaid,97.57,-6.29,12.1,0.47
64ff4cc9-3a5c-4ebb-b8ca-f3c794a07091,2025-11-23,CUST-754848,77.2,1775.6000000000001,2026-01-20,106.64,2026-02-27,0,2,35.81,3.4,31.69,Premium,3.72,6.16,35.81,1.32,Prepaid,98.64,-2.91,16.42,0.18
0797d4b9-513b-4fe9-a493-edaaaa78ae54,2026-06-21,CUST-951887,114.71,2867.75,2026-06-09,83.74,2026-04-21,0,1,20.45,14.12,23.21,Family,0.64,9.34,82.82,0.93,Enterprise,99.8,-6.16,17.04,0.12
e2111bd0-c3b2-44b0-bead-246cf584353c,2025-10-28,CUST-930714,61.36,2331.68,2026-07-06,117.86,2026-04-04,0,2,25.84,3.45,15.71,Basic,2.95,5.7,199.31,8.46,Postpaid,99.45,-9.91,3.34,0.33
2535396d-0970-497c-9021-035cc290aabd,2026-07-09,CUST-730179,100.37,5520.35,2025-09-07,77.31,2025-08-04,0,1,34.58,11.33,13.51,Enterprise,3.79,7.15,170.06,8.37,Enterprise,96.7,-4.08,9.14,0.19
7295cb87-d3d7-4b21-8515-eb9c66f3e1d8,2026-03-10,CUST-225600,82.97,4148.5,2026-06-10,61.81,2025-09-09,0,1,17.08,16.94,25.82,Basic,2.9,3.74,62.16,0.61,Postpaid,99.31,-9.68,11.88,0.19
a0697312-a765-438d-ba6c-cd1643834642,2026-06-29,CUST-937151,65.25,2349,2026-03-24,193.75,2026-03-23,0,1,48.85,14.61,47.28,Basic,4.26,-0.46,152.1,9.22,Enterprise,97.54,-5.97,18.34,0.49
ce725945-3804-4484-90ff-fa1b09e9d0de,2026-04-05,CUST-129638,92.68,4634,2026-01-27,58.72,2025-11-26,0,2,3.9,0.8,22.78,Family,2.38,3.56,137.9,8.91,Prepaid,98.64,-0.8,13.97,0.31
cb3f1b26-5036-445e-bde5-60fb30da8e01,2026-01-26,CUST-179400,41.25,2062.5,2025-09-10,125.02,2026-05-14,28.86,0,37.55,1.54,13.68,Family,2.44,4.26,100.58,5.29,Prepaid,98.08,-1.13,3.24,0.24
09f7e2de-7b06-4226-ae80-f8801150ed1d,2026-01-25,CUST-212353,146.16,5992.5599999999995,2025-08-31,31.91,2026-01-20,0,2,25.22,8.28,16.06,Family,1.88,9.34,51.6,3.48,Prepaid,98.04,-0.9,17.43,0.29
04b6fe0c-2842-4132-afbe-fd69f8532607,2025-12-11,CUST-147795,93.73,3749.2000000000003,2025-09-29,57.49,2025-12-15,13.32,1,39.6,20.6,31,Basic,3.87,-2.04,132.59,0.82,Enterprise,99.76,-5.31,18.85,0.29
4460032b-9c3b-4032-8a44-bfc9cd701e29,2026-02-12,CUST-425575,58.62,2813.7599999999998,2026-05-29,146.42,2025-09-28,0,2,3.48,22.45,37.31,Basic,4.37,8.63,133.93,7.59,Postpaid,95.65,-7.8,1.9,0.13
b7e733f1-e055-4ad5-b1c4-e8c434a43108,2026-04-11,CUST-676627,34.63,1766.13,2025-10-03,145.47,2026-05-08,0,1,47.65,1.02,30.63,Basic,4.75,-1.91,196.21,4.82,Prepaid,99.79,-6.46,5.61,0.38
66cf8f28-885c-4e12-9305-f276d14fc741,2025-09-15,CUST-162614,53.26,1278.24,2025-08-17,125.21,2025-11-01,0,2,13.05,28.61,16.94,Premium,4.45,-2.23,116.48,6.88,Prepaid,96.34,-1.04,8.35,0.4
2302b229-0b6a-498f-b7ee-b1b909f74745,2025-12-11,CUST-382681,32.8,1082.3999999999999,2025-08-15,152.55,2026-03-15,0,0,27.71,16.27,45.83,Premium,2.34,-3.16,135.97,0.9,Postpaid,97.51,-3.44,6.54,0.21
03971ea9-aac1-43f0-b157-afbf96692875,2026-01-09,CUST-284248,140.19,2523.42,2025-09-03,130.77,2026-06-23,0,1,0.17,12.29,39.92,Premium,3.76,0.48,192.03,4.56,Postpaid,97.88,-3.7,2.33,0.48
81011117-e72b-4664-a5a1-45bfc2e5bda6,2025-10-22,CUST-616109,57.33,1031.94,2025-07-27,169.15,2026-02-23,0,0,20.12,21.05,38.85,Basic,2.36,-4.04,47.95,5.72,Prepaid,95.59,-7.28,6.81,0.36
5277ef1a-10fd-4c86-9288-d3a0c603fed3,2025-09-21,CUST-860953,112.58,1913.86,2025-11-25,45.78,2026-04-03,0,1,27.53,28.57,37.3,Enterprise,4.19,-2.53,65.81,4.06,Enterprise,99.28,-8.99,18.66,0.17
c97f90cc-b5eb-427e-9ce3-df7fdb5ba2d6,2026-02-12,CUST-350989,41.58,748.4399999999999,2025-07-29,171.39,2025-11-26,0,0,27.29,8.2,12.02,Premium,4.47,4.16,175.9,0.64,Enterprise,98.88,-3.63,12.27,0.2
f7cbf567-7c1f-483e-adb4-92576d23a13c,2026-06-02,CUST-222101,108.39,1625.85,2025-12-02,64.85,2026-04-19,0,1,4.09,8.9,45.35,Enterprise,3.96,0.4,90.97,7.94,Postpaid,97.23,-4.98,7.73,0.13
781a6d2e-5c14-42cd-ab2a-234d9251eb55,2026-07-01,CUST-405830,26.14,1124.02,2025-11-10,82.14,2025-12-28,0,2,0.83,8.47,44.41,Premium,0.18,4.29,192.83,5.35,Enterprise,97.17,-0.29,13.39,0.32
712ad112-f5d1-490f-bff3-186d1030354c,2025-08-20,CUST-210337,104.26,1772.42,2026-01-14,165.42,2025-10-31,0,1,46.62,29.54,25.08,Enterprise,4.04,-2.6,180.28,4.57,Prepaid,98.7,-8.12,0.94,0.13
28e861db-c2f3-47c8-bc61-a4a7b2c2345b,2026-04-08,CUST-799632,123.33,2466.6,2025-09-21,91.38,2025-09-12,0,1,39.02,22.35,33.26,Basic,0.8,-2.49,94.36,2.32,Enterprise,99.63,-3.72,13.86,0.26
8f861641-b967-43c7-9eaa-b95cfaa977d6,2026-01-15,CUST-767196,118.83,4634.37,2026-04-10,22.94,2026-05-09,0,0,2.18,6.15,24.71,Family,1.46,3.71,68.41,6.29,Postpaid,95.76,-2.75,7.09,0.16
29d99baf-24ed-4e60-9afd-73a638671527,2026-03-03,CUST-107903,25.63,999.5699999999999,2025-07-26,45.1,2025-11-27,0,0,41.17,13.27,16.96,Premium,2.67,-3.92,138.18,4.2,Prepaid,98.44,-6.6,19.87,0.24
a86fd192-24a9-477c-a6b9-79881dfe15e7,2025-09-11,CUST-378864,32.44,1297.6,2025-08-12,105.43,2026-02-03,0,1,23.19,27.48,33.7,Premium,1.46,2.61,113.08,6.08,Prepaid,95.11,-2.41,15.33,0.47
d7944d8d-74ea-4f2e-98f8-9daa0815b68f,2026-03-31,CUST-718009,79.29,3885.2100000000005,2026-06-02,192.88,2026-05-21,0,0,37.12,3.9,42.37,Family,3.11,6.29,94.63,8.4,Prepaid,96.22,-0.24,12.48,0.44
89c2b6e1-9fe3-462f-ad00-72bb22fd9157,2025-11-12,CUST-333547,44.16,2031.36,2025-09-05,84.66,2025-11-20,0,2,44.6,7.52,28.53,Premium,4.96,-3.38,177.53,1.66,Enterprise,95.71,-5.06,3.88,0.37
f95f8d5a-75dd-411e-be4e-362eb0aa14a3,2026-02-16,CUST-585468,145.53,4365.9,2026-01-21,75.36,2026-06-25,24.24,0,25.15,19.47,36.37,Family,4.08,7.52,159.27,6.25,Prepaid,98.1,-5.8,16.21,0.27
cadcd641-af30-40fe-a96b-d1e43ac772ca,2025-10-23,CUST-318772,48.84,879.1200000000001,2026-01-06,167.7,2025-11-22,0,1,25.99,6.21,11.44,Premium,2.16,-1.35,133.83,1.34,Enterprise,95.03,-5.7,5.12,0.17
f821bd63-442b-4caf-8a68-78955a8772bf,2026-07-04,CUST-515137,111.77,4917.88,2025-12-05,96.89,2025-10-06,0,2,11.02,28.46,19.99,Enterprise,3.33,-0.2,44.96,10,Postpaid,99.2,-0.56,5.87,0.23
8f2d7090-4019-4149-9b84-8a4c2d4e266d,2026-05-06,CUST-159837,107.37,3006.36,2025-07-30,127.29,2025-10-18,0,2,4.49,23.78,25.51,Enterprise,0.22,6.95,190.34,4.09,Postpaid,96.56,-5.66,15.43,0.13
28ba7d3b-8fbd-4af2-afaa-579a6d31b233,2026-06-21,CUST-403483,141.6,2832,2026-07-20,96.74,2026-07-19,0,1,5.99,20.92,19.62,Enterprise,1.34,2.97,118.91,5.14,Postpaid,95.12,-2.51,11.02,0.15
38197273-8c95-4178-abfd-224a0379ef3c,2026-06-08,CUST-143549,92.28,2860.68,2025-08-07,128.61,2025-09-09,0,0,6.96,22.06,34.15,Basic,3.29,1.45,116.55,4.97,Prepaid,98.55,-8.8,15.68,0.12
cc9a1c2a-e70d-4d62-978c-7b554996a07f,2026-07-11,CUST-623318,40.01,1480.37,2025-08-05,174.1,2026-04-02,0,1,0.55,24.82,22.09,Family,2.92,1.11,192,7.24,Enterprise,99.56,-7.64,18.11,0.48
c9304734-7bbf-4c73-b2bf-b77d2b64fb38,2025-09-05,CUST-809651,125.95,3148.75,2025-10-06,36.15,2026-07-04,0,1,46.78,22.63,17.99,Family,2.31,-2.33,165.68,5,Postpaid,95.19,-0.72,10.94,0.24
8f865a94-08fc-4250-9ad1-d6ad0fea356f,2026-01-17,CUST-819093,133.2,3729.5999999999995,2025-10-31,165.12,2025-09-04,0,1,13.13,25.65,11.21,Family,3.4,6.54,131.06,6.43,Postpaid,98.63,-4.43,17.13,0.22
b2d089f1-6aab-4dcb-9069-dd85e60fe4cc,2026-01-25,CUST-495330,142.33,4127.570000000001,2025-09-23,121.89,2026-02-26,0,1,27.44,24.31,17.33,Premium,1.3,5.85,106.71,4.06,Prepaid,95.22,-2,11.5,0.31
92d1dd05-58f6-4f51-ad99-2d86e70bd0be,2025-11-14,CUST-691744,34.09,1806.7700000000002,2026-01-08,92.83,2026-04-15,0,1,37.03,22.72,43.06,Family,1.92,-3.18,185.46,3.89,Enterprise,97.59,-3.01,1.47,0.27
3aaae0ad-767f-464b-85cd-5d534797d9bc,2026-03-31,CUST-470412,95.14,4947.28,2025-08-06,62.47,2026-03-29,0,1,32.91,22.2,43.7,Premium,0.32,-3.08,26.03,9.6,Postpaid,99.9,-1.57,8.8,0.16
17f56b43-ea69-4b17-aad0-4202e6762f7e,2025-08-26,CUST-561433,101.4,2940.6000000000004,2026-04-23,198.99,2025-11-02,0,2,1.88,21.53,20.95,Basic,3.13,-2.96,72.52,4.73,Enterprise,97.18,-4.54,5.54,0.23
e40bc984-00e9-4545-97b3-6d5f864f12d1,2026-04-09,CUST-250274,27.27,1281.69,2026-03-07,179.61,2025-08-06,0,1,6.31,8.66,43.99,Family,2.8,-0.75,121.59,1.51,Postpaid,98.62,-2.07,17.41,0.15
58e1f75d-a977-49b7-ac7a-d57984810bea,2025-12-04,CUST-554128,44.69,2145.12,2026-06-07,115.22,2026-01-03,26.9,1,35.76,28.67,14.48,Premium,0.83,1.25,150.68,1.78,Enterprise,97.93,-6.39,6.76,0.43
8892ef04-7cb0-470a-9a84-21ab035e2412,2026-03-24,CUST-564505,36.89,959.14,2026-02-25,93.58,2025-09-29,0,1,10.55,0.36,14.13,Family,2.72,1.41,177.93,7.06,Enterprise,96.31,-6.37,1.05,0.32
899230a4-690b-490c-a1d7-edae68df409b,2025-11-15,CUST-920315,131.09,6816.68,2025-12-03,188.99,2025-11-16,0,0,12.37,3.48,29.27,Premium,1.38,8.85,67.35,3.22,Prepaid,95.89,-4.26,3.41,0.31
81c5f6b6-35ab-4c32-9220-f3efc2488f20,2026-04-03,CUST-161342,135.99,3671.7300000000005,2026-07-15,74.72,2026-03-18,0,0,25.85,10.3,20.31,Enterprise,2.92,6.34,48.53,4.61,Prepaid,99.16,-4.44,18.67,0.19
59b3019f-fbe6-47cf-b5cb-a25f08066f0f,2025-11-09,CUST-918672,92.05,3037.65,2026-04-10,71.53,2025-12-05,0,1,16.59,21.8,16.23,Premium,2.82,1.63,80.35,6.03,Postpaid,96.33,-4.82,12.7,0.11
337d5a43-96f8-4889-9028-26de5eab5db6,2025-10-09,CUST-464266,28.94,926.08,2025-08-23,64.18,2026-01-03,28.41,1,29.35,23.43,41.12,Premium,1.94,-1.68,146.38,3.45,Enterprise,98.25,-6.85,19.1,0.43
b72a45e7-11c9-4e86-92f9-af68b782b937,2025-09-01,CUST-342500,70.11,2523.96,2025-07-25,185.45,2025-09-17,0,2,16.83,13.38,43.87,Family,1.51,6.75,148.97,1.75,Prepaid,95.83,-4.13,1.56,0.41
269a23d2-713b-452c-bb8d-9e82a75f3674,2025-12-17,CUST-915107,98.94,3265.02,2026-01-05,122.07,2026-05-29,30.03,2,7.16,7.21,43.84,Premium,3.16,-2.89,174.15,9.52,Postpaid,95.92,-7.79,8.62,0.21
7242208f-a361-49b1-a2ac-2bd88bc32c94,2025-12-09,CUST-605753,139.97,7418.41,2026-02-28,114.46,2026-05-02,0,1,6.99,2.32,40.53,Premium,3.19,-0.76,181.11,4.55,Enterprise,95.39,-3.68,19.47,0.41
bfc1f8d6-863d-4007-a699-0996ccf64b27,2026-05-21,CUST-566140,138.7,3883.5999999999995,2025-12-11,38,2025-08-02,0,1,43.95,19.02,29.38,Premium,0.79,0.08,120.14,0.89,Postpaid,99.83,-7.71,13.28,0.42
94e49217-75a5-401d-a103-59a0c6001bbe,2026-06-11,CUST-524888,37.54,976.04,2026-01-21,137.9,2025-11-07,0,2,34.66,0.15,29.16,Enterprise,3.38,-2.83,78.79,4.63,Postpaid,97.07,-2.14,2.2,0.4
70752166-8f0d-4c6e-ab06-f0f7fcadd752,2025-08-24,CUST-840025,149.65,3591.6000000000004,2026-03-02,113.82,2025-10-14,0,1,39.85,1.91,10.59,Family,2.33,5.36,151.69,8.4,Prepaid,97.98,-6.89,1.31,0.13
a86d7260-75b2-44a9-a5a1-73a379ea49ae,2025-07-31,CUST-426465,121.8,4872,2026-01-06,41.36,2026-03-31,11.82,1,33.79,23.72,23.35,Premium,1.54,1,155.63,0.66,Prepaid,95.62,-5.16,6.63,0.34
143b88dd-3ccc-438f-8b5f-1f8709525b4d,2025-08-20,CUST-152174,123.95,6073.55,2025-08-07,158.97,2026-07-19,0,2,3.91,24.57,43.88,Family,0.31,5.76,63.69,0.24,Postpaid,98.54,-1.53,6.04,0.44
a5b2a530-3a81-4639-afaa-17cbf6d6bdea,2026-04-13,CUST-673175,117.39,5047.77,2026-03-30,112.84,2026-07-06,0,0,43.39,17.86,38.16,Enterprise,4.47,5.26,119.44,7.61,Prepaid,99.32,-3.62,16.15,0.11
1bbccaec-0487-406a-ba47-d5d6a21d426c,2026-07-02,CUST-993017,74.65,3732.5000000000005,2025-08-16,53.57,2026-01-02,0,0,12.69,16.05,29.02,Family,1.21,4.25,187.23,0.67,Enterprise,95.54,-9.65,5.02,0.31
a9864783-29ad-43cd-a8fa-8edb1eb4a435,2025-12-08,CUST-554630,22.9,1007.5999999999999,2026-03-18,44.58,2026-06-09,0,1,38.38,26.89,20.64,Basic,0.33,8.81,85.02,1.34,Prepaid,99.93,-3.35,17.79,0.14
baee8e7f-06e2-447b-b380-dbe7f00f07dd,2025-11-18,CUST-109562,21.74,913.0799999999999,2026-02-28,110.59,2026-06-22,0,1,42.83,29.81,19.93,Family,1,6.62,137.52,1.23,Enterprise,98.82,-1.94,16.94,0.16
db78e388-78d8-4b2b-8489-ac3e0320db44,2025-11-21,CUST-400160,129.97,7148.35,2026-06-29,130.63,2026-06-25,0,1,17.6,22.54,20.6,Enterprise,2.1,6.78,149.63,6.28,Prepaid,96.54,-3.32,19.3,0.3
f1562d9d-4d8e-45bd-a665-4f4f23b50c15,2026-05-27,CUST-895747,147.92,6656.4,2026-05-15,100.8,2025-08-08,0,0,10.24,3.55,35.3,Enterprise,3.03,-3.88,117.89,7.22,Enterprise,95.58,-7.26,12,0.49
1a4e7c56-07c7-4764-a6cc-49f1361bf459,2026-03-17,CUST-932618,146.83,5873.200000000001,2026-03-05,68.31,2026-02-18,0,0,4.28,8.48,14.28,Premium,2.51,1.92,38.45,7.84,Enterprise,98.06,-6.65,17.76,0.33
444d1e7b-c85e-4ff5-982e-c96896d84db7,2026-06-26,CUST-726141,134.6,7268.4,2026-06-01,96.17,2026-07-25,0,1,1.5,28.38,21.26,Premium,0.51,7.94,152.47,7.39,Postpaid,95.58,-0.79,0.66,0.45
3ce3bb7b-2ae8-4a3d-bd30-4e3c2a5e8687,2025-07-30,CUST-507281,40.66,1667.06,2025-10-25,105.88,2026-01-10,0,2,33.5,29.8,30.45,Premium,4.18,1.68,104.28,0.97,Enterprise,99.22,-2.74,9.59,0.34
d0676b2c-b90f-40a3-8684-8651008a280d,2026-03-06,CUST-413906,110.12,4845.280000000001,2026-06-10,191.33,2025-11-20,45.46,0,12.29,12.88,32.68,Basic,3.84,-0.87,42.65,8.91,Prepaid,99.65,-6.06,14.45,0.43
ef78a0de-d2ec-4347-82b7-74863fc7b35d,2025-08-02,CUST-861344,126.12,2144.04,2026-02-26,55.74,2026-02-22,0,2,39.1,15.08,27.09,Enterprise,3.26,-1.7,186.65,6.87,Enterprise,95.02,-5.51,15.9,0.26
39b0e224-b045-43d5-9094-8b0081e3ea47,2025-11-05,CUST-606100,59.78,2630.32,2025-12-15,111.86,2025-09-28,0,1,1.31,0.53,16.36,Enterprise,4.31,2.94,108.07,3.97,Enterprise,96,-4.45,2.37,0.44
51878a4d-6cec-4542-8311-af81f9a4d518,2025-11-06,CUST-538315,149.41,2390.56,2026-05-30,196.31,2026-03-28,0,2,11.13,3.26,36.79,Premium,1.52,-3.71,120.29,7.72,Postpaid,97.28,-1.17,4.28,0.35
08bad48f-b9f8-43ed-9b81-2cea6f717e70,2025-09-06,CUST-454280,111.86,5257.42,2026-05-13,113.35,2026-03-11,0,1,38.32,18.2,39.12,Premium,0.93,4.97,116.75,4.17,Postpaid,98.29,-1.35,10.06,0.21
cf2a5095-8d3d-4108-a8fd-d367120e1642,2026-03-02,CUST-496414,35.05,736.05,2026-04-25,31.93,2025-09-23,0,0,43.89,15.71,16.94,Basic,0.28,-0.11,81.3,9.42,Enterprise,95.53,-3.31,6.65,0.4
c2c7f044-90e1-43a9-b086-2bbb2cc29694,2025-08-20,CUST-687848,102.05,2347.15,2026-05-18,37.24,2026-04-26,0,1,16.37,6.11,32.06,Basic,4.96,7.32,174.83,1.38,Prepaid,97.51,-8.48,6.88,0.31
2ea50b87-8fe1-4a8a-b47a-3e3f3c0d549a,2026-06-02,CUST-203115,34.93,1047.9,2025-09-19,51.23,2025-11-15,0,1,22.8,15.08,31.19,Family,3.4,-1.44,37.29,5.47,Enterprise,99.37,-2.24,12.92,0.25
f49877f8-0c7c-43df-aed8-70802def2bf8,2025-10-07,CUST-631385,130.35,3649.7999999999997,2025-09-21,26.03,2026-02-12,0,2,34.5,6.37,12.86,Enterprise,4.57,-3.91,135.8,9.22,Prepaid,96.76,-8.77,16.79,0.23
89c8482c-0a8b-4074-9093-aecf993b444e,2025-08-12,CUST-865265,103.24,3200.44,2025-09-11,138.58,2026-05-30,0,0,44.57,26.29,21.42,Premium,0.24,7.47,181.95,2.09,Postpaid,99.59,-8.7,0.65,0.33
16f7a543-5001-4910-a7c1-a710a95bef82,2026-05-09,CUST-286352,104.07,5411.639999999999,2026-03-14,93.96,2026-07-21,0,2,40.28,21.91,37.97,Basic,2.59,4.87,115.18,4.7,Enterprise,99.2,-5.01,7.25,0.34
60981b96-bc14-4e13-8e61-c9cdc2be9133,2026-03-07,CUST-418192,74.42,1190.72,2026-05-23,74.64,2025-07-31,0,1,36.46,0.59,19.78,Premium,2.16,2.32,52,3.2,Postpaid,95.89,-5.96,2.7,0.18
86f64346-6a2c-4739-a835-6d8cf77b3bdb,2025-08-01,CUST-146792,60.53,2118.55,2025-12-22,108.08,2026-03-03,19.65,1,43.3,21.69,36.94,Family,2.08,5.85,73.11,6.55,Enterprise,97.11,-3.28,2.02,0.48
612167b0-7100-49ea-b670-3dd6d8cc0408,2025-08-12,CUST-430836,86.43,1901.46,2025-12-16,89.9,2025-11-02,15.77,2,10.51,19.77,17.66,Family,0.99,-4.32,121.63,0.56,Postpaid,99.4,-9.28,0.82,0.13
3832c15e-5304-45f9-9029-9445ee49356a,2025-12-29,CUST-282293,119.2,4887.2,2025-08-31,171.95,2025-11-08,17.62,1,28.44,14.86,42.88,Family,3.59,0.97,179.76,6.13,Enterprise,98.66,-7.6,4.31,0.38
2824400d-fb26-47fa-a026-911b0eddb33b,2025-10-07,CUST-398802,82.43,1071.5900000000001,2025-12-01,44.31,2026-06-18,13.96,0,32.78,3.02,47.81,Family,1.57,-3.59,187.38,5.72,Prepaid,98.73,-5.72,3.95,0.46
374342f2-351d-4d1f-8ee1-0c550a115b7d,2025-11-16,CUST-842991,35.88,968.7600000000001,2025-09-23,77.74,2025-12-12,29.31,1,4.69,11.49,42.63,Basic,1.11,2.35,59.11,2.45,Postpaid,95.47,-0.15,12.77,0.4
3f2b7198-4aff-447e-848b-35e903f1fe94,2026-06-23,CUST-937921,139.45,2928.45,2026-02-26,84.39,2025-08-06,0,2,39.48,25.74,10.46,Premium,1.72,0.2,98.09,0.07,Enterprise,98.36,-6.98,1.34,0.22
cda3e9fb-e1ce-4935-9f74-3d1d239425e6,2026-01-03,CUST-914011,114.17,5708.5,2026-03-23,71.02,2025-08-25,0,0,13.37,17.99,20.8,Enterprise,2.37,4.85,165.42,5.26,Postpaid,99.45,-4.41,12.69,0.44
da93a25e-a036-4ce6-97d7-37e26b0c1fa6,2026-03-24,CUST-934793,121.56,3403.6800000000003,2026-05-20,129.48,2026-04-12,0,1,5.47,18.9,17.43,Basic,2.62,-3.44,196.62,3.79,Postpaid,97.61,-4.78,4.05,0.44
d2711988-5094-4faf-9837-a929477dd378,2025-08-10,CUST-161874,73.22,951.86,2026-06-10,168.26,2026-03-22,49.21,1,10.01,0.39,22.64,Enterprise,1.87,9.78,112.46,4.29,Postpaid,97.93,-7.3,11.63,0.46
5048d953-48c8-41a5-96bd-164decc50532,2026-06-12,CUST-204729,47.82,1673.7,2025-08-09,86.3,2026-05-10,42.99,1,11.31,13.38,45.42,Basic,2.83,2.24,86.16,8.46,Prepaid,97.95,-5.11,15.35,0.41
c55e38c6-a40d-4280-8a04-d0858bf1c655,2026-03-17,CUST-940085,30.03,1651.65,2026-07-18,23.06,2025-08-25,0,0,16.27,12.95,24.29,Family,3.94,7.53,170.69,5.63,Enterprise,98.01,-5.02,5.54,0.36
1307d05c-325d-4e5b-8f64-20701e105acb,2025-11-15,CUST-107095,116.08,5455.76,2025-12-16,101.09,2025-10-04,0,0,25.61,28.19,40.84,Enterprise,3.72,9.57,31.82,1.01,Enterprise,95.01,-1.29,4.57,0.44
4523936f-4bfb-4a19-b6ac-5f09c36a827a,2025-10-24,CUST-548060,72.3,3325.7999999999997,2026-03-16,116.37,2026-06-15,0,2,18.89,1.25,27.33,Enterprise,1.27,2.69,163.26,3.22,Enterprise,97.82,-9.9,8.19,0.25
78d5af33-4d61-4ca4-ab9d-266f499addd0,2025-08-24,CUST-696669,108.55,4233.45,2026-04-23,192.98,2025-10-28,0,0,3.08,10.91,36.03,Basic,4.58,0.46,109.92,7,Enterprise,97.91,-3.58,6.51,0.17
049eb96e-2555-4418-900a-3d390377c377,2026-02-16,CUST-793389,41.62,2330.72,2026-04-26,177.48,2025-08-21,0,1,0.12,29.25,42.39,Family,3.41,4.54,26.65,9.94,Prepaid,96.15,-3.76,4.1,0.47
5481a7c8-5619-4678-a0ef-208341affa4e,2026-01-23,CUST-546347,32.14,610.66,2025-08-01,47.28,2026-02-03,0,1,28.16,24.05,25.86,Basic,3.56,5.4,122.89,1.15,Prepaid,98.21,-6.68,2.92,0.45
9b9c59f2-b60d-490f-90f8-3a57c66aad9d,2026-04-09,CUST-654636,31.14,871.9200000000001,2026-05-15,103.42,2026-03-21,0,1,4.6,23.28,35.22,Basic,1.43,2.45,149.13,7.56,Prepaid,98.8,-6.68,14.22,0.26
2229c086-371f-499d-b328-f5f2077ce026,2026-01-18,CUST-884398,28.39,1419.5,2026-06-08,172.71,2026-03-01,0,1,38.72,4.96,49.17,Basic,1.7,-4.29,137.62,8.58,Prepaid,99.88,-7.17,7.15,0.25
4985bb81-4127-4b9f-ae46-a51fd69ae69c,2026-04-28,CUST-773637,116.12,2554.6400000000003,2025-10-05,116.97,2026-03-28,0,1,42.82,12.85,31.5,Premium,2.97,-0.53,179.24,1.76,Prepaid,98.45,-6.33,2.55,0.1
25294218-a60c-40c9-ac87-6ffd06b8302c,2026-02-21,CUST-411382,142.7,3852.8999999999996,2026-07-17,64.54,2026-06-06,39.57,1,23.9,2.04,12.29,Basic,3.29,6.37,53.94,4.07,Prepaid,97.03,-1.5,15.62,0.49
f09a015e-1131-404f-aea9-038aa87638ab,2025-08-13,CUST-502255,107.03,4923.38,2025-12-15,165.92,2026-07-17,0,1,22.5,15.24,31.75,Family,1.48,1.83,157.21,0.72,Prepaid,99.22,-6.14,17.14,0.16
cdc8e8d5-fc78-462a-9360-60aed83479dd,2026-05-02,CUST-931271,29.71,891.3000000000001,2026-04-25,98.55,2026-02-14,0,0,36.52,28.44,33.76,Basic,1.72,5.81,188.85,9.32,Prepaid,95.32,-7.46,12.51,0.15
f125338c-3ff3-4fd9-8e83-c18a0ed090d2,2025-09-30,CUST-657784,29.69,504.73,2026-06-17,150.29,2025-11-26,0,1,19.45,12.15,23.34,Premium,2.12,-1.73,138.34,1.56,Prepaid,97.97,-5.52,8.13,0.21
68de9cb7-a906-4c93-8010-0be1c41f9dd5,2025-10-09,CUST-638125,77.54,2016.0400000000002,2025-12-30,46.23,2026-04-25,0,1,0.38,18.49,39.92,Family,1.42,-4.91,50.59,5.21,Postpaid,97.4,-7.55,4.98,0.31
c176c58c-972c-4820-a043-10231e8d62d6,2026-04-21,CUST-430737,55.64,1669.2,2025-10-16,122.7,2026-03-24,42.66,2,40.43,29.56,24.54,Premium,1.18,6.78,64.36,4.36,Postpaid,96.32,-0.04,6.92,0.35
64ab4a7c-8f8d-4810-91f5-1a7e78388ed8,2025-12-28,CUST-631148,140.79,3942.12,2026-07-08,82.16,2026-05-06,0,2,36.58,16.82,11.9,Premium,2.84,-2.09,85.26,0.84,Prepaid,95.21,-4.04,6.16,0.15
80569deb-b33b-40f1-9bea-96ecd4285abb,2026-05-04,CUST-928145,34.48,1965.36,2026-02-02,143.4,2026-02-24,0,2,12.6,7.58,46.92,Family,4.02,6.23,46,3.85,Enterprise,99.81,-4.07,14.06,0.14
e034c9a4-b5a3-47d4-93e9-61d64d08b7f6,2026-01-23,CUST-640530,81.72,4494.6,2025-08-06,149.68,2025-07-26,0,1,8.73,21.96,22.36,Family,1.07,3.83,77.42,9.38,Postpaid,98.78,-1.54,18.37,0.48
0ea31d6f-63ab-447b-a35b-999fe4a44e44,2025-07-30,CUST-206798,79.72,4145.44,2026-06-16,114.36,2025-09-13,0,2,38.07,17.8,12.01,Basic,1.21,4.15,101.67,5.47,Prepaid,97.09,-0.93,14.33,0.18
d5480224-1f2c-4c95-b5dd-1b13c8bee429,2026-03-29,CUST-416234,35.18,1160.94,2026-01-09,62.16,2026-05-04,0,2,46.1,16.98,23.71,Basic,1.23,-3.41,189.61,8.7,Enterprise,99.37,-6.4,6.6,0.22
10f5da00-5ffa-4904-8886-acfda7ffd427,2025-12-06,CUST-673491,52.18,1200.14,2026-04-29,158.64,2025-08-15,0,1,32.5,8.01,48.4,Basic,1.2,-2.03,53.91,2.91,Enterprise,96.99,-0.9,13.29,0.34
f559d827-1da6-4dd2-9e28-0473a6039cf5,2025-09-11,CUST-565170,135.44,2708.8,2026-03-11,147.41,2026-06-08,27.59,1,29.73,11.48,43.61,Premium,1.33,9.51,186.03,3.33,Enterprise,96.69,-2.24,16.04,0.27
f516dc41-9786-4908-bb6b-1c81d475423f,2025-12-03,CUST-483694,118.75,2968.75,2025-10-06,117.94,2026-03-24,0,1,21.91,21.14,42.34,Basic,0.81,-0.68,136.81,2.3,Enterprise,98.31,-3.47,15.05,0.47
1e3a69cc-aa70-4f89-b11b-3cf94392ac81,2026-03-26,CUST-551782,78.39,1175.85,2026-07-05,83,2026-03-10,0,1,2.51,21.39,33.4,Family,3.55,6.49,91.45,8.39,Prepaid,95.49,-8.24,7.17,0.21
3436b9a0-74f0-4631-8c36-fba2cba08eb8,2026-05-03,CUST-259742,120.57,2290.83,2025-08-13,188.49,2026-07-05,0,1,12.55,16.34,43.65,Enterprise,0.72,5.1,190.42,6.87,Postpaid,99.87,-2.39,1.46,0.43
81293e3b-0b8b-4f7e-b793-07fe15850e8c,2026-05-07,CUST-871920,52.54,1733.82,2025-10-04,162.44,2026-02-28,6.95,2,43.45,21.66,27.85,Premium,1.38,-2.18,158.16,0.77,Postpaid,95.7,-3.45,5.04,0.43
db0875b5-3ff0-4884-9feb-69ef9f20f9dc,2025-08-26,CUST-995114,89.78,1256.92,2026-02-14,150.83,2025-11-10,0,2,39.85,11.22,28.12,Family,3.89,6.47,168.93,3.09,Enterprise,96.24,-7,10.07,0.23
4272a8dc-ce5d-4300-a09b-093027ee406a,2026-06-26,CUST-802264,130.31,2084.96,2026-07-02,161.42,2026-04-19,0,0,39.79,29.41,30.43,Premium,4.48,8.88,188.08,1.28,Prepaid,97.39,-0.42,8.19,0.14
82a5eab6-515a-40af-86a3-0b518685b8e6,2025-08-18,CUST-164107,44.2,1502.8000000000002,2025-11-24,47.04,2026-07-05,0,0,10.65,15.95,21.84,Basic,0.28,4.08,171.84,4.48,Postpaid,96.61,-5.17,11.15,0.27
0e99b9ce-264a-4598-89fb-2b5adbdaa074,2025-10-17,CUST-526855,58.37,2509.91,2026-02-06,108.42,2025-12-03,0,1,22.98,28.46,26.77,Premium,4.48,-0.43,95.54,5.62,Enterprise,98.28,-5.02,17.97,0.22
b9e7534b-0f80-4619-84bb-dc87dabf8d85,2026-05-17,CUST-792095,100,5900,2025-12-21,63.23,2025-10-07,30.59,2,2.61,6.26,14.67,Basic,4.11,8.63,57.96,0.19,Postpaid,96.31,-1.97,8.39,0.43
3bcc3949-6efd-4ac3-8169-bbd2ba7bd73c,2026-01-19,CUST-518281,119.62,5981,2026-02-19,23.73,2026-01-13,0,1,19.68,14.98,31.69,Premium,2.07,2.83,152.65,3.73,Prepaid,95.27,-6.43,14.07,0.49
a951db35-940b-425f-846d-a1f26e980369,2025-10-21,CUST-560573,115.77,4515.03,2025-12-15,32.72,2025-08-01,0,0,30.57,29.47,48.68,Premium,0.92,7.72,158.38,7.94,Prepaid,97.51,-2.36,2.85,0.45
971e6839-84c4-4553-b877-74121c22db2e,2025-10-24,CUST-762261,47.1,1083.3,2026-02-15,191.71,2026-04-12,0,1,31.08,6.09,45.5,Basic,2.34,7.21,54.42,8.28,Enterprise,95.32,-5.62,10.84,0.13
ae0b5758-5d46-4405-bd53-5726932c9d9d,2025-08-22,CUST-405240,140.38,7299.76,2025-12-03,79.77,2025-10-16,0,2,41.74,23.5,43.24,Basic,2.98,1.32,116.99,5.9,Enterprise,99.23,-6.41,5.79,0.19
813199aa-0af3-4cac-a6b9-ea605f0896cd,2025-08-21,CUST-878521,71.28,3350.16,2026-01-31,184.15,2025-10-31,0,1,5.61,11.07,48.61,Basic,2.02,3.47,149.62,0.87,Enterprise,99.07,-0.54,3.8,0.1
ae4d8302-66d5-4334-bad7-c00a03d8211b,2026-03-01,CUST-967986,69.75,3766.5,2025-07-30,79.18,2025-12-12,0,1,27.75,15.58,49.18,Premium,4.29,7.04,47.23,9.88,Enterprise,99.63,-6.41,10.94,0.26
0c3c1602-5fd8-44c6-af85-cf7d9a446cf5,2026-03-06,CUST-798235,113.47,5219.62,2026-01-05,171,2025-10-20,0,1,5.96,21.83,21.14,Basic,0.78,6.21,148.13,2.58,Enterprise,97.19,-9.4,15.04,0.3
4d7e9ee5-d2ef-4716-917b-c72420c6709c,2026-02-27,CUST-680106,46.66,1539.78,2025-11-21,137.97,2026-05-03,25.94,0,45.04,6.76,29.48,Basic,0.33,0.39,83.24,4.45,Enterprise,96,-8.06,16.05,0.38
4e374efd-7396-4e26-8520-d1e3985087ff,2026-02-06,CUST-834859,61.71,3394.05,2025-07-26,26.65,2026-07-01,0,0,47.96,7.29,41.85,Premium,4.1,3.86,152.04,5.97,Enterprise,98.94,-9.67,11.27,0.42
2968653a-a80a-4aeb-b055-6bd4a932ee1c,2026-02-05,CUST-506856,40.14,1164.06,2026-07-06,177.02,2025-12-09,0,1,18.42,29.96,40.53,Family,0.86,3.32,136.5,1.19,Enterprise,97.32,-1.27,7.09,0.36
9bf35c9f-4b34-4ef9-bb58-271f8896b448,2025-08-02,CUST-585402,48.62,2333.7599999999998,2026-05-22,115.22,2026-04-04,0,1,30.86,27.07,18.97,Family,4.67,-4.1,38.37,1.29,Postpaid,98.35,-4.34,14.3,0.3
2bfd23fb-3faa-4d9c-9b00-5f002b79ec53,2026-06-24,CUST-813538,101.88,4992.12,2026-07-18,132.29,2026-03-29,0,0,42.24,11.32,40.13,Enterprise,2.59,-2.79,55.19,2.17,Prepaid,95.98,-8.47,5.9,0.45
4af66ce1-7cf8-4e29-8489-0001a8227222,2026-02-09,CUST-358351,105.58,4328.78,2025-10-16,134.45,2026-03-12,0,1,7.7,5.53,49.88,Enterprise,0.85,7.43,163.88,4.07,Postpaid,98.66,-4.95,2.89,0.16
673a6962-e335-4030-8eb7-4bb10e54416e,2026-02-07,CUST-937033,75.57,1057.98,2025-12-22,24.82,2026-01-30,0,2,44.43,0.3,49.79,Enterprise,1.35,-2.39,149.09,6.43,Postpaid,98.2,-3.73,1.55,0.25
ce235a28-697f-47ed-940a-e0de09062be9,2025-12-07,CUST-797385,106.49,1277.8799999999999,2025-09-27,122.5,2025-11-30,0,0,46.3,21.64,16.38,Premium,1.35,-0.4,115.26,8.32,Prepaid,97.9,-2.96,9.31,0.47
5f794570-e5b1-4d28-ae52-d781208a225f,2026-01-17,CUST-841690,31.55,1198.9,2025-09-28,155.72,2026-05-20,0,1,23.49,20.54,15.45,Family,0.1,-0.42,78,7.99,Prepaid,97.37,-3.67,18.65,0.28
bed95040-bb11-4b1b-bfc4-2080285d150b,2025-09-08,CUST-386188,25.87,1241.76,2026-07-16,166.75,2026-05-03,0,2,0.59,26.03,10.66,Basic,4.11,0.26,132.07,7.56,Prepaid,98.97,-9.02,9.46,0.23
8dcb3020-89f0-42f8-a575-66983036eb0a,2026-04-03,CUST-221922,83.61,2591.91,2026-05-04,43.19,2026-01-26,0,2,33.11,10.15,36.96,Family,3.4,-1.55,45.63,8.06,Enterprise,96.88,-1.78,2.96,0.16
fbcb072f-8ad3-4bed-b5e0-1c8ef2eaa981,2026-03-19,CUST-769197,72.95,2480.3,2026-03-14,116.79,2026-04-22,0,1,23.69,22.58,25.87,Basic,3.49,9.74,147.7,3.49,Prepaid,96.42,-0.27,13.19,0.22
fb747f6b-eb10-4fc7-b1f3-7cde9cde2819,2026-07-07,CUST-773679,99.06,1783.08,2026-05-04,42.3,2025-11-24,0,1,39.37,13.11,29.81,Basic,1.22,8.24,190.94,8.32,Enterprise,95.68,-2.79,10.98,0.34
44e535b1-6c4f-4ef9-a9df-c72820b6079a,2026-01-01,CUST-927706,25.58,358.12,2026-04-27,43.39,2025-11-21,0,1,36.91,22.1,29.9,Enterprise,2.92,2.92,178.32,0.06,Enterprise,95.76,-5.66,9.84,0.25
5025ea11-854b-499e-99b0-1f5a2c1e0fea,2025-10-24,CUST-777354,40.71,1262.01,2026-01-22,33.96,2025-10-14,0,1,45.96,21.16,14.81,Family,1.45,-0.09,86.24,5.29,Enterprise,95.07,-7.98,5.58,0.23
c6e0151a-dfa3-47df-9e70-ff84af133a25,2026-06-10,CUST-282977,114.33,6288.15,2025-09-07,70.9,2026-01-02,0,1,26.29,17.36,41.53,Enterprise,2.14,-3.11,59.42,1.73,Postpaid,98.87,-2.31,16.4,0.29
d4ced695-6c80-4ebb-9e33-0aa6533dd3e2,2026-05-06,CUST-830610,83.19,3327.6,2026-02-27,176.73,2026-01-04,0,1,38.42,20.7,47.3,Premium,4.57,1.48,78.78,3.06,Prepaid,96.74,-1.88,5.69,0.47
cd1a7d79-09b8-4f6a-bde3-25c60d9353ef,2026-03-11,CUST-658778,135.57,7591.92,2026-06-20,26.3,2026-07-02,0,0,44.06,11.78,24.07,Enterprise,4.33,9.2,75.91,0.01,Prepaid,99.59,-3.01,2.92,0.15
8f854612-a829-4dc0-a7f4-40d6e11831a1,2026-04-21,CUST-567371,44.16,1192.32,2025-11-08,185.31,2026-01-13,0,2,42.71,27.23,24.52,Basic,2.33,7.25,92.66,4.76,Prepaid,96.28,-6.77,1.11,0.31
9073e3e1-2938-4b7b-8abc-ef51cc9e005e,2026-01-28,CUST-927999,43.54,1610.98,2025-10-24,183.18,2025-11-27,0,2,15.02,11.37,47.81,Enterprise,2.75,-4.01,177.43,1.6,Postpaid,97.35,-1.65,7.68,0.31
1007b1f9-df18-4f37-94c0-5fdcd839c9ae,2026-01-02,CUST-732384,66.47,3655.85,2026-06-09,166.14,2026-05-14,0,2,24.74,19.19,13.82,Family,4.68,-4.14,143.97,3.38,Postpaid,99.63,-8.06,16.76,0.37
5ddd4b22-19c0-4738-8229-417c57267009,2025-12-24,CUST-937304,99.38,4571.48,2025-08-17,176.17,2026-05-24,10.9,1,30.24,27.09,39.54,Family,0.63,9.13,99.29,5.78,Enterprise,97.62,-9.8,11.41,0.43
17d25a0c-38d0-4631-94d5-e70bd992f62a,2026-07-20,CUST-196495,60.08,3424.56,2025-09-13,100.12,2026-04-03,0,1,36.6,19.63,14.06,Enterprise,3.56,-4.18,66.32,5.91,Prepaid,95.77,-1.45,18.27,0.36
5d677223-1211-465d-bca0-c50ef2e8b187,2025-10-19,CUST-390868,34.24,1438.0800000000002,2026-04-11,77.06,2026-04-25,0,0,6.22,1.58,28.2,Basic,1.94,4.44,173.22,9.76,Enterprise,97.36,-9.77,0.1,0.17
c57e28ec-4768-4e7b-a460-0e4a3db904af,2026-07-04,CUST-730183,77.25,3244.5,2026-06-14,55.35,2025-09-28,0,2,1.93,29.43,11.67,Family,4.08,3.96,153.78,9.52,Postpaid,95.25,-5.22,14.74,0.23
f964de54-ede5-4394-ad5d-c87bbd08eec1,2025-09-25,CUST-444583,135.67,4070.0999999999995,2026-01-26,84.71,2026-07-01,0,0,17.8,10.21,11.55,Family,1.13,1.93,137.31,1.64,Enterprise,96.34,-5.05,3.3,0.19
7a13286c-fe79-4a68-9271-2ca842c92cd2,2026-06-11,CUST-156975,80.2,4330.8,2025-09-22,135.14,2025-09-21,47.66,1,44.93,12.88,19.54,Enterprise,4.9,4.3,91.73,8.31,Enterprise,98.97,-8.15,5.44,0.4
1491aa6b-7087-4372-a7d2-0a44b676a2e3,2025-09-10,CUST-692027,79.55,2625.15,2025-11-17,49.42,2025-10-10,0,1,0.04,26.26,11.4,Enterprise,2.38,4.63,84.56,0.81,Postpaid,95.25,-2.27,0.51,0.37
4b5324be-5b53-4b9e-9a2e-8750e7d35fc7,2025-10-11,CUST-982201,92.51,2405.26,2026-05-02,79.51,2026-06-27,0,1,29.56,5.47,40.69,Basic,0.19,2.25,130.43,5.95,Prepaid,98.87,-8.4,11.12,0.19
5e2231e2-8116-4a4f-ab25-6f9ae8a9414b,2026-04-15,CUST-981489,64.74,2654.3399999999997,2026-02-22,29.23,2026-03-18,39.33,0,15.25,15.96,35.46,Basic,3.39,6.96,161.72,9.21,Enterprise,99.3,-9.95,2.53,0.43
837137ca-a744-4e1c-b7e2-85900d8c0ea8,2026-01-08,CUST-368103,129.2,4392.799999999999,2025-08-31,188.54,2025-08-26,0,1,15.15,8.27,21.57,Basic,0.91,2.02,196.08,2.93,Enterprise,99.35,-9.7,0.44,0.48
4c36fb93-19fc-4a70-bb6a-32538dab7913,2025-10-26,CUST-397391,43.04,1248.16,2025-08-19,149.09,2025-09-28,0,2,3.39,21.25,22.21,Premium,3.91,8.42,72.15,7.95,Enterprise,95.84,-9.25,2.28,0.16
e873c428-ed77-422e-a8d1-fe6322513127,2025-08-13,CUST-631411,73.42,3524.16,2025-10-27,87.41,2026-05-08,0,0,8.04,17.6,39.31,Enterprise,1.95,2.18,44.97,2.1,Prepaid,99.33,-4.44,11.61,0.48
f45cc827-33e0-4501-a6de-cc59044a5400,2026-04-10,CUST-301937,43.19,1468.46,2026-05-13,96.43,2025-10-27,0,2,12.62,1.42,29.6,Enterprise,4.95,7.5,94.68,6.13,Prepaid,96.2,-0.47,13.79,0.48
b0d51b7b-7269-4a87-b4ea-d61b9e2be49b,2026-07-12,CUST-963708,33.77,1418.3400000000001,2025-08-08,176.27,2026-03-18,0,1,26.76,3.98,28.98,Premium,3.64,-0.95,59.13,3.33,Prepaid,96.92,-0.62,2.1,0.36
6076b476-4f62-4c0f-8f71-4171fb70cd8a,2025-08-10,CUST-136262,86.03,2752.96,2026-04-28,59.29,2025-10-08,0,1,45.93,21.73,42.17,Premium,3.68,2.14,96.98,0.75,Prepaid,99.89,-8.66,14.98,0.43
65f3aa0d-20cc-49bd-9823-accd6639b9e4,2026-06-07,CUST-665135,139.75,3773.25,2025-08-12,101.87,2026-07-02,0,0,33.71,14.94,47.43,Enterprise,4.4,5.53,77.14,9.36,Prepaid,99.98,-8.68,14.13,0.31
98e8ea55-0905-4158-b4bb-6ee3144f5081,2026-05-02,CUST-303419,41.62,1872.8999999999999,2025-10-07,178.09,2026-06-12,43.68,1,12.08,22.15,20.2,Premium,2.02,0.92,31.42,1.26,Postpaid,99.82,-6.99,3.42,0.47
a14fd458-3ea2-4eba-bb80-0e8cf0018049,2025-12-24,CUST-119422,53.57,2035.66,2025-11-29,104.6,2026-03-26,0,0,33.56,28.37,45.35,Premium,1.14,1.4,131.61,3.25,Prepaid,96.87,-0.07,11.64,0.19
e32da42d-cb3f-46c0-a13d-6eb7cca238c9,2025-08-01,CUST-342041,41.25,948.75,2026-03-10,89.67,2026-03-13,0,2,34.51,11.33,33.09,Family,2.33,-4.01,107.75,4.07,Enterprise,97.45,-1.64,4.42,0.3
8ea21345-6018-4985-8f7f-79c3ca2916a5,2026-05-19,CUST-599636,80.53,2093.78,2026-01-09,93.31,2025-09-08,0,1,49.04,22.23,15.09,Premium,3.96,6.61,165.49,5.17,Prepaid,97.51,-2.63,15.03,0.49
e6681d39-e528-492b-a46f-9db070991255,2026-04-06,CUST-900182,23.2,1322.3999999999999,2025-11-18,198.33,2026-01-29,0,1,18.88,24.23,20.73,Family,2.71,-0.25,143.48,4.91,Prepaid,95.56,-3.83,6.86,0.42
5f2a8bdb-f0b9-4aed-b00a-b303b23b4999,2026-01-25,CUST-584658,124.44,1617.72,2025-10-03,103.56,2026-06-08,0,1,32.52,18.03,12.51,Premium,3.51,0.8,197.87,4.07,Prepaid,98.81,-3.38,16.8,0.28
26fa68e4-6761-4707-9b7d-48d14daedff2,2025-10-09,CUST-891416,66.06,1981.8000000000002,2026-03-25,126.64,2026-07-11,11.07,0,3.38,6.84,17.11,Premium,2.66,-3.55,148.33,2.23,Enterprise,99.38,-5.82,8.89,0.46
8317176b-2b91-4866-b17f-f7fc19756b95,2025-09-19,CUST-433773,84.1,3868.6,2026-05-16,96.71,2025-08-23,0,2,45.03,6.93,37.03,Basic,2.45,-1.47,138.84,6.28,Postpaid,97.93,-5.09,15.25,0.27
1a8e634e-e46a-4e0f-93b8-09c47bb1c6c0,2025-10-12,CUST-346057,98.97,5839.23,2025-08-18,35.9,2026-03-31,0,2,49.3,24.29,48.71,Premium,4.31,-4.53,194.72,6.4,Postpaid,97.18,-5.07,11.17,0.4
b6676cfd-b56d-4913-a58d-18f82553068e,2026-01-21,CUST-246900,133.83,4282.56,2026-03-27,51.55,2025-10-11,49.47,0,24.06,10.55,25.2,Premium,4.54,1.81,38.24,4.28,Postpaid,99.24,-5.69,3.76,0.42
0ab9af1a-9c56-49de-b32a-88aa2c9d9cb3,2026-06-13,CUST-923212,22.65,883.3499999999999,2025-11-06,138.37,2026-04-18,17.25,2,14.56,27.99,26.73,Premium,0.7,-1.06,25.92,5.8,Postpaid,99.04,-1.19,4.41,0.49
bbf24c9b-18d4-473a-844d-9e524a1391cf,2026-07-23,CUST-338681,139.97,2939.37,2026-06-15,117.98,2025-12-03,0,1,30.03,16.76,14.4,Enterprise,0.42,1.51,32.06,8.46,Prepaid,96.65,-6.39,7.92,0.43
acae4bcf-dc1b-41e8-9a7d-bdb260c7028e,2026-04-10,CUST-163010,38,1444,2025-11-04,104.53,2026-02-10,0,1,38.19,20.35,45.79,Premium,4.25,3.87,88.07,2.56,Enterprise,96.82,-0.65,16.05,0.32
657ee880-491f-4a73-9abe-bb0fad2e3ffe,2026-05-31,CUST-484507,111.18,3668.94,2026-02-02,135.19,2025-10-06,0,2,33.68,2.16,40.97,Premium,2.55,-2.99,154.42,8.65,Prepaid,96.85,-7.97,1.73,0.32
1e6565fe-9dd7-43de-bbd1-83c4a1b961bc,2025-08-15,CUST-640698,34.66,554.56,2025-10-21,137.49,2025-08-21,0,0,40.6,6.05,22.71,Enterprise,1.1,5.51,165.31,1.35,Prepaid,96.07,-7.66,8.15,0.39
274a0e7f-70a3-4138-8f5b-e124f0b65cf8,2026-01-01,CUST-179042,149.07,7155.36,2026-04-07,189.47,2026-02-01,0,2,14.01,5.75,32.52,Basic,3.4,9.32,173.17,9.82,Prepaid,97.25,-4.46,14.5,0.32
7020c309-d471-4c39-9021-f17c4750ff54,2026-03-24,CUST-871570,105.34,5688.360000000001,2026-02-25,77.04,2025-11-07,0,0,3.33,5.57,10.88,Enterprise,2.18,6.35,198.63,6.91,Postpaid,99.68,-3.79,4.65,0.36
ffb4e503-ae4c-4e68-b032-cb4d79c45626,2026-07-10,CUST-254088,59.1,2364,2025-11-30,158.51,2025-12-07,0,1,32.81,18.55,36.67,Premium,3.41,5.52,113.22,4.81,Postpaid,97.75,-4.21,4.93,0.1
1eaea36e-7ec4-4d43-9100-2463cacf5622,2025-09-02,CUST-538606,135.78,5023.86,2026-06-07,71.28,2025-08-10,0,1,24.65,18.76,40.89,Premium,1.7,3.19,157.46,3.81,Postpaid,96.01,-6.74,17.77,0.16
c7e6953f-2487-4fe4-9031-084205119a93,2025-08-05,CUST-227503,70.71,1484.9099999999999,2026-02-24,100.69,2026-05-27,0,0,9.22,22.67,43.39,Basic,1.83,4.55,35.63,0.92,Enterprise,99.32,-5.45,3.74,0.37
28565642-c8ad-44f1-b625-9f27852322f0,2026-06-19,CUST-211139,50.05,2652.6499999999996,2026-05-27,176.82,2026-04-18,0,0,14.03,7.03,29.42,Premium,1,-0.84,52.97,0.41,Prepaid,95.85,-6.36,0.48,0.13
f9209e58-47a6-4b59-a6d9-eaeb8fe139ee,2025-10-14,CUST-706589,79.79,1994.7500000000002,2025-10-31,120.21,2026-01-30,0,2,10.89,24.43,49.96,Basic,3.5,6.95,73.12,2.11,Postpaid,98.09,-7.9,19.33,0.41
0415c9c0-3b13-4f9f-8da8-69b3bbc65154,2026-03-12,CUST-702770,78.34,2193.52,2026-04-30,162.02,2026-01-25,0,1,44.02,8.1,26.13,Premium,2.92,7.05,46.63,4.94,Prepaid,96.83,-9.74,0.51,0.1
3312fe91-0a4e-4382-80e7-8ae304508dd1,2026-07-05,CUST-111281,141.39,6221.16,2025-09-04,135.79,2026-05-09,0,2,42.51,27.88,14.87,Premium,3.78,9.37,151.24,5.17,Enterprise,96.68,-2.25,2.45,0.44
0ef3ce1b-71dd-4045-a172-2f9483216c2d,2025-07-30,CUST-648584,125.8,4654.599999999999,2025-12-28,34.07,2025-10-25,39.13,2,29.78,8.73,32.3,Premium,0.74,2.02,39.04,6.74,Postpaid,96.86,-0.78,6.08,0.19
c5dd554a-0a2c-4a61-b46b-a65ba2969116,2025-09-11,CUST-690577,121.69,3894.08,2025-09-14,123.82,2025-11-24,0,0,24.3,5.52,20.95,Enterprise,3.23,4.65,131.11,6.31,Postpaid,98.87,-5.82,3.64,0.11
23055ac0-5208-4c23-97b8-49705d3ae302,2026-01-12,CUST-149399,85.88,3263.4399999999996,2026-01-28,182.19,2025-08-23,0,0,27.5,27.15,42.4,Basic,3.93,2.12,138.16,6.1,Postpaid,99.71,-2.98,0.89,0.17
bb84f400-7192-46b3-9155-66c555869037,2025-08-16,CUST-881169,45.22,768.74,2026-07-21,104.77,2026-02-20,0,2,17.89,10.66,44.28,Basic,0.52,-1.53,83.36,7.43,Prepaid,98.91,-4.51,17.04,0.35
f7bb7b11-7b89-493f-87ca-6ac4cd66cc14,2025-11-12,CUST-489297,51.04,2194.72,2026-06-26,150.8,2025-11-06,0,2,23.85,3.84,31.58,Family,3.13,-3.28,190.47,5.64,Enterprise,96.61,-1.79,13.54,0.28
159e85f0-e6a4-4b97-82a4-66dec1ca0881,2026-07-02,CUST-522384,148.56,2228.4,2026-04-01,34.48,2026-02-02,44.75,0,32.9,7.63,37.95,Basic,3.43,6.34,68.79,2.88,Postpaid,97.13,-4.16,11.41,0.48
6b80dbb4-5720-49c6-85b4-943c55d84b56,2026-02-05,CUST-413470,91.93,2482.11,2026-02-15,122.97,2025-08-27,0,0,43.74,15.82,47.56,Premium,3.42,5.17,31.42,8.29,Postpaid,95.88,-9.36,5.66,0.48
9fc3edbd-ca75-4599-b70e-e6f04b0a2008,2025-07-30,CUST-909953,139.85,5174.45,2026-03-10,170.68,2026-04-20,26.18,0,27.35,19.03,33.09,Premium,4.47,2.75,85.12,6.43,Enterprise,99.76,-8.03,2.44,0.3
eae4b110-d1e7-4190-a016-b9164fe0f348,2026-01-10,CUST-331090,43.74,2580.6600000000003,2025-10-30,160.91,2026-05-31,0,0,20.13,12.12,38.96,Family,4.63,4.42,150.39,8.22,Enterprise,99.65,-1.73,18.25,0.13
ad2ff863-a51b-410f-82fd-21523e99f5ca,2026-06-08,CUST-313050,82.01,1148.14,2026-03-16,196.69,2026-07-02,0,2,17.29,9.16,17.61,Basic,2.93,4.67,173.8,10,Enterprise,95.9,-5.6,12.35,0.4
fa843967-81f5-4137-b6a4-313a00d6f919,2026-01-19,CUST-527322,100.17,3706.29,2025-09-20,84.93,2026-05-23,0,1,24.64,13.17,13.35,Enterprise,0.98,9.69,177.61,8.24,Enterprise,97.86,-4.28,6.11,0.14
a4a6f7cf-c60b-4a49-810b-1ea59cee7f48,2026-06-27,CUST-768872,100.03,5101.53,2026-07-22,36.6,2025-09-09,0,0,8.66,6.08,49.59,Premium,3.17,-3.28,125.98,5.15,Postpaid,98.54,-4.36,8.08,0.11
71cd1f71-d336-4dc5-bbfc-12b47e2cfdcf,2026-06-02,CUST-640437,119.41,1791.1499999999999,2026-03-01,85.69,2026-07-16,0,1,43.17,16.81,32.66,Enterprise,2.84,8.17,64.47,2.1,Prepaid,98.64,-5.02,13.28,0.47
41a1afcc-5dc9-4fb9-b236-ea57df54a482,2025-11-03,CUST-238395,28.76,517.6800000000001,2026-03-28,127.26,2025-08-19,0,1,32.09,11.58,34.39,Premium,1.02,-0.83,61.23,8.58,Postpaid,96.59,-9.39,18.35,0.14
3666ccff-ca4d-41e9-a469-5cf9584b12f2,2026-06-05,CUST-928933,77.67,4504.86,2026-01-19,72.24,2025-11-01,0,2,6.4,8.28,10.69,Enterprise,3.12,5.36,61.16,5.58,Enterprise,98.63,-4.28,1.75,0.1
0bb32038-ca89-4ba4-bf1b-0e4192f2d502,2026-01-28,CUST-472832,144.63,6363.719999999999,2025-10-01,35.27,2025-12-12,0,2,2.81,27.84,33.94,Enterprise,3.58,1.6,119.33,9.37,Enterprise,99.41,-4.63,6.09,0.49
d6313a8a-c308-4ec9-8c73-172d7f521f22,2025-08-13,CUST-387199,146.79,3669.75,2025-12-04,178.84,2026-02-15,0,1,35.59,10.91,36.13,Family,3.43,0.25,158.45,4.58,Prepaid,97.86,-0.05,1.46,0.47
6ea1ee18-893b-4e19-bb37-a4bf561425ea,2025-10-30,CUST-277749,101.26,5873.08,2026-04-29,138.89,2026-06-09,0,0,1.48,4.93,22.33,Basic,4.47,5.32,127.1,7.74,Enterprise,98.79,-2.55,13.42,0.28
64ec6ae9-1544-46a3-ba9d-a2af8d7cae57,2026-02-27,CUST-324995,98.4,2853.6000000000004,2026-04-03,165.78,2025-09-09,29.66,2,40.36,25.21,39.52,Family,3.71,-0.55,96.78,8.93,Enterprise,95.96,-7.06,11.52,0.35
07b64482-b1a9-4b57-9840-0eb3d6effb6e,2025-08-22,CUST-333730,107.99,4427.59,2025-10-08,130.66,2025-12-21,0,1,27.76,13.93,11.08,Family,2.82,8.19,162.18,3.78,Postpaid,96.44,-6.95,15.56,0.38
85e6ff71-00da-4d44-bbb4-7de488b2ef7c,2025-11-13,CUST-591534,64.94,1948.1999999999998,2026-02-04,180.57,2025-08-16,0,1,40.09,1.78,30.93,Premium,3.02,0.34,187.92,4.15,Enterprise,97.2,-0.38,15.03,0.23
5bf97977-565d-4014-b939-50c3fe8eed1e,2026-02-19,CUST-241814,42.5,2380,2025-12-18,110.91,2026-06-22,0,1,1.46,12.02,47.69,Family,3.64,8.4,153.69,9.05,Prepaid,99.67,-4.49,16.54,0.18
d4e7e6fc-1f6d-4748-b308-3355748ae626,2025-09-18,CUST-551340,69.51,3545.01,2026-03-25,94.39,2026-06-17,18.51,0,16.81,17.52,13.88,Basic,1.41,-0.64,170.15,7.59,Postpaid,97.54,-5.2,5.44,0.28
03d1b8e5-ffd8-4bd9-b997-af91cd7b16cd,2026-06-13,CUST-608358,76.54,1071.5600000000002,2026-07-04,20.11,2025-12-03,0,0,31.77,7.46,48.38,Enterprise,1.14,9.81,95.6,4.01,Enterprise,95.58,-7.7,10.52,0.39
e2901237-8a33-495c-a5a8-05b94910d4af,2026-04-08,CUST-255748,20.5,553.5,2025-10-01,160.18,2026-02-20,0,1,19.7,29.19,17.86,Premium,0.55,2.5,101.43,6.57,Postpaid,98.42,-0.2,18.52,0.48
f24385d3-9402-48b3-acc2-a4a8fba949ca,2025-07-25,CUST-446456,39.1,1994.1000000000001,2025-10-25,60.72,2026-06-11,0,1,28.14,0.27,19.39,Premium,3.13,4.34,175.29,7.76,Postpaid,96.64,-7.14,7.68,0.26
93b1dc1a-81a0-46b8-ac67-21560ec58968,2025-10-30,CUST-343499,134.69,7542.639999999999,2025-11-06,176.9,2025-08-26,0,2,26.37,19.42,13.03,Family,2.68,6.42,197.17,3.16,Prepaid,95.07,-6.77,7.8,0.44
41303aea-b84e-46c6-b8d8-15e49980172b,2025-08-27,CUST-847987,22.13,641.77,2025-12-26,71.34,2026-06-25,8.26,1,16,28.4,19.6,Enterprise,4.69,3.26,126.03,1.55,Prepaid,99.04,-4.48,5.62,0.24
fcc4c490-ee51-4706-b655-761a07f8fbcf,2025-12-18,CUST-735383,86.99,1826.79,2026-01-22,187.85,2026-04-07,18.74,1,13.53,4.7,43.37,Basic,1.76,-1.01,149.7,6.06,Prepaid,95.42,-5.49,19.5,0.2
67e35d4a-7e79-44b1-aa13-2d67bd283de4,2025-11-29,CUST-473814,135.17,6623.329999999999,2026-05-05,76.07,2025-10-20,12.84,1,3.84,16.93,30.12,Premium,3.26,8.78,39.62,3.58,Prepaid,97.32,-9.41,18.79,0.11
b41edd7f-ee8c-4114-a1b4-0071224d5355,2025-09-25,CUST-665736,148.5,8464.5,2025-10-09,128.15,2026-06-14,0,0,1.87,15.46,25.79,Premium,2.23,7.17,73.91,6.27,Prepaid,99.57,-6.73,18.4,0.34
fd19ff9d-c734-4efb-b7e8-3ec32113521a,2025-09-04,CUST-985990,135.62,3661.7400000000002,2026-01-19,152.78,2026-07-16,25.18,1,22.82,28.82,21.32,Premium,4.47,9.92,63.35,8.13,Prepaid,98.5,-3.33,0.7,0.33
f7207ad0-d134-45a9-b355-f54053f4842d,2025-12-07,CUST-302962,79.44,1191.6,2026-07-22,170.33,2026-05-22,0,1,25.45,11.13,45.76,Premium,2.17,1.01,37.65,6.45,Postpaid,97.88,-6.41,9.8,0.27
1c92ea9e-d046-41e4-b9d8-bd6b04457c9a,2025-12-28,CUST-371840,97.97,2547.22,2026-02-09,66.98,2026-06-21,0,0,33.85,7.37,25.8,Enterprise,2.52,6.19,98.15,8.12,Prepaid,99.24,-0.81,17.27,0.36
e49f1861-30bb-4362-9744-75fc29510753,2026-02-06,CUST-689646,72.84,4006.2000000000003,2025-10-31,163.2,2026-07-07,0,0,36.71,4.63,32.03,Enterprise,0.8,-1.79,52.6,0.81,Enterprise,99.52,-6.31,14.6,0.42
92e0d6c9-5bbc-413c-aa70-98331f424808,2025-10-27,CUST-343104,41.26,1815.4399999999998,2025-10-31,117.6,2026-04-02,0,2,5.35,25.55,29.72,Premium,1.68,5.67,98.43,1.57,Postpaid,98.99,-0.85,17.97,0.14
d443f6bf-bb0d-454b-93c6-493396179926,2026-05-24,CUST-259348,108.18,6058.08,2026-02-23,85.18,2026-02-26,0,0,1.47,5.37,11.25,Basic,4.76,2.71,53.46,0.57,Enterprise,97.35,-4.36,19.34,0.39
f61783f8-2936-45a9-b238-9f6901c418e5,2025-07-29,CUST-179235,29,812,2025-10-23,133.9,2025-09-05,28.49,2,31.26,12.47,47.34,Basic,2.06,8.68,167.18,1.6,Prepaid,98.35,-2.47,10.74,0.33
bd4496fc-735f-4722-b2c8-b56183d327d9,2026-02-21,CUST-893780,149.96,4648.76,2026-04-16,109.84,2026-07-09,0,1,32.13,22.7,13.24,Family,2.88,6.39,32.52,8.96,Prepaid,99.32,-3.04,10.27,0.31
5cf6d24d-35cf-41c5-b959-59336f3e3357,2025-10-14,CUST-205913,67.45,876.85,2025-11-14,124.66,2026-01-18,0,2,15.81,7.38,41.6,Family,4.68,-1.14,123.74,9.7,Postpaid,99.48,-1.17,12.29,0.31
e165e323-c9ff-470f-bfbe-a049974216aa,2025-09-15,CUST-825314,56.37,2874.87,2025-11-05,66.91,2025-12-02,0,2,4.54,14.08,26.61,Enterprise,2.49,-2.19,193.43,0.46,Prepaid,98.01,-0.21,18.43,0.41
9b210a4c-5403-407b-b6ca-7e737a4b3668,2026-07-16,CUST-628635,74.12,3854.2400000000002,2025-12-26,198.15,2025-12-14,0,1,31.68,12.07,43.88,Premium,3.48,5.86,77.72,2.49,Prepaid,97.44,-3.34,8.18,0.46
bbabbcf8-b51b-4ddd-acf2-f646fa9deef6,2026-03-23,CUST-137967,66.74,1067.84,2026-03-14,192.67,2025-12-24,0,1,4.02,19.97,48.9,Enterprise,1.14,-0.18,188.73,7.93,Postpaid,97.05,-6.78,13.84,0.27
3108086e-0f4d-4619-bd81-fdc1cc63dda2,2026-04-02,CUST-815281,113.64,2954.64,2025-11-09,66.21,2025-10-24,0,1,25.15,7.81,17.7,Family,1.63,3.08,88.37,5.7,Postpaid,99.44,-0.6,10.38,0.14
78f2a682-a928-45b0-b1d6-d276dab447c7,2026-01-11,CUST-367351,92.33,1200.29,2026-04-02,85.54,2025-08-27,0,2,21.82,10.16,46.72,Premium,4.52,5.4,105.89,8.33,Prepaid,96.87,-8.39,14.36,0.32
1af808b1-3f9f-440e-a1a0-6c68182fb836,2026-07-05,CUST-656644,26.44,1533.52,2026-06-03,162.48,2025-10-04,49.56,1,28.36,9.83,32.56,Premium,1.13,-0.88,29.25,5.9,Prepaid,96.7,-0.13,14.43,0.23
d06de9e9-45f9-4330-b45c-b9d93eec937e,2026-05-13,CUST-431760,49.34,986.8000000000001,2026-06-08,163.31,2026-06-29,0,2,28.12,8.25,43.36,Basic,1.91,7.71,192.43,3.25,Prepaid,99.84,-4.92,12.61,0.28
84a0d2e8-6dce-475e-8806-086bfd2d2604,2026-03-12,CUST-507003,103.45,4241.45,2025-12-26,198.1,2026-02-19,0,1,13.76,10.26,22.15,Enterprise,4.91,3.44,133.1,9.32,Prepaid,97.57,-4.29,11.78,0.15
f53ffb2d-3f20-40f6-b19f-e21dbda15eb7,2025-12-10,CUST-881475,49.27,1625.91,2025-10-28,130.58,2026-05-28,0,2,5.72,26.47,46.68,Family,2.23,3.43,146.76,7.92,Prepaid,98.56,-5.66,17.71,0.29
f92ee616-5126-43fb-ac87-522a551abbda,2026-06-28,CUST-288501,126.22,5932.34,2026-04-16,55.99,2026-05-29,0,1,37.52,26.05,32.32,Family,3.99,-4.04,65.35,3.86,Prepaid,95.29,-1.89,13.24,0.17
3c82d189-7fb4-4024-a055-00cbbf1c4ce5,2026-05-31,CUST-952331,125.43,4390.05,2026-07-12,147.63,2025-10-11,0,0,48.67,24.12,25.98,Premium,1.94,-3.35,26.16,2.83,Prepaid,95.86,-3.27,16.22,0.48
51960110-1cde-451c-a01d-ced4d31b760e,2026-04-12,CUST-598711,75.05,2701.7999999999997,2026-06-08,136.81,2026-05-30,0,1,14.08,9.26,21.85,Basic,4.26,8.88,75.01,7.45,Postpaid,98.63,-4.6,18.86,0.39
ec1aecde-ff15-41bf-96dd-749339456dc6,2025-07-29,CUST-880182,126.19,1766.6599999999999,2026-05-08,143.26,2026-07-10,0,0,18.97,8.38,25.8,Premium,0.19,-0.87,35.44,3.36,Prepaid,96.77,-7.56,16.81,0.49
647d29f7-5490-43a8-bd05-1ddcaabc935c,2026-01-12,CUST-712800,89.41,3129.35,2026-07-04,27.29,2025-12-01,0,2,37.27,4.94,11.53,Premium,1.92,2.02,178.65,8.43,Prepaid,96.37,-6.38,11.46,0.27
445d7b63-0976-4e9d-99b3-f3502a3580bd,2026-07-05,CUST-821055,29.6,976.8000000000001,2026-05-20,85.34,2026-06-15,39.79,1,9.47,3.63,25.94,Family,1.79,5.08,132.02,5.85,Enterprise,99.35,-4.45,17.79,0.43
c1dfdf6a-198e-47de-9482-63515ad21ef7,2026-07-04,CUST-133605,40.34,1895.9800000000002,2025-08-15,130.99,2026-01-26,0,1,7.89,20.17,25.42,Basic,3.07,3.08,78.31,4.95,Enterprise,97.74,-0.13,5,0.14
ec63674f-87ec-402c-b690-0b46c58969d6,2025-09-29,CUST-481718,55.24,662.88,2026-03-07,195.24,2026-05-16,0,1,8.79,2.94,10.86,Enterprise,0.35,-2.07,61.79,1.17,Postpaid,97.87,-5.41,15.99,0.18
4781b222-20aa-4210-b771-8cb76188d067,2025-11-13,CUST-809381,24.78,396.48,2026-06-05,61.33,2026-01-27,0,1,3.23,28.7,19.72,Enterprise,4.38,0.39,123.97,1.14,Prepaid,97.99,-4.28,13.62,0.3
9eab4ff7-4b7a-4bfd-a910-7a998c0389c3,2025-08-12,CUST-575393,69.86,3632.72,2026-07-25,176.15,2025-08-26,0,1,27.24,12.61,12.8,Enterprise,4.99,-2.29,28.68,4.79,Postpaid,95.08,-7,19.26,0.27
9c929488-5033-4d39-b1a1-e04914e8517d,2025-08-05,CUST-743329,58.63,3107.3900000000003,2026-01-12,172.03,2025-12-10,48.23,1,28.81,21.55,37.87,Enterprise,2.12,-4.63,175.26,8.87,Postpaid,98.32,-5.69,16.89,0.11
747c8c99-f29b-457a-aab7-0844b8a646c0,2026-03-10,CUST-943871,58.9,2768.2999999999997,2026-01-14,132.57,2026-06-24,0,0,20.23,25.28,12.07,Premium,2.55,-0.06,147.72,2.62,Postpaid,99.86,-4.36,17.27,0.23
34d5ddeb-ce72-46c9-bf91-da41ffd796d2,2025-11-17,CUST-570710,110.71,2103.49,2026-01-26,135.23,2026-02-08,0,0,1.12,28.87,36.67,Family,0.31,0.63,197.05,8.88,Postpaid,98.41,-0.76,0.61,0.16
bf575043-9848-456c-b7f6-78f70867f886,2025-11-26,CUST-554584,139.96,7417.88,2026-07-23,42.77,2026-04-11,0,2,40.3,5.65,10.33,Enterprise,4.82,-4.05,171.93,8.52,Postpaid,96.06,-0.43,12.26,0.44
2ddc06d6-7fda-497d-8f3d-7df8bf797c82,2026-05-27,CUST-242964,30.93,556.74,2025-08-15,69.64,2026-05-10,0,1,28.78,10.09,29.08,Basic,1.16,5.64,52.01,7.18,Prepaid,98.11,-9.88,10.01,0.24
cc27512e-84a3-471b-b24f-62b54333fd93,2025-09-12,CUST-472889,66.64,3065.44,2025-08-01,169.44,2025-09-27,32.61,1,1.74,13.91,11.88,Enterprise,3.32,9.54,124.99,9.73,Prepaid,97.94,-0.93,1,0.22
8b1ac536-5bd4-4ae9-afb2-be29e6fd5cbf,2026-06-06,CUST-681517,117,4212,2025-09-11,43.72,2026-05-24,0,2,31.53,9.57,19.29,Enterprise,2.82,-3.82,75.08,7.8,Enterprise,98.05,-2.12,9.02,0.48
8af532db-48f5-47bd-9790-362080028e6b,2026-07-17,CUST-647724,43.52,2393.6000000000004,2026-01-12,54.41,2026-05-03,0,1,9.48,3.72,19.12,Basic,4.76,-4.71,35.43,2.57,Prepaid,97.65,-6.92,8.39,0.12
c51827cd-7b9a-439c-a176-cab72f061f8c,2026-05-31,CUST-179216,97.78,2542.28,2026-05-30,93.09,2025-12-10,0,0,0.42,9.64,31.81,Basic,3.76,6.15,154.44,1.68,Postpaid,97.35,-8.12,12.19,0.2
43653efa-3cdc-4d57-ba93-78c53b900844,2026-03-22,CUST-876839,142.27,6259.88,2026-04-28,195.87,2025-08-05,0,1,1.51,21.48,11.75,Basic,2.14,8.56,114.71,1.7,Enterprise,96.9,-0.11,16.71,0.22
67157cba-3468-4035-be12-01d0294c4304,2025-10-12,CUST-158937,136.4,3410,2026-02-05,95.58,2026-03-04,0,1,26.37,29.13,16.72,Premium,4.8,-3.43,171.37,5.83,Enterprise,95.9,-1.24,15.23,0.12
317bd644-19d3-465d-9882-56f5c0017885,2025-08-24,CUST-750051,40.71,2157.63,2026-02-12,158.28,2026-05-05,43.02,2,31.74,5.36,33.16,Family,2.26,0.24,161.01,2.68,Postpaid,99.05,-0.69,17.24,0.42
a8b6a37c-5d8c-4c14-b4a5-7bc2ae713b5d,2026-06-02,CUST-384732,32.23,418.98999999999995,2025-07-25,116.57,2026-05-08,0,0,10.38,6.76,45.53,Premium,1.74,4.1,85.21,3.2,Enterprise,99.4,-4.98,18.28,0.12
99f5e494-1992-4425-8815-3338f3355953,2025-09-20,CUST-392958,58.44,2863.56,2025-11-12,82.93,2026-05-31,9.55,1,17.62,7.33,42.73,Family,2.09,-4.07,146.91,3.27,Prepaid,97.77,-8.41,5.83,0.42
c9559962-8c0a-4aa3-b67b-2315ad2d6ad6,2026-03-02,CUST-872035,41.01,2460.6,2026-04-23,146.11,2026-03-31,0,2,41.81,29.87,11.15,Enterprise,1.55,-0.1,28.63,5.65,Enterprise,98.38,-7.62,7.16,0.39
ba2c7bba-69a8-4e3b-82ee-2becaa68f985,2026-03-15,CUST-474916,104.53,1881.54,2026-01-07,47.66,2026-07-15,7.34,1,34.58,15.54,33.96,Basic,2.14,5.91,151.56,0.23,Prepaid,96.12,-8.96,9.86,0.13
3ad1e15c-822a-493a-961d-7054f50212d0,2026-06-10,CUST-555227,49.87,2593.24,2025-09-28,25.72,2025-07-26,0,1,23.22,0.5,12.64,Enterprise,1.67,-3.87,195.14,4.79,Prepaid,98.28,-7.25,0.13,0.39
d7616dca-40a3-4c07-87cd-bf4c39bd5812,2025-09-07,CUST-740060,92.81,3619.59,2026-03-29,152.99,2026-03-22,0,2,41.94,21.52,44.86,Premium,3.63,5.66,92.61,1.3,Enterprise,95.81,-8.11,4.32,0.16
cf1a00be-39ff-4344-876f-f82be5ceee1e,2026-07-03,CUST-797808,121.74,6208.74,2026-02-18,182.07,2026-05-13,25.72,2,13.2,28.27,19.85,Family,0.78,1.8,188.69,5.9,Prepaid,95.5,-8.92,5.28,0.46
fef76535-5197-4990-8c0f-9302dd114589,2026-06-12,CUST-109735,36.24,1594.5600000000002,2026-05-01,129,2026-06-24,0,2,43,12.42,34.8,Enterprise,3.6,0.16,25.66,2.14,Enterprise,99.18,-5.27,14.87,0.3
cba7b6b7-6b65-424b-9af3-3a6713e1e841,2026-01-28,CUST-283239,62.08,3476.48,2026-07-11,160.17,2025-10-31,0,2,40.66,4.75,49.11,Basic,0.69,0.46,198.73,5.02,Prepaid,98.69,-9.14,18.58,0.2
4e248c88-045f-43f0-af16-e8628a1cf3b1,2026-07-02,CUST-293406,127.27,4836.26,2026-01-18,103.13,2026-02-03,0,1,15.44,17.26,34.32,Family,1.74,-4.43,131.61,0.16,Enterprise,95.13,-1.27,1.86,0.2
587b9de0-6f38-48a4-a7b3-1489ecc8675d,2025-10-29,CUST-381363,26.1,730.8000000000001,2025-12-01,117.31,2025-10-25,0,2,10.15,20.85,37.26,Premium,0.7,0.88,183.49,4.43,Postpaid,97.76,-2.8,11.8,0.46
6e618868-24f2-4334-a0de-7926ec20277c,2025-12-17,CUST-724970,54.86,2523.56,2025-11-21,187.1,2025-08-18,7.41,2,11.5,25.09,17.59,Basic,0.48,6.23,81.79,2.4,Prepaid,98.97,-6.76,9.31,0.27
4ee8d25c-6257-4e28-bca3-397c0bbff039,2026-02-23,CUST-548192,103.36,5684.8,2026-06-27,92.78,2025-12-26,9.81,1,14.01,1.32,37.72,Premium,0.5,4.67,116.07,3.41,Prepaid,99.57,-2.71,6.28,0.18
63423c84-78b8-49de-a7be-574763ebbe43,2026-06-06,CUST-671438,87.49,1137.37,2025-10-03,63.75,2025-10-03,0,1,41.16,15.6,32.02,Family,2.53,8.92,71.32,2.59,Prepaid,96.34,-8.57,1.89,0.29
bc2dab2a-ab45-4f0d-8d35-6ea8ac9d3272,2026-03-13,CUST-372095,121.72,6329.44,2025-08-18,179.53,2026-04-15,0,1,0.38,2.47,34.46,Premium,4.63,3.61,128.7,2.63,Enterprise,95.64,-1.37,10.43,0.44
c5cc6e14-c475-4de8-a940-8156d8728743,2026-03-09,CUST-908883,134.14,1743.8199999999997,2026-01-05,56.96,2026-02-23,0,1,40.35,19.98,42.66,Family,2.79,7.18,123.97,3.88,Enterprise,95.64,-4.05,17.4,0.38
04996090-3a46-4a70-9550-263adf97e41c,2025-08-02,CUST-594972,23.07,299.91,2026-03-01,65.43,2026-06-08,0,1,36.81,12.05,15.85,Premium,0.64,5.36,138.28,6.32,Postpaid,96.33,-9.56,14.46,0.49
244c29f4-1d80-4fd8-9495-b31daa4886f0,2026-03-28,CUST-556359,88.45,3803.35,2026-04-15,70.01,2026-03-05,26.2,1,9.68,7.32,29.97,Basic,3.62,-1.45,140.28,2.17,Prepaid,95.08,-2.37,5.23,0.15
dd93d0a4-8c6f-4eba-8d6e-b8e90ccd87e8,2026-02-24,CUST-975032,99.55,3185.6,2026-06-13,146.19,2026-06-19,0,1,28.34,21.04,25.87,Basic,3.66,3.34,112.51,2.4,Postpaid,96.82,-9.34,1.24,0.23
add2fc56-ea09-4f49-932e-677a0f65ce03,2025-12-01,CUST-115047,34.96,734.16,2025-07-31,23.01,2026-02-21,0,2,20.22,10.12,14.91,Premium,1.91,-3.3,131.24,6.47,Postpaid,98.37,-5.22,18.41,0.34
87837a91-f6b8-44c5-b277-be0e29d3c777,2025-08-22,CUST-900756,69.3,1455.3,2025-11-08,168.07,2026-01-17,0,1,1.82,26.18,39.39,Enterprise,4,4.63,148.24,6.18,Postpaid,98.06,-6.05,19.49,0.29
91457f68-08a0-467a-bb71-ceff6ec8e782,2026-03-24,CUST-860434,113.53,5790.03,2026-03-14,45.83,2025-10-24,0,1,20.64,28.49,37.58,Basic,1.41,5.2,97.6,7.01,Postpaid,95.68,-1.01,4.96,0.2
c91785a6-81d0-4546-bb50-8c2244d71cce,2026-04-18,CUST-486685,47.96,1534.72,2026-01-07,136.39,2026-07-04,0,0,6.71,26.85,32.53,Basic,0.37,5.66,32.64,3.67,Enterprise,97.91,-9.54,15.31,0.49
12e36133-39d0-4d4d-982f-d2e35fb36b08,2026-07-22,CUST-909158,59.65,1252.6499999999999,2025-11-24,90.53,2025-08-24,15.6,0,34.55,26.46,15.13,Enterprise,2.26,0.9,96.17,5.84,Prepaid,97.47,-1.9,18.92,0.42
4456de45-11d5-4235-829b-a1041220ea20,2026-04-25,CUST-840862,85.59,1968.5700000000002,2025-12-21,93.35,2026-07-20,0,2,0.37,29.49,45.17,Premium,4.2,5.89,169.04,7.47,Postpaid,98.64,-4.86,0.89,0.24
c0b5643e-c656-41ba-98b0-007218a0299c,2025-10-22,CUST-628467,137.25,3980.25,2026-06-07,146.19,2025-07-30,0,0,38.65,18.31,17.54,Enterprise,2.47,8.3,112.4,9.3,Prepaid,98.26,-6.07,11.15,0.11
0995ec1d-065c-4679-94e5-0150f874eef9,2026-07-14,CUST-352200,87.16,3137.7599999999998,2025-10-27,189.73,2025-09-09,0,1,24.42,28.05,23.09,Premium,2.41,1.73,113.12,8,Prepaid,97.33,-6.87,8.22,0.38
9ba0579c-b41a-4811-898a-622b024e8f03,2025-09-19,CUST-684651,123.77,6312.2699999999995,2025-08-06,99.69,2026-01-02,0,2,14.48,4.51,35.4,Family,3.62,0.81,152.16,8.84,Postpaid,99.99,-0.61,5.56,0.26
c824e49a-14eb-4691-9c00-67296af1586d,2025-08-03,CUST-980477,119.47,3106.22,2026-01-21,151.7,2025-07-27,10.04,1,37.49,13.13,21.55,Premium,1.88,8.07,39.07,3.89,Prepaid,96.35,-7.23,18.1,0.48
b0b06129-3580-4d59-890a-188b482321e1,2025-08-04,CUST-898216,94.02,2162.46,2026-04-06,109.36,2026-01-20,0,1,38.85,15.28,26.1,Basic,4.93,7.15,120.44,2.63,Postpaid,98.88,-4.64,8.25,0.13
34f76b71-a8a3-4116-a32a-1480a0ad4cdb,2026-03-30,CUST-155334,50.29,905.22,2025-09-26,113.22,2025-12-04,0,1,6.14,8.07,48.24,Premium,4.96,4.34,138.56,8.97,Postpaid,98.47,-5.5,1.57,0.2
e2cd785b-3230-4c3c-ae53-5a9a5de57176,2025-11-25,CUST-825204,40.05,921.15,2025-12-22,174.93,2025-11-12,0,1,46.74,20.07,14.89,Premium,1.7,2.04,62.91,9.25,Enterprise,98.72,-3.83,15.63,0.23
4975482d-5e7d-4b04-818d-2c7d56dc1c98,2025-10-16,CUST-523491,62.44,3496.64,2025-11-02,189.7,2026-04-19,0,1,41.64,21.81,11.44,Premium,1.49,-0.51,96.95,9.63,Enterprise,96.43,-3.28,13.45,0.15
8e7fc07c-042d-49ab-b28d-760db4ed66c0,2025-08-04,CUST-727101,54.28,2985.4,2026-05-07,44.22,2026-05-27,0,1,25.95,3.43,29.42,Premium,4.09,-0.58,59.5,3.44,Prepaid,97.14,-0.06,5.11,0.26
12e16d93-1809-46f2-80d6-a2b785c0a891,2025-11-07,CUST-561579,46.43,2321.5,2025-08-12,41.67,2026-03-13,0,1,5.29,3.79,33.21,Enterprise,3.45,-2.4,115.69,5.43,Postpaid,99.12,-7.55,4.47,0.39
624615f9-85eb-4f67-9936-813f9735e8f3,2026-04-10,CUST-639758,126.13,5423.59,2026-02-19,169.54,2026-04-02,39.32,1,17.21,10.07,34.35,Family,3.2,2.63,172.04,5.84,Postpaid,99.34,-9.44,8.17,0.21
5cfeabf9-d06d-45df-9c04-ff8632c9be69,2026-05-29,CUST-464079,38.2,764,2025-10-09,173.78,2025-07-28,0,1,38.63,3.53,32.42,Premium,1.44,8.08,106.28,9.22,Postpaid,99.71,-6.29,6.96,0.46
