Record_ID,Date,Customer_ID,Call_Duration_Minutes,Number_of_Calls_Inbound_Outbound,SMS_Sent_Received,Data_Usage_GB,Data_Session_Count,Peak_Hour_Usage_Time,Streaming_Services_Accessed,International_Usage_Voice_Data,Wi_Fi_Offloading_Ratio,Hotspot_Usage_Yes_No,Hotspot_Usage_MBs_shared,Voice_over_IP_VoIP_Usage_Minutes,Data_Usage_by_App_Category,Peak_vs_Off_Peak_Usage_Ratio,Average_Call_Hold_Time_Seconds,SMS_Delivery_Success_Rate,Data_Throttling_Instances,Cloud_Service_Usage,Gaming_Data_Consumption_GB,Multi_Device_Usage_Patterns,Roaming_Data_Usage_by_Country
c650975c-1629-4f18-a322-74fe6cf60a23,2025-11-07,CUST-477663,297,27,188,47.66,32,20:00-22:00,YouTube,88.77,0.3,No,0,48,News,1.1,34,99.89,2,Yes,7.27,Single,N/A
81950d17-e291-45c2-b48d-be4f0992fb8f,2026-06-21,CUST-960610,143,40,9,2.25,45,12:00-14:00,Spotify,37.74,0.86,No,0,59,Maps,0.6,21,95.38,2,No,7.44,Single,N/A
a9c5ef17-e1f4-4d90-ac74-6742ca6eebb6,2025-09-15,CUST-413735,24,4,46,18.78,33,18:00-20:00,None,69.66,0.82,No,0,8,Social,1.76,8,98.43,4,Yes,7.81,Multiple,N/A
2eb3a4ae-91a5-4e7b-9083-af72cb8508dc,2026-03-01,CUST-311470,143,28,192,41.51,31,12:00-14:00,Spotify,87.24,0.67,No,0,37,News,1.52,57,98.38,3,Yes,7.41,Single,N/A
51b935a9-01fb-4cf3-a2e3-a230c50392f8,2025-12-07,CUST-256418,216,35,136,48.79,44,12:00-14:00,YouTube,16.82,0.49,No,3635,14,Productivity,1.56,8,98.92,0,No,0.94,Single,N/A
93af83a9-a84b-4c25-acd5-93a9c582b33d,2026-05-19,CUST-418249,182,10,194,1.76,29,08:00-10:00,Netflix,75.15,0.3,No,0,5,Maps,0.87,12,97.67,1,Yes,9.43,Multiple,USA
89748efa-191f-4b60-a2d1-3e116629b777,2025-08-03,CUST-757966,137,17,180,1.87,15,12:00-14:00,Netflix,14.61,0.75,Yes,0,58,Social,1.47,58,98.18,2,No,8.9,Single,N/A
f79d5f2c-001d-4b40-b1fa-6143c76a13dd,2026-01-09,CUST-923645,259,25,117,31.44,39,18:00-20:00,Netflix,18.81,0.72,No,0,39,Gaming,1.9,43,98.84,3,No,5.22,Multiple,N/A
881b3612-5547-4d32-91de-eb7eaeebdfba,2026-06-03,CUST-151254,201,49,63,12.87,46,20:00-22:00,YouTube,7.73,0.22,No,0,22,Maps,0.81,55,98,2,No,4.73,Single,N/A
dec8f821-0d43-4c91-884c-fea75d4ff361,2025-10-02,CUST-574399,96,33,14,34.56,23,20:00-22:00,YouTube,32.84,0.48,No,0,20,Social,1.66,42,96.24,3,No,5.13,Multiple,N/A
dcc23ed0-2cda-494c-b814-d26fe6b22ff5,2026-02-01,CUST-284795,213,9,42,15.29,23,20:00-22:00,YouTube,93.28,0.87,Yes,0,18,Gaming,1.15,38,95.71,1,No,7.26,Multiple,Germany
4813e58a-e0fc-4185-9d2f-953e177113ca,2026-02-01,CUST-877999,151,44,79,9.33,10,18:00-20:00,YouTube,86.68,0.78,No,0,58,Maps,1.21,18,95.37,5,No,2.32,Single,Mexico
7849f6fc-0c29-4f5c-a03d-09c661629131,2026-02-12,CUST-897432,25,19,75,29.81,37,20:00-22:00,None,29.08,0.61,No,0,6,Streaming,1.79,54,99.16,5,No,0.93,Single,N/A
d9ad52d4-5f35-49ac-8307-5c971c26318c,2026-02-21,CUST-131412,55,26,40,48.72,24,08:00-10:00,None,83.76,0.25,No,0,24,Social,1.78,58,97.64,1,No,7.11,Multiple,N/A
96f42465-0992-462b-9a63-c3e4b9f95bde,2026-03-29,CUST-265055,102,18,130,33,29,08:00-10:00,None,60.62,0.27,No,8806,52,News,0.94,21,98.59,0,No,5.32,Single,N/A
bb5498a5-cfbb-446a-81c9-244e86cbf83e,2026-03-06,CUST-579792,168,5,85,25.78,6,12:00-14:00,None,92.54,0.49,No,0,18,Maps,1.52,11,95.44,2,No,7.17,Multiple,N/A
c81b8b98-9773-416d-a7d6-44b243926fe6,2026-04-12,CUST-378686,193,44,185,9.09,12,12:00-14:00,None,49.86,0.66,Yes,0,5,Social,1.89,54,95.77,2,No,4.77,Single,N/A
e31e8ef0-7222-44a7-8a31-f5588a902cee,2026-05-09,CUST-407043,143,23,199,2.99,39,18:00-20:00,Spotify,60.73,0.51,No,0,23,Social,1.57,16,99.5,4,No,2.51,Multiple,N/A
31e6d93a-02b0-4718-b627-b4f3f34b6908,2025-08-11,CUST-119287,57,8,175,37.56,12,08:00-10:00,Spotify,68.94,0.84,No,0,4,Maps,1.58,37,98.68,4,No,8.86,Single,Japan
1a4b1074-0bb6-4180-a324-9e9bdd37ac56,2026-02-25,CUST-946787,216,10,57,45.45,33,18:00-20:00,YouTube,40.86,0.8,No,0,23,Gaming,1.95,29,95.51,1,No,4.08,Single,N/A
4e80d69c-9920-4212-b427-edc95caba357,2026-04-23,CUST-363617,43,36,98,0.44,28,08:00-10:00,Netflix,68.85,0.29,Yes,353,24,Productivity,1,20,95.7,3,Yes,5.81,Single,N/A
457a4081-612d-44fd-8ec9-f11f07981bf1,2025-10-24,CUST-392947,83,35,70,46.53,22,12:00-14:00,Netflix,80.39,0.27,No,9147,58,Streaming,0.71,35,97.74,0,No,1.26,Single,N/A
e555b2ff-efac-49bd-b0cc-82f6b0f67a17,2025-10-04,CUST-234665,178,32,123,17.27,27,18:00-20:00,Spotify,26.6,0.53,No,146,51,Productivity,0.63,8,98.93,3,Yes,3.38,Multiple,N/A
bb125b91-d6af-46f4-8eca-c15192a78832,2026-02-06,CUST-737259,294,16,181,23.53,7,18:00-20:00,Netflix,9.19,0.18,No,0,33,Gaming,1.73,14,97.08,3,Yes,2.13,Single,N/A
0ec460a1-e177-43cd-aee7-f5fac421b156,2025-12-19,CUST-932102,115,40,197,2.66,23,08:00-10:00,YouTube,17.2,0.18,No,0,54,Productivity,1.15,46,99,0,Yes,8.16,Single,N/A
bbe3b6ea-ec12-438a-a177-181df9cd7c57,2025-11-10,CUST-438385,230,21,42,17.41,28,18:00-20:00,Netflix,52.66,0.75,No,0,37,Streaming,1.79,50,97.65,1,No,3.91,Multiple,N/A
70fbeff3-d6cc-4c61-b31b-29ed948c41b0,2025-12-02,CUST-409338,221,35,175,30.65,34,18:00-20:00,None,95.33,0.25,No,0,16,Social,0.85,54,95.43,1,No,2.84,Multiple,N/A
7c098ade-77e0-4797-b8b6-56a968c24f18,2025-12-22,CUST-890886,28,3,86,21.69,20,12:00-14:00,None,96.78,0.46,No,0,27,Productivity,1.52,20,97.85,2,No,2.17,Single,N/A
2014d8b0-58be-4f7b-9dca-6bce8fdbf781,2025-11-24,CUST-254791,78,31,18,14.1,34,18:00-20:00,YouTube,98.87,0.15,No,0,10,Streaming,1.06,11,96.72,3,Yes,9.46,Single,N/A
e51f3d99-bd3e-42d0-b32a-4d01af6e6f44,2026-02-17,CUST-322565,106,21,17,36.9,32,20:00-22:00,YouTube,81.92,0.64,No,0,4,Maps,1.8,21,99.01,1,Yes,1.17,Single,N/A
823c57a9-9059-4564-8ac1-7c66a08fff95,2026-01-15,CUST-547748,69,20,120,12.82,31,20:00-22:00,YouTube,61.69,0.65,No,0,41,Maps,1.18,12,97.85,1,No,8.82,Single,N/A
81ed0348-f8bf-4bc4-8a51-0bd7528ba4b7,2025-10-02,CUST-290303,91,29,70,14.98,46,08:00-10:00,None,2.45,0.13,No,0,7,Gaming,1.33,13,99.31,0,Yes,1.91,Multiple,Japan
1edc9827-e762-408f-ac7d-a70fb5f4a634,2026-06-15,CUST-254154,255,47,79,25.92,50,12:00-14:00,Netflix,37.78,0.72,No,0,48,Gaming,0.64,22,96.45,4,No,2.09,Multiple,N/A
00cc8846-591c-4add-befe-3a3cb52c1cd5,2025-10-01,CUST-990711,174,33,198,21.17,21,08:00-10:00,Netflix,79.97,0.43,No,1697,4,News,1.15,21,96.52,3,Yes,0.13,Single,N/A
6946d6e3-1933-4ca5-914f-6de8580f377b,2025-08-02,CUST-111388,49,34,131,32.21,21,12:00-14:00,None,27.37,0.32,No,0,7,Maps,0.98,5,98.76,3,No,2.51,Single,N/A
cfd1bb86-85e6-4fa9-b89a-95fb1c28dcd3,2025-12-02,CUST-950357,214,4,32,7.17,9,20:00-22:00,None,19.85,0.6,No,0,9,Maps,1.86,37,95.75,3,Yes,5.84,Multiple,N/A
cace7d8e-3625-41b7-a22d-5d5bc2a4bd0c,2025-08-01,CUST-356171,17,22,77,6.64,26,20:00-22:00,Netflix,33.14,0.24,No,0,8,Productivity,1.54,55,97.11,3,No,5.87,Single,N/A
42afde76-fe3b-462e-a2b3-b95480372b23,2025-09-09,CUST-381884,222,31,70,44.79,22,08:00-10:00,YouTube,96.21,0.35,No,0,55,News,0.76,15,98.83,3,No,6.67,Multiple,N/A
f40588d0-9676-47eb-991c-8bf1bbd22f87,2026-04-18,CUST-595330,122,6,100,36.38,42,20:00-22:00,Spotify,71.12,0.6,Yes,0,5,News,1.92,22,98.94,3,Yes,4.95,Single,N/A
96f87e0b-325e-47e6-907a-15b903372ce4,2026-05-05,CUST-958968,96,26,171,49.22,43,08:00-10:00,None,83.77,0.56,No,0,22,Gaming,1.98,29,98.41,4,Yes,8.35,Single,UK
2882a24c-f1c8-4b53-adbd-fd0d61c19186,2026-01-24,CUST-143002,20,35,66,32.74,33,18:00-20:00,None,39.6,0.81,No,0,46,News,1.1,50,97.57,2,Yes,1.32,Multiple,N/A
5c1f94bd-595d-4f53-92e3-b1e5211d7190,2026-05-05,CUST-977133,102,1,65,1.69,42,20:00-22:00,None,61.18,0.71,No,0,10,Productivity,0.75,48,97.19,5,No,1.41,Multiple,N/A
867b2372-0514-426b-9bf6-509db003f3b0,2025-10-01,CUST-990100,132,33,33,22.32,11,18:00-20:00,Netflix,9.51,0.82,No,0,9,Productivity,1.65,43,99.23,5,No,0.85,Multiple,N/A
9f98ca96-95c0-4145-a098-eae4ca1b3b0d,2025-11-06,CUST-879898,205,44,77,40.47,38,12:00-14:00,YouTube,17.55,0.25,No,0,35,Streaming,0.66,48,96.01,3,Yes,7.37,Single,N/A
e7656a05-9b1c-46d2-bfbd-1f377d08aea0,2026-02-04,CUST-267919,226,22,173,0.34,17,18:00-20:00,None,79.85,0.61,No,0,57,Gaming,0.85,49,98.51,4,Yes,7.4,Single,N/A
dc4792da-a98b-476e-a62d-4abf8616af6d,2025-09-11,CUST-180010,144,16,97,12.77,47,20:00-22:00,None,56.63,0.78,No,0,17,Gaming,1.51,19,96.12,4,Yes,9.82,Multiple,N/A
1cf6d6ee-437d-4758-9541-98b70b3ac316,2025-09-03,CUST-611654,222,8,132,33.95,32,20:00-22:00,Netflix,66.2,0.6,No,7205,0,Maps,1.34,31,98.75,2,No,7.56,Single,N/A
4ab88509-4c51-4886-ad59-9b048d2716cb,2026-01-20,CUST-421368,243,15,172,4.28,31,18:00-20:00,None,52.34,0.14,No,0,18,Social,1.14,22,97.71,2,No,1.97,Single,N/A
adcc846c-b66a-41de-b193-a5f245ba520d,2026-01-26,CUST-671650,56,14,199,43.62,46,12:00-14:00,YouTube,20.39,0.65,No,0,38,Productivity,1.38,30,99.71,3,No,9.97,Multiple,Japan
abac9968-8de3-48f8-9e3b-53da5d58547a,2025-10-08,CUST-616347,259,26,49,34.57,19,18:00-20:00,None,65.13,0.83,No,0,20,Productivity,0.74,15,95.83,4,No,9.83,Multiple,N/A
60dd9288-486e-4dca-bd40-30b5ec9f2bfb,2026-03-04,CUST-953375,257,27,169,5.21,27,08:00-10:00,Netflix,97.35,0.12,No,0,38,Streaming,0.95,35,98.72,4,No,6.93,Single,N/A
11170d55-055d-4533-937f-9c4a02d2bdf8,2026-05-17,CUST-987372,279,27,71,31.41,46,20:00-22:00,None,3.23,0.73,No,0,29,Gaming,1.25,10,98.24,1,No,3.16,Single,N/A
394fa3f6-c2a3-42fd-abf0-fbec4aec6e01,2026-01-24,CUST-930966,300,22,123,47.04,41,20:00-22:00,Spotify,29.67,0.8,No,0,17,Productivity,1.9,7,98.98,4,Yes,3.85,Single,N/A
dc172fbe-fab1-4def-a087-40c32c79bee8,2025-11-03,CUST-416801,275,7,194,18.04,42,12:00-14:00,None,25.87,0.26,No,0,57,Productivity,1.7,23,97.05,4,Yes,7.85,Single,N/A
c1391299-63cc-4c67-8089-630451431923,2026-01-11,CUST-341208,215,14,128,30.62,6,18:00-20:00,Spotify,83.33,0.66,No,0,34,Productivity,1.22,53,98.59,0,No,1.19,Single,N/A
25871faf-eb0b-4852-9926-088562fd1842,2026-01-20,CUST-718597,161,44,128,30.39,42,18:00-20:00,None,32.97,0.38,No,5517,21,Streaming,1.9,57,95.15,4,No,3.51,Single,N/A
fab9428b-75d8-4b88-b45f-a8d48626b318,2026-02-22,CUST-189610,243,45,140,26.99,40,08:00-10:00,None,32.99,0.39,No,0,45,Social,0.91,29,95.98,1,No,7.22,Single,N/A
cbb339c4-c2d7-4687-92e4-ec180d4514b5,2026-05-09,CUST-783135,287,10,172,18.15,8,08:00-10:00,Netflix,39.15,0.2,No,0,30,Streaming,1.87,10,98.87,2,No,7.71,Single,N/A
5bd2dc8a-94c7-4e5f-9d4e-710da9a85ae1,2026-01-20,CUST-442179,77,38,195,27.55,12,08:00-10:00,YouTube,12.53,0.29,No,0,11,Productivity,1.73,19,96.85,0,No,1.12,Single,France
3b1455e5-4d79-45cf-a6e2-65b0dddf442a,2026-01-28,CUST-888898,142,9,74,15.84,23,08:00-10:00,Spotify,35.9,0.43,No,0,18,Maps,0.93,26,96.84,3,No,0.46,Single,N/A
ddb9cd8e-5fd0-406d-8173-cebc54873feb,2026-06-09,CUST-933360,275,46,85,33.39,25,08:00-10:00,Spotify,73.96,0.52,No,0,48,Productivity,0.67,51,99.84,3,No,4.73,Single,N/A
279ed481-9438-41f4-aa54-b1ee4733b71d,2026-03-13,CUST-380674,79,6,115,19.52,47,08:00-10:00,None,66.41,0.68,No,3478,25,Social,0.72,34,99.96,4,No,6.24,Single,N/A
d928e84c-e38d-4301-8ae6-63285e58d932,2026-04-17,CUST-509537,135,2,81,19.45,19,08:00-10:00,None,93.89,0.37,No,0,37,News,1.06,43,99.89,2,Yes,7.2,Single,N/A
0e58e808-0c6c-4da8-bfd5-e6cdc0d90b05,2025-08-26,CUST-773067,181,46,193,5.48,45,12:00-14:00,YouTube,81.81,0.24,No,7020,2,Maps,1.34,51,99.32,4,No,4.35,Multiple,N/A
f9c5ac43-aead-4117-a3aa-2c2df31db5ee,2026-02-21,CUST-200557,132,5,42,48.39,7,12:00-14:00,Netflix,31.27,0.37,No,3170,54,Streaming,1.34,32,96.34,1,Yes,2.76,Multiple,N/A
eeb335b3-9010-4292-abdd-23b3239e1fe3,2025-11-10,CUST-840466,6,27,141,27.78,21,20:00-22:00,Spotify,77.36,0.82,Yes,0,32,News,1.33,51,95.63,2,No,9.7,Multiple,N/A
63bf1c46-3330-41fa-a5e1-6a67e3d1cd1d,2026-07-24,CUST-349715,187,1,120,16.79,40,12:00-14:00,None,43.09,0.64,Yes,5216,20,News,1.32,16,99.45,3,No,8.62,Single,N/A
c1c28d8a-8be4-4f4f-bed8-f9247caa5163,2026-05-11,CUST-891017,217,37,59,37.82,12,12:00-14:00,None,65.69,0.35,No,0,10,Social,1.48,22,99.96,1,No,1.85,Multiple,N/A
2640cb44-5f0f-46f7-a4a4-a38869dab0dd,2025-11-05,CUST-215983,105,25,59,30.06,16,12:00-14:00,Spotify,34.84,0.7,No,0,55,News,1.77,28,98.93,2,No,7.44,Single,N/A
35164a82-c1d0-474d-bb09-54b319f0331c,2026-06-20,CUST-380754,130,42,130,21.56,17,12:00-14:00,None,92.56,0.15,No,0,21,Gaming,0.9,16,98.3,2,No,7.48,Single,N/A
d3a73ea3-2384-493e-b8e2-1e3040e0af21,2026-05-20,CUST-605478,182,7,12,16.59,20,18:00-20:00,Netflix,18.17,0.67,Yes,0,57,Gaming,0.98,19,99.47,3,Yes,3.11,Single,N/A
648d26a0-5f4f-4f6d-8ecd-6efdca4d7134,2026-03-12,CUST-647410,21,28,161,5.88,21,18:00-20:00,YouTube,88.47,0.31,No,0,55,News,1.02,38,98.63,3,Yes,9.66,Single,N/A
bc340535-ee21-4fe5-b03a-034736c87990,2025-09-28,CUST-703701,78,8,27,40.14,32,20:00-22:00,Netflix,47.28,0.48,Yes,0,39,Streaming,1.45,32,98.51,2,No,9.33,Multiple,N/A
aa8af3cb-abe8-4e43-862d-114f6ac77298,2025-11-05,CUST-682455,28,13,185,29.71,6,20:00-22:00,None,12.56,0.29,No,0,56,Social,1.04,33,96.11,3,Yes,6.71,Single,N/A
bb95d8d2-462e-41c9-a8f0-a9b83038b057,2026-02-22,CUST-547366,158,43,134,5.67,19,12:00-14:00,None,42.83,0.19,No,0,39,News,1.93,40,97.67,2,No,8.13,Single,N/A
72f179e1-5421-4941-8dd6-8cd46dd70236,2025-10-25,CUST-478298,30,16,77,49.25,22,12:00-14:00,Netflix,66.74,0.66,No,3759,36,Streaming,0.57,14,97.35,5,No,7.37,Multiple,N/A
8b60c18f-db11-43e1-ab2c-e002eb682941,2026-04-01,CUST-898949,62,4,57,12.43,15,08:00-10:00,YouTube,6.39,0.18,No,2071,2,Productivity,0.64,32,97.1,0,No,0.25,Multiple,N/A
f65165ea-6f66-4bd0-84ab-03e9e9054079,2026-04-08,CUST-826503,87,28,148,16.58,16,12:00-14:00,None,41.52,0.2,No,0,29,Productivity,0.53,58,98.02,4,Yes,4.61,Single,N/A
203c5bcd-7fde-4d03-a9c1-d6abf398bb5f,2025-08-17,CUST-205484,160,12,113,28.16,33,20:00-22:00,Spotify,0.1,0.67,No,0,13,News,1.87,47,96.7,4,No,1.77,Multiple,N/A
2f07ac22-8347-45b4-8444-4565b93e4c7e,2026-04-14,CUST-676005,205,21,11,7.87,34,20:00-22:00,None,69.88,0.43,No,0,44,Maps,1.95,20,95.16,2,Yes,8.89,Multiple,N/A
e2ccda1a-b2b4-4740-babc-e6f053b1f2f3,2025-12-23,CUST-899273,298,28,15,16.04,32,18:00-20:00,Netflix,88.11,0.7,Yes,9413,59,News,1.93,34,96.45,3,Yes,2.89,Single,N/A
f5aa5487-1b53-4d7a-896e-301f93d0eed8,2026-05-16,CUST-861992,244,15,190,39.94,47,20:00-22:00,Netflix,24.51,0.31,No,0,46,Gaming,1.16,15,96.9,4,No,5.41,Multiple,N/A
8c18fa4f-3a8d-4692-a66c-c242fbb36be9,2025-11-14,CUST-524750,232,43,150,44.7,35,18:00-20:00,Spotify,91.71,0.4,No,0,11,Gaming,0.88,32,97.76,3,No,9.19,Single,N/A
7eb893ac-e90b-45e4-91bc-3907e9141ace,2025-10-14,CUST-569256,223,6,151,44.44,22,20:00-22:00,None,42.32,0.24,No,0,18,Streaming,0.77,37,98.57,3,No,5.85,Multiple,N/A
ca701d73-81e8-4c12-be60-684adcb3d829,2025-08-04,CUST-395772,126,4,35,8.38,9,08:00-10:00,YouTube,43.28,0.52,No,2785,45,Maps,0.91,17,96.35,0,No,9.39,Single,N/A
73d4e86e-bedf-4290-bc97-65ec1e3beecc,2025-08-04,CUST-924179,291,19,80,1.3,26,20:00-22:00,None,69.46,0.84,No,7059,4,Productivity,1.57,21,95.66,3,No,9.74,Multiple,N/A
388791e6-bf5f-445b-b6fc-305199bdbdcd,2026-05-26,CUST-977607,292,45,162,13.05,45,20:00-22:00,None,24.31,0.14,No,0,48,Maps,0.68,45,96.45,5,No,2.96,Single,USA
0e0d38d4-fc1e-4699-af31-4b788616a6df,2026-04-11,CUST-159989,88,42,60,8.9,27,18:00-20:00,Spotify,9.76,0.43,No,0,29,Streaming,0.79,42,99.99,1,Yes,2.38,Single,Japan
3f94953c-60fe-4e46-8a04-02d7f86aa31a,2026-07-11,CUST-770862,166,30,21,47.49,17,08:00-10:00,YouTube,84.52,0.14,No,0,58,Gaming,1.71,39,99.04,2,No,9.17,Multiple,N/A
9827bcd0-5a94-4130-8dcb-5d765b211381,2025-09-29,CUST-503683,239,21,136,31.9,28,20:00-22:00,None,94.37,0.41,No,0,14,Productivity,0.78,12,98.49,5,No,7.57,Single,N/A
ad50a08b-faa7-4306-bb51-1cff83954ba1,2026-05-23,CUST-810662,178,4,13,23.92,14,18:00-20:00,None,52.51,0.69,No,0,36,Maps,0.79,59,95.02,3,No,3.9,Single,N/A
3ccaedc8-3671-4466-85a3-c90ecc75fb2c,2026-07-05,CUST-862471,107,12,86,3.14,47,18:00-20:00,None,89.94,0.21,No,0,5,Productivity,1.33,56,95.59,2,Yes,1.21,Single,N/A
191ce2ff-4520-49c0-9c17-f34c7430dd32,2025-10-18,CUST-482827,260,44,162,24.6,24,08:00-10:00,Spotify,40.14,0.23,No,0,29,Productivity,1.13,36,99.51,0,Yes,5.75,Single,N/A
4eb37b40-ff19-47ce-9da4-bee344be96f4,2025-08-08,CUST-889030,17,7,55,37.4,16,12:00-14:00,YouTube,71.81,0.15,No,0,58,Gaming,1.64,37,97.26,3,No,6.83,Multiple,USA
83275ed7-4adf-47d8-b126-6f43d82b612b,2026-03-29,CUST-266573,140,38,81,9.86,48,18:00-20:00,None,75.22,0.26,No,0,4,Productivity,1.55,44,100,4,Yes,9.44,Multiple,N/A
1f2868fb-efb7-4667-b712-e0e7620a2307,2026-04-22,CUST-232448,104,18,16,1.24,37,18:00-20:00,YouTube,47.57,0.74,No,0,60,Streaming,0.57,12,97.1,4,Yes,5.58,Multiple,Mexico
b9601cc3-69b1-4bc8-88c6-2308ff52eaf3,2025-11-20,CUST-657902,33,7,38,36.4,18,18:00-20:00,Spotify,18.5,0.77,Yes,0,31,Gaming,1.87,38,95.62,1,No,5.3,Single,N/A
1f6e6d2a-95a5-4631-a3d5-970edf842425,2025-07-29,CUST-986022,274,32,194,38.49,8,08:00-10:00,Netflix,85.69,0.54,No,0,28,News,1.02,29,95.33,1,No,0.16,Single,N/A
7fb666b6-c149-42ed-8888-3b11e644485e,2025-12-01,CUST-796710,136,30,194,39.22,22,08:00-10:00,Netflix,57.29,0.56,No,5434,42,Productivity,1.7,35,99.9,2,No,3.35,Multiple,N/A
dfe4a9f4-3479-401e-93c4-77e0eef02b1a,2026-04-04,CUST-340853,45,24,186,11.58,10,18:00-20:00,None,78.01,0.15,No,1520,45,News,0.72,37,99.48,0,No,8.53,Multiple,N/A
b4cac1cd-8bdf-44fb-b0f5-1f8474cf9d6e,2025-07-31,CUST-736448,51,1,159,34.64,8,20:00-22:00,None,35.77,0.7,No,0,41,Streaming,1.83,57,98.59,4,No,0.48,Single,N/A
32586023-1c85-454e-8846-fe90a06684a3,2025-11-08,CUST-219059,217,3,12,25.6,35,18:00-20:00,Netflix,5.04,0.32,No,0,53,Maps,1.11,29,98.87,2,Yes,2.06,Single,N/A
10abd927-5f1c-4396-b486-1ab779a7a0fd,2025-11-14,CUST-730279,70,13,151,15.58,28,12:00-14:00,YouTube,23.37,0.29,No,0,17,Productivity,1.33,47,97.15,1,No,9.33,Single,N/A
3bc719b2-1d9c-44f5-954c-02aef61fda45,2026-04-22,CUST-193524,95,27,168,6.18,44,18:00-20:00,Spotify,62.6,0.68,Yes,0,57,Gaming,0.96,56,99.71,2,No,6.75,Single,N/A
f5dd3e6a-0dbf-45df-b726-4673494c1873,2026-01-03,CUST-802166,94,44,39,38.5,24,08:00-10:00,Spotify,30.96,0.67,No,0,22,Gaming,1.04,51,97.1,4,No,6.1,Single,N/A
788c1c81-80b2-466b-ba35-937b82383aef,2025-12-29,CUST-813033,278,36,134,13.97,34,12:00-14:00,YouTube,66.97,0.42,Yes,0,59,Productivity,0.76,52,98.98,2,No,2.01,Single,N/A
e783b7b5-e748-4d93-8eee-aa6db587b7cc,2026-01-28,CUST-945033,104,44,112,42.42,50,12:00-14:00,Spotify,69.74,0.25,No,0,59,Social,1.75,27,95.82,5,No,0.63,Single,N/A
53cf7205-3841-4505-8671-e858b6bcbcab,2025-08-26,CUST-680760,144,33,187,48.06,41,08:00-10:00,Spotify,97.02,0.26,No,0,50,Gaming,1.01,10,96.83,3,Yes,0.6,Single,Germany
b725a3d9-27a9-4c1d-85aa-8eeeacabc9df,2026-03-30,CUST-996991,248,5,98,32.3,24,20:00-22:00,Netflix,69.77,0.14,No,0,57,Streaming,1.66,57,96.43,5,No,8.56,Single,N/A
5be01380-fd6f-4b1e-92b9-0f7e082a9cd8,2026-07-05,CUST-140004,86,24,79,26.48,46,18:00-20:00,YouTube,79.32,0.69,No,0,14,Maps,0.8,41,99.05,4,No,7.12,Single,France
8687a94e-fa86-4ac7-9b4c-d7632e1aea7c,2025-08-02,CUST-332984,185,37,46,0.87,44,18:00-20:00,Netflix,31.96,0.15,No,3962,13,Maps,1.18,30,95.31,3,No,4.18,Single,N/A
e1466dd5-af35-4a93-8be3-f6548582861d,2025-12-30,CUST-169571,237,11,11,40.51,26,20:00-22:00,YouTube,10.91,0.34,No,2042,28,Productivity,1.69,15,97.24,3,No,9.15,Single,N/A
73041b77-3132-4b5d-8b69-eefb373596b8,2026-04-08,CUST-305692,219,42,20,46.07,18,12:00-14:00,Netflix,16.37,0.5,No,1706,7,Gaming,1.31,59,95.54,1,No,1.64,Single,N/A
d0f8ccf0-3d5a-49ab-ba99-46e5275f7faf,2026-02-22,CUST-306270,5,29,173,9.75,26,12:00-14:00,YouTube,29.63,0.56,No,0,24,News,1.2,15,97.6,4,No,5.45,Single,N/A
13c9257c-1776-4e55-b2c5-4902729da784,2025-10-07,CUST-737303,218,5,161,44.02,35,08:00-10:00,Spotify,76.05,0.19,No,8746,9,Productivity,0.72,7,95.22,2,Yes,5.06,Single,Mexico
9887a639-45d6-4476-92e0-f9848c6b47f8,2025-11-20,CUST-205687,221,28,143,41.68,39,08:00-10:00,Netflix,62.68,0.21,No,0,4,Productivity,1.31,32,98.62,1,No,0.94,Single,N/A
e455f03b-be15-4556-8f7d-24e07236f28c,2026-03-22,CUST-736921,246,3,97,0.87,18,08:00-10:00,YouTube,37.64,0.81,No,0,41,Maps,0.57,58,98.36,3,No,6.4,Multiple,N/A
5a5f17d3-f9b4-41b6-999c-c8ed99a95d53,2026-07-06,CUST-659398,65,44,158,33.4,44,20:00-22:00,Netflix,34.84,0.24,No,0,52,Maps,1.93,43,98.94,2,No,9.35,Single,N/A
aed53cc7-ecad-4d6a-9cc2-0e63af0e3a98,2025-09-24,CUST-267269,113,35,9,24.06,14,12:00-14:00,Spotify,36.57,0.81,Yes,0,6,News,0.83,33,95.05,1,Yes,4.57,Multiple,N/A
434e7902-8a90-4646-b1ad-75d4925b81b6,2026-06-14,CUST-980280,60,29,166,11.31,5,12:00-14:00,YouTube,14.01,0.87,Yes,0,25,Social,0.88,52,97.53,2,Yes,0.03,Multiple,N/A
2d4e522e-a150-425c-919f-279f4dde13cc,2025-11-28,CUST-413381,147,40,179,49.05,22,18:00-20:00,Spotify,62.69,0.41,No,0,42,News,1.91,48,96.6,4,No,8.77,Single,N/A
038b9144-902b-4c56-8527-4b65d7b9dd6b,2025-09-07,CUST-678322,235,41,80,3.37,33,12:00-14:00,YouTube,30.27,0.72,No,3835,51,Streaming,1.82,25,99.31,2,No,4.34,Multiple,N/A
f97b6290-e038-4e22-b548-17478a9bf244,2026-05-24,CUST-370683,210,6,2,45.7,47,08:00-10:00,YouTube,93,0.71,No,0,35,Streaming,1.17,56,97.08,2,No,2.2,Single,N/A
10a5ff99-0be2-4bd1-88ef-610ff91ec2d4,2026-05-21,CUST-571161,16,22,142,4.73,30,18:00-20:00,Spotify,58.08,0.55,No,0,52,Gaming,1.15,6,98.31,0,No,7.91,Single,N/A
38b793a7-2303-45af-a89f-81cc34963439,2025-12-30,CUST-503387,298,6,126,46.05,35,12:00-14:00,Netflix,71.7,0.69,No,0,6,News,1.15,7,96.19,4,No,2.47,Multiple,Germany
1950e659-5a45-4cc5-b0a8-516aefc4e8e4,2026-02-02,CUST-326692,66,45,54,10.16,10,18:00-20:00,None,11,0.77,Yes,0,7,Maps,1.39,21,96.38,4,No,6.14,Single,N/A
87f6435f-ccec-46d1-b70a-a648675eae4a,2025-08-25,CUST-966556,40,39,53,38.13,31,12:00-14:00,None,15.25,0.35,No,0,49,Maps,0.93,9,96.91,1,Yes,5.17,Multiple,N/A
5913f3e7-6bad-41d7-be6c-a4772c6f46ff,2025-10-01,CUST-359817,99,40,61,43.49,13,12:00-14:00,Spotify,81.04,0.63,No,0,7,News,1.67,31,96.63,1,Yes,0.08,Single,N/A
5108bb92-b429-48dc-8897-e5bd536d00dc,2026-02-04,CUST-239939,85,45,184,25.84,20,20:00-22:00,None,37,0.61,Yes,0,53,Maps,1.5,56,95.66,1,No,7.05,Single,N/A
62ffd850-f301-4ac0-834b-80cf38c8724d,2026-01-11,CUST-614795,238,27,123,19.22,30,12:00-14:00,None,43,0.78,No,0,20,Social,1.95,9,99.17,1,No,8.8,Single,N/A
8623065e-3681-4a30-8ae8-320eb66386a2,2026-03-07,CUST-452320,129,3,28,12.69,41,20:00-22:00,YouTube,86.34,0.52,No,0,46,Social,1.98,55,98.59,0,No,0.1,Single,N/A
4d49c781-c047-4698-a5dc-feaa6fff921a,2026-03-18,CUST-232016,203,41,182,7.69,10,12:00-14:00,Spotify,51.39,0.75,No,0,41,Gaming,1.51,10,97.14,5,No,7.11,Multiple,N/A
949a2e40-face-41e2-b3ca-ce91014fa02a,2026-04-01,CUST-978172,256,30,180,27.64,41,12:00-14:00,None,50.2,0.65,No,0,51,Maps,1.14,27,98.57,4,No,6.73,Multiple,France
d2959621-38b0-42e2-8d73-748619c77dd9,2026-02-14,CUST-143193,52,42,177,10.82,35,08:00-10:00,None,26.39,0.49,No,0,6,Maps,1.1,28,95.67,2,Yes,7.09,Multiple,France
cb15f8a8-1f0f-4e02-a932-8f92d79ca726,2026-03-15,CUST-885556,55,38,87,39.76,43,08:00-10:00,None,28.2,0.31,No,0,1,Gaming,0.6,18,98.66,1,No,2.57,Single,USA
81557e29-73e7-4653-a479-cb3d8188c9b8,2025-11-20,CUST-609128,246,2,109,25.88,36,18:00-20:00,Netflix,31.65,0.87,No,0,7,Social,1.17,41,98.38,1,No,1.1,Single,N/A
ca18e970-a9a2-4e2e-bf0f-dda9e9102847,2025-08-09,CUST-397915,28,24,94,26.72,49,18:00-20:00,None,53.44,0.76,No,0,26,Social,1.66,6,98.27,3,Yes,3.41,Single,N/A
f3c32c83-d3ba-422c-97ca-6de613278ddf,2026-01-30,CUST-185300,100,35,165,41.28,9,08:00-10:00,Spotify,49.23,0.51,Yes,1540,59,News,0.64,6,97.26,4,No,4.92,Single,N/A
e7047db5-0f96-448b-8fe9-5787aeb9b5e9,2025-11-14,CUST-113745,31,47,80,19.96,24,12:00-14:00,Netflix,54.99,0.7,No,0,7,Maps,1.38,30,97.79,2,No,2.73,Single,France
d3c36851-f297-4a15-885b-6c9228873c42,2026-01-16,CUST-926971,211,9,87,38.74,25,12:00-14:00,Netflix,57.13,0.22,No,1915,38,Maps,1.43,33,95.26,2,No,9.62,Multiple,N/A
c83b58dc-d217-4f5e-b41f-363216b13cf4,2025-08-17,CUST-320100,72,6,99,46.59,9,12:00-14:00,None,52.43,0.1,No,0,5,Gaming,0.9,54,96.58,1,Yes,4.89,Multiple,N/A
3d1cc380-0bbc-49a0-bb6b-27d040824361,2025-07-31,CUST-868351,203,2,181,6.19,11,12:00-14:00,YouTube,6.5,0.57,No,0,15,Maps,0.51,38,98.69,5,Yes,2.62,Single,N/A
2c0a1f0e-8ec6-41f9-bdae-706e879c3951,2026-05-29,CUST-704576,197,6,150,13.87,7,20:00-22:00,YouTube,79.92,0.82,No,0,19,Streaming,0.76,6,99.48,1,No,0.22,Single,N/A
477a2f1e-1217-49dc-80bc-022b4acdf4ee,2026-06-22,CUST-522502,11,37,190,41.89,47,12:00-14:00,Spotify,34,0.87,No,0,39,Gaming,1.57,58,99.08,5,No,7.52,Single,Japan
730975bb-8868-4dce-9ed7-a777acc8571e,2026-04-28,CUST-946114,13,38,61,22.31,49,18:00-20:00,Netflix,18.53,0.89,Yes,0,60,News,1.57,5,99.51,1,No,2.9,Multiple,N/A
9c437155-9761-40d4-a6d3-cb1a2476fabd,2025-12-18,CUST-731677,170,7,174,9,47,18:00-20:00,YouTube,56.63,0.22,Yes,0,44,Productivity,0.69,16,99.55,4,Yes,6.81,Single,N/A
273eb9c3-6ba9-4d60-842c-af491a728f69,2026-02-23,CUST-480257,228,3,70,30.55,36,12:00-14:00,Netflix,65.23,0.21,No,0,56,Gaming,0.68,23,96.68,4,No,4.57,Multiple,N/A
7ab9757f-c0c9-4f23-99a9-73f98200e064,2026-05-24,CUST-201383,128,21,32,23.99,33,20:00-22:00,YouTube,0.52,0.3,No,0,21,Social,0.94,35,99.39,4,Yes,9.47,Single,N/A
3db79cdc-a755-4198-9584-ce171457ae01,2026-01-27,CUST-827144,15,11,91,11.21,49,18:00-20:00,None,52.43,0.7,No,0,46,Productivity,0.69,19,97.68,2,No,8.13,Single,N/A
0eb038f0-df2e-40f6-b190-e7ed4e735b7f,2025-10-21,CUST-157405,26,6,62,7.91,9,18:00-20:00,YouTube,81.1,0.63,No,0,30,Gaming,1.2,22,95.5,1,No,9.88,Multiple,N/A
eb41da90-aa1c-4450-bb4e-6a790e59767e,2025-08-02,CUST-882800,120,7,56,13.12,16,18:00-20:00,None,10.11,0.89,No,0,54,Gaming,1.52,45,97.78,3,No,9.62,Multiple,N/A
35a596e5-e8b7-4336-b27e-f0f1765d3ccd,2026-04-15,CUST-224965,46,29,29,29.62,45,18:00-20:00,Netflix,42.02,0.85,No,0,3,Social,1.79,29,97.6,5,No,6.94,Single,N/A
664ecfd1-7ca3-40eb-8c4d-83f49b8cb2f1,2025-09-01,CUST-803696,7,30,110,14.22,19,08:00-10:00,None,73.51,0.19,No,0,7,Social,1.09,19,96.53,3,Yes,9.09,Single,N/A
b8251d16-ca0c-4715-840d-cc0c3e28b2b5,2025-12-26,CUST-540099,17,8,190,11.95,45,08:00-10:00,None,40,0.64,No,0,1,News,1.44,46,95.31,3,Yes,7.48,Multiple,N/A
e85d4caf-2ce1-480e-a0f6-994aedf302a9,2026-02-25,CUST-967752,289,6,163,0.46,25,08:00-10:00,Netflix,9.66,0.83,Yes,0,29,Gaming,0.56,18,97.1,1,No,6.63,Multiple,N/A
a9fe4c68-73f8-48de-95db-b12d383cc722,2025-09-03,CUST-232208,198,23,75,9.35,50,18:00-20:00,YouTube,47.87,0.83,No,0,41,Maps,1.95,12,96.15,2,No,5.92,Multiple,N/A
693c381b-af7a-475c-a954-0f22207c6ca8,2025-09-19,CUST-514924,129,37,22,9.47,23,08:00-10:00,Spotify,20.34,0.21,No,0,13,Social,1.09,9,95.4,0,No,2.14,Single,N/A
f2b1cd6f-a8d9-4b07-aea7-21f89dadcc80,2026-06-04,CUST-269928,158,43,88,22.88,35,20:00-22:00,Spotify,43.39,0.75,No,0,9,Social,0.61,56,99.54,4,No,2.09,Single,N/A
74fda9b6-006b-47da-9d4d-b2ba058ddf46,2026-05-14,CUST-420577,278,34,194,49.79,38,08:00-10:00,Netflix,19.17,0.64,No,7951,10,Streaming,0.95,40,99.14,0,No,7.39,Single,N/A
e8def67e-7ab2-4caf-901e-37819b4f50b1,2026-01-05,CUST-878773,157,42,91,5.65,26,18:00-20:00,None,37.23,0.2,No,4606,40,Social,1.19,54,96.53,2,Yes,6.44,Single,N/A
f17995b7-cb10-4294-9d54-0fab6c10a8df,2025-08-12,CUST-454953,222,20,65,45.58,9,08:00-10:00,None,3.71,0.11,No,0,16,Productivity,0.64,43,99.42,1,No,7.86,Multiple,N/A
ba99631f-d8e9-422a-b24d-253bf9e1c780,2026-06-23,CUST-524435,170,18,54,36.04,23,18:00-20:00,Spotify,75.56,0.73,No,0,17,Productivity,1.45,32,98.11,5,No,1.43,Single,N/A
cbe52409-521d-4b37-a163-873c10d66164,2025-09-12,CUST-235874,219,45,10,39.79,12,12:00-14:00,YouTube,62.89,0.27,No,0,17,Social,1,37,98.33,1,No,8.04,Single,N/A
f04bf0c8-1b30-4fe8-911f-3c310af15e9a,2026-02-05,CUST-759510,178,5,37,35.41,45,08:00-10:00,None,25.85,0.19,No,0,45,Streaming,1,33,99.51,4,No,5.77,Single,France
5f55f155-afcc-4fa9-9a42-e6feca07bfd0,2026-01-09,CUST-710525,115,47,144,24.38,22,08:00-10:00,Netflix,17.62,0.36,Yes,0,27,Productivity,1.96,51,99.17,0,No,9.3,Multiple,N/A
36333e4b-bf9c-4a71-9056-905f7253d15a,2026-02-18,CUST-171148,253,19,194,10.56,32,20:00-22:00,YouTube,34.14,0.19,No,0,38,Productivity,1.23,43,96.32,1,No,2.25,Single,N/A
d3479311-a886-4802-be87-f5434313cd24,2025-10-08,CUST-929144,286,46,54,39.04,21,12:00-14:00,Netflix,38.66,0.66,No,3897,16,Maps,1.93,22,95.64,4,No,7.75,Single,N/A
0520c4be-5215-4349-87ac-c9d7bdb91aa2,2026-02-25,CUST-655026,43,6,127,3.83,42,18:00-20:00,YouTube,73.59,0.76,No,0,44,Gaming,1.25,10,96.61,4,No,1.11,Multiple,N/A
75bb407a-3235-443a-ba0f-f829ef9be7c7,2025-08-28,CUST-316105,126,10,37,21.6,33,20:00-22:00,Spotify,66.75,0.58,No,0,58,Streaming,1.16,9,96.22,2,Yes,4.57,Multiple,N/A
f7174208-437b-4aad-a8a2-d0b27f8f18c6,2025-09-19,CUST-705563,215,31,66,5.32,11,20:00-22:00,Spotify,70.04,0.79,No,0,11,Social,0.84,41,96.62,2,No,9.94,Single,N/A
45a484f6-aac4-4a89-850f-c99ddc318cc9,2026-02-15,CUST-296741,273,25,139,4.48,50,08:00-10:00,Netflix,35.6,0.51,Yes,5825,18,Streaming,1.02,10,98.88,3,No,1.43,Single,N/A
841a97cb-cb55-4c97-b52a-66ccab90afcf,2026-02-14,CUST-704768,176,11,18,8.54,36,18:00-20:00,None,28.45,0.78,No,0,30,News,1.19,48,97.18,5,Yes,1.91,Single,N/A
14bf4104-53a6-4593-ba58-167196739360,2026-01-03,CUST-729960,83,7,74,38.94,41,20:00-22:00,Spotify,40.11,0.64,No,0,14,Maps,1.35,27,99.42,3,Yes,5.14,Single,N/A
86241d84-7d24-412d-80ca-833b8a76b362,2025-07-28,CUST-280875,190,46,29,12.86,11,08:00-10:00,YouTube,22.74,0.12,Yes,0,53,News,1.78,28,97.2,0,No,1.9,Multiple,N/A
ef14d62d-54b6-4dde-9bf8-3e7634cd2b9b,2026-07-11,CUST-751169,245,16,32,0.42,23,12:00-14:00,Netflix,15.79,0.33,No,0,22,Productivity,1.83,27,97.69,3,Yes,3.09,Multiple,N/A
679e8acd-ec60-4459-8842-565e63c50bea,2026-01-15,CUST-399633,70,29,8,40.23,38,12:00-14:00,Netflix,87.46,0.33,No,0,42,Streaming,1.02,53,96.04,2,No,8.21,Single,N/A
d7b2831f-532e-4678-ad0c-3c7330f795d3,2025-12-13,CUST-212181,201,20,58,37.12,7,12:00-14:00,Spotify,47.5,0.84,No,0,30,Streaming,1.37,9,96.66,4,Yes,9.73,Single,N/A
0fdb953c-70f1-4b54-979b-d4da8d657a4c,2025-11-03,CUST-602571,261,30,166,26.89,19,20:00-22:00,YouTube,0.65,0.29,No,0,1,Productivity,1.44,59,99.78,1,No,1.25,Multiple,N/A
56b0c836-2fa0-4161-98e2-56952b79ffa9,2025-11-17,CUST-216049,172,39,80,26.94,8,20:00-22:00,None,49.54,0.7,No,0,41,News,1.7,37,95.06,1,No,4,Single,N/A
2ba195e0-6ecc-48c6-aa21-1156540183c5,2026-04-08,CUST-954247,136,19,61,36.05,25,08:00-10:00,None,47.03,0.45,No,0,58,Productivity,1.19,47,99.98,5,No,7.49,Multiple,N/A
0c53b1e1-70a3-41e7-bfea-102542cef9d3,2026-05-04,CUST-931065,117,5,147,26.86,26,12:00-14:00,Netflix,7.43,0.76,No,1859,47,Social,1.91,7,97.95,3,No,6.15,Single,Canada
f2ec10aa-5f44-486a-ac7e-2e3ed7c1867f,2025-10-19,CUST-554983,240,36,0,46.12,25,20:00-22:00,None,15.17,0.5,No,508,37,Social,1.8,58,99.56,3,No,8.59,Single,N/A
359ce302-be09-4c87-9317-efcb1f47229d,2026-05-28,CUST-437629,293,45,198,19.98,35,08:00-10:00,Spotify,19.09,0.24,No,0,30,Streaming,1.54,33,97.73,2,Yes,4.09,Single,France
b64a505e-8725-4d36-af41-53eec839cecc,2025-12-30,CUST-909696,136,2,141,35.02,12,12:00-14:00,Netflix,41.52,0.15,No,0,57,Streaming,1.6,57,99.77,3,No,2.87,Multiple,N/A
1efe76f3-0090-4e97-969c-eb53189ca2fb,2025-12-15,CUST-830379,203,40,134,8.63,34,18:00-20:00,Netflix,35.49,0.72,No,0,55,Gaming,1.64,16,95.61,0,No,1.63,Single,N/A
a2721da1-a452-45c4-99ce-cb7a6cfeae9d,2026-03-15,CUST-487946,216,43,166,20.45,49,18:00-20:00,None,17.99,0.2,No,0,38,Social,1.12,41,99.33,4,Yes,9.15,Multiple,N/A
5d5b0043-33d8-4d17-a3bc-b3990d8b8bd6,2025-11-30,CUST-416942,212,36,4,11.53,46,20:00-22:00,Netflix,49.16,0.58,No,0,26,Gaming,0.92,18,99.9,3,No,2.15,Single,N/A
2ab13d2d-bcde-40c3-b290-cf1831a4eff8,2026-06-21,CUST-635229,220,48,12,14.83,12,12:00-14:00,None,81.28,0.36,No,7930,23,Streaming,1.05,49,96.35,1,No,8.86,Multiple,N/A
316a3f1d-1deb-40fa-ad1a-20093162989c,2025-09-26,CUST-159087,209,19,84,27.76,21,08:00-10:00,YouTube,82.07,0.19,No,0,13,News,1.73,34,96.71,2,Yes,2.82,Multiple,N/A
eb53e0ed-9b07-4f0e-ba43-f0a9eac8b259,2026-02-01,CUST-397031,60,26,168,44.42,13,18:00-20:00,YouTube,14.3,0.12,No,0,48,News,1.72,11,96.03,2,No,4.52,Multiple,N/A
6a7e7775-c164-48e9-aa0a-040ddbb37014,2026-03-25,CUST-383316,135,26,159,18.37,39,20:00-22:00,Netflix,51.78,0.65,No,0,8,Streaming,1.05,15,99.22,0,No,3.14,Single,N/A
d968bcc6-72dd-4fae-8f3a-2e75d1b41671,2025-08-02,CUST-960631,159,6,199,21.53,9,08:00-10:00,None,1.57,0.77,No,0,26,Gaming,1.9,41,97.34,4,No,7.27,Single,N/A
1eea7e00-32d9-40bb-b288-d5c2010416f4,2025-11-30,CUST-345004,264,48,169,49.21,14,20:00-22:00,YouTube,35.44,0.33,No,0,6,Social,0.88,21,98.09,3,Yes,1.05,Single,N/A
37b402b7-ea8f-41d8-b8db-a9b8d1bea75d,2026-01-25,CUST-688059,78,5,122,28.54,22,08:00-10:00,Netflix,10.59,0.55,Yes,0,16,Streaming,0.63,40,99.16,1,No,5.62,Single,N/A
7ed78761-3c33-48c2-87c3-8fdf035122c0,2025-07-30,CUST-766128,6,45,192,33.21,33,18:00-20:00,YouTube,70.86,0.35,No,0,42,News,0.73,40,97.93,1,No,4.83,Single,N/A
8db558ee-421c-46e3-89d1-e09e77f7b8be,2026-04-28,CUST-881323,24,5,63,33.77,8,12:00-14:00,Netflix,67.01,0.22,No,5428,36,Maps,0.76,9,98.78,3,No,1.75,Single,N/A
0bc9e1d9-5881-4e5b-a5f4-c15b9aabab30,2026-05-28,CUST-919585,185,29,152,49.34,47,18:00-20:00,YouTube,36.39,0.46,No,0,4,Streaming,1.12,18,97.49,4,Yes,7.93,Single,N/A
5580844d-a859-4e02-967b-56bb72482612,2026-01-12,CUST-526134,156,45,119,21.26,41,18:00-20:00,YouTube,6.96,0.86,Yes,0,21,Gaming,1.66,16,95.9,3,No,3.69,Single,N/A
d4eb6ae8-ec0a-42ee-bada-1c32e9b18552,2025-10-14,CUST-794344,254,5,191,30.22,34,08:00-10:00,Netflix,5.51,0.62,No,0,20,Gaming,1.36,35,96.56,3,Yes,1.17,Multiple,N/A
bfc83a96-cb69-44fa-bf87-79cf42045af1,2026-07-02,CUST-497870,138,17,32,12.2,8,18:00-20:00,Spotify,59.69,0.37,No,0,12,News,1.67,9,99.62,4,No,1.16,Multiple,N/A
fd483b42-84d6-4c70-8c19-eda59bd1bc6d,2026-05-19,CUST-744967,178,17,58,47.02,10,12:00-14:00,Netflix,56.61,0.44,No,0,9,Maps,1.88,44,95.58,1,No,7.45,Multiple,Japan
6b338264-532b-46b7-8a1c-2f5ac2a9b019,2025-12-18,CUST-880044,30,45,25,10.09,10,12:00-14:00,YouTube,50.04,0.68,No,0,14,News,1.95,38,99.18,2,No,2.06,Multiple,N/A
9e770739-dbdc-466a-819b-b17a60372e97,2025-12-12,CUST-897356,127,3,87,40.24,23,18:00-20:00,YouTube,32.62,0.84,No,0,59,Maps,1.68,10,95.56,4,No,1.03,Single,N/A
37d547cc-f14c-4003-9af4-b6e1d4b6eaee,2026-05-27,CUST-103300,31,39,135,9.18,31,08:00-10:00,None,64.95,0.71,No,0,53,Social,1,51,96.94,1,No,3.43,Multiple,N/A
6e3ae89d-9e48-493e-9607-80d72892a4eb,2026-01-17,CUST-591887,90,40,11,26.81,12,08:00-10:00,YouTube,23.73,0.64,No,0,57,Streaming,0.58,35,98.16,4,No,3.76,Single,N/A
9f2470f8-b496-44ad-b2fc-21a99c68a0f4,2026-01-04,CUST-698988,190,38,195,15.18,6,20:00-22:00,YouTube,84.89,0.28,No,0,38,Maps,0.68,57,98.17,4,No,7.91,Multiple,N/A
5992ce58-c7d3-4daf-ae90-66672aafe154,2025-11-19,CUST-644553,205,5,137,11.68,8,12:00-14:00,Netflix,29.42,0.18,No,0,57,Maps,1.28,26,97.07,3,No,7.06,Multiple,N/A
1c1e6b4b-3572-4843-9f1f-2374fd06b540,2026-05-28,CUST-160417,158,3,188,46.25,45,12:00-14:00,Netflix,41.86,0.43,No,0,52,Social,0.67,41,99.17,4,Yes,8.04,Single,N/A
0b3dac03-c038-4d48-baad-ce40d3aa2ce4,2026-03-04,CUST-767280,192,41,148,16.53,20,20:00-22:00,Spotify,58.06,0.58,No,0,11,News,1.49,35,98.75,2,Yes,7.37,Multiple,N/A
4bd0789d-0ad0-4854-b9d4-a7f8f265035d,2025-12-18,CUST-203697,110,34,147,2.13,45,20:00-22:00,Netflix,49.97,0.77,Yes,0,25,Social,1.68,17,95.28,5,No,1.53,Multiple,N/A
999d03b1-adcf-45b5-ae84-b13844677414,2026-06-06,CUST-708196,87,26,42,9.02,31,18:00-20:00,Spotify,81.94,0.3,No,0,5,News,0.94,56,98.7,2,No,4.27,Multiple,N/A
09572b22-6912-4442-91d0-11bf821d6caa,2026-05-09,CUST-360985,146,20,189,1.21,12,08:00-10:00,Spotify,70.51,0.72,No,0,6,Maps,1.78,43,95.35,3,No,4.23,Multiple,N/A
fc76e5df-85e5-41f2-a03f-e9039d6ad551,2025-08-11,CUST-379296,185,32,69,47.93,35,18:00-20:00,Spotify,26.47,0.3,No,0,58,Social,1.6,31,96.93,4,No,4.69,Single,N/A
762f2062-dcc9-4d6f-bc07-c9cff5fb0f5f,2025-09-08,CUST-706187,109,27,135,42.76,30,12:00-14:00,Spotify,43.73,0.89,No,0,58,Productivity,1.85,44,97.66,2,No,1.98,Multiple,N/A
c8c9cc73-2346-4112-8c78-a7c72db98c80,2026-05-27,CUST-559227,161,2,12,39.61,21,12:00-14:00,Spotify,48.3,0.12,Yes,7823,1,Streaming,0.93,38,96.96,2,No,4.48,Single,N/A
648d0dd6-59f8-45f4-bb85-b4f06363d9eb,2025-09-17,CUST-685683,41,6,76,12.6,22,08:00-10:00,Spotify,15.28,0.56,No,0,8,News,1.25,20,95.03,3,No,9.02,Multiple,N/A
b65aee61-5ee2-45e0-a934-f274b4102f57,2025-12-03,CUST-764500,41,7,162,44.04,38,08:00-10:00,Spotify,25.62,0.28,No,0,56,Maps,1.45,50,98.16,1,No,7.87,Single,N/A
6f923694-366b-4ac8-9199-c3e785b5fb29,2026-01-29,CUST-691954,236,41,79,39.42,50,08:00-10:00,YouTube,73.75,0.87,No,0,18,Gaming,0.53,50,96.58,2,No,2.07,Single,Japan
1e141334-3451-4834-bff1-ef05eaf97c88,2026-07-18,CUST-755771,231,29,189,35.92,31,12:00-14:00,Spotify,58.35,0.72,No,0,16,Streaming,1.46,23,98.88,2,No,2.18,Multiple,N/A
efc3a792-c2b5-44e7-bc0c-55eca87d61d6,2025-11-22,CUST-961258,291,38,18,40.07,6,08:00-10:00,Netflix,18.69,0.18,No,0,21,Gaming,0.97,13,99.35,2,No,0.38,Single,N/A
7cd8271f-98f7-4c89-8d6c-a21d44ee312d,2025-11-19,CUST-463937,117,29,38,13.31,36,18:00-20:00,None,7.75,0.38,No,0,52,Maps,1.04,13,99.67,1,No,2.69,Single,N/A
ef2a287c-9d27-4e48-be2d-7a4f467d5eba,2025-11-17,CUST-895926,286,5,47,47.05,10,20:00-22:00,Netflix,87.03,0.61,Yes,0,31,Productivity,1.08,22,95.31,4,No,6.86,Single,N/A
65cc6a04-bf99-4d3c-80ec-2318e3265e34,2025-10-27,CUST-930237,184,1,132,4.97,40,08:00-10:00,YouTube,78.16,0.75,Yes,0,47,Maps,1.3,31,96.46,3,Yes,3.14,Single,N/A
e37dc293-212e-4310-afee-d861e2b6618a,2026-05-11,CUST-395918,85,11,82,24.96,29,18:00-20:00,Netflix,13.76,0.67,No,4275,26,Social,1.6,37,98.23,3,No,6.87,Multiple,N/A
e0655bda-4a0b-44d9-b2cd-c1c0a2573d3b,2025-11-06,CUST-945853,172,45,107,39.36,21,08:00-10:00,None,72.83,0.18,No,0,9,News,0.64,60,98.79,0,Yes,9.87,Single,N/A
bcdca23c-2cdf-444e-834a-cab771521f16,2026-04-06,CUST-771215,120,35,141,39.4,45,12:00-14:00,YouTube,23.97,0.32,No,0,33,Maps,0.88,17,95.35,1,No,7.48,Multiple,USA
4d88bf37-b15e-4f17-a056-d21e316c8710,2025-10-24,CUST-514393,229,7,174,31.82,18,20:00-22:00,YouTube,90.08,0.15,No,0,23,Social,1.83,53,99.72,3,Yes,7.95,Multiple,N/A
d4df465a-826f-4dd5-8bd5-d585379f5a7c,2026-04-16,CUST-315431,151,24,19,37.23,14,18:00-20:00,Spotify,67.92,0.48,No,0,12,Maps,0.64,9,96.51,4,Yes,8.02,Single,N/A
2138dd74-4f0a-46c1-8366-e5b8e63a4a7c,2026-04-21,CUST-550914,169,33,11,21.21,30,20:00-22:00,Netflix,9.6,0.68,No,0,21,Maps,0.77,44,95.42,3,No,9.82,Single,N/A
2cc41838-14e0-462d-b01b-62d4d09be71a,2026-01-29,CUST-258680,184,31,52,13.77,41,08:00-10:00,None,87.99,0.71,Yes,0,10,Maps,0.83,48,97.88,2,Yes,8.48,Single,N/A
39d8d9b1-ff30-4055-8e88-f015379e4610,2026-02-10,CUST-876081,184,7,16,39.64,7,08:00-10:00,Spotify,87.15,0.77,No,4401,51,Streaming,0.91,25,99.24,2,Yes,2.29,Single,N/A
98c30f7f-8a0e-40d7-b424-a4a7fc0698fb,2025-09-18,CUST-596521,161,30,60,48.16,9,18:00-20:00,None,55.04,0.3,No,0,4,Maps,1.75,43,96.7,3,No,6.35,Multiple,N/A
5e851284-1055-4d8a-9d96-a69f367d1013,2026-07-01,CUST-108198,117,23,32,29.85,19,20:00-22:00,Spotify,59.43,0.58,No,0,21,Productivity,1.77,26,100,5,Yes,4.65,Single,N/A
2d8e0e92-69fd-44dc-9443-bcff0549b11c,2025-12-10,CUST-944236,290,17,102,21.81,17,20:00-22:00,None,8.58,0.22,No,0,51,Gaming,0.65,47,96.05,3,No,3.71,Single,N/A
f08746b1-bcbf-4e90-85e0-9485efbdaea8,2025-08-15,CUST-669270,158,28,42,1.7,23,20:00-22:00,YouTube,93.28,0.38,No,0,53,Gaming,1.33,19,97.44,1,No,5.81,Single,N/A
6a36e95b-dc83-4d5f-b0a2-e8d07f937c32,2025-12-20,CUST-319241,281,14,51,39.97,25,18:00-20:00,Spotify,73.86,0.75,No,1598,4,News,0.57,11,98.9,4,No,3.45,Single,N/A
1e0f9ea6-a020-4725-a52a-81dc81085098,2025-09-03,CUST-555860,264,42,79,14.04,33,08:00-10:00,None,80.2,0.27,No,0,7,Social,1.54,56,99.82,3,No,8.32,Single,N/A
b344fb29-9018-455c-ae82-534c24be8b2a,2026-04-27,CUST-533978,173,12,173,18.43,16,08:00-10:00,Spotify,64.54,0.4,No,3554,13,News,1.32,7,98.99,2,No,4.34,Single,N/A
a36dbcdd-2a8c-4af3-9756-0a3112af7318,2025-10-19,CUST-940849,150,8,74,14.26,17,08:00-10:00,YouTube,37.06,0.33,No,0,34,Streaming,1.87,6,98.74,2,No,6.55,Single,N/A
75a3654a-9559-437a-84b0-d88bc5e57091,2025-11-13,CUST-305837,223,34,34,44.33,11,20:00-22:00,YouTube,87.9,0.27,No,0,29,Social,1.51,39,96.78,0,No,2.66,Single,N/A
3a89ef2d-b396-41b3-8da6-8f2fd0357cac,2025-11-17,CUST-847996,155,19,81,43.58,43,20:00-22:00,None,6.1,0.32,No,1354,0,Maps,1.85,30,98.24,5,No,8.75,Multiple,N/A
160bde16-9e42-4d56-ac15-2542afdead07,2026-03-03,CUST-779153,30,4,102,40.03,44,20:00-22:00,Netflix,63.74,0.25,Yes,0,15,Streaming,1.07,29,95.11,2,No,6.74,Single,N/A
490d2205-4f47-4377-9161-10f66b00962f,2025-10-27,CUST-249929,299,49,163,18.01,15,18:00-20:00,Spotify,49.38,0.16,No,0,42,Gaming,1.14,16,98.99,4,Yes,4.44,Single,N/A
b70a5268-4732-4166-ad2e-a28fad44edf2,2026-05-04,CUST-971396,142,22,158,44.42,19,20:00-22:00,YouTube,30.74,0.48,No,0,10,Gaming,0.68,41,99.09,4,No,2.64,Single,N/A
01962fa0-0c0c-4a3f-9a22-8a5710997cf4,2025-09-04,CUST-684412,103,20,23,32.06,33,20:00-22:00,YouTube,87.9,0.34,No,0,25,News,1.15,15,98.93,1,Yes,7.32,Single,N/A
311440ae-3793-4948-bab2-27a58889cc81,2026-04-16,CUST-838493,165,28,190,23.78,46,18:00-20:00,Spotify,54.2,0.64,No,0,1,Social,1.83,56,98.24,0,No,7.98,Single,N/A
9b95d7e4-1ab5-4751-93d4-46f3648c7eda,2025-12-13,CUST-576269,27,45,43,2.48,49,18:00-20:00,Netflix,35.82,0.63,No,0,37,News,1.04,50,99.5,0,Yes,3.06,Single,N/A
8d1f0aa6-cd13-4b21-ba73-5771f6f516f3,2026-02-11,CUST-278472,223,6,9,20.19,49,12:00-14:00,YouTube,78.82,0.44,No,0,2,Streaming,0.55,30,95.82,0,Yes,5.67,Single,N/A
6998a3d8-7b7a-4b80-be48-24a92236075a,2026-05-14,CUST-982369,243,38,7,18.78,9,08:00-10:00,Netflix,8.23,0.21,No,0,56,News,1.93,60,96.87,3,Yes,6.76,Multiple,N/A
d2e8eb9a-2c43-48f1-af8c-7293739ba332,2026-02-26,CUST-262319,225,34,112,31.66,29,18:00-20:00,Netflix,18.36,0.1,No,9705,9,Productivity,1.51,43,99.23,1,No,1.97,Single,Germany
84de311f-87a8-4f10-9fc3-4881318f8256,2025-10-31,CUST-441014,248,25,34,28.5,14,20:00-22:00,Netflix,6.65,0.19,No,0,20,Maps,0.99,28,98.52,0,No,5.58,Single,N/A
acfe4b90-c9fe-4741-89ce-304472a567c9,2026-05-10,CUST-804022,287,37,25,47.64,20,20:00-22:00,Netflix,51.6,0.84,No,0,43,News,1.74,42,95.87,2,No,5.73,Single,N/A
b54c8da5-5f91-4b7f-a0e2-d9e1b7eefeb3,2026-03-08,CUST-310659,275,19,106,36.13,21,20:00-22:00,Netflix,99.99,0.66,Yes,7589,1,Social,1.13,40,98.85,5,No,5.9,Multiple,N/A
ad9240a6-bc01-4d70-ac8b-87bfb0f09b1b,2026-05-27,CUST-248490,175,3,177,9.42,23,12:00-14:00,Netflix,52.71,0.25,No,3327,11,Gaming,1.49,38,97.1,4,Yes,7.08,Multiple,N/A
c4b868e5-72c5-4955-8e39-79e5de6f796e,2025-12-26,CUST-970579,159,9,92,26.29,32,08:00-10:00,Spotify,15.09,0.68,No,6812,43,Maps,1.34,28,99.92,2,No,5.44,Single,N/A
5b411cd5-d1dd-42ff-9a1a-6e3ef2d8b2c3,2025-08-10,CUST-219559,125,38,153,5.79,24,12:00-14:00,None,87.88,0.11,No,0,5,Gaming,1.36,44,98.91,3,No,6.97,Single,N/A
79a9858d-d471-4d85-8540-2b4ceab43abf,2026-06-19,CUST-801047,293,19,175,18.35,47,08:00-10:00,YouTube,95.86,0.45,No,0,58,News,1.25,26,95.86,0,No,6.18,Multiple,N/A
7d31623c-d634-4d28-b628-83b6d60f5b5e,2026-02-16,CUST-365922,278,30,161,2.22,16,20:00-22:00,Spotify,40.53,0.82,No,6010,13,Gaming,1.94,36,98.44,4,No,5.65,Single,N/A
a7f05fb1-eb8f-472a-bd0f-81eae6433bc8,2025-10-23,CUST-685124,104,16,31,1.76,10,12:00-14:00,None,75,0.38,No,4389,44,Maps,0.85,28,96.29,3,No,5.61,Single,N/A
6d7dc7e0-230a-4dc4-9e9f-5623fc07e1a7,2025-11-14,CUST-549004,102,24,101,7.44,40,20:00-22:00,Spotify,70.33,0.38,Yes,0,46,Gaming,1.81,50,98.28,1,No,9.62,Single,N/A
02c04294-5b70-487c-a974-a7539a33b081,2026-03-18,CUST-227751,66,47,78,18.4,8,08:00-10:00,None,70.34,0.11,No,0,23,Maps,1.29,30,97.16,4,No,0.48,Multiple,N/A
2f7a65fa-6832-4120-8ead-c326e18cefae,2026-06-26,CUST-255923,259,8,63,32.88,37,08:00-10:00,None,36.34,0.68,No,0,22,News,1.65,48,99.01,2,No,5.87,Multiple,N/A
013a6e10-67db-4440-8f29-42738a22392c,2026-05-28,CUST-400712,165,45,15,14.26,35,18:00-20:00,Spotify,68.67,0.17,No,0,22,News,0.72,46,97.85,3,No,0.33,Multiple,N/A
a8d6856f-98a0-427d-ab69-3ea1e134eaf9,2026-04-02,CUST-149248,16,32,87,47.82,47,12:00-14:00,None,44.26,0.18,No,0,41,News,1.19,34,98.81,4,No,8.06,Single,N/A
5ac1d995-53d6-40f6-963d-397a00ad43f4,2025-08-24,CUST-242783,212,37,31,8.65,36,08:00-10:00,YouTube,58.44,0.3,No,0,26,News,0.65,6,99.11,4,No,0.84,Single,UK
981b2e8b-1eb7-4e16-aadc-47e79bd22fc4,2025-08-24,CUST-632215,115,9,115,5.43,32,20:00-22:00,Spotify,49.78,0.82,No,0,15,Social,0.65,45,99.9,1,Yes,6.25,Single,N/A
a2488b98-8c50-4688-b462-a25c34712c1d,2025-08-28,CUST-126630,131,1,6,49.18,21,08:00-10:00,Netflix,32.62,0.7,No,0,8,Streaming,1.09,58,97.51,2,No,6.85,Single,N/A
5cac5a3c-40a0-4d23-ae0b-32a69b1ce6b2,2026-06-07,CUST-892750,206,41,88,12.45,48,12:00-14:00,Spotify,63.57,0.66,Yes,0,56,Productivity,0.9,31,97.05,4,Yes,1.34,Single,Mexico
6ae6fa43-5d91-4a2e-9dd7-4cfdb59f4a62,2026-07-15,CUST-293659,157,5,137,28.57,28,18:00-20:00,None,95.75,0.12,Yes,0,59,Social,1.09,57,96.83,4,No,4.16,Single,N/A
448aea70-0a9f-4691-bda6-62cebda33fb4,2026-01-03,CUST-399899,177,47,13,28.75,33,12:00-14:00,None,18.14,0.33,No,0,47,Productivity,1.44,23,95.78,5,No,8.52,Single,N/A
d9791fb3-0f39-4a77-b9d7-0b9a35151420,2026-02-22,CUST-380255,79,6,105,6.26,23,12:00-14:00,Spotify,37.72,0.88,No,0,40,Streaming,1.18,13,99.96,4,Yes,8.7,Multiple,N/A
86b0e915-1227-4e95-bef6-d464e41e0dfb,2026-03-19,CUST-974652,180,31,78,16.56,19,18:00-20:00,Netflix,12.91,0.19,No,0,26,Maps,0.68,25,98.16,2,No,0.91,Multiple,N/A
17101f75-ff36-4328-97f7-d26139aa0fc6,2025-10-01,CUST-421846,224,40,94,32.9,12,20:00-22:00,None,25.79,0.27,No,0,10,Productivity,1.51,28,99.7,1,No,5.88,Multiple,N/A
88c9e5e9-5c00-474c-8c2e-b4114cd3b2cb,2026-04-20,CUST-798632,36,13,159,19.43,41,08:00-10:00,Netflix,83.4,0.41,No,0,27,News,1.95,55,95.08,2,Yes,4.04,Single,N/A
3f245252-651e-4ae4-bc56-4f3d1271e1e0,2026-01-03,CUST-700473,52,7,78,15.85,22,12:00-14:00,Spotify,35.87,0.5,No,0,47,Gaming,1.18,35,99.91,4,No,5.52,Single,N/A
e2218716-4a62-4a91-a0f7-a1c9a9fede11,2026-07-07,CUST-772312,12,37,175,8.92,12,18:00-20:00,None,21.84,0.81,No,0,52,News,0.86,21,98,1,Yes,5.52,Single,N/A
3b264033-f50b-4d45-9b6f-07e0f2ae28ba,2026-01-23,CUST-587015,231,32,169,17.12,35,18:00-20:00,YouTube,67.16,0.27,No,0,38,News,0.51,41,99.29,1,No,5.71,Single,N/A
ea68a074-3865-4d1a-a7ed-c0786d6c5ed7,2026-05-05,CUST-297395,78,32,194,6.54,17,20:00-22:00,Netflix,44.91,0.18,No,0,5,Streaming,1.34,38,96.05,3,No,7.81,Multiple,N/A
3c62e95c-c6f3-45f1-b5f7-565596c43a70,2025-10-24,CUST-380537,22,3,93,11.92,11,20:00-22:00,None,85.87,0.58,No,0,38,Productivity,0.97,34,96.08,3,No,9.24,Single,N/A
f0a96f4d-f23b-452f-825d-1f7d9ade83e6,2025-09-18,CUST-456043,237,3,1,27.33,24,18:00-20:00,YouTube,97.54,0.11,No,3211,30,Maps,0.64,50,98.15,4,No,7.06,Multiple,N/A
09388671-0db4-4f40-88a2-ae31e3c557fd,2025-10-04,CUST-910400,14,2,185,41.9,17,08:00-10:00,None,78.65,0.59,No,0,52,Gaming,1.52,19,99,1,No,0.49,Single,N/A
95ad6690-ff90-44b9-b74b-0faf007004f1,2025-09-17,CUST-626719,192,15,190,25.82,35,12:00-14:00,YouTube,67.05,0.15,No,194,39,Gaming,1.67,55,99.04,4,No,5.43,Multiple,N/A
5d8e4451-a754-40eb-a2b9-e22911fb6e1e,2025-08-19,CUST-856823,200,30,167,29.97,17,08:00-10:00,Netflix,56.02,0.25,No,2586,52,Streaming,1.04,52,98.1,1,Yes,2.39,Single,N/A
84e5ea62-c8d0-460b-8fac-e1f6709183db,2025-10-02,CUST-117298,22,36,132,23.85,45,18:00-20:00,YouTube,21.03,0.45,No,0,42,Productivity,0.85,58,97.42,2,No,3.63,Single,N/A
94ee807f-f8ec-41db-932f-078475472e88,2026-04-24,CUST-618316,177,36,27,36.67,10,12:00-14:00,None,5.62,0.41,No,0,25,News,1.89,20,98.36,1,Yes,5.47,Multiple,N/A
fa92694a-2279-46f0-91e0-91aa5ce6052c,2026-07-13,CUST-674293,208,17,39,41.32,24,18:00-20:00,None,73.1,0.31,No,0,20,Maps,1.2,33,97.91,1,No,9.88,Single,N/A
67725179-4d12-481a-8366-d06e0b49fc46,2026-07-06,CUST-574237,297,32,136,35.57,32,12:00-14:00,Spotify,26.58,0.18,No,0,3,News,1.19,40,97.84,3,No,3.08,Single,N/A
2cbc5217-3da0-4634-998d-945c8fe869d0,2025-08-08,CUST-236164,77,44,94,35.46,7,20:00-22:00,Netflix,8.91,0.8,No,0,26,Social,1.59,27,96.52,4,Yes,4.33,Multiple,N/A
d480c691-7478-479d-b8e0-a9161d6749c9,2025-12-01,CUST-362223,49,40,103,39.82,9,12:00-14:00,YouTube,75.76,0.26,No,5022,3,Productivity,1.94,24,96.24,1,Yes,4.41,Single,N/A
fd03ba34-b283-40e9-93ab-a46239169d8b,2026-02-08,CUST-936709,282,18,188,16.97,13,08:00-10:00,YouTube,11.76,0.86,No,0,22,Gaming,0.83,13,98.67,3,No,7.94,Multiple,N/A
2a7aca79-8c05-4fd0-a8b1-0687b001e2b0,2026-03-27,CUST-915379,155,14,150,27.02,21,18:00-20:00,None,99.7,0.89,No,3937,27,Streaming,0.66,35,98.87,2,No,9.82,Single,N/A
40c65445-59cb-414e-80ef-a5c30814a46a,2025-10-30,CUST-172575,84,48,122,12.87,42,08:00-10:00,None,21.38,0.18,No,0,27,News,0.97,25,99.21,2,Yes,1.23,Multiple,N/A
7f2c79ac-b8c3-4f70-925e-483550691f93,2026-02-26,CUST-336102,74,20,162,48.94,5,12:00-14:00,None,67.05,0.77,No,0,57,Productivity,1.26,50,97.3,0,No,8.93,Single,UK
a954d203-705a-41e5-92cb-fb578b9e22e6,2025-10-13,CUST-621172,225,44,77,5.34,49,12:00-14:00,Spotify,71.98,0.7,No,0,5,Streaming,1.55,24,98.18,0,Yes,4.74,Single,N/A
4702f5e9-baeb-44b5-82a7-bca8ab32942c,2025-12-30,CUST-994239,159,10,125,33.49,15,20:00-22:00,YouTube,68.51,0.28,No,0,59,Gaming,1.78,42,99.46,3,Yes,6.61,Multiple,N/A
cdd76431-a7c2-417a-a9b3-f5e3f91944b1,2025-10-20,CUST-536692,58,39,10,22.94,25,08:00-10:00,YouTube,43.61,0.84,No,0,42,Streaming,1.53,34,95.61,1,Yes,3.01,Single,N/A
52322a05-1455-45f3-91d2-62c0d06f8228,2025-09-09,CUST-323981,117,21,4,16.34,29,18:00-20:00,None,87.44,0.25,No,0,3,Gaming,1.57,11,97.54,1,No,7.49,Single,N/A
9fa09321-12a3-428c-810d-3143f518d71e,2026-04-29,CUST-818020,195,27,92,45.27,28,20:00-22:00,Spotify,66.84,0.87,No,0,52,Maps,1.64,42,98.03,4,No,6.33,Multiple,N/A
c0eaec1b-da9f-418e-abdf-b119c50f1d88,2025-12-14,CUST-986926,46,30,127,8.41,18,12:00-14:00,Spotify,39.05,0.37,No,0,18,Gaming,0.79,38,97.32,3,No,6.4,Multiple,N/A
022eac1f-921d-42a9-9781-ecf1967f810d,2026-05-05,CUST-288955,60,6,53,29.02,5,20:00-22:00,YouTube,56.17,0.82,Yes,0,43,News,1.15,24,97.98,2,No,7.34,Single,N/A
94b3462b-e0ec-49ff-ab96-9358342487c8,2026-02-24,CUST-493107,261,11,53,41.83,8,12:00-14:00,None,64.89,0.34,No,0,50,News,1.56,13,96.93,1,No,3.6,Single,Mexico
4afd7fcf-6603-4892-94f5-fc97dbac27b6,2026-01-11,CUST-750256,169,31,30,12.32,11,18:00-20:00,None,56.83,0.52,No,0,7,Productivity,1.28,45,99.35,5,No,8.86,Single,N/A
4cb29039-110d-43b5-9de6-e639f8ffce3c,2026-03-28,CUST-704703,176,35,139,15.32,15,12:00-14:00,YouTube,49.86,0.21,Yes,0,29,Productivity,0.86,8,95.59,3,No,1.95,Multiple,N/A
38de5dc1-3971-481c-af50-9fe2dbb448af,2026-07-13,CUST-397827,125,35,24,8.2,26,12:00-14:00,YouTube,50.1,0.16,No,0,45,Social,1.71,38,96.53,3,No,1.48,Single,N/A
4ca6e7fd-7427-42ae-b2d2-f5183d51d8c6,2025-09-17,CUST-618362,138,14,164,48.99,22,08:00-10:00,Spotify,69.92,0.71,No,0,35,Maps,0.83,38,96.46,2,No,5.76,Multiple,N/A
4d91c7ff-9c33-466a-b7d2-e60aed20ab99,2026-07-09,CUST-375505,148,7,113,6.21,19,18:00-20:00,YouTube,55.91,0.16,No,0,47,News,1.31,25,97.76,2,No,3.93,Single,N/A
3a5155b2-4e6c-4c83-82cd-63144448b1f8,2026-03-28,CUST-860371,171,8,172,12.91,8,08:00-10:00,Netflix,73.13,0.1,No,0,19,Streaming,0.54,29,96.98,2,Yes,6.65,Multiple,N/A
33d5b6ce-dc64-4904-83cd-e5721bb0a497,2025-11-08,CUST-509551,128,3,113,17.6,45,20:00-22:00,None,98.64,0.15,No,0,10,Maps,0.6,42,97.74,3,No,3.66,Multiple,N/A
b9946627-dae6-4207-936f-9159ce69bd5b,2026-07-22,CUST-380601,249,11,128,14.88,18,20:00-22:00,None,97.97,0.3,No,7992,55,Productivity,0.5,5,95.02,4,Yes,7.82,Single,N/A
6125f208-0c62-4dc7-bbdd-b7faf6ea0cb3,2026-02-06,CUST-973321,96,24,77,20.03,30,12:00-14:00,YouTube,86.22,0.38,No,2974,25,Maps,1.54,49,99.52,4,No,2.03,Single,N/A
412feb38-a4b9-43f2-81d8-c7fe418fd683,2025-11-18,CUST-252930,25,41,25,37.57,50,12:00-14:00,Netflix,58.39,0.36,No,0,4,Productivity,1.14,48,96.59,4,No,7.77,Single,N/A
e68be574-f295-4119-9951-61a55daee58f,2026-01-19,CUST-365638,76,32,163,22.3,29,12:00-14:00,None,23.84,0.54,No,2712,23,Gaming,0.73,21,95.63,4,Yes,4.1,Multiple,N/A
8ac954ff-b3fd-4856-bce5-d20e68351f68,2025-09-04,CUST-962712,183,22,35,35.1,34,12:00-14:00,None,4.73,0.87,Yes,0,27,Social,0.85,16,97.4,2,No,3.49,Multiple,Mexico
ca238a80-5f12-4aff-9dc0-c39d134a3f0d,2026-01-31,CUST-623678,224,39,86,19.38,32,18:00-20:00,YouTube,70.27,0.49,No,0,37,Streaming,1.36,50,98.95,1,No,0.3,Single,Japan
d96552d6-2332-4c94-9bbd-f1f698e80cae,2025-07-25,CUST-492604,226,47,117,6.05,36,08:00-10:00,YouTube,99.98,0.43,No,2641,8,Gaming,1.84,59,98.02,2,Yes,1.68,Single,N/A
87ffdb34-3e07-42b0-a215-5d6b8e637bcb,2026-04-11,CUST-722489,224,23,172,27.03,8,18:00-20:00,Netflix,90.3,0.5,No,0,10,News,1.82,46,99.14,5,Yes,4.94,Multiple,N/A
e3f850bc-a889-4aaa-b7ef-07a75946524d,2025-08-30,CUST-290507,186,35,197,40.42,12,18:00-20:00,Netflix,97.54,0.73,No,7781,47,News,1.27,46,95.85,3,Yes,6.66,Single,N/A
e69bcba8-cdf8-4dd5-8eb4-487a9cbd1edb,2026-01-26,CUST-212313,187,21,190,45.44,21,12:00-14:00,None,76.1,0.48,No,3494,6,News,1.8,12,96.3,2,No,5.53,Multiple,N/A
3db016b7-325b-4786-b39d-769886caac24,2026-01-02,CUST-279830,216,14,149,19.02,9,20:00-22:00,Netflix,59.14,0.5,Yes,8983,2,News,0.9,54,95.79,2,No,4.09,Multiple,N/A
9e24ebf3-4c84-4296-ab1f-d0d13da3011d,2025-12-13,CUST-358799,225,23,49,28.05,9,20:00-22:00,YouTube,60.74,0.34,No,0,33,Gaming,1.14,8,96.75,1,No,0.71,Single,N/A
ce6f0ba2-498c-4c81-968d-c3785b3421ee,2026-05-31,CUST-227914,22,24,23,42.36,13,12:00-14:00,None,73.73,0.59,No,0,46,Maps,1.04,44,97.26,3,No,4.96,Single,N/A
741adaa3-eced-4bbd-b770-1756b167eb17,2026-06-25,CUST-897285,260,48,94,41.53,21,20:00-22:00,YouTube,83.76,0.72,No,0,8,Streaming,0.82,25,98.77,3,Yes,6.94,Multiple,N/A
88133ec3-8d59-4dce-be29-12c26e9178e9,2026-06-07,CUST-965750,282,17,164,26.83,35,08:00-10:00,None,18.77,0.53,No,6406,42,Productivity,1.16,24,97.14,4,No,0.44,Single,N/A
cd808861-eb4a-4439-8881-3a4cc109f731,2025-11-06,CUST-803683,195,22,23,11.22,37,20:00-22:00,Spotify,39.53,0.46,No,0,50,Productivity,1.8,42,96.47,0,No,0.81,Multiple,N/A
fd7ed2ce-dd0e-40e9-afb9-587ac4c3c201,2026-05-16,CUST-307193,283,35,42,49.95,20,20:00-22:00,Netflix,20.01,0.77,No,0,18,Productivity,1.43,46,96.39,2,No,8.85,Single,N/A
6a1b565e-b510-49dc-9fb2-77ef599edd53,2026-04-13,CUST-300265,52,41,140,21.9,27,18:00-20:00,YouTube,86.01,0.47,No,0,54,Social,1.01,56,97.23,2,No,6.78,Single,N/A
360aa5e2-dff7-43f8-8c68-13dddbbb94a7,2025-10-05,CUST-453493,93,3,179,13.71,9,20:00-22:00,YouTube,96.96,0.52,No,0,49,Productivity,0.56,34,96.98,5,No,5.58,Multiple,N/A
03152123-4ff8-4320-b08c-42237d7f04f1,2026-03-15,CUST-440046,27,25,79,49.74,7,12:00-14:00,Spotify,93.13,0.43,No,0,51,News,1.01,24,96.06,0,No,4.68,Multiple,N/A
d0d7ecb6-7c3f-4dcf-ab1a-d82d4cea6d24,2025-12-29,CUST-491378,287,21,121,19.44,13,12:00-14:00,None,45.67,0.68,No,0,0,Social,1.53,23,97.47,1,No,6.94,Single,N/A
803d1358-3421-43d3-a036-270c35436926,2025-09-28,CUST-862718,74,36,43,45.33,32,20:00-22:00,Netflix,96.18,0.12,No,0,12,Productivity,1.93,34,96.61,3,No,2.37,Multiple,N/A
e79958a2-e873-430a-b039-acb82c3a7722,2025-07-27,CUST-977575,285,4,6,33.53,18,12:00-14:00,None,96.15,0.7,No,0,27,Productivity,1.34,26,99.42,1,No,2.14,Multiple,N/A
b033b9b8-a314-456e-b6fc-5bd11f9569e2,2026-02-04,CUST-300788,43,34,189,1.16,45,08:00-10:00,Netflix,14.4,0.5,Yes,0,25,Productivity,1.75,7,96.2,1,No,8.97,Single,N/A
27c8234c-7868-4443-9aa4-4273810c7100,2026-01-27,CUST-460597,64,40,77,7.02,11,18:00-20:00,None,76.4,0.43,No,0,40,News,1.49,19,99.34,0,Yes,8.68,Single,N/A
1a7ac07b-f722-460d-b340-ad557b82ea16,2026-05-06,CUST-907545,64,25,180,20.55,6,12:00-14:00,None,33.75,0.51,No,0,31,Social,1.57,23,95.47,1,No,9.73,Multiple,N/A
d2c2e7f3-175a-4da0-a74d-9caeb777f18c,2026-03-05,CUST-674213,159,37,57,12.25,29,18:00-20:00,Spotify,61.43,0.86,No,0,43,Streaming,0.59,42,98.37,1,No,5.37,Single,N/A
3cea159e-dc00-42e7-82e2-f740b8c17cc6,2026-01-06,CUST-961365,149,7,173,3.07,22,20:00-22:00,YouTube,88.88,0.47,No,0,31,Productivity,1.73,50,97.39,5,No,9.32,Multiple,N/A
6a32868e-4a55-43a8-b5d8-11bc16526111,2025-10-10,CUST-854686,65,14,4,29.42,21,12:00-14:00,None,75.16,0.36,No,0,24,Social,1.93,36,95.37,3,Yes,5.49,Multiple,Canada
68d76c52-7115-4c00-991d-13c795207b4d,2026-02-16,CUST-699530,221,20,136,10.67,8,18:00-20:00,Netflix,91.78,0.66,No,0,28,Streaming,0.8,15,98.51,4,No,6.83,Multiple,N/A
a661a386-91da-490f-94dd-c98dee397bfc,2026-05-14,CUST-742566,270,25,151,43.46,13,12:00-14:00,Spotify,98.25,0.76,No,9045,5,News,1.36,59,97.35,2,Yes,2.68,Multiple,N/A
e3e780e1-a1e8-4ba3-b23c-b51f99e89961,2026-06-15,CUST-345277,116,14,100,13.62,31,18:00-20:00,YouTube,10.02,0.19,Yes,0,8,News,1.57,13,95.09,2,No,9.32,Multiple,N/A
fc97a0fc-a2aa-4c99-9799-4855bcd8f862,2026-04-02,CUST-357814,253,4,200,47.31,14,12:00-14:00,None,5.94,0.17,No,0,42,News,0.79,6,95.43,3,No,4.68,Multiple,Japan
3557d9ee-aa9a-4f37-b258-ace41175a532,2025-09-22,CUST-864901,234,29,152,13.88,37,18:00-20:00,None,40.07,0.53,No,8683,45,Maps,1.66,8,98.44,3,No,0.76,Single,N/A
e8edabde-eedc-49e1-8ad2-2b500efa1f1d,2026-02-08,CUST-803951,216,26,58,30.29,20,08:00-10:00,Netflix,64.12,0.78,No,4989,25,Streaming,1.64,47,96.14,5,Yes,8.03,Single,N/A
e27a9452-853b-4b3b-8f18-e30ab958840d,2025-10-25,CUST-716012,259,13,149,15.49,25,08:00-10:00,YouTube,33.38,0.85,No,160,29,Maps,0.64,38,96.98,1,No,9.46,Single,N/A
997fc286-4c7f-4641-b7fd-ed5e325804e8,2025-07-27,CUST-247285,62,34,158,13.94,45,12:00-14:00,Spotify,6.01,0.63,No,1749,45,Maps,1.09,57,95.3,1,No,5.24,Single,N/A
ce6dedfb-f887-482a-bc94-b55fe4fec9ad,2026-01-26,CUST-500209,269,38,133,34.36,31,12:00-14:00,None,38.94,0.41,No,0,37,News,1.53,20,97.4,4,No,0.94,Single,N/A
65a20685-c502-41d5-84e9-4cbe58d5cabd,2025-12-04,CUST-805558,106,39,77,27.95,12,12:00-14:00,None,92.47,0.25,No,0,55,Productivity,1.13,30,99.59,2,No,6.45,Single,N/A
7dfd4d3d-c6ed-4491-b2fd-0e86514fdd6b,2026-05-04,CUST-534294,40,31,90,23.55,26,08:00-10:00,Spotify,11.19,0.33,No,0,9,Productivity,1.22,29,98.51,0,No,6.5,Multiple,N/A
a7e72ab7-d754-4393-848f-6efe0a15fe34,2025-09-09,CUST-338166,221,48,194,44.65,26,18:00-20:00,None,55.32,0.55,No,0,33,Streaming,1.13,11,96.33,3,No,0.07,Multiple,N/A
5d3a383c-41c5-4a37-8492-37202ebaf98f,2025-08-01,CUST-790863,229,24,111,41.59,30,18:00-20:00,None,61.76,0.36,No,0,33,Maps,0.75,45,95.14,2,No,8.93,Single,N/A
2b0ff2b3-6779-4ccd-a70f-07cdcbd2859f,2026-06-09,CUST-766574,259,20,170,19.65,21,08:00-10:00,None,52.59,0.11,No,0,42,Maps,0.98,20,97.55,3,No,3.63,Single,N/A
f21e3c16-30d6-4676-972a-c282220e96ba,2026-03-07,CUST-806117,163,50,125,43.2,27,08:00-10:00,YouTube,24.57,0.73,No,0,45,Streaming,1.88,7,96.35,1,No,3.82,Single,N/A
6ded3dec-90c2-46ed-b580-f1f29a320f5b,2026-01-04,CUST-126700,11,15,36,42.8,29,08:00-10:00,Spotify,50.14,0.69,No,0,31,Productivity,1.17,56,98.98,4,Yes,5.81,Single,N/A
610e1197-522d-4b49-a3af-6343359504bc,2026-02-17,CUST-861397,266,48,112,48.13,26,18:00-20:00,YouTube,69.32,0.12,No,0,38,Streaming,0.76,28,98.39,4,No,0.6,Multiple,Canada
972b0d49-c563-4b8f-8b7d-8fd18e4d9f59,2025-11-18,CUST-230606,49,32,153,10.09,47,20:00-22:00,None,9.05,0.48,Yes,0,58,Gaming,0.82,25,97.66,5,Yes,0.66,Single,Germany
9486f679-09e6-460e-9f41-ac9d03cb63a9,2025-08-13,CUST-676754,279,15,18,14.86,14,12:00-14:00,Netflix,38.81,0.17,Yes,0,21,Productivity,0.59,52,99.74,4,No,1.67,Multiple,N/A
96ac55ba-33ae-4f80-a4b8-3dd9d905e2e0,2025-11-07,CUST-742464,49,16,189,16.65,39,18:00-20:00,None,97.18,0.51,Yes,0,48,Gaming,1.04,37,98.84,4,No,9.79,Single,Germany
ff3c6e22-6477-44f3-a4cb-b732b837fd07,2026-06-25,CUST-454341,19,15,182,13.75,12,20:00-22:00,Netflix,56.96,0.24,No,0,5,Streaming,0.63,8,95.23,4,No,4.43,Multiple,N/A
a5620831-5537-40a3-92e1-d7341ca09f43,2025-11-19,CUST-267949,206,18,103,42.48,48,12:00-14:00,Spotify,73.38,0.26,No,0,25,Streaming,1.26,55,95.32,2,No,6.88,Single,N/A
f3803f99-9f50-49f1-b3bd-1dd759ee56b6,2026-02-03,CUST-912631,97,6,199,4.14,49,08:00-10:00,None,4.86,0.89,No,0,52,Maps,0.69,16,99.91,5,No,0.73,Single,N/A
ffc49109-43ea-4e1f-8caa-b94205d49f48,2025-08-17,CUST-461202,16,2,87,26.04,34,08:00-10:00,Spotify,0.17,0.59,No,0,54,Streaming,1.34,49,99.42,4,No,6.37,Single,N/A
83ab4fe6-0cde-4a30-9286-c77d048834ce,2026-06-24,CUST-193258,30,20,25,14.96,8,08:00-10:00,YouTube,94.1,0.61,No,0,52,Social,1.87,7,99.94,0,Yes,3.18,Single,N/A
d03b9b8d-4d7a-4f02-b32a-1b8f088c1645,2026-02-03,CUST-137612,147,39,138,11.52,25,20:00-22:00,Spotify,2,0.85,No,0,26,Gaming,1.83,21,99.62,5,No,1.14,Single,USA
7c21530b-d9de-4c5e-94bb-fdfae216e2fd,2025-11-24,CUST-430011,164,21,100,37.24,12,20:00-22:00,Spotify,9.2,0.85,No,0,35,Productivity,1.79,41,96.7,5,No,6.43,Single,N/A
437f9606-0c05-421c-b594-48b7230f2d6c,2026-06-10,CUST-236132,148,3,100,26.89,30,18:00-20:00,None,22.92,0.66,No,0,39,Streaming,1.9,14,96.53,0,No,6.97,Single,N/A
d6dccd31-6bc1-4397-9d46-3fb226a1d507,2025-08-13,CUST-723854,155,37,180,23.72,19,08:00-10:00,YouTube,51.93,0.22,No,0,24,Gaming,1.59,19,99.66,2,No,2.47,Single,N/A
6f718479-1fb8-4e61-9f05-03109cfecd8c,2025-12-11,CUST-810545,242,25,189,0.23,27,20:00-22:00,Netflix,90.24,0.58,No,0,21,Gaming,0.63,16,96.98,2,No,3.86,Single,N/A
95f81ec6-1390-4c29-9a72-3596b3f3bba9,2026-05-13,CUST-673215,116,25,19,14.91,30,20:00-22:00,None,38.31,0.63,Yes,0,45,Social,0.83,30,97.54,3,No,4.71,Single,N/A
2af23974-9a15-48e4-84b0-e09bf90bbcf3,2025-12-07,CUST-581323,288,36,100,34.05,18,08:00-10:00,Spotify,24.13,0.24,No,0,33,Productivity,1.57,32,97.21,2,No,2,Single,N/A
aa9cf28d-3a42-440d-a03b-c5be57714ab7,2026-01-28,CUST-961644,189,37,103,23.61,45,12:00-14:00,None,31.68,0.13,Yes,0,12,Social,1.15,36,97.01,3,No,6.98,Multiple,N/A
e64e57ea-cbd1-4fe9-aea7-38dccac714b9,2025-09-02,CUST-234510,68,6,198,6.74,23,12:00-14:00,Spotify,48.82,0.79,No,0,60,Gaming,0.61,10,95.98,5,No,0.36,Multiple,N/A
6b20ea9e-8209-40f5-8c28-8e98a4f574ff,2026-03-29,CUST-971253,165,15,83,4.01,42,12:00-14:00,YouTube,43.34,0.59,Yes,0,36,Productivity,1.03,34,97.62,2,Yes,8.88,Multiple,N/A
d2007584-88a9-43d4-b527-f2e899bbbc11,2026-02-03,CUST-315144,61,2,172,47.11,36,08:00-10:00,Spotify,0.16,0.72,No,0,30,Streaming,1.64,47,97.22,2,No,4.43,Multiple,N/A
3bd6131b-354b-40ab-b3f8-c6e3fc3b1daa,2026-01-01,CUST-417984,237,2,16,0.54,40,20:00-22:00,Netflix,0.91,0.51,No,0,57,Productivity,0.62,36,98.29,0,Yes,0.42,Multiple,N/A
3c3ec988-3d03-433d-ac81-57d6b48b5dd6,2025-12-15,CUST-253391,28,21,20,45.79,25,20:00-22:00,YouTube,32.58,0.85,No,0,19,Social,1.58,37,96.51,3,Yes,0.92,Single,N/A
480cf4a1-6f7a-4bc7-84b9-8a722ea03318,2026-03-24,CUST-963342,187,5,84,4.96,35,18:00-20:00,Spotify,86.07,0.38,No,0,14,Streaming,0.93,11,98.56,5,Yes,5.59,Multiple,N/A
93a6fa4d-9a36-42b2-864a-5a50dc019a7c,2025-09-16,CUST-689653,18,9,180,33.52,14,18:00-20:00,Spotify,21.5,0.3,No,0,22,Social,1.89,51,97.96,4,No,2.23,Single,N/A
1895a6ba-c034-45ca-904f-4b606327ff1f,2025-11-05,CUST-292871,10,37,100,48.93,33,08:00-10:00,YouTube,0.97,0.25,Yes,0,38,News,1.11,36,95.39,4,No,1.7,Multiple,N/A
6a9ddf3e-2a05-401f-8870-dc6716d37741,2026-04-12,CUST-180637,241,47,105,30.89,21,08:00-10:00,None,56.4,0.49,No,0,54,News,1.1,29,98.71,5,No,5.76,Multiple,N/A
aacc52d1-d044-4d6c-925a-c3081717798f,2025-10-12,CUST-801818,237,16,164,19.32,25,20:00-22:00,None,24.18,0.47,No,0,23,News,1.42,34,97.59,4,Yes,6.56,Single,N/A
b4d2f606-0c15-416b-b143-912bc9933d65,2026-05-22,CUST-974148,214,4,182,3.22,6,12:00-14:00,None,13.96,0.42,No,0,24,Social,0.97,16,97.61,1,No,0.61,Multiple,N/A
19a5acb1-6420-4fad-87fd-28dcb6b63b05,2026-06-04,CUST-130130,37,4,195,36.83,32,08:00-10:00,YouTube,70.16,0.56,No,0,8,Maps,1.79,11,95.78,3,No,0.44,Multiple,N/A
220118be-4e64-4812-a021-4f98013917f0,2026-03-27,CUST-558482,250,21,56,13.81,50,18:00-20:00,Netflix,26,0.58,No,0,57,Maps,0.56,43,97.55,2,No,8.36,Single,N/A
aaf14dab-113e-4320-acfc-e772f837a967,2025-08-30,CUST-704900,143,29,85,31.96,46,18:00-20:00,YouTube,24.75,0.17,No,5047,46,Streaming,1.53,34,98.92,2,No,2.82,Single,N/A
6911722f-e14c-4a2c-9d61-aadcb64fef66,2026-04-16,CUST-479103,270,17,50,45.3,26,20:00-22:00,None,41.99,0.26,No,1501,19,Social,0.89,51,95.39,1,No,0.71,Single,N/A
f067bb30-2507-4bd2-b3f7-9d99817ff034,2026-05-10,CUST-612763,108,45,184,18.52,17,18:00-20:00,Netflix,99.15,0.49,No,0,33,Social,1.18,37,97.16,4,No,5.03,Single,N/A
d0ec6602-0869-46a0-bef1-56dd5f38e1d9,2025-08-18,CUST-989219,225,6,91,28.28,26,12:00-14:00,Netflix,3.08,0.9,Yes,0,51,Gaming,1.03,20,99.46,2,Yes,6.7,Single,N/A
1c9a7476-8c8e-4369-9d6b-92593b7a1c97,2025-12-15,CUST-724956,187,4,162,43.07,39,18:00-20:00,None,24.2,0.17,No,0,2,Streaming,1.05,24,95.46,4,No,5.64,Single,N/A
6e8bba7d-4627-4523-8b13-1cac73cd9fc1,2025-07-26,CUST-501216,238,31,24,4.44,17,20:00-22:00,Netflix,97.01,0.37,No,6666,11,Maps,0.56,48,96.89,2,No,7.82,Single,N/A
056cc2b7-72a8-4c54-80bd-8ebecef011f7,2026-04-21,CUST-886731,75,37,101,17.63,9,12:00-14:00,Spotify,76.53,0.86,Yes,0,41,Gaming,1.74,51,99.29,1,Yes,7.9,Multiple,N/A
9c12b74b-945d-479a-a4cb-97876193ac2e,2025-08-14,CUST-547630,74,7,88,27.33,23,08:00-10:00,None,18.37,0.19,Yes,0,34,Streaming,1.83,17,98.85,5,No,1.2,Single,N/A
0a2e5572-d817-4cbf-8612-2f4d98c66471,2026-07-09,CUST-646754,142,46,110,44.07,34,08:00-10:00,Netflix,5.66,0.38,No,0,46,Social,0.63,46,95.26,1,No,8.93,Single,N/A
3fdcadec-fba0-4685-8be8-668abedaeabc,2025-10-30,CUST-844491,122,17,122,43.43,41,18:00-20:00,None,73.26,0.76,Yes,0,24,Productivity,0.69,59,96.34,0,No,2.29,Single,N/A
68b04332-2d1e-4291-9ab2-1f8a6752986f,2026-06-04,CUST-462115,248,20,12,47.33,46,20:00-22:00,Spotify,76,0.51,No,0,14,Productivity,0.88,6,97.43,1,No,8.2,Single,N/A
3add1ffc-ead4-4eaa-b67a-ccbf307ebcb5,2026-07-11,CUST-761131,171,7,127,28.45,45,18:00-20:00,None,61.04,0.69,No,0,26,Social,1.73,24,98.52,5,No,6.36,Multiple,N/A
816aa65e-9cd6-4879-ac6e-60ecadd77ddc,2026-06-03,CUST-519000,281,2,80,41.48,18,20:00-22:00,Netflix,98.72,0.14,No,0,40,News,0.98,34,95.6,3,No,4.68,Multiple,N/A
9b59a4f0-d7c7-4bab-abb7-6c451aea93f6,2025-11-03,CUST-906411,27,10,36,46.95,39,18:00-20:00,None,47.35,0.25,No,0,22,News,1.39,14,97.34,0,No,2.05,Multiple,N/A
82c22370-d2de-48ae-9ce2-54f96e42cf97,2026-03-02,CUST-815924,78,7,151,16.17,12,20:00-22:00,Netflix,11.72,0.57,Yes,0,31,Streaming,1.24,11,97.99,3,No,8.74,Single,N/A
0d50be83-352b-45d5-8091-4bc5322fec0e,2026-04-22,CUST-786470,16,6,19,21.45,20,18:00-20:00,Spotify,98.62,0.37,Yes,0,9,Maps,1.32,36,97.34,3,No,2.16,Single,N/A
d33bf1a6-39b4-48e1-a236-c0c1aa41b57d,2025-11-10,CUST-798133,128,41,132,27.7,39,18:00-20:00,Spotify,70.26,0.23,No,0,13,Maps,1.14,14,99.98,3,Yes,9.4,Multiple,N/A
cfa8642e-d40e-41ca-9a0e-ff6d61f641ad,2026-02-11,CUST-324106,16,8,140,7.94,26,12:00-14:00,Spotify,56.69,0.83,No,360,12,Social,1.41,25,99.99,3,No,6.56,Multiple,N/A
c85b3dd5-388d-4d9c-a9ce-221b908820c6,2026-07-17,CUST-341511,103,28,147,16.06,25,08:00-10:00,Spotify,29.74,0.68,No,0,37,Maps,1.75,54,97.35,4,No,0.16,Single,Mexico
2fe91768-0bc1-4e17-ac17-a6b2c1e21d3a,2025-12-29,CUST-309023,14,7,130,20.8,22,18:00-20:00,Spotify,41.05,0.88,No,0,39,Streaming,1.2,19,95.46,2,No,4.14,Single,N/A
31cd0cc4-b0e7-4b29-bbf5-e8c2da0ca239,2025-10-09,CUST-886336,256,34,109,28.77,11,08:00-10:00,None,17.78,0.72,No,0,51,Productivity,1.97,32,95.4,4,Yes,5.41,Single,N/A
8d0dd1c3-784a-48d4-bede-f21a7787edeb,2026-07-03,CUST-599507,130,50,135,22.95,8,12:00-14:00,Spotify,27.2,0.12,No,0,26,Productivity,0.55,14,99.04,1,No,6.53,Multiple,N/A
b73a75dd-3c32-41a0-a777-b996646881bd,2026-01-09,CUST-501955,246,14,129,40.84,11,20:00-22:00,Spotify,36.36,0.49,No,0,56,News,1.76,14,97.5,4,No,4.33,Single,N/A
bc54b4e7-1e27-4159-a125-4bcc502acde1,2025-09-01,CUST-283360,238,14,69,8.03,24,08:00-10:00,YouTube,38.98,0.26,No,0,49,Streaming,1.53,53,99.23,3,No,9.13,Multiple,Mexico
ed3793ee-cc46-4dd6-8a6b-0627da22056a,2026-02-14,CUST-903157,297,14,86,13.94,35,18:00-20:00,Netflix,7.72,0.32,Yes,0,46,Streaming,0.8,14,97.49,2,No,2.49,Multiple,France
8c65062a-9260-42ab-b790-f6843405eadc,2025-10-25,CUST-578549,223,43,88,47.63,33,08:00-10:00,Netflix,3.81,0.87,No,0,15,Gaming,0.66,11,96.37,3,No,3.4,Multiple,N/A
8b8a668a-ad2f-4b26-a9ee-62fe22551eef,2026-03-09,CUST-664984,148,5,127,46.32,38,08:00-10:00,YouTube,95.67,0.38,No,0,22,Social,1.28,19,96.47,5,No,6.21,Single,N/A
f9580a73-3ca2-4641-8846-0bdcab4e85f2,2025-09-23,CUST-177089,150,12,35,8.8,33,08:00-10:00,Netflix,58.61,0.17,No,0,29,Productivity,1.03,40,99.89,0,No,7.68,Single,N/A
7dde4ef0-124d-430d-9dce-ba4bf682c6b6,2025-08-24,CUST-484689,98,2,62,24.67,28,20:00-22:00,Netflix,43.26,0.38,No,0,53,Gaming,1.55,56,97.84,4,No,6.12,Single,N/A
0153cb23-b386-43f4-8b5f-827bf73cfc1b,2026-03-27,CUST-327724,167,33,128,10.35,28,12:00-14:00,None,54.12,0.76,No,0,6,Streaming,1.57,58,96.87,4,Yes,3.52,Multiple,N/A
7adf6cb0-1f55-4bbc-8f60-91a0bf33e4b6,2026-04-23,CUST-536695,70,2,192,20.59,31,12:00-14:00,None,65.48,0.23,No,0,52,Productivity,1.81,53,96.76,2,Yes,5.22,Single,N/A
1b13faa8-df3c-41a5-af8a-c4246e435be2,2026-04-26,CUST-114518,298,40,51,47.61,34,18:00-20:00,Netflix,83.17,0.33,No,0,54,Productivity,0.69,43,98.86,5,Yes,4.53,Multiple,N/A
802450e5-545c-409f-8e65-61472a42597f,2026-05-25,CUST-962769,78,43,11,15.12,32,18:00-20:00,Spotify,63.94,0.63,No,0,9,Social,0.74,18,98.87,5,No,7.64,Single,N/A
b32cd052-2cbe-4dff-8d0a-bf3587ecd647,2026-04-06,CUST-800928,206,24,130,36.34,24,20:00-22:00,None,63.66,0.58,No,0,45,Productivity,1.33,30,98.54,2,Yes,0.7,Single,N/A
3bd24bf0-a2c2-4a08-8a29-52654062838f,2025-09-04,CUST-874039,295,18,156,41.63,23,20:00-22:00,Netflix,34.98,0.63,No,0,31,Productivity,1.43,16,96.43,3,Yes,0.93,Single,N/A
7cab5eb3-ba51-46a4-934d-a5327284b8ae,2025-09-29,CUST-419085,114,36,20,47.95,48,08:00-10:00,None,3.16,0.67,No,0,45,Productivity,1.94,46,98.04,5,Yes,7.57,Single,USA
89597062-06a9-4301-8813-783bdab195e2,2025-07-31,CUST-401366,203,27,2,31.88,13,08:00-10:00,YouTube,5.56,0.35,No,7247,58,Maps,0.73,60,98.02,4,Yes,3.75,Single,Japan
a507489c-5283-4883-b1ac-8a0b113b3a96,2026-07-17,CUST-387731,39,47,118,25.45,46,12:00-14:00,None,71.3,0.5,No,0,52,Gaming,0.83,35,98.97,4,No,8.04,Single,N/A
d1f8c006-bdc4-4d06-8b8d-3b06f36f34e6,2026-03-30,CUST-201675,110,18,129,4.8,10,08:00-10:00,YouTube,91.27,0.71,No,0,3,Gaming,0.95,44,95.9,2,No,4.64,Multiple,N/A
10e2bca1-de81-42d3-9ccb-ff24641c8f91,2026-04-28,CUST-297165,205,8,81,37.39,6,18:00-20:00,YouTube,67.89,0.29,No,2879,34,Gaming,0.93,17,97.01,0,Yes,9.52,Single,N/A
3eceb3ca-b32b-467c-8e9e-d8bbe67b6b6e,2025-09-04,CUST-994448,246,8,100,5.34,48,18:00-20:00,None,40.26,0.58,No,0,24,Gaming,1.38,18,97.98,2,No,3.75,Single,N/A
a56529e6-3b82-403f-80a1-0c7495fe8e02,2026-02-10,CUST-241157,74,43,161,1.53,24,08:00-10:00,Netflix,65.9,0.87,No,0,56,Gaming,1.07,29,98.35,0,Yes,0.26,Single,N/A
d33ec2d0-2657-4905-8acc-da6474d2132c,2026-01-03,CUST-458738,288,5,26,10.39,40,12:00-14:00,Spotify,75.94,0.18,No,0,59,Streaming,1.31,59,99.96,3,Yes,5.36,Multiple,N/A
52105910-3e54-44b2-831c-39f85741e5f7,2026-05-17,CUST-857524,118,27,30,45.93,31,18:00-20:00,None,37.72,0.1,No,0,24,Productivity,0.52,28,98.07,4,Yes,8.25,Multiple,N/A
cccda571-f73d-4621-864c-046046c81fc0,2025-10-26,CUST-737300,229,47,102,14.39,38,18:00-20:00,YouTube,96.23,0.82,No,0,53,Maps,1.02,23,99.27,4,No,3.48,Multiple,N/A
1bdaef36-3f42-4749-94ca-378ea5efaa93,2025-08-04,CUST-506379,206,47,49,13.13,17,18:00-20:00,Spotify,48.75,0.39,Yes,0,12,News,1.33,20,99.37,2,Yes,1.76,Multiple,N/A
a5aeb4ae-f352-4b30-abe4-fcb3176391b0,2026-05-23,CUST-275098,78,35,110,17.84,46,08:00-10:00,None,47.12,0.85,No,4702,10,Maps,1.61,43,99.38,1,No,7.61,Single,N/A
13cce18e-d036-43c4-89ee-020edc854e70,2026-03-13,CUST-565540,159,39,112,6.92,9,08:00-10:00,Netflix,47.61,0.44,No,666,39,Productivity,0.7,14,98.72,1,No,2.48,Single,Germany
6fe89d8f-a8cf-4ab4-a90f-46594e387b14,2025-12-19,CUST-853309,108,10,6,22.17,14,18:00-20:00,YouTube,26.49,0.15,No,0,47,Gaming,0.83,52,97.59,2,No,3.43,Multiple,Mexico
c669a429-b6fb-4b1f-bdb4-5105bceec6b7,2026-06-15,CUST-898460,246,16,151,12.88,13,18:00-20:00,None,12.42,0.35,No,521,13,Streaming,1.94,27,98.89,2,No,6.47,Single,N/A
f7253684-d7c4-4c20-8e56-ceee23435fc7,2026-07-21,CUST-228939,46,24,106,46.71,8,08:00-10:00,None,12.47,0.56,No,0,16,Social,0.93,23,95.51,4,No,4.11,Multiple,N/A
e2c6ae6f-2e03-4f34-adfa-9985110430ac,2026-04-21,CUST-431803,253,10,144,33.89,26,08:00-10:00,Netflix,40.93,0.7,No,0,2,Maps,1.38,57,96.35,5,No,9.21,Multiple,N/A
501ff1ee-6e55-419f-b5b4-428cf6080283,2025-11-26,CUST-196999,183,20,180,43.89,18,20:00-22:00,YouTube,33.11,0.46,No,0,42,Streaming,0.63,17,96.1,1,Yes,4.82,Multiple,N/A
a97256b7-bb05-4643-94f2-3ba715ea8230,2026-06-23,CUST-556057,177,29,59,14.11,40,12:00-14:00,Spotify,90.77,0.54,No,0,14,Maps,1.31,13,98.94,4,No,1.52,Multiple,N/A
beade2fd-defe-4a2f-9115-70cbfcdeea74,2026-06-01,CUST-646032,85,8,26,3.46,16,20:00-22:00,Netflix,65.6,0.89,No,2039,21,Maps,1.5,26,97.99,1,No,6.84,Single,N/A
8851957d-1e8c-4d25-baff-98692e10c58c,2026-04-17,CUST-263298,209,9,176,15.02,32,20:00-22:00,YouTube,18.9,0.4,No,0,4,Productivity,1.48,22,95.98,0,No,2.91,Multiple,N/A
535e6cf4-df4a-4002-9a43-03423781ffe4,2026-01-22,CUST-666463,83,32,54,9.01,9,08:00-10:00,Netflix,96.45,0.89,Yes,3821,52,Productivity,0.63,45,96.66,4,No,8.77,Single,N/A
033a58d4-ff13-4c09-ad5c-70ce7e69c8ee,2026-05-28,CUST-691008,55,48,20,1.59,32,20:00-22:00,Spotify,62,0.27,No,0,41,News,1.48,44,97.05,4,No,0.78,Single,N/A
03b9b9e6-f39c-43d1-9645-81ea96d7601d,2026-04-09,CUST-185426,149,42,45,1.53,47,12:00-14:00,Netflix,57.47,0.56,No,0,16,Productivity,1.38,41,96.48,2,No,2.37,Single,France
8a1e39d7-1bd2-4e33-bca4-d8f48490a5ca,2026-04-23,CUST-499971,251,11,159,48.11,42,08:00-10:00,None,94.76,0.89,No,0,12,Gaming,0.68,48,97.05,1,No,4.18,Multiple,N/A
54ebea1f-0bbe-4906-833a-cdebc1e18104,2025-09-25,CUST-180790,269,38,167,33.72,18,20:00-22:00,Spotify,48.22,0.2,No,0,32,Maps,1.49,46,96.31,2,Yes,6.53,Multiple,N/A
df0827e2-fd1b-49cf-9c2d-41dbb731b06d,2025-08-31,CUST-764320,89,48,58,8.51,45,12:00-14:00,Spotify,6.48,0.24,No,0,55,Social,1.19,43,97.46,4,Yes,6.7,Single,N/A
1786ac64-16b2-48f9-be5d-9248f7668aac,2026-01-23,CUST-304173,248,31,45,18.42,29,08:00-10:00,YouTube,73.99,0.55,No,0,50,Gaming,1.39,59,95.92,1,No,7.19,Single,N/A
54385f8d-706a-462e-81c0-88df9bfd60d6,2025-08-25,CUST-814270,61,32,149,35.45,10,08:00-10:00,Spotify,83.39,0.38,Yes,0,8,Social,1.99,10,98.21,5,No,4.2,Single,Japan
8e143892-fdcb-4653-b5c8-5de7e8a83377,2025-11-17,CUST-419616,238,40,49,31.14,10,18:00-20:00,YouTube,61.38,0.45,No,0,16,Gaming,1.77,39,96.73,3,No,2.19,Single,N/A
467410ce-d97f-4141-b194-061b211f3a17,2025-09-07,CUST-565161,15,17,149,30.32,48,18:00-20:00,YouTube,51.5,0.59,No,6304,47,Streaming,1.56,6,98.78,4,No,1.03,Single,N/A
0bf232c3-6952-493f-b9cb-b524578c4b05,2025-09-11,CUST-154883,31,44,101,41.25,48,18:00-20:00,Netflix,64.89,0.85,No,0,45,Maps,1.69,44,96.11,2,Yes,9.61,Multiple,N/A
535ceb61-8df6-4119-aaca-fc0c6b0bfaa5,2025-10-02,CUST-352305,140,19,112,31.87,36,12:00-14:00,None,74.44,0.71,No,0,31,Streaming,1.5,26,98.14,3,Yes,5.66,Single,N/A
914653f2-7680-4c71-8624-ee4de6a09571,2026-01-07,CUST-683446,193,32,200,3.31,30,12:00-14:00,None,3.11,0.35,No,0,2,Social,0.99,50,97.55,0,Yes,9.82,Single,N/A
6cd890cb-c794-47da-a722-6a66202c41e9,2026-03-23,CUST-352563,141,2,57,28.83,13,12:00-14:00,YouTube,76.62,0.38,No,0,12,Streaming,1.95,13,98.71,3,No,0.23,Multiple,N/A
4a75a407-ab62-4567-858d-6f2193f7b9f3,2026-05-09,CUST-568409,33,4,90,0.81,27,12:00-14:00,None,89.33,0.14,No,0,49,News,0.63,6,98.54,2,No,1.1,Single,Japan
17e7938a-e5e5-4af4-b7a3-e9ede1ee2b2f,2026-05-19,CUST-102668,136,26,160,2.6,7,08:00-10:00,YouTube,24.88,0.89,No,0,10,News,0.71,22,95.12,5,No,6.8,Single,N/A
3ba8141c-5e06-4c7f-b566-c455fa1e893a,2026-04-07,CUST-211291,205,4,71,4.85,35,12:00-14:00,YouTube,55.2,0.77,No,0,24,Streaming,1.88,10,97.43,2,No,9.79,Single,N/A
82b1a66a-d5f2-43a1-9151-900d9459734c,2026-07-15,CUST-790289,48,36,194,20.23,42,20:00-22:00,None,5.17,0.32,No,0,19,Maps,1.82,51,99.09,4,No,2.29,Single,N/A
50f7def7-2905-48d3-9cd1-f4f0d515f5c6,2026-03-22,CUST-660642,277,43,120,7.5,46,08:00-10:00,Netflix,78.08,0.71,No,0,7,Social,0.71,48,98.98,0,Yes,0.19,Single,Japan
06e36ea5-4a5e-4169-af31-bf9a4e7ead7f,2026-04-28,CUST-126931,265,40,92,24.34,23,18:00-20:00,None,95.2,0.24,No,0,26,Social,1.75,33,98.6,3,Yes,7.35,Multiple,N/A
dfb52208-ac79-49d8-96a2-510de44a05c8,2025-08-24,CUST-791767,37,38,11,41.91,36,08:00-10:00,YouTube,50.66,0.31,Yes,0,44,Productivity,0.65,51,97.51,1,Yes,5.1,Single,N/A
413e30f2-1169-4131-b4b9-19c716917f2e,2025-09-15,CUST-480616,296,28,48,37.29,17,20:00-22:00,None,50.79,0.87,No,0,34,Streaming,1.63,53,98.99,3,No,5.19,Single,N/A
555c847e-aec0-4cf8-81b0-02f8d06d7f93,2026-04-05,CUST-156948,20,19,31,18.55,42,20:00-22:00,Spotify,19.45,0.78,No,0,31,Streaming,1.86,37,98.54,1,No,0.19,Single,N/A
c2930c50-4002-45b1-9e66-88314a86b295,2026-07-18,CUST-925225,82,34,8,5.69,15,18:00-20:00,Spotify,95.4,0.29,No,0,29,Streaming,1.64,7,96.04,5,No,5.86,Single,N/A
799ab8ce-fcca-4c87-a454-4e8f489d6b66,2026-05-09,CUST-585922,169,4,22,2.53,20,08:00-10:00,Spotify,92.06,0.84,No,7142,31,Maps,0.85,35,99.22,3,No,6.94,Single,N/A
4228d41d-c138-4cdf-9088-6b2722e70eca,2026-01-05,CUST-992930,161,45,23,28.25,34,08:00-10:00,Netflix,75.6,0.46,No,0,10,Maps,1.17,21,98.97,1,No,0.57,Single,N/A
1aedb471-ba50-4c1f-bc8b-ac725f761ed9,2025-07-31,CUST-379492,290,5,154,16.03,12,08:00-10:00,Spotify,66.64,0.37,No,0,10,Gaming,1.29,54,99.38,1,Yes,4.29,Multiple,N/A
2e81e757-538f-4822-adca-fc0dc567e7d5,2026-04-22,CUST-326729,75,41,133,43.46,29,12:00-14:00,Netflix,34.19,0.28,No,0,58,Social,1.58,14,95.29,0,Yes,8.67,Single,N/A
78cb30be-2373-4f36-996d-9387a200516f,2026-02-14,CUST-739790,244,30,66,33.55,42,18:00-20:00,Spotify,20.17,0.47,No,0,37,Social,0.51,6,96.26,5,No,7.82,Single,N/A
27597cbd-0c90-49e5-be1f-4bfd9da586b8,2025-08-26,CUST-300621,102,7,75,43.61,17,08:00-10:00,Netflix,76.32,0.74,No,7308,36,Social,1.34,7,99.4,1,No,4.62,Single,N/A
c32d8992-6403-4495-b7ce-856be6c1c11a,2026-01-20,CUST-395259,224,18,108,32.88,12,20:00-22:00,YouTube,14.68,0.1,Yes,9324,33,Social,1.13,45,99.34,3,No,0.37,Single,N/A
ec730c95-0f1d-4cff-a612-7e6bed442fdf,2026-07-22,CUST-489942,157,44,127,9.76,37,18:00-20:00,Spotify,75.75,0.18,No,0,16,News,1.86,8,98.36,3,Yes,9.46,Single,N/A
9e201e7b-2609-406a-a99e-81aaf2e32aaf,2025-10-21,CUST-873544,182,31,172,21.67,17,08:00-10:00,None,81.74,0.46,Yes,0,31,News,1.74,44,99.55,4,No,6.84,Single,N/A
e73cf8be-6459-4222-bc80-08343df6b6a6,2025-10-14,CUST-280531,61,13,65,45.48,14,18:00-20:00,None,88,0.68,No,0,1,Maps,1.5,29,99.41,3,Yes,6.24,Single,N/A
a11eeba3-7234-4575-a274-43dbb52a9a5d,2026-05-25,CUST-678511,90,38,40,32.22,22,12:00-14:00,Netflix,52.59,0.82,No,0,29,Social,1.03,15,96.08,0,No,6.47,Single,N/A
5d54826a-1b65-469c-b437-216d2af26386,2025-11-09,CUST-703214,291,28,90,46.77,41,20:00-22:00,None,71.02,0.67,No,0,30,Maps,0.74,28,97.85,3,No,6.12,Multiple,N/A
c3a8ccbe-49e3-4945-bc96-1336d9da3b6a,2025-11-15,CUST-779251,137,17,14,39.95,37,20:00-22:00,Spotify,42.99,0.18,No,6823,49,Productivity,0.63,7,98.97,1,No,8.29,Single,Mexico
4909999e-12dc-4f0d-bfc6-be723c05c6fe,2026-03-08,CUST-536618,191,43,125,39.84,13,08:00-10:00,Spotify,46.07,0.85,No,0,27,Productivity,0.78,20,96.37,4,No,1.17,Multiple,N/A
9b955582-1828-421a-bb85-9cf283d1afd1,2025-11-15,CUST-711997,19,34,137,30.05,12,08:00-10:00,Netflix,18.58,0.61,Yes,1312,40,Gaming,0.61,9,96.04,4,No,7.8,Multiple,N/A
18a2fe22-a308-49f1-be5f-7835c3d82b34,2026-06-08,CUST-702815,219,40,161,24.9,14,12:00-14:00,None,35.5,0.36,No,0,17,Productivity,1.55,6,95.01,4,Yes,6.73,Multiple,N/A
cbfb0683-50c3-4d5c-b462-ec95e874da25,2026-01-31,CUST-624586,59,34,51,28.1,7,08:00-10:00,Spotify,20.7,0.72,No,0,58,News,0.93,38,95.65,0,No,2.11,Single,N/A
f9822409-d31d-41d0-962a-dbd7bbb46c7d,2026-06-11,CUST-500352,266,9,159,42.09,40,08:00-10:00,Netflix,22.5,0.31,No,0,33,Maps,1.12,53,96.61,4,No,4.26,Single,N/A
efe10b41-a584-4eb5-a537-796ce2b774a6,2025-10-16,CUST-175930,202,25,26,41.8,12,18:00-20:00,None,11.23,0.84,No,0,25,News,0.76,37,99.18,3,No,0.16,Single,N/A
e5380f38-2e41-4c57-9c23-61cdd46beb84,2026-01-21,CUST-631835,72,6,146,44.46,16,18:00-20:00,None,72.09,0.52,No,0,58,Maps,1.7,50,95.26,3,No,6.99,Multiple,N/A
2da2b2d5-c8bd-4ba0-888d-3ad610fe0bf4,2026-04-19,CUST-702673,99,4,162,4.91,18,18:00-20:00,Spotify,69.72,0.12,No,0,20,Gaming,1.18,12,98.16,5,Yes,9.17,Single,N/A
da4a0c9f-219c-4cfb-a45a-eef4a5a22205,2026-05-30,CUST-190833,251,48,64,19.75,40,12:00-14:00,None,29.35,0.68,No,0,14,Maps,0.82,20,95.25,2,Yes,0.12,Single,N/A
3d3b0bbf-293d-4869-9055-76f3c62669cc,2025-09-06,CUST-373377,142,39,172,4.13,36,20:00-22:00,Netflix,50.08,0.76,No,0,60,Maps,1.54,20,97.59,2,No,2.73,Multiple,N/A
2da7d8d5-e5b4-4256-8aa0-647c81d93c97,2025-08-25,CUST-163741,288,41,101,2.44,35,08:00-10:00,None,0.96,0.79,Yes,0,22,Social,1.35,41,97.96,0,No,4.69,Single,N/A
496b65e9-749d-434c-9619-b7acc9c3947b,2025-08-06,CUST-846262,120,49,116,9.16,16,08:00-10:00,None,48.25,0.73,No,0,49,Maps,1.26,27,96.71,2,No,5.05,Multiple,N/A
04622c21-4893-4d46-9fe8-b54cb7e7c20c,2026-02-26,CUST-433335,212,26,97,4.92,15,08:00-10:00,YouTube,6.89,0.88,Yes,0,6,Streaming,0.97,49,99.08,0,No,0.52,Single,N/A
94bd3048-ef7b-4e6b-bed6-ea01b6a328fe,2025-11-23,CUST-599953,84,9,19,24.81,41,18:00-20:00,Netflix,99.82,0.24,No,0,52,Social,0.63,39,95.52,4,Yes,4.81,Multiple,N/A
23577fba-0ec5-4156-96b5-0547b08793c9,2026-03-17,CUST-434322,37,48,96,48.06,19,08:00-10:00,Netflix,84.45,0.73,No,0,55,Maps,1.94,10,96.94,1,No,7.42,Single,N/A
9f06b1e1-fb22-492e-a486-62a06fcb36cb,2026-02-28,CUST-537257,14,18,76,8.11,44,08:00-10:00,YouTube,79.42,0.73,No,0,32,Productivity,1.07,52,98.85,2,Yes,7.21,Multiple,N/A
1f9e8ddf-e442-40ad-8254-bf7ae727ffe8,2025-11-10,CUST-914929,81,18,187,24.35,47,18:00-20:00,YouTube,95.5,0.85,No,344,14,News,1.47,30,98.49,3,No,8.76,Single,N/A
d18344d0-9da4-4bff-859c-7be1199bb27f,2026-01-05,CUST-963053,91,32,73,46.25,50,08:00-10:00,None,63.09,0.66,No,0,9,Gaming,1.51,44,98.82,3,No,0.25,Single,N/A
56b7e299-6ee3-4b54-8607-3879f034e97f,2025-08-05,CUST-374545,9,31,111,29.35,39,08:00-10:00,Spotify,66.72,0.86,No,0,38,Maps,0.55,45,98.36,3,Yes,6.69,Multiple,N/A
50d11713-cf28-4501-8a14-2d3ec604de48,2026-06-29,CUST-849259,48,8,168,26.99,21,08:00-10:00,Spotify,6.77,0.63,No,0,56,Social,1.63,36,97.57,2,No,8.39,Multiple,N/A
fd02c5eb-c2c9-4532-8b67-f71e3bf053b9,2026-06-30,CUST-452456,55,20,101,31.79,31,20:00-22:00,Netflix,20.75,0.8,No,0,55,News,1.5,60,99.18,4,Yes,1.35,Multiple,USA
47c5d622-fbc7-402d-886f-b6558d92ee4d,2025-10-19,CUST-197504,181,10,124,4.05,44,12:00-14:00,None,1.23,0.23,No,0,50,Maps,1.47,44,96.28,4,Yes,5.22,Single,N/A
55cf703c-3721-477a-a8ae-59220f165573,2025-12-30,CUST-293564,206,37,5,5.95,34,08:00-10:00,None,6.11,0.5,No,0,35,Productivity,1.25,11,97.26,5,No,1.42,Single,N/A
8b74b4b8-a1ed-4748-b014-e748b3b7842d,2025-10-04,CUST-597531,19,24,104,15.94,33,18:00-20:00,Spotify,92.52,0.32,No,0,0,Maps,1.67,41,97.23,5,Yes,9.75,Single,N/A
5d4f762f-10b1-4a58-94d1-447d7f6126ee,2026-01-27,CUST-815944,22,21,157,7.5,32,18:00-20:00,None,5.34,0.54,No,0,30,Streaming,0.71,18,97.51,1,No,4.79,Multiple,N/A
57cbfe18-a09a-4725-b6b2-6b5a58c5e272,2025-11-08,CUST-590614,28,37,196,9.02,26,12:00-14:00,Spotify,27.73,0.79,No,0,3,Gaming,1.02,13,98.55,3,No,2.29,Multiple,N/A
cfc74cfc-b7e3-4a31-839c-3b4aab4bb86a,2025-10-05,CUST-656569,262,12,192,43.65,25,18:00-20:00,None,17.74,0.32,No,9158,43,Streaming,0.6,19,97.59,5,Yes,6.93,Single,N/A
19c478ff-c56d-47a3-a621-6afbdde9e7f3,2025-12-08,CUST-793560,258,27,66,48.77,29,18:00-20:00,None,20.46,0.65,No,0,3,Productivity,1.5,59,99.97,3,No,0.42,Single,N/A
76364556-6e4d-4c14-bd2d-93db5601c70f,2026-02-06,CUST-207555,77,3,171,31.44,49,08:00-10:00,YouTube,85.05,0.48,No,0,54,Maps,0.55,33,99.89,3,No,8.3,Multiple,N/A
32f0e30b-fcc0-4c7a-9c48-1dbaee03b7af,2026-04-25,CUST-489981,25,44,23,46.7,27,08:00-10:00,YouTube,54.15,0.78,No,0,34,Social,1.83,55,97.67,4,No,3.91,Single,N/A
55cafd21-eb3d-41b8-a0c4-be7c6d53b36b,2026-02-28,CUST-878795,297,46,45,45.65,46,12:00-14:00,None,14.3,0.84,No,8916,30,News,1.69,40,96.93,0,Yes,3.25,Multiple,N/A
505e39cd-ee8a-49b6-956c-33bbb469e656,2025-09-20,CUST-634556,268,31,50,48.18,47,18:00-20:00,Netflix,79.02,0.74,No,3345,9,Gaming,1.08,48,99.12,3,No,0.14,Single,N/A
fa20cfa1-cb53-410b-a5bd-1166f2874b82,2026-02-02,CUST-590975,237,5,30,49.93,40,20:00-22:00,Netflix,55.53,0.26,No,0,59,News,1.27,14,97.74,2,Yes,1.15,Multiple,N/A
eac93f55-131f-4d48-9f77-b6382bea7c79,2025-08-14,CUST-169074,93,24,63,31.07,22,18:00-20:00,Netflix,72.64,0.18,No,0,57,News,0.75,42,97.53,4,Yes,3.68,Multiple,N/A
5820b07b-054d-4d87-bc66-0e321f315a63,2025-12-26,CUST-326064,106,24,155,18.7,49,08:00-10:00,None,69.03,0.57,No,0,42,Gaming,1.02,33,97.58,0,No,3.02,Single,N/A
fc04c8fa-b045-487d-a604-ac46bb3a1d6a,2025-10-17,CUST-831086,218,44,37,13.47,18,12:00-14:00,Spotify,5,0.33,No,3182,20,Streaming,1.38,45,95.27,1,No,0.03,Single,N/A
8d7e4b22-8450-42a1-804c-afae94cae1d0,2025-09-23,CUST-116350,257,39,26,11.54,49,08:00-10:00,Netflix,43.51,0.38,No,0,56,Productivity,0.86,11,95.48,4,No,2.12,Multiple,N/A
6a777efe-9cb4-4433-8a60-157cba139be9,2026-02-09,CUST-866693,83,40,91,31.39,15,20:00-22:00,Spotify,73.08,0.83,No,0,56,Maps,0.92,21,97.17,2,Yes,9.83,Single,N/A
c8f967ce-9a64-4ed0-ae71-b9f24f480816,2026-03-16,CUST-299175,146,24,188,43.02,35,12:00-14:00,YouTube,56.13,0.31,No,0,29,Productivity,0.73,55,96.79,2,No,9.65,Single,N/A
be4bb6c9-4512-4956-b1ec-6137174a42a9,2025-08-17,CUST-359882,172,19,85,48.61,47,08:00-10:00,Netflix,0.56,0.15,Yes,0,50,Streaming,1.59,20,99.9,0,No,3.04,Single,N/A
475858b3-c08b-481a-a46e-1f473448178f,2025-11-27,CUST-907910,113,28,122,35.32,35,18:00-20:00,None,80.26,0.26,No,0,59,Productivity,1.37,30,95.94,2,No,3.53,Single,N/A
a158af80-a0d6-42e9-a11b-141af8d83ada,2026-07-03,CUST-343067,59,33,97,18.65,46,20:00-22:00,Netflix,40.04,0.47,No,0,52,News,0.88,31,98.96,2,No,1.73,Single,N/A
fbe5dd2a-6131-43b0-8466-761e8e64eef7,2026-02-21,CUST-448836,8,48,188,2.27,38,12:00-14:00,None,3.43,0.36,No,0,58,Maps,0.54,41,96.66,1,No,5.55,Single,N/A
22737bc6-13bb-4b1c-90cf-9b7288769b27,2026-03-07,CUST-203461,267,25,191,11.81,8,18:00-20:00,None,58.23,0.27,No,0,12,Productivity,1.4,50,96.68,4,Yes,1.47,Single,N/A
b6bcec23-8ff1-418d-a70b-c59ceb20b093,2026-01-23,CUST-937692,143,11,32,32.75,45,18:00-20:00,Spotify,13.06,0.45,No,0,30,Maps,0.95,59,97.21,4,Yes,9.59,Single,N/A
021aa3df-6aaf-47ac-a183-45b8cb16263e,2025-12-06,CUST-898113,271,5,100,17.75,34,12:00-14:00,None,0.08,0.83,No,0,6,Productivity,0.75,15,99.01,1,No,1.54,Single,N/A
a5184f2a-a117-4e4a-906b-a795e28b9ec6,2026-06-03,CUST-179666,144,13,90,33.93,10,20:00-22:00,None,48.34,0.29,No,0,33,Maps,0.78,56,97.64,0,No,2.94,Multiple,N/A
7f8fb766-1295-41e7-ac4b-0a531e1aacb3,2026-04-08,CUST-908786,201,7,116,44.43,14,20:00-22:00,Spotify,65.69,0.51,No,5697,46,News,1.3,20,98.03,4,No,9.84,Single,N/A
cd4c3954-6b91-44de-a760-ad68ee9b16bb,2026-01-25,CUST-396253,235,15,139,6.68,50,18:00-20:00,Spotify,13.25,0.68,No,0,36,Social,1.31,43,96.44,0,Yes,4.22,Single,N/A
06a9cf57-fac3-49b5-bf3a-da7e11d2df69,2026-01-24,CUST-838448,5,40,110,12.99,15,12:00-14:00,None,59.98,0.35,No,0,24,Productivity,1.71,18,95.54,2,Yes,1.01,Single,N/A
b02cc5c9-9d31-4d25-ba37-4005de9a564f,2025-10-17,CUST-863946,83,3,36,11.48,35,08:00-10:00,YouTube,13.04,0.27,No,0,7,Productivity,0.96,25,99.05,4,No,8.73,Single,N/A
10608329-2df9-4d69-ace7-6be32559f73c,2026-02-25,CUST-590099,121,28,155,21.23,22,20:00-22:00,YouTube,11.16,0.7,No,0,8,News,0.71,8,98.49,4,No,3.79,Single,UK
32ad181c-1740-4c4c-9cdc-5e46b3e4d3b7,2026-06-03,CUST-126249,155,44,26,6.85,11,18:00-20:00,Spotify,42.65,0.55,No,0,6,Gaming,1.02,19,96.25,2,Yes,6.6,Multiple,France
5a5e3c96-ca4a-4da7-941f-142972450f3d,2026-02-22,CUST-264907,17,21,15,31.09,24,12:00-14:00,YouTube,88.49,0.11,No,0,43,Maps,1.55,28,96.72,4,No,6.14,Single,N/A
468e2878-b0c9-4adb-9e60-a684a08540bf,2025-09-18,CUST-713086,97,17,25,21.2,15,20:00-22:00,YouTube,24.6,0.32,No,0,14,Maps,1.21,34,96.9,1,No,3.79,Multiple,N/A
ddcf2bbc-72d2-401b-8392-a54e71f9cd0c,2026-03-08,CUST-885509,167,33,100,31.96,6,20:00-22:00,YouTube,82.87,0.8,No,0,1,Social,0.65,36,95.66,4,No,0.29,Single,N/A
64c8f871-1b26-4d6b-896b-194eebffb6a2,2026-06-28,CUST-351205,167,26,174,19.74,12,18:00-20:00,YouTube,73.26,0.29,No,0,13,Gaming,1.78,16,97.08,2,No,4.94,Multiple,N/A
d617f609-77fd-498d-b725-88d5ac46de79,2026-03-03,CUST-519382,100,6,98,44.13,43,18:00-20:00,None,39.16,0.88,No,0,30,Gaming,1.57,29,97.45,4,Yes,6.12,Multiple,N/A
1af3cea3-9e04-42a0-b816-b67ab8e70292,2025-12-15,CUST-180164,81,42,26,10.36,42,18:00-20:00,None,15.81,0.53,Yes,0,12,Gaming,1.54,19,97.58,3,No,1.9,Single,N/A
f130fffd-f9f0-4765-a327-7315ff99ced3,2026-07-02,CUST-146148,192,27,185,8.98,32,08:00-10:00,Spotify,78.6,0.15,No,0,23,News,0.51,15,96.8,3,Yes,4.96,Single,N/A
e08b9b61-eab5-4ce8-bfae-89204174a1b3,2026-07-04,CUST-931213,141,49,75,8.7,8,20:00-22:00,Spotify,60.55,0.38,Yes,0,59,Maps,1.98,56,99.24,3,Yes,7.02,Single,N/A
348f6d79-1792-4c5e-8c7e-aaa67af1a056,2025-08-10,CUST-137492,294,33,186,2.65,33,18:00-20:00,Spotify,1.32,0.43,No,0,3,Maps,0.94,59,96.16,2,Yes,4.28,Single,N/A
995e1d26-558f-4011-8880-6c1eafd93646,2026-05-20,CUST-803717,27,3,145,10.02,44,18:00-20:00,Spotify,96.42,0.48,Yes,8962,49,Productivity,0.91,57,98.2,3,No,8.25,Multiple,N/A
5b689a2a-a9c5-4aff-ad87-85ca01f7c008,2026-04-26,CUST-144974,47,3,44,12.94,49,20:00-22:00,YouTube,10.06,0.5,No,0,20,Productivity,0.96,48,99.77,2,No,4.51,Multiple,N/A
f8ea7ef0-6276-423c-ace4-6bd3356840e5,2026-04-15,CUST-638677,48,7,121,41.39,49,08:00-10:00,None,95.84,0.34,No,0,46,Productivity,1.8,7,96.97,4,Yes,4.07,Multiple,N/A
332ece94-38ae-4b61-a40c-3c6ba044053f,2025-10-22,CUST-481931,132,15,79,2.39,34,08:00-10:00,YouTube,29.03,0.65,No,0,8,Streaming,1.6,31,99.08,4,No,6.57,Multiple,N/A
4aeba36b-d7df-4dad-81e0-e9247e472708,2025-12-02,CUST-394751,70,33,153,22.91,42,12:00-14:00,Netflix,42.77,0.43,Yes,0,4,Gaming,1.05,48,98.09,4,Yes,9.92,Single,Japan
ad1cff02-2c48-4093-b3c2-f4e20e19fffe,2025-12-10,CUST-449748,110,28,71,43.8,9,08:00-10:00,None,8.61,0.51,Yes,7016,2,Social,1.17,31,95.23,2,No,2.74,Single,N/A
8b125486-ea95-4d30-8e3e-46336d17c0ed,2025-11-07,CUST-255600,17,4,94,2.89,40,12:00-14:00,YouTube,45.9,0.13,No,0,40,Productivity,0.87,15,99.24,2,Yes,6.23,Single,N/A
360dacb1-a364-4075-8dfc-496fd1799312,2026-03-31,CUST-324981,17,34,10,2.4,45,12:00-14:00,YouTube,45.73,0.4,No,0,26,Productivity,1.4,40,95.15,2,No,8.9,Multiple,N/A
bc2fc91c-a3ea-4f8a-8b2b-cb8fcacc8fb2,2026-01-18,CUST-353041,180,37,38,26.59,20,08:00-10:00,Spotify,50.44,0.88,No,0,38,Gaming,1.72,5,95.08,4,No,1.45,Single,Mexico
0a171d05-474b-4f9d-b139-cb246e20c525,2026-05-10,CUST-302294,110,6,77,7.62,24,18:00-20:00,None,93.84,0.61,No,0,50,Gaming,0.79,56,98.24,2,No,7.05,Multiple,N/A
848a1600-e3f4-43bc-a87a-a50930a860aa,2025-12-02,CUST-196397,109,49,122,38.62,18,20:00-22:00,Netflix,2.59,0.83,No,0,33,News,0.81,23,95.38,2,Yes,9.05,Single,N/A
01275269-5ce8-49ff-bd74-b46bdf7df5f5,2026-04-12,CUST-719932,28,31,35,8.85,16,08:00-10:00,Spotify,78.1,0.44,No,0,6,Gaming,0.93,18,99.52,5,No,2.67,Multiple,Mexico
a58f78af-7789-43d2-9abc-efc870790467,2026-03-22,CUST-228022,257,1,110,31.6,48,08:00-10:00,Spotify,67.2,0.43,Yes,0,8,Social,1.96,29,95.91,2,Yes,2.64,Multiple,N/A
936c9fce-55a5-47d1-bfa5-7842989c04ff,2025-09-30,CUST-725166,10,46,100,20.15,24,18:00-20:00,Netflix,73.79,0.5,No,0,25,Streaming,1.63,45,99.86,3,No,7.2,Multiple,N/A
d0a9a6c1-de8b-4c81-a81d-71cd7f62d67e,2026-04-17,CUST-963022,201,38,58,5.97,14,12:00-14:00,Spotify,55.51,0.27,No,0,58,Maps,0.68,59,97.26,4,No,8.27,Single,N/A
a66577a9-7b25-426e-bd57-b8c39c0c90f0,2026-05-10,CUST-475478,35,33,44,16.64,11,12:00-14:00,Netflix,94.84,0.82,No,0,38,Streaming,1.49,15,96.43,3,No,3.82,Single,N/A
1b54292f-8559-4045-9284-00956b51bc80,2026-03-04,CUST-508427,61,48,156,20.9,31,20:00-22:00,YouTube,37.85,0.62,No,0,18,Streaming,0.54,22,96.96,2,No,4.83,Single,N/A
ebb3694a-fe44-41c4-a9d5-2219e2513ecb,2026-01-20,CUST-134172,164,32,55,37.32,13,18:00-20:00,None,50.13,0.5,Yes,0,11,News,1.49,14,98.93,1,Yes,7.31,Single,N/A
19664ec7-b1a3-4ab6-a2a5-951d0099f8c9,2025-12-08,CUST-645093,238,45,162,27.1,10,08:00-10:00,Spotify,93.08,0.19,Yes,0,47,Gaming,1.27,36,95.87,4,No,0.77,Single,UK
6affa45d-fd40-4db5-91bb-da59f54d9642,2025-08-28,CUST-764506,224,18,187,38.33,49,12:00-14:00,YouTube,93.64,0.84,No,2627,50,Gaming,1.22,15,97.79,2,Yes,1.86,Single,N/A
055d9e11-0827-41b3-b47d-8001d4e69931,2025-09-02,CUST-621609,39,26,145,46,49,08:00-10:00,Netflix,69.6,0.73,No,0,28,Gaming,1.46,37,96.84,4,No,8.64,Single,N/A
0ce9e1ad-33cb-42b9-ad07-de8c8166dac9,2025-09-05,CUST-661101,246,2,141,10.01,12,12:00-14:00,Spotify,32.67,0.89,No,0,58,Productivity,1.25,45,96.16,4,No,3.43,Multiple,N/A
55461ce6-15cc-4001-8e24-71f4d50488a3,2026-03-01,CUST-987589,236,40,92,34.87,48,08:00-10:00,None,23.28,0.13,No,0,45,News,0.98,36,99.48,3,Yes,0.22,Single,N/A
90bb80ae-fbdc-4c7d-bcca-8f361e0b18f7,2025-12-01,CUST-524365,184,22,22,12.15,21,08:00-10:00,Spotify,56.97,0.58,Yes,0,58,Productivity,1.36,53,96.81,5,No,9.3,Single,N/A
52e2b7e2-fa5c-47d8-9d05-f1fbe02553a2,2026-05-04,CUST-355420,181,8,139,45.37,20,20:00-22:00,None,6.78,0.66,No,0,13,Social,1.4,27,99.22,4,No,6.78,Single,N/A
ec7521c9-1355-4744-8526-f9661b5fc028,2026-07-11,CUST-268879,295,22,30,48.23,23,12:00-14:00,Netflix,42.61,0.81,No,0,58,Gaming,1.02,41,97.73,2,Yes,2.89,Multiple,N/A
de6f3148-9ed2-447e-b1ac-08eb74f0066a,2025-12-27,CUST-356918,128,49,55,22.04,33,18:00-20:00,Netflix,12.2,0.24,No,0,29,News,0.61,44,96.31,5,No,2.62,Single,N/A
ff12f6c9-c3fd-4f7b-b816-1f4e75a83ab5,2026-06-12,CUST-504845,111,36,173,26.31,48,18:00-20:00,YouTube,3.17,0.12,No,0,34,Social,1.68,53,96.52,2,Yes,9.35,Multiple,N/A
01f6790b-31ce-4b7e-8cc8-c0956dafefe6,2026-07-21,CUST-404580,78,37,62,17.11,46,12:00-14:00,None,5.79,0.63,No,0,53,News,0.83,15,98.71,0,Yes,8.16,Multiple,N/A
d5b0ffe0-0250-4a3b-93f9-f58d0a17b2ce,2025-09-23,CUST-547771,82,48,105,35.03,18,20:00-22:00,Spotify,36.97,0.41,No,8247,4,Streaming,1.99,56,95.95,2,No,8.55,Single,Mexico
ab118e68-ec31-4310-aca6-ce49c14211bb,2026-07-10,CUST-864251,90,39,185,11.86,21,20:00-22:00,Spotify,0.55,0.45,No,0,40,Streaming,1.52,35,95.45,1,No,7.5,Single,N/A
4f001fe5-f115-4e7b-978c-d607b59ca683,2026-03-15,CUST-448552,35,14,114,14.18,35,12:00-14:00,Spotify,27.82,0.6,No,0,54,News,0.91,10,95.46,2,No,4.46,Single,USA
b65b7926-1da1-4b70-9fa0-8be4ca7bedbc,2026-02-05,CUST-313615,63,35,122,40.42,5,12:00-14:00,Netflix,68.06,0.77,No,0,35,Productivity,1.54,19,97.58,3,Yes,0.17,Single,N/A
65b7e44f-76a4-4ea2-bd8f-8b229b1581fe,2025-09-08,CUST-316629,25,14,171,10.18,48,08:00-10:00,Spotify,1.4,0.8,No,7938,53,Streaming,1.85,51,95.18,1,No,1.88,Single,N/A
c62312ae-0c21-49d4-aa98-cb83d1efee61,2026-02-16,CUST-583564,90,34,172,44.79,38,18:00-20:00,None,13.05,0.57,No,7158,27,Social,0.58,7,96.21,4,No,5.46,Single,N/A
7b03f281-3797-4aeb-bd01-39be2a11b2ab,2025-08-22,CUST-921062,227,41,15,8.36,17,12:00-14:00,YouTube,22.44,0.2,No,4060,56,News,1.61,53,96.01,2,No,1.02,Single,N/A
7eac83ff-7821-4280-a4f6-102e1cc5512b,2025-10-16,CUST-134862,163,10,186,10.09,34,20:00-22:00,Netflix,87.07,0.65,No,0,38,Gaming,1.06,13,96.94,3,Yes,4.97,Multiple,N/A
3efd2277-9a75-40d6-bb15-4836b30d88e3,2025-10-30,CUST-686806,75,41,40,26.96,21,20:00-22:00,YouTube,86.89,0.66,No,0,54,Maps,0.58,53,96.66,1,No,6.33,Single,N/A
c51205e4-7c02-4599-ba17-33d337c45124,2025-12-08,CUST-571974,213,9,59,33.43,19,18:00-20:00,None,10.15,0.43,No,0,55,Maps,1.45,59,96.5,3,No,1.6,Multiple,UK
1322ce8c-ac9d-4bd7-a363-48d31122d310,2026-07-12,CUST-128891,297,4,181,28.03,49,20:00-22:00,Spotify,94.89,0.73,No,9358,3,Maps,1.4,59,96.38,3,No,9.7,Multiple,N/A
7add953e-1c7e-41db-b5ef-57cf8a93454a,2026-04-16,CUST-353735,118,37,106,16.56,25,18:00-20:00,None,0.58,0.54,No,2421,49,Maps,1.48,27,99.01,3,No,4.38,Single,N/A
88592dcc-5dc5-43fa-914e-43280d3191a4,2026-01-08,CUST-689767,296,33,180,21.69,5,18:00-20:00,None,81.82,0.82,No,0,37,Productivity,1.31,56,97.64,1,Yes,2.06,Single,N/A
262aa065-2777-4efa-a544-edae1806150a,2026-04-01,CUST-725127,62,25,112,44.22,12,18:00-20:00,None,95.5,0.47,No,0,31,Gaming,1.24,42,98.26,0,No,8.7,Multiple,France
d1a7a337-2e23-495b-a312-fe19383c0aa6,2026-02-18,CUST-603850,247,22,5,39.59,36,12:00-14:00,Spotify,70.66,0.79,Yes,0,2,Gaming,0.84,18,99.91,4,No,7.88,Single,N/A
ba18122e-972a-466d-a456-3b9897b0ea81,2025-12-14,CUST-358343,218,20,146,10.7,9,08:00-10:00,None,30.96,0.7,No,0,46,Gaming,1.45,41,97.41,1,Yes,8.91,Single,N/A
5e2d272d-9d49-4f17-9696-2a8130f396d6,2025-10-14,CUST-147838,284,42,137,44.93,46,18:00-20:00,YouTube,16.62,0.28,No,0,17,News,1.82,50,99.42,4,No,9.43,Single,N/A
eb8ff610-3955-4741-87a7-c83f16d63b74,2025-12-18,CUST-110888,7,12,85,18.6,39,20:00-22:00,YouTube,87.15,0.12,No,1108,36,News,1.62,12,96.86,4,No,2.15,Multiple,N/A
e967de22-78cb-4228-b356-95062237d494,2026-05-31,CUST-202761,68,33,199,9.19,38,12:00-14:00,Spotify,80.07,0.1,No,4960,8,Maps,1.37,54,96.8,1,Yes,6.73,Single,Germany
6afbac07-10fd-4683-84e6-7de73944266e,2025-09-13,CUST-449575,219,14,176,25.75,45,12:00-14:00,None,44.11,0.89,No,0,49,Social,0.66,51,97.99,1,No,3.04,Single,N/A
2cd5cdd0-8712-4bd2-9d4a-06a5704b1cef,2026-01-08,CUST-968597,221,2,80,21.64,44,12:00-14:00,Netflix,67.92,0.28,No,0,46,Gaming,1.56,14,95.05,4,No,5.8,Single,N/A
1469fbf8-f8c3-4844-b9c7-6f9496a77d8e,2025-09-03,CUST-127880,92,33,138,11.34,11,12:00-14:00,Spotify,75.03,0.7,No,2036,11,Social,1.56,34,97.62,1,No,8.37,Single,N/A
2fac8938-86e8-4503-9345-e8d155c21a3f,2025-09-12,CUST-295452,132,6,158,38.32,9,20:00-22:00,None,85.79,0.19,No,0,29,Maps,0.94,28,95.24,3,No,3.81,Multiple,N/A
4238d995-43f1-4217-855d-9d2015e22231,2026-04-19,CUST-143943,193,43,108,10.27,24,08:00-10:00,None,66.2,0.24,No,0,33,Gaming,0.93,8,99.99,2,No,2.68,Single,N/A
0e42045a-9635-4aa6-ab6c-cb5f972c5abd,2025-12-17,CUST-408019,37,27,102,42.79,25,08:00-10:00,Spotify,21.94,0.47,No,0,42,News,0.64,24,96.01,2,No,3.37,Multiple,N/A
1ff66fab-606d-4553-b65e-21ed4a690f9d,2025-10-11,CUST-979329,63,23,196,41.86,17,12:00-14:00,None,22.57,0.87,No,0,14,Productivity,1.38,13,98.37,3,No,1.48,Single,N/A
89629656-209d-4cfc-9306-6041245e3e78,2025-12-02,CUST-704195,289,7,141,13.44,11,08:00-10:00,Netflix,8.4,0.36,No,0,4,Productivity,0.72,60,99.4,1,Yes,7.73,Multiple,N/A
a8753d54-474d-42d4-bfed-9ecb76dc072e,2026-02-25,CUST-487343,82,12,64,27.07,38,12:00-14:00,None,41.45,0.46,No,0,17,Gaming,1.48,46,98.93,4,No,7.73,Multiple,Mexico
9b21a8a3-4f79-4b03-9f52-086412a0ecad,2025-10-31,CUST-675931,90,44,124,12.75,9,20:00-22:00,YouTube,96.79,0.7,No,0,28,Streaming,1.91,31,98.44,3,No,7.58,Single,N/A
9eb0934c-694a-4b5d-bda8-8c1729ee94e8,2026-03-17,CUST-843172,209,26,73,29.69,30,18:00-20:00,None,13.58,0.66,No,2346,7,Maps,1.2,7,95.53,4,No,9.74,Single,N/A
36bbc19b-a473-4453-a8f9-bf520b44d30e,2025-08-22,CUST-538141,144,21,196,27.31,31,08:00-10:00,YouTube,91.15,0.8,No,0,53,News,1.58,45,97.46,5,No,0.01,Single,N/A
7c106c2a-25d9-4e61-88ff-6779b4d9a5da,2025-08-27,CUST-715041,9,22,177,34.9,30,20:00-22:00,YouTube,14.56,0.53,No,0,8,Productivity,0.77,21,99.96,1,No,6.73,Single,UK
e5e12f9e-5c7a-41da-94d9-d4297b50ce88,2026-03-08,CUST-962611,252,13,174,25.9,36,20:00-22:00,Spotify,79.23,0.27,No,0,11,Streaming,1.94,51,99.57,2,Yes,6.96,Single,N/A
58319671-1d23-4496-adf2-23909c9cac5b,2026-06-03,CUST-592715,127,42,76,13.46,16,12:00-14:00,Netflix,94.55,0.65,No,0,8,Social,0.56,36,99.88,3,No,8.14,Single,N/A
d422f68d-895a-45ba-a46b-2fb4d73f1eaa,2026-03-23,CUST-439459,69,35,137,18.24,27,08:00-10:00,Netflix,39.46,0.43,No,0,6,Productivity,1.56,55,96.81,0,No,8.23,Multiple,N/A
80924a8e-af95-42f6-a52b-e185c4adfe51,2026-04-07,CUST-820286,258,18,89,30.69,19,12:00-14:00,None,72.8,0.46,No,0,51,News,1.97,42,99.28,2,No,1.05,Multiple,Japan
255d1c23-2f45-48f5-8b84-fb9bb6bb150a,2025-12-03,CUST-260058,107,4,31,5.67,43,12:00-14:00,YouTube,62.55,0.32,No,0,39,Streaming,1.18,10,96.48,4,No,1.59,Single,N/A
a1ff617e-63e4-4cce-93b2-122ab1635bd9,2026-04-02,CUST-844983,64,6,145,14.16,10,08:00-10:00,Spotify,64.78,0.46,Yes,0,21,Productivity,1.02,12,95.1,2,No,2.35,Single,Japan
92a5ee8c-c00b-490f-83dc-76daea0c2024,2025-12-10,CUST-381809,183,33,10,29.65,32,08:00-10:00,Netflix,61.91,0.46,No,0,28,Streaming,1.39,11,96.21,4,Yes,6.47,Single,N/A
961962f1-892b-48f9-8f30-2a350a39c045,2026-04-27,CUST-700613,170,32,125,44.32,24,08:00-10:00,Spotify,52.54,0.69,No,0,31,Streaming,1.67,34,97.77,3,No,2.45,Single,N/A
a05021cd-293a-47ae-ae05-3cb1572f71fd,2025-09-24,CUST-338825,259,35,128,37.85,9,08:00-10:00,Spotify,32.3,0.18,No,3936,56,Productivity,0.84,13,98.13,4,No,3,Multiple,Germany
da403498-fc9c-4641-9712-6d4676a704ff,2025-10-12,CUST-400765,63,13,178,43.06,6,18:00-20:00,Spotify,57.36,0.2,No,0,9,Streaming,1.23,35,96.65,4,No,0.38,Single,N/A
5ec07273-a91b-4b04-8764-18737d1bf1f8,2026-01-17,CUST-178710,123,47,35,12.48,49,12:00-14:00,Spotify,70.83,0.33,No,0,25,Gaming,0.51,50,99.7,1,No,4.46,Multiple,N/A
46e11d6a-0a47-4bc4-b448-8ec36206ddb0,2025-12-29,CUST-794629,293,30,194,22.32,14,08:00-10:00,None,66.14,0.78,No,0,46,Maps,1.67,54,96.68,2,No,0.3,Single,N/A
8f25d003-ebe9-4b97-9b98-19133d2afca7,2026-05-21,CUST-917644,100,20,194,1.56,23,20:00-22:00,Spotify,59.98,0.79,No,0,32,Streaming,1.61,42,97.34,5,Yes,2.62,Multiple,N/A
49add6b2-640c-49d3-a66e-62ba32fb81e5,2026-06-29,CUST-487185,37,18,138,35.04,17,12:00-14:00,None,27.7,0.73,Yes,0,50,Productivity,0.89,44,95.85,1,No,4.04,Multiple,N/A
9caa3cea-e57f-4668-87b2-bec5a962a077,2026-04-06,CUST-711282,139,47,36,14.77,46,20:00-22:00,Spotify,26.43,0.17,No,0,32,Gaming,1.59,19,99.54,0,No,4.83,Single,N/A
bfd5e9ce-e5fa-4b14-994e-782e84b5b426,2026-06-27,CUST-841999,98,23,83,33.52,34,12:00-14:00,YouTube,44.88,0.18,No,0,23,Social,1.06,23,96.4,3,No,8.83,Multiple,UK
30278aa4-1d57-4bb6-8d3b-dfebac064bb1,2026-02-18,CUST-145005,98,44,107,38.9,42,08:00-10:00,Netflix,79.75,0.11,Yes,0,46,Streaming,1.47,57,97.43,0,No,5.43,Single,N/A
770062e9-2007-4693-8135-2e8a623683b7,2025-12-09,CUST-596305,68,47,107,17.42,44,08:00-10:00,Netflix,71.82,0.7,Yes,0,46,News,1.26,55,95.12,1,Yes,8.55,Multiple,N/A
ae756f79-6dac-4f3a-b9a6-46572b3544d7,2025-10-03,CUST-168234,24,44,30,45.88,29,08:00-10:00,None,10.86,0.45,No,0,47,Streaming,1.64,42,98.94,1,No,3.34,Multiple,Japan
5fd68184-c7df-4e7a-9fac-f71949523098,2026-02-26,CUST-798465,45,47,149,37.41,17,08:00-10:00,Netflix,77.6,0.41,No,0,10,Gaming,0.62,42,97.98,0,No,2.06,Multiple,N/A
53fa6841-5954-4577-acec-3f352f446ff0,2026-02-15,CUST-164429,123,47,102,47.94,24,18:00-20:00,YouTube,35.45,0.68,No,0,47,Maps,1.72,12,96.58,4,No,9.18,Single,N/A
03c53c99-1ba8-4c69-9d63-d11765d4e49c,2025-10-18,CUST-721938,241,2,1,5.67,45,12:00-14:00,Spotify,12,0.79,Yes,0,31,News,1.62,9,96.57,2,Yes,1.9,Multiple,N/A
0e300751-401d-42a2-b915-ef96a5b7eeb6,2026-03-18,CUST-823308,41,13,119,4.64,6,20:00-22:00,Spotify,50.09,0.17,No,0,36,News,1.62,25,95.54,3,No,7.48,Single,N/A
730f80ed-466d-42b8-b1da-3b870efc3ea5,2026-01-17,CUST-692166,56,36,133,10.81,25,12:00-14:00,None,81.29,0.57,No,0,34,Maps,0.96,51,98.32,1,No,2.92,Single,N/A
b8c7ad95-1fc6-4b26-a93b-5f868323931d,2026-07-01,CUST-885712,93,13,93,36.08,18,20:00-22:00,YouTube,50.1,0.89,No,9720,39,Productivity,1.35,36,95.69,3,No,3,Single,N/A
eda5acc8-b626-456c-80ad-27af0795547f,2025-10-07,CUST-542041,86,19,65,25.96,13,12:00-14:00,None,79.44,0.54,No,0,19,Gaming,1.4,11,99.96,5,Yes,5.65,Single,N/A
e2ca618a-ab91-4a26-b37d-8d58949179c8,2025-08-03,CUST-845373,275,33,77,15.06,45,20:00-22:00,YouTube,60.83,0.8,No,0,49,Gaming,1.93,14,96.33,0,Yes,0.77,Multiple,N/A
0a9acc13-8cb0-46d3-b58f-e7b1011319b4,2026-05-11,CUST-194183,205,10,87,41.79,40,18:00-20:00,Spotify,35.95,0.3,No,0,13,Streaming,1.62,7,95.58,2,No,4.09,Single,N/A
06caf74b-e197-4ef0-9bf8-cb9ea260905f,2026-06-05,CUST-840322,26,4,112,37.98,30,20:00-22:00,YouTube,86.17,0.87,No,0,43,Gaming,1.27,55,98.24,4,Yes,8.17,Single,USA
b25da7a1-1e4e-42f6-a2a3-533a3cdfb7c0,2026-05-27,CUST-722573,282,5,172,29.29,41,18:00-20:00,YouTube,47.32,0.42,No,0,41,Streaming,1.22,29,95.03,4,No,0.3,Multiple,N/A
399161fc-0112-41f7-9df3-4a858916ae4d,2026-07-14,CUST-238605,260,5,107,32.08,50,08:00-10:00,None,56.51,0.45,No,0,53,Maps,1.82,7,97.42,1,No,9.95,Multiple,N/A
bc4a1fbb-570d-4fed-b85d-9c05d165b813,2025-12-09,CUST-397761,202,44,20,25.37,31,08:00-10:00,Netflix,67.71,0.56,No,0,51,News,1.59,46,99.21,4,Yes,9.72,Multiple,Canada
ada651b8-330a-4d59-a83c-c4d503b18cb4,2025-11-01,CUST-799222,288,22,75,5.81,40,08:00-10:00,Netflix,96.09,0.34,No,0,52,Productivity,0.77,41,96.09,2,No,0.66,Single,N/A
62a753ab-9cb4-4663-82e2-5d19350550b4,2026-02-24,CUST-959054,93,42,116,26.48,47,12:00-14:00,Spotify,19.86,0.41,No,0,9,Gaming,1.43,21,99.45,5,Yes,5.7,Multiple,N/A
12b297c6-fd15-48b3-88e6-2424c5f656c1,2025-12-23,CUST-972280,227,19,49,16.06,28,20:00-22:00,YouTube,79.24,0.28,No,0,18,Social,0.51,39,96.81,4,No,1.3,Single,N/A
a7dd1da4-da33-47f2-b536-c73991712d64,2026-03-02,CUST-406444,101,32,164,18.67,15,12:00-14:00,YouTube,22.31,0.81,Yes,0,43,Gaming,0.73,20,96.35,1,No,9.28,Multiple,N/A
e54f89e6-fa6a-4f44-9ab9-c18195b5effe,2025-12-15,CUST-675042,23,24,55,33.85,6,12:00-14:00,None,95.2,0.42,No,0,6,Gaming,0.71,15,95.44,1,No,6.07,Single,Mexico
c572d0f2-b4e2-44e8-a1f5-032f3cfdbd8e,2026-07-09,CUST-952079,78,47,113,40.32,25,18:00-20:00,Netflix,50.52,0.89,No,0,58,Streaming,1,11,95.79,1,No,4.37,Multiple,N/A
ce12a6b9-0d17-41ef-b00c-46a19fc4671f,2025-08-09,CUST-700978,34,39,43,25.86,7,20:00-22:00,YouTube,75.58,0.18,No,0,50,Social,0.88,53,95.02,4,Yes,3.23,Single,N/A
d3d5c506-95d5-48ce-ad0e-8a6d18c3f78d,2026-04-07,CUST-233409,279,31,132,27.56,30,18:00-20:00,Spotify,47.41,0.77,No,0,15,Productivity,1.08,49,95.64,0,No,6.72,Single,USA
9ff396da-289d-4f15-b48e-fb7eb448dd77,2026-05-17,CUST-302888,110,37,193,48.29,16,20:00-22:00,Netflix,14.25,0.27,No,0,17,News,1.47,5,99.75,3,Yes,0.81,Single,N/A
4e347ae1-3dcd-4f5f-a809-f56ba4a2a509,2026-01-21,CUST-599778,180,34,127,44.69,22,18:00-20:00,Netflix,26.6,0.53,No,0,41,Productivity,1.62,17,96.08,1,No,7.37,Multiple,N/A
8f96a1bf-37f9-4c35-aaa5-18607b5e2f0e,2026-05-02,CUST-561157,100,27,163,46.2,20,08:00-10:00,Spotify,14.36,0.23,No,0,53,Maps,0.59,44,99.44,5,No,6.04,Single,France
ed453592-893e-451e-a8bb-ec626b79ac8d,2026-06-16,CUST-238122,141,50,127,39.12,25,20:00-22:00,YouTube,77.15,0.53,Yes,0,9,Maps,1.56,28,98.29,1,Yes,0.1,Multiple,N/A
6eb39f80-f089-4991-97b3-28dc585ce0e7,2025-09-16,CUST-640593,81,25,41,31.11,41,20:00-22:00,YouTube,54.34,0.37,No,0,1,News,1.76,57,96.12,2,Yes,2.14,Single,Germany
aca1f36b-e724-44da-8eea-1de1a5945605,2025-09-25,CUST-602660,265,21,80,29.91,46,18:00-20:00,YouTube,86.78,0.74,Yes,0,8,Social,0.71,28,98.84,3,Yes,8.76,Single,N/A
e45170af-839b-4f5a-9ede-6c24bea7dd17,2025-10-12,CUST-389897,203,32,65,12.26,48,20:00-22:00,None,97.04,0.37,No,0,8,Gaming,0.88,59,98.37,2,No,1.63,Multiple,N/A
0699d0d8-599e-4b83-8712-6d761f032fc3,2026-04-25,CUST-843994,150,44,108,37.47,16,08:00-10:00,None,82.67,0.34,No,0,40,Social,1.21,29,95.8,4,Yes,9.89,Single,N/A
d0d9a78c-e97f-440a-b8b5-599efd9ae66f,2025-09-07,CUST-391223,215,37,130,18.84,41,20:00-22:00,None,58.79,0.2,Yes,0,44,News,1.4,40,98.14,5,Yes,1.26,Multiple,N/A
a549d0ba-cb94-4dbc-8bfa-86dccb096278,2025-07-31,CUST-603398,267,16,93,30.17,16,12:00-14:00,Netflix,74.49,0.28,Yes,0,25,Productivity,0.65,44,96.9,4,No,6.22,Single,N/A
f37e771f-26b7-4a7c-90ed-e7f3a6d0e9de,2025-11-07,CUST-876602,158,5,102,13.42,28,18:00-20:00,None,67.05,0.63,No,0,1,Maps,1.9,39,98.84,4,No,8.49,Single,USA
b915a031-22fe-4f34-8727-a6b3d8f3328a,2026-02-02,CUST-704850,184,2,39,9.66,20,08:00-10:00,YouTube,44.41,0.41,No,0,40,Gaming,1.59,51,99.86,3,Yes,9.48,Single,N/A
94743447-f801-4244-9432-2cf5ce4288c4,2025-12-27,CUST-407056,119,6,135,7.1,33,08:00-10:00,Spotify,74.87,0.8,No,0,54,Social,1.62,59,99.61,2,No,5.61,Multiple,N/A
e4115e3e-bcb5-42b4-9eb4-acb439bbebdd,2025-12-06,CUST-303696,95,28,44,48.23,24,12:00-14:00,Netflix,43.81,0.44,Yes,0,54,Social,1.41,45,97.62,1,No,7.92,Single,N/A
b4a5a4a9-ce3c-43ca-b9c5-3f66e9d57a5b,2025-11-18,CUST-372539,11,43,118,10.59,42,08:00-10:00,None,56.49,0.18,No,8887,58,Social,1.39,50,98.7,5,No,8.26,Single,N/A
f8a136db-6cde-47f2-bee1-ebfd8a00848e,2025-10-07,CUST-661399,171,24,143,4.16,50,08:00-10:00,YouTube,33.65,0.39,No,0,52,Social,0.58,15,99.45,2,Yes,6.87,Single,N/A
5af4a610-679c-4c5e-b529-43f22a5a284c,2025-09-06,CUST-840625,116,23,180,30.1,23,12:00-14:00,None,50.94,0.69,No,0,47,Gaming,1.6,21,98.79,3,No,1.89,Multiple,N/A
76f1ef1b-72f2-4a19-b266-bb79faa15f8f,2026-03-30,CUST-122192,53,45,54,30.53,39,08:00-10:00,YouTube,89.22,0.53,Yes,0,33,Maps,0.86,45,99.73,2,No,6.47,Multiple,N/A
b77d9f0a-5fd3-429b-8211-d061abf67227,2025-08-10,CUST-711137,156,11,2,44.16,16,20:00-22:00,None,65.84,0.61,No,0,51,Social,1.57,36,96.87,2,No,1.14,Single,N/A
d6028cf3-cf68-4593-b43e-e5559826e4fe,2025-10-10,CUST-593414,17,30,0,35.36,11,08:00-10:00,Netflix,22.67,0.4,Yes,2367,49,Gaming,1.4,45,97.63,2,Yes,5.08,Multiple,N/A
d3049868-7dec-41e4-aa2c-286d9143f79e,2026-01-07,CUST-811201,32,41,91,49.14,10,20:00-22:00,YouTube,98.17,0.31,Yes,0,51,News,0.98,7,98.75,3,No,2.49,Multiple,N/A
5f6a8a16-3091-454b-8bb8-07e350037bfb,2025-10-04,CUST-258459,6,39,159,37.81,41,12:00-14:00,None,71.8,0.53,No,0,48,Streaming,0.92,26,97.54,4,Yes,0.8,Single,N/A
a035669f-0882-48ce-b9fe-a3756097a877,2026-03-05,CUST-196192,64,15,61,2.52,48,08:00-10:00,None,70.63,0.72,No,0,4,Maps,1.64,37,97.42,1,No,5.95,Single,N/A
ae50eac9-ba64-48ea-8bfa-4eae17185a48,2026-05-07,CUST-683878,284,29,186,42.63,29,08:00-10:00,YouTube,49.5,0.77,No,0,49,Streaming,1.79,32,95.28,3,No,1.17,Single,N/A
ee41190b-2f4c-4d2f-a665-ee26e8cff5a7,2025-10-22,CUST-149853,275,4,173,3.36,37,12:00-14:00,Spotify,67.54,0.6,No,3252,59,Productivity,1.97,11,96.48,4,No,0.75,Single,N/A
199ba1bf-5caf-40af-9f8c-d589f6d75ddd,2025-12-01,CUST-802526,144,44,169,31.22,10,08:00-10:00,None,83.94,0.84,No,0,4,Social,1.7,16,99,1,Yes,0.26,Multiple,N/A
e7e8d734-ef8b-48f9-8697-5bb86a6b4998,2026-03-20,CUST-787561,257,18,20,30.74,33,18:00-20:00,None,37.49,0.73,No,1611,42,News,1.13,43,97.63,0,No,1.14,Single,N/A
6134dc2e-727b-4cf7-829c-cb2de01f4c22,2025-09-08,CUST-427424,173,42,129,45.45,43,12:00-14:00,Netflix,31.84,0.88,No,0,6,Maps,0.57,23,95.16,3,No,1.12,Single,N/A
51fdf303-8977-4e43-b24f-b0907e671327,2026-06-23,CUST-613829,234,40,150,31.07,27,08:00-10:00,YouTube,69.89,0.49,No,9139,14,Gaming,1.35,8,95.01,0,No,9.97,Multiple,N/A
bd95a3c2-8258-445b-9647-e5419d8e535b,2026-01-07,CUST-845660,55,37,180,3.76,19,20:00-22:00,Netflix,10.37,0.41,No,0,23,Streaming,1.4,52,97.98,3,Yes,3.58,Multiple,N/A
b03c5df5-69d8-49c2-bee1-3a4842bf4bee,2026-06-04,CUST-844701,32,19,165,36.2,11,08:00-10:00,Netflix,83.87,0.64,Yes,0,3,Maps,1.34,30,95.23,3,Yes,6.44,Single,N/A
7b8fc988-4782-4057-b7e0-70a57f68faf6,2026-04-13,CUST-154924,224,6,101,32.72,14,08:00-10:00,YouTube,22.26,0.16,No,0,57,Maps,1.32,16,99.66,3,Yes,1.81,Single,N/A
20ee9ebd-7553-4607-b51e-5593a6b65ce1,2026-03-09,CUST-337391,219,6,177,3.29,31,12:00-14:00,YouTube,58.04,0.42,No,0,2,Maps,0.63,21,97.1,4,No,0.9,Single,N/A
875b8da3-97dd-4669-a0dc-a26882a5bfed,2026-06-25,CUST-650820,183,29,9,12.79,11,18:00-20:00,Netflix,53.79,0.16,No,0,50,Streaming,1.93,59,99.75,3,No,0.55,Single,N/A
0ee95781-267b-4fce-944c-14de89252c49,2025-10-19,CUST-567847,156,11,15,28.7,25,18:00-20:00,None,29.41,0.44,No,6569,31,Gaming,1.82,56,96.93,2,No,6.42,Single,N/A
e8bf86c8-bf52-498c-8028-4e950dda3e51,2025-08-02,CUST-764844,240,43,149,47,19,20:00-22:00,Spotify,86.12,0.76,No,0,56,Productivity,1.65,44,96.78,2,No,2.14,Single,N/A
f4e63112-5662-499e-8019-33c8cb8a1c2a,2025-11-18,CUST-575550,205,10,97,18.17,6,08:00-10:00,YouTube,89.55,0.42,No,0,0,News,1.91,9,99.7,4,No,0.61,Single,N/A
392804bb-e94f-4783-9cdd-8f988548f8a0,2025-08-03,CUST-854854,131,33,18,42.33,11,08:00-10:00,Spotify,2.44,0.29,No,0,40,News,0.72,56,96.48,5,No,9.3,Multiple,France
a58a5f7b-9937-4dc5-b7e5-e217d12477f5,2026-07-14,CUST-739694,48,37,189,18.74,13,18:00-20:00,Netflix,20.82,0.56,No,0,7,Maps,1.1,12,98.17,1,No,4.46,Multiple,N/A
56d40618-0fa2-44d8-9bc4-817d7870387e,2025-09-03,CUST-501122,196,27,7,38.19,46,08:00-10:00,Spotify,98.78,0.62,No,0,6,Streaming,0.97,5,98.84,4,No,9.72,Multiple,N/A
c805c962-1ea5-41ec-8685-fb06df16bfa2,2026-05-24,CUST-300551,53,27,23,37.97,27,18:00-20:00,None,12.2,0.67,No,1426,35,Streaming,1.95,35,96.78,2,Yes,0.37,Single,France
53b9567d-5245-4143-bcf4-b2e56015ebab,2026-06-01,CUST-527570,258,45,90,20.2,44,18:00-20:00,Spotify,64.63,0.23,No,0,30,Social,1.19,34,99.82,4,No,2.34,Single,N/A
a2c44a2d-466b-41aa-a6b1-b516964e190c,2025-12-23,CUST-397901,234,12,77,40.72,33,12:00-14:00,None,5.08,0.39,No,1793,47,Maps,1.24,49,95.78,3,Yes,3.38,Single,N/A
48e4d93a-a930-4efc-a871-58dd71178aa1,2025-10-07,CUST-120489,40,17,62,18.61,18,08:00-10:00,Netflix,18.48,0.19,No,0,14,Streaming,0.64,25,96.81,5,No,2.19,Single,N/A
5c50e503-4e1d-4585-9dfd-6a10ec32335b,2025-09-17,CUST-815397,45,37,113,49.28,39,18:00-20:00,None,93.21,0.72,No,0,10,Social,1.9,41,96.41,4,No,5.82,Multiple,N/A
7bafd457-2a55-492c-9c0a-f5c6967dd56d,2025-09-23,CUST-761925,268,45,46,21.69,16,18:00-20:00,None,64.6,0.22,No,0,49,Social,1.3,15,98.55,4,No,1.56,Single,N/A
af45fa52-a1fd-4014-97ca-fc082e457db0,2025-08-21,CUST-725732,221,33,159,0.54,23,08:00-10:00,YouTube,67.91,0.24,No,0,46,Social,0.64,5,96.04,4,No,2.46,Multiple,N/A
cd8ecce4-5f9a-4af8-9962-356dd4b02694,2026-03-12,CUST-559812,254,47,173,12.09,48,20:00-22:00,Netflix,5.83,0.1,No,0,46,Productivity,1.91,26,95.38,1,Yes,9.91,Single,N/A
e74c242d-844f-416d-a006-e51ed7ed0fe8,2026-04-29,CUST-588551,210,40,3,15.48,41,20:00-22:00,YouTube,31.95,0.18,No,0,52,Streaming,0.79,30,97.31,5,Yes,5.15,Single,N/A
cccff1cf-5bfb-4d01-8bfc-d93ac1b50323,2025-11-14,CUST-386999,135,40,29,12.27,17,08:00-10:00,None,20.12,0.68,No,0,9,News,1.81,18,98.51,3,No,0.3,Single,N/A
8bc4e9be-0fe3-44e6-b3c7-be9659f1a19d,2025-12-21,CUST-804310,86,12,73,4.87,26,08:00-10:00,None,33.16,0.46,Yes,0,56,Streaming,1.97,55,98.42,5,No,3.49,Single,N/A
daa16ace-d8f5-4b06-822f-dc21e755f7a0,2026-01-03,CUST-870348,144,26,132,21.95,8,08:00-10:00,Spotify,53.09,0.79,No,0,52,Maps,1.42,17,98.93,0,No,2.93,Multiple,N/A
2174b006-8768-4789-9180-de23af0bdee6,2026-04-06,CUST-323230,43,46,159,8.68,9,08:00-10:00,YouTube,14.97,0.81,No,6032,13,News,1.41,44,99.99,0,Yes,3.79,Multiple,N/A
d3d6e829-605c-4e54-bdd5-4e5f32ec54a9,2026-06-12,CUST-878468,87,44,109,46.2,40,18:00-20:00,YouTube,4.98,0.12,No,0,34,Social,0.6,5,95.88,4,No,4.85,Single,N/A
e84c3782-f987-404d-acc4-db7619a3b324,2025-07-25,CUST-483813,44,7,116,48.28,23,12:00-14:00,YouTube,85.13,0.65,No,5767,41,Productivity,0.88,29,98.98,1,No,6.73,Single,N/A
ec152ee5-b908-47ff-acab-6804a5ac8db5,2025-11-07,CUST-628228,272,11,30,1,44,18:00-20:00,Spotify,59.72,0.19,Yes,0,7,Productivity,1.32,6,96.8,1,No,2.92,Multiple,N/A
c6d8e077-0fde-4ae6-8e56-d775b5094c0c,2025-11-18,CUST-543611,250,19,84,13.82,22,12:00-14:00,YouTube,59.5,0.74,No,5601,11,Gaming,0.66,33,98.77,3,No,8.9,Single,N/A
22949092-04af-48b9-9055-77703ba76105,2025-10-17,CUST-959137,182,25,11,4.93,10,12:00-14:00,None,28.85,0.28,No,0,55,Maps,1.48,42,98.54,3,No,5.55,Single,N/A
dd038222-aad9-424a-8e6a-611c47a8d713,2026-06-26,CUST-539242,205,48,34,4.17,9,18:00-20:00,None,41.73,0.26,No,0,33,Social,0.79,52,98.62,0,No,9.32,Single,N/A
2e210759-1f22-4214-bb6a-9e101b3f9e74,2026-05-25,CUST-768614,27,43,51,41.93,19,08:00-10:00,None,22.18,0.61,No,0,50,Streaming,0.6,15,97.34,3,No,5.46,Multiple,N/A
6f23ccb2-a862-4c5f-b990-a0960f1a74a4,2026-01-26,CUST-996841,236,31,17,39.99,30,18:00-20:00,YouTube,35.97,0.7,No,0,44,Gaming,1.18,39,98.2,4,Yes,9.72,Multiple,N/A
beafefb0-b422-446f-8908-d4054ebb47f1,2025-09-07,CUST-590034,282,6,136,34.82,39,18:00-20:00,Spotify,80.7,0.88,No,0,12,Gaming,1.53,56,99.79,4,No,8.29,Multiple,N/A
f854656c-3851-4555-9b3b-a85082eb7079,2026-03-19,CUST-860993,241,20,124,32.49,23,20:00-22:00,YouTube,97.54,0.23,No,0,16,Social,0.67,22,98.24,3,No,0.46,Single,N/A
8787e1f0-81ab-4e50-a5b3-55096606b44e,2026-01-02,CUST-707378,155,43,24,21.71,44,18:00-20:00,Spotify,32,0.37,No,0,53,Maps,0.94,18,96.48,3,No,1.3,Single,N/A
fb097500-a26e-43af-a372-1fd5de1ec2f9,2026-02-26,CUST-146794,255,48,50,44.75,9,18:00-20:00,Netflix,48.81,0.51,No,0,25,Maps,0.97,27,96.5,2,No,0.53,Single,N/A
2d4e19cf-c237-4234-802c-3a6b8c68420b,2026-07-24,CUST-503597,79,8,180,19.32,45,18:00-20:00,Spotify,59.95,0.43,No,0,37,Maps,1.48,8,97.72,2,Yes,8.95,Single,N/A
3f1bf268-b411-48c9-bd8c-47dedfc39589,2026-04-30,CUST-757902,260,19,92,41.53,7,12:00-14:00,YouTube,0.23,0.9,No,0,28,Productivity,1.54,26,97.01,4,No,5.01,Single,N/A
cedcf76b-b299-41ab-a5ae-3662c058ea67,2026-03-31,CUST-236173,86,42,23,47.19,38,08:00-10:00,Spotify,19.22,0.24,No,0,21,Maps,1.16,59,98.47,3,No,8.45,Multiple,N/A
6bd6660f-d018-45d5-a401-e1404915dab6,2026-06-18,CUST-486091,252,12,188,26.91,13,08:00-10:00,Netflix,35.74,0.58,No,0,36,Streaming,1.54,44,95.2,2,No,0.48,Single,N/A
ab9e1578-bb83-4d91-b3f1-23c585d12e4c,2026-01-31,CUST-926838,66,5,138,49.63,19,12:00-14:00,Netflix,1.06,0.33,No,0,12,Maps,1.15,43,99.47,3,Yes,6.07,Single,N/A
a9154dbe-41f6-4f9f-a2ab-14d7ec178373,2025-10-04,CUST-780130,102,22,171,41.64,13,12:00-14:00,Netflix,33.1,0.25,No,0,15,Productivity,1.51,42,95.03,1,Yes,2.97,Multiple,N/A
11825800-fa63-4680-ab38-4196862f76ba,2025-10-01,CUST-512821,55,14,71,42.61,34,18:00-20:00,YouTube,74.79,0.56,No,0,35,Productivity,1.82,16,99.25,3,No,0.4,Single,N/A
02676adb-484d-4805-a3af-b8904077883e,2026-06-24,CUST-411511,103,47,85,19.54,17,20:00-22:00,Spotify,82.76,0.5,No,0,21,Productivity,0.62,35,95.03,1,No,7.01,Single,Germany
a5c2d89e-d68c-4a8c-ba35-57ea0125eb08,2025-09-26,CUST-321622,107,22,47,37.06,37,20:00-22:00,YouTube,78.68,0.57,No,0,25,Social,0.75,59,95.72,3,No,6.73,Single,N/A
d5362391-722b-425f-bd7b-11a9d27fdeb8,2026-03-16,CUST-645264,188,41,132,45.08,31,12:00-14:00,None,15.06,0.45,No,0,31,News,1.5,42,95.07,0,No,0.39,Single,N/A
fae440e4-4b12-4a43-8689-be194ba03aff,2025-12-12,CUST-929408,46,3,41,44.9,28,12:00-14:00,None,62.63,0.76,No,0,47,News,0.58,57,95.64,4,No,2.28,Multiple,N/A
ad0fd3ec-c5ae-43dd-a047-eff18baf671e,2025-08-31,CUST-419513,246,41,34,22.19,14,12:00-14:00,YouTube,34.14,0.86,No,0,27,Streaming,1.96,7,95.04,4,Yes,9.47,Multiple,UK
b3b0dff5-80f2-463c-8344-3d9f536221b5,2026-01-16,CUST-666479,85,33,108,13.92,43,18:00-20:00,YouTube,48.39,0.72,No,0,51,Maps,1.39,27,99.13,0,Yes,7.95,Single,N/A
714f4a92-7298-427a-9f8e-69dbe90e73f9,2025-10-14,CUST-162670,251,14,151,35.33,26,20:00-22:00,None,31.16,0.18,Yes,3650,19,Gaming,1.6,60,99.16,3,No,9.07,Multiple,USA
cd7af8e9-9efd-4b48-a19a-40ad1e21d2af,2025-09-16,CUST-605077,57,39,138,32.86,16,08:00-10:00,None,10.41,0.39,No,0,53,Productivity,0.73,45,99.78,4,Yes,2.09,Multiple,N/A
601f717d-b804-45d7-b784-d4ec05a7f1dc,2026-06-09,CUST-196321,179,45,147,17.13,8,20:00-22:00,None,7.07,0.41,Yes,0,26,Maps,0.79,7,95.18,4,Yes,3.21,Multiple,N/A
002d7417-6552-407c-9581-3e8472908fc2,2026-01-13,CUST-825717,242,14,46,23.14,5,12:00-14:00,YouTube,78.45,0.21,Yes,0,47,Streaming,0.62,38,97.72,3,No,5.53,Multiple,N/A
97e71173-894b-40c2-929c-e378607a0a99,2026-04-03,CUST-583890,48,23,32,30.89,26,18:00-20:00,Netflix,88.05,0.63,No,0,60,Social,0.9,54,96,0,No,3.26,Multiple,N/A
c540f352-9923-42a5-adc0-a3b23ca47f2e,2025-10-27,CUST-879404,256,39,194,16.99,15,12:00-14:00,None,97.53,0.12,No,0,52,Social,0.98,22,99.22,1,Yes,0.26,Single,N/A
7ebe7e7e-fec2-4bb3-9ce8-8891889d41ad,2026-01-09,CUST-268724,192,17,186,8.51,27,08:00-10:00,Spotify,52.18,0.11,No,0,54,Maps,1.37,59,96.08,2,No,3.78,Single,N/A
2f94c150-5a68-482e-a0c2-e67e2550db15,2026-07-17,CUST-744773,126,32,107,3.73,11,12:00-14:00,Netflix,67.88,0.81,No,0,43,Gaming,1.08,56,98.55,2,No,9.45,Single,N/A
154ec39e-c7dd-4a8e-b2f9-628c0a8d2eb0,2025-12-25,CUST-274456,74,42,146,45.37,23,20:00-22:00,None,2.19,0.34,No,0,15,Gaming,0.65,23,98.71,3,No,1.72,Single,N/A
271bedfd-52b1-4f4a-8185-f6f5ffa93ed1,2026-01-24,CUST-506718,7,37,66,40.45,28,08:00-10:00,Spotify,49.86,0.43,No,0,25,Social,0.55,27,99.58,2,Yes,8.55,Multiple,N/A
0475d0ec-5817-473c-b97f-3af05a8c570f,2026-01-19,CUST-869082,191,26,188,44.72,9,18:00-20:00,Netflix,48.68,0.48,No,0,55,Streaming,0.72,53,95.79,2,No,3.63,Multiple,N/A
908f88f5-32c9-4689-bd68-03bc8911ca56,2025-12-20,CUST-974250,220,48,157,25.45,17,20:00-22:00,YouTube,85.52,0.88,No,0,32,Productivity,1.51,18,98.22,3,Yes,3.6,Multiple,N/A
f901ebed-19de-4ce7-92a1-c965021ea44f,2025-11-24,CUST-996736,297,29,109,20.54,40,08:00-10:00,Spotify,97.09,0.21,No,1465,6,Maps,0.6,11,97.05,3,No,9.9,Single,Canada
44bb33a4-e09f-4d6e-95d0-628c509d2300,2025-09-27,CUST-277723,21,25,63,16.39,46,08:00-10:00,None,63.09,0.14,No,0,40,Streaming,1.6,52,97.19,2,No,6.42,Single,N/A
0f7dca1b-38f0-4a2b-b8d7-a7fcad5e34ad,2026-06-01,CUST-862460,273,30,123,13.7,37,08:00-10:00,Spotify,71.28,0.24,Yes,0,60,Gaming,0.99,55,97.29,4,No,8.83,Single,N/A
3c9deb0a-c0ce-4e6f-a15f-4e0d000612af,2026-03-17,CUST-191228,252,1,73,47.58,50,20:00-22:00,Spotify,35.25,0.11,No,0,41,Maps,0.94,58,97.97,0,No,0.85,Single,N/A
848a0ca0-3138-40f5-b3a9-8692c4e2dfc4,2025-08-31,CUST-961463,48,18,183,20.62,7,08:00-10:00,YouTube,68.28,0.65,No,1407,47,Gaming,0.61,17,95.58,2,No,7.91,Single,N/A
4edbd60e-0fa2-497e-a43e-f5214acef516,2026-03-27,CUST-911862,189,7,69,17.12,28,12:00-14:00,None,98.92,0.23,No,1829,3,Streaming,2,22,98.19,3,No,8.11,Multiple,N/A
1b5c2308-ec1d-41d4-9501-84d98bba5afe,2026-05-30,CUST-990169,125,25,178,25.17,7,08:00-10:00,None,5.61,0.86,No,0,37,Social,0.65,19,98.04,2,No,2.46,Single,N/A
ef445008-d686-472f-87f0-909b7173f256,2026-06-24,CUST-152714,74,42,6,15.3,44,18:00-20:00,None,94.13,0.73,No,0,1,Streaming,1.02,11,97.62,4,No,6.18,Single,USA
e4da576f-ef54-49cb-891c-6bc57ceef102,2026-05-26,CUST-689813,70,28,133,11.32,47,20:00-22:00,YouTube,26.15,0.58,No,0,39,Social,1.12,15,99.89,3,No,0.67,Single,Mexico
a909a180-cf71-4ddb-9b7f-55c6530511f6,2026-01-01,CUST-411794,73,3,71,48.35,16,08:00-10:00,YouTube,39.02,0.27,No,0,48,Productivity,1.3,47,99.71,3,No,9.47,Single,N/A
747514fd-9bc5-42f3-89a1-29113c155a45,2025-10-04,CUST-981956,257,45,127,34.67,34,20:00-22:00,Netflix,66.02,0.85,No,0,51,Streaming,1.81,19,98.68,2,No,8.64,Single,N/A
800ff2f3-5a31-4940-bc80-8bf151194fcb,2025-12-09,CUST-427828,61,11,41,16.51,6,12:00-14:00,YouTube,49.42,0.71,No,0,26,Maps,0.67,15,98.42,1,No,6.04,Single,N/A
98638c05-de4e-4b78-b628-f88c179025c4,2026-05-29,CUST-622352,176,42,132,27.48,22,20:00-22:00,None,62.93,0.38,Yes,0,12,Social,1.6,14,99.93,2,No,8.23,Single,France
35587ea2-2b9f-4c16-8b1d-1b5922ba6fb2,2026-04-18,CUST-736999,31,37,84,49.58,50,12:00-14:00,YouTube,70.49,0.26,No,0,18,Social,1.12,22,96.32,5,No,0.17,Multiple,N/A
82c2afd1-dc2d-4c6e-9ecc-b11f88d6fbaa,2026-04-25,CUST-716552,280,19,57,43.54,14,12:00-14:00,Spotify,88.06,0.11,No,7141,27,Streaming,1.29,43,97.6,1,No,5.63,Single,N/A
af231305-eb3d-43a9-9fb9-b16e4f70cf82,2026-05-02,CUST-252217,131,1,99,47.9,11,08:00-10:00,Spotify,16.24,0.8,No,0,12,Streaming,0.96,60,98.53,4,No,7.86,Multiple,N/A
9b607254-cc82-4560-bc9c-2a22c8c7c275,2026-06-11,CUST-408770,216,38,138,34.02,49,18:00-20:00,Netflix,93.01,0.5,No,0,56,Gaming,0.58,43,99.84,3,No,3.26,Single,N/A
c49b39f5-c116-454d-9428-2585ab37aef8,2025-11-05,CUST-145246,32,15,198,17.98,8,20:00-22:00,Netflix,14.1,0.36,No,9310,9,Productivity,1.56,56,98.83,0,No,9.36,Multiple,N/A
74572990-496a-422c-9895-96a5e847d5b5,2025-11-24,CUST-859299,16,41,80,34.5,13,08:00-10:00,YouTube,56.74,0.3,Yes,0,16,Productivity,1.49,11,99.32,3,No,3.94,Multiple,N/A
c27bd074-6104-48cf-8f12-72b0e2b1d25d,2026-06-26,CUST-839856,117,31,106,21.6,21,18:00-20:00,Netflix,87.32,0.71,No,0,42,Maps,1.88,27,96.01,2,No,7.91,Single,N/A
9477a5ab-619e-4702-b79c-2ea9699dc9aa,2026-05-23,CUST-836724,68,4,96,14.39,7,20:00-22:00,Spotify,64.71,0.14,Yes,0,52,Streaming,1.5,21,95.52,1,Yes,0.68,Multiple,N/A
fdc6dec5-714d-4dc8-b163-7d8ef5af3db2,2025-12-14,CUST-327636,233,44,30,41.47,49,20:00-22:00,Netflix,95.8,0.78,No,0,6,Social,0.51,38,98.85,1,No,8.42,Multiple,N/A
925e6f71-4c88-4799-845c-4d58f86802eb,2026-02-17,CUST-403250,34,9,73,12.64,47,08:00-10:00,Spotify,40.71,0.1,No,1641,35,Social,1.23,18,99.43,2,Yes,8.88,Single,N/A
66680ec1-d845-4e55-bbc1-00b569ff862b,2025-11-25,CUST-356418,234,17,148,11.48,37,08:00-10:00,Spotify,13.75,0.73,No,0,44,Productivity,0.67,44,98.08,1,No,0.45,Multiple,N/A
9d1baf56-27c4-4c7c-afe5-f2f50548de53,2026-02-22,CUST-196154,109,49,120,28.23,17,12:00-14:00,YouTube,86.38,0.18,No,0,14,News,1.14,16,97.13,3,No,4.38,Single,N/A
bf204eb8-8656-4b69-9de9-68b66994db49,2025-08-12,CUST-759180,20,2,50,7.35,9,08:00-10:00,Spotify,30.35,0.43,No,0,30,News,1.63,39,98.34,3,No,4.35,Single,N/A
47bb0ddf-11da-4aff-aff5-48abafdf92a4,2025-09-27,CUST-662723,261,24,12,47.04,41,12:00-14:00,None,46.25,0.27,No,5194,31,Social,1.16,21,97.08,4,No,0.51,Single,N/A
12656fc2-4ad9-44a6-bea0-89a4b75d42e8,2026-07-05,CUST-454544,221,50,116,2.5,38,08:00-10:00,YouTube,76.18,0.66,No,0,20,Productivity,1.35,27,99.35,3,No,0,Multiple,Canada
1ecefd86-52c3-494b-819c-dae5916ccab5,2025-09-06,CUST-319133,200,19,186,46.58,36,08:00-10:00,Netflix,86.13,0.22,Yes,0,33,News,1.61,19,98.82,0,No,7.19,Single,N/A
42769bee-4e75-449c-abf9-87c375b15d4d,2025-07-28,CUST-597991,115,10,120,25.19,9,18:00-20:00,Netflix,8.57,0.18,No,0,52,Maps,0.84,27,96.8,3,Yes,0.4,Single,N/A
7717994a-f006-4fc9-8ccc-18b3ddf75d48,2026-06-15,CUST-265888,209,39,155,49.32,17,12:00-14:00,Netflix,60.45,0.55,No,0,59,Social,1.09,57,97.32,0,No,3.59,Single,N/A
fd1926a3-5df7-4764-befc-a1697be60c9d,2026-07-16,CUST-149504,163,38,142,23.48,34,12:00-14:00,None,98.83,0.81,No,0,29,Maps,1.26,41,97.91,2,No,6.79,Single,N/A
67d929c7-6e9c-4b62-92ef-bd22a52c21e8,2025-10-04,CUST-868216,109,15,99,10.74,45,18:00-20:00,None,84.32,0.77,No,0,5,Maps,1.21,32,98.27,1,No,5.94,Single,N/A
d93047e8-a21d-49e1-a29e-4a8c34bb13cb,2026-04-28,CUST-298088,289,15,27,18.26,15,08:00-10:00,YouTube,65.06,0.62,No,0,3,Maps,0.63,54,99.07,1,No,9.23,Single,Germany
3aea1255-3044-48d5-9387-348e9d80670b,2025-09-02,CUST-871172,250,41,136,7.63,36,18:00-20:00,Netflix,90.39,0.54,No,0,58,Gaming,0.71,39,98.45,3,No,9.59,Multiple,N/A
9fb3ff28-7b6e-4e8a-bbfc-554664f2cfef,2025-12-29,CUST-938032,233,21,31,0.47,9,18:00-20:00,None,59.83,0.32,No,0,7,Gaming,1.37,56,99.79,3,Yes,3.95,Single,N/A
fa4f701f-6690-4cbb-9515-04ff713dd43b,2025-12-12,CUST-397118,204,31,26,25.14,5,08:00-10:00,None,50.81,0.39,No,7438,2,Productivity,1.32,34,96.42,4,Yes,8.99,Multiple,N/A
4bcc4bac-9715-4d05-9fe3-d03d568c0db9,2026-07-12,CUST-831273,57,12,138,11.61,23,12:00-14:00,YouTube,56.64,0.86,Yes,0,42,Streaming,1.77,11,100,5,Yes,2.78,Multiple,N/A
75a54cac-0277-44ac-9e2c-ba2c4ac7b351,2026-05-02,CUST-687031,13,38,195,27.59,15,08:00-10:00,None,94.58,0.45,No,0,57,Maps,1.29,33,97.3,2,No,5.09,Multiple,N/A
39a01f3d-d66c-4312-a08f-ad64197df2f3,2026-01-29,CUST-377785,230,20,16,41.22,42,18:00-20:00,Spotify,68.71,0.48,No,3628,42,Productivity,0.84,57,96.94,2,Yes,2.74,Single,N/A
f580c206-3b74-4fe6-a9d2-bd9013a144e9,2025-08-05,CUST-954459,40,11,112,5.02,21,12:00-14:00,YouTube,8.95,0.59,Yes,0,43,Streaming,1.52,58,96.77,4,Yes,1.09,Multiple,N/A
06b5b3b1-a9db-4232-9987-55a9087e8faa,2026-04-03,CUST-376859,74,8,18,15.37,39,08:00-10:00,YouTube,49.22,0.81,No,3619,56,Streaming,1.25,7,96.21,2,No,6.44,Multiple,N/A
b95f67c6-65bb-488b-8490-53f653eeade3,2025-08-12,CUST-185763,191,18,160,4.81,10,12:00-14:00,YouTube,3.86,0.54,No,0,39,Streaming,0.74,5,95.81,4,No,0.26,Single,N/A
9fb35b19-9648-485c-8cbd-393357765722,2026-04-14,CUST-923761,101,45,2,22.73,17,18:00-20:00,Netflix,17.86,0.25,No,253,27,News,1.87,42,95.49,2,No,1.2,Multiple,N/A
6265a0d4-c5d1-4f20-9c50-70dc5a75552a,2025-09-28,CUST-957599,66,23,181,20.81,30,18:00-20:00,None,84.49,0.26,No,0,49,News,1.71,56,99.89,3,No,2.23,Multiple,N/A
09883e62-d79e-426e-ac0b-7de691b3387d,2026-01-16,CUST-357668,275,27,39,20.91,27,18:00-20:00,Spotify,56.09,0.9,No,0,8,Social,1.53,13,96.58,1,No,1.74,Multiple,N/A
b9784fc8-6cbe-4299-8803-74c5c8dbb512,2025-08-19,CUST-999113,182,21,174,43.23,45,12:00-14:00,YouTube,97.27,0.47,Yes,0,19,Productivity,1.48,38,98.82,3,No,4.24,Multiple,N/A
8c2dcda6-6b08-4611-bbc4-77c0f4b0d040,2026-06-26,CUST-519039,108,11,139,44.02,47,12:00-14:00,None,23.78,0.27,No,0,3,Social,1.04,19,99.83,4,No,3.21,Single,N/A
c805748b-1841-4c88-974f-a03cc3b0e316,2025-10-10,CUST-879355,142,16,128,2.37,44,08:00-10:00,YouTube,95.16,0.48,No,0,59,Streaming,1.66,30,97.06,4,No,3.53,Single,N/A
4f480f26-38db-4bb0-a15c-ef8ddfe32569,2026-04-16,CUST-299535,259,16,6,32.05,25,18:00-20:00,Spotify,61.45,0.21,No,0,24,Streaming,1.25,7,95.98,4,No,4.15,Single,N/A
52a91c9f-42fc-4e0e-87b1-c62de0c73585,2025-09-10,CUST-450017,83,4,71,0.18,33,18:00-20:00,YouTube,54.77,0.77,No,0,36,News,1.11,55,97.47,2,No,5.62,Single,N/A
a8cc628f-04e4-4d7b-932b-22d0848f1cea,2025-10-11,CUST-256489,206,40,165,41.53,9,20:00-22:00,YouTube,73.22,0.35,No,0,39,News,0.77,20,99.15,0,Yes,4.08,Multiple,N/A
aafd8715-e653-461c-9078-3878df28a737,2026-05-14,CUST-667254,85,2,180,28.35,19,08:00-10:00,Spotify,88.02,0.76,No,0,9,Productivity,1.21,41,99.22,1,No,9.69,Single,N/A
29867f17-b531-4aa4-a9fe-28824f54cc0f,2026-03-02,CUST-270943,258,36,68,37.12,49,18:00-20:00,Spotify,67.86,0.75,No,0,20,Streaming,1.22,10,97.03,3,Yes,2.06,Multiple,N/A
6093b12b-4e36-4bb7-b6c7-ccde208e0606,2025-12-15,CUST-754283,33,46,8,7.02,47,20:00-22:00,YouTube,11.64,0.67,No,0,16,Productivity,1.19,50,99.18,0,No,6.68,Multiple,N/A
ffaf75eb-1b1a-40cf-8590-f9e46a254496,2026-07-04,CUST-111619,254,41,74,32.03,10,12:00-14:00,YouTube,53.54,0.82,Yes,0,46,Maps,1.07,5,96.52,0,Yes,5.93,Multiple,N/A
7c4b6a74-b26c-4944-a654-a1f3d803d6a4,2026-04-19,CUST-567406,208,4,143,22.93,15,18:00-20:00,None,43.49,0.35,Yes,0,55,News,1.81,57,99.24,2,No,1.61,Multiple,N/A
749d26e4-68fa-4714-b759-f0ea796a7b14,2025-11-23,CUST-669007,164,24,9,7.47,35,20:00-22:00,Netflix,13.47,0.38,Yes,9896,21,News,0.66,7,99.86,1,No,8.02,Single,N/A
de98a830-3605-47b5-9747-28345a1b5a43,2025-12-06,CUST-835211,149,31,198,4.22,49,20:00-22:00,YouTube,15.69,0.49,No,1955,37,Productivity,0.81,50,99.65,4,No,3.49,Single,N/A
aeb119b1-2502-4508-87db-d8ee8fb5904b,2026-07-02,CUST-321656,252,21,169,45.82,9,18:00-20:00,Netflix,21.02,0.33,No,1650,57,Productivity,0.59,11,96.58,2,No,2.93,Multiple,N/A
6ced103a-5cd8-4930-b2a2-371c2453442b,2026-03-14,CUST-118733,250,6,106,12.65,25,12:00-14:00,Netflix,34.68,0.82,No,0,5,Streaming,0.73,25,96.84,1,Yes,0.71,Multiple,N/A
d0978ce5-e64b-4542-a39f-888e5edff879,2025-09-24,CUST-877933,93,29,144,15.71,14,18:00-20:00,Netflix,73.75,0.45,No,0,26,News,1.28,13,99.79,4,Yes,8.21,Single,UK
c05bd3de-8fe9-4ce3-b562-1b0b849fe976,2026-07-11,CUST-479056,113,46,182,9.26,35,20:00-22:00,YouTube,99.53,0.19,No,3217,16,Social,1.76,53,98.34,0,No,9.51,Single,N/A
6d6e1fab-0bb4-4b35-b13e-4e20bdc5725b,2026-03-17,CUST-479297,214,11,169,41.29,40,20:00-22:00,YouTube,58.63,0.25,No,0,55,Maps,1.68,22,95.45,2,Yes,9.27,Multiple,N/A
61aca4ce-1ea7-41e0-acdf-fac2da8353ec,2026-01-01,CUST-244505,224,24,3,27.91,30,12:00-14:00,Netflix,42.51,0.36,No,0,56,Gaming,1.27,50,99.61,4,No,8.98,Single,N/A
0ac0c123-7673-4cce-9520-055b11398cef,2025-10-23,CUST-944445,45,45,30,6.99,24,08:00-10:00,None,57.49,0.39,No,0,38,Streaming,1.91,57,99.86,3,No,9.62,Multiple,N/A
b098e965-1f5c-4505-9f67-3f279ddc3192,2026-05-06,CUST-344931,202,16,130,42.49,46,20:00-22:00,Netflix,90.66,0.48,Yes,0,34,Social,1.15,57,96.66,1,No,7.94,Single,N/A
851fb7a0-1b66-4a54-8670-6d19d59b2220,2025-10-20,CUST-748685,58,39,101,11.07,35,20:00-22:00,Spotify,94.61,0.27,No,0,13,Productivity,1.99,16,99.87,3,No,3.5,Single,N/A
f7d33063-1266-4786-8f5e-1f6b340c3406,2026-07-06,CUST-305150,118,10,5,33.6,35,08:00-10:00,Netflix,32.27,0.81,No,0,12,Social,1.71,47,97.07,2,Yes,8.71,Multiple,N/A
4b42c2e1-b2ee-40d3-837a-f4f8307f9a1c,2026-05-14,CUST-778724,94,6,33,13.74,29,08:00-10:00,None,68.73,0.44,No,0,11,News,1.29,37,95,0,No,1.25,Single,N/A
e57797e0-56e8-400e-84e8-a64b2d105623,2026-02-05,CUST-788904,85,46,182,12.23,21,08:00-10:00,None,82.38,0.46,No,0,6,Gaming,1.05,30,97.73,4,No,6.59,Single,N/A
13f473b1-54de-4682-a9a0-72d559cbaae8,2025-08-05,CUST-795730,246,49,144,23.42,49,08:00-10:00,YouTube,81.6,0.68,No,0,28,Gaming,1.86,11,98.81,3,No,5.29,Single,N/A
3e575bfb-950b-47e0-946b-c507125e2661,2025-07-29,CUST-692874,244,45,85,24.8,18,20:00-22:00,Netflix,48.95,0.78,No,0,42,Social,1.69,12,99.14,2,No,3.97,Single,N/A
f3b1e49d-91d7-4478-b5d5-525e15285915,2026-04-04,CUST-210682,9,4,193,10.01,49,20:00-22:00,YouTube,35.52,0.21,No,0,26,Productivity,0.52,49,99.39,1,No,8.44,Multiple,N/A
28e52549-1789-4d1c-9b1a-6ba754fd6a5e,2026-03-03,CUST-630263,227,46,99,7.71,6,18:00-20:00,Netflix,82.31,0.44,Yes,0,60,Gaming,1.83,32,98.78,0,No,3.32,Single,N/A
fc592636-37be-4adb-a5ec-b9507c90e83f,2025-11-15,CUST-503098,53,46,155,48.66,18,20:00-22:00,Spotify,41.79,0.62,No,0,30,Productivity,0.75,53,95.39,1,No,7.68,Single,N/A
a4aca22d-4974-4ae0-8409-b6454a303f73,2025-09-28,CUST-216479,75,33,133,15.29,40,18:00-20:00,Spotify,28.64,0.53,No,0,44,Social,1.39,58,98.84,3,Yes,1.98,Multiple,N/A
4250d415-d639-40ec-914a-c3d4833a85f9,2025-12-09,CUST-585791,83,23,158,15.55,31,12:00-14:00,YouTube,54.58,0.2,No,0,8,Streaming,1.2,15,95.89,2,No,5.52,Single,Mexico
33b53122-565f-47b0-9458-13987c088c63,2025-08-28,CUST-658211,74,5,80,37.81,31,12:00-14:00,Spotify,92.44,0.66,No,0,12,Productivity,0.61,40,95.06,3,No,6.73,Multiple,N/A
52a7c3ce-eb21-4978-901a-1b659d3bbc16,2025-09-29,CUST-202597,140,49,103,43.38,33,20:00-22:00,Spotify,26.95,0.16,Yes,0,6,Streaming,1.97,54,95.81,3,Yes,1.63,Multiple,N/A
4729a307-0778-433d-8d60-c2a7fe222ae0,2025-11-09,CUST-705808,170,32,11,21.63,15,20:00-22:00,None,69.13,0.27,Yes,0,41,Productivity,1.77,24,99.5,3,No,9.93,Single,N/A
d172332a-1ca9-44c8-b9f4-4edc1c19f726,2026-04-18,CUST-960902,134,47,50,2.91,49,20:00-22:00,None,25.48,0.37,No,0,42,Social,0.96,8,96.42,3,No,9.28,Multiple,N/A
af64155c-2594-4d1b-a6ce-a4a84e385077,2026-04-19,CUST-481356,48,42,50,30.29,38,08:00-10:00,None,5.79,0.83,No,0,29,Maps,1.37,35,99.62,3,No,3.35,Single,N/A
52273187-9995-4ffd-a2a4-d4bed41fa966,2025-07-25,CUST-626908,295,22,74,25.29,19,20:00-22:00,Spotify,23.77,0.3,No,0,43,Productivity,1.51,22,96.48,0,No,8.52,Multiple,UK
74b36111-b591-4534-9c58-444cd111612a,2025-11-14,CUST-676724,266,3,92,35.81,16,12:00-14:00,None,29.09,0.8,No,0,18,Social,1.04,37,98.11,2,No,1.67,Multiple,Germany
caf81723-3e5a-46df-8c8a-4363293dc201,2026-02-23,CUST-509082,253,4,119,0.9,41,20:00-22:00,YouTube,38.62,0.65,No,0,26,Streaming,0.81,23,95.83,3,No,9.44,Single,N/A
9bbc92ad-fb10-45fd-9526-f750273ea14a,2026-05-20,CUST-763141,128,26,8,23.8,50,08:00-10:00,Spotify,73.2,0.78,No,0,35,Social,0.83,59,98.62,2,No,3.37,Multiple,N/A
ffd8f1b5-ea8e-4c11-becf-59f12ad1ba04,2025-12-11,CUST-765039,86,39,147,48.08,38,12:00-14:00,YouTube,79.7,0.59,No,0,26,Streaming,1.99,15,96.84,4,Yes,4.2,Single,N/A
703f3cd5-d3f5-41ac-8fd5-161ac3c2a3c4,2025-12-19,CUST-291309,140,37,9,16.28,14,20:00-22:00,Spotify,64.29,0.46,No,0,11,Social,0.65,39,98.05,2,Yes,4.81,Single,N/A
b894c97a-9807-48bd-a824-6142f6f0d3e2,2026-02-26,CUST-736122,22,14,6,41.08,19,12:00-14:00,None,12.36,0.22,No,0,10,Streaming,0.52,28,95.01,0,Yes,8.83,Single,N/A
4967a768-11d0-43cd-9913-6e48afaad879,2026-01-26,CUST-211885,276,48,199,26.94,40,12:00-14:00,None,37.67,0.17,No,7668,32,News,1.76,52,96.03,2,No,5.5,Single,N/A
1fd222b3-b458-45a4-8509-86924fe01321,2026-06-19,CUST-939152,224,2,144,26.82,29,12:00-14:00,None,1.13,0.6,No,0,9,Productivity,0.53,20,95.32,5,No,8.17,Single,N/A
432309cf-d79a-460c-bc3e-0eaebe3907ce,2026-04-26,CUST-739540,122,28,191,0.3,28,08:00-10:00,Spotify,14.9,0.57,No,0,52,Productivity,1.56,8,97.65,0,No,6.78,Multiple,N/A
5c305395-62b3-4238-b461-41b23ff3076c,2026-07-11,CUST-898701,238,22,78,3.61,9,20:00-22:00,YouTube,91.35,0.27,No,2390,32,Productivity,1.23,11,96.67,4,Yes,7.54,Single,N/A
384a9957-3f6b-46c0-9157-8e073be1dfd6,2025-08-06,CUST-311817,257,22,147,31.86,26,20:00-22:00,Netflix,73.12,0.8,No,0,27,Streaming,0.66,15,96.59,2,No,4.96,Multiple,N/A
6addecb1-1a2b-4cd7-b57a-12faa0705945,2025-09-26,CUST-589671,116,50,54,20.23,34,18:00-20:00,YouTube,78.76,0.73,No,2372,12,Social,0.57,51,97.5,3,Yes,0.85,Single,N/A
71be957a-9923-4930-b086-406773743af0,2025-10-28,CUST-571790,142,27,133,42.14,42,20:00-22:00,Spotify,16.8,0.34,No,880,53,Streaming,0.86,28,98.45,5,No,4.04,Single,N/A
23563180-6f46-4ef5-84e9-f934f2ef1cca,2026-05-25,CUST-669379,298,37,139,11.37,23,20:00-22:00,Spotify,11.77,0.38,No,0,58,Productivity,0.63,27,97.24,3,No,3.64,Single,N/A
de3b55f5-6a6d-42ce-8570-01d6f10a9d27,2025-08-18,CUST-725283,131,15,72,14.79,42,12:00-14:00,Netflix,43.16,0.12,No,0,26,Gaming,0.73,13,95.81,2,No,2.78,Single,N/A
4b4d4334-b27a-42b7-b28f-1d226e3a92ea,2026-05-04,CUST-320207,273,4,25,19.23,11,12:00-14:00,None,12.53,0.38,No,0,54,Social,1.79,13,97.09,4,Yes,2.36,Single,N/A
9f00a862-a4a3-4178-94f9-6c5cc64bc4b4,2026-05-20,CUST-220472,83,49,85,8.53,13,18:00-20:00,Spotify,51.62,0.57,No,0,50,Streaming,1.78,35,98.18,3,No,7.54,Single,N/A
136c1182-c9ae-4c54-9a6b-484a82d0b64a,2026-04-17,CUST-353066,216,45,109,32.56,39,08:00-10:00,YouTube,86.06,0.31,No,0,2,Maps,1.63,33,96.87,1,No,4.37,Multiple,N/A
e97d5bff-67ae-4dd0-a328-740a38180ffa,2025-12-26,CUST-199671,207,11,29,16.78,13,12:00-14:00,None,23.14,0.42,Yes,0,24,News,0.52,26,99.66,1,No,5.83,Single,N/A
4b3af5a4-ab0f-4e39-a4b3-0339907f699d,2025-07-31,CUST-876519,270,30,174,22.41,32,08:00-10:00,Spotify,91.2,0.81,No,0,25,Productivity,1.83,55,97.39,4,Yes,6.57,Multiple,N/A
193243b1-65c1-4b9a-a504-31ffcefc353f,2025-12-23,CUST-929863,292,23,29,16.54,26,12:00-14:00,None,90.12,0.73,No,0,4,Maps,1.73,52,96.42,4,No,9.57,Multiple,N/A
cbeae2f8-079a-4eeb-b16e-596eef9d3161,2025-11-07,CUST-988894,83,21,153,16,49,18:00-20:00,None,20.89,0.77,No,4753,15,News,0.83,29,97.63,1,No,6.16,Single,N/A
eb39899f-8716-441a-9ad3-d51eafe4ff29,2025-11-24,CUST-495604,44,20,94,36.44,42,12:00-14:00,Netflix,32.83,0.68,No,0,45,Gaming,1.78,41,99.7,0,No,9.32,Single,N/A
65420b71-a0cb-43fd-b8c0-9f86f770b639,2026-01-30,CUST-676105,128,22,13,40.76,17,20:00-22:00,Netflix,68.49,0.75,No,0,0,Streaming,1.98,48,96.18,1,Yes,1.47,Multiple,N/A
6a5e474c-6737-4557-b7e8-910ad3c42ce6,2026-07-14,CUST-811277,176,23,37,43.2,38,18:00-20:00,YouTube,55.29,0.87,No,0,26,Productivity,1.77,35,97,2,No,8.08,Multiple,N/A
54313f45-2798-49e2-b8fd-06f7723b79cc,2025-11-18,CUST-953679,91,15,63,14.77,47,08:00-10:00,Spotify,73.99,0.29,No,0,46,News,0.88,54,96.97,5,Yes,2.65,Single,Mexico
fc2649dd-8b74-4e31-8876-8cb66f1b4d7c,2026-05-06,CUST-856861,293,27,142,45.02,20,18:00-20:00,None,43.6,0.19,Yes,4518,24,Social,0.85,5,99.4,1,No,7.42,Multiple,N/A
95b5ef08-0654-4ccc-83dd-01d017b75bf4,2026-03-13,CUST-420266,149,35,69,40.66,44,20:00-22:00,Spotify,11.58,0.69,No,0,21,Social,0.86,9,96.39,1,No,7.61,Single,N/A
0a4c2dc1-dad5-4a4f-81eb-a2f6e5e28259,2026-04-21,CUST-284445,250,36,184,32.89,49,18:00-20:00,YouTube,83.34,0.28,No,0,18,Streaming,1.97,18,95.33,4,No,7.94,Single,Japan
72db6226-46b9-427c-8e3f-63789318b81c,2026-06-03,CUST-977513,57,8,89,34.45,46,20:00-22:00,Netflix,57.99,0.66,No,0,10,Productivity,0.73,45,97.86,3,No,2.33,Single,N/A
d3daae42-210b-4347-ae2a-0e85b264d35c,2025-12-24,CUST-268971,66,27,98,23.71,23,12:00-14:00,YouTube,38.78,0.76,Yes,0,27,Gaming,0.87,13,97.14,4,Yes,2.94,Single,N/A
c8962122-dd45-49ac-a7cb-99e107a06299,2025-08-13,CUST-650684,172,16,144,27.33,6,08:00-10:00,Spotify,14.74,0.78,No,0,49,Social,1.09,43,97.22,4,No,6.27,Single,N/A
2c670878-da43-4036-a491-33617384fc3d,2026-01-20,CUST-653591,99,38,159,29.41,22,18:00-20:00,None,65.46,0.29,No,0,28,Productivity,0.77,45,97.41,2,No,7.98,Multiple,N/A
acf24aaa-c08c-43f7-8ec0-9ad674593232,2026-06-28,CUST-439895,193,2,188,30.13,20,20:00-22:00,YouTube,64.88,0.33,No,0,42,Gaming,1.37,39,95.74,2,No,3.62,Single,N/A
09bde248-ac97-4742-b4a4-2391670bcf26,2025-10-09,CUST-997607,160,4,39,14.53,37,20:00-22:00,YouTube,37.48,0.56,No,0,25,Social,1.24,11,96.7,5,Yes,2.03,Single,N/A
012a7d72-9a34-4ac2-abeb-ef2ab1fde975,2026-01-25,CUST-746179,190,25,119,22,22,08:00-10:00,YouTube,23.5,0.51,No,0,36,News,0.67,54,95.27,4,No,6.98,Single,N/A
7833304c-71e4-49f0-b50d-82838c0c4ad9,2026-07-22,CUST-731537,62,2,126,0.85,17,12:00-14:00,None,15,0.85,No,0,3,Productivity,1.45,23,97.11,2,No,9.41,Single,N/A
958808c9-7ddf-4dc2-ab10-00b29b04f4a0,2025-08-26,CUST-134216,284,9,105,43.19,26,08:00-10:00,Netflix,52.07,0.74,Yes,0,16,Streaming,0.91,25,99.74,0,No,9.09,Single,N/A
612f00a0-973a-4442-92bb-7cc99ecc9a22,2025-10-24,CUST-805433,218,8,149,49.68,8,20:00-22:00,None,32.85,0.17,No,0,51,News,1.26,24,96.89,2,No,1.58,Single,N/A
11c5ff4a-3289-40cd-8769-d7fee6e8beb4,2026-03-09,CUST-617294,140,34,83,21.37,15,18:00-20:00,YouTube,96.1,0.65,No,0,11,Gaming,1.38,16,97.09,5,No,4.45,Single,N/A
b5d52b14-65e5-4353-9a88-f7011d847723,2026-06-20,CUST-467636,36,39,157,29.22,20,08:00-10:00,YouTube,16.68,0.2,No,0,28,Maps,1.13,9,95.38,1,No,8.86,Multiple,N/A
af9eff05-8f2c-4c85-8a97-bd1899d8236e,2026-01-20,CUST-287308,53,48,112,9.47,43,18:00-20:00,None,91.64,0.81,No,0,29,Streaming,1.11,16,95.8,3,No,8.58,Single,N/A
c6cb4652-aa23-453f-a838-634bcbb42a4e,2026-05-23,CUST-565575,142,18,44,39.51,10,08:00-10:00,Netflix,10.09,0.64,No,0,9,Streaming,1.05,43,98.15,1,Yes,0.67,Single,N/A
6db8bfd1-6184-4e3a-bb84-25cbb8c6e014,2026-05-21,CUST-150695,71,10,152,31.38,5,08:00-10:00,None,34.77,0.82,No,5814,44,Gaming,1.5,29,99.66,3,No,7.91,Single,N/A
fead4f56-8095-4c89-84cd-c60bc0b3448e,2025-09-04,CUST-568550,229,6,166,39.81,17,12:00-14:00,Spotify,58.17,0.52,No,0,39,Social,1.87,51,96.23,4,No,9.03,Multiple,N/A
13a013ae-679e-44c3-a766-eba464eeb281,2025-10-31,CUST-478467,81,30,120,21.06,49,20:00-22:00,Spotify,92.48,0.74,No,0,41,Gaming,0.71,50,97.58,2,No,0.5,Multiple,N/A
3e6d4a03-8715-46d2-89ab-89441c9fe348,2026-07-02,CUST-446671,273,9,108,14.74,42,18:00-20:00,YouTube,2.33,0.67,Yes,804,30,News,1.32,32,95.51,5,Yes,5.1,Single,N/A
d03a84bf-f31e-4521-be26-5f446e12fc34,2025-11-18,CUST-669086,265,29,186,32.83,24,18:00-20:00,Spotify,12.57,0.89,No,0,38,Productivity,1.66,53,95.45,2,No,6.17,Single,N/A
adc171a0-342f-4544-b782-ee323d2eefd6,2025-10-16,CUST-693280,151,7,129,32.67,50,08:00-10:00,Netflix,42.79,0.86,No,0,34,Streaming,1.87,23,96.47,1,No,4.96,Single,N/A
ccbecccf-a182-472a-9eb7-b879bd3b1650,2026-04-01,CUST-638021,273,40,86,12.58,37,12:00-14:00,Spotify,22.15,0.9,No,0,58,Streaming,1.49,19,99.73,3,No,7.24,Multiple,N/A
4ef3f271-5420-40c4-9db8-92c29a481923,2025-12-03,CUST-948208,79,10,182,5.39,37,12:00-14:00,None,6.51,0.45,No,0,30,Maps,0.96,9,98.24,0,No,8.03,Multiple,USA
05459164-f6a2-4565-9968-45597510a6dd,2025-11-08,CUST-695480,121,40,14,45.61,18,20:00-22:00,Spotify,57.14,0.55,No,0,30,Productivity,1.99,52,98.89,2,No,1.05,Multiple,N/A
639f2b93-4c44-4e63-91fe-d172e833bc4a,2026-07-08,CUST-243775,225,6,135,1.9,29,18:00-20:00,None,86.2,0.12,No,0,29,Streaming,1.9,15,97.4,2,No,8.51,Single,N/A
5ff93fc7-f18d-47ee-9f57-859a9a0a4fde,2025-12-03,CUST-824751,140,17,101,7.36,33,12:00-14:00,Spotify,29.34,0.89,No,0,9,Gaming,1.93,52,97.16,1,No,3.65,Multiple,N/A
869ccce0-f211-41ee-9172-08c5c98d42b4,2025-11-12,CUST-667196,63,16,116,47.21,47,12:00-14:00,YouTube,87.01,0.69,No,8941,50,Productivity,1.45,39,98.4,0,No,4.56,Multiple,N/A
47827d4c-ff56-4087-84a6-ceaa1085694b,2026-04-09,CUST-145075,116,48,4,31.59,42,18:00-20:00,YouTube,51.63,0.18,No,0,56,Social,0.85,28,96.97,0,No,8.26,Single,N/A
433646f0-8cc6-4c32-878a-bf2ca60d7a6c,2025-08-18,CUST-800230,75,44,9,37.23,38,12:00-14:00,Netflix,81.1,0.66,No,0,2,News,1.2,49,95.25,3,No,4.44,Multiple,N/A
c9b7cbaa-4bd1-47bc-b19d-044f8550821e,2026-06-05,CUST-913073,33,17,91,43.46,47,18:00-20:00,YouTube,60.36,0.84,Yes,0,43,Gaming,1.9,20,99.39,4,Yes,1.31,Single,N/A
2fce27af-5146-42f4-80d6-807c3afc2c0b,2026-01-27,CUST-884413,187,38,66,39.1,16,08:00-10:00,None,28.01,0.87,No,0,39,Streaming,0.5,16,95.3,3,Yes,7.13,Single,N/A
82f59bf9-c19d-4ded-861f-f31429c5eb0c,2026-04-25,CUST-168569,94,2,14,4.88,8,12:00-14:00,YouTube,93.19,0.75,No,0,48,Gaming,1.56,27,95.71,2,No,7.19,Single,N/A
0cff03fd-24ce-4950-ace9-52b53e789f14,2026-02-20,CUST-967327,276,32,3,22.71,15,08:00-10:00,None,88.5,0.51,Yes,0,19,Streaming,0.82,15,96.25,1,No,8.39,Single,N/A
273d8d34-bfec-418b-8072-b3c27a57cb84,2025-09-18,CUST-927950,31,35,166,19.88,26,12:00-14:00,Spotify,54.77,0.85,Yes,0,28,Streaming,1.98,45,98.31,1,No,0.88,Single,N/A
5d20a5a0-9c91-4b22-acea-9bcdcd24fba6,2026-07-13,CUST-606887,32,2,127,11.19,25,08:00-10:00,None,9.75,0.46,No,0,22,Productivity,0.68,11,96.08,3,Yes,4.81,Multiple,N/A
fb5f768e-cbd3-451d-995c-9448e4b94ef6,2026-06-17,CUST-929350,174,34,136,14.6,16,18:00-20:00,Spotify,30.01,0.8,No,0,29,Gaming,0.53,55,96.91,0,No,4.09,Single,N/A
03c129b9-d1b8-45d1-8445-37d2b06ab226,2025-12-25,CUST-963060,299,11,3,34.63,28,12:00-14:00,Spotify,97.32,0.46,No,0,30,Social,1.62,59,95.41,2,Yes,0.99,Single,N/A
2c22fb59-7464-41db-b954-ef3b24c8ac13,2025-07-29,CUST-203917,167,31,188,44.13,44,12:00-14:00,YouTube,49.73,0.42,No,0,2,Streaming,0.51,29,97.45,1,Yes,7.48,Multiple,N/A
5720d351-5373-489e-8fea-d321c62a077d,2025-11-11,CUST-254806,126,15,53,34.55,49,08:00-10:00,None,29.02,0.42,No,0,21,Streaming,1.16,14,98.11,1,No,0.11,Single,N/A
678e787e-aeb2-4007-b63a-c320b1968b68,2025-08-21,CUST-818799,294,36,67,49.43,47,18:00-20:00,Spotify,5.89,0.22,No,9174,13,Streaming,1.8,28,95.52,0,No,8.26,Single,N/A
ad2b789c-9c8e-4e02-85e2-5c66733d1efd,2026-06-29,CUST-215684,35,37,66,31.15,15,20:00-22:00,Spotify,6.98,0.64,No,0,0,Gaming,0.73,55,96.55,2,No,0.96,Single,N/A
abb09c6e-3c15-47be-bab3-738eda4fd390,2025-12-19,CUST-867455,105,49,33,20.96,8,18:00-20:00,YouTube,96.06,0.55,No,0,55,News,0.61,14,96.92,3,No,5,Single,N/A
873eccce-d7e4-4f20-b8db-59d7ab362609,2025-10-19,CUST-920179,51,4,76,1.49,46,20:00-22:00,Netflix,62.35,0.33,No,0,25,Productivity,0.75,39,97.9,2,No,7.44,Single,N/A
f28a8a24-d826-45ff-9465-8b52de443ae1,2026-05-11,CUST-920671,136,39,64,36.03,42,08:00-10:00,YouTube,36.12,0.58,No,0,29,Maps,1.3,28,99.66,2,No,1.66,Single,N/A
25395b6d-e817-4c11-8860-e3373d8fee5e,2026-06-12,CUST-618157,246,2,161,7.4,9,20:00-22:00,Spotify,45.99,0.34,No,0,17,Maps,0.54,48,97.15,4,Yes,0.34,Single,N/A
c655481f-a89a-45f7-b7dc-0ffb4bc9e363,2026-07-06,CUST-599375,82,37,49,20.55,19,12:00-14:00,Spotify,31.11,0.51,No,0,27,Productivity,0.91,44,98.25,5,No,1.57,Single,N/A
874fe65e-3b2d-4613-b6fa-60a7cef92a31,2026-01-19,CUST-509321,16,35,100,4.97,22,12:00-14:00,Spotify,78.27,0.36,No,0,29,Social,1.3,14,98.22,2,No,1.41,Single,N/A
0f313795-10db-4504-97b5-6e85864d008e,2026-01-04,CUST-896052,69,28,175,32.54,13,20:00-22:00,Spotify,35,0.8,No,0,45,Maps,1,24,95.71,5,Yes,6.1,Single,N/A
4fea6d42-b692-4636-b9c5-ea9c42f525d2,2025-08-20,CUST-650726,208,39,38,17.8,22,12:00-14:00,Netflix,30.86,0.18,No,0,57,Gaming,1.85,40,99.35,3,Yes,3.71,Multiple,N/A
61c2498d-0e35-4cc1-86ab-243d3cc68d9b,2025-08-30,CUST-121628,243,47,73,21.83,6,12:00-14:00,None,80.87,0.59,No,0,35,Social,1.62,32,96.98,2,No,7.19,Multiple,N/A
3060dec2-5bc6-4494-a6e3-2ff9ad3ac81b,2025-08-16,CUST-579278,32,8,22,2.07,23,12:00-14:00,Netflix,64.55,0.4,No,0,44,Social,1.36,51,98.88,5,Yes,1.78,Multiple,N/A
c1649650-9ca0-4d8c-8d87-1eaeb7b35d8d,2026-02-04,CUST-176679,124,36,1,26.65,28,18:00-20:00,None,16.14,0.81,No,0,1,Maps,1.05,38,98.97,2,Yes,9.12,Multiple,USA
bd2b27fa-3045-4a90-bcdf-7b573a9bcc9d,2026-04-18,CUST-951215,162,45,175,35.82,36,12:00-14:00,Spotify,97.71,0.84,No,0,35,Productivity,1.77,57,95.76,0,No,8.76,Multiple,N/A
9a10d20f-a186-4e38-8167-d8db333674d0,2025-11-27,CUST-691605,186,48,169,26.48,9,12:00-14:00,None,23.14,0.24,No,0,57,Streaming,0.63,43,95.34,0,No,6.07,Multiple,N/A
0ec2621b-d24b-47b9-9c29-96e5da19f387,2026-07-24,CUST-423688,249,8,187,19.51,24,08:00-10:00,None,16.91,0.63,No,0,25,Streaming,0.69,29,98.91,1,Yes,2.78,Multiple,Canada
31546a71-ac58-4b79-8aee-437686969b09,2026-07-04,CUST-264363,11,3,8,40.76,38,18:00-20:00,Netflix,51.54,0.4,No,0,33,Streaming,1.7,25,95.08,1,Yes,1.22,Single,N/A
8dadf669-a93d-4870-a24f-a3d5e7b1375c,2026-02-28,CUST-533243,56,3,135,2.28,13,18:00-20:00,None,78.43,0.76,No,0,52,Gaming,0.98,28,96.27,3,No,0.86,Single,N/A
9df601f5-5e92-49e1-aeec-bfa5011ec356,2025-11-16,CUST-144108,88,2,4,10.85,19,12:00-14:00,YouTube,83.21,0.52,No,0,29,Social,1.15,43,96.78,5,Yes,0.1,Single,N/A
d86cf05d-9a81-424e-9a65-02287982ab9e,2025-10-17,CUST-678782,64,45,154,7.43,13,08:00-10:00,Spotify,31.94,0.61,No,6437,10,Streaming,1.37,14,95.66,1,No,0.87,Single,N/A
02982ae9-62e1-4aba-834c-e4cb552f06f1,2025-10-24,CUST-234274,43,35,33,42.39,30,20:00-22:00,Spotify,15.81,0.62,No,0,42,Maps,1.36,14,96.95,3,No,8.85,Single,N/A
4d1dafef-ba73-4f50-8aef-9c11e669f31e,2026-03-08,CUST-571020,80,22,87,24.11,27,12:00-14:00,YouTube,3.94,0.13,No,0,1,News,1.9,53,96.35,3,No,1.48,Single,N/A
4d3d2814-c0b3-48a5-9df0-a544b19be7c4,2025-08-28,CUST-589168,276,5,117,11,11,18:00-20:00,None,79.68,0.16,No,6234,50,Social,1.03,23,99.81,5,No,0.31,Single,N/A
21b4f6e5-556e-4fd9-b112-4b49f2cf6a57,2026-04-02,CUST-898085,197,28,77,23.26,49,12:00-14:00,None,30.43,0.83,No,0,56,Maps,1.62,26,97.42,5,No,1.76,Single,N/A
4ae39f04-f904-4be3-bdf6-88ddcf00019b,2026-01-25,CUST-287763,235,19,154,18.07,21,12:00-14:00,None,69.52,0.27,Yes,0,37,News,0.81,31,95.05,0,No,9.73,Single,N/A
655e8e43-0d4c-4a2f-b6d9-671f376279cd,2026-03-24,CUST-241040,93,23,143,45.48,27,20:00-22:00,None,85.24,0.27,No,0,4,Productivity,1.03,42,97.97,3,No,0.36,Multiple,N/A
2e097a26-ae8e-4388-b86f-5634a3ab249b,2025-11-23,CUST-316910,288,8,23,37.17,13,08:00-10:00,Spotify,3.47,0.9,No,0,53,Productivity,0.85,17,97.73,5,No,4.92,Single,N/A
9a01083c-ab9a-4e7e-adb4-65e1a73f4a25,2026-05-21,CUST-459199,171,11,78,47.52,39,08:00-10:00,Spotify,39.78,0.84,No,483,27,Gaming,0.83,24,95.78,1,No,6.33,Single,Japan
9f573d2f-7e6a-45b1-8107-40965aaef537,2026-01-25,CUST-945106,181,46,2,36.12,11,20:00-22:00,None,88.6,0.87,No,0,41,Gaming,0.85,13,99.95,3,Yes,0.92,Multiple,N/A
5e8027a1-6550-4169-aeda-19e16790b949,2026-05-21,CUST-181297,187,39,73,35.11,6,08:00-10:00,Spotify,50.73,0.66,No,0,45,Maps,0.98,42,99.04,3,No,6.49,Multiple,N/A
c96ba6d9-ae11-4008-9a77-52919ae50c7b,2026-06-07,CUST-482756,292,4,51,3.52,44,08:00-10:00,Netflix,29.46,0.18,No,2550,41,Gaming,0.97,42,96.02,5,No,9.04,Multiple,N/A
bb5db6bb-26bd-47bf-b83c-0de2988f23c1,2026-01-07,CUST-879537,133,29,44,14.9,29,12:00-14:00,YouTube,94.44,0.77,No,0,55,News,1.85,35,97.21,4,Yes,7.08,Single,N/A
b707ebc9-9ea3-41a9-b079-1e09452dc3c5,2025-11-29,CUST-663176,92,48,77,21.63,39,18:00-20:00,YouTube,89.53,0.13,Yes,0,30,Streaming,1.27,42,95.19,2,Yes,9.35,Single,N/A
7225cf33-a584-445a-97ac-2e3c5b787f7d,2026-03-24,CUST-927744,29,33,26,24.68,41,08:00-10:00,Spotify,23.42,0.78,Yes,0,42,Maps,1.29,50,95.22,3,Yes,9.81,Single,N/A
6a0e158b-3d3a-4b06-83b3-2e238909d5a8,2026-02-16,CUST-869369,126,22,29,43.97,10,18:00-20:00,YouTube,69.36,0.82,No,0,60,Streaming,1.78,40,97.97,2,No,6.19,Single,N/A
f97ce0df-8fad-4b07-9977-63edd19036b7,2026-01-17,CUST-824389,146,23,95,32.57,35,20:00-22:00,None,81.08,0.19,No,142,55,Streaming,0.72,44,97.19,0,Yes,7.71,Multiple,N/A
dd3f5e03-b2d7-497d-9566-50f438478297,2026-03-25,CUST-697791,171,25,89,16.79,15,20:00-22:00,None,35.68,0.14,No,0,7,Gaming,0.56,33,95.1,2,No,1.59,Multiple,N/A
3fc4b9b7-f5a4-4ecc-8077-11babef39f70,2026-01-18,CUST-836396,212,36,151,1.13,27,20:00-22:00,Netflix,15.37,0.44,No,0,30,News,1.91,30,98.19,3,No,6.69,Multiple,N/A
1b8f1345-9269-4939-ae7f-dab1847605a1,2026-07-20,CUST-592844,28,11,110,35.74,45,12:00-14:00,YouTube,10.54,0.75,No,0,16,Streaming,1.25,40,96.67,0,No,4.55,Single,N/A
5a0d88ff-e0d6-47aa-a002-a825c3149738,2025-11-25,CUST-231356,272,33,101,31.43,46,18:00-20:00,Spotify,22.4,0.61,No,0,48,Gaming,0.67,27,97.94,2,No,9.04,Single,N/A
2469d8f2-a4d4-4bc4-9904-ed20e81c1449,2025-07-30,CUST-533416,70,8,8,5.94,15,20:00-22:00,Netflix,44.22,0.29,No,0,4,Productivity,1.32,7,97.68,2,No,6.68,Single,N/A
1d0de6f3-aee3-4ff2-bcad-f292cbd23430,2026-05-14,CUST-882907,198,42,166,27.37,48,12:00-14:00,None,40.03,0.4,No,0,27,Gaming,1.32,15,96.95,3,Yes,7.76,Single,N/A
feaa9578-c72a-47a2-9589-c388d8545edb,2025-11-13,CUST-455249,154,18,123,45.49,18,12:00-14:00,None,11.64,0.87,Yes,0,10,Gaming,1.16,60,98.68,3,No,5.56,Single,N/A
81f01e08-2888-4fa8-8c11-d3dac0bc0b29,2026-01-01,CUST-961492,169,24,87,30.43,29,12:00-14:00,Spotify,0.84,0.27,No,0,42,Gaming,1.52,49,96.75,1,Yes,0.56,Multiple,Canada
7d174974-5cd6-4e50-bbaf-7388eb5644df,2025-12-08,CUST-328004,37,34,64,40.54,42,08:00-10:00,Netflix,63.3,0.64,No,3804,22,Productivity,1.21,44,98.36,2,Yes,1.85,Multiple,N/A
d6af7e06-4a64-4a22-9e5d-a2436d78983e,2025-11-29,CUST-580348,165,32,6,5.15,22,08:00-10:00,Spotify,23.26,0.6,No,0,31,Social,1.68,11,96.34,4,No,7.33,Multiple,N/A
8846cd01-8fc7-4fe5-8003-1c3ef1fc7123,2025-09-11,CUST-153569,149,24,76,39.98,43,18:00-20:00,Spotify,14.69,0.36,No,0,34,Streaming,0.61,23,95.65,4,No,3.07,Multiple,N/A
cfbfe088-9a21-4676-b43a-a6d4d317f718,2026-02-19,CUST-156628,255,37,69,39.79,26,08:00-10:00,None,1.72,0.33,No,0,33,Streaming,1.32,37,97.04,2,No,0.98,Single,N/A
3b1fb049-4e46-4542-a192-8c63888ea995,2025-08-22,CUST-167203,238,28,145,23.39,37,18:00-20:00,Netflix,86.18,0.43,No,0,57,News,0.84,21,95.84,4,No,2.38,Multiple,N/A
0e81893a-143a-4f9b-9b5e-d8b47685d417,2026-05-03,CUST-409907,222,36,22,19.5,17,20:00-22:00,Spotify,12.77,0.65,No,0,34,Streaming,0.85,45,99,4,No,7.56,Multiple,N/A
b605eff3-0a92-4bc2-85bc-aac004355fbe,2026-04-02,CUST-236432,67,4,185,26.93,29,20:00-22:00,YouTube,55.76,0.4,No,0,59,Productivity,0.88,20,95.27,4,No,8.25,Single,N/A
89845d2b-51d9-40f6-b0a5-35958d2a81c8,2025-10-11,CUST-936694,168,19,192,16.62,46,08:00-10:00,YouTube,53.36,0.51,No,0,20,Productivity,0.84,54,99.31,3,No,7.37,Multiple,N/A
3a20a1ff-5c56-468b-a866-589858727bb3,2026-04-15,CUST-169970,212,27,85,16.68,27,12:00-14:00,Netflix,43.53,0.17,No,1166,13,Gaming,0.77,25,97.17,5,No,6.02,Single,N/A
5fc525ba-80c7-48d7-8732-75b3989fa25d,2025-12-27,CUST-563443,218,9,31,30.57,18,18:00-20:00,None,35.72,0.89,No,0,51,Maps,1.61,7,97.96,2,No,3.53,Multiple,N/A
1f40f5c9-f71d-4ce3-96a6-eab31ab6b697,2026-06-07,CUST-334696,219,17,193,25.91,40,20:00-22:00,None,39.07,0.3,No,0,27,Streaming,1.66,12,96.85,2,No,6.1,Single,N/A
078af09c-8c3f-47b8-83ed-13399fad7020,2026-03-16,CUST-318093,183,16,125,49.92,42,08:00-10:00,Spotify,64.32,0.11,No,807,37,News,1.28,50,96.94,1,No,5.95,Multiple,N/A
d1a8dd12-bd4b-4246-afe2-a51366427014,2026-02-06,CUST-546749,183,34,112,37.76,28,20:00-22:00,YouTube,79.91,0.74,No,0,55,Streaming,0.59,39,99.99,3,Yes,4.21,Single,N/A
e28b9092-6414-4e96-a1fb-90205875c485,2026-06-21,CUST-706850,134,33,138,38.19,23,08:00-10:00,Netflix,60.43,0.67,No,0,37,Gaming,1.98,39,96.24,3,No,6.23,Single,N/A
5d09ccfa-a05a-408c-beee-4c5419a26156,2025-12-11,CUST-103978,28,47,145,48.79,30,12:00-14:00,Spotify,12.36,0.16,Yes,0,31,Gaming,1.19,16,99.47,2,No,6.96,Multiple,N/A
934d9065-05dd-4697-a48a-ff60239373cd,2026-03-12,CUST-843440,188,45,196,42.34,43,20:00-22:00,Spotify,85.05,0.39,No,9500,3,Streaming,1.03,37,95.06,5,Yes,2.74,Multiple,N/A
f91a1b78-e0c2-4a9e-b618-ad296e9acd44,2025-10-30,CUST-700652,114,43,84,1.19,15,08:00-10:00,None,2.51,0.26,No,0,35,Social,0.52,47,95.65,5,Yes,0.6,Single,N/A
e47939c8-f786-466c-a127-e44dd22f0424,2026-01-13,CUST-783041,122,30,181,38.02,20,12:00-14:00,None,70.16,0.38,No,0,46,Streaming,1.78,51,98.63,2,No,7.49,Single,N/A
53767749-fc6f-45b8-91d2-32619e4233fa,2025-08-30,CUST-671064,177,11,174,32.23,5,18:00-20:00,None,61.2,0.8,No,0,48,Social,1.34,49,96.45,2,No,7.7,Single,N/A
5295f382-7da0-403b-bb3c-afb3e774da74,2025-08-11,CUST-296301,81,6,150,15.94,8,20:00-22:00,Netflix,31.57,0.84,No,4383,18,Streaming,0.78,22,99.58,2,No,6.76,Multiple,N/A
4e6e4131-eda1-44a9-8601-e8d8fce8486c,2026-01-31,CUST-405824,163,14,136,20.4,43,20:00-22:00,None,42.45,0.23,No,0,16,Gaming,1.36,59,98.91,2,No,2.68,Single,France
be53a040-7a27-45ae-9609-dac79639937f,2026-07-09,CUST-612444,149,24,176,17.28,8,18:00-20:00,Netflix,49.43,0.53,Yes,0,5,Maps,0.9,20,96.16,3,No,0.14,Single,Mexico
9b1135f7-5465-49a9-873b-302846618b97,2026-04-20,CUST-752185,213,23,22,9.15,16,12:00-14:00,Netflix,61.78,0.65,No,0,27,Productivity,1.09,29,95.59,2,No,0.43,Multiple,N/A
ad544cc6-be70-4774-8169-ac3e37333354,2025-08-03,CUST-663349,222,14,139,46.36,32,18:00-20:00,YouTube,26.5,0.47,No,0,19,Social,1.97,10,95.65,3,Yes,3.4,Multiple,N/A
ecd597ba-0900-4e16-aae1-d25a3e3d5b1a,2025-12-02,CUST-982099,246,7,33,7.48,14,12:00-14:00,Spotify,27.31,0.77,No,0,42,Productivity,1.71,47,99.09,1,No,2.76,Single,N/A
9dded17b-2a74-4d1e-85bf-4231ec3f8ff1,2026-02-10,CUST-265695,239,9,131,26.41,29,20:00-22:00,YouTube,18.26,0.22,No,0,43,News,1.74,16,97.93,0,Yes,4.43,Single,N/A
9d85a638-5c12-481a-a4c0-7c059ab306d5,2025-10-01,CUST-625023,261,35,199,6.79,19,18:00-20:00,None,75.84,0.14,No,0,35,Maps,1.29,52,98.62,4,No,4.35,Multiple,N/A
07944a66-c362-43b8-ac51-370d776492eb,2025-08-28,CUST-272417,8,37,21,8.83,25,08:00-10:00,Spotify,68.9,0.39,No,0,28,Streaming,1.79,26,97.25,0,No,3.29,Single,N/A
c7b8eaa6-ce62-4b36-a2bc-54fdaceb3de3,2026-01-28,CUST-605091,114,43,192,22.27,27,08:00-10:00,None,99.21,0.35,No,0,20,Maps,1.08,12,97.12,1,No,9.48,Single,UK
c32503e9-04ac-4374-80fc-93f66212d2fe,2025-11-04,CUST-581601,206,39,102,12.4,9,18:00-20:00,Spotify,33.16,0.78,No,0,32,Gaming,1.81,51,96.24,4,Yes,2.43,Single,N/A
d4c72ca3-850c-422d-b252-a97ddd883c25,2025-12-17,CUST-253619,235,6,150,4.87,13,18:00-20:00,Netflix,81.43,0.64,No,0,45,News,1.49,56,95.98,4,Yes,8.82,Multiple,N/A
ab36a83f-1f65-47ce-9c07-15787119d3b7,2026-04-05,CUST-466893,22,35,149,25.52,18,08:00-10:00,None,22.77,0.77,No,0,1,Maps,1.24,38,96.09,5,No,6.65,Multiple,N/A
329a58b0-8041-4490-96b6-ed773a8e0f85,2026-06-13,CUST-657207,92,18,191,8.25,13,12:00-14:00,Netflix,24.77,0.41,Yes,0,15,Productivity,0.52,31,98,0,Yes,8.96,Single,N/A
a90ef6ea-f10c-4dec-9b27-1e7d33c9e1df,2026-07-16,CUST-509737,264,12,116,3.62,6,08:00-10:00,Netflix,71.39,0.35,No,0,38,News,1.77,40,97.96,1,Yes,6.74,Multiple,N/A
37648505-67f8-4d6b-aa97-844c869fbc46,2025-09-25,CUST-354330,116,26,189,4.61,28,18:00-20:00,None,22.58,0.71,No,0,2,Maps,0.52,31,99.33,5,No,9.39,Multiple,N/A
60cb83f1-8ada-4cdb-aeae-e0b8c32e8765,2026-07-14,CUST-881025,202,43,45,12.73,21,08:00-10:00,YouTube,82.72,0.12,No,0,17,Social,0.76,7,96.31,2,No,6.26,Single,N/A
644db078-3457-4799-8543-fe6792c3d5ff,2025-11-19,CUST-318819,215,16,53,43.24,10,12:00-14:00,Spotify,45.95,0.57,Yes,0,43,Productivity,1.07,39,98,4,No,7.02,Single,N/A
769829f8-f919-482c-8c2f-96113f346226,2026-04-30,CUST-564604,21,33,13,24.3,41,18:00-20:00,None,67.49,0.82,No,0,40,Maps,1.27,42,97.09,3,No,3.17,Single,N/A
0ad9ec66-879b-4b90-9348-9cf6ccf6d28a,2025-11-11,CUST-614142,131,28,93,34.96,29,18:00-20:00,YouTube,95.76,0.86,No,0,7,News,1.83,57,97.73,2,No,0.11,Single,N/A
844215d5-717d-44bf-9306-b3e6d394287c,2025-08-13,CUST-932590,247,12,142,45.4,14,20:00-22:00,Netflix,50.07,0.58,No,0,0,Streaming,1.41,11,95.09,3,No,8.98,Single,N/A
fa7c68b0-f1ea-4594-a2c6-2598f285eaf7,2026-06-03,CUST-920841,226,13,133,14.96,22,12:00-14:00,Spotify,2.8,0.25,No,2184,15,Productivity,1.73,18,97.23,3,No,1.64,Multiple,N/A
d5602547-38ec-4ead-8776-90615eebb613,2025-12-01,CUST-884769,35,23,178,18.61,15,20:00-22:00,Netflix,88.58,0.35,No,0,59,Maps,1.02,47,96.17,1,No,8.34,Multiple,N/A
54b9bcf3-2539-4de9-8e5b-cb875928a063,2026-01-13,CUST-253973,116,21,20,9.22,49,08:00-10:00,None,66.75,0.56,Yes,1937,51,Social,0.91,16,97.01,3,Yes,8.18,Single,N/A
57c3261f-c690-4e41-be00-bdcd2cee6efa,2025-08-07,CUST-563334,274,18,170,18.28,24,20:00-22:00,Netflix,82.21,0.66,No,0,21,Streaming,1.79,56,95.69,4,No,5.88,Single,N/A
7e27f160-3660-4892-982c-4528d9afcb6b,2025-07-30,CUST-474633,44,31,69,25.76,42,12:00-14:00,Netflix,90.36,0.51,No,0,40,Streaming,0.62,29,95.18,1,No,1.66,Single,N/A
a55b8dc4-fb3f-4663-a191-8b48980c96b6,2025-12-08,CUST-947296,290,40,126,31.02,13,18:00-20:00,YouTube,25.45,0.5,No,565,7,News,0.54,32,95.38,4,Yes,7.62,Single,N/A
fddb2d89-8187-48d9-a305-eff3d522b15d,2025-10-22,CUST-567976,52,45,136,46.26,44,12:00-14:00,Spotify,12.44,0.3,No,0,48,Streaming,1.86,7,97.79,1,No,7.03,Single,N/A
7db43637-272c-4cf4-9625-f9d055b4befd,2025-11-11,CUST-851760,194,46,171,43.38,35,20:00-22:00,None,86.92,0.9,No,5445,10,Maps,0.86,57,95.33,2,No,2.97,Multiple,N/A
3d803497-2acc-406c-baa2-b62327260ee9,2026-07-07,CUST-346195,260,23,37,48.18,44,12:00-14:00,Netflix,67.43,0.71,No,0,51,Productivity,1.14,47,97.05,2,No,9.5,Multiple,N/A
48c459c7-c5e4-4a78-8037-557266703338,2025-09-25,CUST-671612,175,23,46,36.85,8,20:00-22:00,Netflix,68.7,0.38,Yes,0,3,Streaming,1.21,52,97.92,1,Yes,0.57,Single,N/A
fe5fda9c-99e1-4722-b977-5960d6c9f494,2026-02-16,CUST-562404,24,4,78,29.81,35,12:00-14:00,YouTube,68.84,0.47,No,0,23,Social,1.36,49,95.16,3,Yes,5.81,Single,N/A
8fcaf8ba-c3e7-4deb-b6bc-cf7ce79dd5ea,2026-05-24,CUST-991365,142,48,124,34.52,11,18:00-20:00,Spotify,70.04,0.36,No,0,29,Gaming,1.26,34,98.87,1,No,3.14,Single,N/A
bebd462c-36da-406c-aa17-902d930b6cd5,2026-02-24,CUST-812083,102,8,194,4.85,47,12:00-14:00,YouTube,2.14,0.5,No,0,43,Maps,1.14,35,97.82,1,Yes,1.39,Single,N/A
ca5ecf87-c56b-45c6-80d4-39026d42fd6a,2026-05-28,CUST-696486,184,34,17,33.95,17,18:00-20:00,Spotify,20.52,0.52,No,0,15,News,1.12,44,99.72,3,Yes,2.83,Multiple,N/A
22e2a20e-71b7-4bfc-ab4a-bde436d6958a,2026-01-07,CUST-326466,37,23,107,21.11,33,20:00-22:00,None,77.08,0.89,No,4541,55,Maps,1.67,36,99.16,1,Yes,5.84,Single,N/A
8302fabe-5f54-4b6a-b8f3-fe2aa4b7c849,2026-07-06,CUST-905430,248,42,124,2.16,27,20:00-22:00,None,4,0.34,Yes,0,50,Productivity,1.4,25,98.14,4,No,0.97,Single,N/A
5ab607e7-b9ef-4651-bcc6-a7cd6ca88a59,2025-11-06,CUST-479561,241,31,8,39.3,43,18:00-20:00,Netflix,75.76,0.8,No,0,56,Gaming,0.55,16,98.98,0,No,5.35,Single,N/A
557abc01-510f-4313-98df-b9d1c58bc92f,2026-01-03,CUST-759772,229,42,50,25.82,11,12:00-14:00,Netflix,77.52,0.49,No,0,25,Social,1.57,13,97.48,0,No,6.01,Single,N/A
c6e18845-de01-41d8-927e-43a357619362,2026-06-03,CUST-848362,218,10,134,48.28,8,20:00-22:00,YouTube,5.25,0.77,No,0,34,Gaming,0.85,58,96.84,2,No,6.8,Single,N/A
839e735a-eca5-4550-ae76-f3fb0017de1c,2026-04-16,CUST-895547,48,41,70,23.03,21,18:00-20:00,Spotify,60.62,0.28,No,2080,35,Streaming,1.03,57,98.39,1,No,0.73,Single,N/A
59ea4a32-0003-4e47-8baf-429beba1251a,2025-11-14,CUST-390728,73,42,159,3.97,15,20:00-22:00,None,77.21,0.7,No,0,50,Social,0.82,10,97.05,2,Yes,5.35,Single,N/A
6da97990-eea7-4fda-8969-282a2d521cd2,2025-09-18,CUST-446215,38,30,37,18.7,37,18:00-20:00,Spotify,20.96,0.56,No,0,9,Social,0.82,13,99.98,5,Yes,9.28,Multiple,N/A
7dce4860-6e03-4ea6-b877-a3b387462fbe,2026-05-14,CUST-409724,137,21,38,10.88,16,20:00-22:00,Netflix,23.26,0.61,No,0,60,Productivity,1.36,26,97.85,4,No,5.08,Single,N/A
3c89d9a9-dac0-4e50-930f-2b992495b13a,2026-02-13,CUST-709947,49,10,195,12.63,44,12:00-14:00,None,77.37,0.13,No,0,10,Gaming,1.6,32,96.58,2,No,8.72,Single,N/A
eaaa1729-1bcd-4943-98dd-ee89ff5d2b0d,2026-04-30,CUST-941872,150,21,87,37.1,34,08:00-10:00,None,84.04,0.56,No,0,29,Gaming,0.65,45,96.35,1,No,7.33,Single,N/A
9a99caea-1ef6-42df-89c7-b31092fa0713,2025-10-10,CUST-644468,132,20,178,7.04,27,08:00-10:00,None,97.97,0.66,Yes,7391,26,Social,1.85,31,95.13,4,Yes,3.57,Multiple,N/A
5b291bcd-6571-4c0e-ad47-201a91865d6c,2026-05-18,CUST-639005,248,1,145,48.84,9,20:00-22:00,Netflix,94.73,0.45,No,0,12,News,1.44,53,98.99,1,No,4.24,Single,N/A
a80217c3-82a0-42f1-88da-06a5e4cb09d8,2025-08-21,CUST-118099,263,36,164,40.38,19,18:00-20:00,YouTube,60.07,0.64,No,0,56,Gaming,1.57,25,97.81,5,No,2.88,Multiple,N/A
606bc18b-f1ae-4023-b393-a45a08f8674e,2026-01-04,CUST-806920,66,33,16,43.84,17,12:00-14:00,YouTube,46.58,0.13,No,0,57,Gaming,0.96,24,95.66,3,No,5.69,Single,N/A
b31099c2-5be1-4522-ae96-a1f3aeff2799,2025-10-28,CUST-526737,276,27,23,20.8,32,12:00-14:00,Spotify,56.6,0.58,No,5829,22,Streaming,1.89,31,96.13,1,Yes,5.81,Single,N/A
10147c7a-8c08-4adc-b444-6db41dce345c,2026-06-17,CUST-160595,224,27,91,46.2,34,08:00-10:00,Spotify,94.74,0.45,No,0,42,Maps,0.65,7,97.18,1,No,7.01,Single,N/A
488d97d4-826f-4f71-8da5-bfb53cf1e535,2025-12-22,CUST-549855,155,50,42,27.62,45,12:00-14:00,Netflix,25.68,0.51,Yes,0,27,Streaming,0.62,26,99.56,3,No,0.39,Single,N/A
d7eff972-2628-4470-a30c-01df941a659f,2026-05-09,CUST-240125,126,13,65,42.9,48,12:00-14:00,None,63.81,0.34,No,0,24,News,0.66,18,95.74,1,Yes,2.51,Single,N/A
f5a0ce10-d776-44c8-80e2-f21d78a8394f,2025-09-06,CUST-120963,293,10,82,37.3,11,08:00-10:00,Spotify,17.77,0.77,No,0,28,Maps,1.14,47,95.11,3,Yes,2.85,Multiple,N/A
9872b0de-303f-43c8-9ece-088069da17db,2025-11-07,CUST-944378,268,3,106,21.02,9,08:00-10:00,Spotify,87.98,0.44,Yes,0,7,Productivity,1.02,28,99.28,0,No,2.96,Multiple,Mexico
de8d65df-cffe-40e4-ac9d-2bc6438d3a4f,2026-01-17,CUST-254560,226,33,177,4.1,10,18:00-20:00,Netflix,52.8,0.41,No,0,6,Social,0.83,17,98.51,2,Yes,6.23,Multiple,N/A
ae9c852f-99f2-4a54-af23-f0c578a1c5cf,2025-08-13,CUST-992733,38,50,84,44.55,44,08:00-10:00,YouTube,3.88,0.43,No,899,21,Social,0.99,49,96.05,3,No,5.92,Single,UK
e1fa4558-f904-4665-baac-830de25d6ca1,2025-10-08,CUST-700895,75,44,140,6.89,43,08:00-10:00,None,33.33,0.88,No,0,3,Maps,1.78,53,99.15,1,No,0.33,Single,N/A
473889ed-fd91-43ed-a78a-a82e1327666b,2026-02-04,CUST-317797,281,49,119,30.85,30,18:00-20:00,Spotify,66.66,0.38,No,0,16,Productivity,0.73,27,95.5,2,No,9.81,Multiple,N/A
bb437e50-7bdc-4bb7-8ab5-41fa738212a5,2025-11-27,CUST-364803,178,3,81,14.74,37,20:00-22:00,Netflix,52.54,0.7,No,2926,52,Streaming,1.34,36,97.08,1,No,4.21,Multiple,N/A
410b0120-d66c-4410-94c4-98db6e1c6fb7,2025-12-21,CUST-232514,81,1,143,33.62,45,20:00-22:00,None,93.33,0.84,No,0,5,Maps,1.27,43,95.05,1,Yes,1.04,Multiple,N/A
6db7d31b-4ab0-431f-acea-5631641633c4,2025-11-27,CUST-693473,157,13,11,35.33,36,12:00-14:00,Netflix,38.79,0.55,Yes,0,5,Maps,1.85,31,98,3,No,8.33,Single,N/A
3d82657b-2a31-43e8-8edb-fea33e0a3460,2025-09-21,CUST-216442,277,24,186,16.27,31,12:00-14:00,Spotify,52.53,0.65,No,0,10,Gaming,1.91,37,95.83,1,No,4.91,Multiple,N/A
177eb7a8-a5e2-4ba8-8a7b-1cabfcc1b704,2025-09-08,CUST-554426,197,8,92,31.75,33,12:00-14:00,Spotify,29.22,0.4,No,0,21,Streaming,1.68,42,95.87,1,Yes,8.27,Multiple,N/A
0b0b48b3-b7f9-4e63-8ec9-f29cbb33911c,2026-02-05,CUST-617035,52,14,186,16.33,43,18:00-20:00,None,9.97,0.59,No,6874,40,News,1.35,18,99.34,0,No,2.94,Single,N/A
a5b7bcbd-5b16-4681-8c7a-61bba2eed845,2025-09-01,CUST-493715,80,26,9,39.72,5,12:00-14:00,Spotify,60.26,0.6,No,0,49,Maps,0.6,58,98.23,3,No,3.06,Multiple,N/A
d5d28ea1-9b06-43c8-865b-a7830bf561b6,2026-07-02,CUST-581471,277,36,145,40.49,31,18:00-20:00,YouTube,18.75,0.75,No,1936,48,Productivity,1,24,96.68,1,No,6.14,Multiple,N/A
46069d32-b90d-4771-bc90-c87e38ccafeb,2025-09-19,CUST-463046,284,41,103,43.37,45,08:00-10:00,None,64.8,0.63,No,5363,45,Streaming,0.69,22,98.68,3,No,2.16,Single,N/A
95f75a86-1ec0-453a-9fde-4f6278f1d558,2026-03-20,CUST-356613,42,19,72,35.77,48,20:00-22:00,Netflix,10.77,0.57,No,0,1,Gaming,1.51,55,99.62,3,No,9.76,Multiple,N/A
323e41ca-34b1-4a70-8a7e-d5aa2f598e57,2026-07-05,CUST-883269,201,33,194,25.73,23,20:00-22:00,Netflix,99.61,0.61,No,0,12,Maps,1.48,27,96.67,2,No,8.3,Multiple,N/A
9dead3e8-d879-4786-907e-9620da3bfe61,2026-03-10,CUST-638299,171,14,183,21.57,20,20:00-22:00,Netflix,42.93,0.68,No,0,58,Social,0.91,20,98.87,1,No,5.98,Single,N/A
b71ab2e8-a46a-4b22-b623-591efb92e19d,2025-09-29,CUST-331535,243,43,105,12.08,33,08:00-10:00,Spotify,89.01,0.52,No,0,44,Social,1.93,24,97.59,4,No,2.64,Single,N/A
edd5005c-2137-4666-8160-7f3e1d071595,2025-10-25,CUST-718915,212,6,67,48.74,34,08:00-10:00,Netflix,83.36,0.86,No,0,43,Maps,0.52,40,96.51,2,No,5.33,Single,N/A
26a71433-d37a-4a54-9630-444e3a15b042,2026-03-21,CUST-233970,13,27,62,11.85,24,18:00-20:00,YouTube,33.52,0.81,Yes,0,57,Social,0.83,47,96.22,5,No,0.55,Single,N/A
de216406-e272-4178-98dd-04a98a7745d7,2026-04-20,CUST-788445,92,3,52,46.33,20,20:00-22:00,Netflix,99.92,0.35,No,0,36,Maps,1.19,22,96.79,0,No,3.91,Single,N/A
d3cbd515-547e-4491-89b1-ca8fcccac489,2026-06-06,CUST-540270,34,48,167,48.98,13,20:00-22:00,Netflix,19.84,0.23,No,0,34,Productivity,1.53,14,95.27,3,No,8.07,Single,N/A
3edbc55b-330e-4aee-a272-bec9ebaf8f96,2025-10-25,CUST-861393,46,8,25,27.22,23,08:00-10:00,Spotify,19.76,0.46,No,0,55,Productivity,0.99,9,99.17,1,No,5.54,Single,N/A
4de70c67-093e-4f00-9b00-5182d35b22e0,2025-11-19,CUST-201034,223,8,97,17.84,41,18:00-20:00,YouTube,79.75,0.37,No,0,25,Gaming,1.52,56,99.42,3,No,4.76,Multiple,N/A
ca85a201-6049-43ec-aaa5-7e4ad2e91570,2026-03-23,CUST-996109,290,17,192,24.24,29,12:00-14:00,YouTube,52.34,0.3,No,0,15,Productivity,1.45,45,97.02,0,No,9.23,Single,N/A
f7c6cfd9-1738-4091-9c08-f9e29c842ca0,2026-01-08,CUST-465557,104,19,24,38.58,12,18:00-20:00,Spotify,41.56,0.16,No,0,41,Maps,1.21,9,96.05,4,Yes,9.17,Single,N/A
f3b5ce06-57b0-4474-85f4-bb8186534a3e,2026-07-23,CUST-889996,205,5,129,4.27,32,20:00-22:00,Netflix,34.37,0.55,No,6586,14,Maps,1.64,19,95.85,1,No,0.48,Single,N/A
e181e7b4-39b5-4631-9538-e02a23f705ee,2025-08-09,CUST-811997,21,20,164,16.18,22,18:00-20:00,YouTube,54.35,0.21,No,0,51,Maps,0.96,18,99.79,2,No,5.3,Multiple,N/A
f39db187-d0ee-4dba-9ae9-80e35897ed6a,2026-04-09,CUST-765104,25,13,32,32.98,32,08:00-10:00,Spotify,82.05,0.71,No,0,49,Streaming,1.74,35,95.93,2,No,5.48,Multiple,N/A
ce27d769-a127-4f2e-ab9e-ac7038910f17,2026-03-07,CUST-556586,68,22,35,42.56,27,20:00-22:00,Spotify,22.5,0.68,No,0,41,Gaming,1.01,59,95.94,4,Yes,2.83,Single,N/A
a9f91f07-740b-4f90-ad1c-26d1d3f8d1a1,2025-09-20,CUST-616385,279,21,190,25.06,17,20:00-22:00,Netflix,66.03,0.13,No,0,1,Gaming,1.39,39,97.33,5,Yes,3.51,Single,N/A
77b8c690-954e-466c-bac4-b7301859bceb,2026-06-17,CUST-952547,18,9,142,13.3,6,08:00-10:00,YouTube,4.46,0.31,No,0,31,News,1.75,58,98.61,2,No,4.99,Multiple,N/A
6f47033c-989f-452b-be74-a90250cde7cd,2026-05-18,CUST-179910,289,12,99,17.49,29,12:00-14:00,Netflix,85.05,0.3,No,0,9,Social,0.62,44,98.19,0,No,5.89,Multiple,N/A
a28d0050-afc6-4973-b58c-4c551472c46a,2025-10-28,CUST-752556,136,20,96,13.9,15,08:00-10:00,Netflix,73.82,0.7,No,0,54,Social,1.27,16,97.72,1,No,2.68,Single,N/A
5ac4ca0e-9b03-4b9e-9d35-7cb007f55a23,2025-10-11,CUST-789941,120,45,82,21.09,18,18:00-20:00,Netflix,52.75,0.17,Yes,0,9,Maps,1.34,24,97.83,1,No,6.47,Single,N/A
e92bfbb6-e8e6-4368-a851-354779b8e19c,2025-08-12,CUST-570401,198,5,174,47.38,23,20:00-22:00,Spotify,29.92,0.85,No,0,15,News,0.91,22,95.09,1,No,3.19,Single,N/A
e12403a0-c750-430a-89c0-a298ea7b9c6f,2025-08-06,CUST-906899,117,26,166,47.64,12,12:00-14:00,None,62.84,0.88,Yes,9692,23,Streaming,1.43,38,99.55,3,Yes,9.3,Single,N/A
f4e9038b-3d6f-4067-a12e-6ddaaab87a74,2026-03-29,CUST-558183,198,13,90,49.66,16,20:00-22:00,None,49.99,0.19,No,0,5,Productivity,1.42,57,96.95,3,No,6.89,Single,N/A
f229a89c-746e-425d-8dcb-4901071b3607,2025-10-02,CUST-152737,91,47,145,38.06,48,20:00-22:00,None,39.55,0.15,No,0,43,Social,1.09,30,99.97,0,No,2.25,Multiple,N/A
4e11e78d-b33d-4f4f-be7c-dccefeaeccab,2026-02-23,CUST-585361,56,35,98,35.83,25,20:00-22:00,YouTube,25.82,0.21,No,0,25,Productivity,1.36,29,97.52,3,No,7.36,Single,N/A
5ba0ef0e-f80a-4707-9783-5fc7d8c14884,2026-03-11,CUST-267849,53,28,161,43.64,48,20:00-22:00,Spotify,26.18,0.14,No,0,46,News,1.08,49,99.19,5,No,4.79,Single,N/A
8e713f18-ca88-4e7c-ad30-71bc744737d0,2026-07-15,CUST-898073,153,4,172,35.35,38,12:00-14:00,Spotify,87.4,0.11,No,0,29,Social,1.8,21,97.98,1,No,1.11,Single,N/A
6f07cfb9-5e8f-4a3c-8acf-6981b3f37b75,2026-02-04,CUST-614628,69,34,12,8.14,22,20:00-22:00,YouTube,45.98,0.58,Yes,0,19,Productivity,1.13,36,95.58,3,Yes,7.53,Single,N/A
f7a26f7a-ae68-4d10-9859-a4f80736fdc9,2025-12-20,CUST-582839,171,4,116,40.01,16,20:00-22:00,Netflix,44.93,0.38,No,0,6,Social,1.64,52,97.55,2,Yes,6.23,Multiple,N/A
1f2fb67f-59f5-4c6a-b555-281197bcdb79,2025-11-19,CUST-563200,102,19,78,33.52,35,20:00-22:00,Spotify,97.73,0.86,No,0,31,News,1.99,55,99.82,1,No,5.14,Single,N/A
fc1b541b-5c74-42e6-8e71-eaa55bc04f0a,2025-09-08,CUST-534973,79,10,39,35.57,31,12:00-14:00,Netflix,20.35,0.62,No,0,6,Gaming,0.83,6,98.98,4,Yes,1.31,Multiple,N/A
919cda02-3ddd-47a8-b390-1affebf0f794,2026-05-03,CUST-626157,118,6,58,35.78,21,18:00-20:00,None,1.73,0.64,Yes,0,57,Streaming,1.9,10,99.62,3,No,9.54,Multiple,N/A
eace992a-56fc-43da-b5ec-99fe19b349a9,2025-07-25,CUST-653404,21,45,117,6.97,14,18:00-20:00,YouTube,80.21,0.41,No,0,59,Maps,1.23,58,99.33,0,No,9.69,Single,N/A
cf6d614b-336e-492e-802d-644e5004091f,2025-11-29,CUST-959687,220,26,86,21.39,45,12:00-14:00,Netflix,28.95,0.8,No,0,32,Gaming,1.49,42,98.47,2,Yes,8.03,Single,Canada
c6f2b80f-e3f3-49b6-bd98-c080e394ae9d,2025-12-29,CUST-309432,185,46,64,46.18,28,20:00-22:00,Netflix,42.49,0.66,No,0,60,Gaming,1.24,14,99.12,3,No,1.73,Multiple,Canada
ca6af0f5-3eaf-46cb-9111-46d32a7ea925,2025-09-06,CUST-290155,252,19,87,13.98,7,18:00-20:00,YouTube,29.88,0.33,No,2714,57,Social,1.2,46,99.41,3,No,9.71,Single,N/A
d82ffc3c-88ca-4a01-92ec-8b5fa24035d3,2026-03-01,CUST-491577,264,44,163,16.91,11,18:00-20:00,Netflix,60.75,0.45,No,0,58,Maps,1.67,6,98.29,4,No,0.3,Multiple,N/A
f4a096d4-6ffa-45e9-9126-a385783e439d,2026-05-18,CUST-990950,42,30,30,4.84,34,12:00-14:00,None,37.07,0.31,No,9943,3,Streaming,0.95,40,97.23,5,No,8.6,Single,N/A
d12b366a-ad55-454e-94d8-98c45cbdc65b,2025-10-25,CUST-965718,238,50,106,49.62,18,20:00-22:00,YouTube,42.68,0.54,Yes,0,22,Gaming,0.83,23,98.45,1,Yes,5.11,Single,Germany
541ca1ff-8765-42a7-a198-e6a14c1a8e1b,2025-10-06,CUST-454534,294,5,73,49.22,50,12:00-14:00,YouTube,55.24,0.17,No,0,24,News,1.91,45,96.96,3,Yes,9.78,Multiple,N/A
44d21ec2-e286-4c45-bb35-88a78a735b11,2026-03-03,CUST-189182,51,3,45,4.61,15,20:00-22:00,Spotify,30.22,0.63,No,8203,18,Gaming,1.17,37,97.26,3,Yes,7.47,Multiple,N/A
3a090107-51be-406a-a5a5-59a1ac1be33f,2025-08-24,CUST-189286,63,17,81,21.84,41,20:00-22:00,None,17.23,0.82,No,0,57,Maps,0.68,27,95.43,0,Yes,2.02,Single,N/A
7a523018-e460-49ab-a3e1-583ce690c022,2026-03-03,CUST-558311,14,17,185,46.27,44,18:00-20:00,Spotify,21.22,0.64,No,0,16,Social,1.51,12,95.82,4,No,2.22,Multiple,N/A
a6568161-ff1b-4fbc-ad19-9ad6db13f695,2025-09-12,CUST-992333,233,46,76,6.18,7,12:00-14:00,None,16.94,0.18,No,0,41,Productivity,1.85,52,97.43,1,No,6.74,Single,N/A
9d4f4966-b78a-4341-95a0-73b651d11219,2025-10-20,CUST-902767,154,1,97,4,41,12:00-14:00,YouTube,76.64,0.86,No,0,25,Social,1.88,57,99.91,4,No,5.05,Single,N/A
52e2095a-6bae-4260-a4a6-9178dd17dc85,2025-12-15,CUST-773315,192,38,100,20.71,21,08:00-10:00,Spotify,98.12,0.16,Yes,0,58,News,1.15,51,98.06,5,Yes,2.91,Single,N/A
2f26fb9f-a5ea-4cce-96a3-3815b4efbd68,2026-07-14,CUST-808731,151,41,96,20.95,13,12:00-14:00,Netflix,47.82,0.75,No,0,37,Streaming,0.9,58,95.29,2,No,5.66,Single,N/A
6c1f2446-7888-4b41-84ee-0715b48c4ef0,2026-02-20,CUST-592668,229,12,34,5.9,36,20:00-22:00,None,9.2,0.73,No,0,36,Gaming,0.64,23,98.07,4,No,9.72,Multiple,N/A
03e80fec-3b1f-48a4-939b-771531a8bf10,2025-12-18,CUST-567116,108,17,159,11.55,5,08:00-10:00,Netflix,25.04,0.78,Yes,0,54,Maps,1.84,13,98.49,4,Yes,0.89,Multiple,N/A
c7623ddf-bc5e-46e8-b2b1-6fa694cfbe6e,2025-09-29,CUST-635265,123,20,13,15.21,36,18:00-20:00,YouTube,33.99,0.85,No,0,37,Streaming,0.94,20,98.29,3,No,8.56,Single,N/A
6584eb50-d76a-4158-88d1-9e9e6643b1b1,2026-01-25,CUST-190588,72,50,98,39.68,31,18:00-20:00,Spotify,0.84,0.33,No,0,12,Streaming,1.55,13,97.3,1,No,4.44,Single,N/A
ff7eb417-4c66-42fb-b2b3-57885490e53b,2026-04-14,CUST-598685,117,47,76,13.31,37,08:00-10:00,Netflix,40.95,0.45,No,0,5,Streaming,0.67,17,97.04,0,No,8.28,Multiple,N/A
6ca99192-9b40-4f28-9ab3-99f3ca531a3d,2025-11-04,CUST-677853,46,43,43,33.73,44,12:00-14:00,Spotify,96.49,0.21,No,0,46,Social,0.52,15,96.44,1,No,5.78,Multiple,N/A
179a5991-e093-497b-a875-1858a5b11b87,2025-08-15,CUST-625383,290,41,105,45.96,40,12:00-14:00,YouTube,89.02,0.29,No,0,30,News,0.95,30,97.02,1,Yes,0.5,Single,N/A
a057c83e-1966-4c3f-94d6-e5ac23d476b4,2025-09-14,CUST-836828,283,19,83,21.52,41,20:00-22:00,None,38.42,0.34,No,0,33,Maps,1.22,56,97.88,3,No,3.82,Single,N/A
b157cd91-5b3b-419a-ae4a-59b3f43e7c33,2025-10-25,CUST-667984,264,45,195,36.28,13,08:00-10:00,None,1.43,0.89,No,0,31,Streaming,0.84,6,97.46,1,No,9.53,Single,N/A
4a2620b1-0e8d-42b7-ae1e-2f74bbd35d3c,2026-01-22,CUST-521147,33,29,126,40.15,31,20:00-22:00,None,80.72,0.42,No,0,42,Productivity,1.4,32,96.36,2,No,4.73,Multiple,N/A
d058fe1e-7200-4668-be6e-47f50c0708a4,2025-12-26,CUST-950015,33,15,114,25.71,48,08:00-10:00,None,2.28,0.22,No,0,42,Productivity,0.98,37,95.53,2,No,1.35,Single,N/A
116082b9-75d6-43b8-b1de-6cbbc4c2b88b,2026-02-15,CUST-855463,176,26,55,7.22,8,20:00-22:00,Spotify,12.52,0.5,No,0,23,Maps,1.11,47,95.32,3,No,1.03,Multiple,N/A
35c2bbad-a2a4-40e6-a6fd-53062ede913e,2025-11-09,CUST-613299,44,10,180,41.86,38,18:00-20:00,YouTube,6.33,0.38,No,0,16,Productivity,1.54,7,98.89,1,Yes,1,Single,N/A
ebeaa8bd-585b-4dc8-92f0-ae7fdd98c2ff,2025-11-22,CUST-658085,277,13,131,38.6,15,08:00-10:00,YouTube,6.76,0.18,No,0,27,Productivity,0.72,38,98.05,1,No,5.53,Single,N/A
f23b847f-8f3f-4c58-a313-a73b916842bc,2025-09-29,CUST-511310,29,35,81,46.14,21,18:00-20:00,YouTube,89.43,0.86,No,0,55,Maps,1.86,22,95.94,3,No,6.6,Multiple,N/A
bfa32cf6-e8ff-4f6d-8935-8442523d19b8,2026-07-08,CUST-823276,282,3,185,29.9,43,12:00-14:00,None,50.25,0.89,No,0,30,Maps,1.7,56,96.51,5,No,3.21,Multiple,N/A
0be976b9-b039-4dee-a788-1d4442e650fd,2025-12-20,CUST-542034,203,25,188,42.4,22,08:00-10:00,Netflix,34.02,0.35,No,0,9,Social,0.58,47,99.07,3,No,1.77,Single,France
e2e14d85-6335-4357-8b11-c714f42596ab,2026-02-19,CUST-810493,50,33,70,45.56,36,08:00-10:00,Netflix,74.04,0.57,No,0,26,Social,1.06,55,99.77,3,No,7.36,Single,N/A
ea5a0841-2280-4da7-922d-3bfd9e5046c2,2025-09-11,CUST-882315,231,11,94,49.48,32,18:00-20:00,Spotify,30.76,0.74,Yes,0,21,Social,1.21,45,95.96,1,Yes,9.02,Multiple,N/A
ac9666df-0b39-4b4c-a08d-2a6dedace3ed,2026-05-16,CUST-774120,90,4,177,22.06,39,08:00-10:00,Spotify,61.8,0.89,No,0,48,News,0.99,11,95.36,4,Yes,9.81,Multiple,N/A
aedcd4a1-07b7-44ec-a2ea-c1804a0be78f,2025-11-28,CUST-687224,51,11,113,42.98,30,20:00-22:00,None,16.86,0.76,No,0,58,Social,1.13,54,96.56,2,Yes,9.34,Single,N/A
e26dbf36-d857-4d2c-9864-65510ea32380,2025-09-22,CUST-963281,130,24,32,32.78,44,20:00-22:00,YouTube,52.57,0.51,No,0,42,News,1.93,56,97.54,1,Yes,3.76,Multiple,N/A
01a9e02e-8249-40a8-9b31-97837b25f9e1,2026-04-21,CUST-880083,192,39,182,16.8,32,08:00-10:00,Netflix,74.85,0.59,Yes,6889,49,Productivity,1.89,55,99.37,1,Yes,2.47,Single,N/A
5ccec6a0-1bd4-4fe4-bc46-b1fc05e73897,2025-10-18,CUST-683423,212,3,171,21.39,44,08:00-10:00,Spotify,64.78,0.69,No,0,46,News,1.73,13,95.55,4,No,3.26,Single,N/A
8ca1a284-0791-46bf-be19-36b02c9a26a2,2026-03-11,CUST-487854,265,37,73,32.88,39,12:00-14:00,None,37.93,0.49,Yes,0,37,Gaming,0.56,41,97.4,2,No,0.38,Multiple,N/A
af7b7c70-e067-4591-a3a7-6efc409e17f0,2025-11-26,CUST-681130,144,12,187,0.77,19,18:00-20:00,Netflix,82.56,0.72,No,0,52,Gaming,0.93,58,95.8,3,Yes,2.17,Single,N/A
1846b909-2ed5-416b-a214-ce65efa7a054,2026-06-22,CUST-995180,57,19,3,7.62,24,08:00-10:00,None,75.5,0.32,No,0,21,Productivity,1.66,21,97.69,2,No,1.97,Multiple,N/A
305bbf77-7182-49f1-b458-88671c33824e,2025-10-24,CUST-959082,291,32,106,15.57,20,08:00-10:00,Spotify,58.55,0.29,Yes,0,39,Streaming,1.67,51,98.97,5,No,7.31,Single,N/A
0b37e5c5-c922-4fd9-8c3d-9fd05e64f788,2026-05-13,CUST-899691,69,46,47,32.95,36,18:00-20:00,None,64.09,0.78,No,0,21,Gaming,1.25,30,99.66,1,No,8.82,Single,N/A
b7eb07a9-4ed4-44ca-aadc-11dd8be3491f,2026-05-10,CUST-460944,168,20,129,39.03,30,12:00-14:00,YouTube,42.37,0.86,No,0,51,Gaming,1.21,23,95.58,2,Yes,2.91,Single,Japan
b9866f9c-0c61-4ae7-a9fb-ef621a284454,2025-11-19,CUST-999312,258,17,84,25.68,14,12:00-14:00,None,30.8,0.16,No,0,18,Streaming,1.14,28,97.33,4,No,4.43,Multiple,N/A
30790305-1f9d-4262-a164-2235fb01dddc,2025-12-02,CUST-832500,279,27,187,4.89,7,12:00-14:00,YouTube,18.01,0.79,No,0,55,News,0.72,20,95.32,5,No,5.07,Single,N/A
f7fddc73-7640-4a89-baff-e1bbdd6284c2,2025-09-12,CUST-281661,159,5,198,13.39,8,20:00-22:00,Spotify,30.56,0.49,No,0,37,Maps,1.38,5,97.73,0,No,6.92,Multiple,N/A
3d5f738e-2ca8-4ed3-973c-70283f9ba91e,2026-03-31,CUST-175515,11,35,191,40.56,40,12:00-14:00,Netflix,51.92,0.73,No,0,37,Streaming,1.92,14,98.24,3,No,1.98,Single,UK
321e6632-ade0-4e9b-ad66-04bfab738881,2025-08-07,CUST-907254,206,3,70,31.8,22,12:00-14:00,Spotify,92,0.3,Yes,0,54,Social,1.99,23,99.16,2,No,0.81,Single,N/A
02a56e64-b0cf-465e-8882-8d658b58ad2f,2026-02-10,CUST-590881,91,32,120,17.04,22,18:00-20:00,Spotify,71.89,0.79,No,0,53,Productivity,1.53,28,95.53,0,Yes,8.84,Single,N/A
7b26c45b-1db0-4b31-903e-239a3ac37770,2026-01-07,CUST-669609,293,16,79,47.09,40,08:00-10:00,Spotify,39.4,0.11,No,0,16,News,1.23,23,98.23,2,No,6.9,Multiple,N/A
64874c06-e108-4418-8658-7d38c2d92d74,2025-12-31,CUST-105317,149,25,114,18.66,13,20:00-22:00,Netflix,58.6,0.69,No,0,10,Social,0.6,54,98.29,4,Yes,3.1,Multiple,N/A
4fa7e0c2-0748-4ce1-82e6-a4a45ac800bb,2026-06-15,CUST-349082,114,49,162,38.16,19,12:00-14:00,YouTube,38.85,0.69,No,0,25,Social,1.52,40,99.7,2,No,0.56,Single,N/A
b1d37239-e584-4a5d-9ab9-4522aee81ede,2026-03-20,CUST-626170,276,36,3,6.27,7,20:00-22:00,Netflix,98.41,0.47,No,0,38,Social,1.49,7,97.91,2,No,2.27,Single,N/A
4f8f323e-e2a1-4007-bb5c-d2f27cfebb5d,2025-09-11,CUST-582699,62,48,156,34.45,11,12:00-14:00,Spotify,2.65,0.44,No,0,21,News,0.86,6,98.37,2,No,6.06,Multiple,N/A
e91f1c37-e277-485b-846e-9b3b5d9e926a,2026-04-26,CUST-795266,54,24,98,10.31,32,12:00-14:00,None,75.78,0.62,No,0,59,Streaming,0.89,17,99.36,0,Yes,1.8,Single,N/A
cef2f738-c9b4-41e4-abd9-da553a06d549,2026-02-11,CUST-527522,44,40,5,7.36,38,08:00-10:00,YouTube,99.72,0.5,No,0,1,Gaming,0.97,27,99.16,2,No,6.59,Single,N/A
d0c15c4b-9dd2-4080-b3c9-358b410dca91,2026-02-09,CUST-612119,201,17,115,33.33,21,12:00-14:00,None,56.76,0.1,Yes,2039,26,Productivity,0.72,13,99.23,1,No,8.4,Single,N/A
6acdf79e-ead9-4dcc-ab17-c12ff0647bf5,2026-03-01,CUST-184046,52,13,90,46.21,23,08:00-10:00,YouTube,96.11,0.6,No,0,45,News,1.05,20,99.44,5,Yes,9.74,Single,N/A
31a222fa-d48a-40f3-abd5-f1f6902528dd,2026-05-31,CUST-451024,57,45,193,44.71,50,18:00-20:00,None,53.03,0.43,No,0,48,Social,1.56,37,99.46,4,No,5.18,Single,N/A
cff31997-3cce-4d7c-98b7-97860373a8a4,2025-11-23,CUST-155620,280,48,59,32.6,31,08:00-10:00,Netflix,26.44,0.59,No,0,7,Streaming,0.84,9,95.59,2,No,5.41,Single,N/A
7accc572-7f25-4bd8-b4ae-e2cacf8bd7c0,2025-08-02,CUST-123734,227,43,124,18.65,32,20:00-22:00,None,12.85,0.17,No,0,9,Social,1.64,14,98.98,5,No,8.12,Single,N/A
2d70fa9d-5627-43f9-b5b9-b89c15a2f503,2025-09-09,CUST-829908,179,43,75,41.21,45,12:00-14:00,Spotify,18.07,0.25,No,0,22,News,0.83,51,95.22,3,No,0.02,Single,N/A
90e128da-2580-40cc-8fe1-5ccebdba8548,2025-10-05,CUST-453145,72,5,59,40.2,18,20:00-22:00,Netflix,84.38,0.26,No,0,53,Streaming,1.25,35,96.66,4,No,6.11,Single,N/A
5832ecd0-8682-4e34-8d09-00e6481632ba,2025-12-17,CUST-744312,24,49,54,10.98,49,18:00-20:00,YouTube,86.44,0.29,No,0,12,News,0.71,60,99.57,4,Yes,0.43,Single,N/A
16d985b5-dbb1-4a7e-8470-ff5e652379e5,2025-11-05,CUST-526914,212,22,36,19.26,41,20:00-22:00,None,84.44,0.19,No,0,5,Maps,1.62,6,96.69,4,No,7.03,Single,N/A
c069aa93-31ce-4d5f-94c3-58b2e4d7096c,2026-01-08,CUST-618522,124,46,187,22.54,19,18:00-20:00,Spotify,92.54,0.81,No,0,54,Gaming,1.65,57,98.04,0,No,5.67,Multiple,N/A
edb0a7e7-043e-457b-9c44-184c28c7350e,2026-03-08,CUST-391362,286,29,195,34.45,23,18:00-20:00,YouTube,69.24,0.19,No,2956,8,Streaming,1.08,32,96.94,0,Yes,2.64,Single,Mexico
e0b8a46b-5490-4128-b643-2b6945beb224,2025-08-12,CUST-652502,177,43,117,35.85,36,08:00-10:00,Netflix,0.17,0.5,No,580,37,News,1.37,58,95.42,4,No,0.23,Multiple,USA
b874a338-0f41-4f14-816a-534e97afd247,2025-12-17,CUST-540494,208,7,15,43.72,32,08:00-10:00,None,53.01,0.47,No,0,13,Social,1.69,32,99.35,1,Yes,8.15,Single,N/A
f81f6db9-ad90-452d-af96-0604d56c4f76,2026-07-02,CUST-119602,147,26,73,29.66,10,18:00-20:00,None,85.09,0.6,No,0,45,News,1.9,19,97.2,4,No,2.71,Single,Japan
756ef04f-5d51-4ee7-866b-a24fc27dd5b4,2025-12-19,CUST-669384,239,45,20,4.62,48,08:00-10:00,YouTube,29.75,0.32,No,0,14,Gaming,1.16,43,96.4,4,Yes,5.2,Multiple,N/A
4091ff76-c04f-43f4-b3a8-20cb52c81d85,2025-10-30,CUST-164119,168,11,124,11.87,40,20:00-22:00,Spotify,55.6,0.1,Yes,0,57,Maps,1.72,7,98.24,1,No,6.84,Multiple,N/A
fdc2f339-c1a1-4626-a641-c7e6640336d0,2025-10-11,CUST-943295,51,29,63,43.87,41,18:00-20:00,YouTube,81.47,0.16,No,0,54,Social,1.43,59,97.84,3,No,5.95,Single,N/A
74e6de05-d368-4fc1-80f7-f1d2d018ca6d,2025-12-24,CUST-221723,193,49,65,38.43,28,08:00-10:00,YouTube,93.58,0.86,No,0,41,Social,1.08,21,99.29,4,No,0.04,Single,N/A
96d075e9-a0cb-48a9-a9ce-6f0a7884fcf2,2025-08-23,CUST-617224,228,31,185,32.46,32,08:00-10:00,YouTube,32.72,0.28,No,0,2,Gaming,1.45,52,99.18,3,No,3.14,Single,N/A
25689f93-e62b-427c-95fe-52ee8fab617d,2026-05-16,CUST-937007,145,37,0,8.33,5,18:00-20:00,YouTube,29.1,0.85,No,0,57,News,0.88,37,97.5,3,No,7.22,Multiple,N/A
4e70d5d4-8047-4753-9161-e1a9b3e71123,2025-12-07,CUST-450024,13,34,174,18.4,19,08:00-10:00,YouTube,12.88,0.8,No,0,26,News,0.94,57,97.02,1,No,3.78,Single,N/A
b3c7a092-c811-47b7-8bd6-b38a6405972b,2026-05-31,CUST-652768,105,24,53,19.5,7,18:00-20:00,Spotify,95.76,0.61,No,0,49,Maps,0.62,29,99.47,2,No,9.68,Multiple,N/A
bc68f60f-f204-4114-a76c-4f95deb05832,2025-09-20,CUST-977309,199,25,165,11.36,8,20:00-22:00,None,93.61,0.69,No,0,29,Streaming,1.3,39,95.79,1,No,8.53,Multiple,N/A
ad9bf135-7bbc-40e5-8f05-bd323ac75233,2025-09-08,CUST-872495,148,48,50,40.48,19,08:00-10:00,Netflix,77.26,0.24,No,0,45,News,1.42,18,95.91,2,No,1.34,Single,Canada
c93081b3-af09-447c-8f15-6520295c7e44,2026-03-02,CUST-300805,261,29,150,32.4,23,12:00-14:00,Netflix,98.51,0.63,No,0,41,Streaming,0.86,33,95.17,4,No,2.16,Multiple,N/A
8dd3f651-c125-4e42-83c2-88328441357a,2026-04-15,CUST-917683,47,27,9,21.72,32,18:00-20:00,None,0.15,0.81,No,0,1,News,0.67,51,98.82,1,Yes,3.62,Single,N/A
6e9463db-3742-4240-b685-ba36c11d094c,2026-05-23,CUST-425680,52,48,68,22.47,25,18:00-20:00,None,94.45,0.38,No,0,30,Gaming,1.8,26,95.06,4,No,1.13,Single,N/A
48fe3e78-9e72-4593-a2cd-ed632b0217d1,2026-01-08,CUST-174008,84,4,41,41.98,28,08:00-10:00,Spotify,8.61,0.31,No,0,46,Productivity,0.88,22,95.22,4,Yes,7.27,Single,N/A
66d4132e-4d55-48b1-b5eb-eff16a2cd37b,2026-07-20,CUST-501947,37,11,165,44.68,48,12:00-14:00,YouTube,56.76,0.74,No,0,36,Maps,1.1,52,97.97,2,Yes,1.39,Single,N/A
e52bc48f-d489-40d0-ac98-38c6f4914e2c,2025-12-14,CUST-488102,148,37,100,40.72,30,08:00-10:00,YouTube,80.98,0.72,No,0,28,Gaming,1.01,41,96.38,2,No,0.6,Single,N/A
dd391d0d-06d2-4070-bbd8-3244fc6a69fa,2025-12-19,CUST-381350,85,12,28,35.52,18,08:00-10:00,Spotify,32.05,0.61,No,0,60,Social,1.18,44,95.22,0,Yes,4.29,Single,Mexico
5b8cd56d-62cf-449d-92f1-4adc485b34fc,2026-01-13,CUST-234865,280,7,164,11.17,37,12:00-14:00,YouTube,38.11,0.33,No,0,14,Gaming,0.57,9,95.28,2,Yes,1.95,Single,N/A
0e22cdc3-766c-4902-9a10-5d7307e5a7b0,2025-12-04,CUST-744060,153,47,191,31.83,20,20:00-22:00,Netflix,90.79,0.72,No,0,2,Productivity,1.54,49,98.91,1,No,6.65,Single,Germany
41debd6e-6b22-4f61-8eae-70ef3ef6d29b,2025-08-08,CUST-840069,226,45,146,7.47,14,18:00-20:00,Netflix,22.68,0.52,No,0,34,Gaming,1.43,60,97.06,4,No,2.74,Single,N/A
d7ebe33b-3a42-4ee8-bf5d-bc9eefa7629d,2025-09-12,CUST-662975,244,42,111,32.4,48,08:00-10:00,Spotify,73.35,0.2,No,0,35,Productivity,1.1,55,99.2,1,No,1.2,Single,N/A
7e0aef73-b65d-48d9-9f96-4e7373655b9a,2026-05-05,CUST-526335,289,23,198,20.46,35,12:00-14:00,None,51.81,0.87,No,0,49,News,1.4,54,95.6,1,No,1.43,Multiple,N/A
71b2119d-b72d-44b8-aced-c7be8816ab2a,2026-03-01,CUST-442408,270,11,17,14.06,23,18:00-20:00,Netflix,27.69,0.79,Yes,0,49,Maps,1.41,24,99.71,4,No,9.47,Single,N/A
62c1f4c8-1d03-4ea4-a947-4f4044726407,2025-11-29,CUST-323312,208,3,115,47.55,9,08:00-10:00,Spotify,64.87,0.26,No,7177,46,Streaming,1.93,9,95.14,3,Yes,0.14,Single,N/A
2a478418-8366-416e-b3f4-3d57bcbe24ee,2025-12-08,CUST-981436,21,36,94,19.09,5,18:00-20:00,Spotify,17.21,0.39,No,0,10,Productivity,1.47,34,96.84,2,Yes,9.62,Single,N/A
32453306-4cd1-4f94-b5ad-e734714dcfd3,2025-12-13,CUST-749751,49,21,177,20.89,28,12:00-14:00,Spotify,42.93,0.88,Yes,0,47,Productivity,1.66,50,97,0,No,1.58,Multiple,N/A
90d3cb60-114f-4a7e-8847-545d573c6659,2025-10-14,CUST-276362,194,7,153,3.55,22,20:00-22:00,Netflix,68.66,0.45,No,4021,24,News,0.53,17,95.96,1,No,3,Single,N/A
7f976dba-4cb5-4124-9990-1ccc4a049046,2026-05-30,CUST-969918,198,14,75,26.2,37,08:00-10:00,None,61.17,0.48,Yes,0,35,Maps,1.75,35,99.01,3,No,0.18,Single,N/A
5944c408-27d0-437c-a359-085ab93c634e,2026-05-08,CUST-908227,70,27,33,41.39,12,18:00-20:00,Netflix,76.33,0.77,No,0,33,Maps,0.77,26,99.71,5,No,3.16,Single,N/A
16f4d428-b2d6-4010-a7be-63ebfe69959c,2025-08-18,CUST-249329,163,44,71,39.32,19,18:00-20:00,None,45.16,0.61,No,0,21,Streaming,1.09,59,96.52,5,No,9.61,Single,N/A
20bcc4db-14c2-494e-9d44-e0809b4e25c5,2025-08-05,CUST-564260,215,43,109,41.1,10,12:00-14:00,None,22.46,0.19,No,0,24,Gaming,1.24,48,97.88,2,No,2.12,Single,Mexico
fe1772d8-774a-42c2-901e-cea52473db14,2026-04-17,CUST-234212,85,12,82,41.37,16,18:00-20:00,Netflix,72.47,0.31,Yes,0,41,Social,1.23,34,96.83,5,No,1.69,Single,N/A
0b1ece13-8af9-4112-a973-52b9144e524a,2026-04-17,CUST-379095,36,40,163,14.35,33,20:00-22:00,Netflix,92.29,0.8,No,0,30,Productivity,0.75,42,95.51,5,Yes,0.3,Single,N/A
e3dc10df-bf5c-44e6-903a-8bf2fdf4653f,2025-11-25,CUST-335018,6,35,172,39.47,22,12:00-14:00,None,24.64,0.82,No,0,47,Productivity,1.79,33,95.08,5,No,1.12,Multiple,N/A
915e488f-f6ca-4bf2-a0fe-6a8afab24986,2026-07-09,CUST-641910,283,27,147,12.81,30,08:00-10:00,YouTube,38.02,0.54,No,0,0,Gaming,0.6,9,97.91,4,Yes,6.76,Single,N/A
fe7f7e7f-cb6b-4216-bff3-6a0fba08baac,2026-06-06,CUST-831877,276,39,39,22.67,21,18:00-20:00,None,81.19,0.2,No,0,22,Social,0.87,58,97.77,2,No,4.47,Multiple,N/A
e67a7be3-19c1-4511-8b12-6ea752656154,2025-10-29,CUST-198881,16,14,86,48.62,14,18:00-20:00,Netflix,89.6,0.89,No,0,60,Social,1.59,51,96.24,3,No,5.85,Multiple,N/A
e665e4d8-8fb5-409d-be19-5661561798c0,2026-01-06,CUST-446095,74,21,16,27.84,22,12:00-14:00,YouTube,47.74,0.85,No,0,34,Social,0.94,10,98.69,0,Yes,7.9,Single,N/A
eea690f5-3b75-43b1-9080-e52ae606256d,2026-02-09,CUST-829731,216,1,161,38.18,41,08:00-10:00,Spotify,90.12,0.11,No,0,16,Gaming,0.67,15,98.82,3,Yes,0.98,Single,N/A
7f108586-4a97-4222-b319-ee5cde9eeca4,2026-03-25,CUST-305062,29,1,87,47.89,44,08:00-10:00,YouTube,50.58,0.83,No,0,34,Social,0.95,49,95.5,1,No,8.87,Single,N/A
52cc2f2c-edf6-4508-9d9c-9b007cda71f1,2026-07-21,CUST-644471,181,27,133,38.54,36,08:00-10:00,Spotify,88.8,0.23,No,3829,54,Gaming,0.77,12,98.46,3,No,6.91,Single,N/A
ae489355-0489-48c6-8245-65abeb78fb89,2025-12-16,CUST-458833,215,8,57,11.51,9,18:00-20:00,None,62.23,0.18,No,0,7,Maps,1.42,39,97.07,4,No,0.22,Multiple,N/A
9679e52d-2398-4a24-9f56-701dbb922fa4,2026-02-07,CUST-743159,225,13,155,49.52,20,12:00-14:00,Spotify,66.02,0.3,No,0,43,Gaming,1.11,58,95.9,4,Yes,2.06,Single,N/A
9c36ee08-7355-4093-bc78-8c8673d837b7,2025-11-22,CUST-698188,155,16,85,48.3,25,20:00-22:00,Netflix,20.87,0.75,No,0,10,Productivity,1.05,36,98.58,1,No,5.22,Multiple,N/A
4434bf31-c4ac-4e1d-ba06-a2ddbc0d8873,2025-11-10,CUST-202457,89,4,7,4.41,19,18:00-20:00,None,46.14,0.7,No,9525,50,Maps,1.68,11,98.96,1,No,6.22,Multiple,N/A
e4434294-b0d0-401c-8b44-c6b4c7ea7d5e,2026-02-27,CUST-586149,231,38,106,4.13,33,20:00-22:00,None,48.91,0.28,No,0,11,Social,1.6,37,97.05,3,Yes,0.7,Multiple,N/A
e2768413-5a33-452c-a7ab-c721f7637be7,2025-09-04,CUST-307503,144,14,157,20.68,27,18:00-20:00,Netflix,33.57,0.57,No,0,29,Streaming,0.5,40,96.86,4,Yes,0.17,Single,N/A
885f4894-dd43-42c1-bc0f-655f80ec3855,2026-01-16,CUST-311632,105,8,193,26.29,20,08:00-10:00,YouTube,87.16,0.71,No,0,42,Social,0.76,31,95.88,3,No,3.03,Multiple,N/A
66592a6c-57bf-4de2-bf7d-92ff5e284d84,2026-01-24,CUST-834326,231,14,99,15.64,37,08:00-10:00,Netflix,54.58,0.17,No,0,21,Productivity,1.08,14,96.84,3,Yes,4.01,Single,N/A
5790831e-9558-44cd-b61d-bd11543a8bef,2025-10-29,CUST-174205,280,35,52,45.72,36,20:00-22:00,YouTube,89.47,0.12,No,8563,50,News,0.99,15,97.62,3,No,7.11,Multiple,N/A
5939da41-1e3b-44c3-bf88-016909fc788b,2026-04-25,CUST-354020,143,21,111,22.12,17,08:00-10:00,Spotify,6.79,0.82,No,5904,6,Gaming,0.51,45,99.63,3,Yes,4.74,Multiple,N/A
905f8402-c7c1-4471-b51a-da60b651d1ab,2026-06-05,CUST-548333,150,14,99,7.37,18,12:00-14:00,None,83.4,0.11,No,0,31,Gaming,1.15,7,99.5,4,No,8.15,Single,N/A
0b9bb695-f48c-410d-8f6b-9377fafd325b,2025-12-16,CUST-160565,135,11,193,30.65,25,18:00-20:00,YouTube,87.96,0.87,Yes,0,31,Streaming,1.08,14,98.24,1,No,8.58,Single,France
51da7525-a2e9-42c3-8d6c-abdd22971ee6,2025-10-30,CUST-442511,169,3,43,43.44,16,12:00-14:00,YouTube,29.12,0.78,No,0,43,News,1.77,48,97.88,1,No,9.31,Single,N/A
e9cf70b1-ab0a-44da-8b29-31f0e34f2a95,2025-09-13,CUST-107657,9,10,163,20.73,10,12:00-14:00,None,46.49,0.69,No,0,16,News,1.25,47,99.18,1,No,0.64,Multiple,N/A
044704f4-68e1-41ff-906b-218f0f9fdb7e,2026-06-15,CUST-937525,230,17,54,14.67,7,20:00-22:00,None,33.24,0.87,No,0,17,Social,1.56,53,96.07,0,No,4.84,Single,N/A
14c3de85-82a0-48c9-9611-ee9b91639437,2025-08-18,CUST-263729,149,46,93,23.84,45,18:00-20:00,Spotify,9.79,0.81,No,0,24,Streaming,1.69,29,97.7,2,No,2.63,Single,N/A
47948262-f578-4902-b3d1-59467ff1a97e,2026-06-02,CUST-200635,141,15,59,11.69,40,18:00-20:00,YouTube,34.57,0.74,No,0,2,News,1.03,28,95.08,0,No,2.32,Single,N/A
17433cf3-6919-41e4-ade2-2e8cc162d145,2026-07-07,CUST-887848,40,10,171,6.5,11,12:00-14:00,Netflix,53.61,0.36,No,7801,25,Productivity,1.47,33,97.28,3,No,2.55,Single,N/A
60d31b76-24f4-49c4-9933-06f353ee3834,2026-04-06,CUST-716703,127,3,4,37.34,11,18:00-20:00,None,92.56,0.82,No,0,4,News,0.62,50,96.76,5,No,9.89,Multiple,N/A
f99cdb12-eb3f-4c68-a373-bee61eb91c7e,2025-08-12,CUST-385663,271,47,114,28.57,48,20:00-22:00,Netflix,64.25,0.22,No,0,5,Streaming,1.88,11,97.54,1,No,4.78,Single,N/A
40786a6c-bc74-4072-bb13-97e6b76f344f,2025-12-19,CUST-487016,135,6,64,24.12,34,08:00-10:00,YouTube,70.29,0.82,No,0,6,Gaming,1.21,24,96.41,2,Yes,2.75,Multiple,UK
1353145b-54c0-4cec-bb3a-ac6157faba61,2025-11-03,CUST-620356,100,25,94,5.35,46,20:00-22:00,Spotify,71.01,0.75,No,0,9,Social,1.86,17,97.07,2,No,7.72,Multiple,N/A
51ed6c05-56ba-4678-8bf5-49d6b5086e3f,2026-06-11,CUST-188911,268,6,24,14.07,30,12:00-14:00,None,95.53,0.85,No,0,50,Gaming,1.93,36,96.22,3,No,9.93,Single,N/A
ad100e58-4e5b-4da4-ab11-199ebfb26132,2026-01-29,CUST-760794,265,14,83,21.73,40,18:00-20:00,None,52.95,0.24,No,0,4,Streaming,1.24,51,95.04,5,Yes,2.83,Single,N/A
617d0270-f334-4469-8c0f-f41fae33d742,2026-05-01,CUST-218708,32,40,188,46.63,42,20:00-22:00,Netflix,25.02,0.25,No,0,3,Gaming,1.26,29,99.52,5,Yes,1.61,Multiple,N/A
069a4d47-153d-4921-92be-011fff85282b,2026-03-06,CUST-713960,14,8,59,49.59,16,12:00-14:00,None,73.34,0.9,No,0,14,Streaming,1.37,42,98.06,0,Yes,7.7,Single,N/A
d262e34e-63f8-4345-a2ea-0efc6274bd7d,2026-02-05,CUST-552060,36,4,77,13.91,32,08:00-10:00,Spotify,8.99,0.34,No,0,33,Gaming,1.82,31,98.84,3,No,7.33,Single,N/A
198845a1-f865-4c13-bc64-94ffcb48bd36,2026-03-09,CUST-462415,218,8,178,44.27,10,12:00-14:00,None,22.89,0.73,Yes,0,6,Productivity,0.97,53,96.06,3,Yes,0.1,Single,N/A
b4c072ce-28b9-417e-bd29-dd1164b73a6f,2026-02-25,CUST-183903,112,8,122,4.1,41,12:00-14:00,YouTube,83.81,0.29,No,0,29,Gaming,1.3,28,99.07,2,Yes,3.97,Single,N/A
96855049-ecfa-4c63-bb83-a47e66099dd8,2026-04-09,CUST-110288,271,21,183,6,48,08:00-10:00,Netflix,86.78,0.9,No,0,8,Productivity,1.12,52,99.37,3,No,1.57,Single,N/A
1100a44e-d7d4-4fd3-8478-f19beaf54e3e,2026-07-08,CUST-896702,173,33,183,21.66,10,12:00-14:00,None,55.04,0.75,No,0,43,Maps,0.74,27,95.85,5,No,2.25,Single,N/A
54530996-2217-48b8-8924-43609de41527,2026-06-21,CUST-923880,49,35,132,3.46,11,18:00-20:00,Spotify,14.57,0.66,No,0,12,News,0.59,49,98.64,1,No,5.39,Multiple,N/A
b843561f-6a06-48d0-82bf-cbb75485160e,2025-10-25,CUST-726937,276,11,112,37.27,24,18:00-20:00,YouTube,12.18,0.32,No,6160,45,Streaming,1.84,6,96.77,2,No,5.66,Single,N/A
afe054a7-2ef8-43bd-96ad-47b63617a564,2026-01-19,CUST-172055,254,24,106,21.79,35,08:00-10:00,Netflix,4.39,0.3,No,0,8,Social,0.89,23,96.75,4,Yes,0.47,Single,N/A
abac636a-43fd-4dc4-a69d-f6833304d86a,2026-05-19,CUST-339364,181,2,33,27.82,20,12:00-14:00,None,48.41,0.66,No,0,21,Maps,1.83,16,97.31,3,Yes,2.73,Multiple,N/A
2bd6bce6-9105-4224-b020-4b8d38292fb8,2026-07-02,CUST-715699,138,49,10,6.93,13,18:00-20:00,Spotify,60.27,0.16,Yes,0,15,Maps,1.38,53,95.82,4,No,8.5,Single,N/A
c491248f-ffdb-4f19-8109-6832090d9cfa,2026-01-05,CUST-347431,123,32,54,35.61,11,18:00-20:00,YouTube,64.41,0.16,No,0,8,Streaming,1.38,59,97.31,0,Yes,7.83,Multiple,N/A
5d9ca819-1ec1-4106-9287-07e466a9a8af,2026-03-25,CUST-625038,292,50,1,1.76,47,08:00-10:00,Netflix,54.78,0.28,No,0,3,Social,1.49,45,95.95,4,Yes,6.17,Single,USA
c3b06052-69ca-497c-ab57-a68df0b8a160,2025-08-20,CUST-516054,165,47,70,44.43,14,18:00-20:00,YouTube,47.85,0.63,No,1648,22,Maps,1.61,47,96.58,1,No,8.73,Multiple,N/A
0bdbf3ce-859f-4a06-b79a-1e9af34193f6,2026-05-04,CUST-340481,69,17,50,44.19,10,20:00-22:00,None,32.19,0.73,No,0,51,Maps,1.3,38,98.74,0,Yes,6.88,Single,N/A
1d9b3287-b470-48b6-b66b-c9b7b7bc24ad,2025-12-05,CUST-275398,30,25,166,41.89,30,12:00-14:00,Netflix,36.52,0.42,No,0,1,News,0.73,13,96.28,4,No,8.38,Single,N/A
bc39caba-7255-4250-af6c-2059a4485501,2025-12-24,CUST-240734,259,33,165,10.41,27,20:00-22:00,None,17.91,0.14,No,791,6,Social,0.95,11,96.44,4,Yes,5.71,Single,N/A
d3941f19-8c1b-4eec-b63b-aed1ecadad40,2026-03-08,CUST-865345,151,19,96,17.87,14,18:00-20:00,Spotify,33.97,0.78,No,0,29,Gaming,1.16,17,99.88,1,No,6.28,Single,N/A
3b554b93-0ea1-48b7-9a4a-f1407862e696,2026-06-22,CUST-251920,48,17,153,47,31,12:00-14:00,None,37.31,0.43,No,0,13,Maps,0.72,33,95.75,4,Yes,4.91,Single,N/A
267cdb55-764d-45d3-92cd-f8cfb124de84,2025-10-30,CUST-252834,298,41,13,43.58,10,20:00-22:00,Netflix,21.71,0.36,No,5282,36,Streaming,1.39,52,95.28,2,Yes,3.65,Multiple,N/A
6b0fbb40-bef6-4c9f-8e66-4e226d296a78,2026-02-22,CUST-634995,48,1,168,5.33,8,12:00-14:00,Spotify,24.66,0.56,No,0,27,News,1.44,24,97.51,2,Yes,6.27,Single,N/A
97bcff95-8c3e-4056-8871-8460228af201,2026-02-01,CUST-877026,114,19,17,44.58,37,18:00-20:00,None,61.11,0.13,No,0,1,Maps,0.72,54,99.97,2,No,6,Multiple,N/A
2f5abe54-e67c-4652-85a6-a8588a72cf1b,2026-06-20,CUST-931170,257,27,119,25.06,21,20:00-22:00,Spotify,94.54,0.4,Yes,0,16,Gaming,1.44,27,95.91,5,No,6.62,Multiple,N/A
d4b25606-8d4a-4881-bf30-091a2ba4003e,2025-11-23,CUST-614004,175,18,31,3.24,33,18:00-20:00,Netflix,32,0.73,No,8234,6,Productivity,0.84,57,97.02,1,Yes,9.71,Multiple,N/A
47d5ff2d-9a00-4c32-8eda-a9427a745f23,2025-07-28,CUST-526676,209,47,178,1.7,32,18:00-20:00,None,85.81,0.37,No,0,50,News,0.88,47,97.46,2,No,1.07,Single,N/A
28f561bf-bdcb-4ac4-bd91-3722dcf795d6,2026-07-23,CUST-534627,216,12,35,6.21,41,12:00-14:00,Spotify,55.46,0.31,No,0,13,Productivity,0.5,57,99.9,1,Yes,6.7,Multiple,N/A
0232006c-9ab7-4d06-ab03-3fd9f4f8a4d7,2026-01-10,CUST-284292,83,1,196,2.11,19,08:00-10:00,None,36.73,0.53,No,0,43,Gaming,1.12,5,99.63,2,No,7.48,Multiple,N/A
60019ff8-9b58-402b-a604-237a71035689,2025-12-07,CUST-375250,59,3,1,48.67,39,18:00-20:00,Netflix,34.86,0.79,No,0,13,Streaming,1.87,56,98.57,5,No,3.57,Single,N/A
4343ffd1-1a1d-46b0-9e39-4d310bbce6bb,2026-04-27,CUST-563995,182,1,95,37,20,12:00-14:00,YouTube,21.77,0.34,No,0,55,Streaming,1.29,44,95.14,1,Yes,1.74,Multiple,USA
67a9a048-0715-47d9-8034-d588957b79d0,2025-12-18,CUST-390829,87,11,134,24.08,49,20:00-22:00,YouTube,39.37,0.53,No,0,36,Maps,1.5,29,96.35,3,Yes,1.32,Single,N/A
773d91c5-c4c1-4cc4-acb9-fc81f7395bd4,2026-06-16,CUST-360858,77,3,138,42.4,45,12:00-14:00,None,17.86,0.5,No,6622,40,Social,0.85,43,99,3,Yes,1.08,Multiple,N/A
5c11df9f-5281-4861-9d72-f5fdeb1b538a,2026-03-11,CUST-932488,286,16,159,26.46,38,12:00-14:00,Netflix,22.72,0.63,No,0,56,Social,1.75,29,96.21,3,Yes,0.63,Single,N/A
4393311c-cd2e-4cf9-b580-b1333311c1f9,2026-06-04,CUST-970471,299,27,82,24.5,41,18:00-20:00,Netflix,63.23,0.23,No,0,1,Social,1.06,15,98.47,2,Yes,0.45,Single,N/A
b45a36f6-6a6d-4a0a-81b1-e1cc7337dfb0,2026-04-01,CUST-155100,166,23,120,9.8,38,18:00-20:00,Spotify,95.18,0.7,No,0,3,Streaming,1.34,52,98.15,1,No,7.47,Single,N/A
ae4cba76-aa12-4fe9-8cfc-679d82d6496f,2026-01-06,CUST-443041,161,30,43,7.31,42,18:00-20:00,None,45.81,0.57,No,0,11,News,1.39,27,99.98,3,Yes,9.07,Single,N/A
f0512e47-8105-4687-b309-bdca17df43bf,2026-01-28,CUST-281265,163,42,125,35.71,10,18:00-20:00,YouTube,4.86,0.4,No,0,42,Maps,1.75,34,97.38,3,No,3.93,Single,N/A
ac91d236-7355-4cd6-8ea5-11adc7c75377,2025-09-23,CUST-812314,34,22,183,32.47,27,20:00-22:00,YouTube,18.95,0.4,Yes,0,51,Productivity,0.79,59,98.99,1,Yes,1.58,Single,N/A
0b860bca-81b3-4935-ac48-657a5106387f,2026-05-23,CUST-149912,62,34,117,10.72,6,12:00-14:00,Spotify,78.92,0.85,No,0,3,Gaming,1.39,32,96.02,0,No,4.32,Multiple,N/A
de0c1e8e-31ca-42a7-9d6b-c5a84a81e34e,2025-10-28,CUST-262864,166,45,162,43.87,11,12:00-14:00,YouTube,66.19,0.16,Yes,0,11,Social,1.38,44,97.92,5,Yes,5.62,Multiple,N/A
fb0eb60b-9830-425e-8138-bbcb4e8d0bfd,2025-10-23,CUST-127942,159,42,192,33.64,34,20:00-22:00,YouTube,86.07,0.68,No,0,38,Maps,1.19,52,99.89,5,No,9.19,Single,N/A
e283c86a-e5e6-47cf-97da-d190043a490e,2025-08-25,CUST-524827,176,34,33,4.17,19,12:00-14:00,Spotify,67.89,0.41,No,0,56,Productivity,1.91,32,99.43,2,No,1.07,Multiple,N/A
01d85756-8965-4d1e-ae45-d745878b75e7,2026-07-18,CUST-123814,196,24,128,28.01,8,12:00-14:00,Spotify,31.95,0.11,Yes,0,48,News,1.45,54,97.36,4,Yes,1.77,Single,N/A
750ae7a1-496e-4764-912b-45c15fca7b8c,2026-04-02,CUST-336116,173,32,115,10.37,30,18:00-20:00,Netflix,41.92,0.43,No,0,52,Gaming,1.39,7,99.67,2,No,8.84,Single,N/A
63852bf1-ddb6-4628-b2f9-ed894dda1147,2026-07-03,CUST-972179,265,33,29,19.86,33,08:00-10:00,Spotify,33.86,0.2,No,0,30,News,1.1,52,98.35,3,No,5.76,Single,N/A
84a0735c-8b8c-431f-a9da-58082ac40c9c,2026-04-06,CUST-393280,118,3,130,46.89,30,08:00-10:00,Spotify,44.19,0.17,No,0,48,Maps,1.95,39,99.97,1,No,5.27,Multiple,N/A
a0163e3e-88dd-4aff-9461-32e174a9328a,2025-11-27,CUST-374389,244,38,16,26.24,32,08:00-10:00,None,86.82,0.89,No,0,24,News,0.62,53,96.25,2,No,8.42,Multiple,N/A
d94b31dc-b7ee-4bcf-b92a-2f60d7c3a9f6,2025-11-07,CUST-398695,135,8,166,49.85,7,12:00-14:00,YouTube,22.32,0.65,Yes,0,57,Streaming,1.67,45,97.09,2,No,1.18,Single,N/A
33689365-9dac-47f9-bc80-c8dc4b6bc122,2026-05-02,CUST-376156,55,17,50,32.86,44,08:00-10:00,Spotify,45.96,0.36,No,0,46,Gaming,0.9,27,98.78,3,Yes,1.86,Single,N/A
10226c05-82ab-480c-977b-219c33362dae,2026-07-24,CUST-832109,160,39,87,3.18,31,12:00-14:00,Netflix,33.69,0.76,No,9254,48,Social,1.95,23,97.2,4,No,2.23,Single,N/A
00ef7699-4232-4c52-973d-f9778c3b4a79,2025-09-21,CUST-984344,115,22,129,35.23,34,18:00-20:00,Spotify,29.42,0.34,No,0,57,News,1.95,47,96.09,1,Yes,4.06,Single,N/A
33f561a5-3fd7-4a93-9b98-9e9a1b87932d,2025-12-20,CUST-362698,257,29,185,36.01,17,20:00-22:00,Spotify,87.34,0.84,No,0,8,Maps,2,6,99.62,3,Yes,1.92,Multiple,N/A
a66f2698-79d2-4d70-af61-7e8679776c7f,2026-03-28,CUST-355028,244,2,31,44.05,41,12:00-14:00,YouTube,39.34,0.23,No,0,15,Streaming,1.36,52,97.7,3,No,8.35,Single,N/A
4f28f3b9-ffc0-41f6-8930-1bbb5db6b2e8,2026-05-25,CUST-522228,187,6,166,47.82,14,12:00-14:00,Netflix,44.35,0.48,No,0,24,Productivity,1.81,60,96.85,4,No,2.31,Multiple,N/A
d3058d84-9c9b-4508-b660-4febae1fb613,2026-06-09,CUST-391915,168,31,11,18.51,29,08:00-10:00,Netflix,69.68,0.65,No,0,19,Social,1.2,13,99.07,3,No,9.62,Single,N/A
3fc57938-d62d-4a5d-b8a5-d8f4d1bf5c38,2026-02-10,CUST-823324,39,18,56,34.44,47,12:00-14:00,None,92.27,0.68,No,0,10,Social,1.52,21,97.32,3,No,4.09,Multiple,N/A
c9e6952d-7f53-4c7a-928b-ced76091f323,2025-12-24,CUST-295790,39,39,117,1.22,8,08:00-10:00,None,38.87,0.68,No,0,48,Productivity,1.47,39,99.18,3,No,5.82,Single,N/A
da90c94a-96b2-4fb4-8093-4a9511fb80bc,2026-03-12,CUST-915845,68,46,106,18.91,23,12:00-14:00,Netflix,53.57,0.21,Yes,0,55,Streaming,0.68,6,99.68,4,No,0.88,Single,N/A
44123b74-cf26-4ddb-96e5-d0f8036c09aa,2025-12-18,CUST-245626,222,27,90,32.56,48,18:00-20:00,Spotify,8.65,0.29,No,0,5,News,1.18,43,97.24,1,Yes,2.24,Multiple,N/A
b2766a90-8dbb-4a0d-8c7d-97cb9ee37115,2026-07-16,CUST-182297,55,39,76,18.18,32,08:00-10:00,Netflix,60.75,0.87,No,0,14,Social,1.53,6,96.19,3,No,1.81,Multiple,N/A
04ba8b3a-40fe-411d-9315-f8d2fc422976,2026-05-01,CUST-491672,207,36,45,22.88,49,18:00-20:00,Netflix,59.85,0.29,No,0,2,Social,0.54,12,99.39,4,No,6.18,Single,N/A
81a9f09c-99cb-4dd7-87d7-3c65cc485d4f,2025-08-10,CUST-143375,261,23,184,15.06,24,20:00-22:00,None,28.3,0.37,No,0,28,Streaming,1.57,55,99.44,0,No,4.76,Single,N/A
ac42afb8-1701-4ca6-87be-6e9c543cbb5c,2025-12-12,CUST-592228,54,23,5,37.26,48,20:00-22:00,YouTube,9.29,0.56,No,0,18,Productivity,1.35,33,97.3,0,Yes,3.11,Single,N/A
4fc8f643-69ed-4d7f-94bd-357ce8a8619c,2025-12-20,CUST-847387,22,47,183,42.53,15,12:00-14:00,None,39.22,0.36,No,0,19,Social,1.77,37,99.48,4,No,7.58,Single,N/A
073c83e8-27b0-4fad-95bd-aa38527101d0,2026-05-04,CUST-429382,163,13,193,7.27,45,20:00-22:00,Netflix,51.32,0.55,No,0,44,Gaming,1.52,18,97.26,3,No,9.74,Multiple,N/A
162d22de-751a-44c6-a44d-ce9f9ced5414,2026-02-22,CUST-643352,139,44,67,7.31,9,18:00-20:00,YouTube,80.8,0.42,No,9043,26,News,1.01,57,96.72,5,No,0.67,Multiple,N/A
c7ebfcf5-c95a-4bbe-8264-148c6d910b99,2025-11-07,CUST-751519,50,29,110,33.8,43,12:00-14:00,None,40.43,0.63,No,0,26,Productivity,1.72,35,99.41,4,No,2.27,Single,N/A
dc0f957a-f3e2-4954-9536-efbc77602d38,2025-07-25,CUST-552556,298,47,116,6.82,39,18:00-20:00,YouTube,20.79,0.29,No,0,50,News,1.91,34,96.14,0,No,9.16,Single,N/A
17ce3210-499f-424b-8ec2-166427b44975,2025-09-24,CUST-410173,237,31,138,10.75,41,08:00-10:00,None,36.67,0.88,No,0,23,Maps,1.35,57,95.39,5,No,3.03,Multiple,N/A
e9dca3c7-374b-4bc2-a138-5058037b47e5,2025-09-26,CUST-830881,146,37,93,41.63,7,08:00-10:00,Spotify,69.8,0.62,No,0,8,Maps,1.97,54,95.03,4,Yes,4.59,Multiple,N/A
7e0cc0e3-d732-46e7-b5d8-f3817f1ec29e,2026-01-26,CUST-868984,13,44,100,9.75,19,08:00-10:00,Spotify,95.29,0.82,No,0,35,Social,1.66,13,96.36,0,No,7.82,Single,N/A
7a06e74e-a1c1-46c6-b649-93356101f1a5,2026-01-10,CUST-377736,121,17,172,2.34,5,12:00-14:00,None,80.16,0.68,Yes,0,58,Streaming,0.66,40,98.3,3,No,8,Single,N/A
26dc0230-d025-4d9e-a944-f202175f2463,2026-06-11,CUST-358751,152,34,67,45.75,16,08:00-10:00,None,92.89,0.38,No,0,31,Social,1.67,18,99.97,2,No,5.34,Single,N/A
2ff8b2d4-8d9a-46d4-9d59-fa844d6f7fcf,2026-01-13,CUST-280414,155,46,17,27.34,6,20:00-22:00,Spotify,86.13,0.51,Yes,0,20,Social,1.15,50,96.36,3,No,2.76,Single,N/A
4e7ac71d-6755-49de-af5e-76f2d3d555ee,2026-03-11,CUST-669258,224,2,151,14.75,25,20:00-22:00,None,40.62,0.48,No,0,47,Social,0.86,32,95.22,4,Yes,9.79,Single,N/A
d7ce1c55-277d-41d7-b8ab-41b3ae2d8e10,2025-10-23,CUST-100793,182,20,108,30.62,17,20:00-22:00,Netflix,14.07,0.21,No,0,57,Maps,1.48,13,98.68,2,Yes,3.81,Single,France
48e9844c-b826-4deb-a63f-431db1eb4b1f,2025-09-01,CUST-889616,146,4,123,22.51,40,18:00-20:00,Netflix,32.53,0.7,No,0,16,Gaming,0.78,40,98.21,0,No,2.75,Multiple,N/A
ac0aeab8-4341-4ec0-9310-8f83293ed048,2025-09-24,CUST-317555,49,7,135,12.86,17,08:00-10:00,YouTube,98.37,0.39,No,0,53,News,1.5,24,98.13,3,Yes,6.6,Single,N/A
e2fa1bc8-9dc6-45bc-bd39-d4493e7d02f8,2025-08-08,CUST-547381,95,26,109,2.38,25,08:00-10:00,YouTube,19.75,0.47,No,1325,56,Productivity,1.66,46,95.47,5,No,9.55,Single,N/A
25af56cb-b93f-4e4c-9fd4-a46d756ee6e4,2025-12-23,CUST-615289,151,6,114,31.81,44,18:00-20:00,YouTube,3.82,0.26,No,0,24,Streaming,0.53,11,95.11,1,No,2.04,Multiple,N/A
e22ca7e0-f3b1-4077-8aec-caae2991ebe9,2025-08-05,CUST-731239,243,28,21,15.67,37,12:00-14:00,None,58.83,0.78,Yes,0,51,Social,1.84,36,99.48,1,No,9,Multiple,N/A
5cdf761d-816e-44b9-a17e-5ce21e0010bd,2026-01-01,CUST-289543,29,21,16,3.68,30,20:00-22:00,YouTube,53.96,0.48,No,0,10,News,1.52,28,96.53,4,No,1.61,Multiple,N/A
41cd8950-13e2-4b7f-a802-d1f27ca5ece4,2026-04-17,CUST-381520,152,3,55,38.05,36,12:00-14:00,None,73.79,0.11,No,0,48,News,1.01,58,96.73,2,Yes,0.15,Single,N/A
141214ef-2ca2-4c64-bd50-79b7c9d1e10e,2026-01-26,CUST-210981,163,35,112,44.43,16,12:00-14:00,Netflix,9.57,0.63,No,0,51,Streaming,1.08,26,95.38,0,Yes,1.66,Multiple,N/A
3b0273e6-a6b9-4fa8-8698-33ffc0ae1c3e,2026-05-26,CUST-659780,156,21,165,9.11,8,20:00-22:00,None,56.89,0.23,Yes,0,33,Social,1.7,38,97.94,5,No,6.36,Single,N/A
f9f519c6-64ef-4b7e-8ff1-b47b1b8f85c1,2026-04-26,CUST-425163,193,2,93,22.37,29,08:00-10:00,Netflix,53.49,0.58,No,0,14,Gaming,1.97,17,97.44,5,Yes,1.81,Single,N/A
89f86dca-0427-4dac-a323-4f44723e0b03,2025-11-10,CUST-115460,23,3,130,49.04,39,18:00-20:00,Spotify,98.45,0.47,No,0,27,Productivity,0.86,49,98.13,4,No,5.34,Single,N/A
5ef76d56-b11d-4b15-b032-0242c07e6a49,2025-12-06,CUST-680069,149,5,183,20.82,36,08:00-10:00,None,27.97,0.89,No,0,28,Maps,1.09,10,99.58,3,No,5.5,Multiple,N/A
56a783a8-5175-4ce5-a5d1-7d9c60248242,2025-10-19,CUST-775286,228,3,126,19.7,26,20:00-22:00,YouTube,25.35,0.73,No,0,56,Gaming,1.21,37,98.35,2,Yes,7.13,Single,N/A
c3260239-a385-497c-952c-4762891084f8,2025-09-29,CUST-349800,215,40,69,24.28,18,20:00-22:00,Netflix,23.03,0.2,No,0,7,Gaming,0.92,53,99.34,0,No,5.13,Multiple,N/A
a5da4388-589e-4749-8809-66a089ee2d06,2026-06-21,CUST-171263,37,40,85,42.72,7,12:00-14:00,None,56.97,0.22,Yes,0,59,News,0.5,18,95.23,3,No,3.65,Multiple,N/A
29f427e1-7d03-4e35-b02e-66a5659dea0a,2026-05-12,CUST-514758,147,17,193,39.18,26,12:00-14:00,Netflix,37.45,0.81,No,0,21,Maps,1.61,8,96.7,4,No,3.9,Multiple,N/A
d632c97f-2f64-4fae-9eb1-f75672143e50,2026-01-23,CUST-606043,205,45,114,9.04,48,18:00-20:00,None,80.87,0.72,No,0,29,Streaming,1.51,26,98.62,4,Yes,5.49,Multiple,N/A
a32e837c-ba4f-4c72-969e-e821bc0ed652,2026-02-13,CUST-419122,133,7,104,4.37,39,12:00-14:00,None,54.39,0.3,No,0,29,Productivity,1.53,22,97.81,5,No,8.99,Single,UK
df7ba4ed-db66-4598-9c8e-785892a53b21,2026-02-23,CUST-632579,69,36,86,11.19,37,08:00-10:00,Spotify,60.65,0.56,No,0,45,Gaming,0.83,14,98.25,2,No,8.56,Single,N/A
374cc64d-12ff-4e4e-84ef-c53ecd55a158,2026-03-06,CUST-486595,43,33,136,24.6,46,18:00-20:00,None,9.36,0.52,No,426,57,Maps,1.69,26,99.53,3,No,8.21,Single,N/A
5426a2a9-3e4c-46a2-8e3d-c0513a4a0cf7,2025-10-09,CUST-446382,165,22,72,1.01,21,20:00-22:00,YouTube,24.08,0.38,No,0,19,Streaming,0.79,7,99.25,3,No,6.1,Multiple,N/A
b54f769d-abe3-4693-8781-c718f8c63e6e,2026-07-06,CUST-901100,72,9,21,6.62,43,12:00-14:00,YouTube,97.69,0.25,No,0,40,Gaming,1.12,15,97.96,3,No,8.26,Single,N/A
494f7cf4-3560-447b-9a7d-4425d75585c2,2026-07-07,CUST-636175,102,35,26,11.08,37,12:00-14:00,None,45.63,0.41,No,8598,26,Gaming,1.37,49,97.32,1,No,8.13,Multiple,N/A
4342e17c-00c8-442c-896c-621cde849c6f,2025-07-29,CUST-725241,75,16,136,37.74,38,08:00-10:00,Spotify,18.29,0.63,No,0,7,Gaming,1.13,54,99.52,1,Yes,7.1,Single,N/A
4047ca3f-31aa-40a6-a3ba-ce723010e916,2025-08-28,CUST-640093,254,34,28,7.18,22,08:00-10:00,None,98.02,0.13,No,0,28,Streaming,1.47,13,99.85,1,No,7.71,Multiple,N/A
2a97b4a7-7ac5-4468-a6b1-62415d6bacf0,2025-10-13,CUST-554222,47,26,152,36.62,26,18:00-20:00,Netflix,41.54,0.84,No,0,32,News,1.53,19,95.3,3,No,9.13,Multiple,N/A
f8f5971a-16ba-40ac-a89f-60f48a29334d,2025-08-21,CUST-869563,266,34,111,38.04,33,08:00-10:00,Spotify,33.21,0.5,Yes,0,48,Productivity,0.68,30,96.13,3,No,2.36,Single,N/A
109c4ffc-8833-40ea-8b9d-b93db7d13eda,2026-03-05,CUST-447872,284,36,177,25.25,12,12:00-14:00,None,86.04,0.46,Yes,0,19,Maps,1.99,10,96.35,1,Yes,6.53,Single,N/A
68a34d52-e408-416b-a791-47998c7e720b,2026-02-22,CUST-439896,141,31,40,8.05,49,08:00-10:00,None,55.72,0.56,No,0,56,Social,1.1,35,95.22,2,No,7.14,Single,N/A
635964cd-fffa-42d6-a988-3728544b4a5e,2026-06-28,CUST-867387,138,2,86,17.06,50,12:00-14:00,YouTube,71.41,0.35,Yes,0,46,Streaming,1.97,46,99.23,3,No,5.02,Single,N/A
b0b2531e-cc99-47c1-b56a-b55f095a93bf,2026-05-09,CUST-890900,186,34,170,17.75,38,20:00-22:00,Netflix,66.63,0.31,No,0,11,Maps,0.94,58,99.8,1,No,6.84,Multiple,N/A
db53d7ee-4b09-427c-9e23-82f8d3936975,2026-06-05,CUST-903340,82,22,133,31.61,32,08:00-10:00,Netflix,33.03,0.47,No,0,48,News,0.59,36,95.43,1,Yes,5.71,Multiple,N/A
e453a2d9-25f6-4fd0-802d-817f1d1cd536,2026-03-11,CUST-171506,270,28,68,5.69,20,12:00-14:00,YouTube,14.17,0.21,No,0,2,Gaming,1.47,16,99.8,1,No,3.74,Multiple,N/A
31981088-4758-48a7-ba3f-3e83014f0edd,2025-12-15,CUST-672848,97,4,91,1.84,28,20:00-22:00,None,94.14,0.15,No,8723,53,Social,0.73,38,99.04,4,No,4.51,Multiple,N/A
ad586bdc-7cad-417b-a45c-0ba29d16674f,2025-08-24,CUST-774614,49,24,149,24.75,20,12:00-14:00,Netflix,65.61,0.66,No,8931,47,Gaming,1.57,60,98.92,4,No,6.09,Multiple,N/A
824532fa-5ee1-4b7b-adbc-90655971cfcf,2026-05-01,CUST-965651,232,36,131,26.6,17,12:00-14:00,Spotify,29.66,0.31,No,0,11,Productivity,1.07,37,95.4,5,No,4,Multiple,N/A
99d915dc-9f35-41f1-bd12-4cd112843ee2,2026-05-09,CUST-366780,172,30,61,11.97,13,20:00-22:00,Netflix,29.77,0.45,No,0,52,Maps,0.67,18,98.49,1,No,7.66,Multiple,N/A
e864ae60-8492-48b3-a2f9-0e55cc895440,2025-11-20,CUST-253535,268,13,14,11.91,41,18:00-20:00,None,74.75,0.72,No,0,12,Gaming,1.41,53,98.43,1,Yes,2.91,Multiple,N/A
6321f85d-a13a-4e48-81b4-25f3be39614c,2026-05-30,CUST-322257,84,30,189,23.43,13,12:00-14:00,Netflix,85.09,0.77,No,0,7,Maps,1.55,40,98.58,1,No,6.89,Single,N/A
8235d760-8f02-47a2-a9d7-ee451b3b3e53,2025-12-20,CUST-967854,246,19,78,8.65,15,08:00-10:00,None,12.65,0.4,No,0,46,News,1.68,6,99.99,4,Yes,8.02,Multiple,N/A
2bdad011-4853-433c-afa5-a4bc22bf458f,2025-08-22,CUST-882758,64,17,51,39.17,6,08:00-10:00,Spotify,52.68,0.42,No,0,54,News,1.54,47,97.18,1,No,7.56,Multiple,N/A
665b82da-d261-4d49-96f2-ad012667c59a,2026-02-20,CUST-156045,267,2,153,9.57,37,18:00-20:00,None,68.63,0.41,No,0,38,Maps,1.19,17,98.52,1,No,1.1,Single,N/A
b1fb95ad-8f00-4d88-a5e6-dbff7ccc6e20,2026-07-03,CUST-136601,175,14,152,32.56,21,18:00-20:00,Spotify,38.78,0.57,No,0,28,News,1.74,47,96.46,1,No,7.49,Single,USA
e44a7eaf-68e2-4187-9959-e3cdf1962a54,2025-10-08,CUST-261903,96,46,48,47.64,11,08:00-10:00,Spotify,82.15,0.78,No,0,41,Productivity,1.44,8,96.75,1,Yes,2.22,Multiple,N/A
4b8a1457-d198-4c33-937e-067c75662276,2025-11-13,CUST-179445,17,38,41,4.59,17,08:00-10:00,Netflix,66.53,0.17,No,0,27,Productivity,0.52,47,99.26,4,No,7.2,Single,N/A
889220a6-9b80-484f-a221-cfdf2aa0a36b,2026-01-17,CUST-527149,146,47,126,46.16,23,18:00-20:00,Spotify,78.87,0.81,No,0,14,Maps,0.71,13,96.35,2,No,1.58,Multiple,N/A
854987f7-fea2-4deb-a7a5-f2615ad46ef4,2026-02-14,CUST-168530,237,36,45,46.79,25,08:00-10:00,Netflix,16.74,0.24,Yes,204,46,Social,0.88,18,98.71,1,No,2.73,Multiple,N/A
bee871f8-5d11-40aa-afb1-41140ab40c24,2025-11-19,CUST-616014,83,45,166,2.11,22,20:00-22:00,None,85.44,0.29,No,0,27,News,2,36,96.45,2,No,7.35,Multiple,N/A
eea01d65-39fd-45d2-88ea-9580de0a8502,2026-01-25,CUST-742313,165,28,118,19.26,15,20:00-22:00,YouTube,66.93,0.77,Yes,0,33,Streaming,1.69,34,95.11,0,No,9.42,Single,N/A
86c09508-d1ab-40c6-931a-199266f20646,2026-05-10,CUST-120979,94,7,171,11.16,11,18:00-20:00,None,79.44,0.15,No,0,33,Maps,0.98,6,98.66,4,No,6.39,Multiple,N/A
68a317a9-3e5b-4f91-b8e9-f234d43b0e5d,2025-12-08,CUST-556400,187,40,47,16.49,17,18:00-20:00,Spotify,48.59,0.55,No,0,23,Productivity,1.91,15,97.28,5,No,5.77,Single,N/A
dadc8c4d-3d80-41ef-b10a-b9fdaa1b1d5b,2026-01-26,CUST-983940,18,42,18,26.52,23,12:00-14:00,Spotify,69.49,0.88,No,0,22,Social,1,25,99.67,3,No,5.4,Single,N/A
987c5346-f08a-4a4a-b50d-30689e191062,2026-02-06,CUST-725933,127,21,33,49.25,13,08:00-10:00,Spotify,12.43,0.82,No,0,39,Streaming,0.71,8,97.05,1,No,0.86,Single,N/A
409bc371-a697-456e-afa2-80c9bc09ec57,2025-11-25,CUST-299021,75,44,51,42.7,18,18:00-20:00,YouTube,95.04,0.59,No,3377,60,Gaming,1.66,55,96.15,4,Yes,9.78,Multiple,N/A
04fa06ef-af48-4a88-8973-3c56083fb2d7,2025-10-30,CUST-820878,24,50,140,1.94,46,20:00-22:00,Spotify,92.17,0.87,No,0,7,Gaming,1.41,34,97.15,1,Yes,8.53,Multiple,N/A
39b4adbc-874c-43ad-845e-6b872460b1dd,2025-08-03,CUST-936276,247,43,85,7.75,43,12:00-14:00,Spotify,1.43,0.67,No,0,31,Gaming,1.8,57,97.69,4,No,5.65,Multiple,N/A
97d107fb-b22b-45a7-b9c2-fa71eeecabc5,2025-12-28,CUST-874854,56,3,105,12.67,21,20:00-22:00,Spotify,40.55,0.87,No,0,12,Productivity,0.8,35,95.43,4,No,4.12,Multiple,UK
1ae1dd14-d831-43a8-89da-bb3de80d1b98,2026-04-08,CUST-784989,173,45,120,6.06,50,08:00-10:00,None,40.48,0.56,No,0,35,News,1.66,14,97.02,2,No,7.15,Single,N/A
bddcb474-7647-4994-bfc2-a307da75b1c8,2025-07-28,CUST-589418,129,35,47,28.75,46,08:00-10:00,Spotify,90.61,0.57,No,1998,43,Productivity,1.33,40,95.87,2,No,0.62,Multiple,N/A
b488335f-2649-47a1-ba23-a6d42bd4812e,2026-03-19,CUST-810174,13,34,179,31.31,50,18:00-20:00,YouTube,50.03,0.89,No,0,25,Social,0.84,45,99.23,1,No,3.91,Multiple,N/A
f71ba639-da1e-44ec-b89a-9b50a9fcb027,2025-12-18,CUST-379122,166,5,1,16.16,24,18:00-20:00,Spotify,37.99,0.38,No,0,22,Social,1.94,56,96.54,3,Yes,1.68,Multiple,N/A
023f2e72-17ec-4352-b9ff-793dbd2bb1c2,2026-06-29,CUST-207358,218,18,9,3.04,24,20:00-22:00,None,83.05,0.82,No,0,28,Maps,1.04,29,97.6,1,No,3.93,Single,N/A
b506c621-1b1b-4620-8a16-16684f646856,2026-01-08,CUST-418842,59,44,6,14.21,8,20:00-22:00,None,89.71,0.71,No,0,38,Streaming,1.75,39,97.71,3,No,6.49,Single,N/A
d73b0529-9d48-4aad-bdad-4ea2538f3997,2025-10-13,CUST-215272,76,39,128,26.3,21,12:00-14:00,Netflix,90.34,0.79,No,0,55,Maps,1.99,43,97.23,1,Yes,2.53,Multiple,N/A
1711b961-0920-4b3f-9735-f5d9b0b1f1ec,2025-11-27,CUST-619902,82,25,198,19.96,27,20:00-22:00,None,54.95,0.64,No,0,55,Productivity,1.02,15,97.08,2,Yes,7.37,Single,N/A
284c5711-9a61-44e7-9c6d-a3c939aed2d8,2025-11-23,CUST-673661,162,12,131,3.81,13,18:00-20:00,None,12.42,0.82,Yes,0,11,Productivity,0.94,31,97.21,4,No,8.23,Single,N/A
534ceb6c-50e4-4de2-a662-c223f5050d22,2025-12-16,CUST-830215,39,29,56,17.44,46,20:00-22:00,Spotify,19.33,0.52,No,0,37,Maps,0.76,19,96.36,3,No,0.33,Multiple,N/A
613147eb-e18d-4e46-9c3d-74e19a8ae951,2026-03-05,CUST-567396,289,20,105,26.49,50,12:00-14:00,Netflix,1.85,0.64,No,0,38,News,1.56,52,99.19,1,Yes,2.6,Multiple,N/A
13b40fb9-9834-40f0-b052-ef499b430536,2026-05-14,CUST-152971,222,12,177,38.18,13,12:00-14:00,YouTube,37.7,0.68,No,0,39,Productivity,1.39,15,95.54,2,No,7.42,Single,N/A
574b2b90-19a2-48d6-83e4-60f8cef7c5e6,2026-01-25,CUST-329741,234,43,11,22.35,10,18:00-20:00,Spotify,32.39,0.15,No,0,18,Gaming,0.99,33,96.92,3,No,3.26,Single,N/A
faa0dc8a-1198-4055-aa9e-4510595979ae,2025-09-08,CUST-427098,187,5,125,16.21,7,18:00-20:00,Netflix,2.17,0.67,No,0,22,News,1.61,31,99.95,3,No,3.89,Single,N/A
45005489-e5a2-46df-b528-be5dbdb246f7,2025-08-15,CUST-100731,216,25,183,19.8,32,12:00-14:00,Spotify,57.25,0.35,No,0,22,Gaming,1.35,48,95.95,4,No,4.92,Single,N/A
a6ae8727-c37f-4172-99d6-f7a2d9a72023,2026-04-04,CUST-806553,258,44,25,32.01,12,12:00-14:00,None,88.66,0.83,No,0,36,Gaming,1.94,30,96.8,1,No,3.28,Multiple,N/A
9c77bb94-c6c8-4628-8d1c-2e79815eb29a,2026-01-22,CUST-399637,234,28,79,16.82,48,18:00-20:00,Netflix,52,0.59,No,0,19,Streaming,0.69,45,95.74,1,No,9.89,Single,N/A
497d3300-e66d-44ee-8a03-1997456ca2dc,2025-08-19,CUST-786245,210,42,145,21.05,6,18:00-20:00,Spotify,26.95,0.41,No,0,3,Streaming,1.95,47,96.56,1,No,5.48,Multiple,N/A
af0ba23a-9fdf-437a-85f2-d089889e7cf2,2026-06-27,CUST-302068,262,44,96,48.69,38,18:00-20:00,Spotify,23.29,0.72,No,0,40,Maps,1.01,14,95.8,4,No,7.45,Single,N/A
61e12dc2-4293-4e48-9a67-e5b87cd3954c,2026-02-08,CUST-473690,235,22,144,29.95,50,18:00-20:00,Spotify,81.72,0.49,No,0,17,Social,1.49,41,96.09,4,Yes,8.31,Single,N/A
fd273890-13e6-4d4c-87a6-152b7a18600b,2025-08-31,CUST-238715,82,46,139,44.67,21,20:00-22:00,Spotify,3.51,0.24,No,0,16,Productivity,1.84,31,97.18,3,No,8.41,Single,N/A
50eb062d-7cab-4666-a582-27e3611461fc,2025-12-30,CUST-346587,117,6,186,10.06,36,20:00-22:00,Spotify,82.54,0.73,No,0,47,News,0.57,26,98.65,3,No,9.78,Single,N/A
a45d88fa-e921-45fe-8ddb-27946a612058,2026-03-06,CUST-420070,69,2,108,49.38,16,18:00-20:00,None,20.46,0.21,No,4256,59,Productivity,1.58,8,96.89,2,Yes,0.34,Multiple,N/A
5a8a07b6-f8ad-4d1a-a96a-971e3445bf6c,2026-04-28,CUST-581950,269,26,2,32,46,08:00-10:00,Netflix,33.34,0.52,No,4878,43,Productivity,0.52,7,96.47,2,No,2.53,Multiple,N/A
c8064fd3-b60d-458f-9b70-6624e5c0f75d,2026-06-18,CUST-269279,109,31,67,20.16,38,12:00-14:00,None,28.64,0.53,No,0,6,Gaming,1.34,8,96.15,2,No,9.67,Single,N/A
34f7e5f4-0dd7-4feb-acab-8943ddbf6d66,2026-07-03,CUST-649758,34,36,61,35.39,10,20:00-22:00,Netflix,35.66,0.4,No,0,18,News,1.68,31,97.46,2,Yes,4.75,Single,Mexico
e089cd9d-5983-4cd7-ba0c-e9ceeb1a4139,2026-01-18,CUST-387541,210,6,148,26.06,30,18:00-20:00,Netflix,27.01,0.75,No,0,37,Streaming,1.26,14,96.69,2,No,1.59,Multiple,N/A
541c8396-e1f7-4325-bf6a-6b151eea04a0,2025-10-31,CUST-144666,134,1,123,21.63,44,20:00-22:00,Spotify,53.62,0.19,No,0,18,Maps,1.14,39,99.21,3,Yes,5.55,Single,N/A
6c3e4f4e-04f6-4367-b6a8-d5916173b181,2026-06-17,CUST-660816,57,26,100,9.05,18,08:00-10:00,Netflix,26.77,0.51,No,0,40,Social,1.9,9,97.83,1,No,1.03,Multiple,N/A
8455f055-7d78-4bbc-94c9-48e2bb525638,2026-03-12,CUST-269685,32,30,19,29.74,13,18:00-20:00,None,51.13,0.81,No,0,22,Streaming,1.86,26,99.21,3,No,1.83,Multiple,N/A
4777399a-df37-4f52-b74e-63c58e32581d,2025-10-15,CUST-216967,86,5,160,19.26,12,18:00-20:00,Netflix,86.47,0.25,No,0,13,Productivity,1.13,35,99.42,2,No,2.55,Multiple,N/A
d3ae849d-b50c-41f4-bee4-0f24223b4646,2025-07-25,CUST-295904,248,9,129,19.67,42,18:00-20:00,YouTube,26.07,0.56,No,0,18,Productivity,0.94,43,98.69,5,No,8.03,Single,N/A
c7e1b25f-713f-4098-8109-ef69b627b150,2026-02-16,CUST-430168,105,33,190,30.95,23,12:00-14:00,None,30.14,0.18,Yes,0,20,Gaming,1.35,16,95.64,1,No,2.62,Multiple,N/A
50e43102-4ed9-4723-b985-3d4878e142f6,2025-11-10,CUST-751859,261,46,192,45.61,13,12:00-14:00,Netflix,78.88,0.69,No,0,28,Social,1.27,17,97.93,2,No,4.76,Multiple,N/A
b9d5f329-ed8b-49b6-89ac-bf45ed676fbb,2026-02-27,CUST-210126,78,8,150,25.42,23,12:00-14:00,None,35.04,0.4,No,0,47,Productivity,1.27,24,95.12,1,No,4.05,Single,Japan
b4442244-c2de-4b47-bb3b-8739fc1fa1af,2025-11-23,CUST-579782,48,32,111,12.34,41,18:00-20:00,Spotify,59.92,0.23,Yes,0,44,Streaming,1.17,22,99.98,5,No,7.97,Single,N/A
db267048-41e3-4b37-8020-d020e90fbe35,2026-03-29,CUST-693001,252,27,98,4.3,12,12:00-14:00,Netflix,95.18,0.4,No,0,41,Maps,1.29,10,95.7,4,Yes,1.52,Single,N/A
64236d96-939a-46e3-83c6-83ed2b163ab8,2025-12-15,CUST-782978,251,9,18,15.23,47,12:00-14:00,None,93.62,0.45,No,0,5,Streaming,1.29,25,97.32,4,No,9.3,Multiple,N/A
68b11a1a-f61b-464c-9f1a-0eb9f4de065b,2026-01-19,CUST-151653,142,20,36,45.4,47,08:00-10:00,Spotify,13.71,0.83,No,0,7,Productivity,1.57,36,99.84,2,No,6.3,Multiple,N/A
974c023a-6907-4129-a078-8939d79f264b,2026-01-02,CUST-310840,274,42,195,10.31,21,08:00-10:00,YouTube,17.01,0.61,No,2912,30,Productivity,0.57,9,95.6,2,No,4.23,Single,N/A
681f5916-497a-4396-9fb8-42d60eedf3eb,2025-10-06,CUST-719682,299,31,74,30.66,8,08:00-10:00,Netflix,72.51,0.3,No,0,18,Streaming,1.07,45,96.98,5,Yes,5.92,Single,N/A
5309f4d7-1a91-4a21-99d4-312d02fe8c9a,2025-12-06,CUST-315959,149,15,135,44.13,50,18:00-20:00,None,44.82,0.15,No,0,24,Gaming,0.58,56,97.27,2,No,8.13,Single,N/A
d108eca4-1736-4ffb-9020-896c8f41053d,2026-07-01,CUST-163600,281,12,8,9.46,11,20:00-22:00,Netflix,50.58,0.71,No,0,22,News,1.6,9,95.19,3,Yes,9.92,Multiple,N/A
1411e493-47be-44c8-8434-efa0db23c451,2026-04-25,CUST-353612,222,7,75,46.68,23,08:00-10:00,None,12.16,0.35,No,0,21,Streaming,0.82,21,98.94,4,No,7.41,Single,N/A
91e7b2ca-acbe-4b96-bfe4-15be2a4c9615,2026-05-01,CUST-800568,18,31,51,48.15,35,08:00-10:00,Netflix,22.48,0.54,Yes,4829,17,Gaming,1.77,19,96.92,2,No,8.15,Multiple,Japan
a749b6f0-eca2-4ac4-a437-d08bb044a9b6,2026-03-31,CUST-238080,295,41,1,22.96,26,20:00-22:00,YouTube,61.32,0.78,No,0,1,Social,1.17,46,96.37,1,Yes,3.65,Multiple,N/A
9cc2fe80-686e-46e3-b18d-f6deb18a2313,2026-07-02,CUST-290351,60,21,12,16.73,32,20:00-22:00,YouTube,25.96,0.13,No,0,35,Social,2,41,97.74,0,No,9.5,Multiple,N/A
6ee7f827-8599-4283-9bbe-68f7743e8364,2025-12-06,CUST-178729,80,32,54,43.09,18,12:00-14:00,Netflix,65.33,0.58,No,0,25,Productivity,0.62,9,99.61,4,No,2.23,Multiple,N/A
a8e37b75-ed03-46e9-8b6c-a069546797d6,2026-01-05,CUST-151125,101,18,146,25.17,49,12:00-14:00,None,74.89,0.11,No,0,48,Streaming,1.93,6,99.53,2,No,8.8,Single,N/A
3c34cea6-cd90-44c4-92d3-53a9752466ff,2026-05-28,CUST-630632,252,13,69,3.09,45,08:00-10:00,None,42.2,0.64,No,0,45,Productivity,1.61,35,97.34,3,No,2.3,Single,N/A
70e4a0e0-e3bd-458d-adc2-a440f846985d,2026-05-18,CUST-691084,99,44,30,24.56,48,12:00-14:00,Netflix,22.27,0.54,No,0,26,News,1.09,36,98.4,4,No,3.54,Single,N/A
1c46f620-dbd3-4df1-a93e-f0b649ade7f3,2025-07-29,CUST-646885,253,11,149,46.85,31,20:00-22:00,Spotify,2.97,0.69,No,0,52,News,0.58,9,96.93,2,Yes,0.63,Single,N/A
3805c688-892f-4992-acc8-aaa529f09f91,2025-08-06,CUST-557255,162,27,48,27.87,16,12:00-14:00,None,8.81,0.39,No,5910,52,Streaming,1.51,34,99.86,3,No,5.1,Single,N/A
43f8af5a-5eb9-447c-b161-ae283181ddbe,2026-03-19,CUST-378834,279,7,163,3.05,16,12:00-14:00,Netflix,48.62,0.79,No,0,44,Maps,1.99,23,95.99,1,No,3.99,Single,UK
13531677-b01e-4146-a511-0c2871c6a617,2026-02-08,CUST-770307,92,21,53,38.97,16,18:00-20:00,YouTube,8.66,0.82,No,9135,2,Gaming,1.1,15,95.18,1,No,8.5,Single,N/A
18d34e98-b8a1-43d6-98c0-0e7a96454263,2025-09-23,CUST-544771,110,43,190,13.89,20,08:00-10:00,YouTube,98.92,0.89,Yes,0,21,Social,1.2,19,97.46,1,No,4.1,Single,N/A
6f12a578-6182-449c-be29-921120e71411,2025-10-23,CUST-511964,21,14,106,10.96,11,20:00-22:00,YouTube,27,0.32,No,0,55,Streaming,1.32,36,96.28,1,Yes,2.82,Single,N/A
39b3132d-0e70-4b5f-aafa-cb59b42862cd,2026-05-24,CUST-519101,38,24,90,28.08,33,12:00-14:00,None,35.67,0.17,No,0,45,Gaming,1.26,28,98,3,Yes,4.59,Multiple,N/A
9e655e24-f651-410d-b879-248bbe514dd1,2026-02-16,CUST-811976,29,30,15,41.08,24,20:00-22:00,Netflix,47.88,0.32,No,0,21,Productivity,1.48,9,95.01,2,No,2.36,Multiple,N/A
9a179363-b1ee-4b53-a76c-df88e811e8fe,2026-04-22,CUST-448394,137,3,98,17.26,14,18:00-20:00,Netflix,63.97,0.62,No,0,7,Productivity,0.76,60,98.83,3,Yes,5.94,Single,N/A
e06db49f-fefa-4a92-8620-9d5c23260e94,2025-11-03,CUST-100809,70,40,183,46.16,16,20:00-22:00,Netflix,50.26,0.13,No,0,43,Maps,0.97,33,95.92,2,No,8.86,Multiple,N/A
74648832-7fe0-47ea-bf9a-78946ad392cc,2026-07-17,CUST-529135,160,5,105,37.87,47,08:00-10:00,YouTube,31.76,0.79,Yes,7353,42,Maps,1.53,5,96.72,2,No,6.23,Single,N/A
8f0dfcca-d1aa-4485-b99a-b5cb39d2911c,2026-02-28,CUST-194772,222,38,81,43.14,32,12:00-14:00,None,24.19,0.64,No,0,15,Gaming,1.52,10,99.68,1,No,5.04,Multiple,N/A
5ac6c83a-8bf3-44bb-9f77-419d59dbe565,2025-08-21,CUST-119787,52,27,53,31.66,28,12:00-14:00,None,74.87,0.21,No,0,37,Maps,1.44,43,97.51,5,No,1.46,Single,N/A
9cc519f4-fd08-48b2-82de-8aa0c169da8a,2025-08-16,CUST-143836,137,29,117,26.12,6,12:00-14:00,Netflix,57.08,0.62,No,0,55,News,1.57,41,98.19,1,Yes,9.45,Single,Mexico
6a93d4c2-c766-4775-af86-4f6daa9771ed,2025-10-22,CUST-927033,284,6,121,25.89,48,12:00-14:00,Spotify,99.51,0.19,No,0,4,Social,1.59,47,98.6,4,No,5.86,Single,N/A
bdef9105-d2c5-4449-b6b6-145ab156730f,2026-06-14,CUST-416723,174,11,194,49.06,35,12:00-14:00,YouTube,89.05,0.35,No,0,17,Gaming,0.52,11,95.57,4,No,5.72,Single,N/A
7960d476-b921-44c3-b74c-c1de93bb90f0,2026-04-19,CUST-997168,165,36,87,32.6,14,20:00-22:00,YouTube,75.06,0.57,No,0,32,Social,0.61,49,95.06,4,Yes,2.73,Multiple,Canada
8dac57ea-77c6-4736-977e-8bd3ad908676,2026-05-30,CUST-775013,215,2,1,36.99,26,20:00-22:00,None,91.7,0.39,No,0,38,Gaming,0.91,15,96.67,4,No,0.89,Single,N/A
64985a98-9ebb-47e0-8d23-c2a6dcc79f81,2025-08-18,CUST-341737,268,8,67,2.88,25,12:00-14:00,YouTube,55.16,0.75,No,7979,55,Maps,1.64,26,99.99,1,No,4.65,Single,N/A
6caa9b2a-e2ee-4e28-83e7-a92cd5c23b07,2025-10-29,CUST-823908,17,9,39,41.21,7,12:00-14:00,Netflix,87.81,0.4,No,8784,1,Gaming,0.52,43,99.57,0,Yes,9.25,Single,N/A
1e782956-421a-42f0-95e8-ac89a433055a,2025-10-17,CUST-777882,245,44,54,32.06,25,12:00-14:00,YouTube,30.28,0.6,No,5615,14,Productivity,1.28,7,97.44,4,No,6.57,Multiple,N/A
3fc0fb6e-568b-4d51-a018-95c048e8e0c9,2026-04-03,CUST-257206,285,22,141,40.27,24,20:00-22:00,None,49.29,0.83,Yes,0,22,Productivity,0.56,57,99.77,3,Yes,6.48,Single,Japan
18a6e3bf-e656-44c5-a683-4d5cbc7f4af3,2026-02-26,CUST-514379,98,5,29,43.22,44,18:00-20:00,Spotify,96.07,0.5,No,6666,52,Social,1.89,36,97.85,1,No,9.97,Single,N/A
3cb8cff6-0566-403a-bd81-1f63f5b6c890,2025-08-30,CUST-195528,286,18,189,15.6,23,12:00-14:00,Netflix,26.8,0.12,No,0,56,News,1.48,6,96.56,1,Yes,3.61,Multiple,N/A
e1b59a9d-7c5f-4b9e-8b86-0a7837868073,2026-03-23,CUST-119651,279,25,75,30.25,49,20:00-22:00,YouTube,44.57,0.54,No,0,55,Maps,1.24,47,97.53,2,No,4.33,Multiple,N/A
667296ae-6450-47a7-ad97-bbfc8412f0d8,2026-05-29,CUST-923086,188,47,0,5.45,32,18:00-20:00,Spotify,76.45,0.84,No,0,41,News,1.48,14,98,0,No,2.2,Single,Canada
8f4ab9ee-8424-41bd-b99e-fbe7d72953c6,2025-09-20,CUST-267971,163,3,31,15.31,11,08:00-10:00,None,97.3,0.6,No,9014,28,News,1.42,51,99.42,1,Yes,1.09,Multiple,N/A
46540be7-6747-42a0-970e-c72099eb4e7f,2025-10-11,CUST-809925,30,34,138,37.07,11,12:00-14:00,None,1.62,0.49,No,0,4,Social,1.77,33,99.79,5,No,5.13,Multiple,N/A
5b4f6746-84c0-45a4-9694-95afef891569,2025-08-03,CUST-733220,194,8,88,33.61,8,12:00-14:00,None,36.22,0.26,No,0,44,Productivity,1.69,53,96.89,0,No,1.75,Single,N/A
b5395d8a-3dcd-4107-aeac-bb807e9fff35,2026-07-21,CUST-404118,280,21,168,6.89,39,08:00-10:00,Netflix,71.13,0.82,No,0,42,Productivity,0.64,22,97.51,3,No,4.86,Multiple,N/A
d6eb51c8-cdd6-4f90-8705-968fdc3601e7,2025-10-20,CUST-114288,278,1,6,28.07,33,18:00-20:00,Spotify,40.99,0.71,No,0,51,Productivity,1.06,45,96.51,3,No,4.99,Single,N/A
2caf8c34-1755-4c33-b840-698142a5ce39,2025-08-15,CUST-569985,266,47,182,25.7,25,18:00-20:00,YouTube,89.9,0.2,Yes,5352,35,Streaming,1.75,49,96.09,1,No,8.59,Single,N/A
be39b40b-23f9-4dae-ae57-76df227dab6d,2026-07-21,CUST-361813,43,39,49,27.58,24,18:00-20:00,Netflix,69.01,0.79,No,0,30,Productivity,1.1,33,98.2,2,No,9.71,Single,N/A
f3e26c63-72f3-47a2-924c-648fce69a478,2025-07-29,CUST-274494,161,13,103,34.39,37,18:00-20:00,None,2.47,0.22,No,0,22,News,0.74,21,97.58,2,Yes,4.96,Single,N/A
966e4d78-0782-4ca2-b566-69eed09e921f,2025-10-19,CUST-248464,207,40,137,22.48,6,20:00-22:00,Spotify,45.76,0.73,Yes,0,55,News,0.94,23,97.55,1,No,6.83,Single,N/A
b4ce7632-0f1a-4b86-be4a-71c53b7aadc7,2026-05-29,CUST-841081,287,40,134,16.11,42,12:00-14:00,Netflix,37.68,0.59,Yes,0,13,Maps,1.11,31,99.82,4,No,3.92,Multiple,N/A
9a4a590c-8044-4947-8d76-91ee64a5c273,2026-01-22,CUST-474804,230,48,7,13.53,19,12:00-14:00,None,74.38,0.51,No,0,35,Maps,1.94,33,99.3,3,Yes,8.88,Single,N/A
25272b11-372c-48b5-89d5-7c6198780c7a,2026-01-05,CUST-293984,157,4,45,44.24,23,18:00-20:00,YouTube,35.62,0.44,No,0,36,Social,1.37,33,98.04,0,No,7.04,Multiple,N/A
c53c5912-f554-406b-8bfc-4dbff5071178,2026-02-24,CUST-285070,187,1,8,18.05,14,08:00-10:00,Spotify,12.27,0.57,Yes,0,4,Productivity,1.05,47,99.24,4,Yes,7,Multiple,N/A
916a3def-dec9-4746-bd7e-9157d523dd9d,2026-07-15,CUST-714059,173,10,11,43.87,33,20:00-22:00,Spotify,46.95,0.85,No,0,8,Maps,1.56,19,95.31,1,No,6.7,Single,N/A
71e345f9-7569-4e64-aec4-cca2fcd0baeb,2026-04-07,CUST-269117,279,22,7,1.71,9,18:00-20:00,Spotify,65.14,0.7,No,6326,28,Maps,1.9,9,99.54,4,No,3.63,Single,N/A
6e42b665-221f-40ce-ad2c-5e0629db9ad2,2025-12-12,CUST-575258,225,30,69,41.09,44,18:00-20:00,Netflix,87.57,0.37,No,3154,51,Gaming,1.88,42,95.53,4,Yes,9.99,Single,N/A
2bfc0585-d34f-4d91-a2ae-499c8f630463,2026-05-10,CUST-457074,175,43,44,7.98,7,18:00-20:00,None,32.85,0.13,No,0,25,Maps,1.28,38,97.67,3,Yes,6.65,Single,N/A
0512c400-6293-4beb-996a-40d5e777a325,2025-11-25,CUST-780844,125,40,52,46.57,15,12:00-14:00,Netflix,50.13,0.76,No,1361,52,News,1.56,52,98.47,3,Yes,1.36,Multiple,N/A
7db291ac-6462-46df-9e09-3d621613d1bb,2026-01-31,CUST-713693,202,35,129,10.84,32,18:00-20:00,Netflix,25.16,0.31,No,0,2,News,1.72,36,97.71,0,No,6.96,Multiple,N/A
e0a56168-9e63-42a2-a42b-014591a9185f,2025-08-11,CUST-584110,267,44,111,17.59,43,20:00-22:00,Netflix,60.68,0.52,No,0,9,Productivity,1.62,28,96.49,3,No,5.98,Single,N/A
b813151c-870e-43bb-8a2b-0e1a947add5a,2026-04-24,CUST-653329,256,14,55,14.22,19,18:00-20:00,Spotify,67.93,0.46,No,0,41,News,0.69,19,95.94,0,Yes,1.58,Single,France
55e850a0-ba40-4aee-bd6e-02ab4b1af0a5,2026-02-11,CUST-507306,32,21,101,27.07,32,08:00-10:00,None,54.27,0.81,No,0,36,Streaming,1.04,33,96.75,0,No,8.68,Single,N/A
0bc00970-1900-4474-aaa5-17ca8514afed,2026-03-03,CUST-805120,191,49,113,38.77,32,12:00-14:00,Spotify,16.2,0.35,No,0,41,Productivity,0.81,24,99.68,1,Yes,7.37,Single,N/A
3d38b609-9255-4fdb-bbf9-7235ee7b0b58,2026-05-03,CUST-289648,198,45,80,23.09,50,18:00-20:00,Spotify,51.09,0.41,Yes,0,28,Gaming,0.53,6,99.52,5,No,1.37,Multiple,N/A
b75704b7-5a57-402e-b6ee-1c0987a68776,2025-09-15,CUST-581917,133,1,190,8.75,42,08:00-10:00,None,48.63,0.15,No,0,18,Productivity,0.58,30,98.56,4,Yes,1.29,Multiple,N/A
1e206131-653b-4888-8e25-efa7d4ee6341,2026-07-15,CUST-591239,173,33,135,32.49,11,18:00-20:00,None,3.82,0.55,No,7581,45,Streaming,1.49,16,99.37,2,No,4.35,Multiple,N/A
1f6610ea-635e-4489-b503-cd7082e9bdc8,2026-02-02,CUST-285290,135,33,167,48.69,22,18:00-20:00,None,24.62,0.29,No,0,21,Maps,1.89,24,97.35,1,Yes,6.49,Single,N/A
3eec3296-173e-4846-af04-200640fbac1b,2026-05-19,CUST-825378,75,17,73,19.26,17,12:00-14:00,None,77.59,0.1,No,0,52,Social,1.7,46,96.17,5,No,7.5,Single,N/A
f86560c1-0f10-49fb-b89d-5c6a77427e90,2026-05-20,CUST-820534,173,12,174,27.43,30,08:00-10:00,YouTube,3.37,0.3,No,0,27,Productivity,1.51,45,95.6,2,No,9.33,Single,Japan
4908a47b-8ed7-44a3-b620-1f40ed3e487c,2026-01-24,CUST-320503,111,35,167,14.52,32,18:00-20:00,None,3.86,0.68,No,0,16,Social,1.8,45,96.05,3,Yes,4.02,Single,Canada
a190a8e6-0098-45c2-bd80-6350e519d2f3,2025-11-24,CUST-603963,7,38,17,24.63,45,20:00-22:00,Spotify,12.1,0.86,No,0,16,Gaming,0.99,43,97.98,2,Yes,9.08,Multiple,N/A
4e13cc27-3fd0-4dac-b810-499632ca6893,2026-05-25,CUST-544922,150,31,46,31.87,11,20:00-22:00,None,56.77,0.25,Yes,0,1,News,1.25,43,95.37,4,No,0.76,Single,N/A
9287d4f2-10d7-44df-a160-f3aa3701da94,2026-01-26,CUST-236116,87,6,42,36.72,30,08:00-10:00,YouTube,94.69,0.73,No,0,46,Maps,1.28,52,96.22,2,No,1.67,Single,N/A
db964c79-0cba-4d6e-9a91-df36d7dbc586,2025-12-25,CUST-172442,15,43,16,31.47,23,20:00-22:00,Spotify,51.34,0.31,No,0,41,Maps,0.92,57,95.33,2,No,5.31,Multiple,N/A
b1495a75-8fb4-4816-b2ca-762303181831,2025-12-05,CUST-447739,155,16,94,34.03,44,18:00-20:00,Spotify,69.42,0.31,No,0,45,Productivity,1.31,53,96.93,4,Yes,6.82,Multiple,N/A
e3520b5d-961c-4bad-bcfa-4f59a0cd7e7e,2026-04-08,CUST-679523,19,48,27,26.95,11,12:00-14:00,YouTube,50.88,0.79,No,0,49,Gaming,1.02,47,96.43,5,Yes,0.37,Multiple,N/A
f32e7e01-4338-48e0-9155-6db8b70fc989,2026-05-01,CUST-186984,123,48,170,47.53,25,12:00-14:00,Netflix,91.69,0.37,No,5329,35,Streaming,1.46,48,97.32,4,No,1.1,Multiple,France
818f9c81-4312-492e-9f92-b04d5ae397fc,2026-07-06,CUST-756285,188,24,96,27.24,32,08:00-10:00,None,21.64,0.77,No,0,58,News,1.06,40,98.91,3,Yes,5.48,Single,N/A
c215a723-da39-42c3-9e65-ffb9ac31df9c,2026-05-23,CUST-736035,100,32,4,16.58,30,08:00-10:00,None,27.16,0.53,No,3271,52,Gaming,1.38,16,99.58,3,Yes,4.01,Single,N/A
d8f65486-0178-4313-af7e-e33f91556905,2026-02-05,CUST-622862,225,9,90,9.1,44,20:00-22:00,None,38.4,0.78,No,0,39,Social,1.99,37,96.8,4,Yes,7.36,Multiple,N/A
c84702f1-7a26-4fda-a348-9e657b594f37,2026-05-05,CUST-633788,8,49,99,3,32,08:00-10:00,YouTube,44.55,0.25,No,0,57,Social,1.37,23,95.28,2,No,5.88,Single,Mexico
b89b6ec5-1c30-4888-af86-638b47c9ee2a,2025-10-09,CUST-943401,234,22,148,28.37,10,12:00-14:00,Spotify,32.62,0.38,No,0,6,Streaming,0.78,11,98.33,2,No,6.41,Single,Canada
a17b38b9-ecda-4a47-9110-9bde02bc5a8d,2026-02-26,CUST-100489,204,35,114,2.22,49,12:00-14:00,Spotify,7.31,0.52,No,6874,54,Gaming,1.79,53,97.56,4,No,8.83,Single,N/A
aba24bfe-8902-45a5-b8fe-4441efccfeeb,2025-08-12,CUST-594662,226,6,118,16.59,49,18:00-20:00,Spotify,78.36,0.52,No,0,7,Gaming,0.68,42,97.01,4,Yes,4,Single,N/A
c08075c0-9f9e-43af-8225-35ce4ac5f866,2025-08-21,CUST-229004,239,44,17,15.73,6,12:00-14:00,Spotify,0.75,0.47,No,0,13,Streaming,1.31,28,97.15,4,Yes,2.65,Single,N/A
c1b13940-d309-4a8c-b845-a66f67e492a4,2025-08-06,CUST-116439,71,6,50,28.66,18,12:00-14:00,YouTube,46.49,0.59,No,0,12,Maps,1.09,47,97.99,3,Yes,1.37,Single,N/A
65f9f516-d5d1-4424-bc53-d51cb2238a79,2026-01-31,CUST-310443,253,29,194,1.58,24,20:00-22:00,None,23.85,0.86,No,0,31,Streaming,0.96,42,99.01,3,No,0.72,Multiple,N/A
f9634245-1aa3-4fd5-91dd-afc10bf626b4,2026-03-23,CUST-850586,276,13,20,37.56,22,12:00-14:00,None,93.31,0.58,No,0,20,Productivity,0.64,21,95.8,3,Yes,2,Single,N/A
fa870b92-df7e-44a9-9428-3d70f4775d91,2026-07-12,CUST-257869,104,13,135,42.38,15,20:00-22:00,Netflix,57.54,0.47,No,0,16,Maps,1.75,34,96.08,3,No,4.78,Multiple,France
e5a7e62f-a7a6-4c44-a9ff-1d2c527e3ee8,2026-05-02,CUST-402552,110,4,163,17.07,14,08:00-10:00,Netflix,8.89,0.85,Yes,0,56,Streaming,0.52,7,98.51,2,Yes,7.72,Single,N/A
ee70631f-72dc-4663-b63e-42c8fb90be15,2025-08-03,CUST-336974,18,8,146,45.78,35,18:00-20:00,Netflix,28.54,0.22,No,0,43,Streaming,1.6,6,95.69,0,Yes,9.04,Multiple,N/A
acafccb1-e005-4ceb-8792-6814bbed9cfe,2025-10-24,CUST-568822,115,13,64,14.33,23,08:00-10:00,YouTube,9.11,0.19,No,0,45,Streaming,0.72,26,95.63,1,No,2.5,Single,N/A
5e926e89-3d77-4ac2-a922-7b51aff331d4,2026-06-08,CUST-376987,176,36,133,17.5,6,08:00-10:00,Netflix,21.85,0.16,Yes,0,47,Gaming,0.86,15,97.93,0,No,9.65,Single,N/A
357c1b87-5754-4a2e-8692-f6d06df9001f,2025-12-27,CUST-855298,259,42,115,12.44,49,18:00-20:00,Spotify,48.47,0.83,No,0,33,Social,0.93,24,96.72,1,No,3.77,Multiple,N/A
5c190ed5-4aab-4405-9828-fd513503b226,2026-06-22,CUST-717662,109,8,91,26.11,41,12:00-14:00,Netflix,65.71,0.48,Yes,0,14,Productivity,0.84,25,99.78,3,No,8.32,Single,N/A
643f72ab-ff70-414f-b21e-8b3da66bd2bf,2026-02-10,CUST-239590,280,45,97,48.97,11,18:00-20:00,Spotify,87.8,0.28,No,1487,22,Social,1.5,15,97.97,1,No,4.59,Multiple,Germany
b77530dc-0685-4d4d-897b-8989c5a322e4,2026-05-15,CUST-357804,108,37,22,7.73,45,18:00-20:00,Netflix,71.89,0.64,No,0,45,Productivity,0.75,22,95.21,3,No,2.77,Single,Canada
29efbf26-fe07-4ccf-94c6-d913b78a5671,2026-01-19,CUST-655094,75,16,178,38.78,42,12:00-14:00,Netflix,44.01,0.84,No,0,50,Maps,1.17,41,97.28,1,No,5.03,Multiple,N/A
83bf6e61-ca3f-4b38-94a9-4e0197db509f,2026-05-27,CUST-263924,60,20,170,16.42,42,18:00-20:00,Spotify,16.42,0.16,No,0,6,Productivity,0.97,37,95.69,4,No,1.91,Multiple,N/A
11f8b58e-f6fd-4408-b24b-e70c6f5fd295,2026-01-18,CUST-725812,177,49,102,43.26,18,12:00-14:00,None,35.33,0.21,No,0,55,Maps,1.63,23,99.72,2,No,9.8,Multiple,N/A
dfa81841-f5f0-4ec5-a591-198bd6329003,2026-02-24,CUST-395063,67,47,141,47.99,24,20:00-22:00,Netflix,17.57,0.67,Yes,0,22,Streaming,1.99,51,97.23,3,Yes,1.92,Single,N/A
a9c87fd7-666e-4949-a41f-0efe76ab130e,2025-12-03,CUST-945980,222,21,75,19.98,26,20:00-22:00,Netflix,57.44,0.51,No,0,44,News,1.51,9,97.8,5,No,7.14,Single,N/A
7601a7e8-a2a5-4144-8199-eaceae70bab3,2026-05-13,CUST-698349,169,20,123,22.09,43,20:00-22:00,None,47.7,0.63,No,0,44,Gaming,1.1,46,99.26,2,No,0.96,Single,N/A
b00ea396-d87b-4a40-84d6-0fe696fd39c3,2026-05-07,CUST-502575,276,28,136,21.58,47,20:00-22:00,YouTube,61.12,0.86,No,0,22,Streaming,1.83,10,95.69,3,No,9.57,Single,N/A
ecc404db-bbb3-4342-a7ad-5608846dc036,2025-09-05,CUST-965544,127,36,99,6.66,20,08:00-10:00,Spotify,79.24,0.52,No,0,2,Maps,1.25,13,97.9,4,No,1.08,Single,N/A
ba93c612-ce5f-4cbf-b8bc-6b3c5d2ae8a7,2026-01-03,CUST-166108,120,35,65,35.62,42,12:00-14:00,YouTube,23.81,0.54,No,0,58,News,0.75,17,96.47,1,No,7.04,Single,N/A
bbf323c4-2be4-4c43-b852-ec7526afade2,2026-05-19,CUST-788796,258,37,112,43.69,24,08:00-10:00,Spotify,46.54,0.69,No,0,43,Productivity,1.09,54,98.45,4,No,0.84,Multiple,N/A
e8bcf5b0-6c81-4653-b34f-6cc86651ecbc,2026-03-04,CUST-188982,166,43,188,7.56,35,12:00-14:00,YouTube,38.93,0.84,No,0,42,News,1.04,56,98.15,2,Yes,1.99,Single,N/A
710a09f2-face-413f-ae51-c48c6629a7e1,2025-09-05,CUST-660888,122,25,80,31.18,10,18:00-20:00,None,76.91,0.45,No,0,20,Gaming,1.56,49,96.42,3,No,3.01,Single,N/A
7c560a25-e9bd-425b-97d2-b5e214ae7e4e,2026-02-22,CUST-975041,231,6,31,26.78,37,12:00-14:00,Netflix,71.29,0.46,No,0,48,News,1.82,41,98.34,1,No,9.02,Single,Germany
f1996f23-cb11-4a30-83f3-b20ddb846c44,2026-02-02,CUST-294900,271,28,71,28.08,45,12:00-14:00,YouTube,11.98,0.24,No,0,56,Streaming,1.17,29,97.04,3,No,5.14,Single,N/A
a2dd40fd-10a2-4416-a7aa-09ae439d5a70,2026-03-09,CUST-729659,122,36,91,43.15,33,20:00-22:00,Spotify,4.89,0.39,Yes,0,47,News,0.69,54,95.85,1,No,9.69,Multiple,N/A
54d8b00b-5e78-4687-8b6f-df444ff9ceee,2026-07-17,CUST-980284,21,39,62,30.34,44,20:00-22:00,YouTube,31.91,0.84,No,0,53,News,1.22,53,97.14,5,Yes,0.81,Single,USA
96a8fe74-bfcd-43bf-a733-449531060585,2025-08-04,CUST-785091,256,19,95,11.71,45,12:00-14:00,None,89.17,0.64,No,0,45,Gaming,0.61,6,98.41,3,No,4.28,Multiple,N/A
926a1aea-959f-4594-b5b8-348e8a5f0a59,2025-08-29,CUST-884643,16,15,144,27.47,46,20:00-22:00,Spotify,80.54,0.24,No,0,40,Streaming,0.75,49,95.68,3,No,2.81,Single,N/A
2de7ca86-fe4f-4ec5-8c28-d816e9786b55,2025-10-17,CUST-378108,167,27,57,35.03,30,20:00-22:00,Netflix,17.4,0.16,Yes,6679,58,Maps,1.56,40,96.59,3,No,7.21,Single,France
8a4b4353-7904-4864-abec-c303c6af8363,2025-09-14,CUST-883449,82,6,180,43.7,34,12:00-14:00,YouTube,43.2,0.78,Yes,0,14,Gaming,0.95,18,99.01,3,No,8.98,Single,N/A
aa4fcbf9-7d5a-4df1-b3ba-9fba14140918,2025-11-12,CUST-189002,155,45,183,39.47,11,12:00-14:00,Netflix,47.37,0.9,Yes,0,50,Gaming,1,25,96.22,1,No,7.61,Single,N/A
1df0d2fe-51f0-4a49-b50f-0a98cf6fe069,2025-10-25,CUST-339410,298,15,164,1.12,41,08:00-10:00,Netflix,1.37,0.11,No,3807,35,News,0.64,30,97.51,2,No,9.24,Single,N/A
7dd54484-b2e8-4f42-befb-a19c49b547cf,2025-08-27,CUST-560144,269,9,6,45.57,28,20:00-22:00,YouTube,8.65,0.67,No,0,12,Maps,1.06,22,97.25,5,No,5.54,Multiple,N/A
037e79c6-00b9-41bc-a54b-c5c5e988f859,2025-10-28,CUST-846854,62,14,112,23.16,8,20:00-22:00,None,24.38,0.55,Yes,0,27,Gaming,0.75,17,96.78,4,Yes,3.44,Single,N/A
e7cd97f9-2be1-46d7-abfa-e848a82b3024,2026-07-20,CUST-818279,153,13,114,33.41,22,12:00-14:00,Spotify,83.98,0.49,No,0,54,News,0.57,20,95.91,0,No,0.48,Multiple,N/A
5f1a498c-7ff0-4e14-838e-1096b08aa2a0,2025-11-23,CUST-818468,281,7,145,4.87,5,20:00-22:00,None,7.32,0.76,No,0,11,News,1.54,53,99.3,1,No,8.12,Multiple,N/A
c693efa4-615c-4cb1-bb6e-5fee8163361d,2025-10-04,CUST-124975,268,27,82,5.45,40,18:00-20:00,None,5.89,0.86,Yes,0,59,Gaming,1.19,15,99.9,1,Yes,5.53,Multiple,N/A
06216614-2da1-4b80-919a-f75e95b27fa0,2026-01-15,CUST-449944,138,32,109,46.41,43,18:00-20:00,YouTube,69.33,0.49,No,0,2,News,1.33,27,95.37,2,Yes,8.79,Single,N/A
e5643732-9a61-4ed9-943c-f2e20b959ab8,2026-06-06,CUST-241359,18,12,187,32.04,18,20:00-22:00,YouTube,80.09,0.26,No,0,31,Maps,1.87,16,95.7,5,No,3.53,Multiple,N/A
aafcd9ce-d931-4410-87bd-81a401e81b50,2025-10-01,CUST-876647,92,49,196,6.15,6,12:00-14:00,YouTube,75.14,0.82,Yes,0,59,Maps,1.39,21,99.05,0,Yes,7.11,Multiple,N/A
65de20db-e1d8-40c2-85fb-1c6f83d47c24,2026-04-19,CUST-229965,99,43,132,38.22,29,20:00-22:00,Spotify,85.2,0.25,No,0,44,Gaming,1.65,8,95.54,4,Yes,5.76,Multiple,N/A
6e6bd1a9-9179-4360-9808-55da6fa5ef23,2025-07-27,CUST-332224,89,41,167,27.8,20,12:00-14:00,None,47.44,0.81,No,3986,6,Maps,0.78,20,96.16,4,No,3.83,Multiple,USA
815169ae-bb54-4c1c-a1c9-7a83a066026f,2025-11-02,CUST-430894,63,12,62,20.21,29,18:00-20:00,None,82.19,0.58,No,0,43,News,0.55,50,97.71,2,No,3.04,Single,N/A
b44f28ac-e2cf-4132-8295-c55a5c6d3df0,2026-06-30,CUST-310378,146,6,55,5.03,47,18:00-20:00,Spotify,62.43,0.85,No,2291,22,Streaming,0.77,56,99.69,4,No,2.99,Single,USA
2d7077be-b3ce-41a8-8608-97d2596b9b1a,2025-08-03,CUST-232114,55,21,152,21.85,42,08:00-10:00,Spotify,0.69,0.33,No,0,31,News,1.8,54,99.7,3,No,7.98,Multiple,N/A
38e56247-be1d-4563-bb9c-de666cf510ae,2025-10-20,CUST-112083,197,37,72,11.72,18,18:00-20:00,YouTube,51.51,0.31,No,0,36,News,1.71,37,95.03,1,No,1.94,Single,N/A
4fc252e8-0d9a-4565-842c-f0a00f744a11,2026-03-06,CUST-707200,104,5,167,15.16,17,18:00-20:00,Spotify,35.37,0.15,No,0,10,Streaming,1.43,11,97.07,3,Yes,9.71,Single,N/A
04e249f2-6e3a-4538-b940-1a88bf89b7c4,2025-08-18,CUST-651028,62,32,108,30.59,13,08:00-10:00,YouTube,76.94,0.81,Yes,0,55,Streaming,1.98,42,99.95,3,No,3.95,Single,N/A
c8eb8dc0-9c0c-4be1-83fe-5e8c76f58b42,2026-02-27,CUST-543816,85,42,13,7.17,20,08:00-10:00,Netflix,70.42,0.86,No,0,36,Productivity,0.72,23,98.24,1,No,2.98,Single,USA
a1c1a919-fedc-4e84-af4a-40745beb9195,2025-10-05,CUST-518791,183,34,133,45.93,46,20:00-22:00,Spotify,13.17,0.71,No,0,38,Maps,1.41,18,98.32,4,Yes,9.87,Single,N/A
b2e78ddc-33ac-4d3e-ba80-002dbb855d60,2026-04-18,CUST-145685,249,40,73,6.96,16,18:00-20:00,YouTube,57.57,0.69,No,0,22,Maps,1.83,35,95.63,5,No,3.43,Multiple,N/A
6cdfee91-4252-467d-a1ae-a2246f67721a,2026-05-20,CUST-154818,85,5,95,24.34,26,08:00-10:00,None,72.96,0.54,No,0,43,Gaming,1.46,31,99.03,1,Yes,9.54,Multiple,N/A
541274eb-4900-4a2b-bee5-ec081e62ca19,2025-09-12,CUST-850331,25,18,131,39.76,16,20:00-22:00,Netflix,32.96,0.18,No,0,38,Gaming,1.15,25,98.15,3,Yes,2.51,Single,N/A
4cf34aff-24d5-43c4-a763-66e77b0015bf,2026-06-18,CUST-322933,260,26,49,1.75,39,08:00-10:00,None,91.78,0.44,No,0,17,Maps,1.8,13,98.82,0,No,2.05,Single,N/A
8ee849d5-5ec2-40b0-93b4-fd7c5bff11ad,2026-07-05,CUST-384855,282,44,114,1.63,25,18:00-20:00,Spotify,96.09,0.18,No,0,50,Maps,1.36,56,98.84,5,No,4,Single,N/A
ef74c7bc-9aaf-414c-a7ab-24d7b8f61113,2025-12-13,CUST-977405,197,14,166,0.5,12,20:00-22:00,Spotify,4.63,0.39,No,0,59,Gaming,1.65,8,99.62,2,No,8.27,Single,N/A
a513f741-002f-44fb-8ece-cbf62a81bff6,2025-12-19,CUST-929008,199,49,16,8.5,23,08:00-10:00,None,77.26,0.84,No,5817,46,Gaming,1.06,39,99.75,4,No,6.06,Single,N/A
73efeffd-73d1-493c-8326-50e0c92019de,2026-03-10,CUST-392247,285,45,16,27.13,46,18:00-20:00,YouTube,91.61,0.7,No,8421,26,News,1.15,21,98.04,0,No,0.6,Single,N/A
4d9d3222-9feb-45cd-b4ed-1646d229a15d,2025-07-30,CUST-801033,220,46,162,42.78,33,20:00-22:00,Netflix,89.42,0.52,No,0,31,Streaming,1.81,36,98.75,4,No,5.2,Single,N/A
2b5b46ee-28aa-4f9e-8000-4708399fe22c,2026-06-01,CUST-427107,242,42,37,24.33,16,20:00-22:00,Netflix,98.48,0.55,No,0,56,Maps,1.7,41,97.49,5,No,7.03,Multiple,N/A
797beb2c-3bb9-40b5-8438-83eb0d4102fa,2026-02-07,CUST-667120,97,31,198,28.48,28,08:00-10:00,Spotify,28.62,0.43,Yes,0,40,Productivity,1.34,38,96.55,3,No,6.03,Single,N/A
ff13e572-723b-42a0-9067-100dba54c08d,2026-06-06,CUST-677531,120,38,140,0.4,10,12:00-14:00,YouTube,75.08,0.72,Yes,0,32,Streaming,1.8,25,96.19,2,No,1.61,Multiple,UK
42383702-fcef-48d0-aefb-7d463404fd6a,2025-10-11,CUST-456423,182,13,43,41.38,16,20:00-22:00,Netflix,70.05,0.27,Yes,2766,13,Productivity,1.88,13,96.78,4,Yes,7.36,Multiple,N/A
c81c42a1-92f9-4011-9010-15de78132d18,2026-02-10,CUST-393495,96,41,164,5.39,36,12:00-14:00,Spotify,75.99,0.54,No,0,46,News,1.12,20,97.55,3,No,7.11,Single,N/A
fb66a19b-0011-4c1c-b786-92a569946917,2026-03-18,CUST-311163,169,48,104,13.37,9,20:00-22:00,Spotify,90.43,0.46,No,0,50,Productivity,1.7,10,96.55,1,Yes,4.16,Single,N/A
3edd618c-09e2-4f95-af31-b9f88cbdb7bd,2026-07-05,CUST-362784,199,27,54,1.6,44,18:00-20:00,Netflix,62.77,0.65,No,0,43,Maps,0.53,38,96.1,1,No,7.29,Multiple,N/A
534c7e10-f66e-4df9-a2b5-08b15639706a,2026-03-31,CUST-893568,218,3,97,25.88,37,18:00-20:00,None,83.06,0.15,No,0,16,News,1.67,55,99.09,3,No,7.52,Single,N/A
7668a349-9c96-4bf0-92be-fa34be7ad8b1,2026-05-27,CUST-401488,275,12,169,3.24,42,18:00-20:00,YouTube,37.64,0.21,No,0,12,Streaming,1.72,7,97.57,0,No,6.56,Multiple,N/A
181deedf-c614-4317-9db8-6ef2dc745a12,2025-09-24,CUST-504678,276,7,36,27.31,41,18:00-20:00,Spotify,12.51,0.49,No,0,12,Gaming,1.77,32,97.48,3,No,0.99,Single,N/A
17aebc16-60be-475c-bb12-168c58dc3df9,2025-09-08,CUST-641163,234,39,190,20.39,44,20:00-22:00,None,56,0.79,No,0,22,Maps,0.73,27,96.13,5,No,5.36,Single,N/A
c5af3c8e-be7d-4cb4-a128-37407af1395c,2026-07-15,CUST-775747,79,36,182,27.77,34,08:00-10:00,Spotify,20.66,0.59,No,0,15,Streaming,1.67,43,99.75,4,Yes,4.66,Single,N/A
1b507b92-a63b-40be-9011-51c5c375a6e3,2026-05-09,CUST-176401,49,17,58,24.74,23,08:00-10:00,Netflix,47.33,0.11,Yes,0,33,Streaming,0.99,14,95.05,1,Yes,5.32,Multiple,N/A
cdbeb92d-4ddf-4b9d-89e0-36053095edd2,2025-10-11,CUST-351476,194,43,54,49.58,31,12:00-14:00,None,14.31,0.53,No,0,15,News,1.43,54,95.05,1,No,3.72,Multiple,N/A
3efaed25-c336-4b34-957e-6d2c3a439912,2025-09-23,CUST-918323,137,45,101,13.01,23,20:00-22:00,None,8.94,0.26,Yes,0,1,Maps,0.63,10,96.58,0,No,4.43,Multiple,N/A
1a65ca58-ea13-4206-884a-0bfb890ea9cc,2025-09-17,CUST-753152,190,38,29,5.03,10,08:00-10:00,Spotify,54.49,0.18,No,4343,56,News,1.22,48,95.56,3,Yes,1.2,Multiple,Mexico
be0fc836-f814-4428-a53a-774552eabdd0,2026-05-06,CUST-169107,18,24,2,27.05,21,12:00-14:00,None,62.59,0.29,No,0,19,Productivity,1.19,42,95.3,4,No,0.08,Single,N/A
605a339c-4f01-4510-a9df-5185e37a751b,2025-11-14,CUST-204447,101,36,39,15.42,20,08:00-10:00,None,42.68,0.9,Yes,0,48,Maps,1.75,58,98.59,1,No,6.55,Multiple,N/A
d8851e58-821e-4ff9-b129-7b7c7c8c1c50,2026-02-16,CUST-327219,126,42,163,26.85,36,20:00-22:00,YouTube,55.2,0.81,No,0,40,Social,1.25,54,98.05,3,No,2.36,Multiple,N/A
1df00578-1350-4e65-b7c9-75015dac5db8,2025-09-03,CUST-605228,84,42,69,0.97,20,08:00-10:00,None,13.16,0.13,No,0,35,Maps,1.79,17,99.45,5,No,6.62,Single,N/A
15d974dd-26d2-4119-a73b-49e32fabfbfb,2026-07-11,CUST-309847,174,11,4,34.83,34,12:00-14:00,Netflix,66.97,0.65,No,0,26,Streaming,1.86,21,99.66,4,No,6.73,Multiple,N/A
cb79b241-3654-4283-805b-d073a1f14b21,2026-04-22,CUST-637694,141,3,147,11.23,20,18:00-20:00,YouTube,86.03,0.39,No,0,42,Social,1.57,29,97.87,3,No,1.34,Multiple,N/A
0c2c5254-0820-44c5-998c-2998a9643af3,2025-11-01,CUST-910150,77,13,120,11.41,30,08:00-10:00,None,24.37,0.16,No,0,32,Productivity,1.45,25,97.04,3,No,8.74,Single,N/A
46a3a38d-2fed-4270-85db-a20556c65111,2026-02-12,CUST-198360,257,19,71,41.74,39,08:00-10:00,None,25.71,0.69,No,0,25,Maps,1.61,19,95.56,5,No,9.23,Multiple,N/A
bfff4903-315f-43f4-94f2-7b0ea745bd9c,2026-05-23,CUST-130331,184,3,87,19.86,35,08:00-10:00,YouTube,64.76,0.71,No,0,16,Maps,1.7,14,95.7,3,No,9.34,Multiple,N/A
73474bc6-d3e7-46ef-ace1-26fcb46c52b1,2025-08-12,CUST-322055,92,35,26,41.33,33,18:00-20:00,None,33.62,0.5,No,7865,19,Streaming,0.64,41,99.38,4,Yes,3.83,Single,N/A
e2ac67d2-f09e-4d17-901a-01e6d1cd8078,2025-11-25,CUST-287825,263,23,75,13.49,9,18:00-20:00,YouTube,64.68,0.19,No,9982,22,Gaming,0.81,52,99.23,4,Yes,0.99,Multiple,N/A
13065cc7-0884-42c1-9983-040c554704d3,2025-10-25,CUST-539244,213,9,195,12.15,19,12:00-14:00,Netflix,82.82,0.84,Yes,0,54,News,0.94,59,98.5,1,Yes,3.34,Multiple,N/A
42cac115-7745-4591-bb14-98cd3fd3e5cb,2025-09-17,CUST-524691,239,44,179,0.94,44,18:00-20:00,Spotify,19.1,0.73,No,0,26,Gaming,1.38,18,99.93,1,No,7.96,Single,N/A
b7e10706-6924-4ed7-9f6a-3e766c050073,2026-02-17,CUST-861025,74,35,149,20.32,31,20:00-22:00,YouTube,49.67,0.6,No,0,54,Productivity,0.97,10,95.3,2,No,2,Single,N/A
a68cf37c-b8c1-418e-8bf9-fa1156feaabc,2026-02-06,CUST-398465,129,37,161,7.85,45,12:00-14:00,Netflix,81.85,0.29,Yes,6631,47,Streaming,0.68,32,98.44,3,No,4.08,Multiple,N/A
58e148e7-61df-46f3-81f8-975bfd46091e,2025-09-25,CUST-956404,81,27,129,37.28,7,20:00-22:00,None,0.6,0.19,No,0,21,Social,1.16,40,97.46,1,No,3.59,Multiple,N/A
7a75e782-a298-4814-9501-ee1d3992d941,2025-11-21,CUST-171730,38,47,80,40.78,34,08:00-10:00,None,66.35,0.51,No,0,13,Productivity,1.81,15,99.94,5,No,9.75,Single,N/A
435a1c71-73cd-46b4-b6cb-3a9855ba8c0b,2026-07-13,CUST-525255,13,3,39,7.3,34,20:00-22:00,YouTube,85.97,0.3,No,0,21,Streaming,1.08,25,99.03,4,No,1.56,Single,N/A
aa355e03-0b54-4843-81f5-9528759662ee,2026-04-01,CUST-536904,193,17,153,47.89,17,08:00-10:00,None,78.14,0.23,No,0,34,Gaming,1.54,41,98.45,0,No,7.43,Single,N/A
d661cfb7-19c4-4c4a-bbc2-70d366ffc2e3,2026-07-24,CUST-372860,260,20,166,18.1,27,20:00-22:00,Spotify,71.03,0.27,No,9693,25,Productivity,1.1,16,95.93,2,No,2.55,Single,N/A
07411e47-0960-4cfd-a743-90e68bda6ec9,2026-05-27,CUST-436515,60,10,90,11.41,8,20:00-22:00,Netflix,33.85,0.79,No,0,11,Gaming,1.52,51,97.36,2,No,4.29,Single,N/A
628d2a68-c4fd-458e-905c-7ee1792579ac,2025-11-09,CUST-643454,156,35,43,38.63,26,18:00-20:00,None,52.66,0.33,No,0,52,Productivity,1.12,48,96.15,2,Yes,8.03,Single,N/A
f3a34a57-1b1d-48ae-8ae6-0831158633aa,2025-11-19,CUST-558739,8,23,109,42.07,30,18:00-20:00,None,4.64,0.72,No,8460,31,Gaming,1.7,53,99.89,4,No,3.47,Multiple,N/A
4b700fe5-4682-4597-a0e2-906b86ba88c8,2026-01-14,CUST-629756,266,20,25,32.62,20,12:00-14:00,None,58.57,0.73,No,0,13,Streaming,1.1,42,99.02,0,Yes,8.76,Single,N/A
a3b0dfd1-6bda-468a-812b-78ffeb136744,2025-09-04,CUST-807243,23,21,139,2.82,36,08:00-10:00,YouTube,46.95,0.33,No,720,52,Gaming,0.63,5,96.77,1,No,2.14,Multiple,N/A
e1d7c0b2-4f84-4578-9a81-562fb7a40097,2026-07-12,CUST-648233,232,29,22,34.41,29,20:00-22:00,Spotify,57.59,0.54,No,0,38,Social,0.73,42,95.66,5,No,7.66,Multiple,N/A
766bea37-3206-4be2-a423-0d0448ee9636,2026-05-02,CUST-987255,247,40,82,3.68,22,08:00-10:00,None,55.46,0.16,No,8673,28,Social,1.01,48,98.08,3,No,6.34,Single,N/A
bb2f5a41-5923-4b9d-900e-c953bec9a0ea,2026-01-16,CUST-575139,265,26,22,2.66,16,08:00-10:00,Netflix,47.56,0.8,Yes,6336,29,Productivity,1.52,57,96.01,1,Yes,0.92,Single,N/A
422c6b99-b5c3-489a-a0a7-301a07e539e1,2026-03-01,CUST-136695,271,19,194,25.14,27,08:00-10:00,Netflix,73.39,0.58,Yes,0,12,Streaming,1.64,47,97.14,2,No,7.08,Single,N/A
b1709aba-7d10-44ba-93e2-11acacebe623,2025-10-31,CUST-880949,72,47,29,20.44,42,12:00-14:00,Spotify,32.25,0.42,No,0,45,Maps,0.84,44,99.56,3,No,7.28,Single,N/A
7d622037-f18f-4f3b-b749-18436f6247bb,2025-08-21,CUST-755108,225,37,14,14.99,28,12:00-14:00,Netflix,43.14,0.85,No,0,23,Social,1.24,20,96.61,5,No,9.9,Single,N/A
025c28c0-682b-4ee1-bda3-039db4a99ec9,2025-10-05,CUST-639655,176,15,63,7.76,31,18:00-20:00,Netflix,89.06,0.29,No,0,36,Streaming,1.74,48,98.73,1,No,4.94,Multiple,N/A
2a0c6d99-6f58-4e8a-b21f-48995961c28c,2026-01-13,CUST-964279,127,7,115,8.27,38,20:00-22:00,YouTube,5.72,0.63,No,0,19,Streaming,0.6,37,98.06,0,Yes,5.39,Multiple,N/A
7b133287-b885-492f-a5e9-2c9f7fcba8e6,2025-11-17,CUST-623894,152,49,3,44.55,17,08:00-10:00,None,99.01,0.36,No,0,54,Productivity,1.6,42,98.1,2,No,2.37,Single,N/A
cf1446fb-383c-444f-ae26-a023c8a6a591,2026-06-25,CUST-421639,240,43,96,4.63,20,18:00-20:00,None,17.82,0.38,No,0,53,Gaming,1.65,29,98.12,5,Yes,4.45,Multiple,N/A
76bd9681-aac6-42ac-8276-8cbabf5803d3,2026-01-24,CUST-406602,104,25,19,38.3,31,18:00-20:00,YouTube,60.31,0.75,Yes,0,35,Gaming,1.6,16,95.34,3,No,1.73,Multiple,N/A
78523fb5-7017-4010-b35c-ca8937170a52,2026-05-29,CUST-895893,214,5,3,14.86,40,18:00-20:00,Spotify,52.33,0.62,No,0,18,Maps,0.93,41,98.29,0,No,1.71,Multiple,N/A
b20395f4-0a00-4ab8-a981-eecccf459b6a,2025-11-13,CUST-401418,131,3,129,19.84,31,12:00-14:00,YouTube,0.72,0.78,No,0,48,Gaming,0.67,13,97.22,4,Yes,3.42,Multiple,N/A
566f3e33-1d01-4540-8330-f60d48bda32c,2025-10-17,CUST-628491,43,25,152,37.29,38,20:00-22:00,YouTube,8.59,0.7,Yes,0,35,Gaming,0.77,59,100,4,No,2.49,Single,N/A
c967c883-21c6-4e4b-ba82-200e3a8e5477,2026-07-25,CUST-646790,252,41,190,24.9,38,20:00-22:00,Netflix,85.2,0.35,No,0,38,Maps,0.58,28,96.86,2,Yes,1.13,Single,N/A
b1c7dfdc-15d0-49ef-8e60-bda66abea4b9,2025-10-06,CUST-687526,280,37,154,30.76,43,20:00-22:00,YouTube,10.75,0.65,No,0,0,Streaming,1.07,34,98.77,5,No,0.95,Single,N/A
981f5f6e-e2a3-4ec0-91e6-52139b65a94d,2025-10-05,CUST-177815,241,35,120,0.67,28,12:00-14:00,YouTube,98.45,0.55,No,0,13,News,0.56,14,99.34,4,No,1.69,Single,N/A
bb1ca1b6-860c-41e2-b0e9-df3e29ce9e84,2025-10-14,CUST-107402,34,38,105,39.04,7,18:00-20:00,Spotify,64.31,0.82,Yes,0,1,Maps,1.13,23,96.71,1,No,5.46,Multiple,N/A
1a3409d8-4e13-473e-bbc2-c359f7eb3468,2026-02-10,CUST-709591,149,40,42,22.62,20,20:00-22:00,Netflix,57.14,0.83,Yes,0,18,Productivity,1.3,27,95.47,4,Yes,1.49,Single,N/A
13294bde-adfb-4a32-8a46-c0715336d91f,2025-11-16,CUST-818326,20,41,49,4.47,43,20:00-22:00,Spotify,92.77,0.9,No,0,2,Maps,0.86,36,97.36,2,No,7.75,Multiple,N/A
d1b57374-3ef7-4576-ae1e-08a7a761f72e,2025-09-07,CUST-315291,213,17,149,11.96,30,12:00-14:00,None,81.36,0.72,No,0,10,Productivity,1.09,18,95.85,2,Yes,1.56,Single,N/A
c2ceca8a-73db-4e45-8345-57dabb08f0a2,2025-09-13,CUST-224998,236,49,173,21.11,45,12:00-14:00,YouTube,97.23,0.78,No,0,3,Maps,1.83,43,99.22,2,No,5.07,Multiple,N/A
bea5f521-c2dc-495e-a75b-b87205a867d5,2026-02-07,CUST-244106,208,3,182,46.41,10,08:00-10:00,Netflix,77.55,0.34,No,0,3,Social,1.11,50,99.61,2,Yes,5.54,Single,N/A
c217a775-f36a-42d5-9647-c717548e9422,2026-05-27,CUST-506370,178,34,10,43.68,37,18:00-20:00,None,6.31,0.62,No,0,46,Maps,1.35,22,95.76,4,Yes,8.81,Multiple,N/A
165ed883-24e1-434d-9c4b-9ca40f775043,2025-08-21,CUST-313832,38,34,89,20.02,43,12:00-14:00,Spotify,54.28,0.25,No,0,32,Gaming,1.06,35,95.71,2,Yes,0.86,Single,N/A
27d86326-5e12-405a-9b38-b6b3bf0d78e6,2025-12-09,CUST-637782,274,42,29,46.38,18,12:00-14:00,YouTube,20.59,0.64,No,0,10,Gaming,1.93,37,98.99,1,Yes,9.39,Single,N/A
af8bff12-b1ff-49da-95a2-25171dff8396,2025-08-02,CUST-500211,63,39,107,15.31,17,08:00-10:00,None,60.81,0.81,No,0,40,Gaming,1.78,46,97.95,5,Yes,1.18,Single,N/A
aadf8040-721f-4a80-816d-7bf546ed015d,2025-12-10,CUST-964128,99,30,132,17.07,6,18:00-20:00,None,29.17,0.81,Yes,0,53,Productivity,1.36,21,97.95,3,Yes,3.93,Single,N/A
d3be02d3-6f3c-4be6-ba90-83276c080b76,2026-02-26,CUST-994710,245,39,195,3.69,45,12:00-14:00,Netflix,13.69,0.77,No,0,6,Gaming,1.49,39,95.94,3,No,9.73,Single,N/A
d97c1cc7-e345-486b-9bd8-cfea9361ac26,2026-06-03,CUST-467375,204,36,51,26.28,10,08:00-10:00,None,27.04,0.89,No,0,5,Gaming,1.08,37,97.2,3,No,0.62,Single,N/A
ed822c9e-dd63-42a9-87fd-d18d9e6f7b06,2025-08-13,CUST-465217,245,35,52,46.68,17,08:00-10:00,None,6.5,0.47,No,0,12,Gaming,0.58,48,98.85,1,Yes,4.31,Single,N/A
7bcc1f8c-1e4d-430a-8328-3c1b5a9c0d4f,2026-03-28,CUST-700732,138,23,167,11.81,8,08:00-10:00,Spotify,16.83,0.3,No,0,45,Social,0.85,55,99.29,1,No,9.72,Multiple,N/A
2a1d407b-1901-4744-913e-b7a615bef039,2025-10-22,CUST-519783,181,13,168,34.8,37,08:00-10:00,YouTube,12.77,0.15,No,0,39,Productivity,1.83,35,97.01,0,Yes,4.27,Single,N/A
0101a01b-20af-4f26-949f-8195a4dcfb5e,2025-11-04,CUST-575413,241,21,117,38.28,5,12:00-14:00,Spotify,51.42,0.52,No,0,47,Productivity,0.87,38,97.98,4,No,4.08,Single,N/A
68f4335e-2b63-45b3-a835-4c70ff29a1df,2025-12-09,CUST-986107,13,31,107,31.6,37,12:00-14:00,None,9.56,0.11,No,8424,3,Maps,1.24,35,97.05,4,No,9.16,Multiple,Mexico
03e97581-1cf7-4f19-84e8-9eedbc2e8021,2026-04-17,CUST-746080,159,37,132,16.23,17,20:00-22:00,None,4.87,0.12,No,0,53,Maps,1,13,95.28,2,Yes,9.78,Single,N/A
bf88a7c4-5848-4d5f-b241-4d5466ab4100,2025-08-22,CUST-938936,20,34,21,15.57,5,20:00-22:00,Netflix,82.61,0.86,No,0,6,Streaming,0.56,47,98.49,4,No,6.96,Multiple,N/A
19b03219-b3ab-46c3-b1c0-8cdd528ecd67,2026-06-30,CUST-249476,299,46,4,49.79,37,08:00-10:00,Spotify,45,0.81,No,0,34,Productivity,0.79,36,97.05,1,No,6.9,Single,N/A
95b6c407-ea4c-4fc9-946a-63ae1c4510aa,2025-12-29,CUST-212172,101,24,174,41.05,37,12:00-14:00,Spotify,2.41,0.41,No,0,48,News,1.79,17,99.34,2,Yes,3.77,Multiple,N/A
ef4519b8-2e48-489d-9741-b01c311f6a01,2026-03-16,CUST-455035,215,42,117,22.8,6,12:00-14:00,None,94.75,0.5,No,0,23,Gaming,1.22,14,96.6,4,No,6.12,Single,N/A
2349a50d-bf73-4798-a0a6-f09131bb6ea6,2025-11-08,CUST-618831,232,48,99,17.03,13,08:00-10:00,None,97.76,0.76,Yes,0,21,Streaming,1.57,38,98.37,1,Yes,9.48,Single,N/A
1741707d-8ee5-4b04-beed-5beff8268dbb,2026-05-30,CUST-954163,30,31,153,23.25,20,20:00-22:00,YouTube,18.67,0.8,No,7806,17,Gaming,0.87,29,96.2,5,No,7.92,Multiple,N/A
d9e674e7-f7a9-4d85-808a-78efe35e8b5c,2026-01-12,CUST-649828,63,40,117,5.71,42,08:00-10:00,Spotify,67.11,0.22,Yes,6611,35,Streaming,1.88,60,95.13,4,No,5.22,Single,UK
d2eb8cfd-a84c-4af9-bf57-ee70471e3a81,2026-03-06,CUST-873192,249,43,37,19.8,7,12:00-14:00,Netflix,95.42,0.34,No,0,31,Gaming,1.34,12,98.1,4,No,8.65,Single,N/A
e3b29e35-5c91-4bff-bbbb-df224a8fc1be,2026-07-21,CUST-197230,228,9,41,24.36,24,18:00-20:00,Netflix,77.77,0.19,No,0,19,Gaming,0.65,52,98.05,0,Yes,6.86,Single,N/A
7f5861f3-a7d7-43e7-a747-f67d5049779f,2025-09-13,CUST-153501,6,1,14,32.4,36,20:00-22:00,Netflix,74.43,0.84,No,0,43,Streaming,1.29,35,96.15,5,Yes,3.27,Single,N/A
ed97f720-2864-4054-8dec-bcdb0b98d68d,2026-01-14,CUST-432682,195,31,154,24.98,33,12:00-14:00,YouTube,11.58,0.56,No,0,29,News,1.58,42,97.46,3,No,4.77,Multiple,N/A
6e4c2f95-8ebf-4e3f-9177-642dcc68074e,2025-11-01,CUST-125402,62,11,16,12.08,35,20:00-22:00,Netflix,81.51,0.55,No,0,7,Productivity,1.09,60,99.72,2,No,0.97,Single,N/A
473da790-0038-421c-8367-bef70f72f051,2026-07-23,CUST-206603,220,21,198,5.13,40,12:00-14:00,Netflix,34.58,0.15,No,0,26,Social,0.82,13,98.14,0,Yes,2.61,Multiple,N/A
d70a1af0-687f-48a7-ae67-8198d3f21b09,2025-09-01,CUST-715732,293,28,187,3.9,5,18:00-20:00,None,43.9,0.16,No,0,30,Productivity,1.71,56,97.15,2,Yes,0.18,Single,N/A
121f864d-84f5-4021-bb53-5c5343b7f263,2026-01-19,CUST-970655,253,4,55,25.13,48,20:00-22:00,None,9.22,0.84,No,0,56,Social,1.11,42,95.32,3,Yes,4.21,Single,N/A
e0d0f9bd-e994-4164-bb32-97749b6f42dd,2025-10-19,CUST-494735,93,14,137,0.52,36,08:00-10:00,None,52.16,0.15,No,0,28,Gaming,1.13,14,99.64,4,No,4.08,Multiple,N/A
40d33fd5-5f38-40a9-b8cd-643236443eb7,2026-07-20,CUST-271820,186,7,139,21.48,47,08:00-10:00,Netflix,93.75,0.89,No,0,54,Maps,0.63,38,99.32,0,No,5.99,Single,N/A
53b5f2ec-a0d1-4cca-ac6e-1f0784c702a9,2026-03-09,CUST-113499,198,4,10,14.72,45,20:00-22:00,None,36.58,0.55,No,0,30,Social,1.81,55,98.92,2,Yes,5.85,Multiple,N/A
27a4d86e-3c4a-403b-a9ce-a0b21ea6aeab,2026-05-18,CUST-350876,265,22,47,11.94,23,08:00-10:00,Netflix,19.04,0.33,Yes,0,46,Maps,1.73,42,97.99,2,Yes,6.47,Single,N/A
11e9ce3b-f638-406e-9481-f5897803e8f7,2025-09-12,CUST-237014,89,23,17,14.6,7,18:00-20:00,None,77.88,0.9,No,0,42,Social,1.03,59,99.53,4,Yes,7.89,Single,N/A
97f6b4ba-078c-4e18-a72e-b1e1a21026d9,2025-10-03,CUST-827580,107,32,44,30.49,18,18:00-20:00,YouTube,48.69,0.65,No,0,56,Maps,1.62,57,98.63,1,No,5.43,Single,N/A
93a4ed62-257b-450e-855f-fdd8535546f6,2025-11-12,CUST-993345,255,48,159,28.91,15,12:00-14:00,None,3.54,0.73,Yes,0,4,News,0.81,54,97.49,2,Yes,9.11,Multiple,N/A
11fd25d8-fcb9-4cb5-9280-1c3c85d414ce,2025-11-04,CUST-775750,247,24,165,16.92,30,08:00-10:00,Netflix,91.66,0.26,No,0,32,Productivity,0.98,45,97.43,2,No,9.33,Single,N/A
84c1f784-06be-41a4-b717-20e074243b93,2026-03-14,CUST-511417,41,15,89,34.25,23,08:00-10:00,YouTube,9.96,0.6,No,0,20,Streaming,1.98,51,98.61,5,No,8.2,Single,N/A
228bd60e-568c-4e91-b562-d07984fa6b34,2025-11-24,CUST-215598,18,45,75,21.75,43,08:00-10:00,YouTube,14.18,0.19,No,0,26,Productivity,1.98,32,97.76,1,No,4.92,Single,N/A
92743501-d428-45c4-a6db-653a1d332c2a,2025-08-21,CUST-939953,83,28,195,8.02,11,08:00-10:00,Netflix,72.43,0.58,No,0,6,Productivity,1.98,57,97.43,1,Yes,8.11,Multiple,N/A
2e41095c-f768-45b7-915d-fdebb2e6bd16,2026-05-20,CUST-348089,154,36,89,32.31,17,20:00-22:00,Netflix,75.13,0.14,No,0,22,News,1.33,49,96.75,4,No,7.61,Multiple,N/A
c46a9bdc-fcc0-47e4-8b16-81baf4bb3569,2025-11-26,CUST-859087,70,50,182,43.4,30,18:00-20:00,YouTube,4.16,0.88,No,0,57,Gaming,0.96,56,96.44,2,No,5.8,Single,N/A
2e5ad2d9-ad0e-41d3-ae89-88feb08510d8,2026-06-15,CUST-384633,61,4,66,28.42,20,08:00-10:00,None,21.62,0.33,No,0,3,Maps,0.83,21,98.32,1,Yes,6.59,Single,N/A
a0f73e40-e619-4142-b276-1bbe0054f905,2025-09-14,CUST-429615,211,42,136,17.08,29,08:00-10:00,None,67.31,0.29,No,0,17,Maps,0.88,22,98.16,4,No,8.57,Single,N/A
b156784a-fa60-44d1-a32b-a3fe5e93ebbe,2026-02-07,CUST-175807,94,27,71,18.04,39,12:00-14:00,None,90.94,0.72,No,0,16,Maps,1.38,18,95.27,1,No,2.96,Single,N/A
cb4d4397-9aa7-46f0-a43e-68a1455be780,2025-11-02,CUST-130689,147,18,65,49.5,32,18:00-20:00,YouTube,52.29,0.56,No,8107,19,News,0.63,50,97.72,5,Yes,1.96,Multiple,N/A
7b03cd85-4b29-4afe-9980-492db594fe1d,2025-12-05,CUST-428744,17,7,67,27.7,9,12:00-14:00,None,58.39,0.85,No,0,53,Social,1.62,42,99.53,4,No,7.51,Multiple,N/A
24dfdf1d-0e89-4574-bad4-b09a1838d764,2026-03-22,CUST-761685,105,39,33,14.66,41,18:00-20:00,Netflix,39.56,0.9,No,0,30,News,1.69,12,99.48,5,No,8.31,Multiple,N/A
8b61790c-cfca-4abd-9a14-f7b7e11c67c7,2026-03-22,CUST-922353,286,2,43,42.78,7,20:00-22:00,Netflix,40.78,0.29,Yes,0,52,Social,0.94,53,97.34,1,Yes,0.3,Multiple,N/A
f29b3c0b-769e-4cec-b8c6-b693f50a4ae3,2026-04-28,CUST-626366,59,44,168,12.84,21,18:00-20:00,Spotify,40.37,0.71,No,0,20,Social,1.07,35,95.7,3,Yes,7.54,Multiple,N/A
ae56c5cd-827f-48c7-ae9a-1792104b0b0c,2025-08-02,CUST-794096,59,24,133,48.79,13,08:00-10:00,Netflix,21.23,0.41,No,0,26,Maps,0.79,20,98.23,3,Yes,7.75,Multiple,N/A
43e2e21e-9f33-4a4a-a44f-a1565d98c21c,2025-09-21,CUST-422104,104,37,128,41.69,29,12:00-14:00,YouTube,23.44,0.13,No,0,6,Productivity,1.4,36,97.84,2,Yes,4.16,Multiple,N/A
80e54055-dd48-4684-8a16-3be3fafdc225,2026-03-22,CUST-801626,294,43,65,26.99,36,18:00-20:00,None,73.52,0.25,Yes,0,54,Streaming,1.08,16,97.29,2,No,5.46,Single,France
5a5b2d97-ce1d-4277-bea9-2661f780337e,2025-09-12,CUST-905655,224,45,99,19.34,17,20:00-22:00,Netflix,97.5,0.31,No,0,50,Maps,1.32,9,95.26,3,No,3.66,Multiple,N/A
3ac17b13-7248-4ab2-a7cf-d1919dbfb0b7,2026-05-11,CUST-844432,285,3,176,41.62,28,12:00-14:00,YouTube,99.94,0.23,Yes,0,32,Productivity,1.1,22,97.36,4,No,5.79,Single,N/A
05c36522-fe26-49e6-9d7a-6e607feae880,2025-11-03,CUST-183246,254,9,174,8.43,19,08:00-10:00,YouTube,72.78,0.53,No,0,5,Maps,1.32,31,99.37,0,Yes,0.25,Multiple,N/A
8ce2005f-c2c6-4268-bca1-f08e370ab6d5,2025-09-03,CUST-683509,186,12,53,21.34,24,08:00-10:00,Netflix,54.64,0.68,No,0,51,News,0.57,37,99.94,1,Yes,9.42,Single,N/A
9a91eb78-8a2c-4579-8bae-df36c7262dca,2026-01-15,CUST-241872,149,44,69,17.53,43,20:00-22:00,YouTube,2.45,0.24,No,3791,22,News,1.37,38,96.64,1,Yes,8.16,Single,N/A
6d2216e5-f56d-4eb3-b3d9-96f3beacffd7,2026-06-22,CUST-119995,57,23,57,37.29,7,08:00-10:00,Spotify,2.26,0.41,No,0,2,Maps,0.97,33,98.16,2,No,8.6,Multiple,N/A
81871f4f-756b-476f-87b6-bcf4fc0b3266,2026-03-22,CUST-287044,206,43,36,38.51,15,12:00-14:00,YouTube,39.41,0.7,No,4692,35,Maps,1.19,59,96.09,2,No,5.88,Multiple,N/A
c63f0b97-ab63-4933-bd05-d8c62b8172fb,2026-01-25,CUST-623483,242,24,4,2.35,19,12:00-14:00,YouTube,25.8,0.29,Yes,0,46,Maps,1.17,48,95.06,3,No,8.68,Single,N/A
60f69853-5cb3-4784-8bd8-8eafaf2e1d1c,2025-10-03,CUST-603923,297,12,54,8.39,12,08:00-10:00,Netflix,1.33,0.87,No,0,3,News,1.03,33,96.95,0,No,1.55,Single,France
6c41a3e4-a62d-4e4a-9237-9f5b7f94b61c,2026-04-06,CUST-345708,12,22,73,27.09,35,18:00-20:00,Netflix,7.32,0.21,No,3049,10,News,0.75,19,99.35,0,No,3.71,Single,N/A
d8287694-c090-480f-98c5-20e1b044ebce,2025-11-10,CUST-324664,94,28,53,20.6,11,12:00-14:00,Netflix,75.32,0.34,No,0,40,Streaming,0.63,41,97.3,1,No,2.59,Single,N/A
21e2eaf2-4b6a-4ed1-aba8-7d8bef3fb2e8,2026-02-16,CUST-901562,16,41,86,14.07,43,12:00-14:00,Netflix,2.56,0.48,No,0,51,Streaming,1.43,34,97.67,2,No,4.4,Single,N/A
29b0b0a2-bcb4-4f38-9fbc-7b9588b9ba25,2025-09-21,CUST-742874,192,21,6,9.8,17,18:00-20:00,None,29.43,0.71,No,0,4,Maps,1.62,18,97.72,1,No,3.76,Single,Germany
9d27a93d-48eb-43a2-8431-8bde70d734e6,2026-03-03,CUST-610851,265,20,166,19.57,29,18:00-20:00,Spotify,74.74,0.22,No,0,43,Gaming,0.96,39,99.09,0,No,0.82,Single,N/A
e53062f3-a4ad-4c7e-bded-0d025fb32145,2025-09-14,CUST-444301,47,7,32,21.88,20,12:00-14:00,YouTube,49.33,0.11,Yes,0,25,News,1.68,37,98.88,2,Yes,1.26,Multiple,N/A
9ce91e5f-55ab-4193-b9a2-d3ae93701785,2025-08-09,CUST-275320,48,45,135,10.79,46,12:00-14:00,None,46.42,0.28,Yes,0,13,Maps,2,29,99.89,3,No,6.27,Single,N/A
6685208b-ee7e-4846-83a3-8990589a478f,2026-05-17,CUST-647302,156,49,124,28.39,41,08:00-10:00,Spotify,76.47,0.26,No,7811,11,Productivity,1.27,10,96.08,1,Yes,9.83,Single,N/A
ec39360a-818a-4b54-ac75-ab02e3cd8bcf,2025-12-24,CUST-406496,225,17,120,32.48,28,18:00-20:00,Spotify,99.81,0.81,No,0,3,Gaming,0.72,13,99.1,4,No,0.26,Single,N/A
31cd2179-5b02-49a0-b9bc-4a3f2b069cce,2026-01-08,CUST-661015,180,23,110,42.98,10,18:00-20:00,Spotify,46.93,0.14,No,0,45,Streaming,0.77,45,99.02,2,No,0.19,Single,N/A
f822ab8e-0a70-4d62-9ad9-5a10218af916,2026-05-12,CUST-946401,122,5,93,41.39,46,20:00-22:00,None,76.68,0.84,No,0,33,Gaming,1.93,8,96.39,1,No,5.05,Single,France
7cbadec2-b251-4110-a6f0-0467faf191be,2026-02-13,CUST-485519,264,37,12,35.81,21,12:00-14:00,None,51.92,0.52,Yes,0,16,Streaming,1.46,36,96.91,2,No,0.17,Single,N/A
6ec9d8dc-a8c5-44f0-80f7-297143ed9964,2025-08-13,CUST-323965,261,33,133,24.74,18,20:00-22:00,YouTube,27.37,0.78,No,754,41,News,1.71,6,98.14,5,No,2.39,Multiple,N/A
4d01507a-f3cd-4de6-9977-35935c3f54a4,2026-01-28,CUST-310830,257,37,92,29.19,29,12:00-14:00,None,39.93,0.28,No,0,44,Social,1.71,24,95.13,0,No,3.26,Multiple,France
fa6ce5ed-cf89-4a88-b45b-5e123222898b,2026-02-12,CUST-475470,251,4,14,19.9,38,18:00-20:00,YouTube,0.11,0.16,No,0,30,Productivity,1.12,48,95.04,5,No,7.04,Single,N/A
37427cd9-6a44-4155-a6e0-31e0067c00c5,2026-02-14,CUST-794378,256,38,173,24.27,26,18:00-20:00,Netflix,31.81,0.84,No,0,35,Maps,0.63,6,97.05,1,No,9.66,Multiple,N/A
7a02b3a9-436f-4dbd-a606-f888600ed3a4,2026-04-08,CUST-139953,105,39,114,30.94,23,18:00-20:00,None,76.42,0.5,No,0,32,Gaming,1.16,32,98.22,2,No,0.84,Multiple,N/A
5252780e-d016-4568-87cf-1c7a17e5081b,2026-07-03,CUST-643457,182,33,103,35.68,34,12:00-14:00,None,93.48,0.74,No,5733,44,Social,1.16,51,97.01,3,No,1.55,Single,N/A
fc14113c-47c7-4191-86f4-154e21a0bdd8,2025-08-13,CUST-193475,135,22,164,32.43,43,12:00-14:00,YouTube,88.99,0.19,No,0,57,News,1.13,44,96.32,3,No,0.99,Multiple,N/A
32129999-5da9-48e0-9416-a5e899bacc15,2026-05-30,CUST-927661,206,18,54,14.82,44,08:00-10:00,None,30.52,0.29,No,0,59,Gaming,0.8,56,97.65,5,Yes,9.09,Single,N/A
92939058-4df7-452e-a14c-211c0c13b9b6,2025-12-16,CUST-819495,227,4,47,13.23,26,20:00-22:00,YouTube,68.19,0.4,No,0,10,Streaming,0.7,33,95.94,2,No,6.16,Multiple,N/A
c55af780-9e6a-48b4-80d2-f6e234506db5,2026-05-03,CUST-114132,38,23,87,23.03,15,20:00-22:00,YouTube,35.63,0.75,Yes,0,34,Gaming,0.63,21,99.37,2,No,8.55,Single,N/A
1b399316-63b4-49bb-93b0-bee2c55fbd09,2026-03-19,CUST-312383,231,34,189,14.11,14,20:00-22:00,Spotify,91.78,0.82,No,0,56,Streaming,1.89,24,98.3,4,No,0.15,Multiple,Japan
6d41a600-28ab-407a-b3bd-3c7e32ab4e0e,2026-06-03,CUST-435648,22,24,43,24.98,15,20:00-22:00,YouTube,38.54,0.14,No,0,54,Social,1.87,39,98.28,3,No,2.98,Multiple,N/A
84616572-7699-4d7c-a56b-f643c9e20a82,2025-12-24,CUST-285336,93,46,4,3.67,8,08:00-10:00,Spotify,79.94,0.19,No,0,21,Productivity,1.24,50,95.58,5,No,8.11,Single,N/A
541fa532-1fdf-4b22-87d9-98458a26121e,2025-10-14,CUST-374521,261,20,113,38.73,6,08:00-10:00,Netflix,43.08,0.81,No,0,40,Gaming,1.01,14,96.05,3,No,9.41,Single,N/A
e50e67c9-315f-4db1-9221-7932600ca968,2025-09-14,CUST-397039,275,40,61,19.81,41,08:00-10:00,Netflix,8.02,0.29,No,0,50,Social,1.12,7,98.97,0,No,6.75,Multiple,N/A
e9ad7bae-f67d-4958-9401-a6a0c02b4a7b,2026-04-28,CUST-548780,230,23,38,10.96,18,12:00-14:00,YouTube,57.18,0.11,No,0,55,Streaming,0.72,54,99.54,3,No,7.66,Single,N/A
9063dd7c-6096-4aec-baae-d9927d440e0c,2026-06-01,CUST-903522,138,49,164,7.76,20,12:00-14:00,None,4.7,0.33,No,0,42,Social,1.71,48,96.72,3,Yes,6.97,Multiple,N/A
62f10e05-c7e9-43cf-b1fa-1e4a71ec0503,2025-09-22,CUST-936906,79,10,168,2.61,24,18:00-20:00,Netflix,80.47,0.11,No,0,50,Gaming,1.14,38,98.46,1,No,9.8,Single,N/A
6143cbc4-3fb4-4a40-8190-831faba6ce27,2025-09-02,CUST-102089,91,46,97,8.8,39,20:00-22:00,None,65.99,0.28,No,0,0,Productivity,1.59,27,96.56,5,No,5.64,Multiple,N/A
9d18095b-f0a0-492c-9212-30b8e2a5cfa7,2025-11-19,CUST-725419,58,2,192,34,15,08:00-10:00,None,14.06,0.58,No,0,18,News,1.89,28,98.45,3,Yes,6.08,Multiple,N/A
9aa2a1eb-b5da-45d2-84f6-abbe71845e38,2025-09-22,CUST-970077,108,6,55,7.11,30,18:00-20:00,YouTube,91.5,0.36,No,0,14,Maps,0.77,50,99.19,2,No,9.53,Single,N/A
27cacdc6-698d-443b-ae87-3ffbcc1e9fe6,2025-08-02,CUST-674392,260,13,66,30.29,6,12:00-14:00,Spotify,72.72,0.22,Yes,9678,19,Social,1.5,22,95.34,2,No,3.47,Multiple,N/A
a53ade87-763a-4ccf-8c66-a4aca63f6401,2025-11-21,CUST-518248,130,18,48,13.77,49,08:00-10:00,None,69.86,0.21,No,0,58,News,0.63,50,98.6,4,No,2.52,Single,USA
e9bef1f5-1513-45e3-85b1-7f1073e945fe,2026-02-14,CUST-166262,102,12,132,17.96,41,18:00-20:00,None,26.24,0.59,No,1953,10,Productivity,1.75,39,95.15,4,No,9.86,Single,N/A
76c2a846-70c6-4d09-9310-974cd0354d02,2026-07-17,CUST-912004,62,5,180,16.74,29,12:00-14:00,YouTube,48.04,0.26,No,0,22,Streaming,1.71,18,96.43,3,Yes,0.79,Single,N/A
0f8f714e-c0e5-439d-a241-54687794cad4,2025-10-25,CUST-993921,123,40,164,11.5,28,08:00-10:00,YouTube,19.46,0.38,No,0,25,Streaming,1.05,38,96.37,3,No,7.01,Single,N/A
0890e033-6995-490d-8c0a-b2c9f0a08dca,2026-07-07,CUST-948851,173,28,150,22.55,22,12:00-14:00,Spotify,87.94,0.23,Yes,0,12,Streaming,1.56,60,98.6,2,Yes,3.93,Single,N/A
f0ab90f1-1514-4cf7-b6d2-8ca0250565a1,2026-01-19,CUST-773970,172,21,144,26.58,9,20:00-22:00,None,66.48,0.71,No,0,49,Social,1.04,11,97.86,0,No,4.31,Multiple,N/A
a644850c-5aa6-44b5-a703-a39150e9383c,2025-10-02,CUST-254146,183,10,158,14.39,24,08:00-10:00,Spotify,50.61,0.65,No,0,7,News,1.91,16,98.71,4,No,3.02,Single,N/A
b2136a3c-c1ab-4ccd-a261-76f1395e41a0,2026-01-26,CUST-283065,118,25,150,30.12,40,08:00-10:00,Netflix,19.84,0.28,No,0,42,News,0.68,19,96.65,1,No,3.79,Multiple,N/A
6a9ee56c-c8dd-4893-9269-ff76ba71bdbd,2025-11-30,CUST-573467,223,13,155,23.15,14,20:00-22:00,Spotify,23.46,0.78,No,0,42,Productivity,1.64,59,97.63,4,No,9.67,Multiple,N/A
cebe97aa-c09d-42e0-b1bc-2f173d742c03,2026-05-25,CUST-372373,227,15,143,19.13,6,18:00-20:00,Spotify,53.07,0.36,No,0,49,Social,1.46,51,96.63,4,No,0.93,Single,N/A
7dbac67b-b7a3-4e6a-9b72-349a6993401a,2026-07-06,CUST-297628,8,34,158,16.54,8,18:00-20:00,None,55.79,0.28,No,0,15,Social,0.53,27,98.11,4,No,0.71,Single,N/A
587f722e-f606-48c1-bc3f-7c4255141c37,2025-12-24,CUST-110007,178,20,119,3.16,8,20:00-22:00,None,59.87,0.89,No,0,34,Maps,1.08,5,96.37,0,No,1.69,Single,N/A
4a2a5eba-050e-4a25-9adb-9b0ac0ca67e2,2025-11-05,CUST-415035,233,30,152,21.26,20,12:00-14:00,None,43.33,0.54,No,0,23,Maps,0.94,20,97.04,1,No,1.68,Single,N/A
d1ed9c35-f67c-4378-8805-672d7f8b2c0e,2026-05-03,CUST-623339,206,21,171,17.83,13,18:00-20:00,YouTube,7.44,0.21,No,0,55,Social,0.94,28,98.65,1,No,9.53,Single,N/A
4b6cdbe0-044a-4b52-9609-3fffeb85c3a0,2026-01-31,CUST-834738,164,11,0,24.59,44,18:00-20:00,None,84.02,0.16,No,0,31,Productivity,1.82,35,97.03,3,Yes,5.29,Single,N/A
98bb872d-1414-4626-8953-675b2769c32b,2025-11-20,CUST-410910,238,18,14,0.59,21,08:00-10:00,Netflix,5.94,0.43,No,4623,11,Maps,1.88,23,95.11,0,No,7.3,Multiple,N/A
f393b25a-33b4-4c0d-ab1d-4e7746691ee9,2026-02-04,CUST-212622,106,17,81,13.07,47,12:00-14:00,YouTube,38.22,0.8,No,0,20,Productivity,1.49,10,97.8,3,No,5.01,Single,N/A
f2283f54-a9ad-4349-a290-235ac93d2d5e,2026-02-15,CUST-697633,286,50,35,8.92,32,20:00-22:00,YouTube,98.91,0.16,No,0,38,Streaming,1.17,53,99.86,1,Yes,5.78,Single,N/A
05018ae2-c79b-4d46-b508-60d36f40f9d0,2026-02-12,CUST-467651,49,18,191,21,48,20:00-22:00,Spotify,62.5,0.63,No,0,28,Maps,1.16,6,96.1,2,No,5.06,Multiple,Germany
fed70ffb-c4cf-497f-a9af-fae5536c7cdd,2026-05-14,CUST-385034,154,13,28,23.9,31,18:00-20:00,Spotify,58.1,0.89,No,0,23,News,1.22,39,96.19,4,No,10,Multiple,N/A
0a035409-5775-4989-9b2c-6b15ffc0cd6b,2025-11-14,CUST-801499,174,11,39,6.84,33,20:00-22:00,YouTube,92.66,0.23,Yes,0,8,Gaming,0.86,17,97.35,0,No,3.72,Single,N/A
c83059fc-1c00-4eaa-813f-e433e1b78b54,2026-04-04,CUST-760713,54,9,80,36.86,23,12:00-14:00,YouTube,87.3,0.83,No,4935,41,Streaming,1.7,22,95.05,3,No,7.07,Multiple,N/A
875587fd-6747-4604-bf19-79e69eed79c7,2026-07-13,CUST-345065,168,2,78,43.24,22,20:00-22:00,None,73.37,0.89,No,0,59,Gaming,1.03,48,98.59,1,No,5.35,Single,N/A
801e75e6-2a82-4956-b862-7a87f7d8525f,2026-05-04,CUST-425589,128,24,183,32.21,50,12:00-14:00,Netflix,80.17,0.27,No,7691,37,Social,1.77,20,99.5,2,Yes,9.82,Single,N/A
41c73464-2068-4808-be96-71257060942f,2025-12-20,CUST-448124,193,14,84,1.52,31,08:00-10:00,Netflix,67.9,0.18,No,0,37,Gaming,1.21,55,96.21,3,No,6.67,Single,N/A
1c09409b-b48e-4337-9cb1-7df28303314e,2025-09-02,CUST-930720,54,29,140,28.46,43,08:00-10:00,Spotify,38.92,0.76,No,0,10,Maps,0.7,26,97.55,2,Yes,7.38,Multiple,N/A
119e99e6-b2e5-436c-8801-6eae9388bbba,2025-09-06,CUST-680443,274,5,177,21.02,40,08:00-10:00,None,13.69,0.78,No,2493,52,Social,1.11,43,99.57,0,Yes,0.04,Single,N/A
313768d6-701b-42d1-a976-9cd43af51a7c,2026-04-22,CUST-459129,120,46,165,0.67,42,12:00-14:00,Netflix,65.01,0.54,No,0,37,News,1.41,21,99.1,2,No,3.3,Single,N/A
6501f9f4-b010-46a8-9fc0-2d3e0a9f3244,2026-05-08,CUST-392761,200,25,131,45.78,39,12:00-14:00,Spotify,78.42,0.35,No,0,5,Gaming,0.94,51,96.88,1,No,2.8,Single,N/A
03633077-ba23-4185-bbc3-4eadc9eaa688,2026-01-02,CUST-688413,238,13,48,18.82,11,20:00-22:00,Spotify,64.63,0.11,No,4087,52,Maps,1.69,30,99.02,0,Yes,4.92,Single,Mexico
560e075d-7379-4277-98b1-7b27968b5839,2025-08-15,CUST-825875,113,38,92,25.4,28,20:00-22:00,YouTube,50.43,0.63,No,0,7,Productivity,1.17,30,99.9,0,No,5.61,Single,N/A
e457fe45-8322-43fc-8288-d3b9d7cbdabb,2026-07-23,CUST-565441,31,40,50,11.67,12,20:00-22:00,YouTube,78.26,0.8,Yes,0,9,News,1.95,38,96.03,3,No,5.22,Multiple,N/A
e7a5d357-76e2-4873-972e-f28389e5cf49,2026-02-07,CUST-991125,61,4,72,48.3,31,20:00-22:00,YouTube,11.25,0.37,No,0,31,News,0.69,5,96.65,1,No,0.28,Single,N/A
4822a913-8b0e-4279-b714-84b8cd792730,2025-10-19,CUST-384047,87,35,56,2.47,33,08:00-10:00,YouTube,56.3,0.24,No,3980,1,Gaming,1.14,56,99.56,1,No,2.54,Multiple,N/A
fbf863ca-9dad-4f69-8aa6-bcefb6ae8153,2025-12-20,CUST-538356,156,47,191,19.3,45,20:00-22:00,None,98.98,0.72,No,0,26,Streaming,0.62,16,97.43,1,No,6.68,Single,N/A
b0bfa9ce-8bb6-4495-8001-96216413c6e8,2026-03-01,CUST-602169,179,2,74,42,30,18:00-20:00,YouTube,16.62,0.86,No,0,59,Streaming,1.47,39,96.19,5,No,1.51,Single,N/A
be02b93c-363d-4345-87b7-bec2aeaa9fca,2025-10-11,CUST-630470,235,21,77,49.79,31,20:00-22:00,None,40.4,0.64,No,0,16,Social,1.03,51,98.16,0,No,3.46,Single,N/A
a1bcd803-1d19-44f6-a289-5dd99a05791b,2026-06-04,CUST-544067,190,47,16,30.3,11,12:00-14:00,YouTube,17.94,0.33,Yes,0,24,Streaming,1.93,37,98.86,1,No,3.64,Single,Germany
9d0e1ed6-ef7e-43d9-9c25-15c85634ace9,2026-05-19,CUST-887653,165,37,43,31.58,44,12:00-14:00,None,83.26,0.8,No,0,8,News,0.64,58,96.6,4,No,6.13,Single,N/A
30711c44-76fd-43f6-9e15-70b8d23c9011,2025-09-02,CUST-385796,211,35,77,26,23,20:00-22:00,YouTube,95.36,0.67,No,0,19,Gaming,1.14,20,96.78,2,No,6.61,Single,Germany
75499edf-f701-47b4-aae1-e077eb223dd1,2025-08-08,CUST-673284,114,22,59,23.74,11,18:00-20:00,Netflix,16.75,0.17,Yes,4210,50,Gaming,1.78,5,99.1,3,No,5.48,Single,N/A
1de40e4b-cc79-44c6-9e54-ec9f2cf324b3,2025-08-26,CUST-486892,266,9,107,34.34,12,20:00-22:00,YouTube,84.83,0.11,No,0,28,Maps,0.82,22,95.72,2,Yes,5.09,Single,N/A
e4977490-cd30-4485-aef9-3ab15ac33878,2026-02-01,CUST-365770,69,17,104,28.24,45,12:00-14:00,None,63.63,0.52,No,0,41,Social,0.78,38,98.49,4,No,9.41,Single,N/A
f60ebbcd-04e0-4e4a-8d50-de9be7a6382e,2025-08-30,CUST-789859,93,47,93,27.33,34,12:00-14:00,YouTube,26.07,0.66,No,9829,6,Maps,0.79,26,99.73,1,No,0.34,Multiple,Japan
da9091c6-a14c-4d90-a836-38f980fec7d2,2025-08-02,CUST-942626,241,14,9,27.52,15,08:00-10:00,Netflix,26.87,0.69,No,0,13,Productivity,0.51,55,96.17,5,No,1.55,Single,N/A
e498aab9-1090-43d9-9a23-f8eb9d718653,2026-02-26,CUST-777946,264,3,172,31.29,12,20:00-22:00,None,85.73,0.42,No,0,30,Gaming,1.2,51,95.12,3,Yes,9.04,Single,N/A
34e96545-c3c2-4b58-9278-48f16e8b11b7,2026-06-06,CUST-995846,63,18,84,28.47,39,18:00-20:00,YouTube,22.52,0.43,No,0,38,Productivity,1.49,29,97.49,2,No,9,Single,N/A
2dd5a11f-0ba8-4197-bf8f-1bab93eae93f,2026-01-10,CUST-367436,237,23,100,42.83,25,20:00-22:00,None,37.24,0.76,No,0,58,Productivity,0.63,55,95.01,2,Yes,4.72,Multiple,N/A
68acaee7-a3bf-4c9b-8652-b6b67455380c,2026-03-31,CUST-941411,121,42,117,21.08,16,18:00-20:00,YouTube,20.52,0.14,No,0,36,Social,1.31,38,97.8,1,No,7.61,Single,N/A
26b7b5d5-3a74-4d20-a06e-a27001351772,2025-10-26,CUST-610248,261,15,177,1.13,48,08:00-10:00,Netflix,46.91,0.2,Yes,0,46,News,1.05,13,97.48,1,No,0.58,Single,USA
eb8ecefd-9167-40bf-ba3c-3c78980e9375,2025-11-16,CUST-224804,21,44,26,48.14,7,20:00-22:00,Netflix,18.09,0.15,No,0,54,Gaming,0.76,23,99.83,4,Yes,3.47,Single,N/A
e4cdbc43-4c72-497a-954a-2453897d4ab3,2025-08-13,CUST-992432,95,37,144,22.35,29,20:00-22:00,None,77.98,0.65,No,8640,23,Social,1.11,25,97.05,4,No,1.38,Single,N/A
334d1b5e-d17f-4c84-9b64-e87e74d56161,2026-06-05,CUST-975929,289,35,160,21.22,41,20:00-22:00,None,95.18,0.86,No,0,2,Streaming,1.89,39,98.6,3,No,8.85,Multiple,UK
abb79cdb-664d-4fe2-962a-38d8d33d66a6,2026-03-17,CUST-444534,174,2,111,8.54,16,12:00-14:00,Spotify,90.29,0.9,No,0,27,Streaming,0.82,40,98.82,0,No,6.5,Single,N/A
0bcac0c5-9d39-4c6c-be4f-6f53d853df4b,2025-11-07,CUST-541901,145,35,100,48.36,47,12:00-14:00,YouTube,7.83,0.43,No,5762,27,News,1,26,97.54,2,Yes,8.57,Multiple,N/A
c37c3e48-99b5-4046-943a-3d3bb6e69af7,2026-01-23,CUST-112921,231,29,35,8.36,15,20:00-22:00,Netflix,87.54,0.38,No,0,9,Social,0.8,11,97.62,4,No,9.16,Multiple,N/A
1cacf98a-c4a5-44be-85c4-596ebfa062f0,2026-04-10,CUST-338650,55,29,117,26.06,6,20:00-22:00,Spotify,65.66,0.52,No,0,21,Maps,0.94,54,95.28,1,No,4.51,Multiple,N/A
9113d47f-a9f5-401c-990e-1b00cc010979,2025-08-03,CUST-577721,259,5,151,22.92,20,08:00-10:00,None,68.45,0.65,No,0,49,Productivity,0.71,11,95.35,1,Yes,1.82,Multiple,N/A
95fdce47-0cab-49bd-ac51-7fdd4db005f7,2026-05-31,CUST-717732,29,40,142,21.39,49,20:00-22:00,None,48.41,0.49,No,3189,58,Productivity,1.74,21,97.88,3,No,5.51,Single,N/A
a9292f46-1315-4d78-ac1a-376627ed356b,2025-10-14,CUST-504719,144,14,100,33.4,35,12:00-14:00,None,9.31,0.46,No,9695,4,Gaming,1.82,11,99.14,1,Yes,2.28,Multiple,N/A
6896c7c3-04b6-4671-9816-fc19cea4ecaa,2025-11-21,CUST-887180,179,25,23,6.37,48,20:00-22:00,Spotify,48.23,0.88,No,5408,56,Streaming,0.89,8,96.9,2,No,8.26,Single,USA
cd9dd0d3-9031-49b3-aeb0-a09885c7e21e,2026-04-22,CUST-446561,248,12,81,30.07,16,18:00-20:00,Spotify,5.28,0.1,Yes,532,48,News,1.65,8,98.07,2,No,6.21,Multiple,N/A
9f70314a-be25-4b33-91b8-85cd093243dc,2026-01-08,CUST-665265,221,6,178,26.24,49,08:00-10:00,None,51.51,0.51,No,0,46,Maps,1.42,48,97.29,2,No,2.48,Multiple,N/A
523a02c5-8395-4348-bba9-c9eb09b510ae,2026-03-24,CUST-486053,172,13,84,22.58,28,20:00-22:00,Netflix,10.97,0.35,No,0,15,News,1.28,47,97.14,2,Yes,6.66,Single,N/A
d39f9778-a06f-44f6-abc8-7e0c4e20c6ed,2025-08-11,CUST-227230,287,25,71,27.08,19,12:00-14:00,YouTube,50.47,0.85,No,0,14,Streaming,1.08,18,95.66,2,No,1.91,Single,N/A
88e353f2-7a60-4e18-8668-2992a9fa827b,2025-10-15,CUST-262069,232,15,69,11.13,25,18:00-20:00,Spotify,25.27,0.23,Yes,0,60,Productivity,0.53,11,99.78,5,Yes,8.29,Multiple,N/A
6a627f6d-b42f-4da0-bf20-d5a8f77aeef7,2025-11-03,CUST-741702,271,48,176,13.32,10,20:00-22:00,Netflix,72.43,0.14,No,2279,13,Streaming,0.87,49,96.08,0,No,2.98,Multiple,N/A
45ba2b3a-2fa6-4154-97c1-6e72c6e7f373,2026-03-23,CUST-760594,178,32,183,28.37,25,08:00-10:00,Spotify,92.22,0.17,No,1733,9,Social,1.96,37,95.06,4,No,0.55,Single,N/A
7f01177c-95e2-411a-8a54-0ba722b53b4f,2026-07-11,CUST-563657,258,22,58,18.38,15,18:00-20:00,Spotify,87.42,0.45,No,0,22,Streaming,1.72,57,96.31,0,No,4.01,Single,UK
979f6c87-f439-434d-9d60-69bc98d1baf9,2025-08-05,CUST-543545,20,30,180,35.61,36,08:00-10:00,Spotify,92.12,0.62,Yes,0,14,Social,0.88,47,98.24,2,No,9.9,Multiple,N/A
602e2e01-4f2d-4e6b-a48f-e331f97d80cc,2026-02-11,CUST-898933,265,32,55,12.87,36,08:00-10:00,None,79.8,0.46,No,0,55,Social,0.92,41,95.99,3,No,6.75,Single,N/A
1129a633-f94d-4ff7-8171-52adc8517765,2026-05-30,CUST-307318,53,8,174,21.48,28,18:00-20:00,None,53.25,0.59,No,0,50,Streaming,1.75,48,99.22,1,No,5.75,Single,N/A
b78f9479-a4d0-4c93-bbed-4b091b64a7a9,2026-05-26,CUST-821382,293,13,178,1.03,30,12:00-14:00,Spotify,12.38,0.12,No,0,57,Social,1.78,20,99.46,2,No,9.54,Single,N/A
8a71d0e8-3e8a-4e77-9acc-6b9cebe6e438,2025-10-29,CUST-182897,176,30,142,39.45,8,20:00-22:00,Netflix,49.8,0.46,No,0,16,Streaming,0.51,52,99.44,1,No,6.67,Single,N/A
30919782-ccff-4a3c-8a88-847f4cb39bbe,2026-03-03,CUST-867791,158,33,16,47.44,39,08:00-10:00,None,43.57,0.45,No,0,7,News,1.7,11,96.37,3,Yes,4.02,Multiple,N/A
aeeba1ea-69b9-4c02-8302-5f6fbb1da999,2026-05-18,CUST-158547,194,21,136,24.51,22,08:00-10:00,None,75.48,0.8,No,0,20,Gaming,1.26,7,98.07,1,No,0.57,Multiple,N/A
a4bce204-43f3-4934-b9af-955a8419ecd9,2025-10-27,CUST-699444,86,22,150,2.06,13,12:00-14:00,None,97.65,0.29,No,0,45,Streaming,1.3,12,99.72,4,No,1.81,Multiple,N/A
4187a823-1892-4c35-b64d-f2f539fdfce4,2026-02-08,CUST-253664,15,31,114,26.07,25,12:00-14:00,YouTube,14.22,0.27,No,0,47,Streaming,1.35,13,99.67,1,Yes,9.51,Multiple,N/A
1c0da7c8-70bc-413c-b025-8d41f755af91,2025-09-22,CUST-650733,170,9,32,17.94,24,20:00-22:00,None,86.92,0.7,No,5699,36,Productivity,1.84,37,96.63,4,No,1.8,Multiple,N/A
62bd3289-2374-4d7e-b675-553692acdb0d,2026-02-19,CUST-278590,138,23,14,2.47,27,20:00-22:00,YouTube,97.88,0.53,No,0,59,Maps,0.53,26,95.46,3,No,3.89,Multiple,N/A
94a8adf1-8235-437e-bc00-da40e977db5d,2025-12-18,CUST-970528,184,12,128,44.8,35,18:00-20:00,Spotify,23.84,0.33,Yes,3509,1,Productivity,1.41,11,98.52,4,No,1.58,Single,N/A
60a267a2-b70c-459d-acff-324a1ac4585e,2026-01-17,CUST-327121,100,36,133,9.48,34,08:00-10:00,Netflix,47.51,0.8,No,0,42,Maps,0.91,54,95.17,0,No,4.4,Multiple,N/A
c1dfe4a0-7cc6-43fc-8497-a318c1f97b0f,2026-04-30,CUST-715737,191,25,63,12.92,36,20:00-22:00,Spotify,63.37,0.62,Yes,0,45,Productivity,0.84,54,96.41,1,No,8.25,Single,N/A
e413e0b4-9f6b-4906-8c07-b59b98b92563,2025-11-19,CUST-939352,253,3,76,4.4,45,08:00-10:00,Netflix,56.79,0.27,No,0,46,Streaming,1.62,29,99.09,0,No,0.38,Multiple,N/A
4325cdcc-0f5c-4190-aa10-6c0993177350,2025-11-22,CUST-165673,108,19,191,41.75,42,08:00-10:00,None,30.1,0.33,No,0,40,News,0.7,10,99.39,2,Yes,6.67,Multiple,N/A
1ada5058-620e-4135-b44a-11ebd9ec7da9,2026-04-20,CUST-476189,190,9,171,14.41,26,12:00-14:00,Netflix,68.24,0.65,No,0,29,Maps,1.02,37,98.95,3,No,9.49,Multiple,N/A
fa6a44c1-b748-4dbc-be9c-94e1210e2882,2025-08-06,CUST-297803,40,16,117,39.36,29,08:00-10:00,YouTube,64.45,0.88,No,0,19,Social,1.85,29,96.31,0,No,3.82,Single,N/A
93db1572-ddc5-4bec-ae50-f8a39ddd30c5,2026-01-10,CUST-434759,277,40,36,2.19,18,08:00-10:00,Spotify,34.5,0.82,No,0,38,Maps,1.85,11,99.52,1,No,8.02,Single,Canada
19f94541-13a8-47a4-845e-f90526f6c6b0,2026-07-24,CUST-692376,207,16,141,21.91,7,20:00-22:00,YouTube,58.92,0.52,No,9288,3,Streaming,0.83,42,97.51,0,No,5.81,Multiple,N/A
23f01e01-a4b4-4b72-ab58-0da108c9caa2,2026-07-18,CUST-646551,295,15,183,27.06,21,20:00-22:00,None,34.23,0.12,No,4874,40,Social,0.91,28,96.8,3,No,0.76,Multiple,N/A
2958c074-bb06-4c66-9f8e-e5a7e72d91f1,2025-11-16,CUST-562493,253,6,158,5.13,21,20:00-22:00,Spotify,10.12,0.38,Yes,0,32,Social,1.43,27,97.17,4,No,6.8,Single,N/A
37dcf2a3-1120-441b-82eb-a3969412b663,2026-04-09,CUST-889628,296,20,43,44.25,50,20:00-22:00,Netflix,22.2,0.2,No,235,54,Gaming,0.52,43,97.96,4,Yes,0.9,Single,Japan
6f8cc8d4-c145-4655-9ddf-e6f72b19af5d,2025-11-22,CUST-516430,221,27,23,39.4,7,18:00-20:00,None,87.35,0.47,No,0,1,Streaming,0.87,24,96.2,0,No,3.13,Single,N/A
86ba7eb3-aa05-428d-970c-1173a55e895f,2025-11-26,CUST-957372,277,30,86,24.66,48,08:00-10:00,None,53.16,0.75,No,0,25,Productivity,0.77,6,97.22,4,Yes,5.32,Multiple,N/A
78acde9f-5d89-407f-bd57-2fbd29ca6714,2026-07-06,CUST-425527,37,34,55,18.08,22,08:00-10:00,YouTube,46.76,0.72,Yes,0,47,News,1.52,8,99.95,0,No,1.35,Single,N/A
79c4f8b7-eeaf-42ce-9196-60f2d82dca0a,2025-12-01,CUST-630319,218,15,26,38.59,47,18:00-20:00,Spotify,85.62,0.69,No,0,1,Social,1.6,26,99.23,3,Yes,8.35,Multiple,N/A
938a0861-f202-49b1-9399-db76bb92b6e7,2026-04-03,CUST-764029,5,49,61,38.05,19,12:00-14:00,Spotify,95.13,0.39,No,0,9,Maps,0.92,32,95.71,0,Yes,1.74,Single,N/A
1d66860a-d03d-4401-8fe9-762fe906f0be,2025-09-16,CUST-109542,165,24,199,5.79,26,12:00-14:00,Spotify,63.54,0.36,No,0,12,News,0.6,51,97.91,2,No,9.92,Single,N/A
6025b1de-8a87-4eeb-b2d3-0d3343cf8de1,2026-05-27,CUST-141359,144,13,197,40.76,15,08:00-10:00,None,59.36,0.38,No,0,46,Streaming,0.52,20,97.42,3,Yes,6.72,Single,N/A
3ccd28bc-be25-46be-bd42-130e82118eb0,2025-12-27,CUST-338085,149,47,189,35.49,11,12:00-14:00,Spotify,27.67,0.61,No,0,7,Streaming,1.93,60,98.12,5,No,4.94,Single,N/A
999102e9-077a-4975-87b8-c0c3a00492f6,2026-05-17,CUST-295301,48,31,25,47.45,27,18:00-20:00,None,15.79,0.61,Yes,0,19,Productivity,1.25,57,98.61,1,No,8.78,Multiple,N/A
ef029c98-294d-44a7-b840-bea30d4b72ae,2026-05-21,CUST-452376,155,32,61,7.56,13,18:00-20:00,Netflix,70.24,0.29,No,0,43,Gaming,1.34,33,97.39,2,No,9.12,Multiple,N/A
13ce04ba-e569-4e2f-8024-b5b82464d91f,2025-10-15,CUST-411905,43,50,138,12.87,26,20:00-22:00,None,76.97,0.13,No,0,14,News,1.49,12,96.72,1,Yes,2.7,Single,N/A
7515d37d-5105-40b6-8ae3-3532444f2509,2026-01-28,CUST-533541,118,47,18,16.28,13,18:00-20:00,Netflix,51.13,0.7,No,0,20,Gaming,1.64,57,96.4,3,Yes,8.72,Multiple,N/A
dd9ac1a1-449b-46b1-8dae-dd769a945ba8,2026-06-24,CUST-679395,257,15,198,17.21,39,12:00-14:00,None,35.36,0.64,Yes,0,4,Streaming,1.02,56,98.95,2,No,8.02,Single,Japan
3aa56b3b-74ae-43f4-8fde-a614a8a26a3d,2026-07-08,CUST-247916,179,12,32,33.92,19,20:00-22:00,Spotify,86.65,0.84,No,0,4,Productivity,1.96,39,98.24,5,No,0.49,Single,N/A
624bc89e-325e-4022-9f69-f8ece22827d9,2025-12-23,CUST-443070,44,14,66,15.84,24,20:00-22:00,Netflix,41.21,0.27,No,0,29,Streaming,1.17,49,99.7,3,No,8.08,Single,N/A
3bccdda2-a69c-4e33-9591-d8b0348b10c8,2026-06-13,CUST-103092,196,13,89,4.83,41,08:00-10:00,Spotify,67.34,0.66,No,0,25,Social,1.25,60,99.04,1,No,7.76,Single,N/A
65b19ad7-621e-4de0-ae0a-ac9d6c704979,2026-07-20,CUST-980179,243,36,35,44.83,36,08:00-10:00,Netflix,67.03,0.25,No,0,32,Streaming,1.45,6,99.58,1,No,3.01,Multiple,N/A
4960468d-74d1-4c35-b2ad-43e05ebfe839,2026-03-28,CUST-630111,61,7,42,12.32,7,08:00-10:00,YouTube,13.58,0.12,Yes,0,3,Social,0.58,55,96.91,4,No,7.43,Single,N/A
9587d4d1-ee0b-4629-9f54-49ef7528f3e4,2026-02-24,CUST-699167,226,20,129,12.55,47,12:00-14:00,Spotify,12.37,0.21,No,0,51,Social,1.68,34,98.62,3,No,6.73,Single,N/A
ac3ecfdd-401c-4965-a53f-d90d38252db6,2025-09-11,CUST-424924,103,19,50,42.68,21,12:00-14:00,Netflix,39.69,0.87,No,0,0,News,1.32,26,99.96,2,No,7.14,Multiple,N/A
5d2eac19-b3d0-46b4-ba4e-cfdc181c77bd,2026-01-20,CUST-263437,7,27,34,20.51,29,12:00-14:00,Netflix,58.31,0.56,No,2033,18,Social,0.54,50,99.85,1,Yes,5.9,Multiple,N/A
346a9f6d-b6ab-4cd4-8182-e5d0f4e9e605,2026-05-02,CUST-434584,204,22,20,6.97,36,20:00-22:00,None,70.51,0.24,No,0,17,News,1.95,42,98.26,4,No,9.71,Single,N/A
a331c308-22d5-436c-98c0-bfb99cf813c8,2026-03-16,CUST-791604,291,28,148,14.07,31,12:00-14:00,None,57.42,0.83,No,0,6,Social,1.65,14,95.9,1,No,0.89,Multiple,N/A
888f54c4-e93b-47c0-9181-0612f79c22ba,2025-08-21,CUST-413145,112,19,72,25.52,27,08:00-10:00,Spotify,16.09,0.7,No,0,40,Productivity,1.84,8,98.67,1,No,2.74,Single,N/A
1af77c83-73ef-47b6-b44b-786e6d95d3d5,2026-06-04,CUST-165156,58,43,125,48.91,42,20:00-22:00,YouTube,95.06,0.3,No,0,28,Social,0.86,31,98.09,1,No,0.25,Single,N/A
8e8e3a06-19c8-45cd-a14d-964b96088990,2026-03-11,CUST-379198,297,4,46,48.37,30,18:00-20:00,Netflix,24.96,0.5,No,0,42,Streaming,1.53,33,96.63,3,No,5.47,Single,N/A
f4b92fad-d49f-4945-b7df-13cfa38f3160,2026-03-09,CUST-488560,76,19,191,7.74,32,12:00-14:00,Netflix,54.16,0.35,No,0,24,Streaming,1.14,23,95.98,3,Yes,1.3,Single,N/A
51bb433b-64a7-45fa-abed-b85c24b7f8a2,2026-04-05,CUST-418525,265,1,17,15,34,12:00-14:00,Spotify,74.04,0.18,No,1048,42,Social,1.94,45,96.36,5,Yes,7.05,Single,N/A
d81a022c-07bb-42f3-9046-2d541420b501,2026-03-27,CUST-828009,128,1,132,41,36,20:00-22:00,Netflix,14.83,0.61,No,0,33,Social,0.97,46,97.69,3,Yes,1.98,Multiple,N/A
7c06d0c6-aedc-491b-80d5-6da66c17a8e9,2025-09-12,CUST-484168,228,39,10,16.61,34,18:00-20:00,None,80.66,0.36,No,0,53,News,1.33,51,95.98,1,No,2.87,Single,N/A
16d7ec63-0128-4d50-929c-eaff78131462,2025-12-11,CUST-997309,115,13,50,16.34,28,12:00-14:00,Netflix,47.48,0.79,No,1428,56,Productivity,0.83,22,99.07,1,Yes,7.27,Multiple,N/A
357d2592-dcc8-4979-9011-59aca7e70289,2025-08-20,CUST-388241,238,33,100,1.67,35,20:00-22:00,Netflix,75.42,0.46,No,0,38,Gaming,0.86,46,98.22,3,No,3.43,Multiple,N/A
775efbea-aa80-406c-8bb0-55180a28006b,2026-02-18,CUST-543948,212,44,150,47.75,20,08:00-10:00,Netflix,14.76,0.25,No,0,11,Streaming,0.94,42,98.73,1,No,2,Single,N/A
ebbed422-8824-491e-bbca-2cce21b85a08,2025-07-25,CUST-481215,53,43,103,33.35,29,18:00-20:00,None,44.48,0.85,No,3085,38,Social,1.4,54,95.61,3,Yes,2.88,Multiple,N/A
df81fc03-efda-4406-a9f2-3a1ee19d888a,2026-06-17,CUST-764204,23,27,176,4.01,14,20:00-22:00,Spotify,90.14,0.48,No,0,51,Productivity,0.85,31,96.09,3,Yes,2.68,Single,N/A
0b0197c1-fff5-4b6c-8a7d-c7d66b114e18,2026-06-04,CUST-178685,94,24,31,37.67,15,08:00-10:00,Netflix,36.87,0.51,No,0,8,Productivity,1.06,10,99.1,3,No,5.74,Multiple,N/A
089eb271-9ddb-445e-9364-115b8c7014c6,2026-03-01,CUST-377631,197,42,114,42.88,39,08:00-10:00,Netflix,85.73,0.2,Yes,0,60,Streaming,1.66,38,95.2,0,No,2.15,Single,N/A
c1b77194-e085-45ca-91c7-e743aeb96280,2025-11-06,CUST-774665,145,38,54,11.04,41,08:00-10:00,Spotify,86.52,0.84,No,0,32,Gaming,1.4,50,96.12,2,No,5.3,Multiple,N/A
800bc743-f3e2-48b4-ad40-f1f0becd3ec3,2026-01-08,CUST-548795,261,29,199,49.67,19,08:00-10:00,None,7.72,0.49,Yes,0,49,Maps,0.65,13,99.04,1,No,8.86,Single,N/A
48ab0201-b362-4f39-9a9c-1dc98306640d,2025-10-08,CUST-807436,98,37,28,3.62,43,20:00-22:00,Spotify,23.36,0.86,Yes,0,50,Gaming,1.87,35,99.19,1,No,6.6,Multiple,N/A
d8332a4e-42b1-4919-967b-1f48b077bb03,2026-01-16,CUST-833348,38,47,13,38.77,20,12:00-14:00,YouTube,99.12,0.2,Yes,0,5,News,0.53,41,97.99,0,Yes,9.96,Single,N/A
50928ece-baa4-4195-80d2-d8d3cfac5d0a,2026-03-12,CUST-858637,178,28,196,37.72,21,20:00-22:00,Netflix,26.8,0.21,Yes,0,5,News,1.71,13,99.78,3,No,6.94,Single,N/A
af1dd536-dd60-4661-9828-e0b9c67357d5,2026-07-04,CUST-313974,215,24,64,45.81,13,08:00-10:00,None,17.32,0.64,No,0,50,Social,1.11,12,95.92,3,No,1.15,Multiple,N/A
74c632e1-d25b-46c3-9fff-09b36d115232,2026-02-06,CUST-366345,202,38,195,34.65,7,12:00-14:00,None,2.45,0.81,No,0,33,News,0.97,58,97.51,5,No,4.97,Single,Germany
d17789f7-6724-45ef-ab6a-03342df1cec9,2025-10-24,CUST-875592,259,25,3,33.51,23,12:00-14:00,Netflix,95.68,0.9,No,0,34,Productivity,1.78,53,99.45,2,No,5.59,Single,N/A
2cbed2ed-6d2f-4593-b2f8-f260db819ee4,2025-12-22,CUST-171937,143,31,63,11.41,32,08:00-10:00,Netflix,46.32,0.9,Yes,0,18,Maps,1.64,55,95.77,2,Yes,8.09,Single,N/A
21b68a4e-4110-4539-9de7-bf50d219c76c,2026-01-31,CUST-224927,145,33,156,0.51,28,08:00-10:00,Spotify,56.39,0.33,No,0,6,Gaming,1.9,45,96.62,1,No,7.27,Single,Japan
357fdb2d-8518-4f92-bb22-1df3407096d5,2025-12-14,CUST-768601,47,29,178,7.76,43,18:00-20:00,None,98.92,0.65,No,0,34,Productivity,0.53,6,98.73,2,No,9.54,Multiple,N/A
2d8c1b4e-638c-4775-baa9-41823526a1b8,2025-10-04,CUST-618961,171,21,193,37.1,24,18:00-20:00,Netflix,66.12,0.31,No,1962,60,Streaming,1.62,36,96.67,3,No,5.48,Single,N/A
faef28ea-32e5-495a-8458-6e3fe448a094,2026-02-15,CUST-827649,249,20,141,8.4,46,20:00-22:00,Spotify,8.15,0.58,No,0,40,News,0.83,13,96.29,2,Yes,3.4,Single,Germany
06a8fe5a-7557-4f4e-a08b-33a29d803e84,2025-11-03,CUST-911053,193,10,63,48.76,28,20:00-22:00,YouTube,97.74,0.36,Yes,6233,6,Productivity,1.04,26,98.76,4,No,7.98,Multiple,N/A
475a7fd6-8ff0-4089-a652-cb5d5e6007c4,2025-09-05,CUST-181342,7,38,190,25.26,6,12:00-14:00,Netflix,10.14,0.14,No,0,39,News,1.8,9,96.85,2,Yes,9.47,Multiple,N/A
cf71779a-a5bd-483a-846a-54d31426e3b3,2025-09-12,CUST-209288,185,25,190,30.31,22,18:00-20:00,None,1.57,0.52,No,0,20,Productivity,0.88,60,95.24,1,No,2.46,Multiple,N/A
6f9c313f-cdc2-4d2e-b7c2-f28f413a93b5,2026-01-21,CUST-550184,188,36,9,44.51,23,18:00-20:00,Spotify,91.26,0.6,Yes,2999,30,News,0.52,24,97.53,1,No,1.15,Single,N/A
4707b832-5127-4332-9acf-6c6a85b60eee,2025-11-04,CUST-971194,113,11,48,30.92,21,12:00-14:00,Netflix,86.84,0.2,No,0,0,Maps,1.75,13,95.23,5,No,8.09,Multiple,N/A
0192085e-90ed-4015-a92c-57da82e88821,2026-07-09,CUST-678517,93,47,99,7.05,9,18:00-20:00,Netflix,89.79,0.36,No,0,18,Streaming,1.73,41,99.82,1,No,6.25,Single,N/A
37a6ca95-550e-4a66-8e9b-35029d949d2c,2026-07-24,CUST-821713,47,32,151,32.75,48,20:00-22:00,Spotify,43.86,0.43,No,0,56,News,1.96,23,98.77,3,No,7.91,Single,N/A
7aa237ea-73f5-41a1-b83f-0295ff4e96f3,2025-12-01,CUST-546112,211,42,117,44.53,38,18:00-20:00,YouTube,32.82,0.17,No,0,17,Streaming,0.61,33,97.28,1,No,9.96,Multiple,N/A
b13b4dbd-4309-4281-8e77-d3995b1383e9,2026-04-16,CUST-470196,260,26,64,11.04,35,18:00-20:00,YouTube,75.29,0.5,Yes,0,31,Social,0.73,43,98.52,0,Yes,5.43,Single,N/A
3da552dd-9154-4f2c-9f12-2f5c451b5249,2025-11-10,CUST-179825,56,1,155,32.25,20,18:00-20:00,Spotify,34.52,0.33,Yes,0,28,Streaming,0.8,43,98.25,3,No,0.95,Single,N/A
9baaee72-73b0-40f4-9eb7-2bb8857039fd,2025-11-30,CUST-655311,105,11,141,32.39,18,18:00-20:00,Netflix,30.55,0.52,No,0,25,News,1.06,38,95.09,2,No,0.15,Multiple,N/A
d3a8ba13-7412-4a87-afc5-81bc10e27642,2025-08-31,CUST-993001,144,2,65,26.88,17,08:00-10:00,None,11.73,0.28,No,0,58,Productivity,1.12,56,95.68,1,Yes,9.4,Single,N/A
a76c25fb-3fb1-4197-bc5b-8c8badfc0fbf,2026-03-03,CUST-501888,154,39,36,17.42,24,20:00-22:00,YouTube,51.39,0.39,No,0,51,Maps,1.25,35,96.7,2,No,0.43,Single,N/A
02397738-70aa-4e96-9924-d5968e431f45,2026-03-08,CUST-728600,68,1,137,18.02,30,20:00-22:00,None,69.39,0.23,No,0,42,Social,0.81,44,99.07,1,Yes,1.11,Single,N/A
46e87ae6-156a-46f9-aa83-791791bbe6f3,2025-12-16,CUST-732697,177,22,57,47.2,5,18:00-20:00,None,25.06,0.53,No,0,22,Maps,0.77,36,95.62,3,No,3.36,Multiple,N/A
46bdce28-9ebd-4c89-963c-db2fad35be1b,2025-11-07,CUST-314064,253,37,159,30.03,42,08:00-10:00,None,80.1,0.17,No,0,19,Maps,1.77,22,99.28,4,Yes,3.71,Multiple,N/A
e6611da1-ab1c-480c-a820-838f3465a126,2026-05-29,CUST-783750,11,10,123,36.97,32,08:00-10:00,Netflix,65.55,0.24,No,0,17,Maps,1.54,33,95.06,4,Yes,5.33,Multiple,N/A
5fb61edf-4798-4d08-8477-c36e4464dad5,2026-06-22,CUST-942573,8,46,44,28.83,43,20:00-22:00,Netflix,48.55,0.2,No,0,15,Maps,1.07,16,95.76,2,No,5.23,Multiple,N/A
a5678a38-62c3-4321-abcd-1e09f50cb193,2026-06-10,CUST-672118,256,24,74,42,37,08:00-10:00,Spotify,83.8,0.24,No,0,53,Streaming,0.99,21,96.38,0,No,3.68,Multiple,N/A
e945c276-c865-4d13-8dce-2d9eda76889e,2026-01-18,CUST-880772,80,26,177,13.05,10,20:00-22:00,Spotify,8.47,0.32,No,0,38,Social,0.63,56,95.97,1,Yes,7.23,Multiple,Germany
47938362-6718-471c-8e13-e04216c0c618,2025-07-30,CUST-988938,272,2,2,42.89,16,08:00-10:00,None,74.67,0.48,No,0,18,News,0.82,8,99.63,4,No,2.52,Multiple,N/A
05183974-03a9-4fe9-9eca-52d76a05b2d9,2026-06-08,CUST-887192,53,42,24,30.78,38,18:00-20:00,None,26.59,0.42,No,0,15,Maps,1.42,41,95.03,2,Yes,2.83,Single,N/A
7b7c1bc8-8fcb-4f63-8a84-312eb8544519,2026-03-17,CUST-611585,23,7,161,11.53,20,18:00-20:00,Netflix,7.83,0.76,No,0,0,Gaming,1.26,13,96.54,1,No,8.45,Single,N/A
ef6c0966-dd88-46c4-845e-ecff30612962,2026-05-20,CUST-364914,269,8,148,49.98,32,18:00-20:00,Netflix,65.66,0.8,No,4399,2,Social,1.43,28,97.92,2,Yes,9.44,Single,N/A
de39c954-838e-4a2f-a16c-7af6e2bba1b6,2025-11-11,CUST-588865,11,49,33,19.75,22,12:00-14:00,YouTube,16.31,0.11,Yes,0,16,Productivity,0.77,44,97.26,3,Yes,2.33,Single,USA
b1b39f30-4c4b-4a26-ba06-dced8952a2e9,2025-12-28,CUST-977626,298,42,125,43.61,35,12:00-14:00,None,87.53,0.43,No,0,53,Productivity,1.36,11,99.43,1,Yes,9.23,Single,N/A
a104e929-e0f7-4e54-94ec-c4244ce8c90f,2026-01-22,CUST-502099,131,38,57,6.96,22,20:00-22:00,YouTube,56.11,0.31,No,0,15,Productivity,0.92,17,99.34,2,No,5.31,Multiple,N/A
8793780d-771a-4365-a4cb-5642a7c6332c,2025-08-09,CUST-399886,278,7,98,25.04,40,20:00-22:00,Netflix,58.12,0.83,No,0,30,Productivity,0.52,40,98.75,1,Yes,1.27,Single,N/A
bc0c1580-16a7-4ca0-b2f0-3ccdef336c5c,2025-12-25,CUST-284892,53,39,113,16.79,30,20:00-22:00,Netflix,62.73,0.79,No,0,36,Social,0.96,43,95.28,4,No,7.07,Multiple,UK
a6b71045-836d-4f3a-a1ae-598e878c9f89,2025-07-30,CUST-256003,185,15,186,19.23,7,08:00-10:00,Spotify,47.83,0.73,No,3485,44,News,1.05,52,97.32,2,No,2.48,Multiple,N/A
22577372-db19-4ea2-86c6-dd75734a2cdf,2025-09-16,CUST-630918,37,30,179,14.66,45,08:00-10:00,Spotify,1.85,0.17,No,0,59,Productivity,1.52,56,96.43,4,No,5.19,Single,N/A
c4b002ea-1b43-4122-a6b0-77220b583344,2026-01-21,CUST-663068,37,5,33,34.63,40,08:00-10:00,Netflix,58.07,0.41,No,0,24,Maps,1.83,52,97.01,4,No,0.46,Multiple,N/A
28d4da36-985b-461d-94a5-a8020f9086ca,2025-11-07,CUST-692476,298,40,133,43.72,30,08:00-10:00,None,8.46,0.73,No,0,23,Social,1.33,60,95.1,1,No,2.14,Single,N/A
5e300c2f-af5b-4392-9536-7a97e67c467e,2025-09-18,CUST-700081,234,38,25,36.31,39,08:00-10:00,None,85.07,0.2,No,0,39,Productivity,1.46,6,99.05,2,Yes,2.71,Multiple,N/A
646bc851-2bd7-4511-bd38-74f46224b401,2026-03-04,CUST-227299,259,21,128,33.4,13,08:00-10:00,None,23.85,0.42,No,0,51,News,1.79,50,99.73,4,Yes,8.45,Single,N/A
b5cc3846-8bea-457a-a0c7-079ea54965b6,2025-09-20,CUST-120154,86,19,17,40.06,18,12:00-14:00,YouTube,3.13,0.73,No,0,26,Social,1.04,13,99.28,0,Yes,3.9,Single,N/A
0d0b1ee4-2366-4178-931a-e4d28078045a,2025-08-19,CUST-618659,186,7,2,14.6,24,12:00-14:00,Spotify,5.53,0.18,No,0,6,News,1.47,46,97.36,3,No,6.13,Single,N/A
e00386c7-a42a-4ff1-b396-414831fa9fa3,2026-07-20,CUST-550805,196,34,152,43.28,16,18:00-20:00,Netflix,75.84,0.57,No,0,12,Productivity,0.78,27,96.29,2,No,5.35,Multiple,N/A
a781a1b4-738b-4bfc-b28d-49bb2ad7f7c0,2026-02-27,CUST-289997,233,45,25,48.41,14,18:00-20:00,None,87.31,0.59,No,0,3,Social,1.06,45,98.81,4,No,2.49,Single,N/A
c997c2c2-c181-4e03-94cc-478f7587fe01,2026-05-04,CUST-777967,185,12,110,17.22,12,08:00-10:00,YouTube,0.51,0.82,No,0,10,Productivity,1.01,20,97.41,3,No,3.04,Multiple,N/A
304fe7d7-7ad6-4c74-8fcd-baa764ad3572,2026-05-20,CUST-517970,47,6,129,38.09,26,18:00-20:00,None,56.55,0.56,Yes,0,49,Streaming,1.85,15,95.79,3,Yes,7.2,Single,N/A
4483190e-759b-49c4-9897-d0fe42d9a430,2026-01-03,CUST-253302,81,22,27,19.08,41,12:00-14:00,None,50.21,0.32,No,5480,5,Streaming,1.82,39,99.87,4,Yes,1.17,Multiple,N/A
8f1013d1-040b-4d64-84e1-ecfef1e53758,2026-06-04,CUST-132191,207,17,88,25.71,24,12:00-14:00,Netflix,88.43,0.49,No,4505,50,Streaming,1,6,97.65,5,No,9.46,Multiple,N/A
e650f8ce-70e1-40ca-976e-728df6329f0c,2025-09-09,CUST-269554,31,15,91,42.06,17,08:00-10:00,Spotify,41.99,0.35,No,0,29,Gaming,1.66,35,98.34,1,No,9.57,Single,N/A
b8eacd87-cb66-4f4d-9655-fe756b14ae0e,2025-11-05,CUST-320315,204,42,126,6.09,7,18:00-20:00,None,10.11,0.21,No,0,4,Gaming,1.16,26,97.64,2,No,6.58,Single,N/A
f0e9900b-2f2f-4f61-9c2e-2c5168d518d6,2026-02-26,CUST-763393,57,14,70,15.58,20,08:00-10:00,Spotify,96.24,0.44,No,0,1,Productivity,1.98,36,97.74,2,No,1.74,Multiple,N/A
0b009d04-92f9-4515-9265-29b22bd4c1da,2026-04-30,CUST-720241,297,9,164,14.79,49,18:00-20:00,None,18.9,0.12,No,0,31,Maps,1.66,36,97.5,4,Yes,2.53,Multiple,N/A
b0c3d040-9a5e-4056-b144-5634d19f90a8,2025-08-08,CUST-257588,114,40,118,7.18,27,18:00-20:00,Netflix,27.93,0.17,Yes,0,9,News,0.88,28,96.59,1,No,1.04,Single,N/A
b306f96f-4894-48a1-b78e-c19b53718c5c,2026-05-29,CUST-813870,101,34,48,27,23,12:00-14:00,None,81.44,0.62,No,0,29,Maps,1.24,34,98.58,2,No,8.82,Multiple,N/A
65eb8026-61a3-4df7-8393-155566e14d77,2025-09-27,CUST-934227,250,27,115,23.94,24,20:00-22:00,Netflix,55.51,0.25,No,0,14,Streaming,1.25,52,97.06,3,Yes,1.57,Multiple,N/A
471a26ba-bcdb-4a08-b116-036cd17b2ebf,2026-03-15,CUST-239388,145,40,175,5.57,19,20:00-22:00,None,42.34,0.18,No,0,8,Maps,1.32,27,95.05,4,No,0.74,Multiple,N/A
d4b7c070-b9de-4907-8a67-34bc54c67ce6,2025-08-20,CUST-720606,223,48,90,20.44,29,18:00-20:00,None,55.47,0.73,No,0,25,Maps,0.7,13,99.82,2,No,1.51,Multiple,N/A
742de808-54b7-4615-a1da-366ba8382c19,2026-07-21,CUST-470054,125,30,103,18.16,40,08:00-10:00,YouTube,21.42,0.2,No,0,14,Social,1.04,38,95.75,1,No,2.13,Single,N/A
dd74c793-69c6-4525-a902-685cb0e888db,2026-07-01,CUST-477689,61,1,73,18.55,44,18:00-20:00,Spotify,49.9,0.88,No,0,33,News,1.42,46,99.86,5,Yes,5.2,Single,N/A
34ddded0-9734-44d0-b9ec-a7fcf59ed950,2026-05-30,CUST-247265,137,6,102,16.29,48,20:00-22:00,None,59.25,0.58,Yes,0,49,Gaming,0.72,37,99.41,3,No,7.1,Single,N/A
44358417-cd5d-4d25-b3bb-538a627b690e,2026-03-25,CUST-379502,48,47,175,31.98,6,12:00-14:00,None,65.11,0.82,No,0,50,Streaming,0.96,22,98.85,2,No,1.83,Single,N/A
fcff656e-747d-4276-a305-97ce7f4a1fcf,2026-07-11,CUST-765655,208,37,85,48.21,30,20:00-22:00,None,95.53,0.38,Yes,0,53,News,1.6,9,99.77,4,No,8.8,Single,N/A
bb677c1d-5d04-4cc3-a0f1-3411271ad200,2025-10-11,CUST-277465,249,41,180,29.63,19,12:00-14:00,None,99.82,0.75,No,2634,51,News,1.6,10,96.98,4,No,8.72,Single,N/A
1625f301-a872-48cf-a724-d2c007dd5f5b,2025-11-11,CUST-815706,187,35,163,13.43,33,08:00-10:00,None,46.71,0.58,Yes,0,37,Social,1.73,41,96.52,2,Yes,8.99,Multiple,N/A
91aca43c-d459-49a9-8e5a-457d88016ef3,2026-06-19,CUST-310983,96,17,129,32.11,27,08:00-10:00,Netflix,44.67,0.44,No,0,37,News,1.98,9,99.11,4,No,6.32,Multiple,Japan
2620b1a0-80d8-4544-be9e-38879092ac83,2025-12-11,CUST-659292,215,30,150,47.35,35,20:00-22:00,Netflix,35.72,0.55,No,0,42,Social,0.98,30,99.84,0,No,1.62,Single,N/A
a1f8434d-c2a6-486d-8ace-9234a4d436f7,2026-03-14,CUST-265529,8,37,73,25.03,30,20:00-22:00,None,1.89,0.35,No,0,56,News,1.35,29,99.94,3,No,4.21,Single,N/A
24333491-f372-45ab-bee9-a80c7fa26d2f,2026-05-09,CUST-546417,171,48,40,17.19,6,12:00-14:00,Netflix,50.73,0.64,No,0,15,News,0.99,38,99.38,2,No,1.33,Single,N/A
88e12de5-4d00-46ba-b2dd-5129b1ac6646,2026-05-14,CUST-248128,188,1,113,4.62,44,20:00-22:00,Spotify,5.56,0.11,No,0,42,Social,1.66,54,95.24,4,No,1.23,Single,N/A
17889090-4926-4066-8ecd-c08055a0e076,2026-04-17,CUST-761798,167,15,97,14.78,35,12:00-14:00,None,94.11,0.22,No,0,37,Streaming,1.13,26,96.52,0,No,8.28,Single,N/A
a72a1580-0bdd-4b20-8653-289ea7851bb4,2026-04-12,CUST-513988,267,48,158,17.1,49,12:00-14:00,Spotify,7.66,0.15,No,0,48,Gaming,1.1,11,98.47,1,No,8.65,Single,N/A
0aacaf07-76e2-473f-bc9d-481cf9a277db,2026-04-02,CUST-130369,19,49,42,16.72,47,20:00-22:00,Netflix,45.67,0.54,No,0,36,Social,0.94,44,95.02,3,No,1.47,Single,N/A
9f87c242-08b9-497e-8e63-0207a2f27f1b,2026-01-14,CUST-952930,73,7,93,10.67,32,08:00-10:00,YouTube,69.17,0.34,No,0,3,Productivity,1.69,11,95.2,4,No,9.35,Multiple,N/A
0b990418-557b-40cc-8dd2-dbad1d65aee5,2025-12-30,CUST-979527,115,10,58,2.12,31,20:00-22:00,Netflix,52.55,0.56,Yes,0,51,Streaming,1.72,14,95.59,3,Yes,0.46,Multiple,N/A
b4a51a5d-d285-4da3-b000-07a49b753b47,2025-12-24,CUST-465374,297,37,189,30.49,25,18:00-20:00,Netflix,85.06,0.51,No,0,49,Maps,1.09,26,98.05,3,Yes,2.26,Single,N/A
11e6dc42-a5a5-4b4b-b087-562d3c6e3bdf,2025-11-27,CUST-638754,80,10,144,22.37,50,12:00-14:00,Netflix,78.78,0.87,No,0,54,Gaming,1.25,20,96.64,1,Yes,1,Multiple,N/A
35e66eba-177f-477b-9e83-dd4d6071e583,2026-06-07,CUST-434621,176,35,181,20.1,14,08:00-10:00,None,19.07,0.47,No,1523,10,Streaming,1.77,24,96.59,3,No,2.48,Single,N/A
80c8d925-bc45-4a89-b931-fafdf485177f,2025-08-02,CUST-359626,175,10,1,19.07,11,18:00-20:00,YouTube,46.8,0.2,No,8103,55,News,1.09,37,98.84,3,Yes,1.08,Multiple,N/A
905b0c1c-6ad9-4603-be78-f8dd096a582e,2025-12-30,CUST-249171,14,4,36,20.11,7,08:00-10:00,Spotify,14.65,0.58,Yes,0,5,News,0.88,26,99.23,2,No,9.13,Single,N/A
3fb065c5-5016-4f07-9af7-938667099ed0,2025-11-04,CUST-913593,41,8,108,10.84,41,12:00-14:00,Spotify,17.48,0.82,No,0,21,Gaming,1.01,19,97.62,1,No,7.9,Single,N/A
f44c26c9-b8eb-42cb-907f-36b94c2ab075,2026-01-30,CUST-899040,72,19,24,8.39,23,08:00-10:00,Netflix,23.97,0.36,No,0,34,Gaming,1.45,24,99.8,2,Yes,6.85,Multiple,N/A
371d73fb-5b00-44ca-97b0-3b2a8765e545,2026-02-14,CUST-861580,165,22,40,9.68,47,08:00-10:00,YouTube,34.01,0.23,No,0,21,Social,1.25,34,95.4,2,No,2.42,Single,N/A
d4c31ce7-c703-40f6-bc59-ae11e6e3b415,2026-07-01,CUST-446659,25,33,130,35.43,39,20:00-22:00,Netflix,25.2,0.78,Yes,7416,52,Gaming,1.69,51,97.52,3,Yes,0.77,Multiple,Canada
943fb05f-2be0-418e-ab9a-cb722bf5c9bd,2026-03-04,CUST-806932,267,5,78,25.59,36,18:00-20:00,None,72.73,0.21,No,0,29,News,0.69,45,96.33,3,No,2.71,Single,N/A
fa316bcf-d444-4482-a8b5-4e3092362538,2026-07-14,CUST-112459,119,47,101,17.75,50,08:00-10:00,YouTube,27.62,0.15,No,0,24,Gaming,1.97,40,95.48,5,No,7.61,Single,Germany
7f2af27b-bbe1-423f-886a-0a133af1a4b4,2026-03-10,CUST-978194,124,1,178,28.68,39,18:00-20:00,YouTube,72.51,0.46,No,0,16,News,1.25,23,97.89,2,No,1.83,Multiple,N/A
b6bd2bee-51ac-41ce-a109-78b2ea61a69d,2026-02-15,CUST-868536,112,18,60,42.66,35,18:00-20:00,Spotify,42.65,0.27,No,0,38,Streaming,1.65,19,95.49,3,Yes,6.09,Single,Japan
196cca7a-20c1-41b4-af6c-72e69720083a,2025-12-13,CUST-524808,289,28,118,15.84,15,18:00-20:00,YouTube,90.72,0.32,No,0,46,Streaming,1.73,7,98.88,4,No,6.94,Multiple,N/A
636d7a3c-ec62-4752-adad-8b59a2c91d9c,2025-10-02,CUST-341005,160,46,33,39.96,26,20:00-22:00,Netflix,81.19,0.37,No,0,19,Social,0.89,25,96.39,0,Yes,6.85,Multiple,N/A
b78bf8ad-89f9-469b-aefc-0e3c4dd2d88d,2026-03-09,CUST-170100,86,22,113,6.94,8,12:00-14:00,Netflix,48.48,0.47,No,0,7,Gaming,0.95,55,97.62,5,No,1.19,Multiple,N/A
7fc6782e-3406-4ed5-8d9c-3b2adb9ba92a,2025-12-14,CUST-491249,66,49,147,49.99,46,12:00-14:00,YouTube,42.34,0.19,No,5775,3,Gaming,1.31,47,97.5,5,No,6.35,Single,N/A
d0a352b5-d56d-479b-8f05-6b30f2d8d6f2,2026-01-03,CUST-565518,241,45,35,22.03,47,08:00-10:00,Spotify,49.87,0.15,No,6826,44,Gaming,0.78,46,99.54,1,Yes,8.8,Multiple,N/A
964d4dab-1eac-481d-bf7b-e8c3d2080b3b,2026-06-28,CUST-609695,229,29,143,47.2,37,20:00-22:00,Netflix,70.54,0.88,No,0,35,Maps,1.98,31,97.1,2,Yes,4.04,Single,N/A
2066521d-db0c-48fe-b08f-df230c645357,2026-05-03,CUST-312205,117,13,130,49.22,28,20:00-22:00,YouTube,73.81,0.59,No,0,49,Maps,1.03,24,98.58,1,No,1.79,Multiple,Canada
aa612c4e-72cc-4cc9-b741-6d396b4a934b,2025-09-27,CUST-129369,277,44,67,48.11,23,18:00-20:00,Netflix,12.4,0.41,No,7473,45,Productivity,1.87,6,95.88,0,Yes,5.05,Single,N/A
07f70912-bd91-44fa-ac1d-c652834e3f74,2025-10-06,CUST-248407,29,25,83,12.23,34,12:00-14:00,Spotify,92.32,0.59,No,0,31,News,1.47,8,97.16,3,Yes,9.89,Single,N/A
c6880878-5a8b-439d-bc60-fc3e225991d3,2025-10-21,CUST-492221,25,38,92,24.68,23,18:00-20:00,YouTube,29.92,0.22,No,0,4,News,1.56,35,97.48,2,Yes,2.73,Single,N/A
0a1416d8-fc4c-4397-8bbc-fc3aa0b50211,2025-09-12,CUST-622728,33,46,194,42.02,33,08:00-10:00,None,36.4,0.7,No,0,6,Maps,1.79,6,97.59,3,No,9.73,Single,Japan
150ed68a-c7d5-4c12-8dbb-c100589e33a8,2026-04-29,CUST-573826,250,16,159,43.7,34,12:00-14:00,None,28.5,0.86,No,0,34,Gaming,1.69,40,95.65,4,Yes,5.09,Single,N/A
cb253ab8-c73f-4a7d-bbe2-98cc2137bae6,2026-05-30,CUST-187484,227,9,105,8.13,45,08:00-10:00,None,45.11,0.68,No,0,17,News,1.18,21,95.78,2,Yes,0.52,Single,N/A
1164bd76-38f2-41a6-b1cb-63e82a506a50,2026-07-12,CUST-841313,54,23,60,24.67,11,18:00-20:00,None,71.21,0.15,No,2054,38,Productivity,1.61,42,95.3,1,No,2.2,Multiple,N/A
693b170e-059c-45d6-9652-7dac5113219b,2026-07-05,CUST-443295,73,22,96,32.14,23,08:00-10:00,YouTube,61.54,0.35,No,0,15,Streaming,0.51,23,98.72,3,Yes,0.1,Multiple,Japan
aa292805-b763-423b-9bc1-0eb648f9c782,2026-04-17,CUST-517158,117,38,123,21.81,39,18:00-20:00,None,2.18,0.38,Yes,0,42,Productivity,1.62,39,99.97,1,No,1.76,Single,France
7e108e34-88a6-4a54-8ae9-24bf0cb9d273,2026-04-25,CUST-600264,139,30,69,25.56,23,12:00-14:00,None,48.91,0.7,No,0,27,Gaming,1.31,41,99.66,2,No,5.48,Single,N/A
1aae9588-4bb9-47d2-a93b-ff657284c2b2,2025-07-31,CUST-378975,25,24,176,20.72,29,20:00-22:00,None,78.42,0.36,No,0,7,Streaming,0.98,31,99.79,5,Yes,9.61,Multiple,N/A
fb0d0b75-d6eb-475d-9584-f0438604bb28,2025-11-26,CUST-359253,48,33,48,15.55,5,08:00-10:00,None,1.86,0.49,No,0,49,Social,0.75,48,95.14,4,No,6.44,Multiple,N/A
dc918b8f-fb8f-4a2c-bbf7-234aaf7ba8cb,2026-06-08,CUST-395504,176,49,39,37.5,44,08:00-10:00,Netflix,53.47,0.26,No,0,19,Streaming,0.6,11,97.43,3,No,7.02,Single,N/A
0979cbe0-0313-439e-886e-5f566c497d6d,2025-11-04,CUST-504778,291,38,116,17.87,32,12:00-14:00,Spotify,66.67,0.66,No,0,15,Streaming,1.34,51,97.28,4,Yes,3.48,Single,N/A
79e54aef-b421-41d5-9cb7-ad1e3199a8a8,2025-11-04,CUST-186571,241,24,2,7.52,38,18:00-20:00,Spotify,88.75,0.87,No,0,10,Maps,0.79,18,96.64,5,No,9.36,Multiple,N/A
31e9fe2a-f597-4f72-b87b-afe9c7255a92,2025-09-12,CUST-327586,250,24,29,1.38,7,12:00-14:00,None,16.47,0.32,No,0,60,News,1.72,32,95.16,1,No,0.64,Single,USA
352cddcb-8236-43af-8797-7da648a6087e,2026-07-14,CUST-838005,177,39,120,31.91,45,12:00-14:00,Netflix,49.27,0.34,No,0,38,News,1.13,32,98.35,4,Yes,0.54,Multiple,Japan
e8133f34-6b9b-40e5-85e7-0765c3c31e33,2025-10-23,CUST-595230,275,31,126,9,30,20:00-22:00,YouTube,47.64,0.67,No,8763,40,Maps,1.98,30,95.8,0,No,7.75,Multiple,Germany
670e207a-c2c7-4f3c-82cd-0d0f702b0508,2025-09-10,CUST-388138,183,18,164,15.05,44,18:00-20:00,None,81.25,0.9,No,0,13,Productivity,0.63,27,96.52,2,No,2.21,Multiple,N/A
3b3922d7-ae6c-4024-800a-a9d3b77c251c,2026-03-01,CUST-224281,37,12,156,3.58,41,12:00-14:00,YouTube,6.54,0.37,No,0,9,News,1.28,36,95.05,0,No,1.96,Single,N/A
ddeb4b1e-35ae-4b0f-aedf-6b14efd85355,2025-09-18,CUST-418210,259,23,177,6.16,20,20:00-22:00,None,82.21,0.8,No,0,38,Maps,0.66,37,95.3,3,No,3.35,Multiple,N/A
e53b4e46-5d93-401a-99c1-8bcf7cd0f7ab,2025-09-04,CUST-751421,206,12,41,45.86,5,08:00-10:00,None,50.82,0.73,Yes,7672,17,Productivity,0.54,32,97.58,2,No,9.23,Single,N/A
ec88ade9-72ea-4c66-8efe-6390e463fec1,2025-11-05,CUST-312175,167,49,32,37.2,7,08:00-10:00,Netflix,76.16,0.42,Yes,0,23,Productivity,0.84,14,98.49,2,Yes,6.46,Single,N/A
99fc71cd-78e7-483f-91c5-53763e15f68b,2026-06-04,CUST-791608,217,17,123,34.62,38,18:00-20:00,None,86.54,0.46,No,0,5,Maps,1.03,29,98.03,4,No,0.3,Single,N/A
2dc7f406-6b76-4c2a-a5b9-425935d004e9,2026-04-19,CUST-547886,263,14,55,0.65,38,08:00-10:00,Netflix,28.11,0.47,No,0,29,Maps,0.6,29,99.07,3,No,5.78,Single,UK
5c213521-7f40-4ee2-816c-52a716b0947b,2025-09-02,CUST-936645,117,17,43,26.82,46,18:00-20:00,Spotify,54.29,0.33,No,0,59,Gaming,1.7,25,98.59,2,Yes,3.9,Single,N/A
3dcc745e-ea15-4623-b453-4deb83cb88db,2026-01-25,CUST-598829,48,17,7,31.92,24,08:00-10:00,None,76.85,0.49,No,0,32,News,1.34,31,98.07,2,Yes,7.08,Single,N/A
20d1c4d7-bd28-46f3-ab51-af48148c4827,2025-10-22,CUST-591617,166,41,156,12.02,24,12:00-14:00,Netflix,72.94,0.7,No,0,31,Productivity,1.24,47,98.31,1,No,8.92,Single,N/A
8ad26773-c1d5-44af-b6f7-3244dc514630,2026-03-10,CUST-338183,124,31,35,37.38,37,20:00-22:00,None,43.68,0.32,No,0,59,Streaming,1.34,21,96.82,1,No,6.86,Single,N/A
cea24a8a-f913-463b-b11b-40ade1f53912,2026-03-21,CUST-796578,80,20,50,37.39,32,18:00-20:00,Spotify,59.69,0.79,No,0,13,Productivity,1.1,27,99.6,5,No,2.48,Single,N/A
bae099ea-e345-45b8-a787-c404437b876a,2025-09-16,CUST-701702,218,28,113,38.37,16,20:00-22:00,Spotify,50.55,0.89,No,0,50,Streaming,1.51,34,95.19,4,Yes,0.11,Single,N/A
95d0bc0d-5914-46c0-9282-c0a6e7311b73,2025-08-06,CUST-629504,41,31,58,9.27,12,18:00-20:00,Netflix,4.11,0.34,No,0,47,Streaming,1.9,24,96.28,1,Yes,3.7,Single,N/A
0df9f6bc-2510-47eb-9b29-d58f88d244a3,2026-04-03,CUST-347927,54,41,140,27.2,35,12:00-14:00,Spotify,49.58,0.81,No,0,59,Social,1.67,48,95.83,0,Yes,6.88,Multiple,N/A
12f5723c-2f82-4708-8686-fb1f554cc1bc,2025-08-29,CUST-810474,238,4,146,33.53,9,08:00-10:00,None,16.45,0.41,No,0,18,Maps,1.99,8,97,5,No,5.6,Multiple,N/A
04066d8b-5710-468f-9914-1fda8c45c2c1,2026-04-20,CUST-461117,165,25,8,27.31,31,18:00-20:00,Netflix,43.69,0.52,No,0,49,News,1.1,51,98.99,3,No,9.36,Single,N/A
292bd711-af69-4436-b852-0cd936b3970f,2026-02-12,CUST-616798,292,8,118,11.76,24,20:00-22:00,Netflix,19.35,0.33,No,0,32,Streaming,1.09,6,98.97,2,No,7.6,Multiple,N/A
b9ace01a-c928-427a-b3ed-649c6cec6687,2026-05-22,CUST-929730,49,7,118,39.5,10,18:00-20:00,Netflix,51.09,0.24,No,0,1,Social,1.75,33,98.88,3,No,7.27,Single,N/A
8e11f964-ead3-47b9-9348-ca3fc894dfb3,2026-02-20,CUST-600841,66,38,179,22.21,23,18:00-20:00,Spotify,51.54,0.43,Yes,0,38,Productivity,1.98,52,95.57,2,No,7.47,Single,N/A
27be7f22-6b2a-40a8-a1a1-961b8da69a23,2026-01-22,CUST-264256,278,20,57,46.74,35,18:00-20:00,None,83.09,0.53,No,0,23,News,1.38,41,97.37,2,No,8.57,Single,N/A
b677c9f3-2862-4a3c-ab10-043ed1299cad,2026-03-13,CUST-176875,262,9,24,1.4,22,08:00-10:00,Netflix,97.05,0.51,Yes,0,28,News,0.82,7,96.21,3,No,5.87,Multiple,N/A
76ffcd88-a499-4c6d-9a15-6afc5b341292,2026-05-01,CUST-133893,97,37,53,2.55,29,20:00-22:00,YouTube,84.98,0.81,No,0,42,Streaming,1.89,37,96.58,1,No,0.4,Single,N/A
4eb1f900-2e99-4319-87ed-6cdceff58d75,2026-01-24,CUST-366304,178,27,189,27.28,25,18:00-20:00,None,86.5,0.51,No,0,10,Maps,1.12,45,98.08,4,No,2.81,Single,N/A
bad5266a-e82f-4550-87d9-fbc952f2e47a,2026-02-13,CUST-185051,176,29,0,7.73,29,20:00-22:00,None,28.49,0.24,No,0,1,Maps,1.19,5,99.86,3,Yes,1.12,Single,N/A
b0cc460c-fc3a-4e71-8419-230f72301d91,2025-11-06,CUST-155994,293,43,14,8.91,38,08:00-10:00,Spotify,92.28,0.87,No,0,45,Maps,1.36,36,97.52,1,Yes,5.42,Single,N/A
237bf1ba-e33e-4aa3-b530-0b536375c603,2026-04-22,CUST-559049,24,36,15,33.21,48,12:00-14:00,None,56.14,0.55,No,0,50,News,0.8,40,99.23,3,No,6.11,Single,N/A
9805f9bc-fa5d-4291-88e0-94e8a903169f,2026-05-07,CUST-227397,223,40,88,17.74,8,20:00-22:00,Spotify,15.39,0.45,No,6697,21,Maps,1.6,56,96.24,2,No,1.66,Multiple,N/A
9ffebbec-2241-4e74-ae9a-817cf2b70978,2025-10-27,CUST-442383,228,33,82,28.3,22,12:00-14:00,Netflix,44.64,0.21,No,0,13,News,1.4,12,96.76,1,No,4.33,Single,N/A
4886d8c9-cfc0-4f30-89ba-5cf037a51dd4,2025-11-28,CUST-823492,105,16,192,47.57,9,12:00-14:00,Spotify,63.38,0.74,No,0,40,Gaming,1.09,48,96.89,2,No,8,Single,N/A
b9f78ca1-1018-42dc-962c-da89c47bf649,2025-10-09,CUST-938363,121,34,17,39.99,38,12:00-14:00,YouTube,39.86,0.2,No,2266,5,News,1.17,42,96.85,1,Yes,3.14,Single,N/A
cbeeea6c-17bd-450b-8750-1bd729b71d3b,2026-01-15,CUST-671435,158,39,83,47.48,18,12:00-14:00,None,38.66,0.57,No,0,27,Gaming,0.78,16,96.14,4,Yes,3.74,Single,N/A
cdd1dc73-e104-4158-9573-174f39f4abfa,2026-05-04,CUST-696869,149,25,114,1.5,50,18:00-20:00,Netflix,59.46,0.47,No,0,34,News,1.57,30,96.46,2,No,0.01,Single,N/A
cc25e97a-9ae4-46ed-9aca-e148941bcd3d,2026-03-02,CUST-101938,178,12,177,44.12,39,08:00-10:00,Spotify,26.14,0.4,No,0,20,Productivity,1.59,51,95.78,1,No,2.01,Single,N/A
e1dfa4d2-20ec-4c24-9133-857b51dc223d,2025-10-28,CUST-712317,123,49,156,40.47,27,08:00-10:00,Netflix,2.9,0.29,Yes,0,15,Social,0.83,20,98.33,1,No,9.11,Multiple,N/A
581a8ffc-487c-4ff6-9d01-3f90cbaffd5f,2026-04-18,CUST-187457,85,33,170,40.25,25,20:00-22:00,Spotify,29.94,0.38,No,0,9,News,1.9,5,96.52,3,No,2.71,Single,N/A
dfc87f72-53e7-472d-8dfe-d76457b2e09f,2026-01-13,CUST-304698,254,49,131,41.34,16,08:00-10:00,Netflix,35.11,0.7,No,0,13,Maps,0.79,36,95.07,4,Yes,9.91,Single,Mexico
b058fe6e-edc4-4d4e-8edf-be5c076c9fbd,2025-12-24,CUST-645447,39,22,69,27.7,17,20:00-22:00,Spotify,9.98,0.22,No,0,3,Productivity,1.71,51,97.81,1,Yes,8.17,Single,N/A
f420c318-d793-4b3b-a2ac-97bd03dad314,2026-06-10,CUST-249877,253,8,78,0.8,41,20:00-22:00,Netflix,91.6,0.42,No,0,38,Productivity,1.84,31,97.72,2,No,0.97,Multiple,N/A
1ebfa48d-2ce5-4e10-bb90-d7c87435c017,2025-11-16,CUST-599340,25,25,187,44.29,40,12:00-14:00,Netflix,61.81,0.29,No,0,58,Streaming,1.63,11,99.71,2,No,4.08,Multiple,N/A
a6087072-45c5-4e24-b462-550543abd600,2025-08-13,CUST-114444,160,40,144,14.96,16,20:00-22:00,Spotify,57.06,0.37,No,0,21,Social,1.39,48,99.68,3,No,9.41,Multiple,N/A
2f2c5177-0c5d-48b8-8114-573fb670d364,2025-08-08,CUST-371747,68,5,187,40.83,35,18:00-20:00,Netflix,22.42,0.47,No,0,53,Maps,0.63,39,96.34,2,No,0.5,Single,N/A
a7513bd8-aa03-4768-ac04-e4580363df46,2026-04-03,CUST-613996,90,42,189,10.6,39,08:00-10:00,YouTube,21.49,0.89,No,0,18,Gaming,1.29,35,96.59,3,No,3.46,Single,France
e416ebe4-8466-423b-baa5-92f9a52865b0,2025-09-27,CUST-441804,72,49,40,5.35,20,12:00-14:00,YouTube,50.97,0.4,No,0,25,Productivity,0.97,50,98.2,0,No,4.36,Multiple,N/A
85b68dbd-05e4-4232-b251-eef3d2dc6eef,2025-09-16,CUST-620350,223,38,60,22.53,36,12:00-14:00,YouTube,16.64,0.53,No,0,30,Gaming,0.64,34,96.79,3,No,1.01,Single,N/A
819e1da7-73ff-4328-a49b-f8dc99796b1f,2026-07-16,CUST-548279,164,15,3,11.94,45,18:00-20:00,Netflix,76.99,0.14,Yes,3220,23,Productivity,1.99,50,98.01,1,No,9.49,Single,N/A
5e51614e-8222-463a-9728-78157fd487ec,2025-12-08,CUST-318142,24,5,26,35.11,43,20:00-22:00,None,7.44,0.57,No,0,29,Maps,0.91,44,96.38,3,No,8.42,Single,N/A
3b92255a-57f2-4e83-8314-6e943514a13d,2026-06-20,CUST-829182,284,19,168,46.71,29,12:00-14:00,Spotify,45.7,0.25,Yes,727,4,Streaming,1.67,59,95.81,3,No,3.66,Single,France
78bbe94e-45f9-480d-b7f3-56631e36cd42,2026-05-21,CUST-284557,174,28,174,28.33,50,20:00-22:00,Spotify,15.31,0.47,No,0,45,Maps,1.12,27,96.71,2,Yes,0.73,Single,N/A
211f87cd-ef06-44e0-84ca-f0798fdeac62,2026-04-16,CUST-445258,293,27,199,0.67,33,12:00-14:00,Netflix,96.44,0.2,No,0,31,Social,0.79,8,97.96,4,Yes,4.62,Single,N/A
13577632-e72f-4fb2-8098-48b7fc86cc72,2025-10-04,CUST-648815,74,10,115,11.34,16,08:00-10:00,YouTube,44.41,0.13,No,0,60,Maps,1.92,11,98.1,0,Yes,7.4,Multiple,N/A
60d42d32-f77f-423c-9eb2-2fd9f1ba4f86,2026-02-26,CUST-865821,66,34,93,23.7,19,08:00-10:00,Netflix,45.68,0.82,No,6929,12,Gaming,0.51,35,99.48,4,No,1.68,Multiple,UK
72ebb010-ddd2-4d4c-b279-9f0405a472f6,2025-08-24,CUST-755393,159,24,42,45.36,15,20:00-22:00,YouTube,65.4,0.4,No,3208,6,Gaming,0.95,32,99.29,5,Yes,9.49,Single,N/A
47616858-f135-4645-b463-1ded52d99881,2026-03-14,CUST-445668,100,48,100,3.16,28,08:00-10:00,Spotify,11.88,0.54,No,3634,38,Productivity,1.24,6,95.59,5,Yes,6.65,Single,N/A
03b855d7-3a6a-479d-bfb2-61b00d6469fc,2025-08-06,CUST-780389,67,38,82,23.52,45,08:00-10:00,Spotify,72.49,0.42,Yes,0,16,Gaming,1.57,18,99.58,1,No,8.53,Multiple,N/A
f83f0501-b2cf-4fb6-a8e2-8b8705bf2e13,2026-07-09,CUST-869188,158,45,48,14.51,26,18:00-20:00,None,23.04,0.53,No,3092,37,Social,1.22,48,96.37,5,Yes,1.54,Single,N/A
ed2b88d1-b2c8-4309-a903-5fb2ab181485,2026-06-26,CUST-201873,10,28,171,46.22,34,12:00-14:00,YouTube,67.14,0.42,No,0,29,Gaming,1.25,35,96.52,0,Yes,6.3,Single,USA
97b4e53d-2717-4664-9a4c-8c0146069869,2025-07-26,CUST-383058,36,19,45,26.54,35,12:00-14:00,Netflix,59.98,0.6,No,7925,35,Streaming,1.8,19,96.62,5,No,5.05,Single,N/A
c486c789-05e1-42cb-ac04-11be4e7654ee,2026-05-31,CUST-891849,5,50,186,48.88,46,20:00-22:00,Netflix,89.96,0.82,No,0,37,Gaming,1.56,45,95.27,4,No,8.52,Single,N/A
6ce9c937-b38f-495e-a8cb-b7aa74e17bb4,2025-09-12,CUST-533294,280,32,8,32.63,28,08:00-10:00,YouTube,94.06,0.61,No,0,6,Gaming,0.75,17,95.67,4,Yes,1.49,Multiple,N/A
9f00905b-c13a-46a2-b0f9-7e81d57ccf1f,2026-07-01,CUST-712374,84,26,185,48.75,27,20:00-22:00,None,91.39,0.73,No,0,37,Maps,1.4,50,98.62,5,No,5.09,Multiple,N/A
5d01b15f-3997-4ac8-80c6-3b032e8dcfa6,2026-07-09,CUST-673766,276,3,98,0.71,48,18:00-20:00,Spotify,82.61,0.65,No,0,26,Maps,1.23,41,96.85,1,No,9.1,Multiple,N/A
b809a0f4-1576-465f-baac-39288410d780,2026-07-16,CUST-944450,222,34,131,37.23,22,18:00-20:00,Spotify,86.78,0.87,No,0,11,News,0.73,28,98.81,0,No,7.35,Single,N/A
9e32de6f-b7a8-42c4-b2ee-fc90cbd43eb4,2026-03-18,CUST-897352,113,39,117,47.12,6,18:00-20:00,None,29.13,0.85,No,0,6,Maps,1.44,8,97.79,0,No,6.32,Single,USA
cd218064-cd0a-446a-9d0e-70ed072c2100,2025-11-14,CUST-225091,229,25,135,44.13,45,08:00-10:00,Spotify,81.81,0.55,No,0,25,Social,0.53,29,96.84,4,Yes,8.05,Single,N/A
8dac5c46-e9e0-4dfd-a934-5d58c9d466cb,2026-03-06,CUST-799148,157,27,186,17.46,8,20:00-22:00,Spotify,84.5,0.28,No,0,54,Maps,1.81,12,99.97,1,No,2.12,Single,N/A
9d23aaae-c779-412c-af09-44ec382ffb44,2026-07-01,CUST-469223,157,11,125,42.52,32,12:00-14:00,Spotify,16.37,0.3,No,0,52,News,1.32,34,96.09,1,No,8.96,Multiple,N/A
e95447a1-127b-4c50-8d0a-07a13359516d,2025-07-29,CUST-399760,297,45,197,5.76,17,20:00-22:00,Netflix,95.34,0.65,No,0,45,Streaming,1.4,50,98.65,0,No,7.33,Single,N/A
8a151a76-8fdb-482f-b052-9a8fc53b61b3,2025-10-30,CUST-825567,206,17,20,9.6,31,08:00-10:00,Netflix,70.97,0.24,No,0,50,Productivity,1.3,57,99.43,2,No,6.68,Single,N/A
1944b051-148c-4a8c-ac5d-56ec15b848b0,2026-03-25,CUST-700918,119,38,48,24.68,43,08:00-10:00,Spotify,38.45,0.28,No,0,39,News,1.91,27,99.7,0,Yes,3.08,Single,N/A
525da3eb-2767-4222-bb45-67fcb48eab89,2025-10-10,CUST-587137,123,37,70,2.47,20,08:00-10:00,None,87.18,0.65,No,0,27,Maps,1.52,46,96.28,5,No,4.8,Single,N/A
615debab-6e0a-47f9-b8e9-381c11df6183,2025-11-07,CUST-659833,61,35,120,3.61,43,12:00-14:00,Netflix,80.69,0.35,No,0,27,News,0.93,39,95.93,3,No,6.09,Multiple,N/A
cf1eaa4c-57ee-46f2-9535-f6a85a3ef30d,2025-09-21,CUST-604563,146,28,17,48.28,21,20:00-22:00,None,97.9,0.61,No,0,57,News,1.7,32,96.44,3,No,7.73,Multiple,N/A
da7c6186-86fe-4019-a09b-dedd8e829f9b,2026-01-12,CUST-947112,9,8,140,43.26,22,18:00-20:00,Spotify,76.69,0.53,No,0,55,Streaming,0.51,29,98.71,5,No,3.67,Single,N/A
bf972049-7d1f-41c3-a0fc-edb764bbcac7,2025-11-14,CUST-934435,37,49,184,14.92,31,18:00-20:00,None,97.87,0.8,No,0,17,Gaming,0.51,41,95.84,4,No,3.1,Single,N/A
a95330f2-f3e4-4fac-bc6c-c1efce9abf61,2026-05-14,CUST-551759,255,49,73,25.64,12,08:00-10:00,YouTube,9.65,0.48,No,0,2,Social,0.72,6,99.81,5,No,7.87,Multiple,N/A
241f45af-1f0f-49ea-8e22-246de2ed73fd,2026-07-14,CUST-586681,81,8,169,6.31,31,12:00-14:00,None,76.56,0.11,No,0,22,Social,1.65,29,96.43,5,No,3.99,Multiple,N/A
ad0b428c-9d88-42d1-8968-5acc2b8a0d4f,2026-04-04,CUST-325036,284,27,7,21.68,16,12:00-14:00,Spotify,97.56,0.3,No,0,7,Social,1.95,57,95.6,2,No,8.19,Single,N/A
27c03764-f858-4e1b-990a-316582e716ab,2025-11-13,CUST-635242,282,46,110,37.1,36,08:00-10:00,Netflix,6.39,0.6,No,0,41,Gaming,0.52,27,96.9,2,Yes,7.61,Multiple,N/A
6448b7ca-295c-4951-84d1-3607da3cf3d4,2026-06-01,CUST-495827,149,39,157,43.41,6,20:00-22:00,YouTube,4.86,0.8,No,0,19,Social,1.63,14,96.37,5,No,2.13,Single,N/A
045e3acd-b964-40e7-a3f3-4b34d7051c4c,2026-05-05,CUST-399674,114,27,100,35.64,16,18:00-20:00,None,12.86,0.2,No,0,45,Productivity,1.31,27,99.32,0,No,5.76,Multiple,N/A
fabb889a-c74d-483b-a793-acf3d7e50b6e,2026-04-04,CUST-236942,13,14,47,36.52,46,18:00-20:00,YouTube,60.93,0.61,No,1009,20,Gaming,1.87,58,99.54,4,No,3.47,Multiple,N/A
bc6328c6-a9d4-4fe4-9ac2-cf8b8cd124d5,2026-01-14,CUST-647131,222,19,196,20.49,44,12:00-14:00,Spotify,30.25,0.76,No,0,48,Social,0.75,26,96.67,4,No,0.51,Single,N/A
924efa24-87cd-4eba-b08a-4c1e244a23fe,2026-07-12,CUST-959513,91,48,187,15.24,47,18:00-20:00,None,83.22,0.34,No,4640,41,Productivity,1.55,22,95.43,0,No,5.68,Multiple,N/A
95e86e41-ac5e-46fa-a1fd-66514d4ae5f9,2026-04-11,CUST-451579,276,5,193,21.96,39,12:00-14:00,Spotify,47.4,0.86,No,0,22,Productivity,0.92,40,95.93,2,No,7.93,Single,N/A
cdf312c9-cc23-45b2-a591-6ab2734c7b34,2025-12-23,CUST-381408,162,44,136,7.46,30,12:00-14:00,Spotify,19.23,0.18,No,0,59,Maps,1.76,49,99.66,2,No,4.5,Single,N/A
93a8725e-487b-4a4c-be5a-18af9489021e,2026-03-30,CUST-562997,138,6,98,9.29,27,20:00-22:00,Spotify,59.79,0.21,No,0,9,Gaming,1.84,9,97.63,3,Yes,3.98,Single,N/A
4179f7a6-a966-4e8b-a651-234c18d051fd,2026-01-30,CUST-506981,102,39,35,7.85,23,08:00-10:00,Spotify,11.73,0.25,No,0,5,News,0.64,54,97.29,5,No,9.14,Multiple,N/A
4673583d-19d8-4267-9ab1-e2fff28d746b,2026-04-29,CUST-543767,242,20,39,48,8,08:00-10:00,Spotify,37.57,0.57,No,4455,58,Maps,1.47,54,97.92,0,No,2.26,Multiple,N/A
ff44aa76-ece9-42b1-94cb-24cb4de582f2,2026-07-19,CUST-767391,212,43,175,7.62,14,18:00-20:00,YouTube,85.55,0.48,No,0,40,Streaming,1.26,47,97.58,4,No,4.09,Single,Canada
c683663a-9f2b-4952-8030-0e78c046f5b0,2026-02-10,CUST-149920,208,2,142,31.16,41,18:00-20:00,None,22.46,0.51,No,0,47,Social,0.61,33,97.53,4,No,9.51,Single,N/A
15a5f680-b5d1-47fc-80f9-757a000a7715,2026-07-17,CUST-925280,109,46,67,41.97,22,18:00-20:00,YouTube,6.62,0.6,No,0,19,Productivity,1.98,50,97.32,1,Yes,0.07,Single,N/A
81e01c40-bdfa-40de-b9e1-67787488b118,2025-09-26,CUST-383634,268,34,50,29.27,12,20:00-22:00,None,54.52,0.84,No,0,1,Gaming,0.56,40,98.22,1,No,8.85,Single,N/A
9a3cc37b-b6d1-4338-ad99-08f7faec88fe,2025-12-07,CUST-816377,269,17,53,11.37,16,12:00-14:00,None,16.13,0.67,No,0,18,Productivity,1.32,50,99.23,5,Yes,3.23,Single,N/A
3b84b58c-1ead-4b7c-8d6b-bdeaf135e603,2025-12-05,CUST-387298,122,44,146,3.85,38,08:00-10:00,Netflix,57.61,0.18,No,0,4,Streaming,1.88,49,95.95,2,No,8.68,Single,N/A
bddec850-73b7-49e0-bbe1-fff29a77538d,2026-01-21,CUST-799752,231,39,123,15.25,33,08:00-10:00,YouTube,41.15,0.49,No,0,7,Streaming,1.17,21,96.21,3,Yes,2.89,Single,N/A
04e88c13-a89c-4371-a6c3-87a9093252f3,2026-06-04,CUST-152307,113,36,30,27.25,44,18:00-20:00,YouTube,17.6,0.49,No,0,44,Gaming,0.75,9,95.1,3,No,9.09,Multiple,N/A
b2618eb7-9794-4e0b-8bb2-c672655ae85b,2025-12-13,CUST-173216,279,47,139,5.59,17,08:00-10:00,Spotify,70.14,0.79,No,0,35,News,1.97,23,99.85,5,No,6.63,Single,N/A
20ac050f-2898-487a-923c-118197010aef,2026-03-05,CUST-676789,161,31,71,17.15,40,18:00-20:00,None,48.22,0.63,No,0,12,Gaming,0.82,20,95.11,0,No,5.12,Single,N/A
6bca6a49-1cfe-4c0c-943e-38181f5bc678,2026-03-31,CUST-592187,230,26,189,36.27,43,12:00-14:00,None,4.89,0.66,No,0,52,News,1.9,59,97.07,3,Yes,5.42,Multiple,N/A
a5a8b719-aa5c-4e0c-876f-57a7e6bda2f6,2025-12-16,CUST-129847,280,36,4,12.97,5,18:00-20:00,Spotify,47.71,0.66,No,0,11,Social,1.16,9,97.4,2,Yes,4.14,Single,N/A
091a7e8b-d4d8-4689-b1d5-5537564f4afc,2026-06-11,CUST-495459,249,24,177,40.24,46,18:00-20:00,Spotify,48.89,0.64,No,7841,55,Streaming,0.69,54,99.08,0,No,3.47,Single,N/A
17cbc213-263e-4140-a4af-6ee2e1238c67,2025-10-23,CUST-469819,215,3,65,46.71,41,12:00-14:00,None,56.6,0.4,No,0,43,Gaming,1.34,42,96.58,1,No,4.28,Single,N/A
7c75be23-b33a-40b7-ad4e-07a659b5f463,2025-09-22,CUST-355457,205,19,0,29.94,16,12:00-14:00,Spotify,82.28,0.21,No,0,50,Gaming,0.71,9,95.04,4,No,1.13,Single,N/A
f52614fa-4f2a-49f3-ae93-f53baaf04683,2026-07-13,CUST-283166,152,10,155,12.56,39,12:00-14:00,Spotify,7.43,0.28,No,0,45,Maps,1.68,20,97.32,3,Yes,4.12,Multiple,N/A
d7841f18-477f-452a-975d-1ca8ed6b1906,2026-07-04,CUST-415841,254,38,105,20.55,7,20:00-22:00,Spotify,99.66,0.79,No,0,47,Gaming,1.97,57,97.18,1,No,3.61,Single,N/A
b4519530-f4a2-4c45-aa26-15e944e6f74d,2026-07-15,CUST-655330,28,4,162,13.47,42,08:00-10:00,Spotify,10.01,0.23,Yes,0,54,Productivity,1.91,17,97.66,4,Yes,4.36,Single,N/A
d5f5de52-37b1-4422-8589-220079de4b9f,2025-11-14,CUST-483703,32,25,98,27.25,26,18:00-20:00,YouTube,56.21,0.26,No,4234,25,Maps,1.29,19,96.8,5,Yes,6.21,Single,N/A
a96abb63-0df0-41f2-92d3-07f4b450d54b,2026-03-19,CUST-515653,171,13,152,8.66,11,20:00-22:00,Spotify,42.75,0.71,No,7259,43,Productivity,1.94,50,97.55,4,Yes,6.87,Multiple,N/A
7a9dc570-7b67-4ad9-85b3-46a5ce22f324,2026-06-15,CUST-835265,73,11,96,40.2,29,18:00-20:00,YouTube,98.23,0.76,Yes,1610,22,Gaming,0.69,26,95.54,3,No,6.19,Single,N/A
a2f24e94-0449-4591-8658-5fb76c8e0ac2,2025-08-26,CUST-148915,55,21,181,27.49,41,08:00-10:00,Spotify,53.65,0.81,No,0,36,Maps,1.96,23,98.03,1,Yes,0.94,Single,N/A
fe93162b-e77b-4e33-beae-7bd389fff8e0,2026-01-09,CUST-359120,27,32,59,16.04,22,12:00-14:00,YouTube,74.43,0.32,No,0,18,Streaming,1.2,51,97.45,2,No,1.35,Multiple,N/A
e203e12a-bcb5-4cfd-ae5b-3a6e58cca949,2025-12-05,CUST-926385,82,8,144,26.44,6,20:00-22:00,None,98.27,0.17,No,0,30,Productivity,0.91,28,95.91,3,No,6.05,Multiple,N/A
d3075be5-cc2f-4b94-9815-4b0c256d5549,2026-06-21,CUST-189402,183,48,182,33.3,10,12:00-14:00,YouTube,68.48,0.34,No,0,5,News,1.33,21,99.01,3,No,4.62,Single,Germany
2621271b-617b-40b4-ac37-1bcebce2cc40,2026-01-30,CUST-589875,33,32,196,1.81,44,20:00-22:00,None,35.38,0.18,No,0,16,Social,0.64,39,96.58,3,No,4.76,Single,N/A
09e436f8-a3f7-4805-8588-9db2c12cd120,2025-12-11,CUST-174193,151,29,60,19.89,28,08:00-10:00,None,78.71,0.52,Yes,0,14,Streaming,1.82,22,95.79,2,No,2.89,Single,N/A
031574cb-eb28-4c18-b515-fa282bb667c3,2026-06-12,CUST-690685,160,49,94,45.44,41,08:00-10:00,Spotify,50.95,0.82,No,0,3,News,1.79,28,99.49,4,No,6.99,Multiple,N/A
002141a4-1e85-4b2a-baf3-744f0b67a5c5,2025-10-03,CUST-145690,5,33,32,42.97,28,20:00-22:00,Netflix,55.65,0.53,No,0,52,Streaming,0.59,45,95.44,1,Yes,6.79,Single,N/A
46a4f0b0-b531-4061-9888-8a78a7a7c065,2025-08-01,CUST-961524,252,20,64,10.11,42,08:00-10:00,Spotify,56.67,0.88,No,0,11,Productivity,1.06,27,99.26,2,No,1.66,Multiple,N/A
0bc19eff-d896-44e2-9eb6-1ee8bde28ce7,2025-12-21,CUST-831436,191,31,100,10.95,18,08:00-10:00,Netflix,15.42,0.78,No,2593,52,Social,0.93,8,95.35,5,Yes,8.15,Single,N/A
9f29f35d-8896-4756-8556-8373a8592dcb,2026-04-16,CUST-838607,230,20,69,24.14,50,18:00-20:00,None,83.23,0.31,No,0,57,News,0.83,18,97.36,4,Yes,4.58,Multiple,Japan
91579685-f741-4e72-a0f6-70fcd63d1d52,2026-05-02,CUST-580347,201,36,123,9.18,47,20:00-22:00,YouTube,96.48,0.48,No,0,32,Social,0.68,23,98.86,1,No,7.18,Single,N/A
8aac305b-8948-475b-889f-9f062da70843,2025-10-08,CUST-860986,219,18,174,29.48,35,18:00-20:00,None,54.35,0.29,No,1689,1,Streaming,1.89,48,97.82,3,Yes,7.08,Single,N/A
970d06e6-152f-44b6-8e66-9d44bc126874,2026-07-01,CUST-934878,130,8,40,3.98,18,12:00-14:00,Spotify,7.45,0.63,No,0,29,Social,0.65,58,97.95,1,No,2.94,Single,N/A
9e4088a3-9437-4c36-bd9d-045570df09e7,2026-01-12,CUST-516994,296,32,19,29.55,43,20:00-22:00,Spotify,84.48,0.2,No,0,45,Productivity,1.35,38,95.23,4,No,4.49,Multiple,N/A
83da8679-fbf3-4af8-9451-feafd5ab8ed4,2026-02-23,CUST-485731,218,33,48,23.57,16,18:00-20:00,None,68.54,0.25,Yes,0,53,News,1.78,32,98.46,3,No,7.19,Single,N/A
0ef13826-0dc5-4f39-829c-f39705fdc2e1,2025-09-22,CUST-195412,253,27,49,18.3,30,08:00-10:00,None,52.3,0.87,No,0,33,Gaming,1.94,45,97.6,2,Yes,2.79,Single,N/A
e63d1c04-e6f3-4e2d-b3dc-74451472bc17,2026-01-31,CUST-959274,161,47,199,35.61,45,12:00-14:00,YouTube,46.79,0.75,No,0,45,Gaming,1.44,24,95.33,2,Yes,8.2,Multiple,N/A
b655c276-ab4a-4bdf-9481-27889fbecb67,2026-07-08,CUST-835739,175,32,145,18.46,49,12:00-14:00,YouTube,77.38,0.46,No,0,41,Productivity,1.88,33,98.44,3,No,7.4,Multiple,N/A
36a26287-b54a-4126-98fa-1300d63b6b5b,2025-12-07,CUST-583606,254,20,192,19.54,5,18:00-20:00,None,60.22,0.35,No,0,25,Social,1.03,13,98.58,1,No,2.26,Single,N/A
25cd0c02-419c-4597-8aad-9d2c0c4ec0db,2026-06-07,CUST-106720,262,23,106,6.3,12,12:00-14:00,Netflix,97.75,0.35,No,0,49,Streaming,1.1,42,96.84,2,No,3.67,Multiple,UK
bff3c761-8cf1-47c5-bd42-484e85c36467,2025-11-22,CUST-861837,124,2,117,16.05,46,20:00-22:00,YouTube,16.84,0.81,No,0,56,News,1.73,52,97.33,2,Yes,4.93,Single,N/A
ad2702a9-30cc-4d23-9783-f564a3328f5e,2025-12-14,CUST-160871,213,11,180,10.92,7,12:00-14:00,Spotify,10.47,0.87,No,0,19,Social,1.44,20,96.88,2,No,1.58,Single,N/A
c9c351dc-7dc5-468b-a92c-69138978ec54,2026-03-03,CUST-891041,58,5,111,35.82,34,18:00-20:00,Netflix,98.65,0.57,No,0,4,Streaming,1.86,49,96.5,0,Yes,8.54,Multiple,N/A
a024b9b2-e8e9-4f63-9f13-c25f1db4dc74,2026-02-19,CUST-858076,39,42,30,32.02,39,08:00-10:00,Spotify,20.86,0.29,No,0,36,News,1.26,52,99.84,2,No,0.22,Single,N/A
77690b3a-ca11-4cb8-9583-c7ca699af2ca,2025-09-07,CUST-593854,93,41,125,42.3,42,12:00-14:00,YouTube,34.48,0.22,No,0,55,Social,0.82,11,99.75,4,Yes,6.32,Single,N/A
82f1a61e-0878-481d-9d31-0989622ae37e,2026-02-09,CUST-219302,68,36,98,18.54,28,12:00-14:00,None,14.68,0.88,No,567,8,Streaming,1.52,45,98.18,4,No,9.47,Multiple,N/A
545889db-e107-4d6c-bed2-c69b0a5e4b13,2025-10-27,CUST-550280,265,47,116,14.47,40,08:00-10:00,Netflix,62.03,0.74,Yes,8222,19,News,1.55,14,97.08,0,Yes,7.88,Multiple,N/A
1703f36d-0c10-4034-97df-359527e7400a,2025-09-03,CUST-295121,169,19,1,1.12,41,20:00-22:00,YouTube,26.63,0.53,Yes,0,24,Gaming,0.83,44,97.82,2,Yes,2.08,Multiple,N/A
b09ced78-f329-42d8-a0ed-8b73cb19fc95,2025-08-13,CUST-764047,267,24,59,4.51,28,08:00-10:00,None,82.34,0.88,No,0,20,Gaming,1.5,6,95.1,3,Yes,1.43,Single,N/A
23f9291c-8f01-4f5d-8e62-f8a95e3f7a32,2025-10-30,CUST-575831,220,2,180,23.34,26,18:00-20:00,Netflix,6.88,0.83,No,0,42,Gaming,0.72,15,96.67,0,No,1.85,Multiple,Canada
401c9a00-57dc-416e-abb9-8d711c6453c4,2025-10-29,CUST-492042,104,18,193,8.33,30,18:00-20:00,None,92.24,0.53,No,0,22,Streaming,0.51,54,97.18,4,No,8.1,Single,N/A
57378bdb-7363-46ee-981f-3dfee9abbe89,2026-04-28,CUST-938474,187,10,93,25.15,40,12:00-14:00,Spotify,54.54,0.57,No,6115,30,Social,0.67,37,98.18,5,No,3.27,Single,N/A
4e408918-4079-425e-a0c0-ce750bd7d64d,2025-12-25,CUST-132065,55,14,117,6.45,24,20:00-22:00,None,69.87,0.24,No,0,10,Streaming,1.46,59,97.29,4,No,8.1,Single,N/A
aeaa1d63-d636-4c5c-8f89-2b189184d49b,2025-11-15,CUST-503429,51,48,85,48.02,47,20:00-22:00,None,73.24,0.11,Yes,0,57,Social,1.82,6,97.45,5,No,0.25,Multiple,USA
656e4c0b-ac42-40a5-8bc8-381dcb562b6d,2026-01-19,CUST-723699,179,7,39,13.04,13,18:00-20:00,Netflix,51.52,0.38,Yes,4798,10,Maps,1.31,25,98.96,3,No,4.5,Multiple,N/A
0b188326-129b-4b25-b071-721d608248a8,2025-12-20,CUST-214319,288,21,133,24.12,27,12:00-14:00,None,29.16,0.13,Yes,0,9,Maps,0.53,21,96.68,5,Yes,3.39,Single,N/A
2aa78ad3-80be-489f-b8cd-b0c99d232440,2026-06-25,CUST-959164,245,32,15,3.83,7,18:00-20:00,Spotify,51.31,0.8,Yes,0,25,Gaming,1.71,27,99.42,0,Yes,5.05,Single,N/A
cc4a2c0c-e6e8-48a0-9261-6f024bfe8308,2026-03-09,CUST-611504,192,2,112,46.44,9,18:00-20:00,YouTube,98.51,0.12,No,0,14,Maps,0.7,51,95.82,4,No,4.76,Single,N/A
594bd96a-ca77-47f7-8361-8dcefdf9d236,2025-08-06,CUST-965325,75,25,19,36.82,50,08:00-10:00,YouTube,19.33,0.4,No,0,5,Maps,0.94,10,96.37,4,No,6.81,Single,N/A
97f4e240-e2e5-45b6-b169-1b464adb0883,2025-09-26,CUST-136515,29,14,86,42.47,49,18:00-20:00,YouTube,16.56,0.7,No,3875,47,Streaming,1.35,48,95.11,4,No,6.73,Single,Japan
6bc58022-2f0e-4014-b0ad-508062e08020,2026-04-19,CUST-466920,149,5,125,10.2,14,12:00-14:00,None,85.61,0.46,No,0,40,Maps,1.13,27,97.71,1,No,5.8,Multiple,N/A
134ef38a-7a13-4975-bd9c-37ac22a6cd2c,2026-04-30,CUST-620219,296,29,77,21.64,10,12:00-14:00,YouTube,4.74,0.39,No,0,52,Maps,0.59,20,98.5,5,No,1.32,Multiple,N/A
09716f98-45ca-43e7-8aed-1b9ac7280e0b,2026-07-04,CUST-661330,159,18,93,29.97,18,08:00-10:00,None,53.08,0.67,No,0,30,Productivity,0.98,16,95.53,3,No,4.8,Multiple,N/A
a23b47e7-72a6-409a-a4e7-306cd3fb6edc,2026-01-31,CUST-326850,136,42,45,45.36,21,20:00-22:00,None,15.04,0.58,No,0,54,Streaming,1.04,49,98.62,2,No,6.19,Single,N/A
2b64c601-92f9-4e40-ab9b-8c9cbb134f32,2026-06-07,CUST-852526,281,36,73,40.78,25,12:00-14:00,YouTube,3.68,0.14,Yes,0,32,Maps,1.75,18,97.38,4,Yes,2.89,Single,N/A
77c5ede3-3ced-49c5-9d7f-4f5a5d536170,2025-09-20,CUST-518381,220,32,102,37.72,36,12:00-14:00,Netflix,79.26,0.79,No,4568,23,Streaming,0.96,48,95.43,4,No,6.5,Multiple,N/A
6c6d72aa-da43-4cff-b129-cc8b9cdc8dca,2026-04-21,CUST-372755,54,2,64,33.43,30,20:00-22:00,Netflix,95.56,0.55,No,0,19,Maps,1.13,33,99.56,2,No,5.21,Single,N/A
b7f4514e-682f-42e2-bb77-3fd4b188a6d4,2025-11-07,CUST-705462,257,41,84,12.7,23,08:00-10:00,None,49.55,0.12,No,0,33,Gaming,0.99,10,95.98,1,No,5.35,Single,N/A
8eb53763-beae-4d7a-8065-d1965250f784,2026-05-21,CUST-898091,122,20,72,14.04,49,08:00-10:00,None,75.21,0.68,No,5454,11,Productivity,1.73,39,97.83,2,No,5.21,Multiple,UK
b933017b-d877-480b-9810-41bbd135c297,2026-03-13,CUST-856184,119,26,144,41.34,12,08:00-10:00,YouTube,84.87,0.23,No,0,8,Gaming,1.92,56,97.86,4,No,3.76,Multiple,N/A
c2bb65bc-a665-47b8-ba63-8ef7a42fe8db,2025-08-13,CUST-953117,44,34,8,44.03,44,20:00-22:00,YouTube,98.56,0.36,No,0,16,Maps,1.24,50,95.91,2,No,1.44,Multiple,N/A
01c4890b-2bf6-4f54-a11f-d59c029019cc,2026-01-07,CUST-381268,277,16,74,50,39,18:00-20:00,Netflix,37.88,0.69,No,0,47,Productivity,1.76,58,96.33,3,No,7.65,Single,N/A
06caa5f3-70a9-49d1-b59e-1365ba2dbfc8,2025-10-05,CUST-513733,95,4,129,45.65,18,18:00-20:00,None,89.63,0.14,No,0,14,Gaming,1.13,13,96.3,0,Yes,9.93,Single,N/A
4c5d68b7-af92-45da-8905-f33968d2ed1a,2026-03-23,CUST-926121,215,47,117,7.28,23,18:00-20:00,Spotify,13.14,0.56,No,6867,7,Maps,0.8,46,97.96,3,No,8.89,Single,N/A
20e76304-e689-4cbe-a98e-389531dabd86,2026-02-04,CUST-372190,216,17,1,30.1,9,18:00-20:00,Spotify,22.64,0.43,Yes,0,57,News,0.77,22,99.34,2,No,3.7,Single,N/A
0153d0ff-590a-4320-beb3-abd4c92904e5,2026-03-29,CUST-926028,119,21,188,11.81,29,18:00-20:00,Netflix,93.93,0.18,No,0,17,Productivity,1.07,18,95.33,1,No,2.07,Single,N/A
af979eb5-5c61-420b-8a2c-f8e5407e4497,2025-12-07,CUST-958916,148,21,146,47.73,16,12:00-14:00,None,64.43,0.12,No,0,12,Maps,0.54,47,99.04,3,Yes,2.6,Single,N/A
b5c40b93-1377-462a-bc64-6f7dfadb5cc7,2026-04-13,CUST-304015,131,43,169,29.71,20,20:00-22:00,YouTube,83.77,0.35,Yes,0,30,Gaming,1.31,47,99.91,0,No,3.9,Single,N/A
648b766e-2018-4050-9dc5-4529a0796fd1,2026-03-01,CUST-816297,207,17,54,18.8,37,18:00-20:00,None,74.34,0.63,No,0,8,Maps,1.46,7,99.64,4,No,2.27,Single,Mexico
0514705d-0807-4fc2-a4e0-82de4d6ed8df,2026-05-19,CUST-104365,152,21,129,44.69,32,20:00-22:00,YouTube,59.39,0.26,Yes,0,47,News,0.85,36,99.63,0,Yes,7.92,Single,N/A
20c221fd-86d9-4582-b570-1b670d7b9e2f,2026-07-17,CUST-740815,128,20,11,6.58,25,12:00-14:00,YouTube,47.82,0.55,Yes,0,30,Maps,1.58,40,99.76,5,Yes,3.06,Single,N/A
b55ad157-b6d4-455d-b08c-0b86c5da5679,2025-10-10,CUST-651157,83,12,134,10.42,38,08:00-10:00,YouTube,1.17,0.87,No,0,21,News,0.82,31,98.11,2,No,7,Single,Japan
58a4d494-8ae7-4aea-81d8-8ec3f674d0af,2025-12-20,CUST-788093,49,11,179,46.42,37,12:00-14:00,None,70.25,0.88,No,0,54,Maps,1.14,47,99.92,1,No,8.66,Single,N/A
7cb7665c-e885-46c6-9dea-71f76c9b48a3,2025-09-06,CUST-243080,81,7,30,23.95,29,18:00-20:00,Netflix,65.43,0.88,No,0,24,Gaming,0.52,44,99.96,3,Yes,9.78,Single,N/A
4b002f01-29c1-4112-a073-f1ea11d4ab43,2025-11-23,CUST-792230,29,43,136,0.92,47,18:00-20:00,YouTube,97.25,0.69,No,0,55,Productivity,0.86,33,98.49,1,No,3.79,Single,Canada
d3498e77-f6b0-4dfe-b634-12ed24368c5d,2026-02-07,CUST-950664,108,29,192,43.14,39,20:00-22:00,None,35.09,0.67,No,0,8,News,1.49,19,98.86,4,No,0.8,Multiple,N/A
061b2e6e-e5dc-48b1-ba11-a821fa8680ba,2025-07-28,CUST-408494,235,47,198,49.04,14,18:00-20:00,YouTube,81.63,0.3,Yes,2099,6,Gaming,1.28,41,97.4,2,No,0.84,Multiple,N/A
b8fd1a6b-30bb-4d55-9213-940efa1cf9a1,2026-06-09,CUST-553538,118,40,157,3.48,40,20:00-22:00,None,31.08,0.5,No,0,13,Social,0.67,10,99.51,2,No,8.63,Single,N/A
81e32838-baf8-4be4-b8e9-06c0491e7d4a,2026-06-26,CUST-756917,108,22,79,2.75,50,20:00-22:00,YouTube,94.61,0.19,No,9680,3,Maps,0.86,19,99.03,1,No,8.88,Multiple,Japan
5e074b7d-552d-41ee-aaab-7a42a26503b1,2026-02-23,CUST-441275,142,30,46,15.27,41,18:00-20:00,YouTube,80.41,0.53,No,0,32,Streaming,1.86,8,98.57,5,No,6.4,Single,Germany
4385260e-7b7b-4ad9-8a69-a6ca75cb4ac7,2025-10-01,CUST-166605,28,24,146,29.78,26,12:00-14:00,Spotify,3.66,0.24,No,0,50,Maps,1.05,14,96.72,2,No,2.9,Single,N/A
2cf7a284-3e83-41d1-8980-2f3d0b33a804,2026-06-27,CUST-326627,105,23,108,27.86,33,20:00-22:00,Netflix,19.62,0.51,No,0,4,Social,1.45,36,95.26,5,No,8.46,Multiple,N/A
11219878-0a9c-4ded-a7b0-b7f1ac28a352,2026-07-14,CUST-446623,23,44,40,43.78,32,18:00-20:00,Spotify,27.84,0.69,Yes,0,5,News,1.77,7,95.71,4,Yes,7.37,Single,N/A
a4a1ac8a-4f53-461b-9e08-609ee704f08b,2026-05-31,CUST-835859,44,47,27,17.72,11,18:00-20:00,None,63.98,0.87,Yes,0,37,Streaming,1.71,21,98.07,2,Yes,8.67,Single,N/A
662e6519-c7b1-4d24-97a3-768cdc0648ba,2026-04-17,CUST-441710,138,6,198,48.52,38,08:00-10:00,Netflix,38.52,0.11,No,0,57,Gaming,1.81,37,99.81,3,No,7.12,Single,N/A
64f3ed59-10f9-423e-ab77-416efe605e70,2026-06-18,CUST-354298,211,10,168,29.79,31,12:00-14:00,Netflix,42.79,0.14,No,0,23,Productivity,0.72,14,98.31,3,No,6.83,Multiple,N/A
fcd70097-621c-4722-9b0c-7f80ac945c35,2026-04-14,CUST-119062,202,8,28,4.64,28,20:00-22:00,None,40.21,0.31,No,0,18,Maps,1.92,38,99.3,2,Yes,2.83,Single,N/A
6d0b0f00-ab28-412c-bf48-b7918dff184c,2026-07-25,CUST-259510,238,11,99,43.84,16,08:00-10:00,YouTube,90.74,0.31,Yes,0,22,Gaming,1.27,6,98.02,3,No,4.79,Multiple,N/A
64a47d67-5d83-46e0-8081-9eb20d8bd416,2026-02-17,CUST-455998,86,32,119,12.81,6,18:00-20:00,YouTube,54,0.67,No,0,19,Streaming,1.49,54,95.32,2,No,0.95,Single,N/A
aaedcc2d-f6b9-4f1d-8b88-952ba790b40a,2025-11-26,CUST-503900,212,37,191,17.19,32,12:00-14:00,Netflix,58.51,0.15,No,0,35,Social,1.31,39,99.81,2,Yes,9.1,Multiple,N/A
955ef656-d187-4f6b-a2bf-3e8f9e5d6a5c,2026-03-30,CUST-867089,98,28,105,35.81,48,08:00-10:00,Netflix,59.71,0.54,No,6846,31,Social,1.9,53,95.92,1,No,0.79,Single,N/A
1cada73c-1d61-44cd-bf79-0bc9bfa1cbc1,2026-03-14,CUST-344133,97,49,137,49.13,17,08:00-10:00,Spotify,48.19,0.73,No,0,48,Social,1.05,41,96.39,5,No,0.79,Multiple,N/A
edf0f1d3-23a5-485d-8644-5a8fa95d0f95,2026-01-27,CUST-186301,207,4,117,22.36,27,18:00-20:00,Netflix,7.62,0.82,No,0,29,Productivity,1.16,38,97.67,3,Yes,8.62,Multiple,N/A
085cad87-5605-4896-a18d-b60bebf7ed7f,2025-12-06,CUST-939774,53,6,129,35.46,38,18:00-20:00,YouTube,62.05,0.67,No,0,27,Productivity,1.78,18,95.21,0,Yes,5.26,Multiple,N/A
4e4ee86b-52d2-4282-a2d8-715a1ff3420f,2025-11-26,CUST-740871,206,39,188,0.21,17,20:00-22:00,None,19.56,0.57,No,0,29,Productivity,0.88,31,96.46,3,Yes,0.71,Single,N/A
2c84a61b-8580-45d1-add2-64ab537cee67,2026-03-31,CUST-240495,173,34,75,2.12,27,08:00-10:00,None,17.1,0.12,No,5265,38,Social,1.6,7,95.76,0,No,2.01,Single,N/A
18c322ea-13e1-4766-aaec-c8e06c5ff172,2026-03-18,CUST-315930,173,7,156,8.27,44,18:00-20:00,YouTube,92.92,0.69,No,0,2,Maps,0.63,13,99.57,0,No,9.11,Single,N/A
99ea17b7-f803-4128-abe3-4741b24377bf,2025-09-27,CUST-128377,48,4,147,25.81,7,08:00-10:00,None,6.26,0.15,No,0,30,News,0.74,10,97.4,3,No,6.49,Single,N/A
b1d278ee-16fa-4152-9955-d1d543368b98,2026-06-03,CUST-411490,91,38,90,49.51,35,12:00-14:00,Spotify,58.25,0.43,No,0,26,Maps,1.73,21,98.53,0,No,0.12,Multiple,N/A
27d48d04-b868-4deb-8c8c-53ca600aa37e,2026-07-04,CUST-513165,286,41,116,9.95,31,20:00-22:00,None,5.01,0.6,No,0,40,Social,1.63,26,96.97,2,No,2.64,Multiple,N/A
e4d7e008-d05e-4f22-a58f-97f115401070,2025-10-05,CUST-295232,193,34,13,21.24,36,18:00-20:00,Netflix,47.3,0.89,No,0,32,Productivity,1.84,28,96.9,5,No,7.18,Single,N/A
34e406ce-7933-465b-84dd-a258da51799c,2025-09-06,CUST-667037,137,11,99,34.26,31,08:00-10:00,None,21.85,0.37,No,0,11,Gaming,0.66,12,95.15,0,No,7.03,Single,N/A
2612fafe-6a6c-436f-84a5-6cbc10af7dea,2025-12-24,CUST-396961,131,27,40,15.03,36,18:00-20:00,None,25.2,0.32,No,0,33,Gaming,1.97,7,97.88,4,No,0.75,Single,Canada
c71cd8f1-e70b-4385-8d34-b1dd0af8feef,2025-11-07,CUST-711750,148,26,77,1.19,8,18:00-20:00,Spotify,37.37,0.77,No,0,40,Maps,1.22,49,95.08,3,Yes,3.84,Single,N/A
774f8f8e-f90a-4fc3-9fe2-ab4d720d86c9,2025-08-05,CUST-345296,202,28,129,35.87,48,20:00-22:00,None,26.43,0.67,No,0,23,Social,1.82,42,95.24,2,No,5.07,Single,N/A
225e0921-ebfb-4ca6-a2b9-761fe73a45b5,2026-06-27,CUST-122845,280,50,56,12.42,20,08:00-10:00,None,51.82,0.3,Yes,4715,37,Gaming,1.7,26,96.69,1,Yes,3.44,Single,N/A
8b2326e0-aa5b-45de-a472-b96199d50363,2026-04-03,CUST-290280,13,18,157,44.64,49,12:00-14:00,None,76.81,0.77,No,0,30,News,1.88,59,98.85,4,No,2.47,Single,N/A
405aac62-c9be-4da3-b30c-667bb32558bc,2025-12-19,CUST-526234,276,36,84,9.16,37,08:00-10:00,Spotify,39.22,0.11,Yes,0,52,Gaming,1.77,57,97.74,1,No,5.45,Single,N/A
00e2f25c-de6a-448a-96c3-62420639b916,2026-03-08,CUST-761218,143,29,94,29.74,41,18:00-20:00,None,27.67,0.58,No,5244,24,News,1.06,48,97.54,2,No,0.6,Multiple,N/A
5da42479-44a7-4dfc-a38b-eea4dca45a7d,2026-03-27,CUST-846482,92,19,31,33.85,22,08:00-10:00,None,90.41,0.89,No,0,2,Social,0.78,41,95.3,3,No,1.27,Single,N/A
add94c40-40aa-4e81-bb40-8f916a209a95,2025-11-20,CUST-653374,79,14,158,40.32,17,18:00-20:00,YouTube,38.86,0.83,No,0,23,Social,0.51,21,99.09,4,No,6.12,Multiple,N/A
3f26c01a-595d-4450-8943-77380a007a50,2025-09-27,CUST-750005,34,34,84,11.81,37,18:00-20:00,Spotify,4.51,0.39,No,0,49,Streaming,1.73,52,99.71,1,No,0.44,Multiple,N/A
aacab129-a862-4d59-81b8-69b3f6a4efec,2026-07-01,CUST-797910,71,48,111,35.58,8,08:00-10:00,None,9.48,0.79,No,0,28,Gaming,0.85,19,96.8,1,No,3.08,Single,N/A
76924ab9-e145-4bc9-bc0f-7edabecf086d,2026-04-10,CUST-286765,158,43,125,47.14,28,20:00-22:00,None,35.46,0.72,No,0,36,News,0.7,19,99.69,2,No,3.63,Multiple,N/A
7bbc8652-569c-4276-a71b-9b3363d4a3e2,2025-08-29,CUST-252076,193,10,76,5.5,15,18:00-20:00,Netflix,78.31,0.87,No,0,6,Streaming,0.52,41,96.31,2,No,5.12,Single,N/A
8173dc3b-8589-467c-8db8-a33db6573ed9,2026-03-29,CUST-506397,81,25,159,37.87,19,20:00-22:00,Netflix,60.77,0.36,No,0,28,News,0.97,49,99.22,3,Yes,8.06,Single,N/A
00b7d7ea-05e1-492f-93ff-4f3bec7feedd,2026-05-06,CUST-612260,274,32,127,13.53,11,12:00-14:00,None,51.04,0.74,No,2331,13,Gaming,0.52,54,97.76,4,No,0.4,Single,N/A
0d9d066e-38f7-4350-b50f-04f7bf66b227,2026-07-21,CUST-363333,294,15,46,49.18,28,18:00-20:00,Netflix,23.09,0.16,No,0,46,News,1.84,6,97.3,0,No,1.75,Multiple,N/A
ef107c52-ca8a-4635-927c-005c4fb2a59b,2025-11-19,CUST-890454,46,44,51,9.63,32,18:00-20:00,Netflix,84.36,0.12,No,0,52,Streaming,0.56,36,97.15,4,Yes,0.11,Multiple,N/A
f872906e-b6ee-460f-932c-f85fb7a2f6be,2026-03-06,CUST-942455,129,32,191,40.96,34,12:00-14:00,Netflix,4.94,0.66,No,0,49,Streaming,1.92,6,95.56,1,Yes,2.49,Single,N/A
bb3affec-8759-4981-89a3-9c8cc5e703cd,2025-08-04,CUST-401501,51,49,7,26.55,43,18:00-20:00,Netflix,70.04,0.74,No,0,24,Social,1.52,17,95.87,3,Yes,6.11,Single,N/A
30359007-dbb9-44e7-8fb6-b6e55cc36e62,2026-06-17,CUST-313299,114,28,29,5.9,27,08:00-10:00,Spotify,27.71,0.72,No,0,51,Social,1.07,20,95.83,4,No,0.21,Single,N/A
7c02a6e9-b5e0-4ff0-9117-c26ed8fd501e,2025-12-28,CUST-256281,139,4,142,36.02,24,12:00-14:00,YouTube,76.04,0.28,No,0,57,Productivity,0.56,49,99.13,3,Yes,8.64,Single,N/A
e455fa1e-d9d4-4c75-951b-8c2ef9ed4bc2,2025-12-26,CUST-903387,79,30,102,5.67,13,12:00-14:00,None,34.1,0.78,No,2532,3,Streaming,1.71,54,99.87,5,No,3.22,Single,N/A
dfc464b4-ee75-4c0f-b34d-a06ee1677c3c,2025-08-08,CUST-404937,92,26,3,2.39,44,20:00-22:00,None,25.91,0.42,No,0,54,Streaming,1.61,31,98.89,5,No,2.67,Single,N/A
ea587cc6-cd12-4613-b621-9b09b7e3ad62,2025-08-31,CUST-356847,163,37,134,41.14,33,08:00-10:00,Spotify,31.02,0.14,No,0,55,Maps,0.99,8,97.13,5,No,8.52,Single,N/A
46195f99-fd1f-4b95-8451-fb8ce48529c3,2026-04-09,CUST-244429,290,42,28,19.03,19,20:00-22:00,YouTube,3.47,0.25,No,0,54,Streaming,0.55,53,99.16,5,Yes,6.89,Multiple,N/A
1b2578f3-373d-4fd3-9fd7-72a7b9d5047c,2026-02-11,CUST-706623,139,47,194,31.78,14,20:00-22:00,None,12.55,0.75,No,0,32,Maps,0.62,31,98.85,0,No,3.17,Single,N/A
08fc1225-39d6-4ca8-8383-318367f8127a,2025-12-10,CUST-680161,255,2,91,5.27,50,08:00-10:00,YouTube,23.48,0.56,No,8544,42,Streaming,1.44,30,97.11,5,No,0.58,Multiple,N/A
eb5b2a1c-0de6-4fd8-a518-cde423836fbd,2026-01-25,CUST-973432,262,15,7,39.52,24,18:00-20:00,YouTube,87.93,0.29,Yes,0,1,News,0.92,50,96,0,No,5.11,Multiple,N/A
81cd980d-2646-4141-a2e6-6a7583d3d60e,2026-05-08,CUST-154434,131,34,166,3.78,28,08:00-10:00,None,27.37,0.37,No,0,27,News,1.71,44,97.55,1,No,3.05,Multiple,N/A
4abd24c1-5a85-45b8-afbe-0eaeeb662efd,2025-09-11,CUST-319887,156,42,79,4.24,39,12:00-14:00,YouTube,42.69,0.72,No,0,17,Maps,1.51,18,97.76,3,No,9.66,Multiple,N/A
92db6a0a-61de-43e3-9257-6ca5ebcd8274,2025-09-30,CUST-310255,150,42,29,29.4,23,18:00-20:00,Netflix,78.41,0.25,No,0,53,Gaming,1.51,39,98.23,3,No,8.59,Multiple,N/A
efdc8f7c-c825-41fb-bfa8-41d37b6087d9,2025-08-21,CUST-854845,208,3,167,42.99,19,18:00-20:00,YouTube,41.33,0.89,No,0,28,Social,1.63,55,98.91,1,No,6.22,Single,N/A
76209aef-cb38-411c-b0d0-b1480eaace7e,2025-09-30,CUST-129065,19,26,115,17.9,30,18:00-20:00,YouTube,19.46,0.49,Yes,0,45,Gaming,1.22,15,95.37,3,No,7.24,Single,N/A
c5df0204-4e73-4744-9024-cf1edb7e2fff,2026-06-19,CUST-431993,150,31,76,3.06,14,08:00-10:00,None,37.69,0.24,Yes,0,33,Gaming,0.95,55,97.59,3,Yes,7.35,Single,N/A
a3118875-7613-4242-b051-9fe7d13ca499,2026-01-14,CUST-585471,299,38,25,7.3,44,08:00-10:00,None,24.86,0.4,No,6465,33,Gaming,0.88,43,97.65,4,No,1.74,Single,N/A
c0af60f7-e90f-48c3-ae3e-cdc72eab7255,2025-08-05,CUST-734046,113,6,60,34.55,11,20:00-22:00,None,53.61,0.28,No,0,21,News,1.99,58,98.55,1,No,0.55,Multiple,N/A
292530b0-3948-4613-9193-3f918ab80fa7,2026-06-09,CUST-272672,88,15,110,13.05,32,20:00-22:00,Netflix,53.94,0.75,Yes,0,58,Social,0.78,30,98.29,3,Yes,9.49,Single,N/A
d1ee2237-22c3-416b-8ab8-a748afa00554,2026-01-11,CUST-775062,70,40,86,40.67,6,12:00-14:00,None,31.21,0.23,No,4084,57,Productivity,1.99,26,96.48,3,No,1.79,Multiple,N/A
f129f7a6-605f-4304-9288-e2c503d6d7d6,2026-04-08,CUST-845463,17,9,62,27.95,46,08:00-10:00,YouTube,74.81,0.69,Yes,0,49,Gaming,0.65,60,95.31,2,Yes,7.6,Single,N/A
7658a54e-87a0-49e7-91ea-626ef3fefc51,2026-04-05,CUST-901557,281,8,97,1.33,44,20:00-22:00,None,43.6,0.1,No,0,17,Maps,1.53,41,99.1,5,No,2.08,Single,N/A
dadfebb3-b8dc-48d4-b81f-4ed4af097995,2026-02-09,CUST-648421,151,43,146,34.48,11,12:00-14:00,None,94.72,0.13,No,0,49,Streaming,1.03,35,99.73,3,No,2.33,Single,N/A
60bba8c1-fd6b-48a6-a093-12f71e2ebcad,2025-12-02,CUST-353607,145,46,164,0.26,44,18:00-20:00,None,10.33,0.77,No,0,42,Social,1.07,13,95.09,3,No,2.25,Multiple,France
a3c81aa5-47a7-4636-9281-2f8aa476a545,2025-12-16,CUST-826288,205,44,145,21.27,19,12:00-14:00,Spotify,86.05,0.9,No,0,12,Gaming,1.25,33,97.61,5,No,0.92,Multiple,France
eabbc1a7-5080-4ad7-970d-d77376ca6f3d,2026-05-25,CUST-815876,272,45,74,43.82,10,08:00-10:00,YouTube,21.85,0.25,No,0,13,Maps,1.5,14,95.65,4,Yes,0.73,Single,N/A
56b83f44-d6a2-47b6-924a-00fdf59b251e,2025-10-07,CUST-280292,81,18,88,20.98,31,18:00-20:00,YouTube,82.59,0.54,No,3758,33,Maps,1.29,6,99.47,5,Yes,6.31,Single,N/A
ccc1d340-89e2-48c7-8e46-6434906c8f48,2026-01-17,CUST-248661,247,3,147,20.55,47,20:00-22:00,Spotify,42.53,0.21,Yes,0,33,Gaming,1.49,28,95.84,4,No,6.02,Multiple,N/A
ee484802-6d98-499b-a55c-616b38fcd2e6,2025-11-12,CUST-452095,208,32,46,18.61,26,12:00-14:00,Netflix,94.28,0.19,No,0,40,Maps,1.6,40,97.65,4,No,5.34,Single,N/A
72f1d71c-ccad-4b2d-910d-b68903920a40,2025-10-23,CUST-455076,73,32,4,42.23,43,08:00-10:00,Netflix,41.97,0.21,No,219,15,Maps,1.98,48,95.28,4,No,9.35,Single,N/A
011482d3-ae16-4255-bb2b-33b9976b22b1,2026-07-03,CUST-858147,26,47,185,4.13,17,20:00-22:00,YouTube,83.83,0.53,No,0,14,News,1.24,34,99.31,3,No,9.73,Multiple,N/A
19a415d5-10f8-44df-9df2-218ad694c4a1,2025-07-26,CUST-820426,67,32,131,49.27,34,20:00-22:00,YouTube,28.97,0.1,No,0,8,Streaming,0.93,8,95.68,3,No,6.82,Single,N/A
250e326e-c9ba-4ade-9589-e4835b883df4,2025-12-23,CUST-220524,210,41,31,30.84,17,20:00-22:00,Spotify,35.25,0.67,No,0,9,News,1.51,20,96.08,3,No,7.48,Single,N/A
75095cfa-792a-49fe-8dd6-3ec67c2f4efc,2025-11-08,CUST-828252,81,27,34,45.57,25,20:00-22:00,Netflix,86.91,0.87,Yes,8176,48,News,1.98,54,98.35,4,Yes,4,Multiple,N/A
4f245592-79f3-43ed-a9c1-58e8ca91bfd8,2025-12-01,CUST-973121,80,20,121,39.33,25,20:00-22:00,Netflix,96.58,0.44,Yes,0,56,News,1.51,10,95.7,4,No,4.29,Multiple,Germany
875a664a-46fc-40f6-bf64-e34f3528df69,2026-04-05,CUST-917655,131,9,129,38.09,22,20:00-22:00,YouTube,58.53,0.88,No,0,23,Productivity,0.93,42,99.23,3,No,5.34,Single,N/A
28fd5f18-8e24-4920-a76d-2fd607d5cf11,2026-03-13,CUST-552170,75,2,13,45.24,37,12:00-14:00,YouTube,38.89,0.83,No,0,5,News,1.6,59,97.35,5,No,4,Multiple,N/A
5a1e87e5-2977-41b3-8ab6-39ba29703a3b,2025-07-31,CUST-357395,155,48,179,31.2,32,20:00-22:00,YouTube,24,0.62,No,0,14,Productivity,1.34,50,98.42,2,No,3.65,Single,Germany
5a3e8717-a7b3-462c-a5a8-c1e2059a5238,2025-08-24,CUST-527452,188,43,57,2.88,10,08:00-10:00,None,26.75,0.42,No,0,24,Maps,1.37,39,96.11,5,No,0.69,Multiple,N/A
f44e2ef2-954d-4e39-99eb-8f9ca9aed1bb,2025-08-22,CUST-514886,124,40,43,43.38,17,20:00-22:00,YouTube,70.13,0.32,No,0,55,Gaming,1.14,26,99.9,3,No,7.75,Single,N/A
08b490c6-dcd6-49d5-ae71-c77ab63a2f76,2026-02-25,CUST-423474,32,48,116,22.16,27,20:00-22:00,YouTube,49.18,0.46,No,3986,46,News,1.27,50,96.61,0,No,9.48,Single,N/A
9e53ee88-c262-41e9-8820-93419b0271a9,2026-01-20,CUST-149177,296,25,39,41.62,42,20:00-22:00,Netflix,50.68,0.49,No,9742,17,Productivity,1.5,32,95.18,3,No,8.34,Single,N/A
9b9e839f-b0fe-44b9-a43e-be2865f7a4dd,2026-07-05,CUST-503417,197,34,86,12.13,15,12:00-14:00,YouTube,76.57,0.7,No,0,8,News,1.92,48,96.8,0,Yes,8.12,Single,N/A
73ecd5b9-a43c-4ed2-b07a-f95bf2ae4f37,2026-06-17,CUST-501472,256,50,146,16.95,32,08:00-10:00,Netflix,54.86,0.77,No,5650,53,Social,1.37,39,95.73,2,No,6.18,Multiple,N/A
94dff8f9-4d45-4abc-b5bf-b04aa073c58b,2026-07-23,CUST-555339,56,5,195,32.49,35,12:00-14:00,Netflix,48.16,0.6,No,0,0,Social,0.53,18,99.02,1,No,4.54,Multiple,Germany
5eee916b-fdde-4b3f-bb85-de81ad996cef,2025-08-15,CUST-363096,23,40,77,35.88,38,12:00-14:00,Spotify,14.37,0.66,No,0,52,Social,0.88,32,95.7,4,No,5.38,Single,N/A
b113b582-7f32-42bc-8913-ca70d5b72f40,2026-06-21,CUST-644140,56,6,100,31.39,34,08:00-10:00,None,68.41,0.65,No,0,30,Productivity,1.79,37,98.85,3,No,2.63,Single,N/A
7b87cd06-03e1-4cd3-97d5-122337fa90cb,2025-11-20,CUST-450893,198,15,144,43.52,44,12:00-14:00,Spotify,43.61,0.83,No,0,6,Social,1.06,42,99.19,4,Yes,7.63,Single,N/A
77e40981-4533-418c-8ea6-e77093a11428,2026-04-09,CUST-737934,98,15,126,40.2,32,08:00-10:00,Netflix,97.91,0.24,No,5189,45,Streaming,1.24,49,97.76,3,No,1.67,Multiple,N/A
1e2eab66-496e-4275-8c9d-c3b3dd4050af,2026-01-25,CUST-860392,168,19,134,27.7,11,12:00-14:00,Netflix,26.42,0.71,No,0,18,Maps,1.53,23,99.26,3,No,0.35,Multiple,N/A
450492b2-fd32-45bd-a98c-dd26b4f512e4,2025-08-20,CUST-864821,236,10,91,2.81,35,20:00-22:00,Netflix,66.01,0.74,No,0,37,News,1.62,39,99.33,1,Yes,4.27,Multiple,N/A
701a8d09-811a-4323-875a-e46bc4014d03,2026-01-28,CUST-880131,81,33,142,8.79,16,20:00-22:00,Spotify,11.57,0.73,No,0,28,News,0.94,36,95.38,4,No,4.49,Multiple,N/A
ff087453-33cb-4d91-90a6-9d8f28eb488c,2026-07-24,CUST-746199,40,34,27,32.93,41,20:00-22:00,None,46.81,0.78,No,0,39,Social,1.61,22,99.56,3,No,1.97,Single,N/A
b20b97b0-a605-4e87-b3f3-c0f4f51e4e11,2026-06-12,CUST-971051,289,35,160,35.85,44,20:00-22:00,Netflix,58.37,0.57,Yes,0,21,Productivity,0.75,55,98.32,2,Yes,5.09,Single,N/A
c84a60da-5330-4c34-9c7c-d7a435254bb9,2026-01-04,CUST-142742,228,6,100,47.12,24,18:00-20:00,Spotify,32.54,0.57,No,0,10,Streaming,0.77,12,96.28,1,No,2.03,Single,N/A
bfb447ca-4ef6-4c4c-b42a-c464304cf4dc,2026-02-03,CUST-717239,73,17,159,25.51,17,12:00-14:00,None,46.71,0.32,No,0,4,Streaming,0.53,55,99.14,0,No,8.95,Single,N/A
b691d660-bb02-40f5-8a9b-b46254d85586,2025-12-26,CUST-289246,208,28,104,20.47,9,08:00-10:00,Netflix,30.77,0.89,No,0,47,Gaming,1.73,59,96.82,2,Yes,0.22,Multiple,N/A
ea1a52cb-0a30-4e05-b2ef-7efc345eb72f,2025-12-26,CUST-827130,10,12,28,35.73,29,18:00-20:00,Netflix,75.06,0.66,No,0,24,Productivity,1.71,51,99.78,2,No,9.76,Single,N/A
286f6cef-c346-4d7e-8daf-5f80f9a91c51,2025-08-20,CUST-301937,9,8,166,3.46,22,12:00-14:00,None,37.91,0.16,No,0,46,Maps,0.91,39,97.56,5,No,0.1,Single,N/A
35f8743a-b8d8-44be-8457-c217b8ff257a,2025-12-24,CUST-597028,256,7,2,17.75,25,08:00-10:00,Netflix,33.25,0.15,No,0,4,Maps,1.5,42,96.72,2,No,7.32,Multiple,N/A
1c634195-9d25-4b22-a8da-1a434d1aa67c,2025-09-29,CUST-326887,23,2,79,11.14,34,18:00-20:00,YouTube,67.06,0.57,No,7530,27,Gaming,0.66,41,99.61,4,No,0.87,Single,N/A
35314897-66f4-4ddd-b8e2-590141091803,2025-11-26,CUST-332919,28,48,47,28.89,29,18:00-20:00,None,14,0.25,No,0,53,Gaming,0.93,52,96.89,2,Yes,4.23,Single,N/A
852f7015-5cd8-4a7c-89b7-8ae8f1074f0e,2025-08-12,CUST-452513,198,32,152,25.33,7,12:00-14:00,YouTube,73.37,0.17,No,0,40,News,1.52,59,96.7,4,No,5.16,Single,N/A
646e7c59-5a1b-4e2f-a4c4-96a4fb549162,2025-11-05,CUST-913464,264,41,152,40.07,31,18:00-20:00,Spotify,25.24,0.65,Yes,0,18,Productivity,0.61,20,99.38,1,No,9.29,Single,Canada
55cc72fb-bf58-4b01-8fe3-39c6f28c0afb,2026-06-23,CUST-673892,148,11,46,2.78,40,18:00-20:00,Spotify,78.35,0.54,No,0,5,Streaming,0.78,47,97.62,4,No,5.53,Single,N/A
ecc66a9b-a9f3-42e9-bc98-6a384fd37ba2,2026-04-09,CUST-571027,127,33,121,43.67,29,08:00-10:00,Netflix,47.13,0.31,No,0,44,Gaming,1.85,10,96.22,0,No,5.53,Single,N/A
697534bc-439f-4577-9b1b-e255cc03c279,2026-01-05,CUST-165534,269,17,105,3.9,23,12:00-14:00,Netflix,63.29,0.46,No,0,5,News,1.85,46,96.21,1,No,6.88,Multiple,N/A
03c02413-3a67-4e1c-83f3-4f239e9f62bb,2026-01-15,CUST-828065,157,31,166,39.15,47,08:00-10:00,None,27.43,0.67,Yes,0,53,Gaming,1.39,42,98.96,1,No,8.06,Single,N/A
e8bce6fb-64af-45ed-9bac-45ccbd2578a5,2025-12-12,CUST-760910,276,14,88,18.78,34,08:00-10:00,YouTube,54.72,0.16,No,0,6,Social,1.19,53,97.1,1,No,6.95,Single,N/A
4bd05cf3-718c-4c19-a827-8d1aa3764f5f,2026-03-30,CUST-380581,42,33,42,16.26,13,18:00-20:00,Spotify,95.09,0.23,No,0,14,News,1.36,15,98,1,No,1.79,Single,N/A
4a8330e4-b79e-469a-ab55-42cc746d856b,2026-02-28,CUST-780171,269,38,125,30.66,46,20:00-22:00,YouTube,72.96,0.13,No,0,10,News,0.91,57,99.98,2,No,7.65,Single,N/A
e5b5ef24-8d3e-4dd2-b641-46ced019654c,2025-08-31,CUST-510722,72,10,185,24.63,20,12:00-14:00,Spotify,16.33,0.21,No,0,1,News,0.64,57,99.29,2,No,0.82,Single,N/A
3786952a-5709-4b30-a79c-1886e10c661d,2026-06-11,CUST-999902,235,20,99,41.75,39,20:00-22:00,Spotify,77.53,0.84,Yes,0,7,Social,1.44,46,98.46,4,No,9.37,Multiple,N/A
070c71ea-d1c6-4c2a-a223-50de88e9236e,2026-06-11,CUST-840854,17,10,129,5.6,27,12:00-14:00,None,37.73,0.49,Yes,0,14,Streaming,1.26,57,98.15,3,Yes,0.58,Multiple,N/A
a1dd5336-78b6-4bda-a84f-705156def439,2025-08-04,CUST-528493,34,28,140,2.38,23,12:00-14:00,Spotify,7.2,0.69,No,0,4,Social,1.31,21,96.76,4,Yes,5.71,Single,Germany
97208ab2-550a-45b1-bea9-997491f0ab53,2026-01-28,CUST-609503,119,44,67,20.76,23,20:00-22:00,YouTube,85.51,0.57,Yes,1333,47,Social,1.95,9,99.27,2,No,6.47,Single,N/A
bfcdd575-f0ae-417d-b075-0030da636a44,2026-06-07,CUST-834643,30,20,8,25.68,29,18:00-20:00,Netflix,5.57,0.12,Yes,8347,47,Gaming,0.89,47,95.86,2,No,7.93,Single,N/A
0f886b4b-f9a4-4022-8632-2e1830fbf2e3,2025-11-24,CUST-821313,38,27,155,0.62,11,20:00-22:00,YouTube,45.75,0.18,No,2661,3,Gaming,1.26,45,97.69,5,No,2.27,Single,Canada
3700dd49-1e2f-4e76-9341-c8fecb7182d2,2026-04-04,CUST-953423,179,13,50,15.13,8,18:00-20:00,YouTube,56.86,0.79,No,0,52,Productivity,1.04,15,97.41,4,No,6.28,Single,N/A
d0cc3b51-d6cd-4ae2-8d81-0c3d1ffc4f9c,2026-03-19,CUST-237024,37,15,96,4.95,32,18:00-20:00,None,89.94,0.22,No,0,53,Streaming,1.45,50,95.91,2,No,1,Multiple,N/A
9fe21f9d-79dc-4f0f-b18a-11203b984632,2026-06-20,CUST-904018,185,44,141,5.68,17,12:00-14:00,Spotify,75.81,0.18,No,9132,28,Streaming,0.55,46,96.91,3,No,7.31,Single,N/A
df1eb437-3d9b-4533-a759-185711cab711,2025-10-14,CUST-665068,98,42,165,18.24,25,20:00-22:00,YouTube,61.58,0.7,No,0,36,Maps,1.84,20,99.53,1,No,3.2,Single,N/A
e34caf20-e75e-40c7-be61-e770262e73f3,2025-08-27,CUST-633420,123,23,155,38.51,38,12:00-14:00,None,26.32,0.28,Yes,1207,8,Maps,0.97,47,96.17,3,Yes,4.14,Single,Mexico
a6c36dbf-8efa-4759-8d03-e573cf44b0f9,2026-05-28,CUST-477732,241,41,188,14.56,38,20:00-22:00,None,0.71,0.65,No,7102,29,Maps,0.87,5,97.59,0,No,8.48,Multiple,N/A
338ea4e9-3bd2-47eb-8029-579177460c22,2026-04-07,CUST-847789,163,30,172,37.75,8,20:00-22:00,Netflix,5.11,0.81,No,0,58,Social,1.04,58,96.06,3,Yes,3.19,Single,N/A
23bbafa0-8ab4-48e0-a4d6-c47c164524b5,2025-07-28,CUST-464493,174,31,76,9.86,17,18:00-20:00,None,51.46,0.62,No,0,2,Productivity,1.66,27,98.61,3,No,5.59,Multiple,N/A
ab5cb205-f5b1-462b-96b0-e178e75f389d,2026-01-28,CUST-306760,136,27,74,11.18,28,20:00-22:00,YouTube,74.19,0.28,Yes,0,48,Productivity,1.93,59,99.52,4,No,0.77,Multiple,N/A
d35402dd-c259-4e48-ad36-423d1378daaa,2025-12-21,CUST-279164,53,41,103,20.99,33,20:00-22:00,Spotify,26.96,0.21,No,0,51,Social,0.67,57,97.21,4,No,3.15,Single,N/A
e7be707e-fe38-48a6-9930-871ff49dd360,2026-02-21,CUST-718604,75,47,49,3.95,21,12:00-14:00,Spotify,21.57,0.27,No,0,36,Streaming,0.82,46,99.68,1,No,9.64,Single,N/A
e55f08a1-1441-4100-baaa-0f0e08082d9b,2026-05-01,CUST-180048,191,27,118,3.05,34,20:00-22:00,Spotify,28.47,0.22,Yes,2636,56,Social,0.85,23,95.96,4,No,3.56,Single,N/A
873456aa-b9b2-4f59-ac88-075fab3568c9,2026-05-02,CUST-426347,14,29,181,17.13,14,18:00-20:00,Spotify,19.04,0.5,Yes,0,4,News,1.78,36,99.61,2,No,1.25,Single,N/A
e9667b5e-17f8-450e-b755-5101142af455,2025-08-17,CUST-965828,156,16,127,37.69,39,12:00-14:00,None,17.7,0.33,No,0,46,News,1.4,19,99.11,1,Yes,2.11,Single,N/A
99f8cff1-779e-4b16-bf2f-b1a35c271a88,2026-04-28,CUST-990905,137,11,7,45.62,29,18:00-20:00,Netflix,82.06,0.78,No,0,29,Streaming,1.2,46,97.22,4,Yes,5.7,Multiple,N/A
7e711f9d-ff3a-4911-9dd0-7417cabaebf4,2026-05-11,CUST-728389,222,22,46,21.05,29,12:00-14:00,Spotify,81.54,0.81,No,0,3,Productivity,0.63,49,96.54,3,No,3.73,Multiple,N/A
80f4c3f4-51ec-4d4a-9ae5-d0f54590bfd6,2025-10-09,CUST-210658,163,11,54,24.64,41,20:00-22:00,Spotify,50.9,0.41,No,0,5,Maps,1.68,51,96.7,3,No,7.17,Single,N/A
70c94e0e-7ac1-4789-bc75-603ac0ed3778,2026-05-13,CUST-479063,104,33,70,16.77,34,18:00-20:00,None,24.85,0.87,No,0,35,Maps,1.54,24,98.58,2,No,6.85,Multiple,N/A
821a76e7-e204-4969-b7b3-1928f37ffb8a,2026-03-15,CUST-596425,112,49,186,11.01,39,18:00-20:00,None,50.34,0.29,No,0,19,Maps,0.57,35,97.54,5,No,0.24,Single,N/A
22900a90-b1b5-4d63-a187-9ff441118c71,2026-05-07,CUST-532169,158,10,66,49.73,31,18:00-20:00,Spotify,62.64,0.72,No,0,16,Gaming,1.65,43,98.24,3,Yes,0.03,Single,Germany
90a11bc9-cafb-4f01-8485-a4555ff77e7e,2026-03-15,CUST-438998,17,5,102,47.41,36,18:00-20:00,YouTube,37.17,0.81,No,0,33,Social,1.21,36,97.98,2,No,9.19,Single,N/A
6b2f9485-7e6d-4ae1-a735-cadbbe45247e,2026-03-22,CUST-901008,15,32,8,19.74,40,18:00-20:00,YouTube,5.61,0.65,No,0,47,Maps,0.83,41,99.32,2,No,8.04,Single,N/A
fae98f69-4f9a-4d40-ac15-e8a35bbf28f7,2025-12-06,CUST-995791,191,14,56,37.37,32,12:00-14:00,None,10.18,0.82,Yes,0,44,News,1.7,19,98.11,3,No,1.31,Single,Germany
6dc03153-f164-4821-8a87-b75bf373dd95,2025-08-05,CUST-650867,177,23,5,41.27,23,12:00-14:00,Netflix,7.47,0.24,No,0,59,Productivity,1.99,32,95.31,2,Yes,0.75,Single,N/A
6d162c37-8651-43ea-99d3-c64d51b3db34,2025-10-27,CUST-723131,143,31,54,12.68,13,12:00-14:00,Spotify,14.08,0.11,No,0,29,Maps,1.73,54,95.34,3,No,0.61,Multiple,N/A
9c45e298-f4b0-4e08-9a02-0746de006bae,2026-02-15,CUST-729571,29,50,159,3.38,8,18:00-20:00,YouTube,84.64,0.4,No,0,41,Productivity,0.87,24,97.36,4,Yes,1.18,Multiple,N/A
cbbf6c13-d8fa-46b1-9703-d942c78eae1c,2025-08-30,CUST-457646,17,1,57,34.64,7,20:00-22:00,Spotify,21.93,0.73,No,0,23,Productivity,1.95,28,98.03,5,No,1.46,Single,N/A
17719bca-3f0f-4e4b-8a7f-b0994fa650d0,2026-05-24,CUST-159983,157,14,6,4.95,50,08:00-10:00,Spotify,75.85,0.79,No,0,24,Streaming,1.63,38,98.32,1,No,8.03,Single,N/A
792b3348-c622-4c79-8076-3c4fd9121e98,2025-11-07,CUST-128594,193,12,23,24.88,42,18:00-20:00,Netflix,45.69,0.4,No,0,53,Streaming,1.52,17,98.18,1,No,5.35,Single,N/A
58787c7d-7473-404a-86d2-fa7ec7fc5f64,2026-01-10,CUST-757431,69,50,64,45.36,45,18:00-20:00,Spotify,36.41,0.23,No,0,42,Productivity,0.76,46,95.73,3,No,8.32,Single,N/A
aea02d0f-e2bd-4b50-b43f-16b75d79634c,2026-07-16,CUST-380609,141,50,73,27.2,35,12:00-14:00,Netflix,30.42,0.79,No,0,5,Gaming,1.89,22,97.93,2,No,7.41,Single,N/A
72c1b742-50af-4496-ae0f-4023a317fcff,2026-01-18,CUST-246577,160,46,12,49.4,6,20:00-22:00,Netflix,40.5,0.39,No,0,35,Gaming,0.92,15,98.8,5,No,5.94,Single,N/A
e9143a1b-48fd-489f-9bb1-b523adcb0330,2026-06-08,CUST-796866,199,45,139,43.83,33,08:00-10:00,Spotify,89.49,0.47,Yes,0,56,Productivity,0.87,50,97.56,2,No,1.28,Single,N/A
2bb76a2c-c03e-4e86-946b-1b6cad3920ff,2025-10-26,CUST-930548,134,11,192,42.96,25,12:00-14:00,YouTube,81.75,0.62,No,0,13,Social,1.42,39,96.75,2,No,1.98,Multiple,N/A
254efe8b-78e8-4403-bc0f-a966074aa124,2025-08-30,CUST-518375,37,8,22,18.34,32,12:00-14:00,Spotify,28.67,0.28,No,0,25,Gaming,1.72,5,99.6,2,No,8.93,Single,N/A
5d779031-35ce-4273-9182-1af7ad7b877f,2025-11-11,CUST-552934,79,43,36,18.97,19,20:00-22:00,None,19.93,0.68,No,0,8,News,1.31,52,97.15,4,Yes,9.48,Single,N/A
dbaf3bfa-5d7d-4959-985e-6c2438376d0e,2026-04-29,CUST-225571,71,23,74,37.2,28,20:00-22:00,Netflix,30.19,0.42,No,0,49,Productivity,0.66,50,95.3,5,No,6.53,Single,N/A
7cd3a2f8-7385-499f-8ed7-7a1e34002eb3,2025-10-01,CUST-106754,261,25,198,41.4,32,18:00-20:00,YouTube,5.46,0.59,No,0,25,Streaming,1.11,54,95.47,1,No,6.95,Multiple,N/A
0f710ee4-afe9-4599-b409-f95e11282c92,2026-04-26,CUST-422728,284,19,50,14.7,38,08:00-10:00,Spotify,96.25,0.79,No,0,11,Gaming,1.07,25,95.41,4,No,7.94,Single,France
6d7c477d-2391-44cb-a71a-fde29bcb5902,2026-01-29,CUST-588083,267,9,108,36.75,20,08:00-10:00,Netflix,41.81,0.86,Yes,0,34,Productivity,0.93,14,96.52,3,No,4.33,Single,N/A
cb62981a-8a8f-4221-aa09-1e88a5f7d81f,2026-07-16,CUST-324108,245,22,166,19.7,41,08:00-10:00,YouTube,66.31,0.4,No,0,33,News,1.32,53,99.5,1,No,7.68,Single,France
05379175-c0bb-460a-8e08-f93447fb6cc5,2026-03-10,CUST-796931,156,34,69,9.74,25,20:00-22:00,Spotify,61.58,0.1,No,0,11,Productivity,0.53,14,95.83,3,No,6.54,Single,N/A
4d80ff63-bc51-4690-b5ff-7405cebcbd86,2026-05-21,CUST-493607,266,13,49,40.9,37,20:00-22:00,Netflix,35.61,0.77,No,0,45,Maps,0.69,17,97.09,0,No,1.8,Multiple,N/A
fb352ed2-9f53-4689-b7a2-873daf794024,2025-10-14,CUST-713588,280,4,157,38.89,35,12:00-14:00,None,11.5,0.63,No,0,13,Gaming,1.02,42,98.04,4,No,7.58,Single,N/A
87259478-6589-4536-a7b8-9c8c7337df39,2025-11-29,CUST-997456,117,4,172,25.32,16,18:00-20:00,Netflix,88.46,0.3,No,0,21,News,1.57,53,96.28,0,Yes,5.64,Multiple,N/A
de817192-1a7d-48ed-a216-15dbfa6e5d47,2026-04-21,CUST-137794,257,24,82,5.75,43,20:00-22:00,Spotify,2.26,0.58,Yes,1065,10,News,1.99,43,99.53,3,Yes,3.38,Multiple,France
b1b627ba-54db-413d-80f3-cc206c396187,2026-04-03,CUST-729138,138,48,12,8.97,35,20:00-22:00,Spotify,44.2,0.86,No,0,48,Streaming,1.57,7,98.91,2,No,6.66,Single,N/A
5173846f-f431-4fee-a651-fde0009c44ff,2025-09-28,CUST-562307,79,32,55,24.69,35,18:00-20:00,Spotify,41.42,0.5,No,0,3,Social,1.99,14,99.43,3,Yes,8.26,Single,N/A
2ca0c763-502f-4bc1-a60f-95b779fc3b97,2026-03-04,CUST-202664,286,33,170,3.23,14,08:00-10:00,YouTube,33.98,0.71,No,0,48,Productivity,1.04,45,95.61,1,No,1.63,Multiple,N/A
3aff3ba2-c0b8-48a8-a94e-25e0eb7ee11e,2025-08-12,CUST-673582,236,34,96,45.35,39,12:00-14:00,Spotify,49,0.85,No,0,10,Streaming,0.54,18,95.11,3,No,1.18,Single,N/A
86d99a27-f338-423f-88f3-808c1e3dc79f,2026-03-25,CUST-364594,285,39,27,21.61,32,20:00-22:00,Spotify,83.51,0.48,No,4594,5,Streaming,1.61,51,95.98,3,No,1.56,Multiple,N/A
4870a5af-6115-46c8-8d5e-b6b5f4a8ad4c,2026-04-28,CUST-698356,163,24,200,27.23,21,20:00-22:00,Netflix,20.27,0.29,No,0,16,Social,1.22,58,99.11,3,No,9.43,Single,N/A
3eede9f0-8308-4b8c-bb28-19291232837e,2025-10-05,CUST-512523,11,24,151,30.02,42,08:00-10:00,None,78.69,0.22,No,0,11,Streaming,1.39,45,95.56,2,No,4.1,Multiple,N/A
1001a677-6cc0-4a95-85db-0ae4b909e9e6,2026-06-21,CUST-383881,275,3,65,45.28,27,12:00-14:00,Spotify,1.27,0.1,No,401,39,Streaming,1.04,6,97.25,2,No,4.94,Single,N/A
abae260e-ecd1-4dd0-b809-9aa09b4b96a7,2025-12-24,CUST-602387,194,41,111,21,26,18:00-20:00,Netflix,27.08,0.19,No,5467,50,Gaming,1.73,45,98.71,3,No,3.85,Single,N/A
02d5fc42-e057-4ac0-bea1-90a7931200e6,2026-07-13,CUST-828312,188,39,79,4.59,44,20:00-22:00,Netflix,92.26,0.11,No,0,11,Productivity,1.39,38,98.19,1,No,5.12,Multiple,N/A
615a400e-04ee-4c8e-91c1-859925ef6437,2026-03-11,CUST-656855,69,40,118,11.14,27,08:00-10:00,Spotify,43.13,0.48,No,0,18,Gaming,1.33,37,97.67,5,Yes,4.59,Single,N/A
dd5f707c-4cbb-4c6d-b9e8-5655d737a761,2026-01-16,CUST-250999,263,35,92,23.55,47,12:00-14:00,YouTube,62.88,0.23,No,0,48,Maps,1.95,11,99.13,4,No,1.06,Single,N/A
c86d1187-38f9-4006-9f94-5cca22a9321b,2026-04-08,CUST-507682,251,31,185,47.28,48,08:00-10:00,Spotify,51.7,0.53,Yes,0,55,Maps,0.59,44,97.56,3,No,2.11,Single,N/A
e15dfadd-a006-4d86-b226-3435e4434da0,2025-08-15,CUST-544978,185,5,16,34.32,47,12:00-14:00,None,24.04,0.55,No,0,54,Streaming,0.83,6,98.84,5,Yes,3.81,Multiple,N/A
cc2af275-90b1-4931-851c-6a1848ae6d2d,2025-10-14,CUST-888075,211,15,95,6.53,30,12:00-14:00,Spotify,35.81,0.44,No,4004,37,Maps,0.79,57,98.25,1,Yes,7.78,Multiple,N/A
ee0cb5f5-6803-4113-a4e0-fa2d1f5819f6,2026-06-21,CUST-382929,168,15,14,48.53,32,20:00-22:00,YouTube,52.14,0.43,No,0,18,Streaming,1.62,35,95.9,0,Yes,4.25,Multiple,N/A
a54c0584-73bd-4534-8641-9c2ef78c61f3,2025-08-14,CUST-964706,166,11,46,37.02,11,08:00-10:00,Netflix,81.39,0.41,No,0,42,Maps,1.34,39,95.08,1,Yes,8.61,Single,N/A
117b946b-666c-442e-a1e8-75634148cf66,2025-08-24,CUST-845470,207,36,142,34.6,22,20:00-22:00,YouTube,21.93,0.25,Yes,4898,57,Social,1.63,10,96.58,1,Yes,5.05,Multiple,N/A
c4ca2c56-c4b9-4eae-8ca4-5c2c0a49f8c8,2025-08-07,CUST-992594,134,38,86,38.72,37,08:00-10:00,Spotify,70.24,0.23,No,0,50,News,0.71,20,97.38,1,No,5.04,Multiple,N/A
3523a507-9643-478c-a98a-cb1aeacb6ea2,2026-07-23,CUST-723573,278,41,194,8.4,27,18:00-20:00,None,53.77,0.69,Yes,0,24,Productivity,1.83,46,96.67,4,No,4.78,Single,N/A
42ea5473-84cb-4115-bfa7-1fdd4415339d,2026-06-04,CUST-751139,65,37,56,20.81,38,08:00-10:00,Spotify,72.1,0.66,No,0,17,Streaming,0.77,20,99.87,5,Yes,1.17,Multiple,N/A
562c3439-e456-4938-8d51-e2629c4630fe,2026-06-16,CUST-171569,250,21,31,42.52,8,18:00-20:00,Spotify,11.05,0.32,No,0,51,News,0.77,57,99.75,0,No,7.43,Multiple,N/A
ed1f85bb-3588-4d80-8570-190759aa5fb6,2026-03-19,CUST-550744,199,24,88,5.53,22,12:00-14:00,Netflix,86.89,0.26,No,0,55,Productivity,1.11,48,96.06,5,No,6.86,Multiple,N/A
21c14ede-6063-4307-9430-55aa0e7d3fc1,2026-03-23,CUST-391618,75,31,120,38.42,27,08:00-10:00,Spotify,36.7,0.7,No,0,44,Streaming,0.95,14,96.68,0,No,9.28,Single,N/A
426729ac-d893-412c-80f5-83b7a2d2c0fe,2026-02-18,CUST-525989,121,38,33,1.16,47,12:00-14:00,Spotify,69.37,0.28,No,0,35,Social,1.28,23,97.85,4,No,1.91,Single,N/A
18a0f3d3-d5ac-4eb9-a66b-c6a7195c23c7,2025-10-21,CUST-899583,104,34,114,18.93,9,18:00-20:00,None,5.8,0.47,No,0,27,Productivity,1.62,16,99.02,3,Yes,0.17,Single,N/A
b06c7164-d7da-4891-ab2c-cff4f1e414c7,2025-08-11,CUST-703462,276,38,30,10.2,50,20:00-22:00,Spotify,20.67,0.53,No,0,9,Streaming,1.39,23,98.84,4,No,3.19,Single,N/A
3ad4669d-8519-4a64-a3d4-98738bb08cea,2026-07-01,CUST-343773,43,47,91,7.92,23,08:00-10:00,Spotify,9.88,0.43,Yes,0,33,Maps,1.52,50,96.75,4,No,9.83,Single,N/A
73801a02-c9e8-4e19-aca1-635381b431db,2025-10-04,CUST-773518,231,15,114,0.7,35,08:00-10:00,Spotify,38.97,0.71,No,0,35,Gaming,0.75,60,99.14,5,No,2.47,Multiple,N/A
8db95940-e5cb-457e-9200-35934507bbb0,2025-09-11,CUST-354654,26,27,39,30.51,38,12:00-14:00,None,60.69,0.51,No,0,51,Productivity,1.58,13,99.67,0,Yes,2.32,Single,N/A
54b252e9-43d8-4086-8647-abcbb7ab4618,2026-02-25,CUST-995722,150,9,48,39.92,24,08:00-10:00,None,31.55,0.27,No,0,47,Social,1.63,47,99.03,1,Yes,1.69,Multiple,N/A
e2ec1bd2-bc02-43c4-8f14-d007b5e88194,2026-07-25,CUST-347532,289,30,165,41.9,43,08:00-10:00,YouTube,56.76,0.52,Yes,0,13,Gaming,1.69,11,99.97,4,Yes,8.62,Single,N/A
d95d2739-4714-4052-bfac-a08843bfb074,2025-08-24,CUST-677848,276,14,21,0.16,22,20:00-22:00,None,48.45,0.14,No,0,49,Maps,1.58,12,96.15,1,Yes,9.72,Single,N/A
547d62a2-0691-4a62-aa39-a08a4344fda0,2025-08-01,CUST-694235,46,9,1,24.89,33,08:00-10:00,Netflix,89.5,0.76,No,1487,2,Maps,1.79,57,97.94,3,No,8.78,Multiple,N/A
1e691b66-bb87-4703-993a-debe0e31ae8c,2026-01-16,CUST-335829,290,16,27,35.99,37,08:00-10:00,YouTube,31.89,0.28,No,0,9,Social,0.86,59,99.8,2,No,7.54,Single,N/A
da9bc7a5-9061-47ab-8317-5f3df00da224,2025-08-31,CUST-552475,151,11,65,46.6,20,08:00-10:00,Netflix,36.23,0.24,No,0,48,Streaming,1.43,31,96.98,2,No,0.42,Multiple,N/A
12db0392-5a70-4785-a783-746be3f54a0f,2025-12-14,CUST-731191,220,33,109,36.39,41,12:00-14:00,Netflix,56.76,0.71,No,0,27,Maps,1.2,13,99.08,5,No,3.77,Single,N/A
3ab00125-196d-45d2-8cc2-6cdd7b086e74,2026-05-05,CUST-677925,71,2,185,25.11,5,12:00-14:00,YouTube,60.59,0.77,Yes,0,44,Productivity,1.2,58,99.8,1,No,3.38,Single,N/A
e5576119-78d2-442e-89a3-b18378ea8024,2025-10-23,CUST-846967,239,47,149,22.18,22,18:00-20:00,Spotify,55.38,0.64,Yes,7793,55,Maps,1.62,45,99.55,4,No,9.96,Single,N/A
28d9a6fd-cda2-41df-8db7-3ca604017337,2026-05-17,CUST-119425,187,50,144,19.4,6,18:00-20:00,None,46.31,0.38,No,0,14,Productivity,1.17,23,97.51,2,Yes,4.06,Single,N/A
b58d4820-1492-427c-82d4-a97f828265fb,2025-08-12,CUST-789398,268,35,28,16.56,13,12:00-14:00,None,86.22,0.84,No,0,35,Gaming,1.21,11,96.83,2,No,6.84,Multiple,Germany
7e3eb6bb-a9c2-4f47-9078-5c323df00a3c,2026-04-28,CUST-472591,67,24,104,16.1,8,20:00-22:00,Netflix,61.74,0.36,No,0,45,Maps,1.61,17,97.16,3,Yes,3.74,Multiple,N/A
304a88e6-05af-4d27-991c-adcfd1787fe5,2025-11-18,CUST-918554,72,43,3,13.95,36,08:00-10:00,YouTube,87.98,0.64,No,0,35,Productivity,1.35,58,96.7,3,No,5.64,Multiple,N/A
a2770d88-0094-4e49-88fa-f30cfb30c157,2026-05-24,CUST-104691,273,17,159,4.74,23,08:00-10:00,None,14.4,0.29,Yes,0,11,Gaming,1.13,28,95.78,2,No,2.49,Single,N/A
fd7c634d-07f8-4d38-9421-8ca02c1adb79,2025-08-03,CUST-708806,184,44,70,47.95,17,12:00-14:00,None,35.1,0.22,Yes,0,4,Productivity,1.43,52,97.97,4,Yes,0.75,Multiple,N/A
d7f7659d-06df-4e44-af8b-38bd86be4715,2025-08-27,CUST-918719,105,8,60,41.95,34,20:00-22:00,None,15.48,0.33,No,0,20,Gaming,1.43,30,98.96,5,No,3.16,Single,USA
00aaa03e-b6b3-4664-b63f-897fb856b56f,2026-06-16,CUST-977613,144,25,58,45.71,23,08:00-10:00,None,86.42,0.19,No,0,43,Gaming,1.69,44,98.07,0,No,8.39,Multiple,N/A
c23b834d-c6c9-47f2-ba0c-a4af10c4c646,2025-09-07,CUST-446664,35,46,39,11,15,08:00-10:00,YouTube,23.02,0.81,No,0,36,Maps,1.46,42,96.46,1,No,5.38,Single,N/A
1bec2078-8486-44ef-bfa4-c8d34aef934d,2026-05-24,CUST-104035,18,19,170,7.65,8,08:00-10:00,YouTube,93.56,0.68,No,0,28,News,0.83,26,96.11,1,No,4.7,Single,N/A
242b4b1e-24b6-4b11-ac90-a9f83be8574f,2025-07-30,CUST-627584,249,46,164,33.68,23,20:00-22:00,None,88.14,0.43,Yes,0,53,Gaming,1.08,45,97.71,3,No,6.64,Single,N/A
bc2e2511-2664-4953-9bd0-6f0fb14cd65b,2026-07-15,CUST-655952,38,24,156,20.36,17,12:00-14:00,Spotify,68.28,0.45,No,0,59,News,0.81,41,96.24,4,No,8.45,Multiple,N/A
d4d47358-d3e5-4b9b-aa7c-40d9d45439fe,2026-01-25,CUST-381658,295,32,139,43.44,37,08:00-10:00,YouTube,16.44,0.67,No,0,30,Social,1.43,54,97.33,0,Yes,5.7,Multiple,N/A
dd1887d1-8e35-4ac4-8fc0-816beb5387f6,2026-03-21,CUST-461208,290,17,148,1.29,48,18:00-20:00,YouTube,28.1,0.83,No,0,30,Streaming,1.27,45,96.98,5,No,0.73,Multiple,N/A
e2827d3a-e060-4c42-b330-bd05e55ed5b5,2026-04-07,CUST-426743,268,50,70,28.45,35,08:00-10:00,Netflix,19.88,0.61,No,0,36,Streaming,0.86,16,99.21,1,No,6.64,Single,N/A
6ebb7d1e-5439-42d7-b82d-b410dd575c49,2026-04-22,CUST-559908,261,15,119,15.41,26,08:00-10:00,Netflix,38.68,0.57,No,0,32,Streaming,1.39,53,95.5,3,No,0.9,Single,N/A
09642120-ed91-4700-8b00-3e13ee527a3b,2026-05-30,CUST-729039,157,46,27,21.45,17,18:00-20:00,YouTube,24,0.61,Yes,0,34,Maps,1.46,51,98.09,1,Yes,0.18,Multiple,N/A
95165dd7-29b3-4675-82a1-03e0efa122bc,2026-01-17,CUST-468495,257,17,0,2.05,31,08:00-10:00,Netflix,92.42,0.14,No,0,22,Productivity,1.83,29,97.17,1,No,4.71,Multiple,Germany
12378e86-b406-49a6-bb5b-6338254ea039,2025-12-18,CUST-876062,251,14,193,36.59,11,08:00-10:00,Spotify,3.94,0.47,Yes,0,60,News,0.7,36,97.04,3,No,2.56,Single,N/A
ac238deb-f9f4-4a1b-b3b5-bbd48bd54668,2026-05-21,CUST-355542,36,31,111,43.28,42,20:00-22:00,YouTube,21.35,0.21,No,0,17,Gaming,1.34,36,96.38,2,No,1.49,Multiple,N/A
f1b5ca0c-4c26-4af2-a7fd-9428d0f11b9c,2026-05-14,CUST-586003,266,34,23,36.48,23,20:00-22:00,YouTube,14.58,0.56,No,0,47,News,0.68,47,95.07,1,No,3.55,Multiple,N/A
7d6c77e1-de47-47e7-a015-6fd69e87b72c,2025-12-17,CUST-296245,217,12,176,28.51,48,08:00-10:00,YouTube,85.58,0.19,No,0,53,News,1.74,39,95.72,3,No,5.33,Single,N/A
ab2c9eed-1f63-4c97-8aca-c7b754d84936,2025-11-19,CUST-905088,39,30,123,34.48,29,18:00-20:00,None,3.92,0.39,Yes,0,52,Social,0.65,10,95.74,4,Yes,3.61,Multiple,N/A
d83e290a-31ef-47e0-8f77-bb371add8adb,2025-12-23,CUST-646852,26,30,70,48.5,27,18:00-20:00,Netflix,19.67,0.3,No,3525,20,Maps,1.98,59,95.54,2,No,7.21,Single,N/A
32d1335a-5f26-4d4e-af2c-df17b108f225,2026-01-10,CUST-615081,33,14,45,7.82,19,12:00-14:00,YouTube,63.01,0.32,No,0,59,Gaming,0.74,15,99.34,2,Yes,6.24,Single,N/A
17689d14-2dd3-44ee-b0f1-97bebda63b3e,2026-06-09,CUST-766295,187,29,189,25.42,21,12:00-14:00,Spotify,16.26,0.21,No,0,57,Social,1.99,13,96.39,3,No,0.51,Single,N/A
79af4cb5-a84f-4a88-97d6-df42f9f784ce,2025-12-22,CUST-542580,57,4,183,29.34,6,18:00-20:00,Netflix,60.67,0.44,No,2942,52,Gaming,1.74,32,96.87,3,Yes,9.55,Single,N/A
ad566e14-27a7-4d82-8d11-7151a3727cdc,2026-02-14,CUST-820347,137,33,11,5.88,39,20:00-22:00,Spotify,60.35,0.71,Yes,0,13,Social,0.55,8,98.63,1,Yes,3.06,Single,N/A
3769461c-085a-441c-a3b9-13da528ab3e9,2025-12-04,CUST-974106,111,20,45,19.93,47,20:00-22:00,Netflix,43.19,0.66,No,0,18,Productivity,0.68,13,97.95,2,Yes,1.52,Multiple,N/A
2e749f2b-3b73-44ef-a7e8-fd1b8dac4df9,2025-09-21,CUST-789815,59,45,9,1.42,24,12:00-14:00,Netflix,69.08,0.16,No,0,32,Productivity,0.97,7,99.96,5,Yes,9.22,Single,N/A
04af961c-5c30-43f9-8bca-0aac52faa592,2025-11-12,CUST-667210,243,14,140,46.94,9,20:00-22:00,Netflix,76.32,0.65,No,0,37,Productivity,1.52,41,96.97,3,Yes,0.91,Multiple,N/A
fbbb2c74-5a44-4515-8623-97d8f9ea75f6,2026-01-12,CUST-670971,283,6,53,42.95,24,18:00-20:00,None,46.52,0.3,No,0,60,Maps,1.7,19,99.56,2,No,0.73,Single,N/A
b06052e8-7328-43de-90fb-7e66b3379681,2025-12-28,CUST-570598,294,38,126,1.95,30,08:00-10:00,None,93.01,0.11,No,0,5,Maps,0.96,22,95.92,5,No,3.08,Multiple,N/A
0d5e90ea-1818-4095-bb63-fa1d290892d7,2026-04-14,CUST-446531,95,33,120,13.69,13,18:00-20:00,Spotify,91.5,0.18,Yes,0,9,Streaming,1.48,50,99.51,1,Yes,8.67,Single,N/A
16432b7a-6ba4-4c54-9439-203bbb112ce0,2026-02-07,CUST-254793,175,1,112,4.67,18,18:00-20:00,Netflix,73.96,0.17,No,0,37,Productivity,1.06,44,95.46,3,Yes,5.43,Single,N/A
c140d54a-7aad-4365-aeef-c43492a5683a,2026-04-16,CUST-953097,187,11,179,27.91,13,20:00-22:00,Netflix,95.73,0.57,No,0,44,Maps,1.02,45,99.86,3,No,2.34,Single,N/A
bf6f4a1f-123f-49a3-a5d1-a6efa1234c58,2025-09-19,CUST-982251,257,40,128,44.64,41,20:00-22:00,Spotify,28.2,0.68,No,0,12,News,0.74,55,97.84,2,Yes,6.83,Single,N/A
4d7b2db7-ab2f-4d49-b567-93df71850125,2025-10-23,CUST-474520,254,36,186,19.37,7,18:00-20:00,Spotify,20.4,0.85,No,8585,48,News,1.18,8,98.2,2,No,0.01,Single,N/A
4161bf96-3c91-40bf-820d-27eaf6069537,2025-12-18,CUST-648144,203,4,100,30.43,36,18:00-20:00,Netflix,27.18,0.82,No,0,27,Social,0.73,22,98.56,4,No,8.88,Multiple,N/A
87638c52-5d00-4311-8d88-ebf0d27d7940,2025-11-26,CUST-804356,184,39,84,16.63,46,20:00-22:00,None,71.65,0.75,No,5039,50,Productivity,0.5,14,97.17,4,Yes,2.61,Single,N/A
6f6a5447-5a2f-49b5-a420-ce51214e8c14,2026-05-29,CUST-911514,226,32,85,35.65,18,20:00-22:00,YouTube,73.25,0.35,No,0,53,News,1.17,51,99.71,3,No,2.4,Multiple,N/A
112f38b2-23bf-4d22-a24c-7d4346e98d35,2026-04-29,CUST-567218,294,3,134,43.79,14,18:00-20:00,YouTube,71.36,0.3,No,0,59,Streaming,1.42,19,98.43,1,No,0.13,Single,France
0e4201b9-2ed1-48d4-94aa-c1f31d302d3d,2026-01-11,CUST-188347,289,40,84,32.3,21,20:00-22:00,Netflix,29.61,0.39,No,0,51,Maps,1.22,48,96.74,5,No,2.88,Multiple,N/A
d76549c4-44ec-44e3-81ba-eb1dc91602a6,2026-01-29,CUST-242097,273,20,127,7.23,12,12:00-14:00,YouTube,52.66,0.85,No,0,37,Maps,1.15,11,95.59,1,Yes,7.24,Multiple,N/A
ecb09bf9-a9f9-4629-9a78-e2a91147a5cc,2026-05-04,CUST-693751,79,19,84,30.33,15,08:00-10:00,YouTube,23.16,0.67,No,0,55,Productivity,1.07,45,98.84,1,No,6.18,Single,N/A
9e43d041-9e4b-4d8c-bd8d-391dcda9a190,2025-11-26,CUST-707919,127,21,110,5.67,28,18:00-20:00,YouTube,17.15,0.77,No,0,3,Social,1.64,35,96.43,5,No,4.64,Single,N/A
7f3613d5-7790-4237-a33a-59c79415a5b8,2025-08-04,CUST-236952,297,28,196,43.28,27,12:00-14:00,YouTube,24.49,0.6,No,0,34,Productivity,0.5,28,95.43,5,No,5.92,Single,France
3861bbd2-1e59-48aa-8c84-4f35eab5e7c5,2025-11-22,CUST-116826,148,37,43,32.12,20,08:00-10:00,Spotify,58.14,0.31,No,9791,5,Productivity,1.16,16,99.42,2,No,2.48,Single,N/A
8acbada7-38e0-40c9-8860-f4a2cb8cdd65,2025-11-23,CUST-959674,16,45,104,19.05,17,12:00-14:00,YouTube,93.1,0.63,Yes,0,44,Gaming,1.56,22,98.91,3,No,3.77,Multiple,N/A
b2dc6f9f-7f4f-499b-b158-36bce224feb2,2025-10-28,CUST-453035,288,3,198,27.84,25,12:00-14:00,Spotify,84.87,0.69,No,0,31,Social,0.96,15,96.71,3,No,7.22,Multiple,N/A
09acb862-d6bd-422c-a857-cfc2a71aeb56,2025-11-24,CUST-336069,240,9,110,45.73,31,20:00-22:00,Netflix,45.09,0.49,No,0,23,Streaming,1.06,17,98.9,3,No,5.15,Single,N/A
fc066ab6-ef86-44ec-8e29-8403bfd1d972,2026-05-23,CUST-699394,123,17,14,43.41,49,12:00-14:00,YouTube,61.47,0.88,No,0,48,Productivity,1.62,29,99.47,2,No,8.92,Multiple,N/A
34edb2ab-5f13-4776-9e83-89d426bf69a6,2026-05-22,CUST-207325,166,3,14,38.03,31,18:00-20:00,Netflix,58.83,0.8,No,0,47,Social,1.29,8,98.06,2,No,2.7,Single,N/A
f316050e-a92d-41cc-96d2-2b3584a38815,2026-05-01,CUST-333724,151,37,158,48.2,21,18:00-20:00,YouTube,41.42,0.16,No,0,13,Social,1.7,43,99.84,2,No,7.77,Multiple,N/A
9bf52d9d-9ab8-41c1-96dd-1a23b0c6f1e8,2025-09-22,CUST-992722,165,50,44,16.94,36,12:00-14:00,YouTube,54.41,0.18,Yes,7723,43,Productivity,1.35,6,97.07,4,No,4.28,Single,Japan
2b7d0f7e-06a3-485a-ad09-50c5726d5dc4,2026-04-22,CUST-464361,76,22,119,23.77,46,20:00-22:00,Spotify,39.1,0.42,No,0,50,Social,1.39,32,99.84,2,No,8.09,Multiple,N/A
b490e4e7-5b23-4f72-bc20-7afd92ebaf1c,2026-01-11,CUST-886869,240,48,119,13.98,40,08:00-10:00,None,10.86,0.21,Yes,0,34,Productivity,1.62,26,99.17,1,Yes,4.22,Multiple,N/A
2a8e83cf-0702-4036-a2f8-bc6043dd112f,2026-06-15,CUST-998610,17,44,98,10.75,22,12:00-14:00,Spotify,24.11,0.57,No,0,40,News,1.28,32,95.83,5,No,0.74,Single,N/A
9b48383d-86d8-4a12-bb9d-51808c0c95e4,2026-07-04,CUST-557062,266,4,20,16.65,15,20:00-22:00,Spotify,43.98,0.46,No,0,17,Gaming,1.58,55,96.51,0,No,1.11,Single,N/A
cc889c2e-5797-47e1-a2e2-eb5e17f0e917,2025-10-01,CUST-817341,156,10,120,41.25,7,12:00-14:00,YouTube,23.09,0.35,No,5220,19,Streaming,1.53,40,95.65,5,Yes,5.4,Single,N/A
b0cafa49-cd81-4dfb-9e45-51097c1aac5e,2025-12-18,CUST-985334,194,12,175,37.38,31,08:00-10:00,Netflix,1.98,0.21,No,0,37,Social,1.55,26,96.35,3,No,9.46,Single,Japan
71fc2bfb-a497-494e-a851-16f76bdf46b0,2025-09-09,CUST-417357,95,16,72,10.51,23,18:00-20:00,Netflix,42.94,0.28,No,0,42,Productivity,0.68,37,97,5,Yes,9.19,Multiple,N/A
3457d7d7-2da4-4647-b3fb-2adecf8429c0,2026-04-18,CUST-608873,43,7,107,34.18,48,18:00-20:00,Netflix,9.42,0.71,No,0,28,News,1.37,16,96.77,3,No,4.44,Single,Germany
5e2f9655-1d40-43eb-a9d4-24a4c17d8b6a,2026-05-02,CUST-709748,168,6,166,37.01,50,08:00-10:00,Netflix,23.12,0.44,No,0,56,Gaming,1.42,23,95.99,1,Yes,9.51,Single,N/A
95040709-82dd-4541-9742-14e356faad44,2025-12-24,CUST-134371,258,42,17,11.02,13,12:00-14:00,None,30.17,0.72,No,0,32,News,0.55,15,96.94,0,Yes,6.49,Multiple,N/A
4036c1cb-d823-4eca-b4fe-e40b956ebe22,2025-12-14,CUST-327945,276,40,56,22.9,38,12:00-14:00,YouTube,30.06,0.83,Yes,0,39,Gaming,1.75,6,97,2,No,1.48,Single,N/A
cad55ef2-f80a-4034-a3e9-e7516c1cab58,2026-06-12,CUST-613469,214,10,133,48.91,19,18:00-20:00,Netflix,68.89,0.56,No,7089,55,Productivity,1.98,44,95.3,2,No,0.89,Multiple,UK
b293d761-56db-4f33-8c0e-de3218c86139,2025-12-13,CUST-624039,77,34,66,49.97,45,20:00-22:00,Spotify,85.93,0.25,No,0,19,Social,1.5,30,98.24,2,No,5.31,Single,N/A
ff20263e-955c-422e-a205-3bce952ea045,2025-09-17,CUST-337208,75,30,80,19.06,40,12:00-14:00,Netflix,67.23,0.63,No,0,37,News,0.86,12,98.18,4,No,8.93,Multiple,N/A
07b002e5-ef47-4052-972d-2c5d0701a9bc,2025-11-08,CUST-968576,152,23,39,34.03,49,20:00-22:00,Spotify,15.23,0.33,No,0,14,News,1.51,54,95.34,4,No,0.24,Single,N/A
c4ad31f2-9fc3-4185-87f4-9d49c090f9c3,2026-07-11,CUST-837479,26,34,6,0.75,32,12:00-14:00,Netflix,94.96,0.69,No,0,50,News,0.55,38,95.27,1,Yes,3.03,Single,N/A
b410a495-2497-42f7-81e4-65bdae2ad25a,2025-12-15,CUST-119640,83,2,156,35.57,43,08:00-10:00,None,56.68,0.43,No,0,15,Productivity,1.05,13,98.87,2,No,9.12,Multiple,N/A
0c9c0662-e2a8-4372-8ef9-bd7ad8c519f8,2025-08-20,CUST-737265,269,17,141,37.14,41,20:00-22:00,Netflix,17.88,0.14,No,2318,30,Streaming,1.75,32,99.55,3,Yes,7.63,Single,N/A
565db307-8619-4c2d-8556-824cb9e466ed,2025-09-21,CUST-728105,191,26,19,45.18,45,08:00-10:00,Netflix,91.64,0.67,No,0,36,News,1.61,6,99.43,1,No,9.89,Multiple,USA
a8a48d6b-db71-4f6a-abf8-8c1f62a4e402,2025-11-25,CUST-576000,239,37,180,30.41,16,08:00-10:00,YouTube,8.88,0.13,No,0,53,Social,1.63,45,96.64,5,Yes,4.21,Multiple,N/A
f69f1c1d-92e4-4333-8556-1d87a953068d,2025-12-06,CUST-600129,90,23,75,43.44,24,18:00-20:00,Netflix,32.74,0.23,No,0,38,Streaming,1.56,30,95.5,4,No,3.18,Multiple,N/A
372c24ae-11b7-4156-893b-a34aa45c6071,2025-11-28,CUST-289647,49,25,64,40.53,15,18:00-20:00,None,18,0.23,No,1205,16,Streaming,1.32,20,97.11,1,No,5.57,Single,N/A
b892da3a-c62d-43d2-8b44-869c3a14762b,2025-11-13,CUST-360558,249,25,125,45.79,11,18:00-20:00,YouTube,18.86,0.12,Yes,450,8,Social,1.24,55,97.24,1,Yes,1.83,Single,N/A
81e60921-2d2d-4d10-8c34-929111caa2d5,2025-09-13,CUST-118086,52,48,109,26.36,6,12:00-14:00,Netflix,68.66,0.69,Yes,1022,14,Gaming,1.9,6,99.6,5,No,8.6,Multiple,N/A
a075c62a-6a16-4bf0-987f-1f3f2e15fdf5,2025-09-20,CUST-446759,215,41,114,27.91,21,20:00-22:00,YouTube,96.48,0.69,No,0,25,Maps,0.97,47,99.3,1,No,0.57,Single,N/A
206edd68-409e-4188-b737-da50b29219dc,2026-04-02,CUST-921278,160,44,52,27.41,18,20:00-22:00,Spotify,87.16,0.17,No,0,14,Gaming,1.57,6,97.33,0,No,2.21,Multiple,N/A
c3f366a9-ca85-4c00-b363-74efbda96c9a,2025-10-04,CUST-676794,286,2,117,48.9,23,08:00-10:00,YouTube,9.44,0.8,No,3326,50,Streaming,1.18,22,97.3,3,No,2.67,Single,N/A
ac2bc654-f195-465b-9c03-984d270e9f8f,2025-11-19,CUST-493521,108,8,65,35.38,9,20:00-22:00,Spotify,39.38,0.2,Yes,0,32,Social,1.66,22,98.52,3,No,4.71,Multiple,N/A
d78c7527-d639-4264-b7fa-7a133bf39dac,2025-11-26,CUST-806140,24,22,144,18.9,15,12:00-14:00,Spotify,0.25,0.15,No,0,43,News,1.65,10,98.52,3,Yes,7.94,Single,N/A
6c90d43d-e852-43f7-88b0-b2c1347f7341,2026-03-23,CUST-437870,54,23,57,27.85,40,20:00-22:00,YouTube,89.5,0.74,No,0,46,Streaming,0.97,16,99.66,2,No,5.63,Single,N/A
5e36d288-0a0a-4441-a942-379964ca12ba,2025-11-24,CUST-158756,213,27,196,22.69,39,18:00-20:00,Netflix,13.36,0.78,No,0,4,Maps,0.93,9,99.16,5,Yes,1.54,Multiple,N/A
e22a1382-dc80-45ee-8aea-1ad85d3c9066,2025-08-26,CUST-584787,274,40,198,10.54,11,18:00-20:00,YouTube,29.55,0.82,No,0,57,News,1.52,16,98.94,1,Yes,2.6,Single,N/A
5f97cb0c-734d-4823-ad29-8b7bf043dec3,2025-10-18,CUST-950396,183,10,19,39.11,33,18:00-20:00,None,2.41,0.73,No,0,31,News,1.55,26,98.98,4,Yes,8.68,Multiple,N/A
d1cdb4f0-1358-46fa-aa44-039b114fbfa9,2025-11-03,CUST-889255,26,12,82,48.73,27,18:00-20:00,None,17.52,0.71,Yes,0,45,News,0.91,38,99.88,1,No,8.49,Single,France
ff25a6c7-ff16-479a-8a50-20a005be1666,2025-08-26,CUST-376824,46,42,170,13.95,6,20:00-22:00,None,37.98,0.6,No,0,6,Gaming,1.72,53,95.06,0,Yes,4.84,Single,N/A
82fbf0bb-1597-4f90-90c5-db132c2cbe4c,2026-05-20,CUST-583531,196,7,79,38.06,36,18:00-20:00,Spotify,95.05,0.85,No,0,43,Streaming,0.51,45,97.65,2,No,4.21,Single,N/A
aaec3847-de99-4617-a5ee-70d1cdf56493,2026-02-25,CUST-452841,165,34,67,28.5,24,20:00-22:00,None,55.13,0.53,No,0,45,Streaming,1.12,43,99.46,1,No,2.38,Single,N/A
09f53ca2-fe56-4530-b3ec-0b3eaf36dc72,2025-12-15,CUST-239865,66,10,200,13.26,20,18:00-20:00,Netflix,76.09,0.31,Yes,0,35,Maps,1.93,50,95.97,3,No,9.6,Single,N/A
58078098-82b5-458e-8aeb-d5cc8d5aa184,2026-01-29,CUST-395186,196,14,124,42.68,37,08:00-10:00,Spotify,45.33,0.55,No,0,39,Gaming,1.21,29,98.68,1,No,7.68,Single,N/A
86fd7008-14e4-4f23-b272-2e68ba072d71,2025-11-05,CUST-582242,232,45,37,32.29,39,12:00-14:00,None,68.81,0.71,No,0,47,Streaming,1.93,53,98.34,2,No,5.42,Multiple,France
b75789eb-9957-459b-a5a7-5225b4387fc2,2026-01-08,CUST-673464,94,36,52,3.62,40,20:00-22:00,YouTube,12.82,0.64,No,0,19,Social,1.57,39,97.58,1,No,4.37,Single,UK
bc3448ac-6ec8-4e68-836b-c13b2529b811,2026-07-10,CUST-740573,167,14,44,33.65,21,20:00-22:00,YouTube,88.52,0.14,No,0,9,Gaming,0.66,55,96.02,0,No,8.05,Multiple,N/A
95619f30-5a84-4c7e-8ab3-1a3004d621fe,2026-07-03,CUST-837450,145,34,137,30.27,32,18:00-20:00,Netflix,32.68,0.39,No,0,17,Gaming,0.61,35,98.55,5,Yes,2.24,Single,N/A
4e81fbdb-43b2-4257-8b1b-4013cad707f1,2025-10-10,CUST-972116,162,40,85,6.13,39,18:00-20:00,None,50.67,0.71,No,0,22,Streaming,1.61,46,98.76,3,No,6.59,Multiple,N/A
9e254ffe-9f8f-4889-b37e-f9c359242694,2026-06-26,CUST-168875,189,36,27,30.38,11,12:00-14:00,None,98.3,0.77,No,0,46,News,1.82,13,97.7,4,No,2.36,Multiple,N/A
4199ca3d-1629-41e5-b4fb-96b23a930a80,2026-05-26,CUST-156133,218,35,184,31.85,17,20:00-22:00,Netflix,59.28,0.77,Yes,0,60,Streaming,1.18,44,99.3,3,Yes,7.98,Multiple,Mexico
2caa391a-eca6-47b3-bb54-9bc9c080657e,2025-09-12,CUST-877951,299,4,184,42.34,34,20:00-22:00,Spotify,37.18,0.67,No,0,6,Gaming,1.8,36,99.5,2,No,0.19,Single,N/A
07fabc12-cd79-4864-b39b-c9c695334687,2026-04-01,CUST-142669,182,44,144,37.88,46,20:00-22:00,Spotify,50.65,0.19,No,0,58,Streaming,0.92,13,96.11,4,No,4.01,Single,N/A
284a27e5-c4e7-4b84-a2c0-b005d4a04e17,2026-03-12,CUST-339934,197,12,22,24.92,8,08:00-10:00,Netflix,47.87,0.55,No,0,40,Productivity,1.46,24,98.89,3,No,2.59,Multiple,N/A
7a3f0150-8d59-4ce7-8f0f-327a25f62aa8,2025-12-20,CUST-369102,165,18,95,30.71,35,08:00-10:00,YouTube,63.71,0.81,No,0,1,Productivity,1.04,8,96.68,1,No,9.11,Single,N/A
38033ba3-6589-4a4e-bde0-d8ddf2e95775,2026-07-23,CUST-585981,223,20,114,18.28,12,20:00-22:00,Netflix,85.74,0.21,No,0,42,Social,1.28,49,99.06,3,Yes,1.58,Single,N/A
5c5701c4-a56d-4030-a947-0fb5450bc5af,2026-03-06,CUST-413488,190,5,180,4.97,12,18:00-20:00,None,55.51,0.43,No,0,31,Streaming,1.5,47,99.04,5,No,6.17,Single,N/A
6af8b923-1b2c-4ea4-9b38-fac133557735,2025-10-10,CUST-317728,36,26,66,38.04,33,20:00-22:00,None,66,0.21,No,0,22,Productivity,1.94,35,97.81,3,No,3.83,Multiple,Canada
ff8bf402-a3bd-4995-83f8-4608f52d98db,2026-04-14,CUST-309756,203,15,22,8.48,18,20:00-22:00,Spotify,71.26,0.3,No,2358,28,Streaming,1.48,6,98.21,1,No,8.49,Single,N/A
a73fd43d-6ca9-4ee0-a20a-daec9c4be4d0,2025-12-30,CUST-769118,278,42,9,22.96,10,12:00-14:00,Spotify,58.13,0.72,No,0,59,Streaming,0.69,45,95.22,3,No,9.81,Single,N/A
d10d9605-d523-467a-b327-0f2fe85429df,2026-03-12,CUST-492712,86,27,182,44.32,18,18:00-20:00,Spotify,99.72,0.28,No,8402,54,Gaming,0.97,33,95.45,2,No,8.31,Single,N/A
d2d45e7b-b7fe-45d6-870c-e9704f267bdf,2026-06-12,CUST-721624,16,8,119,10.17,13,12:00-14:00,None,26.17,0.5,No,0,23,News,0.57,38,95.46,1,No,3.73,Single,N/A
3c6c4911-a093-4cbf-a6fb-c16cc0945ee0,2025-11-02,CUST-124698,132,14,199,19.73,17,20:00-22:00,Spotify,97.92,0.68,No,0,33,Streaming,1.26,60,95.78,2,No,5.26,Single,N/A
bc369d51-40af-49ba-bfa3-e5c3bf1748cc,2026-06-25,CUST-688366,96,5,47,40.62,18,20:00-22:00,Spotify,50.67,0.62,No,0,10,News,1.89,53,97.98,2,No,5.61,Single,N/A
1de58676-0029-44a0-95df-b7d181cb4a62,2025-10-27,CUST-942799,24,17,35,28.47,31,08:00-10:00,Spotify,8.39,0.5,No,480,29,News,1.76,20,98.92,3,Yes,3.78,Multiple,N/A
d9965597-7ae4-4036-a37a-82ea0e9e11e7,2025-09-14,CUST-631546,136,20,185,45.59,24,08:00-10:00,None,35.72,0.86,No,0,29,News,1.85,23,97.4,2,No,9.44,Single,N/A
77bab545-22be-40a1-96ee-8bb1d326a182,2026-03-29,CUST-538275,63,2,198,30.07,18,18:00-20:00,Spotify,84.63,0.48,No,0,32,Streaming,0.92,39,96.69,4,Yes,8.93,Multiple,N/A
950b6a3c-2807-43f0-a03a-3e043d937499,2025-12-05,CUST-552774,261,21,37,2.21,23,18:00-20:00,YouTube,3.78,0.27,Yes,0,42,Streaming,1.71,25,98.19,1,No,5.57,Multiple,N/A
6d5f81bb-64d3-4072-b44e-1f40609e533f,2025-09-26,CUST-500885,159,16,74,16.62,25,08:00-10:00,Netflix,54.94,0.41,No,0,53,News,0.68,32,95.31,5,Yes,5.51,Multiple,N/A
aa88606b-01ff-41dc-8de3-5a717422c03b,2025-07-31,CUST-338803,152,1,200,38.27,27,12:00-14:00,Spotify,2.77,0.43,No,0,38,Maps,1.88,15,98.96,4,No,1.1,Multiple,N/A
c114d8bd-44ad-4e88-87c6-a1e0934b6432,2025-11-19,CUST-664011,124,37,1,36.23,39,18:00-20:00,None,54.66,0.76,No,3976,30,Social,1.3,30,96.27,4,Yes,2.5,Single,N/A
09fa0bc6-760d-4918-a920-6e65cc1738d6,2026-01-08,CUST-719524,293,7,68,45,42,12:00-14:00,None,29.37,0.76,Yes,0,45,Streaming,0.61,27,99.58,4,No,9.12,Multiple,N/A
e3be7176-f868-42d2-a580-403b52aa16b3,2026-02-09,CUST-724218,51,42,111,49.94,48,08:00-10:00,YouTube,77.33,0.61,No,0,28,News,0.54,47,97.5,0,No,7.86,Single,N/A
f9fc59f6-3a72-44dc-b72a-395a7dd8c98b,2025-08-02,CUST-558659,246,4,65,24.13,19,18:00-20:00,Netflix,31.56,0.63,No,0,19,Social,1.36,47,96.51,2,No,3.48,Single,N/A
0523de1b-e8a9-4902-8803-c032aa0daa12,2026-02-17,CUST-667598,230,8,13,33.17,25,18:00-20:00,YouTube,3.63,0.42,No,3555,11,Productivity,1.82,20,99.29,1,No,1.08,Multiple,N/A
44a2325c-d671-43f6-88b1-0cf876f66225,2025-09-19,CUST-945155,146,11,106,43.11,24,12:00-14:00,None,96.72,0.23,No,0,14,News,1.12,6,99.43,4,Yes,2.11,Multiple,Germany
b6324d33-e5a9-45f9-a241-ce00cc383213,2025-11-24,CUST-881946,196,30,91,14.67,48,08:00-10:00,Spotify,40.57,0.86,No,0,35,Maps,1.44,51,97.15,4,No,7.08,Single,N/A
7b3e4d9f-1496-4f59-b34b-66ced2d33806,2026-05-12,CUST-719487,78,14,157,10.71,14,12:00-14:00,Netflix,21.93,0.46,No,5614,18,Streaming,1.4,20,99.78,4,No,4.92,Single,N/A
4c8e4208-d054-49a1-8c5f-d43258e2ed30,2025-10-24,CUST-759252,55,8,181,11.4,30,20:00-22:00,None,55.52,0.69,No,0,16,Gaming,0.94,19,99.72,5,No,7.35,Single,France
87c8fdeb-a2c7-4bbe-b3f1-8021641899f2,2025-09-05,CUST-106995,184,14,182,35.94,46,08:00-10:00,Netflix,35.49,0.13,Yes,0,17,Maps,1.84,34,98.2,2,Yes,9.2,Multiple,N/A
58224730-b1f7-46bf-b4a4-1e39ac7c9dee,2025-11-11,CUST-962375,145,4,15,31.26,40,18:00-20:00,Spotify,44.49,0.67,No,0,56,Maps,0.85,13,99.6,3,Yes,3.97,Single,N/A
add02685-3519-4499-a593-d34019ff9f3d,2025-09-27,CUST-282800,94,31,73,19.73,31,18:00-20:00,Netflix,31.42,0.82,No,0,40,Social,0.62,17,99.6,2,No,7.44,Multiple,N/A
f3355142-5a67-4c20-a297-ea621133f851,2025-09-02,CUST-200261,70,23,38,37.34,30,20:00-22:00,None,58.11,0.18,No,0,3,Streaming,1.06,5,95.5,4,Yes,6.43,Single,Canada
b8ac6034-ce01-4f08-b16d-9b938ae5f670,2026-03-09,CUST-309380,202,22,148,32.25,22,20:00-22:00,Netflix,10.18,0.34,No,0,5,Gaming,0.94,5,97.51,2,No,3.09,Single,N/A
7f25a9ef-6d5b-48fd-8ecc-8f4cf1d9dda8,2026-05-15,CUST-138727,266,40,0,17.28,18,18:00-20:00,Netflix,59.56,0.56,No,0,39,Social,1.3,52,95.18,2,No,9.23,Single,N/A
eb43b769-ba0d-4123-a7dd-d893249982b3,2025-12-05,CUST-516338,249,45,178,13.41,41,08:00-10:00,None,56.66,0.59,No,0,37,Gaming,1.13,21,98.81,1,No,6.92,Multiple,N/A
79568672-a610-4493-af51-f3881dac7629,2026-02-08,CUST-407991,135,42,78,17.03,30,08:00-10:00,None,44.77,0.81,No,0,7,News,0.94,60,99.05,1,Yes,0.53,Multiple,N/A
c5ca8965-4405-43ad-81aa-c3a58b301dd8,2026-04-28,CUST-303750,266,37,139,20.66,33,08:00-10:00,Netflix,78.38,0.48,Yes,0,39,Social,0.86,37,97.8,4,Yes,3.96,Multiple,N/A
abf1a7a0-bf8c-4975-88df-5114e4fdd227,2026-04-24,CUST-483027,196,36,17,38.79,28,18:00-20:00,YouTube,62.35,0.9,No,0,58,Maps,1.98,13,96.57,5,No,0.31,Multiple,N/A
bc3eed3b-36ba-48f1-aae2-8dcaf523cfae,2026-01-29,CUST-787825,38,37,199,32.96,41,20:00-22:00,Spotify,30.02,0.55,No,0,48,Streaming,0.51,55,95.59,3,No,7.19,Single,N/A
58fdf0b6-f780-4f2c-8e28-cd2d2e1496c3,2026-07-12,CUST-544371,284,25,30,36.73,21,08:00-10:00,Spotify,67.29,0.75,No,0,26,News,1.1,19,99.1,1,No,3.16,Multiple,N/A
ac98c0d5-d950-4d1f-8cae-cdd70f1bdd46,2025-08-18,CUST-806427,22,47,22,5.21,45,18:00-20:00,None,10.9,0.73,No,0,24,Maps,1.61,28,99.2,3,No,1.59,Single,N/A
233aab6f-8b2d-44b5-9c2c-60c84f340c01,2026-04-21,CUST-354493,225,32,125,13.11,19,08:00-10:00,Spotify,18.93,0.61,No,0,21,Gaming,1.56,9,99.39,4,Yes,9.93,Single,Mexico
307bb97e-bc84-4e79-b559-0b386d6a5d54,2026-04-10,CUST-546929,135,5,156,32.48,7,08:00-10:00,Netflix,12.55,0.4,No,0,19,Gaming,0.84,24,96.77,4,No,0.64,Single,N/A
5637f559-c67a-49d4-a38b-62aa4b9bab82,2026-01-15,CUST-779136,52,24,172,16.15,32,18:00-20:00,Netflix,83.68,0.55,No,0,31,Streaming,1.48,24,97.92,3,No,7.38,Single,N/A
398978dc-d92e-4a2f-9289-c6176e78edf4,2026-03-25,CUST-717818,216,45,29,7.71,33,08:00-10:00,Spotify,90.39,0.5,No,0,15,Social,1.23,59,95.62,3,No,5.21,Multiple,N/A
e6447fb0-98ad-4d86-af90-8d4c80c719ea,2026-07-04,CUST-483342,91,13,96,0.16,20,20:00-22:00,YouTube,34.98,0.34,No,0,42,News,1.84,55,99.15,3,No,2.27,Single,N/A
4a458362-94e1-48df-a207-7a44ae6d29d1,2025-08-24,CUST-139876,13,46,21,1.34,10,12:00-14:00,Netflix,84.62,0.25,Yes,0,9,Social,1.27,38,99.45,3,Yes,3.18,Single,N/A
929ab031-7c66-4821-99ba-3643a807c9ec,2026-02-18,CUST-735711,165,19,130,46.77,20,08:00-10:00,None,80.57,0.53,No,0,50,Social,0.55,31,99.25,3,No,4.9,Multiple,N/A
70786e32-c33d-4192-b7b6-d44ef6def945,2026-07-22,CUST-162745,252,16,14,28.27,16,12:00-14:00,Netflix,26.63,0.57,No,0,53,Social,1.08,48,96.91,2,No,8.71,Multiple,N/A
74310f21-6536-4b0a-8636-156f8acc6c7b,2026-06-21,CUST-512311,128,4,25,40.37,36,20:00-22:00,Netflix,98.18,0.79,Yes,0,50,News,0.61,45,98.03,0,No,5.83,Single,N/A
4d893fee-d226-4deb-8e5a-a4b82fe504f3,2026-01-16,CUST-631133,281,43,135,14.19,19,08:00-10:00,None,23.46,0.7,No,0,7,Productivity,1.51,12,95.5,3,No,0.86,Multiple,N/A
049131e3-ba39-4252-8b55-508b50e0043c,2025-08-27,CUST-771252,265,16,190,43.8,36,08:00-10:00,Spotify,0.64,0.37,No,0,40,Social,1.38,29,95.13,3,No,3.47,Multiple,N/A
7adc8b3f-dcb7-4a05-bf49-77663b77765d,2026-02-20,CUST-647917,157,6,107,13.84,16,20:00-22:00,Spotify,33.2,0.33,No,0,18,Social,1.54,12,96.06,4,No,0.11,Single,N/A
c23738c0-f112-4509-9fd0-c58373e88124,2025-11-03,CUST-464945,35,28,25,45.11,22,20:00-22:00,Netflix,55.55,0.58,Yes,0,7,Social,1.33,28,97.58,3,No,4.7,Single,N/A
d5dd6018-c61d-415a-b3f2-519ec8b7a8f6,2025-12-18,CUST-401520,109,22,22,15.07,11,18:00-20:00,None,57.03,0.62,Yes,0,43,Gaming,0.82,39,95.06,4,Yes,5.48,Multiple,N/A
c1c068a3-8b6c-4ace-bb93-4c9038b9a4a4,2026-02-23,CUST-768999,118,10,66,49.25,34,08:00-10:00,YouTube,86.74,0.69,Yes,0,54,Social,1.63,29,98.54,4,No,3.98,Multiple,N/A
cadf11bf-415b-4092-aa48-c7fcf5e4a678,2025-11-06,CUST-384197,99,49,5,20.5,9,08:00-10:00,None,71.12,0.7,No,0,49,News,0.52,29,96.93,1,Yes,5.13,Single,N/A
8ad11db2-680a-41ee-b971-e45fc780f0a2,2026-02-05,CUST-813513,15,2,118,42.39,35,18:00-20:00,YouTube,85.52,0.1,No,0,19,Productivity,1.36,30,99.03,1,No,8.37,Multiple,N/A
242d6bce-1af2-4b55-806c-9cfb1a1b60ff,2026-03-27,CUST-759690,250,2,136,39.06,20,18:00-20:00,YouTube,57.98,0.61,No,0,0,Maps,1.38,22,98.01,0,No,7.52,Multiple,N/A
fa136211-902a-44f3-86a5-bd78e310bb77,2025-10-11,CUST-434185,67,16,35,22.37,15,20:00-22:00,Netflix,18.87,0.61,No,6848,46,Maps,1.39,51,99.94,2,No,1.66,Multiple,N/A
877d0218-cfc3-4297-9015-69f736ae08ad,2025-08-31,CUST-598173,106,22,176,47.83,44,18:00-20:00,Netflix,85.73,0.51,No,0,37,News,1.02,24,95.3,0,No,6.34,Single,N/A
6e1a1a45-2240-47ea-949f-db8032a8b073,2026-05-10,CUST-967515,156,31,64,18.71,35,20:00-22:00,Spotify,47.92,0.51,No,0,58,Productivity,0.77,56,97.81,5,Yes,3.8,Single,Germany
b43639dc-b7a4-4d48-9fd5-543edf83dff1,2026-06-25,CUST-464344,119,31,145,18.93,41,12:00-14:00,None,98.18,0.2,No,0,46,Maps,1.09,40,96.47,4,Yes,8.23,Multiple,N/A
0be8095b-b18a-4d03-93e5-6a21eabfa606,2025-11-25,CUST-387533,102,25,5,6.17,22,20:00-22:00,YouTube,85.18,0.72,No,0,24,Social,0.93,50,99.98,1,Yes,1.16,Multiple,N/A
a071c755-cf8a-4a1c-a9a0-f7eaf49fd2f4,2026-01-03,CUST-136671,91,20,10,5.57,49,18:00-20:00,Spotify,72.3,0.78,No,0,38,Streaming,0.74,37,99.71,0,No,3.41,Single,Germany
3be6fdd2-8e9b-4c5a-9ed5-f5b3b3b63bc6,2026-03-22,CUST-831286,226,33,6,39.26,43,20:00-22:00,YouTube,90.03,0.58,No,0,3,News,1.82,16,97.8,1,No,1.82,Multiple,N/A
f63120e1-0f90-4a26-9d01-fb878f11fc99,2025-08-22,CUST-624287,128,16,134,27.21,29,18:00-20:00,Netflix,88.92,0.55,No,0,33,Social,1.68,50,95.01,1,Yes,1.63,Multiple,N/A
18dbfcd9-86b6-4a08-a9fb-97c5d51a0f42,2025-08-27,CUST-213411,86,41,94,46.87,32,08:00-10:00,Netflix,42.09,0.55,No,0,12,Productivity,1.41,17,96.28,2,No,4.48,Single,N/A
1346dd91-9a5f-4ed1-8a1c-b889adeb705d,2026-01-01,CUST-567219,285,4,184,6.36,18,08:00-10:00,None,68.35,0.53,No,0,48,Maps,1.88,11,96.33,4,Yes,6.12,Single,N/A
71d44b99-a0c9-4dc6-9a07-c5054b739d75,2025-10-28,CUST-188517,283,4,37,2.65,33,20:00-22:00,Spotify,27.18,0.11,No,0,37,Social,0.57,56,97.62,1,Yes,4.49,Single,N/A
0d106f7b-77a4-48df-9ec1-76991d50647e,2026-06-24,CUST-189221,103,32,78,24.54,13,08:00-10:00,None,93.49,0.14,No,7149,42,Productivity,0.73,52,96.93,5,No,8.96,Single,N/A
51f4a074-e9cf-423d-9e6a-e9016ffab008,2026-01-23,CUST-415057,193,28,80,18.96,45,18:00-20:00,Spotify,97.36,0.43,No,0,30,News,1.63,26,96.58,3,No,0.62,Multiple,N/A
e3a0d78f-3501-4ad0-922b-7c31eb763b4f,2025-10-03,CUST-766450,143,45,40,42.56,45,08:00-10:00,None,4.62,0.72,No,0,49,News,1.94,46,96.2,2,No,5.87,Multiple,UK
0c8e2e33-dc33-4df6-b069-8b110a45aab0,2026-05-26,CUST-256256,139,23,120,35.37,32,12:00-14:00,YouTube,68.4,0.64,Yes,0,14,News,1.35,9,99.54,1,No,1.92,Single,N/A
d6dfa7b7-fb46-4d16-b036-dc6729bfd579,2026-01-15,CUST-697663,119,18,199,25.81,12,18:00-20:00,Spotify,55.65,0.59,No,0,26,Social,0.65,29,95.77,0,Yes,1.88,Single,N/A
e400f8e4-5f1f-4892-8751-2701799a1840,2026-02-13,CUST-602018,162,40,169,44.01,41,20:00-22:00,None,49.58,0.48,No,0,35,Productivity,1.32,5,95.88,3,No,4.2,Multiple,N/A
7aa0bd57-cfcb-450a-bc2a-fc869eee0877,2025-07-25,CUST-250612,124,16,40,2.61,8,20:00-22:00,Spotify,82.46,0.74,No,0,5,Productivity,1.78,47,95.87,1,No,4.37,Single,Canada
2c34914c-4a53-499f-b705-ab772730da47,2025-11-15,CUST-693217,141,44,39,26.36,21,12:00-14:00,Spotify,40.95,0.38,No,0,25,Gaming,0.56,27,98.82,3,No,7.76,Single,N/A
da83636c-f096-4084-a3cd-40c38a228f67,2025-08-08,CUST-869479,287,29,26,38.67,39,12:00-14:00,Spotify,82.62,0.29,No,0,25,Productivity,0.85,28,96.42,2,No,2.68,Single,N/A
ad9b3fd1-b4b0-481a-a556-5f704e2e90e4,2025-12-09,CUST-913870,240,32,98,1.66,13,08:00-10:00,Netflix,45.14,0.16,No,0,28,Productivity,1.66,49,98.61,4,No,7.85,Multiple,N/A
85dd77dc-d35f-4614-9031-52bdae335ef1,2026-01-15,CUST-606146,112,38,180,11.85,29,08:00-10:00,Netflix,0.1,0.22,Yes,0,16,Maps,0.77,52,99.26,2,Yes,3.17,Single,N/A
5d081aab-1b02-44b2-8326-9aef7407191c,2025-12-16,CUST-143615,154,16,63,36.68,26,20:00-22:00,Netflix,16.99,0.6,No,0,24,News,0.88,47,98.81,4,No,5.53,Single,N/A
9256d5ed-d565-4a21-813a-41a68d68db64,2026-03-25,CUST-236092,88,13,161,20.34,46,20:00-22:00,YouTube,28.06,0.46,No,0,43,Productivity,1.1,28,98.72,2,No,0.86,Single,N/A
c225e94c-9634-47c3-adfd-be14f3b9e786,2026-07-24,CUST-128587,134,39,169,39.26,21,12:00-14:00,Spotify,76.03,0.77,No,0,54,Maps,1.59,29,99.13,1,Yes,0.06,Single,N/A
83e28307-a328-4dd9-a68e-56399bbeb5c1,2026-05-03,CUST-377542,205,35,5,17.47,32,20:00-22:00,Netflix,95.5,0.69,No,0,37,Gaming,0.51,39,95.92,1,No,3.81,Single,N/A
3d18567b-1b9c-4a9d-a1e4-9843be09f5eb,2026-04-03,CUST-899078,213,25,112,13.87,49,12:00-14:00,YouTube,61.96,0.45,No,0,53,Social,1.21,59,97.44,2,No,1.68,Single,N/A
4c8a95b5-edc3-465b-ba72-ecbde884b11e,2025-11-02,CUST-506506,267,16,5,18.23,9,20:00-22:00,YouTube,99.76,0.81,No,0,4,News,1.79,35,95.42,4,Yes,8.29,Single,N/A
197e76df-fbc2-42ef-9e1b-cc198f74d398,2025-11-23,CUST-932208,178,21,36,11.85,24,12:00-14:00,Spotify,98.16,0.66,No,2452,44,Maps,1.81,7,97.35,2,No,9.45,Single,N/A
5b79fc1b-155d-4622-804b-8ace6c6696da,2026-02-07,CUST-607811,50,46,32,29.94,26,12:00-14:00,YouTube,65.4,0.63,No,0,51,News,0.67,55,99.95,3,Yes,1.74,Single,N/A
828f2bc4-0715-473f-8927-55308ae9ba5d,2025-08-02,CUST-440335,22,49,75,39.67,32,12:00-14:00,Netflix,23.53,0.26,No,9123,0,Gaming,1.51,36,95.9,4,No,4.64,Multiple,N/A
2f3f9d2d-1174-4ff0-818c-963e8c32b6f7,2025-09-11,CUST-973167,44,50,101,26.46,49,08:00-10:00,Spotify,50.54,0.15,Yes,0,39,Gaming,1.8,10,98.86,5,Yes,5.96,Multiple,N/A
3d96d0e6-ad1b-43da-98d6-c492f0ce78df,2026-01-04,CUST-995263,19,21,30,27.62,36,18:00-20:00,Spotify,71.09,0.11,No,0,5,Social,1.63,46,96.15,4,No,3.96,Single,N/A
0287f63e-b34c-4248-83c9-f1f8f58209cd,2026-01-24,CUST-287656,185,7,121,48.84,9,20:00-22:00,None,91.84,0.35,No,8476,43,Productivity,1.01,33,96.91,3,No,4.22,Single,N/A
7af065df-24f5-4746-bc85-6d93a1b640ca,2025-10-25,CUST-135669,154,10,126,41.39,5,08:00-10:00,None,72.27,0.75,Yes,0,56,Productivity,1.36,35,97.35,0,No,4.93,Single,N/A
35ffc6d4-3849-4a97-867a-c3805cd2a8bd,2025-10-13,CUST-950345,197,44,103,41.18,42,20:00-22:00,Spotify,35.46,0.12,No,0,49,Streaming,0.89,15,95.71,3,No,3.75,Single,N/A
0851b87a-4990-45c0-aebb-3624b1f3459f,2026-01-07,CUST-107885,279,30,81,37.74,27,20:00-22:00,Netflix,95.53,0.72,Yes,0,8,Productivity,0.71,21,98.25,0,No,5.52,Multiple,N/A
3b601b09-965a-428b-89a5-c24a0c420fc7,2026-01-06,CUST-161464,10,47,14,37.93,14,08:00-10:00,None,98.04,0.2,No,0,54,Streaming,1.37,39,97.49,3,No,7.28,Single,N/A
76d46613-3a9c-4253-a749-08041e6b78b6,2026-07-19,CUST-294712,149,38,30,1.16,24,18:00-20:00,YouTube,51.99,0.21,No,3725,59,Social,1.02,55,97.09,4,No,4.15,Multiple,N/A
bb8642fb-14a5-42b0-821a-e871b5d7db23,2025-08-11,CUST-952238,280,38,150,34.62,36,08:00-10:00,None,99.35,0.32,No,0,32,News,1.51,55,99.41,2,Yes,8.44,Single,N/A
23229b02-80fa-4a8f-a8ae-aee266e80e0c,2026-02-07,CUST-591660,193,33,70,8.68,39,20:00-22:00,None,33.85,0.46,No,0,26,Streaming,1.18,58,96.39,0,Yes,7.56,Multiple,N/A
5d24e7fe-0041-42ae-82a8-9de8d1e24ee5,2026-05-04,CUST-383269,128,41,67,26.97,12,08:00-10:00,YouTube,73.08,0.68,No,0,23,Maps,1.24,45,99.5,4,No,8.23,Single,N/A
9c619bbe-6591-45f1-84bb-fc3aca886b0b,2026-03-23,CUST-777410,267,6,91,27.48,27,20:00-22:00,Spotify,41.15,0.5,Yes,0,25,Social,1.56,6,96.94,4,No,3.22,Single,N/A
cbc606e5-eca7-4422-8ed7-4b6c97c3eb12,2026-06-23,CUST-513681,5,49,184,21.85,25,12:00-14:00,YouTube,30.31,0.8,No,8335,31,Social,0.88,18,97.6,1,No,7.69,Single,N/A
29c4a7b8-de3b-462b-8392-98c222dbee04,2025-09-22,CUST-885606,129,17,68,34.13,23,08:00-10:00,YouTube,55.32,0.36,Yes,6365,26,Maps,1.13,58,99.59,0,No,5.29,Multiple,N/A
aef49f59-d9b2-40f2-970c-13bd239fff1d,2026-06-07,CUST-586615,193,33,105,41.2,13,18:00-20:00,None,14.79,0.87,Yes,0,41,Gaming,1.82,29,98.39,0,No,7.86,Single,N/A
73470387-a803-4578-99bd-0a05b850c74a,2025-10-26,CUST-846454,78,33,67,40.15,27,08:00-10:00,None,45.21,0.52,No,4268,41,Gaming,1.07,54,98.47,1,No,1.93,Single,N/A
3db729b1-95b3-4a21-9ce2-5efe1d31f599,2025-10-10,CUST-866905,298,32,127,6.82,27,08:00-10:00,YouTube,86.58,0.77,No,0,45,Social,0.65,11,97.96,0,No,7.49,Single,N/A
28768adb-937c-45f4-b020-558aec0033c6,2026-04-25,CUST-338238,170,36,163,28.07,31,12:00-14:00,Spotify,41.98,0.63,No,0,44,News,1.55,45,98.71,3,No,5.69,Single,N/A
a4a5886f-7f7c-400f-a471-7c6ebeb26ac3,2025-09-22,CUST-690803,125,38,55,27.27,10,18:00-20:00,YouTube,10.34,0.67,Yes,0,46,Productivity,0.51,26,99.43,2,No,5.33,Single,N/A
b7c38fbe-0b50-4dde-8cf1-67fb5fb41822,2025-12-13,CUST-736474,112,43,135,1.47,32,18:00-20:00,None,17.3,0.53,No,0,57,Streaming,0.89,57,96.96,0,Yes,1.4,Single,N/A
a1f3c937-87c2-4624-9083-5727490281ec,2025-08-19,CUST-519916,85,16,126,38.19,9,12:00-14:00,None,66.79,0.29,No,0,55,Streaming,1.94,14,97.65,0,No,8.13,Single,N/A
16642223-4b38-4266-b2f5-c4589f85d356,2025-08-31,CUST-313586,186,38,198,48.53,32,20:00-22:00,Spotify,64.05,0.63,No,0,7,Streaming,1.9,39,96.9,4,No,2.16,Single,N/A
e88f1fa4-7929-4f0c-9ef5-b272d36fe22b,2026-06-04,CUST-592078,73,10,8,0.95,35,20:00-22:00,YouTube,31.79,0.19,No,2091,6,Streaming,1.66,50,96.6,3,No,5.33,Multiple,N/A
081b58e8-0060-4229-ac9e-e40fb7582f1a,2025-12-16,CUST-748000,146,2,74,5.61,8,18:00-20:00,Netflix,16.72,0.1,No,0,49,News,1.56,38,98.6,5,Yes,9.95,Single,Germany
25a1d30a-6ffa-4cfe-8d0a-4b4b70483790,2025-10-09,CUST-449960,150,39,44,37.98,34,08:00-10:00,Netflix,93.85,0.7,No,0,29,Maps,1.29,60,95.61,3,No,5.98,Single,N/A
504d2633-6baf-4784-959c-6d3fb57b4593,2026-06-07,CUST-491704,189,16,158,45.68,44,08:00-10:00,None,21.38,0.21,No,0,22,Productivity,1.15,28,98.97,5,No,5.34,Multiple,N/A
c03306c8-2f72-485f-a502-814e91ae0218,2025-11-18,CUST-902994,82,45,196,31.8,31,12:00-14:00,None,99.32,0.71,No,0,16,Social,1.03,38,98.48,3,Yes,8.05,Single,N/A
2d306223-6c16-4ecd-8db6-9252c3578f3f,2026-04-11,CUST-773894,134,21,53,4.11,48,20:00-22:00,Netflix,11.13,0.75,Yes,0,25,Streaming,0.87,43,98.53,1,Yes,5.85,Multiple,N/A
ed7d8b30-b9f7-4fd7-b550-b3b510e96a6e,2026-05-08,CUST-399326,236,47,81,3.77,21,12:00-14:00,Netflix,63.76,0.27,No,0,57,Gaming,0.6,39,95.19,1,Yes,0.02,Multiple,N/A
ff23f8f4-e333-4ab0-95e3-262294ae1d12,2025-09-28,CUST-389556,265,16,28,30.09,23,08:00-10:00,None,73.52,0.69,No,0,32,Social,1.61,47,99.92,3,No,8.66,Multiple,N/A
768b24c8-f2b4-45f9-95a2-491813a57dd6,2026-06-01,CUST-647497,240,31,163,14.96,29,12:00-14:00,Spotify,45.64,0.62,Yes,0,60,Gaming,1.3,37,96.43,5,Yes,5.47,Single,N/A
f61ee724-f8c9-4e09-ba07-60f69f19a3fd,2026-05-02,CUST-713757,138,20,110,7.11,45,12:00-14:00,None,31.25,0.34,Yes,0,28,Maps,1.99,38,99.41,4,No,9.18,Multiple,N/A
96d39ee9-493d-45b6-8a38-4dfcf36bbc1e,2025-12-03,CUST-222579,95,21,58,25.91,16,18:00-20:00,YouTube,27.82,0.51,No,0,10,Gaming,1.59,23,97.2,4,No,3.89,Single,N/A
873ee883-1202-4c4b-9601-26f4a9991c4e,2026-06-01,CUST-552475,141,32,149,8.02,39,12:00-14:00,YouTube,23.05,0.29,No,1191,30,News,1.43,13,99.27,4,No,2.1,Multiple,Mexico
20511442-a4a7-472b-a5dc-5e66289c44a2,2026-07-10,CUST-802078,164,42,17,39.25,8,18:00-20:00,None,54.26,0.21,No,0,42,Social,1.26,52,97.03,0,Yes,4.49,Single,N/A
ff5b5a57-fb3f-4495-bdfc-3a74c01e2d18,2026-02-03,CUST-128602,201,36,92,33.17,40,08:00-10:00,YouTube,49.29,0.11,No,0,16,Streaming,0.55,40,97.84,1,No,0.16,Multiple,N/A
28af532e-9ceb-4652-96fa-cf5d234318b0,2026-01-11,CUST-566292,63,40,175,11.03,21,18:00-20:00,None,14.61,0.7,No,0,28,Social,0.6,41,98.97,5,Yes,2.85,Multiple,Canada
3b4980df-ec9b-48c7-8af7-eccc94e0f6f6,2025-10-07,CUST-909436,181,22,127,25.99,17,20:00-22:00,YouTube,91.38,0.86,No,0,15,News,0.59,7,99.08,1,No,5.43,Multiple,N/A
98b342a6-3dd2-4f3b-b320-c95a9ee42492,2025-09-12,CUST-574687,64,34,165,28.64,24,12:00-14:00,Spotify,55.96,0.36,No,6230,52,Gaming,1.61,38,96.35,4,Yes,2.04,Single,N/A
25b4725d-ddb8-4393-92bd-ba5b9b1065cb,2026-03-02,CUST-634954,170,24,17,38.4,29,08:00-10:00,YouTube,73.69,0.73,No,0,33,Streaming,0.71,25,96.31,3,No,3.52,Single,N/A
00407517-a1d1-4609-9cc4-5721b1ea61bb,2026-03-09,CUST-533026,70,13,2,29.08,33,20:00-22:00,None,74.62,0.59,No,0,0,Maps,1.43,18,96.65,1,No,9.67,Single,N/A
0b4df013-02ef-4578-8f21-19381c346db0,2025-07-29,CUST-582663,113,6,60,15.33,38,20:00-22:00,YouTube,2.77,0.71,No,0,5,News,1.69,45,96.67,0,No,8.7,Multiple,N/A
4233ad7a-3061-4b00-abb4-e41ec2bc1443,2025-12-08,CUST-516331,259,36,164,7.87,15,18:00-20:00,Netflix,71.88,0.31,No,0,52,Social,0.53,34,99.58,3,No,7.66,Single,N/A
b9b28861-eb30-43fd-9608-24e95a21e925,2026-01-27,CUST-558930,50,14,121,45,17,20:00-22:00,Netflix,60.3,0.35,No,0,6,Productivity,1.47,55,99.8,1,No,2.38,Single,N/A
fdd6b33d-3cc9-4471-8336-a883aec64413,2025-12-17,CUST-872099,110,13,46,0.51,18,12:00-14:00,Spotify,50.86,0.4,No,0,40,Productivity,1.68,20,95.53,2,No,3.41,Multiple,N/A
caddcdeb-eea3-48c0-98d3-8cf9e761c4fc,2026-03-28,CUST-970418,47,6,104,44.96,44,08:00-10:00,YouTube,29.14,0.53,No,7459,29,Social,0.99,56,96.03,1,No,5.06,Single,N/A
f15984b5-1d2f-4e58-a110-aa87773eb40a,2026-06-29,CUST-793025,51,4,69,44.64,14,20:00-22:00,None,87.55,0.76,Yes,6492,48,Gaming,1.92,59,96.82,0,No,4.68,Multiple,N/A
71c42136-899b-4992-8b40-02a46601bb7e,2026-05-27,CUST-912311,219,43,141,31.38,15,08:00-10:00,Netflix,10.51,0.58,No,0,56,Maps,1.3,51,96.18,3,No,8.57,Multiple,N/A
9bb3d0cc-c74a-4d70-b2b2-1e602ed3d46c,2025-08-31,CUST-327763,253,50,168,45.8,41,12:00-14:00,Netflix,41.66,0.62,No,0,26,Maps,1.15,20,96.92,4,Yes,8.84,Single,N/A
5e94e8a7-3026-44b0-aef2-268f410c47fd,2026-03-29,CUST-708615,83,17,22,34.72,6,08:00-10:00,None,67.26,0.27,No,0,49,News,1.03,46,96.37,4,No,2,Multiple,Germany
354374d9-72dd-4534-9619-f37395db8b5a,2025-11-09,CUST-951168,50,41,0,30.45,32,18:00-20:00,Spotify,89.95,0.23,No,0,44,Streaming,1.77,14,97.85,5,No,2.73,Single,N/A
eab39c24-9205-4511-8a37-fd5789f816d2,2026-03-09,CUST-290227,14,40,62,22.86,6,18:00-20:00,Netflix,66.38,0.26,No,0,30,Social,1.1,49,95.17,0,No,9.16,Single,N/A
45fb1a79-952e-41e1-838a-299089e03be7,2026-04-21,CUST-255317,201,14,136,41.36,46,20:00-22:00,YouTube,17.84,0.78,No,0,59,News,0.74,49,97.93,3,No,8.26,Single,N/A
5400ba95-4814-49a7-bfcc-a0ea581f01a9,2025-08-18,CUST-155124,234,49,86,9.49,18,08:00-10:00,Spotify,41.45,0.81,No,0,38,News,1.51,45,97.34,1,No,9.63,Single,Germany
be81a883-43f9-4f8a-8c6d-096f8b69078a,2026-06-02,CUST-962893,14,38,147,3.14,19,20:00-22:00,YouTube,12.91,0.13,No,0,59,Gaming,0.6,24,95.83,0,No,1.86,Single,N/A
aa2e5627-6022-4ea2-9b57-66a7eaf0eeff,2026-01-12,CUST-940044,66,44,40,43.33,39,20:00-22:00,Netflix,76.8,0.81,No,0,58,Maps,1.71,17,95.17,5,Yes,4.16,Single,N/A
4118c590-0cf7-47c7-a29a-1435ca68afe5,2026-03-08,CUST-740626,105,25,137,20.72,14,18:00-20:00,Spotify,99.62,0.55,No,8939,32,Productivity,0.52,15,97.8,1,No,0.42,Multiple,N/A
d5d6ff7e-724b-4edc-95a5-4872c14567b3,2026-01-07,CUST-425992,294,47,123,46.2,19,20:00-22:00,Netflix,9.74,0.27,No,0,9,Productivity,1.35,13,96.51,1,No,5.15,Single,N/A
87b383b1-986d-4a30-9f89-49a84cc502f9,2025-11-04,CUST-938794,287,3,107,4.7,13,08:00-10:00,YouTube,29.3,0.69,Yes,0,9,Productivity,1.13,56,97.88,5,Yes,3.87,Multiple,N/A
a1db5669-8f01-4af6-a856-91cbcd3e66a7,2026-06-24,CUST-186027,104,42,151,14.33,36,20:00-22:00,Netflix,47.91,0.42,No,0,11,Maps,1.09,58,99.12,0,No,0.05,Multiple,N/A
630d338a-4dd3-4b3c-83ef-93e698d17232,2025-09-25,CUST-282216,81,30,187,2.49,48,08:00-10:00,YouTube,68.91,0.36,No,0,43,Gaming,0.93,13,95.5,2,No,7.45,Multiple,N/A
4d6b381d-916e-479c-9459-d09d0e49d2e7,2026-06-02,CUST-412446,5,4,165,6.91,28,08:00-10:00,None,82.64,0.39,No,0,26,Productivity,0.82,25,98.33,1,No,6.68,Multiple,N/A
f6130b2b-c91b-42c9-a5ed-acb16205d338,2026-03-07,CUST-659968,93,7,142,9.01,50,12:00-14:00,Netflix,0.94,0.83,No,0,56,Social,1.91,20,95.84,3,No,1.23,Multiple,N/A
efc9b280-3e28-444d-bafd-2a4dc3d7e808,2026-04-09,CUST-218611,42,46,183,16.3,33,08:00-10:00,None,12.59,0.42,No,0,39,Maps,1.08,26,99.13,3,No,5.19,Single,N/A
48e491cb-f130-4803-a929-01f2768aebda,2025-08-03,CUST-422777,40,43,167,16.93,41,20:00-22:00,None,98.14,0.13,No,0,59,News,1.07,50,95.71,3,Yes,9.21,Multiple,N/A
b4c2800d-d55a-4b56-aaf7-4626fda87889,2025-10-29,CUST-841328,191,46,1,14.23,29,12:00-14:00,Spotify,36.12,0.85,No,0,11,Gaming,1.45,59,99.05,0,No,7.59,Single,N/A
cab7d21e-ddd4-47dd-b0d2-9a54775802a1,2026-03-08,CUST-222260,181,30,70,1.4,23,12:00-14:00,Spotify,64.05,0.29,No,0,36,Social,1.83,31,96.62,4,No,0.07,Multiple,N/A
1f19b0d1-d972-47e1-9b84-419b34b9084e,2025-09-29,CUST-293979,44,5,193,31.62,29,18:00-20:00,None,1.78,0.33,No,0,36,News,1.59,39,97.78,4,No,1.09,Single,N/A
b19d69fe-dd41-4887-97ec-22d438ffa6c0,2026-05-13,CUST-810081,260,29,137,17.02,26,08:00-10:00,YouTube,52.86,0.15,No,0,43,Streaming,1.8,44,97.25,0,Yes,6.64,Single,N/A
51acd579-0ff7-4dbc-96ef-6d7bf6e9d4b4,2026-05-26,CUST-243316,251,33,135,48.82,40,20:00-22:00,None,33.5,0.82,No,6024,44,Maps,0.85,41,97.11,3,No,4.01,Single,N/A
41280463-4246-4137-9257-940c18bfefd5,2026-05-05,CUST-865081,163,43,37,14.93,14,20:00-22:00,Spotify,3.64,0.72,No,0,40,News,0.89,48,95.82,0,No,2.44,Single,Germany
912905aa-6545-465b-b7b6-0ffd06777446,2026-01-11,CUST-790870,192,26,37,42.6,7,20:00-22:00,YouTube,75.89,0.51,Yes,0,59,Streaming,1.49,8,98.69,3,Yes,9.05,Multiple,N/A
c790f6e8-5d8d-489f-b2e4-60ac82aa12c1,2025-12-15,CUST-352985,182,31,5,6.45,38,08:00-10:00,None,68.58,0.15,No,0,5,News,1.09,18,95.33,2,Yes,0.5,Single,N/A
6962bc1d-fb82-4efd-b898-d9dcf174a9ac,2026-02-03,CUST-960281,211,29,54,49.84,13,12:00-14:00,Spotify,48.49,0.57,No,0,28,Gaming,1.52,50,99.89,1,No,5.97,Single,N/A
5a684825-e31f-4671-90db-78bc0e1ba45b,2026-03-05,CUST-985461,175,47,114,42.33,18,12:00-14:00,Netflix,53.56,0.24,No,0,50,News,0.58,6,95.23,3,No,1.85,Single,France
5da93f4a-0f2d-40f1-a5a2-a3ce6c10a415,2025-11-03,CUST-770886,93,27,128,13.58,35,20:00-22:00,None,32.08,0.34,No,0,21,News,1.2,29,95.4,3,Yes,2,Multiple,N/A
c9c4166e-9963-4846-8727-2784b9ecbf0a,2025-11-21,CUST-194117,278,22,66,20.66,33,18:00-20:00,Spotify,81.47,0.82,No,0,50,Social,0.64,23,99.1,0,No,5.41,Single,N/A
898a0245-9248-432b-aa32-ebc3fdb17431,2026-04-12,CUST-681966,84,3,23,17.36,49,08:00-10:00,Spotify,99.38,0.61,No,0,13,Maps,1,24,99.42,1,No,6.13,Single,N/A
ef1b51dc-a22c-49e3-9f3a-3271596dcf20,2025-11-04,CUST-935216,247,5,130,23.51,47,18:00-20:00,Netflix,67.15,0.43,Yes,0,30,Gaming,0.78,51,96.97,4,Yes,8.69,Multiple,N/A
6a4e347e-b3c6-4d7c-84ed-983f0d243c44,2025-09-04,CUST-469040,211,32,25,49.86,46,08:00-10:00,Netflix,25.86,0.71,No,0,27,Gaming,1.94,18,95.71,2,No,5.15,Multiple,N/A
87fa706e-1041-45b1-8ea7-b11ebf0d38e4,2025-08-16,CUST-950544,161,4,189,15.67,23,12:00-14:00,YouTube,7.49,0.85,No,0,44,Gaming,0.56,9,97.65,3,No,5.31,Single,N/A
2db2d2a9-db6d-45b7-bbf7-5ef5ed9b6ff5,2026-04-27,CUST-339779,251,8,83,47.98,46,20:00-22:00,None,48.72,0.84,Yes,0,35,Productivity,1.71,45,95.56,2,Yes,7.6,Single,N/A
f1dd235a-d9fe-4353-975a-fb3f6f1520eb,2025-12-07,CUST-739011,173,28,156,37.75,18,08:00-10:00,Spotify,44.19,0.61,Yes,0,6,Gaming,1.15,58,97.3,3,No,9.17,Multiple,N/A
c8cfa0ab-5807-428e-a1fe-9c5a51397027,2025-09-09,CUST-785432,300,14,126,8.76,28,18:00-20:00,Netflix,12.76,0.38,No,0,2,News,1.93,57,97.57,2,Yes,4.42,Multiple,N/A
42e1080e-568c-4790-a44b-9ba04b5e5006,2026-01-01,CUST-441133,227,25,108,48.34,25,20:00-22:00,Netflix,71.83,0.4,Yes,3363,37,Gaming,0.53,39,99.34,2,No,2.3,Single,N/A
f60d1f9b-3460-406b-ae57-718893602556,2026-02-16,CUST-847230,253,45,164,10.23,32,18:00-20:00,None,84.82,0.39,No,0,42,News,1.99,6,97.28,2,No,3.02,Single,N/A
9d152064-46ee-4596-80b4-40409743a120,2026-05-21,CUST-617181,216,9,171,31.07,42,08:00-10:00,YouTube,48.45,0.39,No,0,27,Maps,0.97,52,99.5,3,No,5.06,Multiple,N/A
7f6b1cb0-791b-4b87-8880-61510bb27f78,2025-09-26,CUST-488946,218,12,60,16.21,11,12:00-14:00,Spotify,32.9,0.61,No,0,20,Social,1.29,54,97.31,1,No,7.31,Multiple,N/A
a153c5e4-6ed1-4cee-9f4a-713b0962f1a0,2026-04-30,CUST-621193,181,8,200,24.32,38,20:00-22:00,Netflix,10.89,0.89,No,0,1,Productivity,0.74,36,99.04,2,No,4.75,Multiple,N/A
92c62863-465e-45d9-92e5-dd8bca074f6f,2025-12-15,CUST-830439,123,6,48,23.1,13,18:00-20:00,None,72.39,0.47,No,0,16,Gaming,0.9,5,97.54,3,No,0.11,Multiple,N/A
ac22c92e-d150-4b38-bcaf-272385c67aac,2026-06-29,CUST-102868,164,17,64,41.92,34,18:00-20:00,Netflix,88.2,0.69,No,0,33,News,1.05,58,99.62,3,No,7.77,Single,N/A
f9f82127-5ecc-4e6d-b58e-e46ce1744d04,2025-11-14,CUST-993921,120,37,172,6.39,42,08:00-10:00,None,72.19,0.76,No,0,7,Gaming,1.52,59,98.18,2,Yes,2.59,Multiple,N/A
c2f68b0f-bba9-4f07-a70c-ca822025d7c0,2025-08-20,CUST-712895,181,32,187,37.08,33,20:00-22:00,YouTube,93.72,0.12,No,0,56,Social,1.23,42,95.68,4,Yes,1.35,Single,N/A
1b0dd05b-b65b-46dc-b9c1-bd15a1d699bc,2026-02-16,CUST-102625,185,28,69,15.95,50,20:00-22:00,None,47.88,0.16,No,0,50,News,1.47,40,95.28,4,No,1.72,Single,N/A
471f2370-5471-428c-b8f6-8088005e80da,2025-09-14,CUST-557432,15,15,159,40.96,41,12:00-14:00,Spotify,77.79,0.6,No,0,20,Social,0.51,13,96.84,3,No,2.17,Single,N/A
4bbfe466-e4e7-43e0-bb30-8254b10d7797,2026-05-09,CUST-642116,230,3,178,11.16,23,20:00-22:00,Netflix,89.54,0.5,No,0,45,Maps,0.77,37,97.88,2,Yes,1.65,Single,N/A
4eafd716-87cf-4e91-81bd-f5af571362df,2025-09-06,CUST-372845,31,31,1,39.13,48,08:00-10:00,None,5.3,0.18,No,0,42,Productivity,1.75,31,96.39,1,No,0.84,Multiple,N/A
8b900631-1e89-47c8-ac38-14464d3b4c49,2025-11-13,CUST-324604,58,5,41,18.28,37,12:00-14:00,YouTube,97.96,0.88,No,8808,1,Streaming,1.97,5,99.88,3,No,7.38,Multiple,UK
a65c6dda-445b-4330-ab8c-7d00071d355a,2026-01-28,CUST-369384,216,23,104,4.61,38,12:00-14:00,YouTube,32.81,0.36,No,0,8,Social,1.13,12,99.71,1,Yes,5.45,Multiple,N/A
8e41f351-2555-4313-9999-19cc5f37da05,2025-12-07,CUST-360672,57,1,10,14.32,7,08:00-10:00,Netflix,24.92,0.89,No,0,51,News,1.93,14,99.23,4,No,0.19,Single,N/A
85ae7d23-19ed-4305-8de7-94abe4e4cf32,2025-10-15,CUST-216839,99,20,78,16.48,36,18:00-20:00,None,46.72,0.78,No,0,14,Maps,1.13,43,95.72,4,Yes,9.59,Single,N/A
6be4c0f7-6b80-4449-8519-b3fddbb394b7,2025-08-11,CUST-793853,226,4,36,9.27,37,20:00-22:00,YouTube,27.06,0.29,No,0,35,Gaming,1.2,23,99.89,2,No,9.54,Single,N/A
b2aeb3da-5d27-4a08-9b3f-fc0d4a8dc2b5,2025-11-09,CUST-822204,253,33,169,25.32,7,08:00-10:00,None,61.21,0.16,No,0,1,Social,0.7,20,97.11,1,No,7.33,Multiple,N/A
fb711bb4-537a-42b1-bd71-7a94f589a799,2025-09-01,CUST-358443,222,32,100,15.41,20,12:00-14:00,YouTube,92.88,0.52,No,0,32,Gaming,1.5,41,97.72,3,Yes,7.07,Multiple,N/A
0134c90e-d2e1-4a2f-b9bb-f900b9745e76,2025-09-15,CUST-828199,296,22,83,40.57,32,12:00-14:00,None,14.05,0.48,No,7653,38,Maps,1.56,46,97.62,2,Yes,7.45,Single,N/A
27517678-3dc4-4194-9cef-53eb5bf24bb2,2025-09-17,CUST-474858,128,38,116,24.93,13,12:00-14:00,Spotify,89.86,0.88,No,0,15,Gaming,1.45,9,95.65,5,No,4.92,Single,N/A
d0d9830e-8da0-4563-bc6e-89903bdffec1,2025-08-09,CUST-993982,50,36,60,12.42,33,20:00-22:00,Spotify,99.61,0.7,No,5114,56,Productivity,1.96,54,99.42,0,No,5.35,Single,N/A
d6bb427a-2df6-4f0d-8fe6-7b23fa133066,2025-07-28,CUST-562460,91,24,29,49.17,26,20:00-22:00,None,70.23,0.39,No,0,55,News,1.97,55,97.1,1,Yes,5.6,Single,N/A
9815857e-c534-4cf4-b0ce-b653d882b483,2026-06-10,CUST-698032,145,21,108,41.02,17,12:00-14:00,Spotify,18.51,0.55,No,0,57,Productivity,1,10,98.9,3,No,6.91,Single,N/A
286e1b9c-53bb-447c-9bcb-f8c443982cd8,2025-09-20,CUST-191903,222,12,87,0.35,41,20:00-22:00,None,86.24,0.57,No,0,52,Streaming,0.64,55,96,5,No,8.41,Single,N/A
18b4ee0e-599f-42ca-9717-e386243bba15,2026-05-28,CUST-218995,19,33,86,19.61,47,12:00-14:00,None,17.52,0.88,No,0,32,Social,1.29,29,97.14,0,No,7.91,Multiple,Germany
b9a11289-54ca-4e49-ae8d-642b0f3439ef,2026-04-28,CUST-550181,232,27,156,38.79,29,12:00-14:00,Netflix,20.73,0.57,Yes,0,52,Productivity,1.32,46,95.49,0,Yes,8.18,Single,N/A
8d470853-01bd-450d-b4d2-8c4cdffe858b,2025-07-28,CUST-451118,147,40,177,29.9,19,12:00-14:00,Netflix,44.15,0.45,No,0,53,Maps,0.52,52,95.79,3,No,6.49,Multiple,N/A
df4eda48-78e7-40dd-a5ca-19e3b04ffc75,2025-08-30,CUST-466607,115,40,77,49.31,32,18:00-20:00,YouTube,97.7,0.61,Yes,0,53,Gaming,1.13,17,95.07,3,No,9.59,Multiple,N/A
9ce115ed-d1db-4d40-b065-3ace84b96ef4,2026-03-05,CUST-736289,99,19,53,17.75,43,08:00-10:00,Spotify,50.47,0.19,No,0,2,News,1.93,57,97.1,4,No,0.86,Multiple,N/A
17e2a6aa-d78d-451c-97f0-3160c57046d3,2026-06-21,CUST-985382,129,29,168,15.35,22,18:00-20:00,Netflix,55.84,0.46,No,0,42,News,1.23,20,98.25,1,No,7.26,Single,Mexico
a340a965-210d-4903-9e5c-61a8241aade0,2025-10-19,CUST-705688,246,44,11,15.53,16,20:00-22:00,Netflix,28.71,0.68,No,0,47,Maps,1.62,11,96.97,3,No,3.55,Multiple,N/A
4f690f0e-da43-4a45-aef1-3206f0da7e06,2026-06-24,CUST-174468,46,45,62,21.14,35,12:00-14:00,None,35.98,0.35,No,0,24,Productivity,1.5,9,98.56,3,No,1.31,Single,N/A
7a4ef84b-d4a0-4cad-abc9-bbd52188eaa5,2026-04-18,CUST-647412,61,7,55,0.51,8,12:00-14:00,Spotify,58.28,0.57,No,753,9,Streaming,0.8,55,98.75,3,Yes,6.23,Multiple,N/A
d9b74eb9-f555-488b-8e5d-05cf02dbf705,2025-09-21,CUST-394690,249,34,51,28.65,13,20:00-22:00,Netflix,6.11,0.12,No,0,6,News,1.24,39,98.11,0,No,6.85,Single,N/A
016a8c53-cc86-46de-922f-2cbbf6e850e0,2025-08-20,CUST-319339,223,44,80,23.2,33,08:00-10:00,YouTube,78.14,0.59,No,0,13,Maps,1.27,16,95.24,2,No,7.66,Multiple,Japan
53caccf2-7063-4dbc-8c89-c81bcddfb91e,2025-10-22,CUST-330187,64,49,151,40.34,38,18:00-20:00,YouTube,50.43,0.87,No,0,33,Gaming,1.19,44,95.51,4,No,0.13,Single,N/A
0e185227-fd46-479b-a568-6a74c08f715b,2026-06-17,CUST-776249,61,41,16,14.46,47,12:00-14:00,Netflix,17.58,0.33,No,0,7,Productivity,1.39,26,96.11,3,No,2.18,Multiple,Germany
5ea477d6-2734-4d76-9f1f-44e0b6226701,2025-09-13,CUST-392218,146,47,5,14.22,35,08:00-10:00,Spotify,31.5,0.39,Yes,0,5,Streaming,0.91,39,95.6,1,No,9.91,Multiple,N/A
9f9aa956-432d-45d1-ba8d-50f9f8ea4163,2025-11-12,CUST-943694,181,31,131,22.93,32,18:00-20:00,Netflix,86.13,0.34,No,0,9,Maps,1.64,23,98.43,4,Yes,9.69,Multiple,N/A
c0bc1c04-7ffc-42c6-b952-9cf9151346aa,2026-05-16,CUST-103309,55,7,52,41.5,50,20:00-22:00,YouTube,77.13,0.44,Yes,3027,5,Maps,1.72,41,98.89,1,No,6.67,Single,N/A
92ebf4c2-ec13-4a1c-a42a-72700eda6d05,2026-06-27,CUST-460266,215,13,158,21.51,6,18:00-20:00,None,4.65,0.24,No,0,4,Gaming,0.62,54,99.9,4,No,7.24,Multiple,Canada
deec4806-e6f3-48a6-9824-9a2047472383,2025-11-17,CUST-406091,53,2,182,10.88,20,08:00-10:00,None,78.69,0.32,No,0,1,Social,1.6,21,99.61,2,Yes,2.96,Single,N/A
3d087741-a511-4e3f-abb7-63fe23c659e7,2026-06-24,CUST-860254,180,13,130,46.87,16,12:00-14:00,None,45.13,0.73,No,9811,58,Productivity,1.81,47,98.11,2,No,8.06,Single,N/A
683dcb51-469f-4cec-9d71-f880f0b9652d,2025-07-28,CUST-575194,202,12,94,7.13,45,20:00-22:00,None,67.29,0.65,No,0,4,Productivity,1.12,36,97.09,0,No,9.56,Multiple,N/A
79992774-149c-4193-8452-ab9528039fbd,2026-06-16,CUST-507640,105,18,171,4.88,29,12:00-14:00,Spotify,51.21,0.36,No,0,27,Streaming,0.8,56,99.34,3,No,6.24,Multiple,N/A
3958b8b4-4f68-46a6-86d3-18fa8aa17d6c,2026-03-15,CUST-350540,85,6,58,1.17,12,20:00-22:00,None,8.97,0.82,No,0,25,Social,1.12,9,95.17,5,No,0.39,Multiple,N/A
94c4701b-bbfc-4754-99b7-cd229cd5dac7,2026-06-23,CUST-180291,75,26,47,36.52,35,20:00-22:00,None,37.61,0.41,Yes,5870,3,Social,0.67,32,95.3,4,Yes,0.5,Multiple,N/A
e43d9495-c6cd-4ea3-b7e8-66c7ff00b196,2026-02-10,CUST-624669,181,25,171,38.7,44,18:00-20:00,None,76.26,0.34,No,0,45,Social,1.79,7,97.3,1,No,9.47,Single,N/A
775742e0-5da9-459d-afc0-5d9d51e8db1b,2025-07-29,CUST-586684,210,40,160,19.52,49,20:00-22:00,Netflix,44.73,0.67,No,0,9,Social,0.73,38,98.93,2,No,9.81,Single,N/A
4473da95-ee1d-480d-92b6-1a9ec3aebd63,2026-03-17,CUST-843187,171,17,96,1,15,20:00-22:00,Spotify,60.56,0.48,No,0,3,Gaming,1.18,30,99,0,No,7.68,Single,N/A
7eacf346-6941-419a-93a2-61a3d01a5f39,2026-05-06,CUST-921336,240,23,41,25.26,7,18:00-20:00,None,56.39,0.3,No,4113,59,Streaming,1.79,25,97.86,2,No,6.29,Multiple,N/A
b3ffd5b7-40ac-4053-bea4-fbf37f5aee88,2025-08-16,CUST-976236,276,23,62,40.63,13,20:00-22:00,None,84.92,0.62,No,0,48,Social,1.42,34,95.33,5,No,3.78,Single,Canada
829f8643-5c33-4e0e-aaeb-c762d2b4a58d,2025-09-27,CUST-402957,265,23,112,19.98,35,20:00-22:00,Netflix,6.45,0.76,No,0,4,Social,1.56,55,95.23,3,Yes,2.9,Multiple,N/A
efea50c8-a67a-4261-8d63-9755a8ea5940,2026-04-18,CUST-857160,123,42,178,16.11,16,20:00-22:00,None,86.9,0.13,No,0,42,Maps,0.52,54,97.83,3,Yes,3.63,Single,N/A
e70ba16d-7b3a-4806-ac66-243e3b669827,2026-01-04,CUST-855643,81,40,38,48.78,6,20:00-22:00,None,74.39,0.12,No,0,53,Maps,0.62,19,99.45,1,Yes,7.56,Multiple,N/A
3c0f0ba4-ce76-493c-954f-99755ce7d9f5,2025-12-25,CUST-300706,90,45,161,7.9,8,12:00-14:00,None,23.85,0.77,No,0,30,Gaming,0.72,47,99.76,3,No,0.53,Multiple,N/A
f6bbd02d-3b7e-4835-b8db-c3f9b0328487,2025-12-31,CUST-823122,96,33,185,13.52,13,08:00-10:00,Netflix,25.87,0.87,No,0,23,Social,0.96,11,96.32,4,No,6.19,Single,UK
3dec4063-88ff-440d-b460-7373e4788f43,2025-12-05,CUST-411220,232,13,193,40.01,39,08:00-10:00,None,34.12,0.35,Yes,1188,12,News,0.77,43,96.14,5,No,2.11,Single,Germany
86c9cbe1-88d4-4cee-b142-6493f2622735,2026-01-31,CUST-545327,202,2,38,3.89,50,18:00-20:00,Netflix,46.65,0.66,No,0,18,News,1.76,31,99.49,1,Yes,2.45,Multiple,N/A
e59b939b-4c99-48ed-ac98-37869f5097ff,2026-05-14,CUST-618138,160,3,77,10.29,6,08:00-10:00,YouTube,89.34,0.58,No,0,30,Maps,1.05,6,96.52,3,Yes,6.76,Single,N/A
0802e2ee-e118-44c4-8d7e-19ecb445b88e,2025-10-15,CUST-705460,192,40,164,21.24,35,18:00-20:00,Netflix,70.31,0.72,No,0,41,News,0.79,20,96.38,1,No,8.41,Single,N/A
aacf238a-d5bf-49e2-9e53-caf6f64e10ad,2026-03-10,CUST-996149,27,29,5,49.88,43,12:00-14:00,YouTube,6.33,0.43,Yes,0,38,News,1.8,58,98.22,5,Yes,7.81,Multiple,N/A
46a54181-da38-4a46-a428-c6916f8c884d,2026-05-11,CUST-444489,154,14,115,21.37,47,12:00-14:00,Netflix,41.65,0.6,No,0,54,Maps,0.72,45,98.92,0,No,7.79,Multiple,N/A
efad8e2f-7804-4278-91a7-5925d643ae5a,2025-09-11,CUST-219118,201,33,38,19.07,42,18:00-20:00,Netflix,22.04,0.87,Yes,0,55,Social,1.86,17,98.4,2,Yes,1.54,Single,N/A
2bc3bab9-1bbf-4890-b094-e2ebbe019b2e,2025-12-06,CUST-637111,300,41,79,29.83,6,12:00-14:00,None,93.55,0.3,No,0,33,Maps,1.14,28,99.96,1,No,7.73,Single,N/A
194be305-3761-463f-afbf-cb59cfa5c3d2,2025-10-29,CUST-778958,145,40,65,17.53,49,08:00-10:00,None,42.97,0.82,Yes,0,27,Social,0.67,48,96.89,1,No,2.24,Multiple,N/A
7c8bf283-950b-4db4-a4cc-37c735484e8e,2026-03-21,CUST-533377,56,22,115,7.24,7,18:00-20:00,YouTube,84.76,0.4,No,7829,39,Productivity,1.22,10,99.55,2,No,1.64,Multiple,N/A
12cc26d6-097f-4235-928c-aa5060f73c5c,2025-09-18,CUST-771994,38,14,95,28.22,32,08:00-10:00,Spotify,22.24,0.43,No,0,55,Streaming,1.58,30,98.28,5,No,6.02,Single,N/A
103c8ccd-4217-4b88-a050-d11110e40842,2025-08-11,CUST-503619,72,38,169,10.95,44,18:00-20:00,YouTube,29.46,0.58,No,0,27,Streaming,1.26,29,97.25,3,No,6.03,Single,N/A
35f6bb07-d630-46ea-b4db-d424f6d7acf3,2025-11-24,CUST-269327,6,1,94,46.63,27,20:00-22:00,YouTube,0.22,0.88,No,9537,55,Productivity,1.91,30,97.31,4,No,8.08,Multiple,USA
fbb527cd-c388-4848-963f-208156ee033c,2026-05-30,CUST-781079,231,44,133,17.37,16,08:00-10:00,None,19.79,0.52,No,0,24,Maps,1.82,42,97.48,5,No,8.06,Single,N/A
5f91a17a-8111-479c-8daa-c6fbe0300aad,2026-04-12,CUST-891378,41,7,179,33.5,32,08:00-10:00,Spotify,92.97,0.82,No,0,14,Productivity,1.68,7,96.97,5,Yes,6.15,Multiple,N/A
eaad22b9-6516-4642-a653-7a180e2e8cc0,2025-08-08,CUST-106705,283,37,65,1.32,21,18:00-20:00,Spotify,90.06,0.31,Yes,0,18,Streaming,1.26,6,99.45,1,Yes,1.95,Single,N/A
8fd5019a-84b6-4d2f-be23-ddde070a5b96,2025-11-03,CUST-263521,144,19,10,8.42,39,08:00-10:00,Netflix,79.2,0.77,No,502,52,Streaming,0.6,35,95.63,5,No,6.12,Multiple,N/A
d97598cd-25e2-428b-9cde-4e2890f7e51c,2026-05-26,CUST-153587,20,13,155,11.15,31,12:00-14:00,YouTube,11.94,0.15,No,0,20,Maps,0.6,58,96.63,4,No,0.39,Multiple,Mexico
d44e4ba5-a243-4de9-8ac3-1b5ae95f3b24,2026-05-08,CUST-323562,37,34,30,37.78,34,18:00-20:00,None,42.3,0.55,No,7980,42,Productivity,1.06,34,98.18,2,No,8.23,Single,N/A
9a280302-df83-401e-974c-11f1569e20a6,2026-05-07,CUST-400709,256,49,16,11.1,42,18:00-20:00,Spotify,56.72,0.3,No,0,33,Productivity,0.54,49,97.48,2,No,1.92,Single,N/A
938ea667-d614-4c3d-bce0-fe714e7e50a2,2026-04-06,CUST-689984,275,40,19,22.37,11,08:00-10:00,Spotify,7.74,0.24,No,0,52,Streaming,1,56,99.15,3,Yes,7.94,Single,N/A
387f3684-5fe6-403b-8d99-dc582460fb6c,2025-10-06,CUST-675072,277,20,131,42,13,18:00-20:00,YouTube,95.02,0.61,No,0,6,Gaming,1.73,25,97.24,3,No,4.02,Single,N/A
aeff5d2d-c93a-417a-ad17-c2d6226bb10a,2025-12-05,CUST-945964,92,47,55,38.69,35,12:00-14:00,None,84.48,0.69,No,0,38,Streaming,1.39,15,95.11,5,Yes,5.79,Single,N/A
409b40f5-0c75-4583-addc-5b320aa6bda4,2026-06-30,CUST-496962,163,49,196,15.88,30,18:00-20:00,YouTube,20.63,0.53,Yes,0,25,News,1.28,22,95.63,2,No,1.29,Single,Germany
ced2c09f-2ce9-46af-aace-a0ddceb31798,2026-05-16,CUST-337246,23,5,49,19.31,46,12:00-14:00,None,11.91,0.65,No,0,38,Gaming,1.26,33,98.77,3,No,5.33,Multiple,N/A
14907f42-6b98-41ba-b7a8-85966005d400,2026-03-25,CUST-845373,80,11,12,13.63,50,08:00-10:00,YouTube,39.79,0.13,No,0,58,Productivity,0.77,13,98.5,3,No,0.59,Single,N/A
f2208316-60b8-4848-86de-2363f86eacae,2025-10-27,CUST-360021,220,20,195,14.67,36,18:00-20:00,None,31.88,0.72,No,0,3,Productivity,1.74,47,97.26,0,No,9.05,Multiple,N/A
eeb34dcb-c3b3-450a-802f-5646dad28374,2026-02-22,CUST-906103,223,5,73,23.76,35,12:00-14:00,None,27.93,0.56,No,0,26,Streaming,1.03,25,96.84,3,Yes,6.1,Single,N/A
f000c79b-a791-4f19-b0a7-76e2b4c9c46f,2026-06-03,CUST-817732,9,10,151,16.46,23,20:00-22:00,None,80.5,0.61,No,0,47,Productivity,1.53,39,97.08,1,No,4.23,Multiple,N/A
c4697386-b0f2-48f6-9da5-238ddd6413f5,2026-01-22,CUST-340287,239,10,186,21.11,26,08:00-10:00,None,1.44,0.22,No,0,52,Productivity,0.83,32,99.55,1,Yes,3.96,Single,N/A
74474676-5ade-46d9-80fc-bc9c6d2bf7fd,2025-07-27,CUST-182928,300,37,21,15.35,31,18:00-20:00,YouTube,62.86,0.9,No,0,31,News,1.19,23,95.29,1,No,7.7,Single,N/A
ace25d02-9f1b-4c21-ba2b-8ee47abbc6d1,2026-02-11,CUST-822151,72,36,105,39.95,14,20:00-22:00,Spotify,33.75,0.87,No,0,45,Streaming,1.2,12,95.43,1,No,6.73,Single,N/A
839f4a4c-3606-4fcf-b01c-1d289b814ffa,2025-08-17,CUST-284116,114,3,25,3.31,43,20:00-22:00,YouTube,81.64,0.28,No,0,6,Maps,0.95,37,98.85,3,No,8.05,Multiple,N/A
b9fed6e8-c040-43bd-825a-dc85229d9a90,2026-05-26,CUST-544284,69,35,75,14.14,9,20:00-22:00,None,76.43,0.23,No,0,43,Streaming,1.99,31,95.16,4,No,2.19,Multiple,Canada
80f8613d-f435-4fda-b1ef-9eff376fb7ef,2025-08-14,CUST-676700,155,32,48,3.57,8,12:00-14:00,Netflix,86.91,0.88,No,0,38,Maps,1.07,23,96.37,4,No,7.68,Single,N/A
b842e8f7-1d4b-4273-bfaf-2fed6238fa96,2026-03-14,CUST-795652,106,7,181,26.97,12,12:00-14:00,Netflix,39.15,0.75,Yes,0,33,News,0.8,54,95.15,4,No,4.46,Single,N/A
3517d2a0-cc72-4866-8234-6e9287dc763a,2026-04-29,CUST-340241,95,49,56,47.79,44,18:00-20:00,Netflix,80.84,0.71,No,0,19,Productivity,1.67,16,98.45,5,No,9.04,Single,N/A
294361de-efff-4e71-b4b5-e4dfa2ab0777,2026-07-14,CUST-316256,27,21,164,18.73,23,12:00-14:00,None,82.5,0.3,Yes,0,25,Maps,0.69,21,98.64,1,No,0.13,Single,N/A
63d08f88-ab2f-4dd5-ac38-6750be8e0a48,2025-09-11,CUST-736924,158,50,10,28.79,36,20:00-22:00,YouTube,3.39,0.73,No,0,29,Productivity,1.17,7,97.47,0,No,4.11,Multiple,Canada
32373237-56e7-40fb-9673-ec5536edb0b1,2026-03-23,CUST-164403,226,43,30,16.42,23,08:00-10:00,None,79.81,0.6,Yes,555,19,Gaming,1.98,25,99.6,3,Yes,7.9,Multiple,France
5ce9b6bc-2792-480b-9262-2b5f6ac761fd,2025-12-16,CUST-471059,56,5,154,30.56,47,20:00-22:00,Netflix,97.23,0.66,No,0,55,Gaming,0.55,29,95.14,3,Yes,3.2,Multiple,N/A
fdfa4ba6-ee26-4864-944d-99cd7c1a093e,2026-05-07,CUST-907145,38,26,27,19.12,45,08:00-10:00,None,92.68,0.15,No,0,32,Streaming,1.51,58,98.98,1,Yes,1.41,Single,N/A
a117e05b-b7f7-4de3-9b08-f4c1799839c7,2025-09-11,CUST-726064,300,27,114,21.89,36,18:00-20:00,YouTube,7.87,0.32,No,0,25,News,1.35,37,96.85,3,No,2.21,Single,N/A
d627c665-721b-442b-85b3-151efc9b84f7,2025-11-18,CUST-852522,19,46,44,12.64,48,12:00-14:00,Netflix,58.02,0.56,No,8389,21,Maps,1.49,37,97.8,3,No,1.31,Single,N/A
b593417d-62bd-471b-813f-fb5912e1238a,2026-03-06,CUST-539671,130,28,97,22.95,32,18:00-20:00,None,9.42,0.22,No,0,11,Maps,0.86,30,98.54,5,No,0.62,Single,N/A
069e1e54-1d32-4d63-877d-8704b2db9bb9,2025-08-16,CUST-112842,12,17,104,0.9,35,12:00-14:00,Netflix,3.41,0.81,No,0,50,Social,1,40,97.02,1,No,5.05,Multiple,N/A
b0ac9248-c8bb-4984-b1fa-6461e76f376b,2026-04-24,CUST-957239,285,42,17,40.05,28,12:00-14:00,YouTube,21.05,0.38,No,1983,60,Gaming,1.57,34,97.78,2,No,5.45,Single,N/A
142db014-a05d-41b8-bbe5-302a0e25c172,2026-04-01,CUST-165856,149,23,172,6.21,22,20:00-22:00,YouTube,79.05,0.84,Yes,0,39,Maps,1.49,20,96.77,1,Yes,2.78,Multiple,N/A
4878dde9-49d3-4fca-8b54-e214cb4e3504,2025-12-05,CUST-761158,108,46,31,34.93,42,08:00-10:00,None,33.62,0.19,No,0,49,Gaming,1.77,45,96.34,2,No,2.07,Single,N/A
3f38c192-271f-4f54-b46a-670271cc7aca,2026-07-09,CUST-743434,279,10,18,27.74,42,18:00-20:00,YouTube,73.77,0.46,No,0,33,News,1.15,22,95.69,3,Yes,1.02,Single,N/A
e9f8df56-f016-4cc3-b216-6cff234201bd,2026-06-26,CUST-889306,193,22,181,33.93,20,20:00-22:00,None,47.54,0.23,No,0,24,Streaming,0.83,25,97.18,5,No,6.8,Single,N/A
4fe6d5d9-febb-4db9-b224-7057d668208d,2026-05-28,CUST-144749,215,43,34,37.34,29,12:00-14:00,Netflix,27.42,0.75,Yes,0,26,Maps,0.52,26,98.9,2,No,0.89,Multiple,N/A
64859254-ecdc-44c8-8d9d-20a62a323835,2026-02-14,CUST-537489,55,16,33,35.14,20,08:00-10:00,YouTube,70.13,0.7,No,0,4,Gaming,1.85,40,99.18,3,Yes,0.45,Single,Mexico
57002338-1805-4a94-842f-ecc643bb06bb,2025-09-10,CUST-654754,138,14,72,27.62,40,18:00-20:00,YouTube,40.79,0.44,No,0,12,Productivity,0.73,17,97.19,1,No,3.33,Single,N/A
2ab2fc8f-9f3a-436a-93e9-2fff090620b2,2026-01-14,CUST-384798,254,12,166,8.82,12,18:00-20:00,Spotify,73.25,0.82,No,0,12,Streaming,0.85,27,95.09,2,No,9.22,Single,N/A
c5c3419f-cd25-45cb-b75f-698c36c9ffe9,2025-08-16,CUST-457285,245,16,119,5.64,43,18:00-20:00,Spotify,64.83,0.7,Yes,300,48,News,1.1,39,98.39,2,Yes,8.03,Single,Germany
623d1b0d-5291-49e4-af99-48de66606a90,2025-08-17,CUST-360280,173,15,172,42.56,27,08:00-10:00,None,48.76,0.48,Yes,0,6,News,1.75,10,98.79,4,No,3.33,Single,N/A
a85a2d4f-9b0a-4c89-ab87-53b375b88425,2026-01-08,CUST-744873,127,16,117,28.44,28,18:00-20:00,None,8.9,0.21,No,0,4,Productivity,1.57,31,95.3,3,No,3.81,Multiple,Japan
c311abbb-ed17-40c5-a70b-de0ae618aa76,2025-07-31,CUST-211663,181,11,118,45.04,46,08:00-10:00,YouTube,17.95,0.38,No,0,1,Social,1.9,20,99.8,1,No,7.11,Single,USA
1b2f1a65-b9cb-4528-8720-ad6996c02fc4,2025-12-22,CUST-481249,146,47,3,15.05,42,18:00-20:00,Spotify,99.73,0.62,No,0,0,Maps,1.23,31,95.73,4,No,5.56,Single,N/A
155da5c5-bbff-4076-981b-dc5113fda569,2026-06-14,CUST-318489,110,19,196,41.1,20,12:00-14:00,None,33.52,0.86,No,0,53,News,0.57,40,98.29,2,No,3.65,Single,N/A
195c40bc-9c0a-40d6-8fae-e1fcd3b40628,2026-02-20,CUST-549845,165,1,190,30.81,21,12:00-14:00,Spotify,79.5,0.8,No,0,1,Gaming,1.34,18,97.48,2,No,3.98,Multiple,N/A
01097103-9d01-4d87-ac8e-e509da00528e,2026-03-28,CUST-834179,237,30,136,7.04,24,20:00-22:00,None,3.25,0.71,No,0,51,Gaming,0.72,11,96.84,2,No,5.86,Single,N/A
1afe295f-09e5-4277-b109-7badf07c504e,2025-12-04,CUST-437429,231,13,113,15.11,23,08:00-10:00,Spotify,58.16,0.36,No,0,17,Streaming,1.18,50,99.67,4,Yes,2.12,Single,N/A
c9de647c-dc2f-4728-8b37-a63b056b49f4,2026-07-03,CUST-288224,271,43,156,2.46,6,20:00-22:00,Spotify,19.64,0.56,Yes,0,4,Streaming,0.57,50,97.78,1,Yes,9.26,Single,N/A
48574ecc-e1f4-48d7-8b02-d82275a998a1,2026-01-22,CUST-758577,12,21,19,32.64,11,18:00-20:00,YouTube,44.48,0.52,No,0,58,Gaming,1.63,31,96.4,3,Yes,4.61,Single,N/A
559a9d7c-f776-4e35-88a9-d4aaafc2211c,2026-04-11,CUST-634132,107,20,36,17.42,47,12:00-14:00,YouTube,49.28,0.37,No,0,56,Productivity,1.56,53,99.02,5,No,6.03,Single,Canada
aa4f2729-4aae-4150-835f-d69d11297b5f,2025-08-01,CUST-896427,120,7,69,15.74,21,12:00-14:00,Spotify,84.12,0.5,No,0,4,Maps,0.85,35,98.82,5,No,0.98,Multiple,N/A
165f312b-3cd6-4fb8-b6af-b23ef5c7dfdc,2026-03-29,CUST-786184,267,32,151,11.17,38,18:00-20:00,None,78.34,0.28,Yes,0,33,Productivity,1.09,6,95.13,0,Yes,7.44,Multiple,Germany
18aba6b8-7c89-4476-b457-3c1c98a27161,2025-10-31,CUST-902474,192,43,61,14.26,28,18:00-20:00,Netflix,67.75,0.54,No,0,18,Social,1.72,58,96.8,4,No,1.92,Multiple,N/A
befbdcc1-f712-4a67-98fc-d37e0f4806be,2025-09-23,CUST-135023,233,29,33,17.9,31,08:00-10:00,Netflix,89.7,0.86,No,0,55,Streaming,1.12,41,98.71,3,Yes,6.7,Multiple,Mexico
da5ce30e-e6aa-4a44-89a9-dac695adced5,2025-08-09,CUST-770708,29,18,46,19.3,31,08:00-10:00,Netflix,23.94,0.41,No,4370,7,News,1.68,54,95.05,2,No,9.5,Multiple,N/A
d8230de4-0565-4542-abcc-ae8c5a883cbf,2025-08-14,CUST-879559,54,39,90,2.9,34,08:00-10:00,Spotify,76.54,0.4,No,3439,28,Maps,0.73,28,96.36,0,Yes,0.96,Single,N/A
a044fc48-eb0e-4546-b31b-01577f878e0c,2025-08-20,CUST-653309,29,39,192,22.07,28,18:00-20:00,Netflix,55.43,0.56,No,0,34,Maps,1.51,27,98.9,1,No,4.54,Single,N/A
e2507498-e403-4a01-be27-d68d75354d1b,2026-06-02,CUST-171781,148,17,73,18.08,40,12:00-14:00,None,35.39,0.45,No,0,3,News,0.56,37,99.07,5,No,5.87,Single,UK
ce720fab-d310-433f-8f62-a4dfbf58d9a5,2026-03-17,CUST-134966,288,40,61,21.38,14,20:00-22:00,Spotify,32.31,0.7,Yes,0,52,News,0.68,54,98.13,3,Yes,5.81,Single,N/A
a9fbba09-5c08-4382-bda1-443c1409bcbe,2025-09-21,CUST-154148,153,38,162,25.94,49,12:00-14:00,YouTube,54.24,0.5,No,0,41,Gaming,1.92,17,97.32,1,No,7.37,Single,N/A
1c3cef78-b77c-4aba-8895-38672edbcb46,2026-07-11,CUST-555288,179,27,183,31.48,36,20:00-22:00,None,19.7,0.55,No,0,7,Gaming,1.75,45,96.15,1,No,9.4,Single,N/A
09771c27-2c03-479f-baca-598fc57337f0,2025-10-03,CUST-721570,294,20,168,5.37,43,20:00-22:00,None,86.31,0.81,No,0,41,Gaming,1.25,14,98.15,1,Yes,2.53,Single,N/A
9f540476-058a-4c4d-98ee-c6109e0d03ea,2025-12-10,CUST-496166,24,9,149,9.39,30,18:00-20:00,Spotify,58.41,0.27,No,0,17,News,1.5,40,98.09,5,No,9.13,Multiple,N/A
99e631fc-9be8-40a7-91f6-61564783ac5f,2025-09-30,CUST-395467,31,41,192,47.43,19,08:00-10:00,None,99.73,0.56,No,0,10,Maps,1.96,47,97.49,1,Yes,1.65,Multiple,N/A
6b2bf4e8-f5ad-4185-8f16-f8f625a1c97c,2025-11-26,CUST-136814,175,22,58,32.65,29,08:00-10:00,Netflix,67.43,0.45,No,0,46,Streaming,1.34,8,95.32,3,No,9.7,Multiple,N/A
ecc65e5f-113d-4839-817c-f349da5e16e0,2025-12-01,CUST-659589,140,34,39,6.81,44,20:00-22:00,Spotify,89.84,0.45,No,0,35,Streaming,1.04,34,97.04,4,Yes,4.59,Single,N/A
f9dcf60f-9201-4d65-b924-a7d02503a8a4,2026-07-03,CUST-500981,97,28,24,28.56,6,08:00-10:00,Spotify,94.59,0.26,No,0,58,Gaming,1.27,18,95.21,1,No,2.93,Single,N/A
064d7440-fec8-4a7a-b2ab-e1ef84b86056,2025-12-04,CUST-835339,279,37,134,14.06,21,20:00-22:00,YouTube,88.44,0.66,No,0,43,News,0.85,42,97.55,2,No,7.33,Single,N/A
39044779-8851-422a-bf8b-4aa7d14d42df,2025-09-24,CUST-269854,91,12,34,28.14,37,12:00-14:00,YouTube,71.25,0.23,Yes,7365,34,Gaming,1.27,51,98.4,2,Yes,0.06,Single,N/A
d7c549c3-d94c-4418-a6ca-cbfd75acdcf8,2026-01-23,CUST-771470,24,41,120,20.5,35,18:00-20:00,None,78.18,0.62,Yes,0,12,Streaming,1.4,40,96.13,3,No,3.05,Single,N/A
6e717e3f-a6af-4c4f-8c69-caf7835533e0,2026-05-27,CUST-783160,108,16,20,14.21,41,12:00-14:00,None,26.83,0.31,No,8327,48,Gaming,1.18,19,96.24,2,No,1.63,Multiple,N/A
b2f97238-2571-40da-9b46-99b0e3334d93,2026-01-11,CUST-265562,92,23,26,11.57,47,18:00-20:00,Spotify,66.02,0.22,No,0,29,Social,0.89,15,96.55,1,No,2.56,Multiple,USA
1ff743d9-6db3-4e85-a44e-590a02f439ac,2025-11-24,CUST-586350,83,30,157,16.41,17,18:00-20:00,Spotify,35.55,0.42,No,2196,15,Maps,1.54,57,97.63,4,No,8.93,Single,N/A
630fdf4d-9142-4727-a998-79379499b77b,2026-04-16,CUST-809806,173,5,50,47.29,22,08:00-10:00,YouTube,27.23,0.6,No,0,45,Maps,1.31,9,95.82,2,No,1.23,Single,N/A
f2eb3eca-a769-4427-a896-a08a133a0b4d,2025-10-14,CUST-635971,97,47,189,3.54,36,18:00-20:00,Spotify,6.44,0.9,No,0,57,Maps,1.25,19,95.56,5,Yes,9.6,Single,N/A
ef012fe5-0ed5-4ced-b2fe-f75bfa02da14,2025-09-06,CUST-933693,87,49,11,12.01,40,18:00-20:00,Netflix,32.87,0.71,No,0,23,Maps,0.58,40,98.37,4,Yes,2.58,Multiple,N/A
76479999-e095-46d6-9fd0-e2782851faec,2026-06-28,CUST-517939,57,13,168,3.2,23,18:00-20:00,Netflix,43.82,0.67,No,0,33,Social,1.49,54,95.24,3,Yes,1.08,Multiple,N/A
1321efa7-b9a8-4422-9604-9080033c08f8,2026-05-08,CUST-834232,120,48,195,43.72,46,12:00-14:00,None,81.03,0.79,Yes,4395,58,Social,1.72,14,97.99,3,Yes,2.04,Single,N/A
4a31a2d1-15d9-4c39-8acd-5fd0a367f0e9,2026-01-11,CUST-223818,105,20,163,2.6,35,18:00-20:00,YouTube,70,0.21,No,0,39,Maps,1.66,50,97.99,2,No,9.98,Single,N/A
d735ab77-f325-44ea-808e-81365798abdb,2025-08-05,CUST-605298,256,41,44,10.13,24,12:00-14:00,None,20.54,0.74,No,0,43,Maps,1.72,46,96.73,2,No,9.22,Single,N/A
c6a06a71-a5c9-42a7-ba45-0fab152b8ca6,2025-11-26,CUST-886043,272,42,115,26.06,29,18:00-20:00,Netflix,97.11,0.11,No,0,36,Social,0.54,15,97.14,4,Yes,2.7,Single,N/A
9d84e048-af9b-47fe-a0d3-9d4be67f47bb,2026-03-20,CUST-153533,161,11,93,24.64,19,20:00-22:00,Netflix,66.18,0.57,No,0,29,News,0.98,48,95.49,5,Yes,9.25,Multiple,N/A
9ca12955-49c4-44ce-9cdc-22cbfbb2a617,2025-10-25,CUST-327482,198,2,174,45.82,9,18:00-20:00,YouTube,40.1,0.83,No,0,23,Gaming,1.69,44,98.09,0,No,3.57,Multiple,UK
a2380e68-e975-4536-bfe8-0bca5b6395f1,2026-03-26,CUST-352966,280,31,2,9.81,45,08:00-10:00,Spotify,45.17,0.88,No,7142,6,Maps,1.25,45,96.34,4,No,2.93,Multiple,USA
6755bd25-ca0e-48b7-8048-3b5116feff56,2026-06-20,CUST-710279,43,16,141,42.4,45,08:00-10:00,None,75.71,0.52,No,0,5,Streaming,1.68,15,98.17,3,Yes,9.73,Single,N/A
ca8d740d-4ebc-43b4-9093-d4f3bc565477,2025-08-22,CUST-387133,144,47,162,33.59,46,18:00-20:00,None,59.21,0.78,No,0,52,Streaming,1.43,57,95.3,1,No,2.43,Multiple,N/A
d71b2518-9195-4ca8-8e42-8e0a9e8d56a3,2026-06-06,CUST-715590,92,41,197,30.52,16,12:00-14:00,YouTube,48.33,0.13,No,0,35,Gaming,1.07,17,99.32,4,No,0.68,Multiple,USA
b1841105-0570-412f-a203-8ec2255c9740,2026-07-11,CUST-562826,276,28,4,43.56,43,08:00-10:00,Netflix,78.75,0.3,No,0,33,Social,0.76,43,99.55,1,No,2.52,Multiple,N/A
2ef65e5f-f9e0-48b3-b67d-8d0c55d99c22,2025-10-05,CUST-906079,213,31,199,47.87,8,08:00-10:00,YouTube,17.26,0.54,No,0,41,Streaming,1.1,32,95.52,0,Yes,9.08,Single,N/A
66ab3bd7-a473-4f08-bb86-8156ecef67f7,2025-08-16,CUST-686869,93,33,27,33.7,36,20:00-22:00,None,73.86,0.52,Yes,0,32,Streaming,1.49,33,98.06,2,Yes,4.33,Single,N/A
2e264fc6-6516-49f5-912d-494f246a1b42,2025-11-11,CUST-693034,275,4,126,27.33,14,18:00-20:00,Spotify,5.49,0.2,No,0,59,News,1.34,27,96.9,4,Yes,9.87,Single,N/A
8568444b-7522-4a17-95a6-0b4b6089f50c,2026-04-10,CUST-393397,22,29,184,43.84,14,20:00-22:00,Netflix,53.2,0.15,No,0,48,News,1.16,34,95.73,1,Yes,9.24,Multiple,N/A
2a89773c-2b54-49fc-95b7-bb9807f871fd,2026-06-14,CUST-214489,245,33,157,38.59,43,08:00-10:00,YouTube,26.13,0.57,Yes,0,59,News,0.68,50,96.53,1,Yes,7.17,Single,N/A
f686969a-e776-4fc5-a30a-9f0eed98f749,2025-10-04,CUST-410374,167,19,39,26.92,30,08:00-10:00,Spotify,79.6,0.12,No,0,45,Social,0.68,15,98.02,4,Yes,2.65,Single,N/A
80e1de37-c465-440d-845a-9d6add32c076,2026-01-27,CUST-548040,98,43,65,5.26,18,20:00-22:00,YouTube,50.36,0.62,No,3507,42,Gaming,0.8,5,99.09,5,No,1.37,Single,N/A
94d92e31-2b93-4242-a6c4-fc5567339f26,2025-12-04,CUST-715958,7,34,163,45.23,29,08:00-10:00,Netflix,54.78,0.14,No,0,60,Streaming,0.88,35,99.51,4,No,9.73,Single,N/A
44f0c5f5-5404-4f8b-a014-399dc04bb0a0,2026-07-07,CUST-494585,182,41,126,12.38,31,18:00-20:00,None,42.99,0.43,No,0,31,Productivity,1.3,7,97.58,1,Yes,5.98,Multiple,N/A
0a6db288-f7b5-4be6-b420-0a175ebacc94,2025-11-19,CUST-886382,31,39,95,36.89,34,12:00-14:00,Netflix,82.93,0.57,No,0,29,Streaming,1.42,47,95.02,2,No,1.75,Multiple,N/A
ba71230a-80a0-4b41-ae14-5828c5cf8ce1,2026-02-26,CUST-265624,114,6,31,45.28,29,18:00-20:00,Netflix,99.55,0.79,No,0,6,Streaming,1.03,36,97.73,1,Yes,9.65,Multiple,N/A
7a658ad8-476c-4e40-a5c2-3c84fc00d322,2026-03-28,CUST-393173,266,17,141,8.98,44,12:00-14:00,YouTube,7.87,0.44,No,9569,22,News,0.92,34,99.35,1,Yes,5.79,Single,N/A
ea77feca-a48f-4322-897a-a4b896e00057,2025-07-29,CUST-309620,225,35,32,21.05,45,18:00-20:00,Netflix,6.87,0.11,No,0,49,Streaming,1.89,41,95.29,4,No,7.36,Multiple,N/A
2aff6d78-eef3-4f80-8583-477aac665ee8,2025-11-12,CUST-239131,132,4,124,36.33,48,18:00-20:00,None,13.1,0.76,Yes,0,29,Streaming,0.93,49,98.26,2,No,1.8,Single,N/A
6f9d752a-8e19-4399-89fb-d89dfa96252e,2025-10-16,CUST-164517,160,44,69,48.57,26,12:00-14:00,YouTube,7.73,0.41,No,0,52,News,0.71,15,95.83,2,No,3.3,Single,N/A
44497f74-a40f-4f73-99b6-a25a35937b40,2025-09-03,CUST-413697,180,14,161,26.97,42,20:00-22:00,None,68.41,0.1,No,0,30,Social,1.79,59,95.53,4,No,5.76,Single,N/A
0012d6cc-00b6-4ce7-a9c2-6920f61f38f2,2026-01-19,CUST-140336,280,36,84,29.35,8,08:00-10:00,Netflix,23.92,0.74,No,2649,55,Social,0.76,40,96.68,4,No,2.77,Single,N/A
d262fef0-8b75-4bf9-9b3f-6dc0126d9eac,2026-03-30,CUST-185905,107,14,70,46.32,42,20:00-22:00,YouTube,50.03,0.46,Yes,0,18,Streaming,0.92,41,98.13,0,No,0.08,Multiple,N/A
a06db0fa-772a-463f-a723-79faae333402,2025-11-22,CUST-914041,191,11,140,47.47,31,12:00-14:00,Spotify,54.42,0.62,No,4962,36,Gaming,1.35,44,98.81,4,No,7.76,Single,N/A
d738aad6-c8b4-4c5f-9dd4-5f65869a5f73,2026-04-28,CUST-405377,233,40,87,45.18,16,12:00-14:00,YouTube,66.95,0.79,No,3684,4,Social,1,26,97.34,5,No,5.92,Single,N/A
6c4b3256-18e1-4fae-a6d1-0bb96f298915,2026-06-29,CUST-531506,22,9,128,45.27,47,18:00-20:00,None,47.31,0.53,No,0,51,News,1.89,54,96.56,3,Yes,2.96,Multiple,N/A
c50e32c4-ca72-44b4-b390-df76f15b5a69,2026-05-07,CUST-666637,200,5,194,9.93,18,08:00-10:00,Netflix,22.45,0.2,No,0,6,Productivity,1.81,32,99.27,4,No,8.3,Multiple,N/A
3f66b8e7-4e1d-4f8a-87f0-ce398938aeaf,2026-04-12,CUST-221275,68,17,57,38.12,7,12:00-14:00,None,32.61,0.34,No,0,23,Productivity,1.34,45,98.45,0,No,7.28,Single,N/A
2e1ddd96-65f9-43d2-b361-cac0a564a075,2026-01-08,CUST-878304,163,22,93,18.55,46,12:00-14:00,None,87.61,0.86,No,0,25,Maps,1.1,22,98.21,2,No,2.26,Multiple,N/A
b8678012-7369-40a1-9f2d-fc8e40817cdf,2025-10-29,CUST-775089,43,8,113,3.21,50,18:00-20:00,YouTube,42.7,0.77,No,0,28,Gaming,0.82,28,99.01,5,No,7.91,Multiple,N/A
c31fcc76-1a35-4f3c-8154-a2924c0d9fa2,2026-05-29,CUST-958059,251,48,86,44.4,25,12:00-14:00,YouTube,84.38,0.34,Yes,0,2,Streaming,1.9,50,97.32,0,Yes,1.67,Single,N/A
a9001438-4c8a-48c1-a03c-37546cae2be0,2026-01-23,CUST-685674,64,3,100,42.96,16,20:00-22:00,Netflix,79.3,0.7,No,0,8,Streaming,0.76,15,96.7,1,No,5.81,Single,N/A
c254c172-ac9d-4132-b1e5-440bcaef5c45,2026-05-16,CUST-137801,141,37,4,29.16,13,12:00-14:00,Spotify,17.26,0.75,No,0,22,Maps,1.93,34,95.99,5,No,8.94,Single,N/A
185789b7-3662-4c08-a674-a2f2fbffc4b0,2026-05-20,CUST-590935,263,41,23,10.1,35,12:00-14:00,Netflix,76.72,0.29,No,0,24,Social,1.97,19,97.06,4,Yes,1.06,Single,N/A
49b08b37-26aa-4f49-a9a7-aa9f0ca1312a,2025-12-11,CUST-406093,204,27,95,3.04,38,08:00-10:00,None,5.81,0.33,No,5552,57,Gaming,1.08,54,95.51,4,No,8.11,Single,N/A
2a9ca60f-e1f4-423b-a35f-77446eed48a8,2026-01-09,CUST-725232,49,33,73,16.29,14,18:00-20:00,Netflix,2.4,0.82,No,0,35,Streaming,1.96,29,97.25,1,No,5.77,Single,N/A
4071f09b-39a0-4c1e-8b28-2fafe3dcc408,2026-01-24,CUST-704167,171,31,167,32.59,13,08:00-10:00,Spotify,3.04,0.78,No,0,36,Social,1.44,31,98.86,0,Yes,0.07,Multiple,N/A
a22ba926-d369-46c8-99aa-3be5cf01a667,2025-09-29,CUST-806327,274,18,10,42.49,46,18:00-20:00,Spotify,88.3,0.27,No,0,53,Gaming,1.26,26,99.18,1,Yes,9.77,Single,N/A
8761bc8f-e431-490f-9683-687b494421d4,2025-09-23,CUST-960617,146,38,148,37.16,27,20:00-22:00,None,23.5,0.57,No,0,14,Social,1.62,37,96.8,2,Yes,9.03,Single,N/A
448905e0-e5d8-4df9-a577-eb3349ad2e6f,2025-07-31,CUST-155764,194,10,32,4.31,13,18:00-20:00,Spotify,13.51,0.53,No,0,13,Streaming,1.7,31,96.85,5,No,1.52,Multiple,N/A
145ea6a0-2bce-49d2-9c99-cb50fee6a1af,2026-02-17,CUST-266953,33,49,196,15.18,13,18:00-20:00,Netflix,58.22,0.2,No,0,32,Gaming,0.83,39,98.37,1,No,9.68,Multiple,N/A
c639db93-e85b-4207-a3da-c5e806cba72f,2025-08-04,CUST-828750,115,17,77,41.81,45,12:00-14:00,YouTube,51.16,0.13,No,0,42,Productivity,1.34,16,97.28,3,Yes,0.37,Single,N/A
c4027c7a-8b35-4d4c-9ddb-f84b7b8dece5,2026-07-15,CUST-755550,104,20,194,14.13,22,08:00-10:00,Spotify,76.43,0.11,Yes,0,36,Maps,0.51,12,95.18,1,Yes,7.26,Single,N/A
0363aa86-bd1b-490c-a13d-1d2b88342283,2026-03-07,CUST-480545,50,35,109,12.92,46,08:00-10:00,Netflix,82.69,0.7,No,0,31,News,0.94,42,97.74,4,No,5.31,Single,N/A
a9b63b42-10b6-4f05-916b-47e7ae966590,2026-03-19,CUST-859676,170,48,152,5.25,17,12:00-14:00,None,18.2,0.37,No,0,3,Gaming,1.22,34,97.94,0,No,2.77,Single,N/A
2f43e852-c6e1-4932-b6ab-d91af9d34f55,2026-07-03,CUST-188689,50,17,18,33.97,47,20:00-22:00,YouTube,46.12,0.64,No,1502,48,News,1.4,29,98.15,2,Yes,7.97,Single,N/A
94f2ead8-4460-4924-a506-56c26306d9d7,2025-11-16,CUST-826684,11,32,76,16.72,42,18:00-20:00,Spotify,85.22,0.11,No,0,4,Maps,1.32,59,96.58,5,No,9.64,Single,N/A
15717946-4161-4ed9-b9b8-460bbba2cdf3,2026-05-05,CUST-478495,27,28,167,45.14,47,20:00-22:00,Spotify,88.18,0.42,No,0,44,Gaming,1.22,5,98.66,4,No,7.69,Multiple,N/A
954ecd32-d456-418e-9776-d678815a81e5,2026-07-06,CUST-631700,175,7,34,39.49,26,20:00-22:00,Netflix,42.75,0.59,No,0,16,Streaming,1.47,14,97.47,3,No,4.25,Single,Japan
2ffb1a8a-3e23-4c67-bae7-56bd7304912a,2025-12-27,CUST-906900,62,30,62,17.69,34,20:00-22:00,None,96.97,0.28,No,0,60,Gaming,1.71,13,96.81,0,No,6.85,Multiple,N/A
f1067d26-01df-4507-b86c-4aeb8f4a8989,2026-01-19,CUST-940587,299,27,3,5.22,16,12:00-14:00,None,75.37,0.48,No,0,36,Gaming,1.06,25,96.77,2,No,8.02,Single,N/A
d24c739d-47d2-4034-a3c2-4b4e532e0bac,2025-12-02,CUST-451457,127,47,145,16.67,39,18:00-20:00,Spotify,62.87,0.38,No,0,17,Streaming,1.14,9,96.86,3,Yes,3.42,Single,N/A
6b80872e-399c-4c41-94a9-133729330836,2026-02-12,CUST-169767,262,38,80,46.3,5,20:00-22:00,Netflix,58.36,0.55,No,0,29,Productivity,0.67,15,95.65,3,Yes,5.39,Multiple,N/A
20813d14-2c82-435e-80a0-297d2f2e7713,2026-01-02,CUST-844100,33,37,20,36.66,8,20:00-22:00,Netflix,13.13,0.48,No,0,30,Maps,0.81,20,96.29,2,Yes,0.73,Multiple,N/A
210f141f-b5ca-4893-8c2d-5cb196682699,2026-02-15,CUST-106973,267,30,15,7.64,40,08:00-10:00,YouTube,20.39,0.32,No,2641,36,Streaming,0.95,40,98.49,4,No,8.69,Single,N/A
21054901-a727-442b-828e-ce86efad491c,2025-11-16,CUST-382604,25,23,170,12.25,49,20:00-22:00,Spotify,81.86,0.55,No,0,23,Streaming,1.01,23,98.94,5,No,8.24,Multiple,N/A
75672ccd-731c-4320-a23a-6fdfe57c9ade,2025-09-02,CUST-537342,180,4,157,38.42,36,12:00-14:00,YouTube,96.25,0.82,No,5227,58,Streaming,1.34,26,99.84,3,No,8.68,Multiple,N/A
eed25e32-11c5-4548-b2fc-504c88527acf,2025-11-27,CUST-784639,200,34,60,7.76,11,08:00-10:00,Spotify,39.58,0.8,No,4035,46,News,1.96,26,96.99,1,Yes,6.47,Single,N/A
5f7f5f0d-884e-49e1-b856-979df118df01,2026-02-19,CUST-807540,121,23,48,24.31,36,18:00-20:00,Netflix,90.36,0.66,No,0,45,Social,1.63,23,99.28,3,No,9.46,Multiple,N/A
227b6426-609a-48fa-9d05-78f3a80de271,2026-05-13,CUST-649512,78,14,15,44.57,42,20:00-22:00,None,65.02,0.17,No,0,27,News,1.64,35,98.78,4,No,4.21,Single,N/A
423bcf5e-8d7c-4fde-b012-7933237b7982,2026-06-19,CUST-580736,255,45,106,47,47,08:00-10:00,None,1.27,0.16,No,0,54,Social,0.86,10,95.45,5,Yes,3.41,Multiple,UK
86b80464-264d-4e2d-b9d1-38e9f179bf03,2026-02-23,CUST-316516,59,26,161,39.08,6,08:00-10:00,None,4.63,0.12,No,0,12,Streaming,1.86,10,95.87,4,No,5.06,Single,N/A
21c1a1c2-9781-49cc-a9fa-1ba181361957,2025-12-16,CUST-627387,191,5,164,26.1,18,20:00-22:00,None,82.85,0.7,No,0,5,Social,1.48,15,98.46,3,Yes,6.28,Single,N/A
3b9b973c-6ff4-4f98-b567-88e85d3a0481,2025-11-02,CUST-965669,30,14,107,21.01,25,18:00-20:00,YouTube,54.13,0.46,No,886,41,Streaming,1.02,33,98.39,1,No,9.06,Multiple,N/A
2fd966c9-2c4c-42ab-991c-d4807611dc62,2026-03-08,CUST-878541,83,48,142,8.33,28,08:00-10:00,YouTube,77.37,0.62,No,0,58,Maps,0.82,28,95.03,2,Yes,1.33,Multiple,Canada
2cfd5cf5-ae8d-4ba7-86d9-6700c34f87fb,2026-04-11,CUST-890017,82,23,140,44.13,30,12:00-14:00,Netflix,16.32,0.21,Yes,0,53,Productivity,0.66,25,99.54,5,No,9.06,Multiple,N/A
98b88329-ba91-4adb-96a7-9189b28cd7ec,2025-10-02,CUST-307849,235,13,144,46.84,11,20:00-22:00,Spotify,1.52,0.32,No,0,58,Productivity,1.51,25,99.77,3,No,1.05,Multiple,N/A
54df1a3a-f3cd-460c-a3b0-644c6f6cc3ea,2026-01-19,CUST-161634,120,35,10,41.16,20,12:00-14:00,None,68.9,0.88,Yes,9794,52,Maps,1.64,31,95.96,3,Yes,4.15,Single,N/A
cb84329c-3336-4b44-ad91-27fdadd3fad4,2026-01-12,CUST-250617,104,15,93,15.89,41,12:00-14:00,YouTube,21.95,0.71,No,4785,21,Social,0.9,17,95.01,2,No,0.33,Multiple,N/A
56eb6944-4d2e-4633-b255-a3fa23207258,2025-09-06,CUST-863542,143,31,66,40.2,38,18:00-20:00,None,72.42,0.21,No,0,4,Maps,1.66,17,96.48,3,No,4.27,Multiple,Mexico
3e27e9e4-9542-4c53-96ce-cf8e6dd29462,2026-02-27,CUST-918954,128,24,112,33.13,35,12:00-14:00,None,54.66,0.25,No,0,35,Social,0.51,16,97.58,3,Yes,4.85,Single,N/A
564d0802-6b6d-4caa-b346-5d20f16370f0,2026-03-02,CUST-890857,242,36,194,49.29,14,08:00-10:00,YouTube,44.8,0.41,No,0,17,Maps,1.25,22,95.89,3,Yes,1.51,Single,N/A
121b3c43-d297-4dc2-8321-e74d651c79ba,2026-06-12,CUST-327929,289,3,57,4.09,9,20:00-22:00,Netflix,46.24,0.29,Yes,0,43,Social,1.98,25,97.28,3,No,7.82,Multiple,Mexico
f5d269df-36b1-47ca-8886-85cf7a5e7cd6,2025-10-26,CUST-152449,178,45,176,40.78,37,18:00-20:00,Netflix,35.07,0.9,No,0,15,Streaming,1.22,40,96.91,4,No,3.88,Single,N/A
b3ce9626-cc96-451b-ab0c-3815631780a6,2025-12-20,CUST-441499,161,14,77,1.47,21,20:00-22:00,None,17.68,0.53,No,0,11,Social,1.43,8,97.86,4,Yes,9.63,Single,N/A
3c0b267a-8c31-49a6-8467-a06e1d04d8db,2025-12-31,CUST-584965,148,19,124,18.34,44,20:00-22:00,Netflix,65.64,0.37,No,0,50,Maps,1.74,28,98.08,2,No,4.69,Multiple,N/A
6c66a351-6824-4290-8c3d-b9305abade62,2026-02-19,CUST-449008,195,15,132,49.31,36,18:00-20:00,None,4.8,0.34,No,5929,58,Maps,0.7,41,95.93,4,No,1.63,Single,N/A
a3e1b34a-08c8-444e-9242-ec8ad345b388,2025-08-23,CUST-123974,250,37,158,30.14,28,08:00-10:00,None,53.67,0.85,No,0,59,Productivity,1.09,35,99.52,2,No,5.44,Multiple,N/A
ba0c8dde-d1c9-4f2e-a577-7500dff0df5f,2025-10-07,CUST-301785,209,7,115,30.31,10,20:00-22:00,None,17.59,0.89,No,0,0,Maps,1.62,8,99.91,3,Yes,3.6,Multiple,N/A
fcd8c7e2-fee6-45e6-8486-93360a1ec0d0,2025-09-28,CUST-872886,135,32,65,1.08,17,18:00-20:00,None,85.26,0.34,No,0,30,Gaming,1.17,12,99.36,1,Yes,8.79,Single,N/A
c3eba8d4-b22d-426b-bbb8-fe6bceef9fc3,2025-12-09,CUST-321556,107,18,10,24.26,32,20:00-22:00,None,42.53,0.55,No,0,58,News,1.45,10,95.51,5,Yes,9.25,Single,N/A
b6184616-147e-459e-a7f0-37353c216b11,2026-03-26,CUST-621611,104,31,79,16.23,49,08:00-10:00,Spotify,37.34,0.55,No,0,4,News,1.21,25,97.79,0,No,2.57,Multiple,Japan
e124a542-59f5-421d-8fca-7cdd6859c7d9,2026-04-06,CUST-971380,240,45,60,43.34,30,18:00-20:00,None,24.04,0.48,Yes,0,60,Social,0.75,57,99.31,4,No,2.27,Single,N/A
c795a54d-5cd4-442a-9dbd-631c319b82d8,2026-03-08,CUST-119371,58,45,125,13.57,24,20:00-22:00,Netflix,57.36,0.88,No,6232,9,News,1.14,29,98.28,3,Yes,3.11,Single,N/A
d9b4bb28-8abe-42e1-9954-6acf3327a3c6,2025-08-29,CUST-639955,243,4,17,36.4,46,12:00-14:00,Netflix,51.68,0.67,No,0,57,Maps,0.61,32,97.11,0,No,3.35,Single,N/A
2d8ff89c-693d-4529-9f5e-340233dea52b,2025-11-02,CUST-577657,218,50,36,28.48,32,20:00-22:00,Spotify,1.85,0.18,No,0,44,Gaming,1.53,6,99.07,2,No,9.52,Single,N/A
f3e7b432-bc4c-473f-b61e-69b1f4dde637,2026-04-28,CUST-618539,292,36,44,19.19,12,08:00-10:00,YouTube,91.6,0.59,No,0,1,News,1.62,35,98.92,4,Yes,7.06,Multiple,N/A
7a84432b-4ff5-4935-9e6b-babf18bdb5dd,2025-11-28,CUST-691029,246,31,112,11.92,45,18:00-20:00,YouTube,99.88,0.71,No,0,31,Gaming,1.3,21,97.49,1,No,6.95,Single,N/A
6a9d571e-d4fb-4355-8c3f-8ee91abc94e8,2026-04-21,CUST-679506,204,7,18,40.66,18,20:00-22:00,None,67.48,0.43,Yes,0,23,Maps,1.79,7,97.6,0,No,0.99,Single,N/A
d569ec4c-fd64-4bc1-819b-d2f023af74ac,2025-08-29,CUST-992424,245,44,163,43.82,46,20:00-22:00,None,42.72,0.72,No,0,17,Gaming,0.79,13,98.63,0,No,8.72,Multiple,N/A
b3278560-1560-46e3-9f6e-5f9bf51f1cdb,2025-10-28,CUST-964033,286,28,66,7.98,44,18:00-20:00,YouTube,98.82,0.8,No,0,59,Streaming,1.05,11,99.15,0,No,7.31,Single,N/A
a746c033-76b3-4e26-a96f-fe44a32bd288,2026-06-21,CUST-871192,220,16,63,48.34,16,18:00-20:00,Spotify,91.45,0.76,No,0,22,Gaming,0.89,49,95.36,1,No,2.14,Multiple,N/A
5f79ca93-617e-4279-89c3-3b8888639c15,2026-01-18,CUST-276649,125,11,115,14.42,11,12:00-14:00,Spotify,83.93,0.81,Yes,0,4,Streaming,0.99,20,97.97,4,Yes,1.87,Multiple,N/A
8c9976b1-1df9-4e55-994f-535e675e93f2,2026-02-18,CUST-959825,247,41,84,11.85,16,08:00-10:00,Spotify,63.44,0.31,No,0,54,Gaming,0.84,10,98.26,4,No,8.85,Single,N/A
76d02c0f-86c9-4f00-b707-bce23637a740,2025-09-16,CUST-328321,132,25,60,16.81,44,08:00-10:00,Spotify,44.33,0.51,No,0,32,Social,1.88,28,99.65,4,Yes,8.26,Single,N/A
467874db-dfd8-4ac5-ab6d-35165e0c7ac4,2026-01-09,CUST-199489,266,21,119,6.74,15,20:00-22:00,YouTube,16.46,0.28,No,0,13,Productivity,0.66,14,98.76,5,No,9.99,Single,N/A
ccc5adc3-bb01-432c-ba80-1520e2a681e5,2026-02-21,CUST-411340,57,42,78,24.19,8,20:00-22:00,None,68.69,0.16,No,0,29,Maps,0.97,39,98.08,1,No,2.03,Single,N/A
4fd94728-206b-489e-8608-2b9debfdaf02,2026-07-09,CUST-637938,100,31,107,30.22,48,18:00-20:00,None,19.72,0.31,No,5794,39,Social,0.91,55,96.07,4,No,4.34,Single,N/A
08e760a5-eb5c-4f33-a89f-f4124df47b7b,2025-08-24,CUST-803013,66,4,166,29.92,14,18:00-20:00,Spotify,58.74,0.68,Yes,0,26,Productivity,0.7,23,95.1,4,Yes,0.43,Multiple,N/A
70c7ab91-f5c7-4bc0-9db5-6b479ec0044f,2025-08-10,CUST-666436,117,7,171,49.71,42,18:00-20:00,None,7.8,0.23,No,0,3,News,1.45,56,95.92,4,Yes,8.17,Single,N/A
0e1250ff-f0e0-491f-8062-7f333b7340ff,2026-03-09,CUST-891016,55,34,4,43.57,39,20:00-22:00,Spotify,22.58,0.71,No,0,34,News,0.82,28,96.27,1,Yes,1.45,Single,N/A
b93712e9-e5ac-4c98-bfa3-03dadfe2531e,2026-06-07,CUST-699363,134,23,121,31.74,16,18:00-20:00,None,42.88,0.83,No,0,24,News,1.03,31,99.01,4,No,1.44,Single,N/A
18ec4e3d-7164-4536-8559-aeb651b8883e,2026-06-28,CUST-323574,167,35,134,17.93,5,12:00-14:00,Netflix,22.95,0.29,No,0,55,Maps,1.68,10,95.64,0,Yes,8.28,Multiple,N/A
f3c138e6-1c2b-4fcd-be83-8195f850751d,2025-09-14,CUST-817077,107,25,172,48.38,8,08:00-10:00,Spotify,80.86,0.45,No,0,54,Social,1.5,17,96.44,5,No,0.68,Multiple,N/A
0f956d4d-1fe4-4c9a-ba63-e16c0e621334,2026-06-02,CUST-389082,194,21,64,23.63,33,20:00-22:00,None,57.73,0.42,No,0,58,Gaming,0.62,19,96.85,4,No,7.94,Single,N/A
6be0df40-a76d-4e15-b279-6ea760a407e3,2026-07-02,CUST-854539,62,36,43,21.24,24,08:00-10:00,YouTube,58.35,0.23,No,0,32,Maps,1.46,50,99.9,0,No,2.88,Multiple,N/A
f68e5f8d-3a34-470b-b9b4-ccfa7cf1c071,2026-07-16,CUST-505021,207,41,176,12.35,34,08:00-10:00,Netflix,93.91,0.43,Yes,0,36,Social,1.72,24,99,1,Yes,2.91,Single,N/A
25604aa2-d0d3-42de-90e9-fff33d77c51f,2026-02-26,CUST-354484,15,13,132,12.99,46,12:00-14:00,None,36.35,0.59,No,0,29,Productivity,0.71,55,95.01,3,No,9.53,Multiple,N/A
28295c8d-5d92-41a0-aa0f-084dd66905cf,2025-10-08,CUST-740842,194,3,18,2.76,13,08:00-10:00,None,34.25,0.77,Yes,0,58,News,1.75,40,96.57,4,No,8.56,Single,N/A
24509f84-b610-4e24-9462-9a7ce725955f,2026-06-11,CUST-886587,46,23,80,35.01,42,08:00-10:00,Spotify,21.48,0.61,No,0,58,Productivity,1.91,17,96.87,3,No,3.18,Single,N/A
ac4ce88a-317e-4143-a299-d3fcda0028ae,2026-04-01,CUST-909248,202,13,82,4.48,8,08:00-10:00,Netflix,26.73,0.43,No,8618,55,Maps,1.39,49,97.39,3,No,5.51,Single,USA
56b9c318-ae92-460b-b2ca-6ad11e807316,2026-04-16,CUST-339724,97,30,15,49.03,20,20:00-22:00,Spotify,80.32,0.74,No,0,42,Maps,0.54,53,99.65,3,No,4.59,Single,UK
e447b97c-9d7b-4bb5-8fa7-9cd01d10fbe2,2026-04-26,CUST-333543,282,39,107,13.8,5,20:00-22:00,Spotify,73.57,0.77,Yes,0,48,Streaming,0.83,41,96.23,4,No,8.41,Single,N/A
f5d847e7-2641-4296-b274-13779878c1a0,2025-09-07,CUST-516482,141,6,158,32.96,48,12:00-14:00,None,2.42,0.34,No,0,7,Social,1.64,33,96.08,2,No,5.05,Single,N/A
72e42b96-ddd9-4bdb-aea0-df4a4bd27ac5,2025-12-21,CUST-672764,122,27,7,0.9,15,08:00-10:00,Netflix,40.84,0.15,No,0,17,Maps,1.04,57,96.82,1,No,6.45,Single,N/A
236635d6-fde1-4142-bead-cf3d4426124f,2025-08-11,CUST-899851,26,22,179,44.11,22,20:00-22:00,None,42.03,0.48,No,0,36,Social,1.92,45,98.12,2,No,5.9,Single,N/A
a9c213cf-d16f-40f6-af7b-dab6afa8a094,2025-11-06,CUST-626396,286,29,146,45.68,35,18:00-20:00,Spotify,57.23,0.79,No,0,47,Social,0.68,19,99.83,1,No,1.6,Multiple,N/A
6cb93e7d-bce0-439d-bc33-11ddfff0414b,2026-01-13,CUST-745815,247,40,59,21.36,42,20:00-22:00,Spotify,82.96,0.43,No,9202,16,News,1.77,30,97.51,5,No,1.21,Single,N/A
d018b69c-5f79-4ff0-b6fa-3ca4bc02f7c5,2026-07-07,CUST-236303,167,38,47,33.24,17,12:00-14:00,YouTube,31.93,0.7,Yes,0,39,News,1.8,12,98.66,3,No,2.13,Single,N/A
888d69dd-1eee-4c62-b448-652b73d8e4a0,2026-06-17,CUST-375811,23,21,197,30.06,49,08:00-10:00,Spotify,27.91,0.55,Yes,5196,8,Productivity,1.35,26,97.1,3,Yes,7.78,Single,N/A
43650654-21b5-4cc0-ad28-ee41d34f2e8b,2026-04-23,CUST-515770,191,27,6,4.35,18,20:00-22:00,None,74.1,0.46,No,0,46,Maps,0.5,23,95.48,3,No,1.69,Single,Japan
a7d2cf50-10a2-4c56-9eb9-da7b0ed9d007,2026-03-16,CUST-314697,261,36,0,32.6,43,20:00-22:00,Netflix,15.54,0.3,No,0,39,Streaming,1.66,53,99.27,0,No,6.83,Multiple,N/A
c5c8f505-257e-43db-8058-06c32d715387,2025-10-23,CUST-348521,291,44,10,26.64,48,18:00-20:00,Netflix,70.05,0.24,No,0,23,Maps,1.32,8,99.2,0,No,2.24,Single,N/A
f8f30ea5-327c-4b49-bf4d-c4f3df97ccfb,2025-11-07,CUST-728312,212,32,161,34.48,34,08:00-10:00,YouTube,92.65,0.5,No,0,50,Streaming,0.79,53,95.86,3,Yes,6.67,Single,N/A
c44ec2c1-e4a3-4b0a-a560-a25ac39fb847,2025-08-13,CUST-439498,233,29,157,34.5,23,20:00-22:00,Spotify,75.83,0.13,No,0,51,Gaming,0.75,14,95.87,3,No,1.83,Single,N/A
0850acb1-f88b-4dd9-b0f3-9c030799610a,2025-07-29,CUST-664320,101,23,161,32.25,43,18:00-20:00,Spotify,62.25,0.2,No,0,11,Productivity,0.7,12,96.72,0,No,3.86,Multiple,N/A
9a86f0f5-5468-42f8-8265-8ce005cbe102,2026-02-01,CUST-651960,142,29,84,43.4,27,08:00-10:00,YouTube,40.19,0.26,No,6169,11,Maps,1.32,51,97.32,1,Yes,2.82,Single,N/A
8680db24-bf67-496a-8ed2-e1075b5392e8,2026-07-07,CUST-464056,183,24,114,38.9,25,12:00-14:00,Netflix,31.14,0.19,No,0,28,Streaming,0.7,17,97.11,2,No,7.89,Single,N/A
6458c6f7-b440-443e-af5f-d318ab4bf5b7,2025-11-20,CUST-142503,29,14,92,39.94,25,20:00-22:00,None,48.84,0.77,No,0,11,Maps,0.95,29,98.94,1,No,4.47,Multiple,N/A
cbd81917-28c6-44ab-b8cc-452c34455c93,2026-07-03,CUST-292146,128,46,110,9.24,44,08:00-10:00,Netflix,80.66,0.27,No,0,54,Maps,1.26,41,99.73,0,No,2.53,Multiple,N/A
a8f0dc26-39f6-4da6-9ea9-91b3128d5ba6,2025-08-03,CUST-235510,243,7,70,37.78,11,20:00-22:00,Spotify,51.4,0.32,No,0,52,Productivity,0.77,60,96.11,4,No,8.48,Single,N/A
adb5abd6-088b-4244-8020-74b9cacf5d67,2026-02-27,CUST-689848,245,10,2,34.74,16,08:00-10:00,None,2.49,0.55,No,0,19,Productivity,1.9,51,96.69,1,No,4.32,Single,N/A
237ab629-d672-468f-974b-3a32ef703067,2026-03-16,CUST-548271,249,41,46,26.6,50,20:00-22:00,None,26.62,0.46,No,5436,40,Maps,1.73,39,96.04,0,No,7.52,Multiple,N/A
9f4a021c-6c6c-4bb9-a13b-1956d171030f,2026-04-23,CUST-873212,243,11,71,1.46,23,12:00-14:00,None,92.15,0.82,No,5968,31,Maps,1.65,55,97.26,1,No,5.85,Multiple,Germany
6a75b74d-a095-4492-84aa-f8c6f731aa74,2025-10-21,CUST-764985,43,17,96,14.19,31,18:00-20:00,Spotify,24.92,0.49,Yes,0,42,Streaming,1.74,31,96.21,4,Yes,5.09,Single,N/A
5b6509c7-cd49-4d02-9740-5dff3065002c,2026-06-23,CUST-805253,5,21,152,0.66,27,20:00-22:00,YouTube,72.01,0.7,No,0,53,Gaming,1.95,29,99.17,4,No,3.67,Multiple,N/A
71830baa-f8b1-4c17-898d-061af3a76da3,2025-11-27,CUST-576438,127,5,78,16.09,24,08:00-10:00,None,69.31,0.22,No,0,17,News,1.92,13,97.4,4,No,3.74,Single,N/A
e4108769-17b2-4d74-b91e-629ad65b08bf,2025-11-07,CUST-143937,141,9,51,48.5,33,08:00-10:00,YouTube,90.45,0.44,No,0,57,Productivity,0.75,20,96.85,3,No,9.16,Multiple,N/A
24e3f3ed-ab51-4dd9-ad16-5644e7c346c2,2025-08-05,CUST-549785,5,45,33,29.44,9,08:00-10:00,None,75.74,0.28,No,0,48,Productivity,1.55,23,97.29,0,No,0.67,Multiple,N/A
27239115-f810-451c-8bae-62e8a6416293,2025-12-25,CUST-393465,29,24,163,18.29,29,08:00-10:00,Netflix,20.78,0.28,No,0,28,Streaming,1.87,59,96.05,1,No,9,Single,N/A
1a8d9c37-0980-45bc-a47f-7cb46f5c7d97,2026-03-04,CUST-323792,240,27,86,20.89,24,20:00-22:00,Spotify,81.54,0.23,No,0,3,Social,1.16,27,98.55,5,No,8.87,Single,N/A
e4310a74-7ef8-4d58-af7c-04911ff39106,2026-01-22,CUST-405907,152,39,82,37.58,34,12:00-14:00,Spotify,71.98,0.71,No,0,41,Gaming,1.38,12,95.75,2,No,8.71,Single,N/A
4399d2ad-34f5-41b6-a4d9-baf2243ef473,2025-09-02,CUST-333265,244,14,169,8.95,12,08:00-10:00,Netflix,9.02,0.36,No,0,15,Social,1.3,42,99.57,4,Yes,2.31,Multiple,UK
5a1eaeec-5e9a-48b9-894a-5dc0c91857c5,2026-06-09,CUST-807973,34,27,7,0.44,47,12:00-14:00,YouTube,87.72,0.36,No,0,49,Maps,1.76,16,98.5,5,Yes,1.27,Multiple,N/A
2b2f6779-fb66-41d8-ba2c-2403a4d29f43,2026-01-24,CUST-609333,158,44,12,6.69,24,08:00-10:00,YouTube,31.34,0.53,No,0,28,Social,1.79,23,99.17,5,No,9.31,Single,UK
baa87666-ca55-4416-83e1-e4d4fa75b690,2025-11-20,CUST-251239,221,7,44,23.19,12,20:00-22:00,Spotify,41.12,0.6,No,714,54,News,1.77,29,98.05,1,No,4.3,Multiple,N/A
d111db2b-416e-4ca4-bdcd-af301a7259db,2025-08-07,CUST-249363,64,44,78,36.4,39,18:00-20:00,Netflix,57.69,0.12,No,0,54,Social,1.62,20,95.63,0,Yes,2.04,Single,N/A
3570e5da-8940-4002-aad6-b9ed546e288b,2025-09-09,CUST-695136,177,7,176,34.25,26,08:00-10:00,Netflix,26.53,0.27,No,0,20,Gaming,1.46,20,95.16,5,Yes,5.05,Single,N/A
9803eaaa-4253-4a39-886d-3a816e698de8,2025-10-16,CUST-887125,27,8,142,21.19,45,20:00-22:00,Spotify,85.33,0.61,Yes,9115,26,Maps,0.78,40,99.48,1,Yes,1.74,Single,N/A
cf81884a-bac3-41f3-b05c-3d7f323a9341,2025-09-22,CUST-909977,122,42,97,38.17,6,08:00-10:00,None,41.42,0.5,No,0,57,News,1.31,19,96.71,1,No,7.17,Single,N/A
cce21028-8d30-47e9-ba4a-ab4f619a58af,2025-09-06,CUST-178190,142,23,48,21.58,35,20:00-22:00,Netflix,73.93,0.82,No,4302,8,Maps,1.35,22,96.73,1,No,1.65,Multiple,France
4f10cacf-be34-432a-9f78-d35e576909c9,2026-07-24,CUST-780198,300,32,19,11.1,7,18:00-20:00,YouTube,67,0.47,No,0,24,News,1.4,40,97.69,3,No,5.43,Multiple,N/A
1b0daf83-4635-4324-af1c-34da1eca2825,2025-12-12,CUST-284753,132,30,3,4.85,14,08:00-10:00,Netflix,81.79,0.25,No,5003,34,News,0.59,37,97.15,4,No,7.24,Single,N/A
30441a29-4737-423a-acd4-f3da760d5a9f,2026-04-03,CUST-574346,52,21,14,3.27,30,18:00-20:00,YouTube,77.29,0.8,No,0,58,Gaming,0.98,53,96.51,4,Yes,9.1,Multiple,N/A
05e9806f-14ef-4612-b38e-f5d519eb5abf,2026-03-28,CUST-791123,104,38,93,5.36,20,20:00-22:00,None,79.88,0.3,No,0,30,Maps,0.67,22,97.15,2,No,9.19,Multiple,N/A
435f180c-1583-449d-ab87-5333679ccac4,2026-04-30,CUST-216005,298,28,16,40.05,41,18:00-20:00,Netflix,84.87,0.37,No,0,27,Gaming,0.87,54,96.33,3,No,1.63,Multiple,N/A
c5f72139-4e63-419e-82a6-07f3f1282fc2,2025-07-31,CUST-746970,76,43,24,39.55,10,08:00-10:00,None,37.11,0.24,No,0,56,Gaming,0.6,11,96.36,1,No,2.13,Multiple,UK
cb20a537-83ba-4090-9b1d-21be2dce20f9,2025-10-10,CUST-105671,81,24,173,10.84,10,18:00-20:00,None,50.75,0.7,No,0,12,Gaming,1.44,32,97.62,3,Yes,8.95,Multiple,N/A
1d1fb48b-a577-4aa4-a200-ed59b6c4b642,2026-04-28,CUST-411153,156,3,34,0.12,10,12:00-14:00,Netflix,6,0.83,No,0,27,Maps,1.57,43,98.58,5,No,1.95,Multiple,N/A
f8e2139a-a100-4bf0-9deb-ef56664ae333,2025-11-18,CUST-810990,244,23,43,13.86,18,08:00-10:00,Spotify,48.75,0.62,No,8407,7,Social,1.83,27,98.55,1,Yes,2.65,Multiple,N/A
e433604b-f1f1-4295-879e-0f6bd91f07e9,2026-03-14,CUST-755566,287,25,2,33.52,50,18:00-20:00,Netflix,75.74,0.72,No,0,57,Social,1.9,59,99.93,4,No,6.49,Multiple,N/A
e2f27216-009c-42ab-ab8c-a2561e2ba241,2026-02-18,CUST-169969,183,16,48,4.81,9,18:00-20:00,Netflix,55.99,0.36,No,0,26,Maps,1.3,9,97.93,1,Yes,8.96,Single,N/A
a50a4ee6-60cc-4275-b77a-fbd61b4e0860,2026-03-17,CUST-338305,233,37,68,2.06,42,12:00-14:00,None,22.37,0.87,No,0,21,Social,1.1,29,96.71,5,No,1.39,Multiple,N/A
89ade185-5724-4673-9da3-fe1e443865ff,2025-11-23,CUST-237596,279,36,130,34.81,10,08:00-10:00,Spotify,27.48,0.32,No,0,43,Social,1.27,28,98.41,3,No,3.04,Multiple,N/A
2587d2bd-0348-4fea-975e-71b9c602774c,2025-11-09,CUST-236571,262,35,123,27.49,9,12:00-14:00,Spotify,80.95,0.61,Yes,0,6,Gaming,0.71,44,97.03,2,No,9.95,Single,N/A
80ae9cae-3504-4050-be56-fcecb26ca11c,2026-05-04,CUST-666125,292,32,174,49.77,41,08:00-10:00,Netflix,10.72,0.2,No,0,28,News,1.49,24,97.12,5,No,3.68,Single,N/A
5b4976a6-d9d3-47a6-b00f-203f67d9a142,2025-10-22,CUST-163974,96,4,128,24.67,36,08:00-10:00,None,57.28,0.15,No,0,38,Productivity,1.59,11,98.37,1,No,6.56,Single,N/A
47eecca9-7c47-41d2-a0b5-8c5f052b6e70,2025-12-24,CUST-113093,136,24,137,33.5,48,20:00-22:00,YouTube,47.66,0.35,No,0,16,Productivity,1.68,53,97.41,0,No,3.93,Single,N/A
f16d3bcc-653b-4bfa-b663-54124c044539,2025-12-04,CUST-743402,170,33,82,46.12,29,08:00-10:00,None,64.5,0.55,No,0,2,Productivity,1.76,28,96.26,0,No,5.25,Single,N/A
f8fde152-425c-436b-8cb4-d5a96f35b6c0,2026-03-29,CUST-926401,43,35,61,2.31,13,08:00-10:00,Netflix,48.18,0.75,No,6618,40,Productivity,1.5,48,98.69,3,Yes,2.32,Single,N/A
d265de18-c8db-4015-b472-2bc45438d4db,2026-01-19,CUST-920805,145,11,187,31.86,12,20:00-22:00,None,12.13,0.58,Yes,0,38,News,1.12,43,97.66,4,No,7.79,Single,N/A
95a8aa07-94a5-404d-b189-fbae7fb4304c,2025-09-23,CUST-988834,81,21,9,37.36,14,20:00-22:00,Spotify,37.76,0.61,Yes,0,55,Maps,1.14,17,99,4,No,3.91,Single,N/A
94c6a493-283c-4d01-a6b7-e107cc4df581,2026-05-12,CUST-988669,22,30,128,5.73,18,12:00-14:00,YouTube,53.91,0.25,No,0,24,Productivity,1.69,15,99.25,5,Yes,1.86,Single,N/A
26084b02-3495-4170-a8a2-4ebeffa1073e,2026-01-12,CUST-408022,151,14,102,5.06,10,20:00-22:00,Netflix,22.11,0.59,No,0,50,Maps,1,33,97.27,2,Yes,8.38,Single,N/A
0d1f54c5-2252-45a2-ab7d-50d9ffe102ca,2026-05-22,CUST-978179,284,43,181,1.92,28,12:00-14:00,YouTube,90,0.56,No,0,45,Gaming,1.58,50,97.3,1,No,5.87,Single,N/A
651567e8-947d-49e3-a9ed-f241611593ac,2026-07-05,CUST-524753,73,35,196,45.2,43,12:00-14:00,Netflix,43.25,0.31,No,0,57,Streaming,1.55,21,97.39,3,Yes,5.55,Single,N/A
82a90d36-b05c-4d98-9e6c-3e84bcada716,2026-05-05,CUST-140781,113,8,83,14.76,22,20:00-22:00,YouTube,14.19,0.57,Yes,3344,10,Social,1.37,10,99.18,4,No,3.16,Single,N/A
1d36fa16-0736-4627-8a5b-329d9c11f641,2026-06-13,CUST-810629,151,20,176,8.77,37,12:00-14:00,YouTube,16.94,0.61,No,0,34,Maps,1.08,32,96.89,1,No,0.14,Multiple,Mexico
3db2fcc0-adb0-4972-b663-a26d4af7c935,2026-04-26,CUST-252266,130,14,4,5.7,25,08:00-10:00,Netflix,42.94,0.64,Yes,0,11,News,0.89,7,95.07,1,No,8.13,Multiple,N/A
a160b910-8658-43fb-95b4-39b6e5dd66e3,2025-10-14,CUST-913058,263,30,179,17.44,42,08:00-10:00,None,14.95,0.14,No,0,18,Maps,1.51,10,98.15,3,No,4.53,Multiple,N/A
0dfbb1fa-ee90-4625-b40f-c87654c09bbf,2025-11-08,CUST-356960,19,2,123,16.71,16,20:00-22:00,Spotify,39.57,0.73,No,5793,47,Gaming,1.71,54,99.42,5,No,2.41,Single,N/A
900435ed-91f2-4ce0-9291-0330727b076a,2025-11-11,CUST-270541,286,4,53,10.48,49,18:00-20:00,YouTube,65.76,0.51,No,0,32,News,1.63,18,96.25,4,No,7.71,Multiple,N/A
4229ddbe-b0ea-431a-aba5-632f67e10f4d,2025-08-20,CUST-494725,89,40,180,30.5,43,18:00-20:00,Netflix,12.67,0.89,No,0,42,News,0.97,33,97.75,3,Yes,8.13,Multiple,N/A
74170d63-7200-4e48-9222-95dbe8393298,2025-08-27,CUST-666573,156,18,17,31.29,50,20:00-22:00,Netflix,47.04,0.87,No,0,11,Social,1.16,26,97.35,2,No,1.66,Single,N/A
6b871e3f-1455-4156-8b06-8bd1dd921345,2026-07-01,CUST-519008,67,16,101,32.65,24,12:00-14:00,Netflix,36.26,0.37,No,3665,15,Gaming,1.09,52,96.59,3,Yes,5.7,Single,N/A
2faaad21-1645-42e6-a912-906181e19ef0,2026-04-21,CUST-123279,287,46,63,45.13,6,12:00-14:00,None,30.14,0.88,No,9292,31,Gaming,1.77,16,97.29,5,No,4.48,Single,Japan
33c45a44-2098-4aae-996e-a42c2dd66a1d,2026-04-21,CUST-630983,75,46,31,17.04,39,20:00-22:00,None,25.84,0.67,No,2556,13,Social,1.12,15,97.76,5,Yes,1.92,Multiple,Germany
60bd531c-2e52-49b2-9e62-ee9b5f38c7a4,2026-01-08,CUST-879225,149,16,198,10.45,25,12:00-14:00,Spotify,66.78,0.71,No,0,55,Gaming,1.1,23,98.49,1,Yes,7.7,Multiple,N/A
bce6f139-587f-4c37-960b-2977aa7b6704,2026-05-28,CUST-147827,166,23,189,49.57,16,18:00-20:00,None,11.93,0.1,No,0,1,Social,0.64,32,99.79,3,No,2.9,Single,N/A
77b0dc0d-dece-4cfe-b79c-9e6271a1e4a6,2025-12-15,CUST-544632,265,6,114,48.98,24,20:00-22:00,YouTube,15.05,0.12,No,371,9,Streaming,0.66,49,98.01,1,No,4.47,Single,N/A
0c2a110d-2194-4bb4-b79d-d3a0bca9a143,2025-08-09,CUST-909020,297,5,59,18.71,9,20:00-22:00,YouTube,9.59,0.34,No,0,50,Streaming,1.46,46,98.87,2,No,0.71,Single,N/A
193c1b3d-6394-47f6-8230-fae286834258,2025-12-17,CUST-756150,69,41,119,14.38,38,18:00-20:00,YouTube,34.5,0.15,No,0,23,Productivity,1.7,6,97.29,1,No,1.1,Single,N/A
3850fed4-d4d0-4c6f-a1c1-efeb3d50a6bb,2026-04-02,CUST-962689,89,26,147,23.02,28,20:00-22:00,None,77.19,0.81,No,0,47,Streaming,1.06,18,96.77,3,No,3.94,Single,N/A
d98f50c4-f1d9-4e5f-a25a-e7885ccbe369,2026-04-18,CUST-724211,237,33,171,36.66,28,08:00-10:00,YouTube,94.51,0.35,Yes,0,22,Social,0.72,24,96.24,5,No,0.77,Single,Germany
093849c2-10e7-4701-ad1b-913e0a075a94,2026-06-18,CUST-719213,151,44,124,12.35,7,18:00-20:00,Netflix,4.9,0.25,No,0,5,Gaming,0.81,57,98.4,5,Yes,8.25,Single,Germany
e634afa0-872a-4fd3-8100-0196dd629128,2026-02-25,CUST-845352,210,16,80,19.19,9,18:00-20:00,None,35.3,0.37,No,0,9,Streaming,0.77,7,96.66,4,No,0.96,Multiple,N/A
6c43b0d7-9904-4925-976d-35136f459ac9,2025-07-30,CUST-707464,221,9,134,40.24,18,12:00-14:00,Spotify,87.09,0.1,No,0,9,News,1.77,55,99.21,3,Yes,3.4,Single,Japan
6ec68a00-6b3d-497c-a90e-7670d407a623,2026-05-27,CUST-254941,208,36,112,28.51,30,12:00-14:00,Netflix,97.48,0.19,No,0,25,News,1.1,37,97.8,1,No,4.09,Single,N/A
6922c6de-d12e-4175-bcbb-4f8dc50047d1,2026-04-06,CUST-842359,34,43,155,45.25,29,12:00-14:00,Spotify,52.37,0.59,No,0,46,Social,0.59,52,97.08,3,Yes,0.6,Multiple,N/A
e291345b-d5cb-4075-a6d7-83ba4ab66170,2025-11-20,CUST-539761,157,36,34,16.41,28,08:00-10:00,YouTube,59.44,0.73,No,0,20,Productivity,1.83,59,99.77,2,Yes,0.14,Single,N/A
04fec610-7cc2-4e6e-a8f3-2a5909b4e0b1,2026-02-16,CUST-482405,244,34,48,16.88,18,20:00-22:00,YouTube,56.62,0.43,No,0,10,Gaming,0.51,22,97.93,2,No,7.52,Single,N/A
fab14bff-dc17-4c19-add4-bb071a258880,2025-09-21,CUST-139659,67,35,64,18.87,32,20:00-22:00,None,93.12,0.87,Yes,0,10,Social,0.81,16,96.86,2,No,5.1,Multiple,N/A
d1f2d692-6333-4a87-8f86-a4fa39c8801e,2026-03-02,CUST-120814,52,3,41,38.11,24,12:00-14:00,Spotify,51.92,0.81,No,0,37,Maps,1.66,37,95.95,2,No,3.26,Single,N/A
143d16f3-f3e9-4906-876d-ff5c6c2df566,2025-10-24,CUST-696443,151,13,83,8.97,49,20:00-22:00,YouTube,77.99,0.37,No,0,36,Maps,1.53,47,97.47,4,No,4.61,Multiple,N/A
2ddb7f2e-f9d3-4804-bfde-b4558356a3dd,2025-12-25,CUST-436705,168,6,7,49.49,45,20:00-22:00,None,6.16,0.66,Yes,0,19,Streaming,0.77,15,98.76,2,Yes,5.87,Single,N/A
5f8ed21b-354d-4305-9194-5232e0ee5d06,2026-02-18,CUST-778037,271,12,141,30.72,6,08:00-10:00,YouTube,73.91,0.34,No,8144,9,News,1.02,46,96.77,5,Yes,3.37,Multiple,N/A
06cdcd52-7329-4476-9850-11fc2efdc03b,2026-01-08,CUST-153341,113,5,161,32.14,16,12:00-14:00,Spotify,47.02,0.31,No,0,7,Productivity,0.9,5,98.54,0,No,6.3,Multiple,N/A
bb567d95-3e0e-4b93-9a75-85572ed8ef7f,2025-12-12,CUST-180416,246,20,141,3.49,44,12:00-14:00,None,33.98,0.35,No,0,47,Maps,0.51,37,97.57,4,No,4.78,Multiple,N/A
c4054d3a-5200-448a-a4ca-1688c4649473,2026-01-20,CUST-544061,58,15,157,18.15,28,12:00-14:00,YouTube,96.18,0.49,No,6609,11,News,0.83,24,96.89,2,Yes,5.61,Multiple,N/A
c9959b5e-83cc-45cf-9f88-5554bd3a9e35,2026-03-08,CUST-657336,156,42,9,1.69,18,18:00-20:00,YouTube,3.48,0.44,No,0,12,Social,1.8,60,95.76,3,No,8.45,Single,N/A
b6cd2746-2324-41b4-87ce-71c269181a3b,2026-05-16,CUST-381868,103,11,52,38.12,46,20:00-22:00,Spotify,81.04,0.41,No,4608,48,Social,0.94,24,98.72,0,No,0.34,Single,N/A
82a5dcba-0ed8-4736-9cbc-5af49426bf52,2026-07-08,CUST-216080,118,2,69,0.69,21,08:00-10:00,None,95.33,0.72,No,0,13,Streaming,1.52,10,95.33,4,No,1.25,Multiple,N/A
3b2efd04-3968-45ba-9b69-f004ee3fe36b,2025-11-05,CUST-598386,179,47,35,45.72,22,18:00-20:00,YouTube,29.09,0.54,No,0,2,Social,1.32,51,99.22,2,No,5.16,Single,N/A
a39a2b9b-82ba-465c-9cc7-edb8d6ef8ad3,2025-11-26,CUST-308906,113,27,133,24.68,7,12:00-14:00,None,61.35,0.58,No,0,10,Gaming,1.38,24,98.93,2,No,9.87,Multiple,N/A
bbd42321-1c45-48f5-9ced-2ac7b5e03f19,2025-11-28,CUST-363591,247,4,58,19.45,42,18:00-20:00,YouTube,66.22,0.2,Yes,0,9,Productivity,1.18,48,95.75,3,No,6.16,Single,N/A
450f1a80-431a-48c0-b37a-7fbdcffc36dc,2026-06-27,CUST-433109,67,50,160,22.84,21,08:00-10:00,Spotify,85.13,0.87,No,0,56,Maps,1.78,30,95.19,5,No,3.31,Single,N/A
3d9be744-17d6-41b6-88c8-c43fec572ee9,2026-03-25,CUST-814446,228,16,1,44.85,19,12:00-14:00,YouTube,64.71,0.21,Yes,0,27,Maps,1.3,19,95.64,5,No,4.69,Single,N/A
ddb03e5a-b3eb-40e2-963d-3c31f274ff58,2026-05-21,CUST-537607,79,39,34,28.97,7,12:00-14:00,None,54.78,0.85,No,0,6,Productivity,0.99,54,98.73,2,No,5.13,Single,N/A
e693355b-2623-4619-80c5-c8dcbead5f10,2025-12-01,CUST-906655,94,13,86,49.74,20,08:00-10:00,Spotify,48.29,0.67,No,0,53,Maps,0.53,58,99.03,3,No,6.51,Single,N/A
58309af5-49f7-4878-830a-b25b48322106,2025-08-28,CUST-155262,195,28,71,32.78,5,20:00-22:00,YouTube,64.19,0.56,No,0,35,Maps,1.26,49,95.32,0,No,1.59,Multiple,UK
389fcc93-1097-41d6-b07e-a7055c9ed937,2026-01-18,CUST-880045,159,29,145,8.65,10,12:00-14:00,Netflix,1.73,0.47,No,7724,41,News,1.69,8,98.44,0,No,3.59,Multiple,N/A
f0dfb4b0-065e-4e0a-a387-0885ecf2a86c,2026-03-13,CUST-321623,19,5,118,10.34,26,20:00-22:00,None,83.5,0.84,No,0,59,News,1.64,30,95.2,1,Yes,2.02,Single,N/A
bf239594-960f-4564-b89b-b9b7fe7e705f,2025-12-01,CUST-663764,29,15,14,26.72,41,12:00-14:00,Spotify,36.04,0.7,No,0,57,Social,1.3,53,97.24,1,No,4.74,Single,N/A
c950eb18-155f-422d-b9f4-9f257d6de522,2025-12-12,CUST-170140,271,18,87,27.76,44,08:00-10:00,Spotify,9.59,0.73,Yes,0,36,Productivity,1.03,50,96.07,5,No,3.46,Single,N/A
faeae813-1b1d-4104-bdeb-990e9918370f,2026-07-17,CUST-671401,266,31,101,28.49,45,20:00-22:00,None,77.29,0.14,No,0,28,Gaming,1.29,20,96.86,4,No,0.06,Single,Japan
b15204e5-6780-412f-9d44-f3bd6c2b954e,2026-01-08,CUST-813281,228,29,25,41.74,47,18:00-20:00,Netflix,63.86,0.23,Yes,0,57,Streaming,1.26,41,99.5,1,Yes,6.74,Single,N/A
d43fb727-3279-4ba1-b680-10101467b0ca,2026-03-29,CUST-402301,73,23,56,8.9,11,12:00-14:00,None,91.94,0.74,No,0,29,Streaming,1.63,10,96.23,2,No,3.64,Multiple,N/A
30dfab00-4767-4672-8cb3-feec8efcbbd3,2026-05-08,CUST-443813,85,6,94,4.39,17,12:00-14:00,None,19.24,0.17,No,0,19,Maps,1.37,17,96.75,2,Yes,2.3,Multiple,N/A
35f4017d-8cc2-4d95-9b7d-1126bad0f662,2025-10-12,CUST-646190,153,39,76,49.47,15,12:00-14:00,Spotify,33.34,0.85,No,0,30,Streaming,0.79,52,96.83,2,No,7.42,Multiple,N/A
e55a7c8b-b170-4065-a79a-ef8a3dcd2cd6,2026-02-11,CUST-713289,185,42,162,17.17,29,20:00-22:00,Netflix,28.74,0.83,No,0,33,News,0.77,43,96.62,4,Yes,7.61,Single,Germany
5dea9b2b-7f78-4a52-b616-2ffdd48c37d1,2025-11-07,CUST-483460,153,44,112,38.1,16,12:00-14:00,YouTube,26.16,0.32,No,0,34,Social,1.51,11,99.51,2,No,2.3,Multiple,N/A
74ac75b1-6539-41c1-931b-348981190f7e,2026-02-20,CUST-435153,23,32,41,49.5,39,08:00-10:00,None,85.26,0.55,No,0,28,Gaming,1.54,32,95.37,0,Yes,6.8,Single,N/A
5dc5beaf-a427-46db-bae6-3ae4146afae7,2026-01-16,CUST-332588,80,32,26,5.47,9,08:00-10:00,Netflix,41,0.25,No,0,48,Productivity,1.84,31,98.38,4,Yes,7.35,Single,N/A
24dd5dfd-d5b1-454c-90e8-a13571bb3e87,2026-02-28,CUST-376096,246,29,79,36.81,35,18:00-20:00,Spotify,49.49,0.82,No,0,35,Gaming,1.21,51,97.68,3,No,4.81,Multiple,N/A
8a3843c3-0afd-4f2e-9954-bc972de90390,2025-10-06,CUST-279312,106,44,156,10.35,18,12:00-14:00,Spotify,86.45,0.86,No,0,10,Productivity,1.46,24,97.08,3,No,7.8,Multiple,N/A
2268928b-6320-4f1b-bdfa-bb37e7036e0e,2026-03-16,CUST-911205,105,2,199,17.62,19,20:00-22:00,YouTube,10.47,0.7,No,0,44,Streaming,0.94,53,96.11,3,Yes,5.87,Single,N/A
d3dbf0f6-9cea-485f-8267-3e825757cbed,2026-07-01,CUST-762947,192,27,55,45.43,27,12:00-14:00,None,29.92,0.65,No,0,16,Social,1.5,39,98.54,2,Yes,8.32,Single,N/A
fce2f051-2fc9-4865-b02d-d953ea50eede,2025-08-22,CUST-447703,228,4,38,22.41,27,12:00-14:00,None,4.37,0.59,No,0,24,Social,1.18,20,98.47,5,No,1.73,Multiple,N/A
3a73f5e7-ac20-441c-93c4-b2bb6d0aa0bd,2026-04-02,CUST-941541,174,3,139,1.51,24,18:00-20:00,Netflix,82.66,0.73,No,0,17,Social,1.76,31,99.31,5,No,6.8,Multiple,N/A
a8a0eaa1-41cd-4051-bb40-a185d83f697b,2026-07-06,CUST-209961,51,18,124,2.91,32,08:00-10:00,None,26.01,0.49,No,0,51,News,1.7,12,98.03,1,No,3.94,Multiple,N/A
5cc4a131-9575-45f1-9fbd-5f1acc3fb935,2026-01-24,CUST-873511,166,40,84,30.49,7,08:00-10:00,Spotify,99.25,0.66,No,0,32,Streaming,1.88,45,96.93,1,No,6.07,Single,N/A
1a0755c3-57dc-4e16-907b-a3c0ba6b8f1b,2025-12-20,CUST-163077,26,15,114,46.06,36,08:00-10:00,YouTube,57.44,0.55,Yes,0,41,Social,1.24,53,98.76,4,Yes,3.69,Single,N/A
31627ddf-c374-4ece-bb13-046bcb279f15,2026-02-20,CUST-326188,47,40,130,15.31,44,20:00-22:00,None,27.6,0.16,No,0,56,Streaming,1.32,16,98.98,5,No,6.06,Single,N/A
e6119bd4-8efd-40d5-a830-078840129213,2025-09-12,CUST-147022,298,8,86,8.86,17,12:00-14:00,None,32.03,0.41,No,0,27,News,0.71,59,99.34,1,No,7.17,Single,N/A
e777e20d-d07c-4669-9cf5-773c590369e2,2026-04-11,CUST-704592,125,6,43,21.78,10,18:00-20:00,None,31.18,0.58,No,0,7,Maps,1.95,49,98.14,3,No,8.27,Multiple,N/A
230f0561-3d6c-4481-a230-9446781c7cd4,2026-01-17,CUST-722917,287,8,190,34.17,41,18:00-20:00,Netflix,99.21,0.87,No,0,28,Gaming,0.89,52,96.22,1,No,4.69,Single,N/A
eff10de7-3599-4876-9965-436818ce7cc2,2025-09-17,CUST-216835,252,45,61,14.04,9,18:00-20:00,YouTube,5.8,0.35,No,0,11,Maps,0.96,40,95.83,1,No,9.76,Single,N/A
06deb84c-429c-419d-be21-41dd305a601d,2025-12-06,CUST-352740,240,25,79,1.42,44,08:00-10:00,Netflix,24.08,0.68,No,0,51,Social,1.17,20,98.96,4,Yes,2.73,Single,N/A
23f5549d-de34-4631-a908-863c5d761e58,2026-04-02,CUST-239921,169,15,114,27.37,30,20:00-22:00,None,35.51,0.57,Yes,0,44,News,1.66,13,99.65,2,Yes,6.96,Single,Germany
0b725d2b-f633-459b-9d42-045c369110aa,2026-04-18,CUST-877528,40,5,92,27.33,42,12:00-14:00,None,36.13,0.71,Yes,0,18,Streaming,1.01,7,99.71,1,No,3.6,Single,N/A
f0f60cad-f3ed-4b03-aa6e-b9818c54a418,2026-01-24,CUST-782448,28,6,37,4.13,20,20:00-22:00,None,96.62,0.55,Yes,0,38,Social,0.58,8,98.99,3,No,1.89,Single,France
7ac6c4a7-39fe-489e-872b-cfe8c5c5459b,2026-06-11,CUST-767551,113,26,193,38.27,45,08:00-10:00,YouTube,6.47,0.12,No,0,38,News,1.06,34,97.42,3,No,4.63,Multiple,N/A
f1c8d5bc-3bd4-425a-9952-7eaf96b024ab,2025-09-27,CUST-859953,195,8,32,15.77,5,12:00-14:00,Netflix,66.15,0.36,No,0,48,Maps,1.14,40,99.82,0,No,2,Single,N/A
10191ac3-90c6-4e95-9972-a31b4a06b70a,2025-08-20,CUST-737350,171,3,72,38.27,34,08:00-10:00,Spotify,97.57,0.51,No,0,1,Social,1.63,42,97.41,2,Yes,4.01,Single,N/A
ae00fa8c-14fc-42b5-87b1-0a452c897669,2026-05-12,CUST-921681,165,24,41,19.43,20,08:00-10:00,Spotify,6.9,0.14,Yes,0,36,Maps,0.95,7,95.44,2,No,0.46,Single,N/A
2772b168-29da-44d1-b22a-cee5e2ef2c35,2025-12-20,CUST-290137,54,12,122,34.36,49,20:00-22:00,Netflix,34.77,0.27,No,8134,36,Streaming,1.88,34,99.7,1,No,4.09,Single,N/A
b9513d9d-1f45-4178-9a6e-6a46bbd04545,2025-12-13,CUST-854890,245,15,29,8.86,10,12:00-14:00,Spotify,83.76,0.89,No,0,53,Productivity,0.83,22,98.6,2,No,9.67,Single,N/A
ee794296-06c3-4672-a727-4d103d4ef73a,2025-12-08,CUST-409874,205,26,11,43.2,22,18:00-20:00,YouTube,37.52,0.32,Yes,0,44,News,1.15,42,97.05,3,No,3.4,Single,N/A
67314dfb-7c2f-47c3-bc58-daeae073553f,2025-08-18,CUST-593548,145,18,78,38.62,24,20:00-22:00,None,5.21,0.45,No,0,39,Streaming,1.85,56,98.49,3,Yes,7.6,Multiple,N/A
92825800-e6ec-41db-8fb9-260c4c94e032,2025-11-19,CUST-963344,59,47,146,29.63,8,20:00-22:00,Netflix,91.15,0.58,No,0,47,Gaming,0.57,25,98.2,3,No,4.78,Single,N/A
ef19dad6-6946-47f4-8325-7023e9a67477,2026-05-21,CUST-152863,246,8,126,32.63,38,12:00-14:00,None,25,0.6,No,0,52,News,1.72,37,95.06,5,No,6.94,Multiple,N/A
fc487578-2bee-4df4-9362-7ed7958c7dfc,2026-03-16,CUST-403534,23,8,87,32.93,7,18:00-20:00,YouTube,29.4,0.21,No,0,1,Streaming,1.69,16,98.24,1,No,0.57,Single,N/A
877d70f4-6f79-4be4-b19a-3302b86887ce,2026-06-21,CUST-937902,224,8,118,24.06,6,12:00-14:00,Spotify,66.72,0.89,No,0,41,Social,1.4,57,99.4,3,No,8.07,Single,N/A
f95bd2cb-f22b-43bf-8a4d-30c04a59b816,2026-04-03,CUST-707462,267,29,175,25.3,39,08:00-10:00,None,8.62,0.48,No,0,1,Social,1.23,15,96.86,0,Yes,1.85,Single,Canada
49062502-95c4-4a4a-b087-6e853a97943f,2026-01-19,CUST-253496,17,48,199,3.11,13,20:00-22:00,Spotify,61.64,0.34,Yes,0,40,Gaming,0.92,54,96.11,1,No,1.63,Single,N/A
56fda22d-316c-4381-ba07-d2b2cb416dd4,2025-11-12,CUST-476095,139,19,81,39.11,34,12:00-14:00,Netflix,22.32,0.56,No,8599,31,Social,1.99,36,97.88,3,No,4.53,Single,N/A
ab34b10c-c8a4-4776-84ee-4e90be9255a4,2026-04-22,CUST-108934,70,10,128,4.5,40,08:00-10:00,Netflix,46.2,0.44,No,0,55,Gaming,1.37,7,99.09,1,No,4.22,Single,N/A
475ad941-7a8b-4d4b-9ff7-61520288523b,2026-04-01,CUST-829290,81,18,22,38.85,29,08:00-10:00,YouTube,40.97,0.11,No,0,38,Streaming,1.83,15,99.99,0,Yes,8.23,Multiple,N/A
74afe04e-53be-4a54-a2cb-81e7f4f2b067,2026-03-13,CUST-119542,257,29,57,38.99,22,20:00-22:00,Spotify,43.36,0.48,No,0,25,Social,1.56,54,95.77,0,Yes,9.01,Single,N/A
6e755053-eacf-44d1-990d-55d787f65620,2026-02-16,CUST-603973,18,2,7,13.52,33,20:00-22:00,YouTube,7.96,0.77,No,0,6,Social,0.64,15,95.71,0,No,2.09,Single,N/A
c8910c7e-80f6-4927-8783-ef29a82144dd,2025-11-14,CUST-912902,73,5,95,46.97,15,18:00-20:00,Spotify,48.77,0.48,No,0,43,Streaming,0.74,6,95.62,4,Yes,8.67,Single,France
498a7108-0c57-4182-842b-b6363029225e,2026-01-11,CUST-933465,9,2,3,2.18,10,08:00-10:00,Netflix,74.93,0.48,No,0,9,News,1.97,7,97.34,3,No,1.98,Single,N/A
c2140f16-e27c-4f9d-a8a8-5c6f0915ca46,2025-08-12,CUST-770079,102,37,63,19.42,46,12:00-14:00,Spotify,99.75,0.8,Yes,1275,7,Gaming,1.03,47,97.65,5,No,2.61,Multiple,N/A
32dddb78-2b61-4afc-826b-284e2c092c80,2026-03-06,CUST-712958,205,31,61,22.13,29,12:00-14:00,Spotify,5.36,0.41,No,0,12,Streaming,1.04,28,98.28,3,No,5.24,Multiple,N/A
21842a39-e411-45cd-accf-f2470a7aaa0c,2026-07-17,CUST-409547,77,20,179,41.29,36,12:00-14:00,YouTube,82.55,0.53,No,0,47,Social,0.67,54,95.93,4,No,5.88,Multiple,N/A
b5ac29d8-dcee-433d-aa1d-e7d14f1e2cae,2025-11-12,CUST-717952,108,28,113,41.79,21,12:00-14:00,None,3.52,0.3,No,0,16,News,1.19,38,99.53,0,No,1.13,Single,N/A
de189e2f-9c57-40b3-bb36-cf43ac40a9d0,2025-08-08,CUST-435975,26,23,37,5.37,7,08:00-10:00,Spotify,81.61,0.84,No,0,6,Streaming,0.92,57,99.88,5,No,9.45,Single,N/A
480b6441-85e3-4073-8f0b-59291ace1467,2026-01-06,CUST-984904,263,33,85,43.36,20,08:00-10:00,YouTube,97.44,0.6,No,4251,29,Maps,0.86,50,95.64,0,No,1.03,Single,N/A
a841fbc1-eede-4521-9a75-89d6cd580ec1,2025-09-30,CUST-683740,91,33,165,32.27,5,08:00-10:00,Spotify,48.21,0.84,No,0,48,Gaming,1.06,58,95.02,2,No,9.78,Multiple,N/A
5cd31c34-0e5b-4e0e-bc7d-0e15ce8347a6,2026-04-18,CUST-246067,36,1,159,7.54,39,18:00-20:00,YouTube,8.43,0.85,No,0,55,Maps,1.83,25,96.93,2,No,9.78,Multiple,N/A
a49207d1-c4ef-41fe-916e-83a3cb71c844,2025-09-25,CUST-229568,95,35,60,17.24,36,12:00-14:00,Spotify,72.59,0.8,No,0,2,Maps,1.57,42,99.42,2,No,0.55,Multiple,N/A
5e451f6d-07de-4682-847f-5eb3ad090527,2025-10-26,CUST-474425,155,47,139,8.66,9,08:00-10:00,YouTube,78.9,0.63,No,0,28,Social,1.92,12,95.9,3,No,5.89,Single,N/A
4bde9e3d-a879-4226-bd8c-4f51c2e62b7b,2025-10-20,CUST-494839,118,38,159,21.38,17,08:00-10:00,Spotify,69.63,0.53,No,0,52,Maps,0.83,14,99.82,1,No,6.58,Multiple,N/A
d3398045-ca25-4589-9273-fc77be19d26c,2025-07-27,CUST-321563,81,4,132,32.49,6,12:00-14:00,Spotify,34.25,0.89,No,0,41,Streaming,1.2,51,97.96,1,No,8.08,Single,N/A
97cbc15a-4d37-4e46-8c04-7547b72fa484,2026-05-28,CUST-847820,279,33,170,13.08,15,18:00-20:00,None,47.71,0.14,No,0,4,Streaming,0.95,48,99.42,3,No,7.76,Single,N/A
28cd6049-feba-4a84-bd00-9c9ff4000f93,2026-06-18,CUST-307754,28,31,166,49.34,42,20:00-22:00,Spotify,43.47,0.55,No,8151,14,Gaming,1.72,41,95.63,4,No,3.52,Multiple,N/A
dd171c31-f7d4-4d53-90a6-91980238a92b,2026-01-28,CUST-854327,163,40,87,6.79,31,08:00-10:00,Netflix,56.76,0.11,Yes,4048,45,Maps,1.28,45,97.54,4,No,0.05,Single,N/A
d9d7ccde-f2cc-48f0-b2c6-b07d91e10e3b,2026-06-15,CUST-172628,186,40,33,46.9,27,12:00-14:00,None,43.59,0.79,No,0,34,News,0.76,55,95.66,4,No,3.39,Single,N/A
045d8f20-5b46-4b39-b7df-4c16c9df9b2b,2026-04-24,CUST-724678,215,49,163,45.64,36,12:00-14:00,Netflix,62.85,0.4,No,0,44,Social,1.44,26,95.73,1,Yes,0.46,Single,N/A
e17b463f-35fd-4a73-ad83-2dc5c24267f8,2026-04-30,CUST-393497,284,22,82,9.34,13,20:00-22:00,Spotify,64.57,0.87,No,2730,54,News,0.68,8,97.98,4,Yes,9.91,Single,N/A
8b5feb57-b1e0-425f-904a-5ad49f05304b,2026-06-26,CUST-722839,142,14,84,10.93,32,18:00-20:00,Spotify,17.59,0.43,Yes,0,41,Social,0.58,6,96.59,1,No,2.94,Single,N/A
d85f4295-08e5-4c02-a64d-d941ca7b22a0,2025-11-13,CUST-623123,294,37,50,4.61,47,12:00-14:00,None,74.74,0.73,No,0,18,Maps,1.15,18,99.45,0,No,7.67,Single,N/A
7dfa4907-98b5-4f62-80bf-77854b9d9a71,2025-09-14,CUST-327031,190,33,70,25.06,37,08:00-10:00,YouTube,4.34,0.84,No,0,44,Social,1.56,40,97.66,2,No,0.67,Single,N/A
68091c2a-cbd5-4820-8623-2b9061f5eefc,2026-02-14,CUST-848888,106,19,1,47.31,23,18:00-20:00,Spotify,68.85,0.65,No,9562,44,Productivity,1.25,11,98.99,2,No,1.6,Single,N/A
75d57af1-8bdd-416c-b08b-48684d3c7e69,2025-11-28,CUST-637248,112,23,195,49.51,28,18:00-20:00,None,38.67,0.45,No,0,43,Streaming,1.32,37,99.63,1,Yes,1.04,Multiple,N/A
a9ec7b6c-0a45-46e0-8883-551c1d1525a6,2025-09-30,CUST-816145,179,19,152,16.11,28,18:00-20:00,None,31.43,0.78,No,0,56,Maps,1.22,47,98.65,4,Yes,0.12,Multiple,N/A
c6d404f7-b5e6-40b5-97a2-0d7f25aa26e5,2025-10-10,CUST-630998,44,5,132,6.41,39,18:00-20:00,Spotify,86.14,0.79,No,0,35,News,0.54,27,96.3,2,No,0.23,Multiple,N/A
55c92eef-81ec-44ae-ae12-0242f50afa2e,2025-10-30,CUST-293101,133,4,159,45.2,22,20:00-22:00,YouTube,37.74,0.4,No,0,25,Maps,0.95,51,97.11,1,No,5.14,Multiple,N/A
1cacaf79-ce99-4f1b-b78a-14246334436c,2025-09-02,CUST-543220,298,13,184,42.84,43,08:00-10:00,None,9.05,0.27,No,5464,51,Social,1.31,29,97.19,2,No,7.77,Single,N/A
9231e725-768b-4a40-b640-5c89b6cd20e7,2026-03-04,CUST-650930,131,4,188,42.41,34,12:00-14:00,YouTube,75.02,0.71,Yes,8482,41,News,0.53,20,98.15,5,No,0.84,Single,N/A
a4acb934-bf24-4ee1-9e58-baf11201e833,2025-11-18,CUST-107079,161,32,178,46.2,45,20:00-22:00,YouTube,18.74,0.74,No,0,13,Gaming,0.9,8,98.82,2,Yes,9.62,Multiple,N/A
e20d476f-d6b8-446e-8aa1-6a61911aceb6,2026-01-23,CUST-914897,252,39,97,13.45,47,20:00-22:00,Netflix,86.86,0.72,No,2071,12,Streaming,0.68,31,99.84,4,No,2.08,Multiple,N/A
7a5d559b-e516-482c-b9ed-30f67fff0ca9,2026-07-21,CUST-590361,267,33,53,41.4,42,18:00-20:00,YouTube,58.74,0.62,No,1312,35,Social,0.64,36,97.07,3,Yes,1.46,Single,N/A
0e98d2e3-9d70-486c-a210-15928a25e523,2026-01-12,CUST-947208,276,6,48,16.81,21,18:00-20:00,Netflix,91.79,0.56,Yes,2157,12,News,0.76,27,99.52,2,No,6.71,Multiple,N/A
c9c45b19-e14c-4720-8197-5e680489eb6d,2025-11-06,CUST-790852,166,31,102,17.01,7,20:00-22:00,YouTube,35.77,0.4,No,0,40,Gaming,1.35,35,98.49,5,No,8.36,Single,N/A
3b3731cb-03c6-48b8-864e-413334e72e11,2026-02-18,CUST-730124,43,3,38,17.89,14,20:00-22:00,Netflix,98.61,0.15,No,0,50,Maps,0.62,44,96.32,2,No,9.94,Single,N/A
ced9e089-6862-497a-9c90-3b16f9f6d4df,2025-10-07,CUST-634060,288,28,132,28.28,6,18:00-20:00,None,72.54,0.74,No,0,25,Social,1.76,27,96.23,3,Yes,2.82,Single,N/A
cb6f9c23-4b21-4af0-a9a3-55966293471c,2025-08-17,CUST-939689,284,3,173,12.72,50,20:00-22:00,YouTube,57.59,0.43,Yes,0,15,Maps,0.74,36,97.58,4,No,8.23,Single,N/A
c61798ad-7fbf-4a63-ba48-78b08696999b,2026-03-21,CUST-838670,211,30,88,30.67,10,20:00-22:00,Spotify,2.35,0.6,No,0,12,Gaming,1.13,21,99.43,1,No,7.91,Multiple,N/A
fc39051d-64d8-4d21-983e-5c0ad0d96128,2025-12-06,CUST-426600,251,9,94,9.71,35,20:00-22:00,None,21.32,0.45,Yes,0,56,Social,1.83,41,95.73,4,Yes,5.95,Single,N/A
de63a1e1-32a3-4471-80f3-46a58e94b8af,2026-03-02,CUST-136777,275,1,66,47.31,17,18:00-20:00,None,62.22,0.69,No,0,32,Social,1.45,8,99.13,3,Yes,6.7,Single,N/A
b7841873-e1e1-4e50-b317-b62565a151b6,2026-07-21,CUST-672852,10,16,99,21.29,10,08:00-10:00,Spotify,49.28,0.62,No,0,30,Gaming,0.64,12,99.54,5,Yes,2.54,Multiple,N/A
1edfa134-7c4a-4869-abe3-89be812a2b89,2026-07-12,CUST-579225,154,31,41,30.12,26,08:00-10:00,YouTube,53.27,0.17,Yes,0,37,Streaming,1.24,8,97.89,4,No,1.48,Single,N/A
ce8e7f61-927e-4cde-bd9b-6014ee7f7020,2025-08-25,CUST-711491,90,8,125,5.38,23,12:00-14:00,Spotify,11.65,0.47,No,9284,9,Streaming,0.79,25,97,2,No,4.33,Single,N/A
43ee8a76-5bd9-4a7d-818a-71614b7d861c,2026-01-07,CUST-594629,161,12,55,7.78,6,08:00-10:00,None,26.18,0.6,No,0,17,Social,1.22,8,95.51,1,Yes,2.94,Multiple,N/A
cff7befa-7228-444a-89df-cb0896522a73,2025-08-08,CUST-804560,51,44,48,6.32,44,08:00-10:00,None,7,0.33,No,0,28,Productivity,1.52,26,95.58,2,No,4.53,Single,N/A
908039ff-2000-45d3-bf38-5395a96070f7,2026-01-04,CUST-419229,226,28,178,7.71,31,12:00-14:00,Spotify,85.78,0.9,No,8695,55,Productivity,0.7,41,95.2,4,No,4.84,Multiple,N/A
fc10fe63-86ec-4367-8084-1b325897843d,2026-06-07,CUST-844066,267,37,7,21.37,35,20:00-22:00,Spotify,46.84,0.29,No,0,31,Social,1.18,25,95.55,4,No,1.85,Single,N/A
4e556eb7-1a20-4757-9ffb-94e9fd582ce9,2026-07-05,CUST-653394,267,13,132,34.35,33,12:00-14:00,YouTube,37.05,0.78,No,0,46,Social,0.68,32,95.73,4,No,1.48,Single,N/A
7c1769bf-fa76-42a9-9ca3-a5205d526ba2,2026-01-22,CUST-824649,70,23,119,18.29,19,20:00-22:00,Netflix,98.99,0.77,Yes,0,16,Streaming,0.52,47,99.35,3,No,5.45,Multiple,N/A
0cc253bd-735a-464f-ae86-fcb0d9b557cd,2026-02-02,CUST-770435,162,2,115,12.85,34,12:00-14:00,None,66.23,0.41,No,4427,7,Gaming,1.04,60,96.56,4,No,2.33,Multiple,N/A
1f2b052d-b436-4c59-ba30-695b188fb3df,2026-07-05,CUST-172877,44,5,79,36.17,43,08:00-10:00,None,8.28,0.1,No,0,25,News,1.03,52,98.07,3,No,5.3,Single,N/A
147437cc-8be0-44e6-a877-1faa694c9d97,2026-02-24,CUST-211985,263,40,170,45.42,15,18:00-20:00,YouTube,41.07,0.64,Yes,0,7,Streaming,1.6,28,97.64,3,No,0.79,Multiple,N/A
2f8958c2-0790-4b07-928b-9312ca0ba900,2025-10-27,CUST-202775,34,12,140,48.31,45,20:00-22:00,Netflix,92.66,0.59,No,0,59,Maps,0.65,19,95.77,3,No,3.27,Multiple,Canada
f00eb214-fefc-4319-9517-d9e8bc656b62,2025-09-02,CUST-330552,11,10,88,48.4,5,20:00-22:00,YouTube,49.94,0.67,Yes,0,20,Maps,0.86,20,96.91,4,No,1.88,Single,N/A
467c7aae-d607-4387-a1b9-2f4eb58cd333,2026-02-18,CUST-771756,221,32,197,19.9,7,08:00-10:00,Spotify,81.35,0.58,Yes,0,9,Productivity,1.48,59,95.85,1,No,6.74,Multiple,N/A
45c1121b-0444-4ad1-b6cd-82bd9bdc1fea,2026-01-13,CUST-297650,268,43,87,34.18,44,20:00-22:00,Spotify,43.8,0.66,No,0,39,News,1.97,58,96.46,4,No,0.32,Multiple,N/A
b835a74a-5364-41dc-a3b0-2893c7a17b68,2026-02-03,CUST-890505,185,12,180,15.88,10,08:00-10:00,Spotify,72.05,0.9,No,0,47,Streaming,1.38,56,95.17,4,No,6.2,Multiple,Mexico
3791d574-f0e0-492f-8cd6-b16de7d2439c,2025-10-27,CUST-618253,48,39,83,30.54,16,12:00-14:00,None,90.13,0.46,No,0,45,Productivity,1.44,41,99.21,3,No,4.28,Single,N/A
06b9e3f6-e26b-44c4-9318-905b6145c8df,2025-11-01,CUST-108087,211,17,129,1.13,43,18:00-20:00,Spotify,95.68,0.59,No,0,13,Productivity,1.27,18,95.02,1,No,1.46,Multiple,N/A
d57d532e-b51a-4442-b13c-31969f60bf6f,2025-12-27,CUST-835884,214,45,163,3.76,14,18:00-20:00,None,5.21,0.65,No,0,45,Gaming,1.04,24,98.77,1,No,7.29,Multiple,N/A
27d48a4c-0e8c-434b-a309-2fae1571c44e,2026-03-27,CUST-913431,232,42,95,23.87,46,20:00-22:00,Netflix,32.28,0.34,No,0,47,Streaming,0.52,52,97.31,4,Yes,9.06,Single,N/A
6f73d4d1-f9c7-4622-b94f-f99b06b5bd4b,2026-06-28,CUST-689486,60,16,14,13.17,42,12:00-14:00,Spotify,65.56,0.16,No,0,31,Productivity,1.15,14,95.75,4,Yes,6.03,Single,N/A
b3419e76-6479-4cc6-b13d-657042658b98,2025-10-11,CUST-189964,42,32,14,13.19,48,20:00-22:00,YouTube,35.49,0.87,No,0,46,Streaming,0.79,29,98.7,3,Yes,5.8,Single,N/A
d469afc7-5c40-4710-bf2d-0686fb37eb62,2026-05-01,CUST-609896,129,2,8,14.1,6,12:00-14:00,YouTube,64.29,0.61,No,0,34,Streaming,0.55,26,97.07,3,Yes,1.76,Single,N/A
2a06a2cf-5bad-40fd-b78a-ecda34eaa633,2026-06-03,CUST-964007,173,43,173,39.06,18,20:00-22:00,Spotify,94.43,0.31,No,0,58,News,1.2,27,95.44,3,No,3.55,Multiple,N/A
60ff985b-dffa-471a-974b-afb2cc903792,2025-08-26,CUST-561907,84,43,1,33.48,27,08:00-10:00,None,60.89,0.65,No,0,2,Productivity,0.6,35,98.12,3,No,6.29,Single,N/A
2307cb93-2716-4f32-ae71-189185fb8597,2025-08-23,CUST-202067,134,44,36,25.4,22,12:00-14:00,None,17.12,0.29,No,5665,13,Social,1.43,35,95.18,5,No,1.98,Multiple,N/A
90e3a4f1-9ab3-4443-838e-aa8b978d7d15,2026-03-08,CUST-327025,34,5,162,25.52,43,18:00-20:00,None,26.77,0.43,No,620,58,Streaming,0.66,29,95.78,0,No,9.48,Single,N/A
a64ebacd-750d-4f8a-b117-6e9e69d9ea68,2025-10-24,CUST-945254,182,14,130,32.34,49,20:00-22:00,Spotify,19.53,0.58,No,0,31,Maps,0.67,10,96.86,1,Yes,2.01,Multiple,N/A
fa8fe8fb-af3b-4919-97c4-7d643bf8f485,2025-11-23,CUST-496350,45,41,194,37.37,46,18:00-20:00,Netflix,34.17,0.19,No,0,49,Productivity,1.14,23,97.89,0,No,1.09,Multiple,Mexico
5dd50e78-ed50-418f-aa73-33ae639d2309,2025-08-13,CUST-335205,26,11,177,28.01,32,18:00-20:00,Netflix,2.6,0.5,No,0,29,Streaming,0.7,15,99.21,3,Yes,1.82,Single,N/A
555e048d-85bb-4d42-822e-1a7be96ab42c,2026-06-26,CUST-646896,271,33,30,8.01,22,18:00-20:00,Spotify,65.46,0.2,No,0,49,Productivity,1.26,18,99.45,5,No,6.58,Multiple,N/A
740b2012-ad0b-4ccd-a99b-01954b497a9b,2025-09-01,CUST-240856,153,23,128,43.15,27,08:00-10:00,None,27.72,0.14,No,4727,52,Productivity,1.27,14,95.98,3,No,7.05,Single,N/A
d38d4158-8e66-4456-8195-410daa395d8d,2026-06-29,CUST-248869,214,25,155,29.74,48,08:00-10:00,Spotify,11.76,0.45,No,0,46,News,0.72,24,98.06,3,Yes,3.24,Multiple,N/A
7cd8ddd4-578b-4d93-ad9c-26d0be05d010,2025-09-14,CUST-151600,40,44,5,40.81,14,18:00-20:00,YouTube,30.36,0.18,No,0,44,Streaming,1.9,37,95.8,3,No,0.61,Multiple,N/A
02ccce31-c783-4f83-97b1-b90317a7d10a,2026-06-12,CUST-989463,126,22,5,28.59,49,20:00-22:00,Netflix,56.83,0.45,No,0,2,News,0.6,35,95.6,4,No,3.28,Single,Canada
83296e22-d996-420d-9ea2-4327b7e765c7,2026-04-29,CUST-619084,181,4,92,30.9,33,08:00-10:00,YouTube,85.83,0.27,No,2901,24,Productivity,1.82,50,97.85,4,No,9.9,Single,Mexico
b4ca54ed-7aaa-4c8e-9804-d6f74c968146,2025-10-22,CUST-429026,7,1,42,27.15,45,18:00-20:00,Netflix,15.14,0.36,No,0,47,Social,0.9,38,96.22,4,No,9.23,Single,N/A
f88584bc-ec8b-418b-8175-9b20e5c4dc8d,2025-10-07,CUST-550340,292,38,51,23.38,47,18:00-20:00,YouTube,41.72,0.5,No,0,45,Productivity,0.64,26,98.46,1,No,9.08,Multiple,N/A
f062cc8d-cc53-453d-b92b-43ac496569d4,2025-12-05,CUST-606383,11,18,127,28.67,9,08:00-10:00,YouTube,59.23,0.2,No,0,10,Social,1.49,10,99.5,4,Yes,3.31,Single,N/A
1ad96aff-cf67-48a6-8cf3-5b149c9a1bdc,2026-01-31,CUST-642333,162,11,73,32.01,34,08:00-10:00,None,62.08,0.88,No,0,42,News,1.56,14,96.67,1,Yes,7.52,Multiple,N/A
ab805678-8cd3-445a-a3fb-fa17dcb36ec2,2026-05-04,CUST-555772,237,32,91,12.21,42,18:00-20:00,Spotify,59.66,0.2,No,0,21,Maps,1.34,33,96.5,1,Yes,6.32,Single,N/A
9d96e652-00a0-4a9f-9912-45d1556d3997,2026-02-07,CUST-343951,112,7,48,42.36,37,12:00-14:00,Spotify,36.09,0.53,No,0,15,Maps,0.92,6,98.32,4,No,9.9,Single,N/A
ffffe2d9-9a27-4bca-bbc5-08f470032756,2026-04-27,CUST-204022,157,19,89,45.76,37,18:00-20:00,Spotify,98.19,0.47,Yes,0,33,Social,1.31,49,97.96,1,No,4.04,Multiple,N/A
d6c33708-daaf-451d-841f-1a80e0b9f45f,2025-11-19,CUST-202638,185,23,136,41.18,44,20:00-22:00,YouTube,43.78,0.65,No,0,32,Productivity,1.58,23,99.52,2,Yes,6.52,Multiple,N/A
1b957e5a-8129-4676-bd99-98193ea7c5ff,2026-04-11,CUST-244972,47,7,6,18.32,19,20:00-22:00,Netflix,75.32,0.68,No,0,54,News,1.71,24,97.29,2,No,2.5,Single,N/A
27bcfc96-280b-4760-9170-bbefdcac05bc,2026-02-23,CUST-680487,62,30,188,12.75,47,08:00-10:00,Netflix,59.23,0.59,No,0,35,Social,1.69,51,99.81,4,No,4.41,Single,N/A
3fb0bf5f-cf29-498d-8cb9-c018a9c3cfbd,2026-01-29,CUST-917103,137,17,174,22.9,19,18:00-20:00,None,59.42,0.47,Yes,0,2,Streaming,1.96,33,97.1,3,No,2.82,Single,N/A
839708af-b7e1-406c-b10e-1eadf05d3320,2026-02-06,CUST-750356,202,46,124,7.05,12,08:00-10:00,YouTube,56.36,0.34,No,0,9,Gaming,1.25,49,99.53,2,No,0.99,Single,N/A
763348b8-4f1c-4f59-b4ee-866d761d47cd,2026-06-14,CUST-422369,124,31,14,3.24,13,08:00-10:00,YouTube,33.14,0.22,No,379,8,News,1.98,17,96.72,3,Yes,0.51,Single,N/A
d3bef637-5426-4fcc-b1ac-7a06e6bbc55b,2026-04-12,CUST-406978,266,49,88,32.87,19,08:00-10:00,Spotify,36.06,0.53,No,0,42,Maps,0.98,24,99.04,1,No,2.15,Single,Japan
bcfd404c-cff3-45c4-b708-1369aae8718e,2026-05-21,CUST-766211,98,22,70,38.61,9,08:00-10:00,Spotify,18.42,0.34,No,0,32,Social,1.85,51,98.68,1,Yes,7.92,Multiple,N/A
dda8163c-a2e5-4991-8c13-484196982930,2025-11-02,CUST-431210,111,18,160,31.77,43,20:00-22:00,Spotify,82.99,0.11,No,0,60,Social,1.48,42,98.87,3,No,4.31,Multiple,N/A
d04b9a80-b173-4934-a027-baf8217d4bc8,2025-10-29,CUST-165329,166,22,139,47.24,43,20:00-22:00,None,17.01,0.68,No,0,0,Gaming,0.7,35,99.52,4,No,8.41,Single,UK
4b324c6a-b15c-4f17-a0ef-8fc95c765c55,2026-05-04,CUST-568982,286,23,86,42.13,42,18:00-20:00,None,25.19,0.49,No,0,12,Streaming,1.21,9,96.13,4,Yes,6.7,Multiple,USA
482ed4d2-4eca-4a37-a5e4-d3c436f6ecc5,2025-08-04,CUST-186402,82,26,77,42.06,22,12:00-14:00,Netflix,22.73,0.64,No,0,59,Maps,1.36,8,95.74,3,No,8.95,Multiple,N/A
746f27c8-8caf-4943-93d9-c593e29a90c9,2026-01-14,CUST-542620,142,31,100,14.02,40,20:00-22:00,Spotify,3.09,0.79,No,0,22,Gaming,1.43,9,96.41,4,No,9.05,Multiple,N/A
3af7c2dc-d66f-49d4-af33-4f6478c3ac0b,2026-02-17,CUST-167470,185,7,80,29.49,26,08:00-10:00,YouTube,15.24,0.31,Yes,660,34,Gaming,0.68,28,97.34,5,No,8.42,Single,N/A
66014b05-8688-4528-b9cd-ec5b6e42603c,2026-02-26,CUST-568236,33,45,9,21.52,28,20:00-22:00,Netflix,95.98,0.86,No,0,21,News,0.67,11,96.75,2,No,5.58,Multiple,N/A
0d70a463-1a69-4abf-93ec-81d11017c442,2026-06-06,CUST-296998,234,19,137,1.25,13,12:00-14:00,None,71.2,0.73,No,0,29,Productivity,1.06,56,95.06,4,No,5.62,Single,N/A
6289a63c-6376-4e46-987b-10ad3c66dc67,2026-05-08,CUST-922791,205,28,10,36.15,20,18:00-20:00,YouTube,89.81,0.8,No,0,19,Maps,1.1,56,98.72,1,No,9.75,Single,N/A
8e3bd1e9-cad1-4e36-973a-19ced6185f79,2026-06-30,CUST-269276,278,31,179,8.33,33,12:00-14:00,None,93.77,0.37,No,0,17,Gaming,1.81,47,97.78,4,Yes,2.37,Single,N/A
53db854a-6cb0-42bf-8b27-dfeda1322561,2025-07-28,CUST-458989,293,41,39,22.84,42,12:00-14:00,Spotify,44.19,0.78,No,0,7,News,1.54,8,96.62,2,No,0.08,Single,N/A
deba9083-ec7b-4e4f-b79e-063ecab0d9cb,2026-05-21,CUST-606716,183,39,29,13.39,9,20:00-22:00,YouTube,50.34,0.6,No,2676,20,News,1.87,13,98.64,4,Yes,0.88,Single,USA
7948c433-4c7d-4855-b6cd-1f8c88d958e7,2026-01-21,CUST-502934,81,7,189,22.51,20,18:00-20:00,YouTube,95.93,0.11,No,0,22,News,1.02,47,99.14,2,Yes,7.64,Multiple,N/A
38644c1d-871d-4015-be2b-5f0fddbea2a6,2026-02-18,CUST-842960,121,48,23,47.6,7,08:00-10:00,YouTube,98.6,0.51,No,5664,29,Social,0.63,5,95.45,2,No,0.82,Multiple,N/A
1624fc03-5016-4afe-937e-6d81eb87cb45,2025-10-02,CUST-234929,20,15,33,36.2,39,20:00-22:00,Spotify,4.08,0.79,No,0,25,Social,1.74,32,99.53,2,No,5.22,Single,N/A
0f413591-ce3c-4852-8655-7de81b03c9e3,2025-11-10,CUST-182516,170,14,79,13.96,25,18:00-20:00,Spotify,71.89,0.87,No,9314,42,Social,1.05,20,98.65,1,Yes,6.48,Single,N/A
ef70c924-383e-42af-a182-fb6d7346cea0,2025-11-10,CUST-427339,32,33,127,18.14,20,12:00-14:00,YouTube,94.89,0.77,Yes,0,59,Maps,1.77,49,95.57,1,No,8.04,Single,N/A
cbc9c7f3-a525-4f2a-86a7-3db01a05dead,2026-03-27,CUST-866021,24,47,122,41.24,49,12:00-14:00,Spotify,51.62,0.13,No,0,5,Gaming,0.64,17,98.59,0,Yes,2.17,Single,N/A
2bf0202b-05bc-4594-bb5d-14402cd3a37c,2026-06-07,CUST-129917,52,4,119,40.56,33,18:00-20:00,YouTube,52.05,0.37,Yes,0,9,Maps,1.1,35,99.12,3,Yes,5.84,Single,Canada
6277244c-f330-4e8f-9c46-5a37d1d1f8d3,2025-08-15,CUST-978898,82,32,144,34.04,42,08:00-10:00,Spotify,64.97,0.83,No,2969,39,Gaming,0.82,24,98.9,4,No,4.67,Single,N/A
85a0e3db-d095-483c-b3d5-165aaec79426,2026-06-03,CUST-404804,19,19,141,34.09,23,12:00-14:00,YouTube,92.29,0.76,No,0,3,News,1.09,40,96.04,4,No,2.66,Multiple,N/A
32063385-a6e8-4688-b855-a17f17afa557,2026-06-12,CUST-949822,121,6,175,9.91,46,20:00-22:00,Spotify,36.02,0.4,No,0,50,Social,1.32,43,95.45,5,No,0.31,Multiple,N/A
53f9d249-47f2-4bd6-96f1-398351f23fa5,2025-10-12,CUST-311027,18,11,59,20.98,29,08:00-10:00,YouTube,73.63,0.52,Yes,0,1,News,1.91,18,96.63,2,No,4.57,Single,N/A
01498aa1-f673-46ee-a6a8-e57df57eaab5,2026-03-11,CUST-778537,254,8,39,19.19,7,20:00-22:00,Netflix,95.84,0.69,No,0,32,Productivity,1.75,39,97.45,4,No,8.59,Single,N/A
a64b745e-d5d3-4af5-b023-42e72e0b2ffa,2026-04-12,CUST-336044,193,25,102,32.67,13,08:00-10:00,Netflix,11.58,0.58,No,6627,14,Streaming,1.86,55,95.27,3,Yes,6.71,Single,N/A
aa82d4a6-b689-477c-9cc9-0faf28f06061,2026-07-06,CUST-216617,30,46,59,2.42,5,12:00-14:00,Netflix,49.34,0.59,Yes,0,2,News,1.09,48,95.95,1,No,3.79,Multiple,N/A
751cf551-0c2c-4b68-b5b1-68288434fe3b,2026-06-13,CUST-950179,73,32,73,28.44,10,12:00-14:00,None,23.98,0.3,No,0,18,Streaming,1.45,35,97.23,5,No,1.7,Single,N/A
00bffb1e-3523-46df-9345-50fc5d7a3890,2025-10-22,CUST-802457,216,26,118,27.46,26,20:00-22:00,None,72.75,0.41,No,0,38,Productivity,1.19,38,97.39,4,No,5.75,Single,N/A
7204fe8e-5f6c-453a-bd4b-a5fb075b610a,2026-05-31,CUST-185843,103,13,31,35.49,48,18:00-20:00,YouTube,13.03,0.88,No,0,9,Social,1.26,46,97.01,3,No,9.36,Single,N/A
3a5e1b6f-8cce-4ba2-8007-f3f3162cae66,2026-06-01,CUST-290847,88,42,40,31.72,7,12:00-14:00,YouTube,63.61,0.85,No,9065,43,Productivity,1.38,23,97.64,2,No,1.6,Multiple,N/A
d33a008f-c6c1-4d81-a6e1-7be741359708,2026-03-27,CUST-834759,79,49,42,22.28,48,12:00-14:00,None,77.73,0.28,No,2774,51,Streaming,0.81,11,96.21,5,No,8.34,Multiple,N/A
2e819a85-3a8d-45c1-b661-f8b9052902eb,2025-11-06,CUST-560114,42,8,139,29.91,45,20:00-22:00,Spotify,16.93,0.52,No,2220,5,Social,1.11,8,97.75,0,Yes,9.43,Single,N/A
630d7332-1e98-402e-89ff-c666c7878ea0,2025-11-16,CUST-884588,97,38,30,16.75,42,12:00-14:00,None,32.22,0.4,No,0,46,Productivity,1.32,51,98.24,4,No,9.07,Single,N/A
040e84a3-1264-4c19-889c-013fd728d3e9,2025-12-27,CUST-230494,159,49,54,5.27,29,20:00-22:00,YouTube,17.65,0.14,No,0,29,Social,0.53,46,96.84,1,No,3.29,Single,N/A
7054eae0-bfde-49c0-ac6c-ff8648010286,2026-01-16,CUST-557533,158,21,153,3.39,35,12:00-14:00,Spotify,72.43,0.65,No,415,31,Gaming,1.07,24,96.66,5,Yes,1.08,Single,N/A
ca3dc272-f50e-4ae3-ade5-847055b01634,2025-11-23,CUST-147862,172,45,9,20.73,43,12:00-14:00,None,40.14,0.87,No,0,57,Gaming,1.03,6,98.48,1,Yes,8.47,Multiple,N/A
8c1608d3-7071-4ceb-b4cb-8d8234810457,2026-03-10,CUST-270676,81,42,14,1.38,17,12:00-14:00,None,78.79,0.44,No,0,28,Productivity,1.09,8,96.32,1,Yes,1.06,Multiple,N/A
d29cf3e9-2be0-4ba3-94cc-2079735e1d63,2025-09-23,CUST-832309,38,41,101,35.57,6,18:00-20:00,None,53.01,0.39,Yes,0,22,Maps,1.93,32,99.25,1,Yes,3.14,Multiple,N/A
7da66f0d-adef-4542-888b-8c9b3139f23a,2025-10-09,CUST-762217,258,4,57,1.02,17,20:00-22:00,YouTube,93.11,0.55,No,0,58,Productivity,0.99,58,99.55,0,Yes,0.87,Single,N/A
382d9ead-29bf-41a8-a555-0b664f08a99b,2026-07-11,CUST-591760,199,38,81,40.98,26,18:00-20:00,Spotify,86.14,0.42,No,1494,54,News,1.82,34,97.14,1,Yes,9.83,Single,N/A
bcb6c88c-4c73-4c80-9a30-7d8568f5a8d9,2026-03-17,CUST-911293,272,45,137,40.13,7,20:00-22:00,YouTube,35.88,0.44,No,0,57,News,1.37,31,98.55,3,Yes,1.68,Single,N/A
84141840-90d7-4774-8145-b15fa2fefeec,2026-01-04,CUST-474706,276,15,121,23.85,6,12:00-14:00,None,97.65,0.47,No,0,6,News,1.58,9,99.49,5,No,1.95,Single,N/A
6da4561f-4de4-41ac-a4c6-8a69d7ef5ae0,2025-11-16,CUST-503388,86,14,73,49.04,45,12:00-14:00,Spotify,2.02,0.51,No,871,39,Gaming,1.86,13,99.59,5,No,0.35,Single,N/A
0a66e70a-a7f1-4693-959d-b5d1a5f2219c,2025-12-17,CUST-872512,33,13,140,25.92,49,18:00-20:00,None,34.1,0.21,No,0,32,Gaming,2,11,97.42,4,No,3.84,Multiple,N/A
31072a9b-5baf-45b6-9e55-975d652eedc9,2026-01-07,CUST-403880,26,31,70,45.02,25,08:00-10:00,YouTube,27.96,0.46,No,0,55,Productivity,1.05,60,96.1,4,Yes,5.92,Single,N/A
88f20516-c528-4cac-a29e-2184545b6c59,2025-11-28,CUST-333695,288,1,176,25.16,24,20:00-22:00,Spotify,81.56,0.85,No,0,58,Streaming,1.43,46,96.24,3,No,2.35,Single,N/A
0481b73f-d13a-4e11-a209-c72b352a9047,2026-06-10,CUST-125952,251,38,149,11.04,16,08:00-10:00,Netflix,51.76,0.5,No,0,37,Social,0.63,53,95.51,2,No,2.06,Single,France
65245f67-08f8-4c19-9e51-0a84e0e5abfb,2026-07-03,CUST-837963,45,12,139,30.56,13,12:00-14:00,Spotify,37.09,0.42,No,0,24,Social,1.81,47,99.32,5,No,9.29,Multiple,Canada
0caa31b1-47e2-4be2-9796-7a2c9acca286,2026-03-01,CUST-848578,8,43,177,45.41,11,12:00-14:00,Netflix,94.89,0.61,No,0,6,Gaming,1.3,10,96.79,0,No,3.95,Single,N/A
9948f20d-0eba-4e53-b229-fd38cbbf4fcb,2025-10-27,CUST-228177,168,18,45,31.87,23,08:00-10:00,Netflix,61.77,0.17,No,0,57,Social,1.68,44,98.1,0,No,7.96,Single,N/A
b2d674cb-bf75-41d6-abd4-f4178520b615,2026-05-07,CUST-800145,211,35,36,6.52,24,08:00-10:00,None,89.58,0.54,No,5764,55,Gaming,1.02,11,96.92,5,Yes,3.98,Multiple,N/A
01bc616b-232e-4400-bfac-cd345f9cb40b,2025-09-10,CUST-579118,240,21,172,33.37,33,12:00-14:00,None,98.58,0.14,No,0,19,Streaming,0.56,53,98.73,0,No,1.77,Multiple,N/A
a6f8a31d-8007-4bc5-ad2e-bc5867f7d8c3,2026-05-10,CUST-817256,224,17,25,26.39,43,12:00-14:00,None,83.91,0.44,No,0,42,Maps,1.1,29,97.56,1,No,5.93,Single,N/A
416e7191-d6db-49a3-a6a4-188e88755eb2,2025-12-02,CUST-784545,111,37,79,0.26,46,12:00-14:00,Netflix,30.4,0.8,No,0,59,News,0.55,32,95.55,4,No,6.36,Multiple,N/A
8f964e66-73d3-476e-bfb9-f47f3d7950a7,2025-12-12,CUST-675388,232,11,11,7.2,29,20:00-22:00,Netflix,91.92,0.74,No,0,20,Maps,1.87,22,97.6,1,No,3.61,Single,N/A
9597fa0d-43de-4161-8bd9-616d9bc6b5b9,2026-01-05,CUST-676387,133,7,110,42.22,18,08:00-10:00,Spotify,81.34,0.77,No,0,32,Productivity,1.45,44,98.54,3,No,3.22,Single,N/A
db07681d-feb5-4c29-b8c7-5347f6fdeb5f,2026-06-27,CUST-699372,73,39,50,28.05,13,12:00-14:00,Spotify,79.17,0.23,No,0,56,Streaming,0.7,8,96.53,2,No,6.86,Multiple,N/A
632ab373-07ac-409c-a093-4c6eec9c0ea8,2025-10-18,CUST-336488,58,25,27,28.27,17,18:00-20:00,Spotify,54.36,0.49,No,0,8,Social,1.71,34,96.37,4,No,1.48,Single,N/A
a1b7b776-b95b-484d-bfe9-47c608ee8717,2026-02-23,CUST-783795,181,49,177,47.5,37,08:00-10:00,Netflix,48.57,0.48,No,0,8,Streaming,1.33,12,98.6,1,No,2.03,Single,N/A
1ba70be1-d90c-41a1-9894-1be6b0beb7f1,2026-01-11,CUST-500560,55,2,65,29.74,45,12:00-14:00,YouTube,4.61,0.31,No,0,19,Productivity,1.39,47,95.32,2,No,8.14,Multiple,N/A
53982e46-466f-4ffe-80ec-f29aaaf573e6,2025-10-06,CUST-323660,143,48,65,3.82,47,08:00-10:00,YouTube,25.74,0.23,No,0,46,Maps,0.76,52,98.28,1,No,7.62,Multiple,N/A
66694842-b74d-465b-9188-db78807a42ec,2026-07-19,CUST-246342,54,17,34,1.03,16,20:00-22:00,Netflix,51.97,0.63,No,0,49,Social,1.59,16,98.92,3,Yes,1.77,Single,N/A
659dd39e-53f0-49e2-899f-fd98337a57f5,2026-02-16,CUST-892680,274,36,101,8.94,26,18:00-20:00,Netflix,68.06,0.69,No,0,54,Maps,0.91,52,98.21,2,Yes,6.34,Single,N/A
319de3af-7c28-405d-96c7-d2e470b61c31,2026-03-17,CUST-389478,188,39,113,48.7,46,08:00-10:00,None,1.18,0.48,No,0,57,Gaming,1.55,42,99.28,4,No,4.96,Single,N/A
78483141-af98-4ca8-9c58-d639955fc3ed,2026-07-21,CUST-678005,295,28,66,24.85,42,20:00-22:00,Spotify,30.61,0.28,No,0,49,Maps,1.35,37,96,2,No,4.27,Single,N/A
4ce02f0d-a284-4a78-a48f-39a77b81cae8,2026-06-23,CUST-492397,272,5,104,20.85,31,12:00-14:00,None,52.36,0.54,No,0,33,Social,1.94,9,97.1,4,No,6.72,Single,N/A
d75d71d1-a2b9-4475-bbb1-c54461e945dd,2025-09-03,CUST-800312,294,26,42,45.93,25,20:00-22:00,Spotify,63.86,0.4,No,0,4,Streaming,1.45,12,99.98,1,No,2.89,Multiple,N/A
081c8a05-1c65-40f8-be20-60e7bcaf5f84,2025-12-15,CUST-818996,282,22,54,26.1,33,18:00-20:00,YouTube,3.87,0.48,No,0,13,Streaming,0.99,17,96.97,0,No,5.32,Single,N/A
8d4d1c28-a5b3-43e9-91e8-84b1d21ec15b,2025-10-24,CUST-868683,219,6,178,45.31,43,20:00-22:00,Spotify,3.04,0.55,No,0,51,Productivity,0.66,49,98.2,2,Yes,0.33,Multiple,N/A
4a1e47b5-91fc-4e99-b108-36e8ec0cf71a,2025-10-26,CUST-998575,72,43,190,7.05,20,18:00-20:00,None,69.62,0.62,No,0,46,Gaming,0.87,39,95.59,3,No,0.37,Multiple,N/A
e4ae71e8-48b7-4612-96e6-9e7ed11b5d31,2025-12-17,CUST-566464,144,5,83,28.19,44,12:00-14:00,None,73.57,0.34,No,0,50,Maps,1.94,42,97.69,2,No,6.38,Single,N/A
8942b0d3-390c-41a3-adba-7251d9fbfda5,2026-05-06,CUST-346783,230,49,186,27.78,14,08:00-10:00,Netflix,36.97,0.67,No,0,38,Maps,1.85,43,99.6,3,No,9.57,Multiple,N/A
0a98873d-9f1e-436b-bcff-7bdeb53eae4e,2026-07-22,CUST-939502,251,18,113,3.87,31,20:00-22:00,Netflix,70.88,0.66,No,9909,22,Social,1.62,44,97.14,1,Yes,4.58,Single,N/A
d7bc08da-b6e8-4bd7-a1d6-b6b40ca86925,2025-11-17,CUST-668618,237,22,15,16.28,14,12:00-14:00,YouTube,5.56,0.24,No,0,2,News,1.72,26,96.42,5,Yes,2.69,Multiple,N/A
8702fe74-46e8-41ad-b9db-8e38585caede,2026-01-07,CUST-179021,53,17,92,37.97,47,20:00-22:00,Netflix,1.59,0.76,No,0,9,Streaming,1.52,10,96.94,0,Yes,6,Single,Mexico
ff4318fa-4a5c-453d-b700-dc1b693f7528,2026-03-29,CUST-371752,273,24,90,41.69,28,08:00-10:00,Netflix,38.67,0.76,No,0,6,Streaming,1.82,9,97.41,2,Yes,0.29,Multiple,N/A
2b940a38-bc06-42f7-b64e-91931c55489f,2025-09-02,CUST-502209,10,40,141,34.11,34,08:00-10:00,None,16.54,0.14,Yes,0,52,Gaming,1.38,49,97.22,4,No,9.71,Single,UK
f5228de2-3366-4381-b817-eef52b1ce638,2025-09-23,CUST-546499,262,19,15,10.81,15,20:00-22:00,Netflix,93.36,0.75,No,0,11,News,1.65,19,95.23,1,No,2.45,Single,Mexico
8c5b309c-c898-4b7d-8501-6145041d8d88,2025-09-30,CUST-645795,135,48,13,24.45,15,08:00-10:00,YouTube,92.42,0.29,No,0,42,Social,1.92,26,95.7,2,Yes,3.91,Single,N/A
47341ace-a52c-4b94-a696-56f31a75f5b7,2026-01-09,CUST-339955,11,10,173,13.92,13,18:00-20:00,None,37.18,0.36,No,0,25,Gaming,1.08,12,96.24,0,Yes,5.12,Single,USA
2861a970-1dd1-47d6-add3-4a9d9545b4b5,2025-07-27,CUST-654241,272,25,180,7.77,17,20:00-22:00,None,4.76,0.23,No,0,5,News,0.88,12,96.22,2,No,1.57,Single,N/A
4adf017f-36bf-43fe-bca9-81b0da2024d1,2025-09-08,CUST-737016,96,37,22,34.89,39,20:00-22:00,None,3.85,0.75,No,0,22,News,0.92,43,95.31,4,No,8.39,Single,N/A
dc0b547f-48e5-4e04-9369-0d99a24c5af2,2026-04-30,CUST-343051,52,47,138,14.63,43,18:00-20:00,Netflix,84.28,0.87,No,6964,21,News,0.83,16,97.07,2,No,7.75,Single,N/A
cb51a117-35ca-4579-b7de-fd22a18122f2,2026-04-14,CUST-569837,118,21,20,32.03,32,12:00-14:00,Netflix,32.34,0.34,No,0,15,Social,1.7,15,98.34,2,No,2.72,Single,N/A
f8e74e5c-8232-4c67-8405-86f5671a1390,2026-04-20,CUST-494773,239,13,62,1.47,13,20:00-22:00,None,63.51,0.76,Yes,0,44,Productivity,1.42,10,95.45,2,No,4,Multiple,N/A
28c81680-6e88-4827-ae92-c15ec6126272,2026-07-21,CUST-825049,73,10,172,34.95,36,18:00-20:00,Netflix,26.58,0.29,No,0,53,Productivity,1.61,26,95.09,1,No,0.69,Single,N/A
3568e328-0327-4b6d-9876-4ab21d3b9889,2026-07-04,CUST-669406,32,27,128,24.99,46,20:00-22:00,None,55.74,0.31,Yes,0,53,News,0.86,25,95.36,2,Yes,0.22,Single,N/A
43a73f2c-d5f6-4510-8657-616bdf388c67,2025-09-18,CUST-147626,18,44,148,18.56,42,12:00-14:00,Netflix,87.69,0.58,No,0,19,Maps,0.77,15,98.63,1,No,2.97,Single,N/A
52b81de0-a768-4dc5-8b11-528c37bf340a,2026-06-29,CUST-502479,32,4,170,39.74,29,20:00-22:00,YouTube,5.92,0.17,No,0,51,Maps,1.71,55,97.47,4,Yes,5.07,Single,Mexico
78cddc09-0dd3-4639-90c6-a4fe93f55719,2026-05-20,CUST-577813,205,35,146,3.38,46,12:00-14:00,None,51.59,0.77,No,1759,51,Gaming,1.67,40,96.14,1,Yes,8.41,Single,N/A
31f6f8fb-13c4-411e-a7bc-3127c0691ce6,2026-06-16,CUST-389958,150,11,6,35.87,44,18:00-20:00,YouTube,66.38,0.7,No,5901,48,Gaming,0.54,54,95.02,5,No,9.4,Single,N/A
6a98e9fd-a014-4695-affa-e7c3563376a2,2026-06-12,CUST-736295,252,23,11,19.89,26,18:00-20:00,None,12.65,0.29,No,6941,44,Productivity,0.65,42,95.92,5,No,8.74,Multiple,N/A
4cfad5bb-895f-4384-a601-bb2e96344fba,2025-08-29,CUST-126094,207,20,179,43.21,17,18:00-20:00,YouTube,82.82,0.74,Yes,0,56,Streaming,0.93,50,96.36,3,No,7.19,Single,N/A
4f75486d-3a14-445b-acb2-23ffa46a4fdd,2025-11-26,CUST-277499,109,7,37,44.55,28,18:00-20:00,Spotify,65.31,0.71,No,0,51,Productivity,1.22,9,99.01,5,No,6.88,Single,N/A
b5b842e2-2442-4a15-bf22-b3e6e59c8064,2025-08-13,CUST-121092,229,27,75,49.14,14,18:00-20:00,YouTube,48.03,0.69,No,0,20,Social,1.88,11,95.47,3,Yes,4.81,Single,N/A
14961a4f-fd76-4945-b3cc-f3e0be5e819c,2026-05-26,CUST-484979,142,24,99,22.22,17,08:00-10:00,Netflix,52.54,0.74,No,0,54,Productivity,0.7,34,97.77,3,No,8.01,Multiple,N/A
8e4aeb23-da34-4692-a0a8-2123aeacb441,2026-02-19,CUST-108450,41,31,107,25.13,32,08:00-10:00,YouTube,25.86,0.51,No,0,46,Maps,1.97,10,96.02,4,No,4.93,Multiple,N/A
75ce2cc1-4cb6-424e-b707-52f19b1b6446,2026-04-02,CUST-800945,90,49,62,33.55,19,12:00-14:00,Spotify,62.7,0.5,No,0,21,Maps,1.27,41,95.53,0,Yes,0.03,Single,N/A
3efd3ee7-ea36-41ee-b483-8756a9b793ef,2026-03-18,CUST-749125,273,35,182,28.53,26,20:00-22:00,YouTube,10.93,0.42,No,0,49,Maps,0.85,54,96.6,4,Yes,0.27,Single,N/A
a5cd825f-f36b-436e-ad01-1c88ef93ab89,2026-02-17,CUST-786895,285,42,18,25.39,33,18:00-20:00,Netflix,50.24,0.56,No,0,20,Productivity,0.53,34,97.83,2,No,9.47,Multiple,N/A
48f45d0d-3030-4b48-a009-3c33f7dc3580,2026-06-07,CUST-208275,278,15,177,1.21,6,20:00-22:00,YouTube,87.57,0.73,No,0,19,News,0.58,58,97.65,5,No,2.58,Multiple,N/A
5190be15-64f7-4096-850b-2269fa023b42,2026-03-05,CUST-298737,236,10,117,34.89,25,20:00-22:00,None,73.7,0.17,No,0,33,Streaming,1.28,33,97.7,5,No,4.51,Single,N/A
f3a8844d-e053-4b20-ab9c-bf7d4709969d,2025-12-03,CUST-350933,11,37,21,45.27,15,20:00-22:00,YouTube,15.89,0.37,Yes,0,52,Gaming,1.55,24,99.38,0,Yes,3.69,Multiple,N/A
3d647965-fbed-4587-8007-0bc63e14a98e,2025-07-26,CUST-435003,286,37,41,13.67,18,08:00-10:00,Netflix,34.2,0.79,No,0,52,Maps,0.84,23,96.38,3,Yes,2,Multiple,N/A
b41b08c3-07d9-4098-9c72-7ef257e62e98,2026-02-22,CUST-446438,9,18,99,7.74,14,12:00-14:00,Spotify,28.78,0.43,Yes,0,44,Productivity,1.38,46,97.73,1,No,1.71,Single,N/A
7bfac3b9-218c-4cf2-a2c5-693bc4ad4f90,2026-06-21,CUST-668101,186,48,40,28.63,11,18:00-20:00,Netflix,16.08,0.72,No,0,1,Gaming,1.59,23,97.1,5,Yes,6,Single,N/A
ca05cc34-f0a0-4838-b207-e8c2aac87d4a,2026-03-17,CUST-187278,132,16,3,36.09,21,18:00-20:00,Spotify,1.28,0.87,No,0,58,Streaming,1.72,47,96.34,2,No,1.14,Single,N/A
c38ed6f8-7939-4be7-95ed-f20534fc69df,2026-05-04,CUST-722325,296,36,4,5.6,12,18:00-20:00,YouTube,17.13,0.44,No,0,7,Maps,1.85,36,98.13,5,No,7.26,Single,N/A
55973ae8-c474-463a-bfae-3f533c5cd4da,2025-12-15,CUST-955342,111,14,32,45.13,27,08:00-10:00,Netflix,74.77,0.77,No,0,10,News,0.7,19,95.36,4,Yes,9.95,Single,N/A
73ace124-7489-496a-9b59-89105df51a1f,2025-10-03,CUST-628064,9,37,146,15.05,40,20:00-22:00,None,0.65,0.74,No,0,41,Streaming,0.92,26,96.18,2,No,0.85,Single,N/A
fd31c8ed-b285-49ba-8166-752bb459cd4a,2025-09-04,CUST-412410,108,40,29,22.48,39,12:00-14:00,Spotify,83.87,0.11,No,1590,59,Gaming,0.58,40,96.39,2,No,5.92,Single,N/A
74031b94-537d-42a6-8c4d-a4e31ff48ba7,2025-12-16,CUST-283492,171,35,114,42.94,9,20:00-22:00,YouTube,72.36,0.4,No,0,30,Streaming,0.52,15,98.76,0,Yes,7.74,Single,N/A
fd92e6ab-aaaa-4cbe-b251-b9a0db25e8f5,2026-05-06,CUST-700231,96,12,48,41.89,29,18:00-20:00,None,50.44,0.34,No,0,4,News,1.1,13,97.27,2,No,3.1,Single,France
ce150636-59e4-43cd-a499-8bb54505b795,2026-03-02,CUST-768471,228,15,54,31.51,37,12:00-14:00,YouTube,13.3,0.7,No,0,23,News,1.09,28,97.77,2,Yes,0.19,Multiple,N/A
82d5f478-f252-4b2a-9948-7d0094edb700,2026-05-01,CUST-403121,18,40,126,18.68,46,18:00-20:00,Netflix,45.67,0.9,No,0,46,Social,1.13,24,98.31,0,No,9.86,Single,N/A
3e0392fa-151a-418c-a29b-b3044fc534df,2026-03-23,CUST-972390,267,32,170,6.02,41,18:00-20:00,None,76.51,0.65,No,0,12,Productivity,0.63,59,95.12,5,No,3.77,Multiple,N/A
992cb1ef-8183-4681-b37a-7066476d69b9,2026-04-25,CUST-141537,272,49,81,43.85,45,20:00-22:00,YouTube,18.44,0.41,No,5516,36,Productivity,1.01,53,98.54,4,Yes,5.38,Single,Canada
e1535889-c64e-499b-922f-7c56ea183878,2025-09-27,CUST-253335,146,46,123,48.18,29,12:00-14:00,Spotify,7.75,0.25,No,7506,57,Maps,1.81,51,95.31,2,Yes,4.56,Multiple,N/A
39d836ad-723c-46f8-a8a3-06513cd4454c,2025-08-29,CUST-913926,47,15,153,25.48,24,20:00-22:00,None,63.48,0.75,No,0,34,Maps,1.73,21,97.41,4,No,2.66,Single,N/A
0ba00d25-0303-4a66-b141-723f9d05179d,2026-02-10,CUST-274957,20,6,30,6.73,34,12:00-14:00,None,0.5,0.22,No,0,2,Maps,1.55,9,99.7,4,Yes,0.53,Multiple,N/A
2ef8413e-5f98-4057-bf1b-fa91a0042021,2026-06-11,CUST-713665,151,30,160,4.57,50,08:00-10:00,Spotify,7.21,0.35,No,0,52,Gaming,1.72,28,95.16,2,No,6.7,Multiple,N/A
745b0184-6dec-4664-9798-2bbc943c3f06,2025-12-31,CUST-609745,88,17,137,15.2,18,20:00-22:00,None,55.03,0.59,No,0,8,News,1.47,19,95.17,3,No,5.41,Single,N/A
bc64478f-807e-402b-ac62-dd80b591ced7,2025-09-17,CUST-957482,270,13,84,10.86,9,20:00-22:00,Netflix,3.75,0.42,No,0,17,Maps,1.94,33,96.52,1,No,6.83,Single,N/A
62a08814-35c5-4c3e-ae39-8fa20480ce8a,2025-09-25,CUST-935115,31,10,118,44.57,9,12:00-14:00,Netflix,97.82,0.89,Yes,0,30,Maps,1.91,17,96.32,0,No,5.69,Multiple,N/A
30199292-f317-41b2-a7f1-058b602918c7,2026-04-21,CUST-707382,146,23,34,44.12,8,18:00-20:00,None,80.98,0.57,No,0,17,Social,0.8,26,98.49,1,No,0.82,Multiple,Mexico
5d5849db-036e-4dd8-a4f5-269c579fc7b7,2026-05-06,CUST-734916,98,24,151,18.5,15,20:00-22:00,Spotify,63.31,0.87,No,0,29,Streaming,1.96,55,98.17,3,No,7.9,Single,N/A
b06c68ac-5ccb-4d8e-93e1-8558094a5404,2026-07-20,CUST-114981,211,21,140,28.28,41,18:00-20:00,Spotify,47.42,0.4,No,3827,35,Streaming,1.76,47,99.62,2,Yes,6.77,Multiple,N/A
be77ff39-79ab-4762-99a6-665f18a8cd6a,2026-03-15,CUST-368923,81,15,103,38.18,44,08:00-10:00,Netflix,55.03,0.71,No,624,39,Gaming,1.79,21,98.54,2,No,3.45,Single,N/A
8c8db1ee-e79c-4190-b9f0-f310af374564,2025-11-07,CUST-209102,209,33,75,32.42,49,18:00-20:00,None,41.67,0.82,No,0,39,News,0.88,58,96.73,1,No,9.11,Multiple,N/A
688094e5-be77-4286-8d37-84005c9ec9c7,2025-12-04,CUST-471596,127,2,51,44.18,40,12:00-14:00,Spotify,95.36,0.61,No,0,10,Gaming,1.7,20,97.09,1,No,6.37,Multiple,N/A
5a5ba06d-ecdb-4592-97d9-b66acfecc7cb,2026-03-25,CUST-783874,261,35,36,13.11,28,12:00-14:00,Spotify,58.21,0.77,No,0,12,News,1.09,12,98.87,3,No,7.67,Single,N/A
2f91404e-af24-4e72-8770-c8d27887722c,2025-10-01,CUST-603907,39,19,62,45.91,7,12:00-14:00,None,5.2,0.87,No,0,6,Streaming,1.19,51,95.52,4,No,0.04,Multiple,Canada
5605dc75-be51-4431-a621-adb43f40e2fb,2026-04-22,CUST-653469,135,22,128,31.14,42,18:00-20:00,YouTube,14.63,0.71,No,0,27,Gaming,0.76,38,96.53,5,No,1.91,Multiple,N/A
a1ab73f0-f7f1-423d-904a-eaf44c6a4b21,2026-01-24,CUST-106976,252,11,176,4.76,17,12:00-14:00,Netflix,33.43,0.13,No,0,36,Maps,0.99,53,98.33,1,Yes,5.62,Single,N/A
8f25cf9d-b99f-4b7e-933d-e8d1d21b00cd,2025-12-21,CUST-617982,45,13,15,33.73,49,12:00-14:00,Spotify,70.42,0.57,No,0,16,News,1.06,57,95.73,4,No,4.21,Single,N/A
afeeeeb2-8dec-4318-a9d2-23c87ea65029,2025-12-22,CUST-321470,186,3,47,42.45,35,08:00-10:00,None,83.29,0.79,No,0,49,Productivity,1.35,12,95.51,1,Yes,4.31,Multiple,N/A
5b52176f-cb11-4207-8d01-6a19bff9db42,2026-01-16,CUST-409793,231,6,196,2.02,16,18:00-20:00,None,65.99,0.73,No,0,52,News,1.17,48,99.75,3,Yes,3.31,Single,N/A
d5267e77-7a1d-444e-bf01-0a0f22c48171,2026-06-21,CUST-253661,166,48,31,24.21,16,12:00-14:00,Spotify,4.93,0.35,No,0,44,Social,0.95,28,97.99,3,Yes,6.59,Single,N/A
f44fd6f1-83c5-46ec-9a90-bdae74968719,2025-07-27,CUST-573225,66,31,149,37.15,30,20:00-22:00,YouTube,7.69,0.9,No,0,1,Productivity,1.91,16,95.36,4,No,3.4,Single,Japan
026f0d16-6589-4a72-8740-dd08e865b0a7,2025-11-02,CUST-837382,26,38,86,29.07,39,20:00-22:00,Spotify,89.66,0.59,No,0,53,Streaming,1.95,45,97.38,3,Yes,8.9,Multiple,N/A
078c8311-4a31-42d4-be38-f2a073d67292,2025-09-06,CUST-590665,9,33,68,41.54,12,20:00-22:00,Netflix,55.87,0.49,No,0,23,Maps,1.19,25,98.96,3,No,1.8,Single,N/A
9e3d753c-2a27-48a6-bd0c-2b6dde5b7fc4,2025-12-02,CUST-379158,214,31,167,14.52,17,08:00-10:00,YouTube,88.3,0.81,No,0,42,Maps,1.71,59,95.13,2,No,5.65,Single,N/A
a3ab6919-effb-4488-92d6-493f13f2eabc,2026-07-17,CUST-123335,299,39,196,22.75,15,18:00-20:00,YouTube,73.37,0.59,No,0,20,News,1.01,46,98.32,4,No,7.44,Single,UK
fd4210bb-06ba-4275-86e5-093638a4ea43,2025-08-22,CUST-368082,90,40,83,43.14,49,12:00-14:00,Spotify,92.83,0.42,Yes,0,48,Streaming,0.82,48,97.91,4,No,2.37,Multiple,N/A
0e8d0dc0-48e3-49ed-bdfd-7e8a888a0dde,2026-04-26,CUST-860787,271,45,102,26.16,29,12:00-14:00,YouTube,66.26,0.76,No,0,54,Gaming,0.68,13,99.96,1,Yes,0.17,Multiple,N/A
1e80b319-e520-4161-aa8b-85df29a9ceb4,2026-06-29,CUST-974693,78,43,108,11.09,12,18:00-20:00,None,63.19,0.4,No,2463,58,News,1.55,24,97.43,2,Yes,5.87,Single,N/A
10dd1232-698b-4019-aa03-7b7daca8bd07,2025-11-08,CUST-572356,179,39,26,2.36,26,08:00-10:00,None,81.97,0.54,No,0,6,News,0.93,49,99.02,1,No,6.09,Multiple,N/A
99d2f034-c3f5-4bdc-9139-b415c5126820,2025-10-12,CUST-374899,217,20,118,16.2,39,08:00-10:00,None,32.02,0.42,Yes,0,2,Productivity,1.76,21,98.16,5,Yes,4.9,Multiple,N/A
99fb0e03-3910-40c5-a113-d69eab210d05,2026-04-21,CUST-856982,16,22,112,44.17,5,12:00-14:00,Spotify,77.38,0.4,Yes,0,55,Gaming,0.83,13,97.35,4,No,2.27,Single,N/A
d79befff-f3b1-4e02-a6c3-3972aabf1f4d,2026-07-23,CUST-484761,110,34,127,48.73,8,12:00-14:00,None,9.08,0.32,Yes,0,0,Streaming,0.83,11,95.63,3,No,1.59,Single,N/A
22e8b089-8beb-407b-ab52-a68571205dde,2026-04-24,CUST-224882,261,16,79,34.44,11,12:00-14:00,Spotify,98.81,0.63,No,0,22,Social,0.67,14,98.17,1,Yes,3.8,Single,N/A
b122d9e7-645d-4e66-8306-3884b43b1885,2026-03-17,CUST-282111,71,3,85,9.13,6,08:00-10:00,YouTube,24.34,0.78,No,0,22,News,1.93,22,95.8,4,No,6.27,Multiple,N/A
59657955-5b39-4be2-90fd-a11091c594e9,2026-03-27,CUST-199843,52,44,51,22.85,21,18:00-20:00,Spotify,99.91,0.9,No,0,42,Social,1.05,19,96.49,2,No,0.06,Multiple,N/A
b33ac4a3-ea75-4636-b5ed-cee235ce09d7,2025-11-12,CUST-937615,293,15,56,41.25,29,20:00-22:00,YouTube,91.98,0.52,Yes,0,0,News,1.06,41,99.27,4,No,0.97,Single,N/A
e60e1eeb-9a86-4830-9c4f-ee6f0492f4cd,2025-08-08,CUST-796165,86,46,173,3.87,33,20:00-22:00,YouTube,62.65,0.32,No,0,56,Gaming,1.67,10,99.49,4,No,9.19,Single,N/A
9ad43d4b-91f8-4593-918d-9cdf2bdab25d,2026-04-07,CUST-122273,146,49,45,21.1,22,18:00-20:00,Netflix,51.33,0.75,Yes,0,38,News,1.57,35,98.54,1,No,3.23,Multiple,N/A
f52156a8-6c31-40e3-a283-a29cc2616b52,2026-02-05,CUST-946956,261,40,95,20.66,23,20:00-22:00,None,15.54,0.51,No,0,40,Maps,0.57,54,97.94,2,Yes,9.23,Single,N/A
046cb4ad-3f3d-4dad-b999-b889e1e41337,2026-03-19,CUST-365585,252,8,28,43.69,38,18:00-20:00,Netflix,48.68,0.14,No,0,33,Maps,1.05,34,98.56,2,No,9.81,Multiple,N/A
9f49d60a-9f3d-4ea0-a0f5-12f8b13384f6,2025-11-02,CUST-843838,288,10,27,35.75,33,20:00-22:00,None,56.02,0.32,No,6848,19,Streaming,1.5,59,99.86,3,No,8.49,Multiple,N/A
b08c1a29-0ee7-4062-8d87-ad93b2f0c979,2026-04-20,CUST-437875,64,7,138,24.43,31,08:00-10:00,Spotify,94.04,0.23,No,4665,33,Productivity,1.76,22,97.81,0,Yes,1.36,Single,N/A
07d547ee-04f3-4083-8d1f-cb8237762d1a,2026-05-22,CUST-974354,83,40,137,31.48,25,20:00-22:00,None,12.15,0.65,No,0,32,Productivity,0.78,41,95.86,1,No,8.41,Single,N/A
4a87e6cc-aa4b-4565-bea8-20847c36b4bb,2025-09-22,CUST-930280,78,41,191,33.98,44,12:00-14:00,YouTube,77.16,0.52,Yes,943,5,Gaming,1.91,43,95.45,4,No,7.09,Multiple,N/A
85c86ef7-0967-4ad3-9a16-bee9ddae5183,2025-11-06,CUST-436960,209,25,75,27.57,44,20:00-22:00,Netflix,39.01,0.77,Yes,0,17,Social,1.07,59,96.58,2,No,0.89,Multiple,N/A
b53e3159-8e71-4ba8-b06e-c982b942bc55,2026-04-26,CUST-248219,213,6,111,1.12,33,18:00-20:00,None,27.55,0.75,No,0,2,News,1.61,27,99.78,2,No,2,Multiple,N/A
99b04b38-a6a9-4023-9a82-d7c86e86a822,2026-06-22,CUST-135270,8,41,195,23.01,40,08:00-10:00,None,45.98,0.8,No,0,24,News,1.7,31,96.12,4,No,5.11,Multiple,N/A
6703cd3b-5443-4932-b80d-1f1a9fbf24dc,2026-05-05,CUST-312426,226,9,50,23.9,30,08:00-10:00,Spotify,0.62,0.2,No,0,17,Gaming,1.43,8,96.38,3,No,1.82,Single,N/A
49a8ec50-47eb-4a07-b3ef-4e05d726b233,2026-07-02,CUST-774061,215,46,153,0.7,5,08:00-10:00,Netflix,97.08,0.47,Yes,0,0,Social,1.17,41,99.1,0,No,9.64,Multiple,N/A
66c14394-02e5-455b-81dc-c7cea8998d56,2025-11-18,CUST-103343,200,8,188,31.94,38,12:00-14:00,None,88.78,0.22,No,8523,23,News,1.04,37,97.79,4,No,5.67,Multiple,N/A
fefa1879-ca15-4e87-b0cf-be475204aee1,2025-08-21,CUST-827019,10,39,84,16.98,43,20:00-22:00,None,12.59,0.43,No,0,4,Streaming,0.68,23,95.86,1,No,6.32,Multiple,N/A
7aa8e17f-937e-491d-821c-f931e46dc258,2026-06-22,CUST-881704,106,34,127,45.72,14,08:00-10:00,None,58.22,0.36,No,0,38,Social,0.85,22,99.59,4,No,5.85,Single,USA
086c5d67-ea22-4e99-81a8-bdf4d503dae2,2025-10-26,CUST-558849,99,3,129,43.31,36,08:00-10:00,YouTube,54.98,0.18,No,0,39,Productivity,1.82,13,97.92,2,No,9.5,Single,N/A
f023e120-120f-4a66-93bb-4254306f6a04,2026-02-27,CUST-505818,36,27,132,30.27,30,12:00-14:00,Netflix,37.83,0.72,No,0,56,Maps,0.87,21,98.74,0,No,0.45,Multiple,N/A
f937bb0e-01f3-45e1-9472-27c11e065133,2025-12-11,CUST-900692,290,31,105,2.44,41,12:00-14:00,None,65.49,0.42,No,0,43,Social,1.88,53,96.84,2,No,4.2,Single,N/A
7f7b9bcb-38b2-4928-be22-9d6acb5796bc,2026-04-09,CUST-789083,263,19,173,14.21,36,12:00-14:00,None,99.23,0.88,No,0,28,Streaming,0.81,53,96.72,3,Yes,8.12,Multiple,N/A
99bc5d6b-2192-432c-aff8-c0d4aae901a1,2025-10-25,CUST-631923,185,27,193,20.23,11,18:00-20:00,Netflix,17.74,0.62,Yes,5181,54,News,1.03,24,95.45,3,No,4.51,Multiple,N/A
71f33700-d265-4f9a-8922-f1f9fdd8cfac,2026-01-12,CUST-801473,270,46,121,15.03,13,20:00-22:00,Spotify,78.46,0.29,No,0,26,Streaming,0.9,60,97.08,1,No,4,Single,N/A
37cee65f-09e5-4cf3-9a1f-3529127826f1,2026-01-13,CUST-675776,261,2,85,0.86,44,20:00-22:00,YouTube,95.78,0.18,No,0,46,Productivity,1.28,32,97.5,3,No,4.56,Single,N/A
25be207e-f151-4b50-a397-ea603424ee50,2025-09-01,CUST-256121,48,35,1,5.76,46,18:00-20:00,Spotify,66.37,0.48,No,0,40,Gaming,1.62,42,97.02,3,No,7.44,Single,N/A
145b87e0-a490-44e5-a992-03a0435ee09d,2025-09-12,CUST-438346,245,39,66,37.64,49,18:00-20:00,Spotify,37.98,0.28,No,0,19,Streaming,1.18,31,98.71,4,No,8.16,Single,N/A
3d7c2b40-57ff-4451-b9e2-a1a4ed71352e,2026-07-21,CUST-506586,32,8,162,14.21,41,20:00-22:00,Spotify,46.98,0.47,Yes,0,49,Maps,0.66,37,95.02,4,No,7.42,Single,N/A
867e4cd3-6749-4ae5-8956-6d1336115cc9,2026-07-02,CUST-469479,48,19,72,42.64,30,12:00-14:00,None,50.28,0.18,No,0,8,Social,1.33,49,98.12,3,No,3.47,Multiple,N/A
5893c17e-b931-4196-ab3f-46bd5d786034,2026-01-10,CUST-295378,118,41,137,44.33,33,20:00-22:00,YouTube,32.18,0.18,No,0,6,Streaming,1.33,60,99.05,3,No,7.71,Single,N/A
0f9ae721-6b53-427f-a71d-9e3a2307f0c1,2026-01-22,CUST-863565,114,11,193,10.91,35,08:00-10:00,Netflix,76.89,0.12,No,0,19,News,1.02,52,99.06,0,No,1.25,Multiple,N/A
d5e19951-768e-4cb6-a427-b775e5eac646,2026-06-21,CUST-888417,260,47,83,8.7,27,18:00-20:00,Spotify,54.31,0.68,No,0,44,Gaming,1.41,20,95.33,1,No,2.23,Multiple,N/A
d64cd883-752c-4e71-b6c3-9e185ed16a5d,2025-10-11,CUST-490542,146,43,140,5.09,27,20:00-22:00,Netflix,51.86,0.73,Yes,0,52,Social,0.79,43,99.14,0,No,4.99,Multiple,N/A
923d1ddf-7b60-4226-9443-f079b28967b3,2025-10-07,CUST-590325,136,1,60,40.95,18,20:00-22:00,Netflix,98.18,0.73,No,0,25,News,0.9,54,97.12,1,Yes,9.75,Multiple,N/A
36f22c91-b318-42c2-a615-65632f95fb24,2026-02-27,CUST-967404,284,41,60,15.18,18,08:00-10:00,YouTube,8.35,0.68,No,2875,16,Streaming,0.63,16,96.86,1,No,4.56,Single,N/A
5144d800-707d-4d8b-96cf-033b2d0fca34,2025-12-19,CUST-291057,141,11,182,20.64,30,08:00-10:00,None,93.78,0.7,No,0,51,Social,1.88,23,96.86,2,No,3.3,Multiple,N/A
80001788-2e76-4715-a01b-95a1cae975c7,2026-06-17,CUST-756831,166,46,94,25.31,35,18:00-20:00,None,54.45,0.11,No,0,33,Gaming,1.99,25,99.07,3,No,1.18,Multiple,N/A
2bfd99d3-e48c-48e0-a094-3bd025725a09,2025-08-15,CUST-790388,161,22,42,6.7,9,12:00-14:00,Spotify,96.69,0.23,No,0,46,Productivity,1.84,32,97.51,1,No,7.65,Multiple,N/A
ad92a9a1-68bf-4a7a-9996-2ef0f53d189f,2025-10-27,CUST-992856,109,25,36,31.01,44,08:00-10:00,None,68.88,0.2,Yes,0,36,News,0.66,7,95.57,3,No,4.17,Single,N/A
7f6482de-82f7-4512-bc18-a9360745c460,2025-11-06,CUST-441854,79,31,26,17.58,27,12:00-14:00,Netflix,65.27,0.79,No,1663,40,Streaming,0.62,19,97.66,1,No,3.19,Single,N/A
3338393f-ec3f-469a-9b3d-6a4a6093c194,2025-09-19,CUST-852837,116,7,158,42.95,28,08:00-10:00,None,60.63,0.26,No,0,43,Maps,0.9,28,95.15,2,No,8.41,Multiple,N/A
8dc79266-492b-49ed-8592-dd7d2888cf1b,2025-08-20,CUST-224815,95,30,198,13.54,7,20:00-22:00,Spotify,51.38,0.66,No,0,31,Streaming,1.86,59,99.3,1,No,0.12,Single,N/A
95c33768-2d27-4d03-9a0f-eaaaccaccd7a,2025-09-03,CUST-857266,183,41,91,49.08,12,20:00-22:00,None,36.45,0.42,No,0,11,News,1.22,40,99.48,2,Yes,1.23,Single,N/A
21b3d12b-e582-42cf-be8a-298b0e1f70d7,2026-07-02,CUST-134161,218,12,88,49.73,35,12:00-14:00,Spotify,24.77,0.57,No,7272,5,Maps,0.62,48,95.44,3,No,9.38,Multiple,N/A
3f7968a0-5b8d-44e4-a4e9-3f91bed5634e,2026-07-14,CUST-368684,92,43,102,12.24,39,08:00-10:00,YouTube,18.2,0.28,Yes,0,0,Social,1,18,95.97,4,No,2.75,Single,N/A
d8195e78-af91-488a-a114-c3c40672ac05,2026-03-03,CUST-172427,70,19,3,1.12,44,08:00-10:00,Netflix,10.88,0.29,Yes,0,21,Streaming,1.84,28,95.35,0,No,1.75,Multiple,France
2b940243-bdcf-4437-9738-369dfa473cc8,2025-10-04,CUST-992896,209,11,81,18.8,41,20:00-22:00,Spotify,3.33,0.4,Yes,0,57,News,1.88,54,97.76,0,No,6.56,Single,N/A
c4201293-89e7-4882-8069-03e3ab906cb0,2026-05-27,CUST-480440,203,22,101,44.84,5,12:00-14:00,None,91.74,0.51,No,0,43,News,1.41,10,96.8,2,No,8.4,Single,N/A
3a892abb-6f9e-4dd4-b5d7-5a5eebc96ba3,2026-07-19,CUST-128000,272,11,194,43.04,46,08:00-10:00,Spotify,88.38,0.22,No,0,45,Social,1.17,17,95.44,5,Yes,7.63,Multiple,N/A
6c162c06-e3d0-4470-888e-2845e79e45ec,2025-11-04,CUST-981670,211,23,98,29.58,49,08:00-10:00,None,29.07,0.8,No,0,30,News,1.14,22,99.68,1,Yes,9.07,Single,N/A
9682472c-904b-459a-9731-abb08cfcd37b,2026-04-17,CUST-656827,208,48,26,30.94,11,18:00-20:00,YouTube,16.48,0.58,No,0,33,Gaming,1.31,19,99.23,1,Yes,6.79,Single,Mexico
ea55d4a3-47d4-4c92-a543-bda030467ecb,2026-04-27,CUST-546824,60,27,81,46.37,10,18:00-20:00,None,20.58,0.75,Yes,0,6,Streaming,1.88,18,98.55,2,No,3.63,Single,N/A
440d0798-e302-4218-8e88-6f462af4760b,2025-11-26,CUST-924937,169,36,74,19.52,22,18:00-20:00,Netflix,91.08,0.19,No,0,57,Streaming,0.58,26,99.27,4,No,0.89,Single,N/A
cf2ba8cd-2684-4030-aba1-d4ec210c8ba4,2026-03-24,CUST-561899,36,6,93,46.24,42,08:00-10:00,YouTube,83.93,0.56,No,0,47,Social,1.82,32,97.58,5,Yes,1.33,Multiple,USA
09702a29-6095-446e-a925-cbba31c20603,2026-03-28,CUST-272561,48,35,184,16.04,50,18:00-20:00,None,16.74,0.8,No,0,33,News,1.64,21,96.29,1,Yes,7.63,Multiple,N/A
0e024578-c3de-4579-9498-cbbe3f1fc119,2025-09-14,CUST-118730,77,6,198,40.41,12,18:00-20:00,None,3.55,0.23,No,0,40,Productivity,1.15,24,96.69,3,Yes,5.66,Single,N/A
9283e196-7863-42b5-8e4c-b766ccea2b62,2026-04-20,CUST-685195,46,7,178,13.19,19,12:00-14:00,Netflix,46.24,0.77,No,0,37,Gaming,0.75,29,95.77,3,No,7.89,Multiple,N/A
020d7722-a1c1-4b87-bdcd-3e74afd1c848,2026-07-04,CUST-595258,123,46,158,24.13,43,18:00-20:00,None,55.52,0.3,No,0,60,Productivity,1.29,59,98.34,3,No,9.61,Single,N/A
51fea475-5a3b-497b-8398-b8716b0df996,2025-09-08,CUST-612096,296,36,35,10.28,42,12:00-14:00,Netflix,8.47,0.19,No,0,31,Social,0.81,32,98.52,1,No,4.52,Single,N/A
c381bff4-361c-4634-8a16-dcce2b6d1b76,2026-01-06,CUST-315142,203,48,106,46.12,23,20:00-22:00,None,72.5,0.67,No,0,12,News,1.98,7,97.14,4,No,9.3,Single,N/A
81d65b9b-68e2-4717-ac8a-117620737786,2026-04-06,CUST-376789,270,48,74,13.87,41,08:00-10:00,YouTube,28.18,0.22,No,0,9,Maps,0.95,42,95.21,2,Yes,3.88,Multiple,N/A
a76b55b4-f037-43ff-89e1-cd65df5fd514,2026-01-12,CUST-232964,164,40,178,9.58,28,08:00-10:00,Spotify,82.46,0.21,No,0,41,Maps,1.98,21,95.02,5,No,1.13,Single,N/A
ccd8699c-9a40-473a-b1dc-1a63566b7d26,2025-09-23,CUST-836580,176,26,123,43.98,12,12:00-14:00,Netflix,92.63,0.87,Yes,0,40,Streaming,1.96,48,97.59,1,No,6.66,Multiple,N/A
e70c204c-1d33-4cf9-b137-199c0d0dff8e,2026-06-14,CUST-954332,299,16,192,46.02,37,18:00-20:00,Netflix,67.98,0.35,No,0,52,News,1.44,32,97.62,5,No,3.77,Multiple,N/A
0cd6171c-346a-432f-be9e-c5be5d205d14,2025-08-11,CUST-198404,138,35,132,28.69,40,18:00-20:00,Netflix,6.18,0.53,No,0,6,News,1.85,50,98.16,5,No,0.5,Multiple,France
67b10e88-0eff-4bbc-98fc-bf5fb88bc412,2026-05-31,CUST-259804,165,22,190,42.26,12,12:00-14:00,None,42.1,0.19,No,0,14,Social,1.95,50,98.19,2,No,6.68,Multiple,N/A
83152097-615e-412e-86da-3395c8dd49a5,2026-02-19,CUST-690653,268,50,142,29.29,29,12:00-14:00,Netflix,35.47,0.41,No,0,26,News,0.53,37,98.5,1,Yes,7.4,Single,N/A
a7f99b4d-0cb1-4f36-862d-d55940dfcf4b,2026-04-29,CUST-718576,102,41,31,32.25,42,20:00-22:00,Spotify,58.43,0.84,No,2096,6,Productivity,1.68,44,95.48,2,No,9.89,Multiple,N/A
a198644d-b399-49f9-bfad-7cbcc0993e0b,2025-12-16,CUST-668784,54,33,80,35.82,17,08:00-10:00,None,55.01,0.67,No,0,17,Social,1.51,50,97.36,0,Yes,7.52,Single,N/A
f590e986-81ce-49a2-8db1-c5a1daf2a31c,2026-07-08,CUST-558565,239,29,16,8.61,35,08:00-10:00,None,67.54,0.6,No,0,37,Productivity,0.62,20,97.87,1,No,8.24,Single,N/A
9a2e713a-05eb-44b6-8b2f-2ba075289b59,2026-04-29,CUST-106610,10,32,126,9.4,35,20:00-22:00,Netflix,39.05,0.49,No,0,8,News,0.85,6,97.48,1,Yes,9.88,Single,N/A
ec3faa8f-e804-426d-a278-22b153ccce26,2025-10-14,CUST-262333,154,34,92,17.78,42,12:00-14:00,None,81.02,0.54,No,0,42,Social,0.52,35,97.01,4,No,9.73,Single,N/A
8baedc23-84b2-4f92-8650-780a804fc087,2026-01-07,CUST-800319,131,50,198,48.76,8,12:00-14:00,Netflix,10.74,0.11,Yes,0,55,News,1.88,43,95.4,3,Yes,9.81,Single,N/A
5e2a43e5-d281-4114-a6df-a25f9727cb61,2026-06-19,CUST-512281,83,1,45,13.49,29,08:00-10:00,None,57.7,0.56,No,2456,60,Productivity,0.79,36,95.45,2,Yes,7.58,Multiple,N/A
767b80c6-d850-4e40-83f9-36748f3d7e70,2026-06-23,CUST-137203,120,30,155,40.99,12,18:00-20:00,YouTube,75.15,0.86,No,0,23,Gaming,1.2,25,95.76,0,No,0.13,Single,Japan
d1f29064-2800-48f6-a83a-b0265e2b138a,2026-06-04,CUST-449760,128,31,81,0.37,7,12:00-14:00,None,50.57,0.19,Yes,0,3,Social,1,33,97.47,2,No,0.48,Single,USA
ee4aeb9c-c71e-44b0-ac1b-401b84eebec9,2026-03-11,CUST-178030,172,19,58,7.39,31,18:00-20:00,YouTube,33.13,0.76,No,0,52,Streaming,0.84,47,98.49,2,No,7.99,Multiple,N/A
4617b673-058f-419a-ac93-5ee73cca39e4,2025-10-02,CUST-918202,97,5,163,35.17,31,20:00-22:00,Spotify,22.36,0.48,No,0,55,Streaming,1.07,12,96.4,1,Yes,3.26,Single,France
aa0dad38-c848-46ec-9469-ceecc80599c2,2026-03-12,CUST-969698,104,31,29,22.67,23,08:00-10:00,None,65.84,0.86,No,0,38,Gaming,1.78,56,97.46,5,Yes,6.71,Single,N/A
d547e01b-30c2-4b51-96f1-0a17d28d62b3,2026-06-19,CUST-992703,182,28,123,44.65,28,08:00-10:00,Netflix,17.23,0.56,No,0,28,Social,1.81,48,98.3,2,Yes,4.52,Single,N/A
7155dd81-c347-4887-8785-53901ce1b65b,2025-12-31,CUST-438404,238,18,95,37.13,9,08:00-10:00,Spotify,89.69,0.35,No,0,2,Maps,0.94,19,98.77,4,Yes,2.09,Single,N/A
6f750872-2090-4e3f-b492-a99d8af245bb,2026-06-20,CUST-520500,6,50,192,47.96,23,20:00-22:00,None,97.14,0.49,No,0,23,Productivity,0.95,11,95.73,3,No,0.9,Multiple,N/A
94499fc9-f83d-4b03-b8d7-c39a2b94ab80,2025-09-10,CUST-394270,270,25,1,34.99,44,08:00-10:00,None,56.1,0.87,No,0,34,News,1.18,43,97.51,2,No,2.94,Single,N/A
df894a34-5af6-4d94-aff4-9b7ef411612d,2026-05-04,CUST-144239,5,11,35,45.66,36,08:00-10:00,Netflix,71.22,0.25,No,0,23,Maps,0.55,17,96.52,5,No,0.88,Multiple,N/A
84ca84e7-d4f5-4451-817b-75eadb70af12,2025-10-23,CUST-713148,74,2,187,42.5,15,08:00-10:00,Netflix,12.57,0.27,No,0,43,Maps,1.48,30,98.17,1,No,2.03,Single,N/A
a67e1e6d-0949-49ac-b484-f549eaacac29,2025-07-29,CUST-523975,162,19,117,37.31,14,18:00-20:00,Spotify,1.89,0.24,No,4896,58,News,1.06,27,99.05,1,No,0.41,Multiple,N/A
163be532-c8dc-4b01-a8ac-5c8a48147532,2026-07-20,CUST-481176,22,29,19,36.3,13,12:00-14:00,None,0.52,0.11,No,0,15,Streaming,1.41,38,97.23,2,No,6.83,Single,Mexico
0016e6c7-ce3b-40cb-aaf2-2acf03dee4d8,2026-03-30,CUST-352986,58,13,15,2.19,15,12:00-14:00,Spotify,27.05,0.39,Yes,0,26,Productivity,1.02,52,96.79,1,No,1.93,Single,N/A
96a85ab4-c1e5-491f-af3b-51b94e26ed76,2025-12-24,CUST-513546,79,36,117,15.7,17,20:00-22:00,Spotify,79.11,0.3,No,0,52,Gaming,1.91,25,96.63,4,No,9.35,Single,N/A
7a591196-8a8f-40d0-8a63-7aee5ae5b513,2025-11-09,CUST-482094,215,38,35,23.06,30,08:00-10:00,YouTube,97.28,0.51,No,5797,57,Maps,1.66,41,97.36,3,No,5.89,Single,N/A
4929893e-b576-42ff-bd83-ef3c2029a67d,2026-01-26,CUST-775258,187,21,200,21.13,26,18:00-20:00,Spotify,68.28,0.73,Yes,0,54,Gaming,1.73,49,96.42,1,No,1.64,Multiple,N/A
48464a56-34d2-43d0-b85a-fe95828fb520,2026-07-03,CUST-445508,115,41,93,12.5,46,08:00-10:00,Netflix,53.14,0.63,Yes,0,48,Gaming,1.33,39,96.54,4,No,8.98,Multiple,N/A
34f1826b-472e-4264-8294-beb163b3615f,2025-09-14,CUST-539532,268,34,187,6.95,24,18:00-20:00,Netflix,98.92,0.1,No,0,28,Gaming,1.53,40,95.4,3,Yes,2.39,Multiple,N/A
88dd585b-c474-467c-aa5a-32a2987d20fd,2026-03-30,CUST-788747,88,26,27,47.12,11,20:00-22:00,Spotify,67.21,0.51,No,0,38,Streaming,1.78,40,97.63,2,Yes,3.34,Single,N/A
3b5671e1-2be3-4f3d-b7a7-69dac76e903f,2025-08-16,CUST-873856,239,3,11,4.96,44,08:00-10:00,YouTube,8.68,0.16,No,0,52,Maps,1.27,40,97.08,2,No,9.41,Multiple,N/A
416fb202-7773-4a13-b932-bc0d4b2139e7,2025-12-15,CUST-154988,7,27,178,4.85,33,18:00-20:00,YouTube,66.44,0.62,No,0,54,Streaming,1.25,7,95.15,1,Yes,4.73,Single,USA
12924896-b6d8-495f-a53e-216e871d5823,2026-05-06,CUST-269658,18,44,136,19.35,36,18:00-20:00,Netflix,73.83,0.11,No,0,47,News,0.63,7,99.49,4,Yes,0.77,Single,N/A
543cd5f5-33b4-411f-99bd-54ef8128f480,2026-02-13,CUST-531019,154,35,187,22.61,28,18:00-20:00,Netflix,39.13,0.56,No,3522,10,Social,0.91,57,97.61,1,No,8.31,Multiple,N/A
1466ca62-a31b-4fee-96dd-f542a22f21c1,2026-04-01,CUST-667433,259,37,173,8.93,26,12:00-14:00,Netflix,95.48,0.64,No,0,8,Maps,0.66,18,98.26,2,No,9.78,Single,N/A
7673694f-2ab6-4b1d-9b39-30932964c2ce,2025-08-15,CUST-246899,207,30,31,36.82,17,08:00-10:00,YouTube,49.35,0.48,Yes,2557,47,Gaming,1.49,53,95.74,2,No,1.05,Single,N/A
3fca2745-36b2-4c55-b442-65783f2625fa,2026-03-15,CUST-662262,208,22,15,12.2,39,18:00-20:00,Spotify,23.95,0.53,No,0,13,Streaming,0.54,57,97.17,0,No,9.65,Single,N/A
bad46fac-4dff-4fef-ae5f-939df5714929,2026-05-16,CUST-766445,124,13,140,24.42,31,12:00-14:00,Spotify,13.09,0.89,Yes,0,52,Productivity,1.09,29,95.77,2,No,2.28,Single,N/A
f1641cf3-7598-4d9a-94b4-849837289d5c,2026-04-12,CUST-363663,20,11,80,33.02,41,18:00-20:00,YouTube,43.23,0.69,No,0,47,News,1.82,12,96.66,4,No,2.47,Single,N/A
1f9c528b-5373-48ef-8fd9-b048a6bcf718,2026-02-06,CUST-217552,68,10,141,3.91,12,20:00-22:00,Netflix,13.06,0.56,No,4209,42,News,1.55,17,95.65,4,No,6.39,Multiple,N/A
4b321620-d34a-4c6e-89b5-8811153b4e5f,2026-02-04,CUST-113335,299,14,6,48.12,43,20:00-22:00,Spotify,3.88,0.34,Yes,0,26,Gaming,1.28,50,98.97,3,Yes,2.36,Single,N/A
35898344-afce-49ae-bb6d-9417b62bc022,2025-09-13,CUST-465139,136,1,28,48.41,19,20:00-22:00,Netflix,75.03,0.11,No,8293,2,Streaming,1.74,50,97.98,4,Yes,5.33,Multiple,N/A
2e83c696-bffc-4d2e-b699-c532b848785b,2026-07-14,CUST-861209,77,3,84,33.22,18,20:00-22:00,None,22.68,0.61,No,0,32,Social,1.35,23,99.41,3,No,4.89,Multiple,N/A
a84cfee2-1ae7-4a73-826b-f30b7dd188fe,2025-09-09,CUST-243148,214,11,153,27.73,49,20:00-22:00,Netflix,76.27,0.58,No,0,7,Productivity,1.86,57,98.37,3,No,1.29,Single,N/A
70f77ee7-d0e3-499c-993a-e8f6673c242e,2025-10-13,CUST-468875,291,39,23,30.64,22,12:00-14:00,YouTube,97.79,0.89,No,0,50,Productivity,1.56,52,98.76,4,No,0.78,Single,N/A
d53f2c33-8187-40b7-822c-7ac4e6d8a0e5,2026-06-29,CUST-577959,288,7,76,30.92,21,18:00-20:00,YouTube,36.55,0.54,No,0,31,Maps,1.07,24,99.1,2,Yes,2.25,Multiple,N/A
4dd785f9-0c24-45e9-a73b-6826eeb11dfe,2025-11-02,CUST-408277,52,10,59,24.71,27,08:00-10:00,Netflix,24.97,0.18,No,0,45,Productivity,1.32,23,96.25,1,Yes,3.85,Single,N/A
b7622376-f910-40ae-a720-c85b307f96f8,2026-04-16,CUST-261345,197,11,156,49.46,34,08:00-10:00,Spotify,21.08,0.67,No,0,28,Gaming,1.86,50,95.92,1,No,2.22,Single,N/A
6324bf65-2a99-42ca-aa0b-348146482563,2025-10-29,CUST-756136,226,28,156,23.28,24,08:00-10:00,None,62.42,0.49,No,0,50,Maps,0.72,6,98.82,0,No,5.1,Single,France
a8fbb44c-8596-46d4-9474-fa1005d07e56,2026-01-11,CUST-895039,252,26,90,48.37,5,20:00-22:00,YouTube,27.95,0.85,No,0,47,Productivity,1.74,36,99.96,4,No,6.63,Single,Japan
5486d82c-d12f-4787-853f-c49a2337af79,2025-09-20,CUST-970785,172,32,99,15.15,44,18:00-20:00,Netflix,36.59,0.64,No,3539,24,Social,1.7,35,98.34,0,Yes,5.1,Single,N/A
f1f0503d-59b3-406d-809c-513df7773b6a,2026-04-29,CUST-263857,292,31,64,18.2,12,20:00-22:00,None,88.46,0.41,No,0,31,Social,1.1,30,99.7,3,No,2.7,Multiple,N/A
77a1a16f-ae5f-4572-8ca9-4ef19fa505ab,2026-06-28,CUST-581180,152,30,190,16.98,10,12:00-14:00,YouTube,53.5,0.32,No,0,24,Streaming,0.81,54,99.08,2,No,9.83,Multiple,N/A
7ae34552-d374-49ab-a55d-1643a862a091,2025-10-27,CUST-781335,144,20,99,24.17,24,18:00-20:00,YouTube,87.77,0.5,No,0,2,Streaming,1.16,35,98.72,0,Yes,4.23,Single,N/A
105ad525-7174-4773-b6c4-ac28f88e3e37,2025-09-04,CUST-364794,83,4,194,7.39,14,20:00-22:00,None,95.13,0.45,No,6795,37,Streaming,0.87,54,99.98,5,Yes,7.18,Single,N/A
6cea3095-2627-43d9-8f6d-2e18ef11850e,2026-05-29,CUST-617052,229,21,116,2.33,27,18:00-20:00,YouTube,6.21,0.35,No,3294,46,Gaming,1.97,31,98.52,3,No,3.92,Single,N/A
2d330667-ad07-48e8-8152-2cd650520016,2026-04-16,CUST-624909,250,21,124,18.63,19,20:00-22:00,YouTube,75.95,0.17,No,0,54,Productivity,1.75,11,98.83,5,No,0.4,Single,N/A
4b2c4a65-7f2a-4f67-b111-3f5dff315756,2025-07-28,CUST-542741,21,10,63,49.62,9,08:00-10:00,Spotify,34.45,0.52,No,0,13,Gaming,1.24,40,95.26,0,No,6.97,Single,N/A
028298bc-b5c4-4157-aae5-da8abaa480a2,2026-02-08,CUST-302427,21,47,85,42.47,7,08:00-10:00,None,31.44,0.8,No,0,26,Social,1.38,18,98.56,5,Yes,1.33,Single,N/A
9530de62-1ff6-4e8a-87ee-a4cd2f49f859,2026-06-27,CUST-958690,274,23,175,4.42,22,12:00-14:00,YouTube,78.52,0.8,No,0,41,Productivity,1.42,10,99.97,1,Yes,2.56,Single,N/A
619298a1-3487-4c48-918e-0f25e5f350df,2026-01-09,CUST-929866,118,26,5,29.58,27,12:00-14:00,YouTube,56.34,0.32,No,0,12,Maps,1.87,56,99.12,5,No,4.21,Single,N/A
67ffbc35-c5e2-406d-9b72-fa7a09804d8d,2026-05-17,CUST-880423,136,31,11,8.31,28,12:00-14:00,Spotify,32.3,0.75,No,1629,16,Gaming,1.48,9,96.79,5,Yes,6.06,Single,N/A
8265b88d-73ac-47a9-9e30-029a7af344cf,2026-07-23,CUST-584657,271,11,117,47.76,28,18:00-20:00,YouTube,99.94,0.45,No,0,47,Productivity,1.19,22,99.17,4,No,3.52,Single,N/A
e30a28dd-ed41-4081-a1bd-01816d5b9e77,2025-09-24,CUST-873189,79,17,35,17.48,15,20:00-22:00,Spotify,60.11,0.58,Yes,0,25,Gaming,1.6,6,95.54,2,Yes,4.37,Multiple,N/A
c3c2db89-6d01-415e-9d70-65d3717594c0,2026-03-11,CUST-622762,83,22,45,7.09,8,18:00-20:00,None,7.99,0.4,No,0,59,Streaming,1.92,6,95.29,1,No,3.58,Single,N/A
f407b0a2-d9d0-466a-84a9-f567a54934c0,2026-05-09,CUST-719583,150,46,39,49.47,37,08:00-10:00,None,23.78,0.1,No,0,28,News,1.92,32,95.06,1,No,6.52,Single,N/A
994dcf04-07f0-45da-b10b-4fc37c6218c4,2025-10-11,CUST-503996,264,11,181,47.23,49,08:00-10:00,None,50.48,0.61,Yes,0,51,Maps,1.11,49,99.54,2,Yes,8.96,Single,N/A
948c0772-10cc-4d46-937d-21773054eb34,2026-03-04,CUST-960336,235,24,37,23.24,30,12:00-14:00,YouTube,84.18,0.46,No,6186,54,Maps,1.48,20,95.03,3,Yes,5.79,Single,Japan
bb989f8f-792e-4caa-a962-a34acbe5d251,2026-01-12,CUST-991643,269,27,97,2.01,28,18:00-20:00,YouTube,90.07,0.89,No,0,36,Gaming,1.13,19,95.07,4,No,8.67,Multiple,N/A
660ff35e-41eb-4d90-8d5c-c41233b3a818,2025-08-08,CUST-183293,120,29,108,32.81,28,18:00-20:00,Spotify,28.65,0.82,No,0,9,Streaming,0.7,39,98.61,3,No,0.04,Multiple,N/A
63c94ce7-69fc-43b6-8766-49afb780a3eb,2025-07-30,CUST-598662,160,38,135,47.67,8,08:00-10:00,None,51.83,0.45,No,0,19,Maps,0.87,46,97.49,3,No,3.47,Multiple,N/A
822f900c-3e3a-402b-8bdf-7cafa86e5adb,2025-11-19,CUST-966093,188,40,144,37.63,25,12:00-14:00,Spotify,40.24,0.77,No,0,11,Streaming,1.21,9,98.41,2,No,9.52,Single,Japan
aed1970e-5c18-4040-8fe1-15b8c35de5d6,2026-03-15,CUST-675486,193,28,35,38.43,15,20:00-22:00,Netflix,5.41,0.37,No,4063,54,Streaming,1.55,54,96.84,2,No,5.63,Multiple,N/A
d1920d55-f0e4-41ac-a6c5-b223f43e87fe,2026-03-25,CUST-630378,155,37,163,20.84,48,20:00-22:00,Spotify,4.99,0.25,No,0,1,News,1.55,38,97.69,4,Yes,7.41,Multiple,N/A
e842ca87-4ea6-40fc-a969-909d059edd20,2025-10-25,CUST-448031,161,30,186,14.81,50,20:00-22:00,Netflix,92.83,0.6,No,0,27,Maps,0.76,25,98.21,5,Yes,8.02,Multiple,N/A
57a87485-7cfb-48e5-bf3e-ca03f6ae3fbb,2025-09-21,CUST-989371,179,39,115,14.81,45,18:00-20:00,YouTube,82.19,0.61,No,0,3,Streaming,1.33,14,95.67,5,No,1.28,Multiple,Canada
d4f6e443-211f-4aa4-9f73-1f647967dc25,2025-10-23,CUST-757601,172,27,24,26.92,31,20:00-22:00,Netflix,41.77,0.72,No,0,36,Streaming,1.73,34,98.17,0,Yes,8.48,Multiple,N/A
71457bc2-1843-48f2-bfa6-cd4075b1f84c,2026-06-13,CUST-645029,20,16,32,19.99,17,20:00-22:00,Netflix,71.83,0.88,Yes,0,12,News,1.6,37,96.61,4,No,2.8,Single,N/A
03a0f36f-e74a-4e49-8ff0-2f92527e047d,2026-05-20,CUST-103843,290,4,124,12.61,14,18:00-20:00,YouTube,67.27,0.44,Yes,0,46,Maps,0.76,59,96.05,2,No,4.85,Multiple,N/A
b1c1c2b2-afc0-4f26-ae84-afad8151a038,2025-09-06,CUST-180514,216,8,10,17.39,42,18:00-20:00,Spotify,14.76,0.14,No,0,48,Streaming,0.54,14,97.32,4,No,6.62,Single,N/A
727d61fb-b9af-465c-8750-bed40a0ab74f,2025-12-16,CUST-395188,172,3,120,27.86,29,20:00-22:00,None,70.92,0.89,No,0,37,Maps,1.82,26,97.16,3,No,4.71,Single,N/A
48aa7f4a-6e44-4cb7-9ca8-3d78f049a080,2026-03-31,CUST-740846,140,17,37,11.05,14,18:00-20:00,Spotify,5.74,0.4,No,0,53,News,0.69,19,99.2,2,No,0.77,Single,N/A
823df277-ca1d-4813-8a81-7bd6d7fdf803,2026-03-22,CUST-649417,231,29,33,41.84,10,08:00-10:00,YouTube,72.94,0.29,No,0,55,Productivity,1.31,23,99.85,3,Yes,9.89,Multiple,N/A
dcd1bd1b-9b6b-49c8-b4e5-1a1cb22abb4a,2026-02-28,CUST-426778,59,2,48,8.78,40,08:00-10:00,YouTube,41.6,0.72,Yes,0,24,News,1.89,56,96.31,3,No,7.49,Multiple,N/A
baf55e7b-4ad5-4758-adc6-f4415ff67877,2026-01-02,CUST-487989,103,38,10,45.17,33,12:00-14:00,YouTube,71.9,0.36,No,3063,41,Social,1.47,7,96.71,5,No,5.71,Multiple,N/A
b3d5007c-ceff-46fb-9fbb-7b581ec10e0f,2025-10-18,CUST-300973,220,36,40,11.31,17,12:00-14:00,None,91.41,0.33,No,0,48,Gaming,1.12,22,95.74,1,No,8.3,Single,N/A
dd66f2cb-cdff-4525-aa59-3a059df1156b,2026-07-19,CUST-318821,252,32,23,45.19,21,20:00-22:00,YouTube,50.02,0.24,No,0,47,News,0.55,24,99.51,5,No,0.36,Multiple,N/A
bc554d1e-2ce2-49f2-9501-8dad763cd37d,2025-12-19,CUST-836595,171,2,88,15.32,8,08:00-10:00,None,4.83,0.39,No,0,43,Social,1.98,17,96.06,3,No,6.7,Single,N/A
d6a5a8ee-fd59-48ad-ade6-742e7c813edd,2026-03-14,CUST-288962,300,25,169,8.07,16,12:00-14:00,Spotify,32.45,0.59,No,0,9,Productivity,1.63,58,97.35,0,Yes,3.6,Multiple,N/A
f81b8f52-0da7-4233-b952-b0aa7fb62b1b,2026-04-13,CUST-218489,215,45,154,13.78,43,12:00-14:00,Netflix,53.28,0.35,No,1951,36,News,1.96,12,97.71,0,No,8.45,Multiple,N/A
452e54c4-3d4a-4bce-9580-671bdf6f4f1a,2026-02-05,CUST-772118,235,4,18,9.52,13,20:00-22:00,None,90.7,0.18,No,0,20,Social,0.52,43,99.09,2,No,8.08,Multiple,N/A
4352884a-693f-48c5-9979-c791b2235eb1,2025-07-28,CUST-401175,147,26,157,7.32,49,12:00-14:00,None,36.9,0.58,Yes,0,59,Social,1.63,49,97.38,5,No,6.95,Single,N/A
d3164100-633e-41c7-9bae-3ef63358c73b,2025-12-10,CUST-861843,61,24,141,21.01,6,18:00-20:00,YouTube,7.04,0.2,Yes,0,16,Gaming,1.79,54,97.81,0,No,0.55,Single,N/A
fe348c68-acc9-4adf-859f-12b12c65ccc2,2026-02-23,CUST-389673,124,30,151,31.15,15,20:00-22:00,Netflix,59.51,0.6,Yes,0,59,Gaming,1.83,55,99.39,5,No,6.79,Single,N/A
d8a2edf7-f59e-439b-b599-91bc2734d82b,2025-09-20,CUST-207964,80,11,125,15.7,42,18:00-20:00,Spotify,3.3,0.61,No,0,16,Productivity,1.3,16,96.29,2,No,7.56,Multiple,N/A
b0873613-34d1-4cf2-894d-6114004c519b,2026-02-03,CUST-260923,16,5,141,15.04,35,20:00-22:00,Spotify,46.46,0.72,No,0,35,Social,1.67,52,98.22,1,No,2.56,Single,N/A
7d6d9631-037d-428c-8197-6c3e455fdede,2025-10-17,CUST-326727,238,23,52,46.54,47,18:00-20:00,Spotify,68.65,0.22,Yes,0,57,Gaming,0.6,37,99.64,4,Yes,9.43,Multiple,N/A
589a2a88-9632-466e-995d-4aea7f8c4286,2026-02-11,CUST-273609,124,35,12,37.34,44,08:00-10:00,None,3.31,0.47,No,0,19,News,0.61,17,95.53,1,No,0.84,Multiple,N/A
fa80b58b-215b-4cdb-b518-ea2cfd9d8b23,2026-05-21,CUST-867113,124,9,173,16.51,42,12:00-14:00,Netflix,35.8,0.25,No,0,30,Social,1.15,33,99.28,1,No,8.63,Single,N/A
21062013-4672-4d2a-bcdd-3cc660511f44,2026-01-21,CUST-717874,260,31,143,9.98,28,12:00-14:00,Spotify,29.52,0.13,Yes,0,54,Streaming,0.8,29,96.46,3,No,5.49,Single,N/A
060251f2-8919-494e-bfb2-ddd43733f5d1,2026-04-13,CUST-459612,37,48,113,23,30,18:00-20:00,None,6.18,0.88,No,8247,53,Gaming,0.99,33,96.19,3,Yes,5.61,Single,N/A
12a38624-6062-44cc-aa05-d3b183721e58,2025-11-18,CUST-433772,163,31,113,22.22,15,08:00-10:00,None,15.76,0.8,No,0,7,News,1.16,28,96.63,4,No,0.97,Single,N/A
d56eb543-253f-43bf-9d2b-9a10313f98b9,2025-10-31,CUST-784641,214,24,62,46.34,18,12:00-14:00,None,55.2,0.37,Yes,0,36,Gaming,1.68,26,98.18,3,No,1.52,Single,N/A
08980147-9b67-48b3-87c1-26dbcee94fb4,2026-04-27,CUST-220238,204,28,118,26.7,14,18:00-20:00,Spotify,10.48,0.53,No,0,34,News,1.01,41,97.58,5,No,2.91,Single,N/A
89d8fdd0-c4bf-4051-8b0d-6da91d52e563,2026-02-15,CUST-904939,265,27,106,49.36,35,12:00-14:00,Spotify,26.64,0.8,No,0,23,Social,0.97,10,95.21,1,Yes,4.3,Single,UK
59eac2d2-9ede-4a22-9c03-0aa005cd958f,2025-11-06,CUST-724895,212,48,28,18.89,5,18:00-20:00,None,83.61,0.22,No,0,0,Maps,0.65,58,97.05,0,Yes,6.11,Single,N/A
7e37f46e-fad6-487e-b4e0-704bd2bd868c,2026-03-18,CUST-853289,258,48,189,11.14,36,12:00-14:00,YouTube,79.11,0.26,No,4735,50,Maps,1.74,24,97.97,3,No,1.99,Multiple,UK
f5967cfd-5632-48cd-9b07-102ac2151de4,2025-09-30,CUST-877547,50,28,20,0.47,50,18:00-20:00,Spotify,23.28,0.52,No,0,35,Streaming,1.88,23,95.12,2,No,1.75,Single,N/A
189b54e5-58d6-41d5-9478-a8e05f1ee0b9,2025-12-06,CUST-478646,103,13,132,39.1,19,08:00-10:00,YouTube,76.49,0.67,Yes,0,17,Productivity,1.01,30,95.79,4,No,0.39,Multiple,N/A
29a93831-81e9-4cfc-a563-48e5de2b11ee,2025-08-19,CUST-733052,35,20,4,3.13,24,08:00-10:00,None,14.18,0.28,No,0,48,Social,1.66,5,96.2,3,No,8.81,Single,N/A
8c07cff2-f1f7-438d-85db-e16488490631,2025-10-02,CUST-482151,23,46,177,27.95,11,08:00-10:00,Spotify,81.66,0.12,No,0,13,Maps,1,10,96.34,5,No,2.21,Multiple,N/A
b82e1441-b113-433e-9d3f-77058679a7d2,2026-01-15,CUST-864731,282,14,41,16.07,16,20:00-22:00,YouTube,83.27,0.28,No,0,33,Productivity,0.97,39,97.93,4,No,0.71,Single,USA
ab64f597-c111-434f-bff8-267007f4fa22,2026-01-27,CUST-983216,270,45,43,28.72,18,08:00-10:00,None,10.54,0.21,No,0,27,Social,1.48,36,97.02,3,No,0.94,Single,N/A
4f1c37e4-0215-47e7-b21d-b1d91f27fa86,2026-01-02,CUST-883927,121,14,67,14.39,18,12:00-14:00,YouTube,48.57,0.39,No,0,13,Social,0.7,16,98.74,4,Yes,0.84,Single,N/A
88a56bc1-5988-46a7-9327-eaf7d34e4ebd,2025-08-03,CUST-805065,31,33,177,42.49,43,20:00-22:00,Spotify,45.64,0.67,No,0,53,Gaming,1.61,48,99.22,1,No,6.01,Multiple,N/A
987b0df6-6781-4029-a5c8-abd57bbfef8e,2025-12-28,CUST-222751,72,21,102,4.03,26,12:00-14:00,None,20.28,0.7,No,0,29,Productivity,1.36,36,95.1,2,Yes,8.45,Single,N/A
5e5a9b3c-3f44-4323-ada1-56bc2d8de9f6,2026-06-01,CUST-543245,192,7,94,11.51,22,08:00-10:00,Spotify,44.4,0.82,No,0,5,Productivity,1.91,12,98.35,5,No,4.21,Multiple,N/A
890cc40d-e34c-406d-a1a9-5674f1e77d18,2026-07-13,CUST-201892,66,40,25,18.3,45,20:00-22:00,None,3,0.7,No,0,25,Gaming,0.86,49,99.64,1,Yes,2.84,Single,N/A
011cd90d-e0bd-4906-98b4-8611b94e7046,2026-06-11,CUST-738467,271,13,33,8.7,36,12:00-14:00,Spotify,85.53,0.42,No,0,0,Maps,1.69,35,96.16,4,Yes,7.08,Single,N/A
1ce8e4a8-4720-4c81-8b77-f28c49e969fe,2025-10-04,CUST-283531,141,45,135,8.78,36,18:00-20:00,None,66.24,0.26,Yes,0,31,Social,1.93,47,98.7,1,No,6.57,Multiple,N/A
da301f92-c7a0-4018-bc50-77c4196f1230,2025-10-06,CUST-949557,241,10,43,31.42,44,18:00-20:00,Netflix,93.46,0.69,Yes,0,48,Maps,1.56,22,99.19,2,No,3.19,Single,N/A
c583cf26-dd99-4827-8012-937272f2f500,2026-06-26,CUST-862240,155,13,85,4.64,18,18:00-20:00,YouTube,72.14,0.89,No,0,12,Gaming,1.8,14,95.89,2,No,7,Single,N/A
2d47b566-7ea5-44c7-858e-724b456398ee,2026-05-01,CUST-238643,218,1,178,8.95,48,12:00-14:00,None,54.76,0.83,No,620,42,Gaming,1.83,53,95.57,4,Yes,9,Single,N/A
b0e2e80a-0dd9-4a70-8f89-90cf661067cd,2026-06-30,CUST-759362,107,41,69,25.52,13,12:00-14:00,Spotify,89.28,0.74,No,0,45,Social,1.68,38,99.75,1,No,1.24,Single,N/A
791bfd23-94be-43d5-9d66-2d5a72d6ef67,2025-11-07,CUST-622779,9,46,30,22.58,36,08:00-10:00,None,93.64,0.71,No,0,21,Maps,1.84,5,97.73,4,No,9.01,Multiple,N/A
cea0cc54-1083-4fda-b568-b4b77b9a18d2,2026-04-22,CUST-561587,249,1,100,45.92,33,20:00-22:00,None,83.63,0.66,No,0,19,Social,1.63,5,98.73,4,No,3,Single,Japan
387d7fce-a6c4-453a-88a4-36f0faca968d,2026-06-13,CUST-821744,59,29,123,35.44,29,20:00-22:00,Netflix,62.72,0.21,No,2605,11,Productivity,1.79,22,97.92,2,Yes,8.57,Single,N/A
9d5c434c-5c52-4a0b-90cd-b76d62b4c719,2026-02-23,CUST-173069,246,12,26,17.55,43,18:00-20:00,YouTube,49.45,0.48,No,0,39,News,1.57,48,96.85,4,No,1.03,Multiple,N/A
6b4a13a6-1f7a-4fb6-b5b1-838c72fa8aad,2026-03-14,CUST-225969,114,37,125,42.76,24,18:00-20:00,None,82.85,0.32,No,0,54,News,1.68,41,98.45,3,No,3.96,Multiple,N/A
2edad2f4-e98d-4879-8557-41e4762892f8,2026-02-07,CUST-429671,297,5,170,45.35,10,12:00-14:00,Netflix,50.56,0.8,No,0,45,Social,1.18,21,96.52,1,No,0.98,Single,N/A
d23b0688-a9e0-42a2-bddf-d70f482938f9,2026-04-21,CUST-239710,23,45,148,35.89,42,08:00-10:00,YouTube,87.27,0.54,No,1388,34,News,1.78,36,95.52,5,No,1.8,Single,N/A
9f89a994-74f2-497c-9d41-40ed12bd8068,2026-06-22,CUST-992377,121,19,66,34.65,22,18:00-20:00,None,52.48,0.34,No,1036,41,Social,0.69,31,97.58,5,No,3.68,Single,N/A
d5af7f9c-bf56-4087-a2b0-70e8458e57bb,2026-03-13,CUST-584142,31,46,165,31.28,34,18:00-20:00,Spotify,26.36,0.31,No,0,48,News,0.96,31,95.07,0,No,2.94,Multiple,N/A
9ab9a4a9-83fd-4b8d-90b3-9c7738d28753,2025-08-14,CUST-113022,162,49,1,12.73,40,20:00-22:00,Netflix,59.1,0.83,No,0,45,Social,1.01,26,99.81,1,Yes,6.84,Multiple,N/A
17558ca1-3088-4de6-b9df-a6c170108e20,2026-07-24,CUST-990731,156,19,69,25.02,28,08:00-10:00,None,24.91,0.36,No,0,37,Productivity,1.86,10,97.99,3,No,1.99,Multiple,N/A
9278185b-3477-4623-a5ec-7c2a2f3832a7,2025-08-16,CUST-844377,140,33,124,36.81,26,20:00-22:00,None,7.27,0.18,No,0,58,Productivity,1.64,54,97.43,2,No,2.96,Multiple,N/A
107aad8e-53a8-4663-ae8a-316e0bd7aabf,2026-01-20,CUST-861650,78,21,131,44.34,38,20:00-22:00,YouTube,37.99,0.74,No,0,38,Streaming,0.82,45,95.03,2,Yes,6.22,Multiple,N/A
bd689530-e97e-4413-9dae-b4ef32b8c55a,2026-07-15,CUST-604837,5,33,30,25.07,26,12:00-14:00,Netflix,74.82,0.43,No,0,14,News,1.61,54,98.69,4,Yes,6.71,Single,N/A
a31029ff-9718-4994-87d5-3b0e99efed26,2025-11-28,CUST-443122,207,38,48,35.48,34,12:00-14:00,YouTube,74.86,0.66,No,0,6,News,1.7,45,97.79,4,No,3,Single,Mexico
9e9343f9-0e57-450f-89d9-e387eb9f0445,2025-09-04,CUST-867568,209,14,40,3.36,11,20:00-22:00,YouTube,82.69,0.32,No,0,39,Gaming,1.55,44,99.24,5,Yes,7.66,Single,N/A
63105c8f-5819-48ed-b460-b1219c7d52b3,2026-06-13,CUST-106671,27,6,151,35.9,46,18:00-20:00,Spotify,58.61,0.61,No,2497,43,Social,1.27,49,95.73,1,No,6.71,Single,N/A
9f85d2cc-ec2b-4618-a9f1-8eefa3f2123b,2025-09-20,CUST-243616,136,11,116,49.44,7,12:00-14:00,None,86.01,0.58,No,0,6,Gaming,1.73,10,97.7,4,No,7.23,Multiple,N/A
2faac8e6-e03c-47e1-9fc7-064309ec6521,2026-06-07,CUST-908891,298,23,38,16.88,22,20:00-22:00,Netflix,7.76,0.16,No,0,49,Social,1.69,37,99.8,3,No,7.59,Single,N/A
a165c6a6-990a-4e47-b56b-e746e08fec51,2026-03-14,CUST-982123,214,27,100,27.49,37,08:00-10:00,None,44.03,0.41,No,0,15,Gaming,1.37,50,99.77,0,No,2.97,Single,N/A
1d6eb3f8-6f10-4aa3-b931-125e568d3dae,2026-02-10,CUST-220858,250,4,77,21.06,11,20:00-22:00,None,33.05,0.16,No,0,29,News,1.68,49,95.22,4,No,7.59,Single,N/A
106623eb-95d3-4447-ba99-6f88125e09a3,2026-07-19,CUST-203927,11,11,44,17.52,29,08:00-10:00,Netflix,2.62,0.83,No,0,20,Gaming,0.57,7,98.38,1,Yes,2.8,Single,N/A
52c8d075-2f95-4f1e-9dea-690609a09a8f,2025-08-08,CUST-687499,214,5,26,21.44,35,12:00-14:00,YouTube,89.57,0.6,No,0,5,News,1.04,42,99.18,4,No,0.53,Single,N/A
43d7c900-1e3b-4fd5-b6a9-a016237039c6,2025-12-25,CUST-203271,223,32,15,38.6,36,18:00-20:00,Spotify,26.01,0.23,No,0,28,Gaming,0.83,18,96.22,0,No,4.47,Single,N/A
224384b6-586c-40d3-a579-fe78007b34cd,2025-08-26,CUST-829577,218,36,82,17.72,40,18:00-20:00,YouTube,66.6,0.11,No,0,35,Social,1.84,55,98.29,1,No,3.37,Single,N/A
8bad0317-79d2-4f0a-a5d1-3b229dacdba9,2026-07-23,CUST-806979,254,43,125,21.61,40,20:00-22:00,YouTube,9.41,0.51,No,0,15,Streaming,1.96,25,95.11,3,No,0.64,Single,N/A
e54bfc4b-bc73-4141-9df1-0bbe27e5c25b,2026-05-02,CUST-816340,210,31,30,22.52,27,08:00-10:00,YouTube,85.72,0.14,No,0,12,Productivity,1.94,56,96.01,3,No,9.18,Multiple,N/A
ad521f92-2d9b-43b1-9580-5fe823a03b8f,2026-01-23,CUST-342413,25,45,171,8.64,8,20:00-22:00,YouTube,22.08,0.77,No,0,3,Streaming,0.85,36,98.16,3,No,3.84,Single,N/A
949c0c14-b0f7-4624-826d-60f04f60f7c5,2026-02-18,CUST-918326,236,20,23,0.27,19,20:00-22:00,YouTube,93.9,0.45,No,0,45,Gaming,0.81,41,99.55,0,Yes,9.79,Multiple,N/A
5cac4c1d-f910-4f91-bb05-6c6e301eec59,2025-12-20,CUST-160261,94,47,195,2.11,23,08:00-10:00,Netflix,61.14,0.21,No,7465,33,Social,1.43,50,98.93,3,No,1.24,Single,UK
96f97b90-e034-4d0a-9f37-8b4b0df722be,2025-11-18,CUST-662664,53,22,124,32.99,21,12:00-14:00,YouTube,66.1,0.14,Yes,0,22,Productivity,1.03,40,96.6,3,Yes,8.37,Single,N/A
34f70666-75ac-469b-a653-e5f1bf1f9c12,2025-10-30,CUST-120666,105,44,111,35.9,48,12:00-14:00,Spotify,48.65,0.64,No,0,2,Productivity,1.45,40,95.23,3,No,6.18,Single,N/A
f6d0e1df-f7be-4cbd-948c-c951b6bdfe16,2025-08-30,CUST-160601,284,7,177,12.87,16,18:00-20:00,Spotify,56.73,0.23,Yes,5817,37,Gaming,1.55,55,95.84,2,No,2.02,Multiple,N/A
4c7a9692-c008-4761-b9b0-9ac547dfd50c,2026-07-03,CUST-193789,79,11,43,36.4,36,18:00-20:00,YouTube,91.42,0.23,No,0,6,News,1.84,58,95.45,2,No,2.6,Single,Germany
90989039-1ca4-4999-8044-0294cd24daf7,2025-08-24,CUST-382609,273,7,104,38.97,28,08:00-10:00,Spotify,49.35,0.66,No,6837,20,Streaming,1.89,14,97.29,4,No,7.61,Single,N/A
3fb65fd7-9ee9-4c6f-86d5-983d4d90662d,2026-05-29,CUST-807489,28,9,173,2.2,27,18:00-20:00,None,4.87,0.76,No,0,1,Gaming,1.84,45,97.2,3,Yes,1.78,Multiple,N/A
76adfecd-2976-411c-bb76-cc09bb2d59b8,2025-09-30,CUST-548888,52,16,49,31,36,20:00-22:00,None,81.83,0.73,No,0,30,Productivity,0.98,19,95.83,4,No,4.78,Multiple,N/A
eade795b-7ea0-40ab-8d3c-460157942ede,2026-05-17,CUST-610626,94,18,5,44.5,13,18:00-20:00,Spotify,36.85,0.53,No,0,5,Social,0.85,54,98.8,1,No,3,Single,N/A
bbcb70d9-23b5-464a-9155-90cfcd3673b7,2026-04-13,CUST-945213,157,39,65,8.14,30,18:00-20:00,Spotify,72.84,0.3,No,0,4,News,1.2,8,95.01,0,No,2.25,Single,N/A
986bbdc1-d2d6-4cfd-a48f-f30addfe9694,2026-06-14,CUST-421557,292,15,169,17.9,36,20:00-22:00,Spotify,51.43,0.68,No,0,10,Productivity,1.24,36,98.77,2,No,6.56,Multiple,N/A
646a7163-e0d3-4b3d-aa24-97698c425b9f,2025-11-29,CUST-472399,88,4,47,11.97,10,12:00-14:00,None,71.41,0.22,No,0,27,Maps,1.35,12,99.24,4,No,8.14,Multiple,N/A
48f64e59-d19e-46cb-8e04-3120c1924d24,2026-04-01,CUST-934777,82,2,49,19.96,17,08:00-10:00,Netflix,33.67,0.9,Yes,4854,28,Streaming,0.79,15,97.83,1,No,2.5,Single,N/A
33980e1c-4647-4706-af0d-31e356d6c6d4,2026-01-17,CUST-765227,267,13,86,26.69,9,12:00-14:00,Netflix,93.89,0.83,No,0,7,Productivity,0.85,47,96.54,3,Yes,3.42,Multiple,N/A
f9497e28-cc5c-4202-aa49-adc6ab363f91,2026-06-30,CUST-492066,137,45,20,34.13,33,18:00-20:00,None,16.27,0.56,Yes,0,20,Social,1.02,17,97.25,2,Yes,7.84,Single,N/A
3da22761-4c91-42f6-88a5-779f62e16caf,2026-05-20,CUST-980131,48,1,102,9.82,45,12:00-14:00,YouTube,67.16,0.62,No,0,41,News,1.48,32,96.8,4,Yes,1.74,Single,N/A
3a9ee54f-b998-4355-b1af-ed88ff8bb517,2025-09-12,CUST-570490,268,24,71,17.23,8,18:00-20:00,YouTube,43.57,0.43,No,0,48,Gaming,0.78,35,96.31,3,Yes,9.63,Multiple,N/A
479ae70b-c8ac-457c-b62f-c96a90a7bf61,2025-10-08,CUST-784050,47,18,100,40.92,25,18:00-20:00,Netflix,95.17,0.49,No,0,54,Streaming,1.91,7,95.82,3,No,0.01,Multiple,N/A
8c01ca96-f332-43f0-9dcb-055021bd63dc,2025-12-04,CUST-287022,78,24,118,17.65,9,12:00-14:00,Spotify,19.85,0.48,No,0,52,Productivity,1.61,56,98.44,3,Yes,0.04,Single,N/A
f904b10c-bfc9-40ed-bae3-d3a4343763f4,2025-12-04,CUST-601155,134,6,123,5.23,42,08:00-10:00,Spotify,33.43,0.26,Yes,8754,4,News,0.63,17,97.07,1,No,8.46,Single,N/A
27c8abed-d4aa-4633-b55e-a18decb0f2aa,2026-05-13,CUST-400898,103,19,83,0.86,7,12:00-14:00,None,91.78,0.8,Yes,0,15,Maps,1.94,58,95.81,1,No,6.75,Multiple,N/A
79f499a6-f019-460f-8f44-23fbb2ad9ec7,2025-10-09,CUST-433412,166,25,46,47.57,26,08:00-10:00,Netflix,74.31,0.68,No,0,11,Maps,0.68,25,95.58,1,No,8.12,Single,N/A
2dec5c7f-5e68-47d0-bdfe-4c886db39a74,2026-07-04,CUST-321782,296,26,102,29.13,20,18:00-20:00,Netflix,49.55,0.2,No,9092,50,Streaming,0.52,9,97.36,3,No,4.6,Multiple,N/A
b21ccde7-c572-437b-ab5d-39a354481bbb,2025-07-28,CUST-130276,83,31,29,38.68,44,20:00-22:00,None,49.61,0.11,No,0,41,Gaming,1.46,19,98.13,2,No,0.94,Single,N/A
e07de8d2-f0c0-47ce-b48a-9c29a1273d05,2026-02-17,CUST-218290,79,49,71,4.47,39,18:00-20:00,None,76.26,0.83,Yes,0,39,News,0.64,30,97.07,4,Yes,7.48,Single,N/A
d9e90ba1-7a02-42af-a7e5-11a81ae8404c,2025-12-05,CUST-262990,36,45,109,21.59,41,12:00-14:00,Spotify,55.94,0.88,Yes,0,43,Maps,1.28,45,99.62,3,No,1.19,Multiple,N/A
fef6f301-f221-4360-b026-a6f4dcb72b3c,2026-07-23,CUST-331462,122,49,17,16.33,27,08:00-10:00,Spotify,21.44,0.76,No,0,1,Social,0.7,38,95.22,4,No,7.78,Single,N/A
049f046d-2b33-42fd-a810-7df54dbf07e4,2025-09-29,CUST-400587,196,39,45,41.41,14,12:00-14:00,YouTube,72.28,0.32,No,9340,28,Maps,1.52,48,95.2,3,Yes,4.09,Multiple,N/A
4d579ad4-21f0-46d8-9b9b-cdc74d591c43,2026-07-01,CUST-169545,42,4,180,41.97,19,12:00-14:00,YouTube,89.01,0.49,No,0,30,Maps,1.21,59,98.25,4,No,1.34,Single,N/A
5e87346e-85b0-4c23-9e14-4ee2ede4f6f8,2025-09-08,CUST-556813,244,30,29,17.28,28,18:00-20:00,Netflix,95.08,0.5,No,0,10,News,1.56,58,99.27,4,No,1.72,Multiple,N/A
dd19b6aa-abb6-48da-bbad-01a8304cb7e5,2026-02-02,CUST-540144,292,22,57,12.1,35,08:00-10:00,Netflix,47.09,0.19,Yes,0,25,Social,1.94,45,98.23,1,No,7.1,Single,USA
dbfeefd1-67fb-400d-abfa-d105404ba38e,2026-03-11,CUST-399788,9,14,63,4.83,23,12:00-14:00,Spotify,42.14,0.27,No,0,33,Streaming,0.51,45,98.78,2,No,2.92,Single,N/A
e3363a45-fb1e-4fea-8764-dd0288d372fe,2025-10-20,CUST-476056,38,9,110,36.85,5,18:00-20:00,None,22.75,0.48,Yes,0,60,Gaming,0.51,15,96.54,2,No,5.49,Single,N/A
515e4865-f246-40cf-bd57-32e2a2bcd629,2025-11-28,CUST-995976,182,50,171,26.02,46,12:00-14:00,Netflix,47.3,0.72,Yes,0,40,Streaming,0.63,43,95.73,3,No,8.56,Multiple,N/A
fe0d8ae7-656f-40ac-84a0-59579d6c2651,2025-10-20,CUST-520313,209,31,152,17.2,27,08:00-10:00,YouTube,53.1,0.44,No,0,50,Productivity,0.84,47,95.05,3,No,8.64,Multiple,Canada
9000f49f-f202-4291-8dea-1b3428c47509,2026-05-23,CUST-385957,278,19,92,14.78,10,20:00-22:00,None,70.74,0.2,No,0,5,Gaming,1.85,36,99.81,1,No,8.89,Multiple,N/A
28d2144f-6899-4f39-a852-5df217ed9c95,2025-09-04,CUST-931395,117,39,15,17.8,20,12:00-14:00,Netflix,35.44,0.38,No,0,27,Gaming,1.83,43,96.4,5,No,2.58,Multiple,N/A
cb8c0da4-b38e-4647-8a66-86babf8af7e6,2026-04-26,CUST-246332,262,25,85,37.06,37,08:00-10:00,YouTube,54.93,0.79,No,0,23,Streaming,1.28,44,95.75,4,Yes,4.37,Multiple,N/A
446243dc-71b3-41a7-9b12-29ade26332d7,2025-12-22,CUST-399778,241,26,164,35.92,7,08:00-10:00,Spotify,99.85,0.81,No,0,6,Gaming,0.96,52,97.38,0,Yes,1.15,Multiple,N/A
c69c7dbb-c137-4417-aa6a-68519958c1ed,2026-01-24,CUST-965902,229,29,132,42.82,42,08:00-10:00,YouTube,29.35,0.31,No,0,15,Streaming,0.85,55,98.84,2,No,5.91,Multiple,N/A
ea7a76c9-032b-43ca-9a0b-7a70c1fbabc0,2026-05-25,CUST-595131,266,37,196,15,6,08:00-10:00,Spotify,76.91,0.53,No,7324,2,Productivity,1.75,48,98.56,5,No,6.57,Multiple,N/A
d8db3ba9-9f39-466b-a036-bd5c788a61aa,2026-02-04,CUST-731918,82,46,94,27.81,50,20:00-22:00,Spotify,11.7,0.12,No,0,6,News,1.46,10,98.93,0,Yes,8.81,Multiple,N/A
7e1b0386-5487-4da0-8dc6-b49f1c72a24a,2026-05-12,CUST-213159,210,11,72,12.4,11,18:00-20:00,Spotify,78.21,0.56,No,0,33,Productivity,1.21,33,98.69,2,No,2.05,Single,N/A
608cac92-54ee-4fb7-817f-68f2bcd986fd,2026-03-22,CUST-272220,155,6,28,1.1,17,18:00-20:00,None,72.66,0.48,No,0,22,Maps,1.15,42,99.15,2,No,0.58,Multiple,N/A
4a4aed8b-8ebb-4398-a722-7287dbaca563,2025-07-30,CUST-454887,210,4,72,19.6,26,20:00-22:00,Spotify,97.81,0.83,No,0,44,Gaming,0.51,17,96.36,3,No,3.48,Single,N/A
e18da7d6-6ece-415d-b655-e04716a628a8,2025-09-24,CUST-321936,76,31,62,19.91,7,18:00-20:00,Netflix,84.67,0.48,No,0,2,News,1.54,53,98.61,2,No,3.53,Single,USA
a6a5e278-14c2-4850-8d87-4055943fd563,2026-03-05,CUST-890049,74,32,14,29.84,40,12:00-14:00,None,46.2,0.39,No,0,13,Streaming,0.68,19,99.54,5,No,9.45,Multiple,N/A
c49904d5-e16c-4f96-9a53-e81e238603ba,2026-02-19,CUST-364212,18,16,70,41.97,8,08:00-10:00,Netflix,71.96,0.21,No,0,32,Productivity,0.75,55,99.86,1,No,1.79,Single,N/A
d4febc07-1197-4261-b41b-26ad003303cb,2026-04-05,CUST-852155,244,35,92,11.69,50,18:00-20:00,None,37.24,0.16,No,0,14,News,0.77,19,98.34,3,No,0.13,Single,N/A
111dba68-3ebb-43b9-8d2f-d75409cd3a9d,2026-07-06,CUST-953084,11,2,29,32.01,28,08:00-10:00,Spotify,89.08,0.25,No,0,30,Streaming,1.94,25,96.82,1,No,2.07,Multiple,N/A
f761cd2c-51f9-4a85-8fbc-25b995008ca6,2026-01-17,CUST-774632,233,23,61,23.24,33,18:00-20:00,Spotify,60.99,0.75,No,3387,5,Productivity,0.88,30,96.15,1,Yes,5.41,Single,N/A
59cf1677-de8b-4b0b-bce4-b7cc26cdb127,2026-06-05,CUST-880349,238,49,138,3.21,20,12:00-14:00,Netflix,60.88,0.81,No,0,6,Maps,1.89,50,99.4,5,No,1.02,Single,N/A
6eee011e-1a92-410d-9a26-78010e7b3900,2026-06-05,CUST-983378,38,42,7,15.04,31,18:00-20:00,None,3.38,0.5,No,1801,59,Streaming,1.53,5,99.37,4,Yes,1.13,Single,N/A
d828f55e-0ddf-40fd-8ef8-0e3ffe10d66b,2026-06-30,CUST-824425,266,46,41,26,48,08:00-10:00,Netflix,37.2,0.7,Yes,0,52,Gaming,1.52,11,98.65,0,No,7.93,Single,N/A
45e3268f-4a44-4cf0-bdd2-03efe52394eb,2025-12-28,CUST-831661,117,45,127,17.82,14,20:00-22:00,YouTube,50.34,0.4,No,0,15,Gaming,1.05,19,95.02,4,Yes,3.97,Multiple,N/A
005e6842-1725-4fb4-9fbb-1aa34e105f67,2025-12-10,CUST-514447,150,1,171,9.47,31,18:00-20:00,None,72.99,0.15,No,0,53,Maps,1.23,43,95.96,2,No,7.37,Single,N/A
9a4343d3-5c3c-4ea6-abf0-524e30fc1465,2025-11-14,CUST-101323,10,20,44,1.16,37,12:00-14:00,None,33.47,0.39,No,8696,40,Social,1.2,41,96.15,2,No,6.95,Single,Japan
6d95e5f8-d1bc-47ce-a64a-4abf098583ee,2026-01-01,CUST-766919,142,47,27,30.98,17,12:00-14:00,YouTube,23.2,0.3,No,0,31,Gaming,1.83,45,98.13,3,Yes,0.26,Single,N/A
a81538bc-46df-4e5f-8ddc-59f879a2a1fd,2026-06-30,CUST-421393,53,24,107,47.04,23,20:00-22:00,Netflix,32.7,0.79,No,0,49,Productivity,1.04,9,96.02,3,Yes,8.92,Single,Japan
e0a10ea2-5e69-48ba-8e00-19fc05aeb22a,2026-07-12,CUST-981405,239,33,126,48.91,6,20:00-22:00,Spotify,18.51,0.74,Yes,0,21,Social,0.97,14,97.39,1,No,6.68,Multiple,N/A
87b03662-0d80-4d9b-9afa-f81a68a574ff,2026-04-14,CUST-944607,15,39,127,19.58,8,08:00-10:00,Netflix,33.25,0.5,No,0,11,Maps,1.44,19,98.86,5,No,3.67,Single,Germany
1a40a6ed-aed7-41fb-81a6-38e2228dfed6,2025-08-06,CUST-424912,256,42,95,32.59,17,18:00-20:00,YouTube,18.71,0.36,No,0,11,Maps,1.94,27,98.94,2,No,5.11,Multiple,N/A
2b48f78a-a452-40a9-8443-298d80325fae,2026-04-14,CUST-382866,252,9,8,14,20,12:00-14:00,Spotify,9.35,0.68,No,0,25,Maps,1.04,37,99.65,2,No,6.95,Single,N/A
b31d5b93-0b9e-4578-a484-57df6fae609f,2026-07-06,CUST-324342,94,38,154,24.83,39,12:00-14:00,Spotify,96.46,0.35,No,0,30,Social,1.03,5,98.83,1,Yes,6.18,Multiple,N/A
712737cc-3fd7-4b84-9f87-77c1250ad664,2025-10-10,CUST-804915,162,24,63,16.85,40,20:00-22:00,Spotify,84.97,0.63,No,0,40,Streaming,1.49,27,97.11,1,No,5.09,Single,N/A
8d066b17-1043-4fdc-a375-7be640506818,2026-02-24,CUST-939898,120,22,70,45.9,39,20:00-22:00,None,15.97,0.41,No,1792,12,News,0.86,14,98.32,3,No,8.15,Single,France
5306e2f0-3c6c-4e0e-b8d4-de45c9976a39,2026-02-20,CUST-605359,231,22,154,38.4,47,08:00-10:00,Spotify,69.59,0.2,No,0,33,Maps,1.07,26,97.89,1,No,1.18,Single,N/A
7ac3ef8d-7250-473a-b48f-e9f877b0f7fe,2025-11-22,CUST-369456,114,2,3,4.52,11,08:00-10:00,Spotify,26.88,0.23,Yes,0,34,Social,1.21,44,99.9,2,Yes,7.79,Single,N/A
6b32fed0-5f8a-445d-bb6f-3fcd09ca3c16,2025-12-09,CUST-207843,285,36,198,8.41,34,12:00-14:00,None,47.51,0.45,No,9763,0,Streaming,0.6,37,97.74,4,No,5.63,Single,N/A
2037aeb5-10f5-4f74-9351-0bb0f197bd7a,2026-02-28,CUST-116309,200,5,14,35.26,46,20:00-22:00,None,77.16,0.79,No,0,53,Maps,0.94,26,95.69,4,No,2.89,Single,N/A
1f372bcf-ee14-4f55-9564-1cb01bb9ff8f,2025-10-08,CUST-302198,113,34,80,27.92,32,12:00-14:00,Netflix,86.53,0.21,No,0,58,Social,0.78,53,96.13,2,Yes,0.35,Single,N/A
688b36b1-a1dc-46d4-8567-82bf6ea0b704,2025-07-26,CUST-194995,48,11,8,16.37,39,08:00-10:00,Netflix,0.36,0.68,Yes,1578,33,Streaming,0.67,34,97.23,2,No,0.54,Single,Mexico
03fc3258-c0f4-4ea7-be5c-86ebadeeaafa,2026-05-04,CUST-537879,248,22,185,32.4,38,08:00-10:00,Netflix,59.7,0.77,No,0,47,Streaming,1.51,40,98.73,4,No,7.66,Multiple,N/A
badf04d7-1794-4c44-a8ce-da66f0037ed4,2025-12-02,CUST-909876,106,38,117,41.94,35,18:00-20:00,Netflix,48.74,0.2,No,0,9,Maps,1.22,37,96.09,3,No,9.2,Single,UK
6fcd25b2-e432-4a83-9e7a-e785e9108e83,2025-10-23,CUST-481035,139,18,43,16.96,40,12:00-14:00,None,20.26,0.16,No,0,0,Maps,1.65,17,99.13,2,No,9.11,Single,N/A
9c0cb82a-8747-4077-bb73-7191639fee0f,2026-05-09,CUST-949171,217,24,41,13.55,31,18:00-20:00,Spotify,7.57,0.29,No,4733,6,Maps,1.22,53,95.3,2,Yes,0.51,Single,N/A
cab2ec19-82b4-4315-a8d5-c48001b1c724,2025-09-17,CUST-104007,156,42,99,28.87,17,12:00-14:00,Spotify,97.3,0.33,No,0,21,Gaming,0.6,43,98.54,3,No,8.88,Single,N/A
c9845403-5d32-4ce6-aeca-b1d814fbcd19,2025-12-30,CUST-417033,52,3,100,8.21,17,18:00-20:00,None,36.91,0.64,No,0,10,Gaming,1.06,52,99.11,1,No,3.41,Multiple,N/A
49a6d8ba-0062-44f4-8ab1-6e81826b0d31,2026-04-20,CUST-717592,200,45,127,48.83,47,12:00-14:00,Netflix,20.85,0.68,No,0,41,Streaming,1.17,11,96.77,4,No,4.54,Single,N/A
674fef6e-4c17-4c71-9f97-485bd5a6ff0d,2026-06-11,CUST-143739,93,14,122,43.31,15,18:00-20:00,Spotify,42.79,0.46,Yes,0,20,Gaming,1.77,17,95.6,0,No,3.63,Single,N/A
8b11c1ce-05fd-432c-a37c-2b735e2b91ea,2025-12-25,CUST-100651,29,41,166,42.43,49,08:00-10:00,Netflix,34.93,0.73,No,0,35,Maps,1.76,40,97.92,2,No,7.4,Single,N/A
3741c287-67ec-4f9f-98c9-72f5b9177c31,2025-09-22,CUST-949128,36,34,81,7.6,9,18:00-20:00,None,25.32,0.54,No,0,33,News,1.46,39,98.71,2,No,6.08,Single,N/A
6eb73f1b-06f9-4630-a17d-8501e4170564,2026-05-15,CUST-645058,227,17,47,34.66,8,08:00-10:00,Spotify,28.99,0.36,No,0,42,Streaming,0.91,14,96.18,3,No,2.88,Single,France
d24311f7-d729-4635-93a1-228268d3f73b,2025-07-28,CUST-399585,297,14,163,31.9,27,12:00-14:00,YouTube,2.38,0.22,No,0,28,Streaming,1.21,52,98.52,4,Yes,3.49,Multiple,N/A
e0fc79ec-db60-471c-942f-820f75b36caa,2025-10-30,CUST-307082,37,4,117,41.41,10,08:00-10:00,None,55.28,0.9,No,5121,41,Social,1.82,5,95.55,2,No,1.09,Multiple,N/A
c9952e99-f215-4987-a570-a73ab99df5c9,2025-12-22,CUST-867516,39,11,20,30.18,35,18:00-20:00,Netflix,38.45,0.79,No,0,57,Productivity,1.81,31,95.32,2,No,9.56,Single,N/A
26afec21-c47f-4960-a3f8-2d1771cb165d,2025-09-26,CUST-813584,236,43,169,47.56,15,20:00-22:00,None,41.91,0.36,No,0,27,News,1.02,28,95.35,3,Yes,3.33,Single,N/A
e8e33a91-aa96-4d3a-9c4e-86db4f97d9f5,2025-11-12,CUST-152724,89,18,119,38.84,33,08:00-10:00,None,72.85,0.38,No,0,3,Productivity,0.99,55,95.91,0,No,2.4,Multiple,N/A
ab56468d-7050-4beb-8c71-07fdb05562e6,2025-08-06,CUST-940067,32,16,87,36.55,20,12:00-14:00,Spotify,78.53,0.14,No,0,9,Social,1.92,6,95.61,5,No,4.53,Single,N/A
d9e50b90-0dbe-4a1b-b304-4cbcb451c6fe,2026-03-04,CUST-196020,225,32,157,6.84,48,18:00-20:00,None,84.02,0.16,No,0,36,Maps,0.82,56,97.67,2,No,2.66,Multiple,N/A
5ca670fb-689c-4fed-aeb7-7e14ee4e35c7,2026-01-04,CUST-900466,271,13,111,27.22,5,12:00-14:00,Spotify,31.4,0.32,No,0,28,News,1.16,18,96.64,5,Yes,1.68,Multiple,N/A
586be2bd-8b49-4693-a993-0dd0f634dabc,2025-08-05,CUST-441490,205,36,111,11.94,13,20:00-22:00,Netflix,41.45,0.26,No,0,14,Streaming,1.82,53,95.8,4,No,2.34,Single,N/A
18d84323-654a-44c8-be62-4bdd4d27f420,2025-09-17,CUST-446725,201,9,104,24.37,19,20:00-22:00,Spotify,59.9,0.18,No,0,7,Gaming,0.97,34,96.27,1,No,5.35,Single,N/A
c3628597-74d6-4bbb-bbfa-e75c7033db11,2026-06-12,CUST-870893,97,29,156,47.68,39,12:00-14:00,YouTube,14.04,0.31,No,0,54,Maps,1.71,15,98.97,2,No,6.15,Single,N/A
d109785a-06c3-41f1-890e-edb98733f1d7,2025-09-23,CUST-727635,9,36,45,38.31,34,20:00-22:00,Spotify,83.01,0.18,No,6261,18,Gaming,0.66,19,98.99,2,No,5.7,Single,France
480552a8-a525-444d-a431-f52fa13888a5,2026-05-01,CUST-698857,79,4,195,38.46,32,12:00-14:00,Spotify,44.48,0.27,No,0,37,Gaming,0.58,41,98.22,1,No,6.49,Multiple,UK
3209332f-d890-46ee-8a6a-3e0b33941cf0,2025-12-02,CUST-411518,20,22,150,22.26,22,12:00-14:00,YouTube,9.68,0.13,No,0,23,Productivity,1.86,26,99.73,3,Yes,4.51,Multiple,N/A
d1f7a93f-956b-4370-9bb4-b6e72e13e407,2025-11-14,CUST-144028,278,18,7,33.92,16,08:00-10:00,Netflix,46.64,0.2,No,9799,28,News,0.71,57,96.41,3,No,5.06,Multiple,N/A
91c2fe5d-f16c-4531-9241-d27a2ed4ac25,2026-02-17,CUST-353924,255,2,5,22.92,22,18:00-20:00,None,95.75,0.65,No,0,56,Gaming,1.83,18,99.18,1,No,9.09,Single,N/A
4d3b2664-ba80-4d5b-bfb7-7e42dfaee63d,2026-02-22,CUST-456887,277,25,115,35.8,37,12:00-14:00,Spotify,72.82,0.67,No,0,41,Social,1.88,51,99.51,2,No,8.83,Multiple,N/A
c7c24d77-2f15-4dc5-9b18-c2423ff1096c,2025-08-05,CUST-726608,43,25,185,5.47,48,20:00-22:00,YouTube,72.48,0.45,No,0,50,Streaming,1,33,98.49,1,No,7.45,Single,N/A
b476403c-7b22-45a5-b3ac-d0ae9212fff1,2026-05-05,CUST-925054,269,43,133,37.03,14,18:00-20:00,YouTube,39.48,0.55,No,0,10,Social,1.66,27,96.81,1,No,7.32,Single,N/A
223ae518-4978-41a0-8cb0-8c73e107bddf,2026-07-06,CUST-158625,232,40,94,21.62,28,08:00-10:00,YouTube,80.8,0.58,No,3828,51,Gaming,1.71,38,96.2,4,No,8.24,Single,N/A
53fed843-a589-49d5-811a-64cc62fdfbf6,2026-03-04,CUST-435963,244,44,179,24.12,18,18:00-20:00,YouTube,6.9,0.71,No,0,48,Social,0.98,12,99.32,1,No,5.36,Single,N/A
5d4be528-b601-42e6-9610-619112511441,2025-07-27,CUST-678193,198,20,148,42.08,17,18:00-20:00,Netflix,87.8,0.8,No,0,40,News,1.62,48,95.61,4,No,3.38,Multiple,N/A
e0866e39-8cde-4c47-8200-05194c57f73e,2025-12-16,CUST-100408,240,48,104,45.15,49,08:00-10:00,Spotify,62.08,0.86,No,0,1,News,0.56,35,98.16,3,No,4.04,Single,N/A
2e626724-c3ed-407c-9483-df081f622faf,2025-12-01,CUST-678430,258,42,98,35.38,11,12:00-14:00,None,28.03,0.64,No,0,50,Social,0.95,29,96.99,1,Yes,6.24,Multiple,N/A
de41804d-c8b8-4ba1-a219-1c3924b5718f,2026-04-19,CUST-580262,262,19,89,9.38,14,18:00-20:00,YouTube,98.03,0.73,No,0,29,Maps,0.78,55,99.76,4,Yes,0.49,Single,N/A
f2df2492-a47a-4bae-aa13-4fc397043d92,2025-09-12,CUST-293175,37,25,117,38.68,14,12:00-14:00,YouTube,21.81,0.76,No,0,24,Maps,1.17,14,95.35,2,Yes,7.78,Single,N/A
7d893f91-f1a8-4090-988a-56353340dd52,2025-09-25,CUST-182519,182,18,12,31.64,9,08:00-10:00,YouTube,84.08,0.44,No,0,59,Maps,0.74,56,95.38,4,No,3.06,Multiple,N/A
f2a6d622-00e6-45c7-b973-8c52f99ecb79,2025-11-19,CUST-642990,35,14,46,12.43,25,20:00-22:00,None,67.43,0.71,No,0,10,Social,1.48,9,97.49,1,Yes,0.61,Multiple,N/A
c494bd79-09bf-4472-afd6-9af5dab8a610,2026-06-26,CUST-264084,129,19,88,25.86,34,08:00-10:00,YouTube,46.6,0.78,No,0,36,Productivity,1.05,53,98.6,1,No,9.42,Multiple,N/A
2a2621fa-9369-4078-9eba-975375d0d474,2026-05-10,CUST-709253,68,7,39,23.28,6,18:00-20:00,YouTube,79.78,0.44,No,0,29,News,1.97,33,95.45,1,Yes,3.89,Single,UK
9d530eaa-d6d6-4943-92e0-6fe4a7fc15fd,2025-11-10,CUST-942627,225,43,149,10.4,44,20:00-22:00,YouTube,77.12,0.35,No,0,39,Social,0.52,31,99.21,1,Yes,9.01,Single,N/A
36215e2d-0d14-40fa-b6ce-66129860eeec,2026-04-22,CUST-497772,43,32,9,44.96,33,12:00-14:00,Spotify,34.17,0.5,No,9420,29,Productivity,1.18,32,95.31,3,No,1.79,Multiple,N/A
d6a0ce71-e6b5-4934-afed-4d76306e4a7f,2026-04-28,CUST-328679,232,30,121,34.88,33,18:00-20:00,None,2.39,0.75,No,0,33,Productivity,0.67,20,99.47,5,No,5.49,Multiple,N/A
5eb83440-b72d-4097-bebb-d0de9b9009d1,2025-11-21,CUST-819758,169,36,59,41.91,16,12:00-14:00,Netflix,39.27,0.19,No,0,32,Social,1.21,45,95.64,1,Yes,1.63,Multiple,Mexico
4795cfd2-2098-46db-a1be-9bcb412b41e2,2025-12-24,CUST-426602,194,50,126,21.45,45,18:00-20:00,Spotify,33.73,0.62,No,0,57,Productivity,0.78,40,97.29,3,No,4.2,Single,N/A
521dd2f2-e6d0-41ec-b9d0-07b4f96016b3,2025-10-26,CUST-316102,224,23,31,18.66,24,20:00-22:00,Spotify,92.67,0.44,No,0,15,Streaming,1.47,22,95.91,1,Yes,6.74,Single,N/A
1877f9c8-618e-49ce-83dd-89d2579da395,2026-06-15,CUST-543316,149,34,112,38.43,20,12:00-14:00,Spotify,26.05,0.22,No,0,2,News,1.86,8,96.48,0,Yes,5.22,Single,N/A
6efc639b-f1e8-4a7e-bfcd-c5903d929360,2026-01-26,CUST-187276,293,50,146,19.22,9,12:00-14:00,Spotify,20.25,0.34,No,0,17,Maps,1.6,19,95.49,1,Yes,6.7,Multiple,N/A
f3cb740f-9f5c-40bf-b4ab-78b862b57a4f,2025-10-08,CUST-277476,18,17,21,25.23,21,20:00-22:00,Spotify,85.69,0.22,Yes,7654,31,Productivity,0.8,38,99.05,1,Yes,7.85,Single,N/A
ede3bba5-fb4f-4924-8666-4c6f9c449242,2026-04-19,CUST-306928,71,13,88,15.64,17,08:00-10:00,YouTube,54.63,0.31,No,0,36,Gaming,1.82,41,99.75,2,No,7.31,Single,N/A
f8e3116c-dd55-4bfd-82d8-7ceeb1716f43,2026-01-04,CUST-598555,287,9,189,9.23,11,08:00-10:00,YouTube,90.4,0.13,No,0,40,Gaming,1.81,20,98.05,2,No,7.69,Single,N/A
933cafae-398b-47e4-a2f5-844d2e9e89d0,2026-03-02,CUST-142742,81,18,136,45.61,28,18:00-20:00,None,91.2,0.59,No,5323,40,Streaming,1.31,58,96.33,4,No,2.5,Single,N/A
6b28dd5d-e5ab-4732-b313-4564cbc38c21,2025-11-08,CUST-581290,77,16,115,25.18,31,08:00-10:00,None,45.21,0.48,No,0,42,Maps,1.66,38,99.07,2,No,6.24,Multiple,N/A
15d48e34-def8-464f-a18f-8a95c6adf1fe,2026-06-18,CUST-732963,249,4,187,19.54,18,20:00-22:00,Netflix,71.07,0.51,No,496,42,News,1.43,33,95.64,3,No,3.52,Multiple,N/A
43988041-77c2-4b06-8034-f3056ed85006,2026-02-14,CUST-447254,116,21,119,37.77,21,18:00-20:00,None,79.75,0.59,Yes,0,24,Social,1.67,50,97.25,5,No,2.76,Single,N/A
06ae4e53-b556-4188-a658-446d3bee4b3e,2026-06-21,CUST-971475,8,12,138,5.36,9,18:00-20:00,Spotify,52.7,0.76,No,7410,22,Social,0.67,40,99.17,2,Yes,4.93,Single,N/A
756e2570-2059-4c4a-a773-857d5b383cc5,2025-08-18,CUST-137003,48,12,109,6.38,27,12:00-14:00,None,19.62,0.56,No,0,10,Maps,1.52,23,99.45,2,No,9.33,Multiple,N/A
74218820-b6e0-4443-86a4-e263ef95cbb5,2026-07-21,CUST-280971,186,42,78,10.02,47,20:00-22:00,None,10.83,0.27,No,0,11,Productivity,1.44,52,96.64,4,No,6.65,Multiple,N/A
f40ca17c-1f32-4724-8691-4e67efe33cd6,2025-08-31,CUST-394880,188,3,198,0.34,12,12:00-14:00,Spotify,6.48,0.43,No,0,46,Maps,0.82,46,96.15,4,Yes,0.2,Multiple,N/A
69242b0f-01fb-40d7-8e5e-14c2e0a22415,2025-11-22,CUST-674714,44,14,43,4.58,8,08:00-10:00,Spotify,99.42,0.31,No,0,24,Maps,1.49,32,97.85,1,No,0.97,Single,N/A
76c161ee-4f22-4ed8-8df6-7283bc647c79,2025-11-26,CUST-390956,98,34,69,33.18,49,18:00-20:00,YouTube,34.99,0.19,No,0,47,Streaming,1.45,31,98.08,5,No,1.34,Single,USA
e309145e-ea56-4c70-b186-14024888641c,2025-09-24,CUST-840390,118,31,42,24.71,44,12:00-14:00,Spotify,47.1,0.44,No,9552,8,Social,1.57,36,96.56,3,Yes,3.66,Single,N/A
d2ec5ff6-da1a-4515-95fd-4b39e397c14a,2025-12-20,CUST-885001,123,45,195,26.41,44,18:00-20:00,Netflix,17.29,0.28,No,0,9,Gaming,1.35,32,95.72,1,No,5.02,Single,N/A
03f9a625-3398-474c-851e-ea48d683e5e2,2025-09-07,CUST-561454,285,29,79,41.21,49,20:00-22:00,YouTube,12.25,0.82,No,0,58,Maps,0.72,7,97.01,0,Yes,8.06,Single,N/A
eb349c7b-4186-47ce-bd19-2a74098f5f1a,2026-07-17,CUST-235000,202,29,122,30.9,43,08:00-10:00,Spotify,14.48,0.87,No,0,54,Streaming,1.59,9,97.49,4,No,3.79,Single,N/A
b018fb85-33c6-45dc-b48b-a0bb744b942a,2025-09-18,CUST-193099,290,16,46,19.89,6,18:00-20:00,YouTube,48.88,0.17,Yes,8113,44,Maps,0.87,32,99.81,5,Yes,6.06,Single,Japan
19b5e5ff-8673-43f5-b64a-7f98a85133de,2026-06-01,CUST-742902,25,42,51,2.01,39,12:00-14:00,None,97.97,0.85,No,0,46,Maps,1,46,95.97,1,No,7.45,Single,N/A
22fcbf58-8168-4d16-adeb-137ef91c4f34,2026-07-17,CUST-553507,224,25,139,46.26,25,18:00-20:00,None,13.99,0.78,Yes,0,50,Gaming,0.51,43,98.3,5,No,1.46,Multiple,Germany
b6939d25-7c0a-4a68-925b-19cc8c63c167,2025-11-15,CUST-217839,108,25,82,27.58,13,12:00-14:00,YouTube,85.76,0.3,No,276,10,Streaming,1.75,24,97.48,1,No,0.23,Multiple,N/A
d81b4b72-1c66-4483-9bfb-cd107913fb81,2026-03-05,CUST-253745,74,16,163,1.65,25,18:00-20:00,Spotify,3.6,0.83,No,8265,33,News,1.15,26,98.99,5,No,8.74,Multiple,Mexico
28187e62-ed8f-47a9-a2b1-e5145506b1c7,2025-10-27,CUST-770654,36,32,7,24.56,38,12:00-14:00,YouTube,24.31,0.67,No,0,48,Gaming,0.77,25,96.17,5,No,8.96,Multiple,N/A
2d080e2e-c397-4eae-ace0-3574140152ac,2026-03-14,CUST-367639,227,8,114,7.92,25,08:00-10:00,Spotify,85.62,0.68,No,0,28,Streaming,0.76,46,97.95,2,Yes,3.27,Multiple,N/A
47d6848a-d073-4f6b-b5fb-7e427ba0e0ed,2026-07-04,CUST-429662,230,37,29,4.33,42,08:00-10:00,Netflix,73.93,0.75,No,0,5,Productivity,1.07,57,98.88,3,Yes,2.61,Single,N/A
5653bcf4-7e98-4623-b591-ac108acf91a4,2025-12-28,CUST-493961,94,8,14,16.66,30,20:00-22:00,Netflix,25.06,0.72,No,0,59,Social,1.02,37,97.9,4,Yes,6.54,Single,N/A
3c16d103-dff8-492e-8e34-e8976a27fac8,2026-02-23,CUST-106636,210,36,67,47.28,20,08:00-10:00,YouTube,37.34,0.6,No,0,35,Streaming,1.79,47,96.31,2,No,9.96,Single,N/A
417a3f79-6813-42ca-a6e3-ff5cc1e6865f,2025-08-03,CUST-883254,112,5,196,26.73,45,12:00-14:00,None,43.54,0.47,No,0,7,Social,0.65,38,99.73,3,No,6.79,Single,N/A
da5fb1ce-0f79-4059-bf6e-b45b7ed9e84f,2025-10-11,CUST-270896,241,41,56,21.81,27,12:00-14:00,Netflix,76.85,0.74,No,0,38,Productivity,1.97,24,96.65,0,Yes,5.04,Single,N/A
be09c60e-8254-4c50-93b8-cc635fd89239,2025-11-19,CUST-500878,161,11,12,29.94,32,12:00-14:00,Netflix,51.92,0.75,No,0,57,Streaming,1,46,96.23,2,No,5.06,Single,N/A
218af16c-8067-4493-83c1-cb22c41cdbac,2025-08-02,CUST-576423,187,44,32,16.83,35,20:00-22:00,Netflix,14.78,0.78,No,0,31,Gaming,1.56,8,99.41,4,No,6.07,Single,N/A
21d6601c-be89-49d2-984e-215b665fd99e,2026-04-21,CUST-375357,147,6,181,48.5,20,20:00-22:00,None,68.01,0.19,No,0,19,Maps,0.67,47,99.85,0,Yes,8.31,Multiple,N/A
0c3f203f-d1f5-4b9e-81b7-6294c227abf1,2025-11-01,CUST-309562,258,43,77,33.97,23,08:00-10:00,Netflix,25.27,0.77,No,0,58,Social,0.69,52,95.62,2,No,4.53,Single,N/A
f0b8f37f-dbfe-4b92-9e34-2c0fc85d8b55,2025-09-16,CUST-904283,43,34,122,47.13,39,18:00-20:00,YouTube,24.11,0.43,No,2266,44,Productivity,1.87,58,96.66,5,Yes,6.72,Single,N/A
9387c78f-d870-4175-b881-4133bb243edc,2025-09-29,CUST-114414,280,38,11,31.47,40,08:00-10:00,YouTube,41.85,0.86,No,0,8,Maps,1.06,23,99.89,3,No,9.6,Single,Mexico
1edc394d-d492-4f76-b73a-02b47ca5347e,2026-04-22,CUST-511134,258,37,55,44.52,37,18:00-20:00,YouTube,24.17,0.45,No,5789,24,Streaming,0.81,14,97.05,4,No,4.62,Multiple,N/A
f6f88691-24b9-406c-b71e-de3ff8228e9f,2025-09-25,CUST-238813,108,44,127,25.79,15,08:00-10:00,Netflix,47.13,0.56,No,4781,3,Productivity,0.62,19,97.31,2,No,3.81,Multiple,N/A
2bb2333a-c9b9-48d7-9ff5-1d470814e3b4,2025-12-10,CUST-175444,155,42,68,11.57,47,20:00-22:00,None,25.91,0.23,No,7145,55,Social,1.8,52,99.28,2,Yes,8.12,Multiple,N/A
9066b0a7-e66e-4062-b66f-0c2906eecfc2,2026-02-17,CUST-547304,206,27,85,26.69,20,12:00-14:00,Spotify,14.74,0.4,No,0,21,Maps,1.38,39,96.64,4,No,5.38,Single,N/A
26e6fe5f-1f67-49db-a2f9-4ec269eb17b0,2025-12-10,CUST-730060,130,30,33,2.6,13,12:00-14:00,Spotify,39.56,0.89,Yes,6123,46,Social,1.47,30,95.46,4,No,5.5,Multiple,N/A
afca87ea-6bf5-4209-903e-9a7853898701,2026-03-31,CUST-908465,213,27,84,1.59,22,18:00-20:00,YouTube,37.55,0.21,No,0,23,News,1.35,28,97.54,3,No,9.61,Single,N/A
817b2a19-6c8c-4d30-83fd-497f7b000065,2025-11-03,CUST-913471,217,15,95,42.05,19,12:00-14:00,YouTube,43.1,0.62,No,0,46,Social,1.6,35,95.8,4,No,5.88,Single,N/A
4c040f31-262f-4b5f-825f-0be23bd5d64a,2026-02-21,CUST-617204,181,22,23,10.06,13,18:00-20:00,None,55.46,0.55,No,0,42,Maps,1.67,14,99.66,4,No,8.11,Multiple,N/A
0fbc7886-e3ba-4c84-8366-f79ccbab828d,2026-05-23,CUST-311866,104,46,62,15.78,39,20:00-22:00,Netflix,8.97,0.17,No,0,49,Streaming,0.8,52,99.87,0,No,5.63,Multiple,Canada
94916492-5ca7-4edc-8c4f-32a3b82bac9f,2026-05-29,CUST-379115,184,49,2,29.08,48,20:00-22:00,Spotify,54.16,0.62,Yes,0,34,Social,0.76,9,99.65,5,No,2.87,Single,N/A
7e151fdf-e0a7-4bf6-9aca-f87050c43e4c,2025-10-09,CUST-692263,74,8,12,45.25,26,20:00-22:00,Netflix,89.35,0.13,No,0,47,Productivity,0.84,9,96.07,2,Yes,6.6,Single,N/A
30fc84eb-7c17-43ed-bff9-eea3b726cd5e,2026-01-01,CUST-409193,208,11,35,20.12,35,20:00-22:00,Spotify,92.1,0.29,No,0,40,Streaming,0.85,48,98.37,1,No,0.74,Multiple,N/A
640b08a1-b9bb-4989-99eb-13b8e89025b4,2025-11-24,CUST-198191,193,20,104,37.67,43,08:00-10:00,None,70.21,0.67,No,0,28,Maps,1.61,19,95.8,4,No,2.93,Single,N/A
ef95aecf-b02d-4d63-84b3-07a24111dcf2,2026-06-08,CUST-695743,152,23,87,25.34,19,12:00-14:00,Spotify,61.41,0.25,No,0,37,Social,0.91,38,97.66,1,No,4.79,Multiple,N/A
e5a13e2b-339d-4fa6-a9df-3474593352a4,2026-03-23,CUST-745619,163,49,89,12.59,20,20:00-22:00,Spotify,75.87,0.84,No,0,13,Maps,1.07,18,98.75,3,No,0.71,Multiple,N/A
4cead9ce-94ca-482b-abda-21b2dedbc8cf,2026-07-07,CUST-624176,171,34,131,10.14,49,20:00-22:00,Spotify,95.49,0.43,Yes,0,49,News,0.63,50,99.74,5,No,5.77,Single,N/A
264bcd93-2ffe-49ab-abb1-4998cde58487,2025-11-10,CUST-708122,287,46,135,43.95,15,18:00-20:00,Netflix,88.28,0.6,Yes,0,13,Productivity,1.86,51,95.29,0,No,1.26,Single,N/A
cd6e6ed5-5c77-4a8c-864c-073f68806b1a,2025-09-05,CUST-352330,154,5,82,11.37,38,12:00-14:00,Spotify,27.31,0.69,No,0,19,Productivity,0.99,49,99.61,2,No,1.42,Multiple,N/A
0e5ea035-78c0-45a8-8cdd-28d1413bc3f9,2025-08-17,CUST-349639,140,8,101,15.66,43,20:00-22:00,None,89.11,0.65,No,0,3,Streaming,1.36,7,98.03,4,No,2,Single,N/A
4fc1ae2f-6ea4-4d0f-985d-f29dd4079486,2025-11-24,CUST-434478,212,25,71,47.04,36,08:00-10:00,Spotify,86.83,0.74,Yes,0,9,Gaming,1.7,40,97.89,5,Yes,2.26,Single,N/A
c225dac4-7c7c-4240-9143-4d0a5972b98f,2026-06-15,CUST-510061,43,33,66,24.87,18,18:00-20:00,Netflix,17.75,0.22,No,0,22,Maps,0.61,25,96.9,1,No,6.29,Multiple,N/A
1f28fac1-8c86-412e-a473-ed895f757908,2026-07-08,CUST-624443,106,19,7,16.22,26,20:00-22:00,Spotify,6.49,0.62,No,0,43,Gaming,0.84,55,98.43,1,No,9.06,Single,N/A
cf130a09-3926-4719-b0a4-db398e393a42,2026-05-24,CUST-940703,23,36,114,33.65,22,18:00-20:00,None,56.16,0.8,No,1707,42,News,1.06,45,98.3,3,No,4.91,Multiple,N/A
2cfb227f-476c-499a-9237-f1d024f77d84,2026-02-01,CUST-641238,224,36,40,28.71,35,08:00-10:00,Spotify,32.22,0.1,No,0,58,Productivity,1.87,16,97.15,2,No,2.98,Multiple,N/A
b43e8ab9-252e-4f3e-8e05-c475f1fc0092,2025-09-15,CUST-135521,189,34,117,31.22,36,08:00-10:00,YouTube,4.99,0.46,No,0,41,Social,0.64,8,98.46,3,Yes,9.67,Single,N/A
33c7757d-c3b3-4d4c-8d68-d04d338dc417,2026-02-05,CUST-610194,92,17,130,38.36,19,08:00-10:00,None,43.29,0.89,No,0,5,Productivity,1.21,42,95.16,3,Yes,6.86,Multiple,N/A
91f17ee6-d4d5-479d-8f62-1497f26d4794,2026-05-15,CUST-544307,82,2,191,0.67,29,08:00-10:00,YouTube,72.39,0.48,No,0,21,Social,1.43,12,99.6,3,No,9.36,Single,N/A
8b2e48a4-4c0e-4e3f-9b53-69110498e708,2026-06-25,CUST-293100,170,25,32,20.66,27,18:00-20:00,Spotify,34.89,0.71,No,0,0,Social,1.85,5,95.06,5,No,6.82,Single,N/A
7100efab-29d1-46e1-b25d-247c172c29f8,2026-02-27,CUST-695749,169,10,144,0.43,46,12:00-14:00,Spotify,25.1,0.78,Yes,0,26,Social,1.32,47,99.46,1,Yes,1.28,Multiple,N/A
d2d12ac2-c567-4a5d-9411-ef5fda8c5123,2025-11-19,CUST-844459,61,32,115,3,26,18:00-20:00,None,98.03,0.2,No,0,27,Gaming,1.41,32,96.73,1,Yes,7.5,Multiple,N/A
7d976f05-958f-4074-a48f-97563077f8f9,2026-01-16,CUST-689837,38,43,105,46.64,37,20:00-22:00,Netflix,94.25,0.57,No,0,35,Gaming,1.91,55,99.4,5,No,5.07,Single,N/A
d8313920-edf2-46d5-9e41-b73eda4a3c44,2025-10-10,CUST-379229,174,8,150,15.3,41,08:00-10:00,Spotify,87.7,0.42,No,0,37,Maps,0.71,50,97.18,2,No,7.15,Multiple,N/A
b63b2093-cdd4-49bc-b5ac-2a15d9eb5fd4,2025-11-16,CUST-946563,45,46,38,46.6,43,12:00-14:00,YouTube,61.3,0.32,No,0,16,Streaming,1.45,35,96.99,4,Yes,4.13,Multiple,N/A
cf9ee2f1-a89b-4cbb-916b-82c76c591cff,2025-09-24,CUST-303526,34,20,158,13.82,33,12:00-14:00,None,9.43,0.89,No,0,33,Social,1.01,10,99.22,1,Yes,0.8,Multiple,N/A
0121b0a2-4167-4fb6-ad19-e3d434ef0a0d,2025-07-27,CUST-170389,243,9,14,23.41,29,18:00-20:00,None,43.04,0.15,No,0,46,Maps,1.43,31,97.85,1,Yes,1.53,Multiple,N/A
3fd83358-12e1-4980-99e0-5292d61ccdd2,2026-02-27,CUST-609365,67,36,49,29.53,49,08:00-10:00,YouTube,46.22,0.4,Yes,0,44,Social,1.46,21,95.77,3,Yes,8.05,Single,Japan
ccea35d1-5352-4941-9ae7-8174669c73ff,2025-08-14,CUST-673490,15,13,160,23.39,9,20:00-22:00,Spotify,17.85,0.51,No,0,21,Productivity,1.04,9,95.72,0,No,1.19,Single,N/A
ed73f8e3-b383-4d50-ac68-c45f8008eb20,2026-03-11,CUST-885648,108,38,71,30.42,27,12:00-14:00,Spotify,98.67,0.53,No,0,8,News,0.7,47,96.73,1,No,2.96,Single,N/A
daab090e-a7a7-4ab3-8ee4-2e26a1f36fe6,2026-02-01,CUST-759196,72,43,121,45.39,19,08:00-10:00,YouTube,42.87,0.44,No,0,15,Productivity,1.25,21,96.81,3,No,8.36,Multiple,N/A
58ce5834-567c-4262-af4c-389102a13f56,2026-07-06,CUST-616512,256,9,19,35.97,18,08:00-10:00,YouTube,72.09,0.85,No,0,7,News,1.4,18,99.94,1,Yes,4.97,Multiple,N/A
0469a372-529e-4cea-b3be-5362c3158348,2025-11-19,CUST-202990,102,3,65,4.9,19,12:00-14:00,Netflix,50.6,0.25,No,0,49,Maps,1.1,7,97.16,2,No,8.86,Single,N/A
4b20d2f4-34b2-404e-9728-0ac188dada9c,2025-11-06,CUST-934449,282,14,29,35.32,20,12:00-14:00,Spotify,61.78,0.7,Yes,6647,28,Maps,1.9,32,98.25,0,No,3.9,Single,N/A
ceaf9e03-637d-4ca7-8769-e51916f36721,2026-03-10,CUST-191066,215,44,158,14.46,38,18:00-20:00,Spotify,72.91,0.59,No,0,3,Maps,0.92,36,99.59,4,No,7.88,Single,N/A
0bc7b95c-c0ef-4e25-b223-11f15c482fe8,2026-02-22,CUST-707316,64,48,185,26.75,42,18:00-20:00,Spotify,38.18,0.29,No,0,13,Gaming,1.08,21,97.66,3,No,7.55,Single,France
0a826051-81b1-4e9c-9f5f-38992b970617,2026-03-01,CUST-799460,64,15,65,21.04,43,12:00-14:00,YouTube,80.66,0.5,No,0,48,Maps,1.21,53,96.24,4,No,0.69,Single,N/A
f9f2c4bc-960d-4867-bd8b-7b671107840b,2025-09-20,CUST-766295,84,4,152,30.6,26,12:00-14:00,Spotify,35.29,0.47,No,0,48,Social,1.34,48,96.24,2,No,7.1,Multiple,Japan
366a2768-f5cf-45f2-a8e2-0641ec21f5f9,2026-06-14,CUST-378806,54,20,15,21.02,38,18:00-20:00,YouTube,99.72,0.12,No,0,28,News,0.98,30,99.71,4,Yes,0.18,Multiple,N/A
ada7b53b-418b-4986-8113-f4cb6b9db3b9,2025-12-31,CUST-706871,18,21,81,7.01,34,08:00-10:00,Spotify,3.65,0.7,Yes,0,11,Social,1.28,55,95.9,5,No,1.54,Single,N/A
7feb4c67-4f64-4057-81cc-84f32e24b39b,2025-07-30,CUST-932198,243,6,95,24.03,22,12:00-14:00,None,7.1,0.31,No,0,2,Gaming,1.32,43,95.62,5,No,7.64,Multiple,N/A
18200f6a-1ad5-499a-a6d0-cbd77e0f8875,2026-05-21,CUST-802437,24,44,195,27.45,48,18:00-20:00,None,84.72,0.51,No,0,51,Gaming,1.76,41,99.42,1,Yes,4.86,Single,UK
a82870cf-4363-410f-b4d0-9ccdeb4ddfe8,2025-10-18,CUST-371615,274,46,9,46.01,36,20:00-22:00,None,47.9,0.22,No,0,23,Maps,0.91,8,95.5,1,No,2.24,Multiple,N/A
26648b79-d446-41c2-9150-ffbbe4f1bd89,2026-02-14,CUST-987874,127,39,10,14.17,44,18:00-20:00,None,89.41,0.82,No,0,59,Streaming,1.55,30,96.37,2,No,9.03,Multiple,N/A
fc29a683-d47e-4358-b24c-1a73d8fc8ed7,2025-10-15,CUST-397925,49,7,177,9.29,43,08:00-10:00,YouTube,87.82,0.37,No,0,5,Productivity,1.29,43,96.19,3,No,9.2,Multiple,N/A
81382e4d-ca49-47e3-841f-ceacdcaf5890,2025-10-20,CUST-378095,223,9,63,32.14,9,12:00-14:00,None,75.44,0.75,No,0,12,Gaming,0.99,47,98.21,0,Yes,8.49,Single,N/A
7d7a1e74-fc7e-4d77-8e2b-28f89ca51cba,2025-08-28,CUST-329432,177,16,2,6.91,18,08:00-10:00,None,36.27,0.6,No,0,10,News,1.09,21,95.02,3,No,0.11,Single,N/A
0079ec09-6c29-47e5-ad33-8bd6dd53fb9e,2026-07-14,CUST-301050,100,2,194,8.43,37,08:00-10:00,None,20.35,0.17,No,0,45,News,1.79,11,97.94,3,Yes,6.65,Multiple,N/A
dd466bd1-b9fc-43cf-aa4d-72690a3efb91,2026-04-07,CUST-288486,107,5,167,5.82,16,12:00-14:00,Spotify,69.12,0.33,No,0,34,Maps,1.46,13,97.39,0,Yes,8.47,Multiple,N/A
e35bf0dc-18f4-46ad-98cc-74f48ffe8aee,2025-10-06,CUST-341225,176,6,107,18.4,30,08:00-10:00,YouTube,36.35,0.78,No,0,14,Productivity,0.68,33,96.67,2,No,0.68,Single,N/A
4f94dce7-8f16-489e-88b1-4b673fc9340c,2026-02-04,CUST-104818,90,37,68,42.37,25,18:00-20:00,None,69.83,0.65,Yes,0,49,Streaming,1.21,33,96.71,1,No,6.94,Single,N/A
9a0431f3-aaf4-4345-97dc-0184504d4e7a,2026-03-31,CUST-984767,156,48,104,31.91,26,20:00-22:00,Netflix,85.5,0.76,No,0,35,Productivity,1.76,19,98.68,0,No,6.39,Single,N/A
a758f000-c15e-44d0-956a-c75b1fe3105a,2026-02-05,CUST-533436,37,35,87,24.64,49,18:00-20:00,Spotify,14.78,0.17,Yes,0,42,Maps,1.42,33,96.94,3,No,6.9,Single,N/A
600ec3cc-69b7-4797-8038-c3830f2a1956,2026-02-19,CUST-268602,203,1,143,44.74,13,12:00-14:00,None,36.92,0.27,No,0,27,News,0.87,40,98.5,3,No,0.98,Single,N/A
9d940fd8-bdbd-4f61-97c7-3867e8e38b5f,2026-05-15,CUST-566190,69,10,179,21.76,25,20:00-22:00,Netflix,2.94,0.5,No,0,42,Gaming,0.91,17,99.47,3,Yes,1.1,Multiple,N/A
9efb9720-d3bd-44d5-93ee-f779d321ac96,2025-07-31,CUST-110980,55,25,30,29.16,18,18:00-20:00,YouTube,10.25,0.68,No,0,49,Productivity,1.18,48,95.59,3,Yes,3.87,Multiple,N/A
1e1f949c-626b-4ee2-b295-8fa4719876a4,2026-02-24,CUST-761684,11,7,119,25.96,43,12:00-14:00,None,43.9,0.3,Yes,5785,47,Gaming,0.82,6,95.51,2,Yes,4.57,Single,N/A
91b55c8e-514d-4cbe-b2fe-2e900aacb280,2026-04-18,CUST-898240,258,17,136,36.47,50,08:00-10:00,Spotify,35.07,0.2,No,0,36,Social,0.85,10,96.63,4,Yes,6.94,Single,N/A
ca2e4b07-2ed0-4677-8183-7dd5277436af,2026-03-14,CUST-704054,276,30,84,19.86,35,08:00-10:00,None,16.93,0.24,No,5731,27,Productivity,1.4,54,99.87,1,No,7.81,Single,USA
43a8360c-d87a-4395-bec1-8b816aa9ef1c,2025-08-22,CUST-579632,151,29,138,40.01,28,18:00-20:00,Spotify,40.04,0.28,No,2612,24,Maps,0.9,11,98.79,5,No,1.3,Multiple,N/A
aa266122-ad41-42bb-ade7-046afbea248f,2026-07-16,CUST-118483,266,2,127,43.08,36,18:00-20:00,None,61.66,0.66,No,0,26,Maps,0.55,44,95.6,4,No,7.33,Single,Japan
f3a9b9cf-30da-4b5c-ab6c-272da63cf8e8,2026-04-21,CUST-392705,43,22,0,24.36,26,20:00-22:00,None,34.95,0.44,No,0,47,Streaming,1.36,24,96.34,4,Yes,5.4,Multiple,N/A
d1c8e316-c06c-4a05-9c10-71e57ad1907f,2025-08-06,CUST-765644,139,22,19,28.72,6,20:00-22:00,YouTube,13.96,0.56,No,6162,26,Streaming,1.88,6,97.81,1,No,6.82,Single,N/A
fe7c8ff8-57bd-4382-8a67-97905a2a9c00,2026-03-16,CUST-231936,56,13,28,1.52,25,18:00-20:00,Spotify,3.12,0.46,No,0,24,Maps,1.82,50,97.75,1,No,4.51,Single,N/A
807ef900-12d1-426c-9eae-b14b8de5d0ce,2026-04-30,CUST-360663,20,38,79,27.89,23,12:00-14:00,YouTube,63.9,0.19,No,0,32,Maps,0.77,6,98.2,4,No,1.7,Single,N/A
0f378910-d057-4826-8f28-1a4def066d1c,2026-07-11,CUST-439061,234,41,44,35.33,29,12:00-14:00,Spotify,13.41,0.81,No,0,15,Streaming,0.92,23,95.36,0,Yes,3.51,Multiple,N/A
fdfc48e0-3b5e-49c7-bbf4-3c4eabce8367,2025-09-01,CUST-200829,187,27,150,10.06,31,12:00-14:00,None,69.47,0.49,Yes,1315,17,Social,1.58,48,95.79,0,No,5.19,Multiple,N/A
df37098f-a516-42ba-8d76-59c4de72a8a9,2025-12-16,CUST-150209,254,3,20,1.29,16,08:00-10:00,YouTube,85.28,0.84,No,0,56,News,0.57,43,95.72,1,No,9.36,Single,UK
38523b7d-e699-41d3-9e2a-a14f9aac3bec,2025-12-14,CUST-795266,297,29,38,34.04,6,08:00-10:00,None,94.9,0.3,No,5120,49,Productivity,1.61,57,99.62,0,No,6.85,Multiple,N/A
1c0f59cf-d018-44c9-81e1-34847acc5fdd,2026-03-03,CUST-508245,162,34,1,34.15,9,08:00-10:00,None,75.57,0.25,No,2993,40,Maps,1.86,57,97.52,4,No,6.98,Multiple,N/A
956f3d0b-866e-4d06-9f14-93cacbd69155,2025-10-26,CUST-548703,117,20,154,8.79,17,08:00-10:00,None,86.08,0.17,No,0,48,Maps,0.6,58,99.56,4,Yes,5.52,Multiple,Mexico
f10e280b-1d5e-40ac-b8b6-62dd3c275255,2025-09-07,CUST-975169,60,38,27,15.24,14,18:00-20:00,None,17.24,0.2,No,0,31,Streaming,0.96,42,95.03,1,Yes,1.75,Single,N/A
1238b461-a386-414f-a4e9-3aacc176644b,2025-10-04,CUST-386127,7,19,61,35.75,40,08:00-10:00,Netflix,26.53,0.86,No,0,50,News,1.51,8,98.82,0,No,7.89,Single,N/A
4ecc8c99-774a-41ad-ac8e-b3a6939a014c,2025-11-07,CUST-739653,269,30,119,10.25,32,08:00-10:00,Spotify,7.47,0.13,Yes,0,58,Streaming,1.63,34,97.55,5,No,7.74,Single,N/A
039267cd-b710-486f-91e4-e378b6ba9322,2025-08-26,CUST-954117,9,42,39,39.44,23,20:00-22:00,Netflix,51.25,0.82,No,0,34,Social,1.38,58,98.79,3,No,5.89,Single,N/A
12a92fc4-1a44-421a-a2b7-0bfb030e8840,2026-01-24,CUST-580269,159,37,48,18.7,28,12:00-14:00,Spotify,88.53,0.36,No,0,29,Gaming,0.65,23,98.4,1,Yes,7.32,Multiple,N/A
5477c2e9-1a42-4335-836e-dc9a95066aee,2025-09-11,CUST-971280,227,18,40,29.39,30,12:00-14:00,YouTube,63.85,0.27,No,0,29,Streaming,1.45,37,96.49,3,No,7.27,Single,N/A
782777e9-7647-4498-9659-28b95dee5f39,2026-07-02,CUST-774065,224,23,41,5.28,26,20:00-22:00,Netflix,44.93,0.43,Yes,0,37,News,1.49,56,96.07,1,No,5.6,Single,N/A
35f08f23-f7fb-431f-a1fd-dc00078b57fc,2026-06-04,CUST-293403,197,38,122,34.27,44,08:00-10:00,YouTube,70.67,0.32,No,0,15,Social,1.39,19,96.74,3,Yes,6.04,Single,N/A
7d293de4-d9f9-48ca-aa18-87cabf115474,2026-06-25,CUST-141317,242,11,70,12.51,43,12:00-14:00,Netflix,88.53,0.51,No,0,10,News,0.61,51,96.03,4,No,8.73,Multiple,N/A
800630dd-b1c0-4ce7-b2d3-14fb2b23429a,2026-02-03,CUST-764596,25,30,146,18.59,31,18:00-20:00,Spotify,95.5,0.57,No,4169,13,Maps,0.59,15,99.73,3,No,4.86,Multiple,N/A
7026c091-e89a-44a2-938d-3fc7c3c0324e,2026-02-28,CUST-699600,118,26,56,18.69,46,12:00-14:00,None,49.36,0.39,No,4552,30,Social,1.81,6,97.04,4,No,6.54,Multiple,N/A
e1af9725-ce2e-47fb-864b-14a79bc1572e,2025-09-24,CUST-759311,73,22,149,18.43,19,20:00-22:00,None,97.46,0.47,No,0,47,Social,1.19,33,98.51,2,No,7.86,Single,N/A
90919b81-52fa-42bc-b83b-54706c7e7ca7,2026-01-14,CUST-523825,240,37,155,0.98,16,12:00-14:00,YouTube,11.69,0.34,No,0,6,Maps,1.42,25,97.3,3,No,6.8,Multiple,N/A
5e29a09a-a896-4a73-b438-b6e6cf4811e9,2026-05-25,CUST-619295,36,15,190,47.83,22,18:00-20:00,None,44.29,0.17,No,0,55,Maps,1.28,19,97.58,5,No,1.03,Multiple,N/A
eb7ecea9-af4b-4997-96ad-ee0f17af5fd9,2025-08-15,CUST-323401,38,5,35,39.66,29,18:00-20:00,None,13.13,0.25,Yes,0,13,Productivity,1.12,36,96.39,4,Yes,3.32,Single,N/A
17ea4cea-af2d-46b5-8b93-59be255c8838,2025-09-10,CUST-890730,122,40,80,7.15,46,08:00-10:00,Netflix,16.79,0.29,No,0,33,Social,1.6,12,97.73,4,Yes,3.57,Single,N/A
55f28dc7-72d1-4f52-8bc9-e0adea6580a2,2025-08-29,CUST-274339,88,34,136,40.78,44,08:00-10:00,None,52.4,0.17,No,0,13,Streaming,1.63,14,96.43,3,Yes,1.08,Multiple,N/A
d47d4938-bf02-487d-bf7b-9a8ca038bc46,2025-10-01,CUST-248288,259,17,90,46.42,16,08:00-10:00,Netflix,49.06,0.48,No,0,17,Streaming,1.73,20,95.4,2,No,8.66,Single,N/A
70035d26-32a6-4a7a-b82b-4835101c9fd3,2026-04-22,CUST-869640,75,19,71,21.18,13,08:00-10:00,Spotify,19.04,0.53,No,0,37,Gaming,1.73,31,98.3,3,No,9.91,Multiple,N/A
b6388ba8-7539-4f4e-b283-2973101d9d7a,2026-02-04,CUST-251247,23,35,107,0.83,44,12:00-14:00,Spotify,77.58,0.37,No,0,38,Streaming,0.72,44,98.49,3,No,6.56,Multiple,N/A
7db740b8-5cf0-494c-b165-14b8b0346a05,2026-01-15,CUST-904599,152,44,6,24.4,29,18:00-20:00,Netflix,42.1,0.34,No,0,12,Social,1.37,27,95.19,1,No,4.91,Single,Canada
ea98c804-21d9-4e67-b254-fe0ae0751a5c,2026-03-04,CUST-916947,117,45,128,9.17,42,18:00-20:00,YouTube,32.66,0.22,Yes,458,55,News,1.5,21,95.81,4,No,2.61,Multiple,Japan
5f2fe246-ee32-4ef4-80a3-12af4665eaf5,2026-07-07,CUST-450411,295,25,167,34.69,47,08:00-10:00,Spotify,88.04,0.84,Yes,0,52,Productivity,0.88,44,96.64,2,No,6.31,Single,N/A
7a3fd1ea-5c13-43b5-b4d1-179fa5ede316,2026-05-17,CUST-349036,219,33,25,25.63,21,12:00-14:00,Spotify,59.88,0.44,No,0,51,Productivity,1.06,37,97.12,0,No,8.35,Single,N/A
ed9a4bf6-9240-4824-896e-85fcfbc3fed6,2026-07-14,CUST-288750,125,43,65,9.54,28,12:00-14:00,YouTube,65.91,0.8,Yes,0,0,Productivity,1.22,45,98.79,3,No,4.03,Single,N/A
f63bade9-77bd-44ae-bab0-6a7c79108358,2025-09-01,CUST-227629,147,18,118,18.97,13,20:00-22:00,None,60.32,0.9,No,0,31,Social,1.42,35,97.39,3,No,2.34,Single,N/A
1481ce03-6a37-42ed-b011-67ef971a1aab,2026-04-04,CUST-678308,161,36,166,6.19,16,12:00-14:00,YouTube,48.21,0.21,No,0,34,Social,0.98,57,95.44,0,No,3.84,Single,N/A
4ac97a2e-7cf4-4e02-9399-f16863d420b5,2025-10-10,CUST-717678,240,9,13,45.12,39,20:00-22:00,None,70.4,0.78,No,405,44,Maps,1.86,49,95.56,5,Yes,8.75,Single,N/A
eb5834e4-9e45-45f1-b771-16d36ecbbef6,2026-05-20,CUST-338880,52,45,32,10,10,08:00-10:00,None,83.37,0.38,No,0,7,News,1.26,15,95.06,4,No,8.83,Single,N/A
737827fd-5556-497d-929a-928cdeba6a77,2026-06-21,CUST-579657,148,22,56,9.05,14,12:00-14:00,None,8.67,0.55,No,0,30,Streaming,1.68,6,97.78,4,No,8.65,Single,N/A
a6754305-d1ac-4f0b-bf42-925fc510532e,2026-01-26,CUST-301936,23,16,34,23.35,41,20:00-22:00,YouTube,16.44,0.64,No,0,18,Social,1.19,58,97.01,5,Yes,9.52,Single,N/A
b07a544d-caa1-4735-8ac1-2839fefa79c5,2026-03-02,CUST-763668,8,49,47,15.12,20,18:00-20:00,Netflix,64.49,0.68,No,0,39,Social,1.2,39,97.18,2,No,1.73,Single,N/A
4e5a97cd-0972-4a48-990d-c76060e8638a,2026-04-23,CUST-637123,75,49,75,47.77,43,18:00-20:00,Spotify,91.84,0.47,No,4788,35,Streaming,0.68,6,97.53,2,Yes,2.63,Single,N/A
998dd86b-3a11-4b2e-8c66-df6cf3158c31,2026-02-26,CUST-646467,224,24,115,14.92,31,18:00-20:00,YouTube,29.69,0.65,Yes,0,16,Productivity,1.11,52,96.35,3,No,2.73,Multiple,N/A
06957759-4e01-45c2-ab4e-b2725e3675a0,2025-12-29,CUST-130798,26,8,94,13.77,23,08:00-10:00,YouTube,22.1,0.43,No,0,39,Gaming,1.71,57,96.83,2,No,5.9,Single,N/A
efe11dad-a3a6-4f3b-863a-05fd390cc92a,2025-10-12,CUST-752652,98,3,44,13.02,32,20:00-22:00,Netflix,87.02,0.81,Yes,0,49,Productivity,1.96,11,96.9,2,No,6.25,Single,N/A
3ec814d6-ddc4-4776-bc09-9f95d6f0ea11,2026-06-03,CUST-157258,214,13,131,23.47,40,18:00-20:00,YouTube,24.79,0.13,No,0,45,Maps,1.02,38,99.59,3,No,5.34,Single,N/A
9005bb0e-695f-4057-ab08-dddebe097b7d,2025-08-10,CUST-975613,110,38,20,30.28,44,12:00-14:00,YouTube,44.51,0.15,No,8012,30,Social,0.77,59,99.69,4,No,6.83,Single,N/A
9d44f599-d9ba-4d93-9e65-a5739fbd9af3,2025-12-26,CUST-526364,57,6,32,38.36,30,08:00-10:00,YouTube,14,0.79,Yes,0,28,Gaming,1.72,50,95.17,4,No,8.9,Multiple,N/A
ea5d83fa-4b69-4ca0-91c8-9d5f17990db4,2025-11-29,CUST-116026,228,37,162,20.43,49,12:00-14:00,YouTube,53.48,0.7,No,1517,51,Streaming,0.91,34,97.04,2,No,0.04,Single,N/A
f1093366-ff19-4dd5-8beb-f47d843bcb76,2026-02-24,CUST-561460,95,48,126,8.1,48,12:00-14:00,Netflix,10.24,0.75,No,0,32,News,1.43,23,99.52,2,No,4.82,Single,N/A
07b85b7c-8cd8-459e-a6ec-c53bf0011e0d,2026-07-22,CUST-214706,30,15,94,24.5,17,12:00-14:00,Spotify,37.22,0.24,No,0,27,Productivity,0.86,26,99.47,1,No,3.18,Single,N/A
bb1c5267-9c8f-4a51-ab85-600c4dede23c,2025-08-03,CUST-250545,262,44,84,16.64,8,12:00-14:00,None,28.32,0.54,Yes,6870,47,Gaming,0.99,36,95.59,4,No,7,Single,France
2f3ecb5c-11bf-447c-8940-66c982e78e2a,2025-10-17,CUST-892769,14,20,110,45.64,21,12:00-14:00,None,16.57,0.25,No,0,34,Maps,1.06,46,95.91,0,Yes,5.6,Multiple,N/A
db1b9fa0-4ab9-4fc5-8080-d1ecbbb49d36,2026-02-04,CUST-944888,128,49,108,19.31,24,20:00-22:00,Spotify,54.2,0.62,No,0,3,Social,1.67,39,99.89,4,Yes,3.91,Multiple,N/A
b93db3e8-59b2-44c6-b9a3-34fc3136c81d,2026-04-06,CUST-557813,17,49,182,27.67,9,08:00-10:00,Spotify,38.22,0.33,No,0,30,Social,1.52,41,96.77,5,No,4.8,Single,N/A
928f12f5-6a07-4204-82fe-67a3acd50caa,2025-12-13,CUST-964644,91,20,50,6.01,34,12:00-14:00,Netflix,73.08,0.21,No,0,34,Productivity,1.41,8,96.38,5,Yes,6.71,Single,N/A
78e15543-2c8e-4973-818e-8b8610a7501d,2026-07-12,CUST-665985,72,6,2,20.49,23,12:00-14:00,None,0.35,0.68,No,0,18,News,1.64,9,96.08,0,No,0.05,Single,N/A
c5e7796a-22f0-441a-8a05-efb0536a778b,2026-02-16,CUST-944268,258,33,187,2.45,5,18:00-20:00,Spotify,90.79,0.29,No,0,49,News,1.53,22,96.48,0,No,7.41,Single,N/A
1200f1b2-8695-46b2-b1b8-b23884cf4a37,2026-04-02,CUST-427350,170,11,11,13.84,21,08:00-10:00,YouTube,34.35,0.33,No,0,59,Productivity,1.33,39,98.98,1,No,6.22,Single,N/A
9027d586-0e35-43a9-a885-569b3315bb54,2026-07-02,CUST-342555,38,21,98,39.23,44,20:00-22:00,YouTube,1.08,0.18,No,0,11,News,1.88,44,96.2,1,Yes,2.88,Single,N/A
cf4c111c-2221-4c8b-bb76-f3246e89bff2,2026-03-24,CUST-352753,42,21,123,8.6,46,08:00-10:00,Spotify,30.45,0.78,No,0,26,Streaming,1.08,30,98.49,3,No,9.11,Single,N/A
2fdd9c6e-6cd5-4879-abbd-f45dfe6f89dc,2025-12-19,CUST-254098,234,36,11,38.52,38,12:00-14:00,None,74.74,0.12,No,0,18,News,0.87,9,98.24,3,Yes,0.52,Multiple,N/A
0b43f0fa-3c6a-434a-9cf1-3007e6c875f6,2025-10-15,CUST-636664,211,28,129,8.38,46,08:00-10:00,YouTube,88.28,0.56,No,0,16,Gaming,1.33,42,97.43,5,Yes,9.04,Multiple,N/A
ad5f0230-77cd-49dc-9257-0d781f071cf7,2025-12-20,CUST-790193,227,41,155,5.92,19,08:00-10:00,Netflix,95.34,0.46,No,0,36,Social,1.3,27,97.38,4,No,8.88,Multiple,N/A
3e13fc8d-9f25-46f1-ace3-fc7e9bc6c952,2025-11-22,CUST-327526,163,46,61,43.17,25,20:00-22:00,Netflix,49.96,0.67,No,9639,11,Productivity,1.68,23,95.59,4,Yes,7.49,Multiple,N/A
1bb23e8d-9368-4545-9518-197eeeb53be8,2025-12-05,CUST-210123,143,36,131,40.25,24,12:00-14:00,Spotify,16.23,0.34,No,3462,56,Gaming,1.37,6,95.75,5,No,4.92,Multiple,N/A
5d3f0032-e5f3-40f5-a122-252a4ab44a3f,2026-06-05,CUST-153108,230,4,166,15.43,50,20:00-22:00,Netflix,81.2,0.41,Yes,0,18,Gaming,1.19,28,98.46,5,Yes,2.15,Multiple,Germany
61460883-983e-4e5b-a7ce-eab24b593c67,2025-12-29,CUST-738137,200,22,133,4.98,42,12:00-14:00,Netflix,10.77,0.2,No,0,35,Streaming,1.01,54,96.37,1,No,9.78,Multiple,N/A
9df2fc55-7b37-4444-8a34-c4c459951943,2026-07-09,CUST-242118,220,48,113,22.54,19,20:00-22:00,Spotify,66.28,0.56,No,388,4,Maps,1.59,28,98.42,2,Yes,9.61,Single,N/A
4236f10e-4f38-4aea-bb37-62e4fdf38ffc,2025-12-14,CUST-300502,271,31,194,11.41,14,20:00-22:00,None,1.62,0.52,No,2502,56,Social,1.59,47,97.07,3,Yes,4.49,Single,N/A
4a89e2eb-0073-4ca7-bb99-1ac0024fd830,2026-07-20,CUST-597878,189,50,106,25.54,30,12:00-14:00,YouTube,78.89,0.79,No,0,47,News,1.32,43,95.94,2,Yes,6.93,Single,N/A
2b0ce600-9797-4221-b443-cbe7468cb1aa,2026-03-20,CUST-207782,288,50,146,0.85,27,12:00-14:00,Spotify,50.53,0.1,No,0,14,Streaming,0.7,47,96.28,0,No,4.64,Single,N/A
daf52655-4b22-4a2a-9f12-45eb22dfdf9e,2026-06-24,CUST-641112,245,18,49,26.3,9,12:00-14:00,YouTube,77,0.39,Yes,0,1,Maps,0.9,8,95.69,2,No,7.22,Multiple,N/A
6341acac-917f-4659-8497-0420f0a52ffa,2026-05-08,CUST-744791,194,15,108,41.59,23,08:00-10:00,Spotify,10.68,0.26,Yes,3216,23,Maps,0.63,31,98.75,2,Yes,9.15,Single,N/A
a070e5f5-4acc-4e25-93b7-7316c22830ba,2025-10-19,CUST-633292,261,9,48,31.35,16,08:00-10:00,Spotify,54.14,0.68,No,4579,46,Maps,1.67,41,99.23,1,No,3.82,Single,N/A
5d54024c-f9de-40ef-bb4f-3263412f265c,2025-12-09,CUST-232548,138,14,49,15.19,29,20:00-22:00,YouTube,25.02,0.33,No,0,15,Social,1.28,18,99.11,1,No,9.43,Single,N/A
2513b2d3-f55c-4ed0-a723-d2b573c954f6,2026-01-14,CUST-305314,166,7,168,31.93,48,20:00-22:00,None,0.11,0.33,No,0,20,Productivity,0.81,24,97.06,4,Yes,9.4,Multiple,N/A
1dd8a039-8ace-48b2-8521-b56e012b11dc,2026-03-01,CUST-262810,35,39,196,45.52,37,08:00-10:00,YouTube,73.9,0.37,No,8013,19,Gaming,1.79,59,95.82,5,Yes,6.69,Single,N/A
826b49af-440b-4e6b-9b62-dd12c9071da3,2026-02-10,CUST-751707,59,6,191,37.86,19,18:00-20:00,YouTube,65.01,0.75,No,0,39,News,1.01,17,95.18,1,Yes,9.96,Single,N/A
4406976d-aa72-422e-9126-63349bfbef30,2026-03-19,CUST-562556,132,27,136,35.96,18,12:00-14:00,Spotify,22.25,0.71,No,6917,48,Productivity,1.44,7,96.25,4,Yes,9.46,Multiple,N/A
5873abe2-4d71-479d-a1f6-1d454cdb1e18,2025-10-23,CUST-969251,61,35,29,5.6,44,12:00-14:00,Netflix,73.13,0.64,No,0,22,Streaming,1.57,20,97.17,2,Yes,6.63,Single,N/A
7f2d20ec-90c5-4800-a0d2-ba84533aef5e,2026-06-21,CUST-570111,153,48,155,12.46,16,18:00-20:00,Spotify,26.39,0.69,No,0,41,Streaming,1.36,49,97.24,4,No,0.04,Multiple,N/A
ad1a0f7d-2957-4e37-9fcc-1898bc09a9c4,2026-03-27,CUST-227392,219,3,173,12.49,40,18:00-20:00,Netflix,36.03,0.6,No,4299,52,Social,1.58,19,97.55,1,No,3.25,Single,N/A
5e2c8e44-32fe-4cb1-81b0-3bd2b6550828,2026-07-14,CUST-105995,104,26,77,24.63,38,20:00-22:00,None,65.22,0.73,No,0,13,Maps,1.34,20,96.14,2,No,2.35,Single,N/A
e8e928b3-da0a-4e42-bd0f-d0edbba8fb5a,2026-05-09,CUST-420888,38,13,29,6.95,6,18:00-20:00,Spotify,7.52,0.76,No,0,11,Social,1.32,53,96.71,1,No,5.72,Single,N/A
d6278920-cf22-4e2c-aad8-03ab348790e2,2026-07-16,CUST-391079,140,32,198,17.02,30,18:00-20:00,Netflix,73.54,0.35,No,1769,45,Streaming,0.67,41,97.83,4,No,4.95,Single,N/A
37e94ce2-0d09-413e-9d62-ab0aad5100ae,2025-11-29,CUST-336728,161,16,98,33.27,36,12:00-14:00,Netflix,54.31,0.22,No,0,34,News,1.08,7,99,2,Yes,4.49,Multiple,N/A
97ed7ba8-2c58-4fea-8e46-df342cca76a0,2025-12-27,CUST-677376,116,46,157,13.05,18,18:00-20:00,YouTube,84.34,0.32,Yes,0,12,Maps,0.9,10,98.32,3,No,4.54,Single,N/A
9736bce1-d7d2-4332-900b-f02e1712146e,2026-07-14,CUST-353646,161,1,119,27.29,29,08:00-10:00,YouTube,21.43,0.67,Yes,0,5,News,1.45,17,97.9,2,No,4.27,Single,N/A
6161050c-ec4f-4dc5-814e-03bc236746ff,2025-08-17,CUST-899141,175,25,14,2.72,33,20:00-22:00,None,90.07,0.5,No,0,4,Social,0.87,56,96.36,2,No,7.12,Multiple,N/A
a4fb31b9-dc7b-4ddc-b49a-6ec5af6a9bce,2026-07-05,CUST-748951,177,2,109,9.62,29,12:00-14:00,None,65.69,0.87,No,0,15,Maps,1.98,59,95.02,5,No,5,Multiple,France
4cec5f20-0d0a-420c-90cc-301109aa8ff1,2026-05-05,CUST-598261,93,40,37,32.65,43,20:00-22:00,Spotify,56.75,0.68,No,0,46,Streaming,1.04,52,98.77,3,No,9.3,Single,N/A
7dff1e1b-5c34-4b67-bbbb-ce38d1412ef8,2026-07-10,CUST-144511,50,44,30,31.68,45,08:00-10:00,Netflix,43.93,0.15,No,0,50,Gaming,1.7,57,98.89,3,Yes,9.08,Multiple,N/A
1a3c1f80-5512-434c-9270-5cd8324d4f50,2025-12-25,CUST-554676,90,40,83,38.16,45,18:00-20:00,Netflix,6.73,0.77,No,0,27,Gaming,0.51,25,99.25,2,No,6.45,Single,N/A
26614eaa-dfc3-4b5b-88e1-feae7d627249,2026-04-30,CUST-845311,49,2,106,19.3,10,18:00-20:00,Spotify,6.2,0.34,No,0,9,Maps,1.05,6,96.05,4,No,8.95,Single,USA
f5ce3534-e55a-4533-87ca-d42f567728b3,2025-11-10,CUST-247271,89,21,139,46.68,41,18:00-20:00,Spotify,99.33,0.37,Yes,0,3,Streaming,1.74,41,98.65,2,Yes,2.31,Single,N/A
64989f94-d40f-4cbf-8a15-220d1773bbbe,2025-11-15,CUST-813013,71,24,114,40.2,26,08:00-10:00,None,16.4,0.35,No,0,49,Streaming,0.72,55,98.23,3,No,2.71,Multiple,N/A
6217568b-aede-42a0-b65e-0f477c1346dd,2026-06-28,CUST-143458,273,2,190,16.72,23,12:00-14:00,None,8.79,0.35,No,5095,45,Productivity,1.81,53,95.73,1,Yes,6.53,Single,N/A
fbfa7bba-3e6a-4819-934f-fe9f95932074,2025-08-17,CUST-149466,145,25,164,15.01,17,18:00-20:00,Spotify,51.55,0.48,No,0,52,Productivity,1.3,24,99.34,3,No,7.46,Multiple,N/A
70e1ef33-1910-4acc-9af4-a74c814c255f,2025-09-08,CUST-722945,186,8,132,11.89,24,12:00-14:00,YouTube,63.42,0.51,No,0,19,Streaming,1.1,42,97.42,5,Yes,7.6,Multiple,N/A
fb534152-81bf-45cc-a265-8de99479f87a,2026-02-19,CUST-786157,167,15,41,31.65,27,18:00-20:00,None,70.59,0.77,No,0,21,Social,1.29,41,99.49,5,Yes,0.43,Single,N/A
6360eedb-e275-47d3-9b54-b85b7deaab49,2025-11-28,CUST-851211,289,29,100,30.05,13,12:00-14:00,Netflix,65.35,0.27,No,0,11,Maps,1.69,46,96.01,4,Yes,4.28,Multiple,N/A
a885b4ae-470b-4963-af38-7526d261726b,2025-08-25,CUST-794159,204,21,146,4.32,48,08:00-10:00,Spotify,48.78,0.5,No,0,20,Productivity,0.93,8,98.09,4,No,2.54,Single,N/A
ec530958-446d-43dd-b6d3-a58b4fd181f8,2025-12-29,CUST-958258,206,1,168,16.14,28,08:00-10:00,Spotify,25.78,0.61,No,0,19,Maps,1.18,8,97.93,4,No,8.06,Single,UK
0e64f28f-f9e1-41f1-9d94-6a6d6534476b,2025-08-01,CUST-562501,204,18,142,47.9,8,20:00-22:00,YouTube,38.64,0.85,No,0,42,News,1.26,49,96.18,3,No,6.03,Multiple,N/A
7d2f735c-67e4-48ae-b942-a02442abde63,2026-01-08,CUST-835678,266,34,6,23.04,25,20:00-22:00,Netflix,24.93,0.67,No,0,12,Maps,1.6,46,97.6,3,No,4.28,Single,N/A
b24bfb00-0e8a-4781-92ab-08476f7c64d5,2026-05-17,CUST-889620,93,20,103,49.83,40,20:00-22:00,Netflix,1.46,0.23,No,0,6,Gaming,1.35,23,98.52,4,Yes,5.06,Single,UK
aa5c1922-5972-4fa6-9e4c-f61aea69626d,2026-03-22,CUST-370728,230,45,28,26.18,37,20:00-22:00,YouTube,28.66,0.41,No,0,4,Maps,0.66,25,98.01,2,No,0.51,Single,N/A
bdd52eee-6fa6-4486-9d2c-68c222a7f40a,2026-03-15,CUST-867632,55,3,156,40.89,35,20:00-22:00,YouTube,54.92,0.15,No,0,47,Streaming,1.3,16,95.58,3,No,8.56,Single,N/A
fd051a1c-b666-4343-913e-3e25ac809bc2,2026-02-22,CUST-635424,48,36,2,44.75,18,08:00-10:00,YouTube,18.51,0.86,No,0,55,Streaming,1.09,34,98.89,3,Yes,3.46,Single,N/A
0f65dd6e-15e5-454e-bee7-a4ae3a7e70ab,2026-02-01,CUST-127562,158,48,196,32.48,38,20:00-22:00,YouTube,26.4,0.76,Yes,0,21,Streaming,1.22,20,99.79,3,No,3.86,Multiple,N/A
7f044d86-589f-499a-8032-60d6ed95fe64,2026-02-17,CUST-797600,18,37,174,26.84,23,08:00-10:00,None,66.9,0.83,No,0,52,Maps,0.77,53,98.92,5,No,0.23,Single,N/A
8211117d-9265-4f3f-a667-39b85496d597,2025-09-04,CUST-179573,214,23,151,38.92,29,18:00-20:00,YouTube,60.35,0.33,No,0,48,Social,1.71,42,96.27,1,No,6.09,Single,N/A
2b23947a-080b-4ae4-a2db-b84b9295db85,2025-10-21,CUST-732547,23,8,32,23.51,25,18:00-20:00,YouTube,64.68,0.27,Yes,0,14,Social,0.91,17,99.64,2,Yes,2.35,Multiple,N/A
3aaed307-0253-4dba-b0f6-34a0727314bc,2026-04-23,CUST-281591,280,36,143,49.35,38,20:00-22:00,Netflix,21.47,0.56,Yes,0,34,Streaming,1.07,57,98.19,3,Yes,4.45,Multiple,N/A
ce62ddcf-b7e7-480a-a7e9-bcfd00e60287,2026-03-18,CUST-127515,270,41,58,41.36,6,12:00-14:00,Spotify,3.18,0.52,Yes,0,56,Productivity,0.99,46,97.27,0,No,8.2,Single,N/A
ffd7a792-cf92-41b6-bcab-65422be3f1cc,2026-02-11,CUST-406712,211,39,40,24.84,28,12:00-14:00,YouTube,89.84,0.42,Yes,0,59,News,0.56,42,98.41,4,No,1.13,Single,N/A
30d9c2ec-a3d2-4e19-b3ea-d64073651434,2025-12-24,CUST-675341,233,48,46,18.02,36,08:00-10:00,None,46.94,0.1,No,0,37,Streaming,1.84,9,97.86,1,No,6.69,Multiple,N/A
7603e5d8-30c4-492c-8742-f7342424b768,2026-02-20,CUST-335108,256,38,61,26.25,45,18:00-20:00,Netflix,64.37,0.26,No,0,60,Gaming,0.88,26,99.58,4,No,9.08,Single,N/A
8e896d61-4a01-42b3-9434-a3cf285bd08b,2025-12-07,CUST-473520,81,10,65,43.67,43,20:00-22:00,None,42.17,0.27,Yes,0,3,Social,0.6,44,95.46,2,Yes,3.05,Multiple,USA
afc8c7c7-824d-44f1-8a0d-83758f2b4de1,2026-01-23,CUST-450812,189,11,62,4.3,32,18:00-20:00,Netflix,42.82,0.2,No,0,18,Gaming,1.16,41,95.79,2,No,0.75,Single,N/A
15867562-942a-4477-b621-e7aca8bd1dee,2026-03-22,CUST-158336,135,4,97,33.09,32,08:00-10:00,Netflix,9.41,0.22,No,0,43,Maps,1.65,40,97.22,3,No,5.15,Multiple,USA
71a1b04e-16c8-4269-ad31-e4b7d3ca1adb,2026-02-01,CUST-382625,35,26,151,21.02,31,18:00-20:00,None,57,0.84,Yes,4389,16,Productivity,1.83,51,96.72,1,No,8.54,Single,N/A
d05332ed-696d-4e1d-a19c-1cdcc658b5d9,2026-02-17,CUST-662481,186,4,138,2.07,10,20:00-22:00,YouTube,56.78,0.48,No,0,8,Gaming,1.61,33,99.66,2,Yes,1.07,Single,N/A
ff9eb00a-5fad-470a-b7eb-a62aa1aa11ce,2025-11-30,CUST-787307,162,14,151,9.11,36,08:00-10:00,Spotify,37.76,0.64,Yes,0,49,Gaming,0.86,31,97.4,1,No,6.42,Single,N/A
c006bbef-ba53-401e-bba9-fb39a3166855,2026-04-05,CUST-881383,35,49,194,35.39,30,20:00-22:00,Netflix,90.39,0.48,Yes,0,59,News,0.58,34,95.52,0,No,0.9,Single,N/A
e37da3ff-6e24-424e-984f-f16094e047e8,2026-03-31,CUST-696112,286,7,34,21.75,45,08:00-10:00,None,48.05,0.53,No,3629,28,Maps,1.93,22,98.89,5,No,6.57,Multiple,N/A
89b7e4b8-b84f-44dd-aff9-4ce8b61b50cb,2025-10-14,CUST-904281,288,40,6,18.83,40,12:00-14:00,YouTube,24.33,0.62,No,0,27,Gaming,1.33,13,95.71,3,Yes,3.13,Single,UK
1ad6f3e2-a590-47c9-ae72-05ef2ba24879,2026-04-02,CUST-434246,231,9,95,33.33,26,20:00-22:00,None,3.88,0.87,No,0,17,Social,1.78,49,97.39,2,Yes,0.28,Single,N/A
881015c6-bc57-476b-9a11-10f6abc8843e,2026-04-20,CUST-939100,193,4,146,34.99,33,08:00-10:00,Spotify,84.81,0.13,No,0,8,Maps,0.95,51,96.64,3,Yes,6.99,Single,Japan
f3c79e2c-6d46-4473-bfe5-7f14c354f1a8,2026-07-20,CUST-965817,242,26,15,38.2,40,20:00-22:00,YouTube,93.87,0.29,Yes,1250,16,Productivity,0.6,59,96.95,1,Yes,6.56,Multiple,N/A
77cfa056-6c8d-4d89-9aed-2f8067f9fb69,2025-09-26,CUST-549060,28,10,165,5.02,45,18:00-20:00,YouTube,8.27,0.65,Yes,0,13,Maps,0.83,8,98.24,2,Yes,3,Single,N/A
580ea220-945c-48d5-844b-6ea20f35111b,2025-09-27,CUST-829032,116,30,142,1.5,36,18:00-20:00,Netflix,52.72,0.85,No,0,59,Maps,0.6,34,99.68,2,Yes,5.55,Single,N/A
80a889da-41d2-4339-9357-fa5657f81151,2026-05-12,CUST-531238,237,13,160,29.51,30,08:00-10:00,YouTube,9.03,0.24,No,0,33,Social,1.96,27,95.06,1,Yes,7.49,Single,N/A
032222c7-48c9-4af1-a775-06adcea05b7b,2026-02-20,CUST-912867,210,20,65,5.79,26,08:00-10:00,Netflix,57.82,0.63,No,0,9,Social,0.76,25,98.52,4,No,1.86,Multiple,N/A
71ec3f3f-c000-494b-9155-21fd825dbaf2,2026-07-10,CUST-902163,268,7,55,18.22,31,08:00-10:00,Netflix,59.69,0.41,No,8178,6,Productivity,1.28,8,99.41,2,Yes,5.77,Single,N/A
c05f6d49-4d8b-4237-87fe-c037bd02f64a,2026-02-18,CUST-390101,32,11,43,28.36,22,18:00-20:00,None,33.68,0.26,No,0,28,Maps,0.56,16,98.05,3,No,0.86,Multiple,N/A
d48ef628-cdb0-4805-973a-59bc7012482c,2025-09-20,CUST-787081,231,45,38,45.24,45,20:00-22:00,Netflix,74.09,0.86,No,0,52,Social,0.63,19,97.12,4,Yes,2.43,Single,N/A
640ab28d-5363-42c3-b847-f39d6d26c7fb,2025-11-30,CUST-588438,151,49,85,36.57,48,12:00-14:00,None,39.6,0.68,No,8748,31,Streaming,0.94,9,97.73,1,No,9.91,Multiple,N/A
63775268-d242-4c4e-8033-61c693bfcca7,2025-10-11,CUST-281106,18,32,37,22.12,50,18:00-20:00,Netflix,74.02,0.88,No,0,47,Streaming,1.9,40,97.48,1,No,7.13,Single,N/A
bfb17e98-d048-4397-8f77-30a9245d4eb1,2025-11-30,CUST-381917,236,40,54,6.04,40,08:00-10:00,Spotify,8.84,0.78,No,0,12,Social,1.04,20,98.03,3,No,0.13,Multiple,N/A
d4effe9e-5857-4995-983d-d4f5cab533f6,2025-08-17,CUST-561642,95,34,91,4.38,48,08:00-10:00,Netflix,70.25,0.72,No,7196,19,Productivity,1.5,39,99.65,3,No,2.58,Single,N/A
33273b88-ce63-4dd3-b2f0-0430e10e5d83,2026-06-14,CUST-941430,93,2,141,49.26,50,12:00-14:00,None,77.39,0.7,No,0,56,Productivity,1.95,34,98.87,3,Yes,3.65,Multiple,N/A
69443026-5b25-4687-842e-87e08764926d,2026-07-16,CUST-118720,239,23,131,42.03,42,18:00-20:00,Spotify,48.93,0.5,No,3901,32,Social,0.81,50,97.15,3,Yes,1.25,Single,N/A
47ff9ea7-d5b5-4566-8650-cac4c686dabc,2025-12-19,CUST-743003,100,35,184,21.72,28,20:00-22:00,Netflix,17.97,0.25,No,8986,41,Social,0.76,43,96.87,3,No,9.75,Single,N/A
2b6b2249-b3c2-450d-b360-c2d08c5c03cc,2025-08-24,CUST-904324,38,31,193,18.01,15,20:00-22:00,None,37.57,0.85,No,0,7,Maps,0.98,31,99.97,4,No,0.6,Multiple,N/A
42c1116b-ff99-4592-8470-bfaddd77a0a5,2026-04-19,CUST-330065,150,48,125,28.15,32,12:00-14:00,YouTube,81.35,0.85,No,0,57,News,0.88,60,96.74,2,No,7.32,Single,N/A
8b21b517-0c62-4b33-a012-61751e56102c,2025-11-08,CUST-328413,205,27,64,38.9,38,08:00-10:00,None,75.86,0.58,Yes,0,4,News,1.32,19,98.96,4,No,7.04,Multiple,N/A
4806f884-8a4b-463c-9535-258efe0958b5,2026-01-30,CUST-598330,287,29,102,19.62,18,08:00-10:00,Netflix,77.45,0.8,No,0,54,Productivity,0.58,16,99.61,3,No,2.42,Single,N/A
26dd5515-32c1-4794-8ba6-a830a3e6c1a3,2025-10-12,CUST-135369,139,27,116,46.66,17,18:00-20:00,Spotify,7.26,0.34,No,0,9,Productivity,0.71,14,98.63,4,Yes,1.2,Single,N/A
91a9aeab-5390-4608-b193-b60ab94ff67e,2026-06-06,CUST-243853,216,24,13,40.19,13,18:00-20:00,YouTube,35.35,0.32,No,0,49,Streaming,0.61,28,96.83,1,No,4.48,Multiple,N/A
a7a56f7b-8ed8-4340-b5e2-2afd45428873,2025-12-07,CUST-619068,106,45,86,1.92,13,12:00-14:00,None,29.71,0.18,No,0,43,Streaming,0.88,6,98.25,4,No,7.4,Multiple,N/A
9696b3df-54ab-48a0-bfef-1dde88e2d634,2025-11-16,CUST-678089,111,46,142,39.71,50,08:00-10:00,Spotify,91.11,0.84,No,0,33,Productivity,0.57,57,98.5,3,Yes,4.35,Single,N/A
16e1b8b0-c342-4cb3-9e64-db09a5a0faad,2025-12-27,CUST-297553,204,19,137,32.36,20,18:00-20:00,Spotify,73.7,0.72,No,0,39,News,1.32,25,99.42,3,Yes,6.51,Single,N/A
5edf4988-fa3c-43c4-ba95-bed1b3940c66,2026-03-14,CUST-314386,83,47,159,46.53,9,20:00-22:00,YouTube,20.89,0.18,No,0,57,News,1.48,43,97.73,2,Yes,6.59,Single,N/A
b3a8ddd9-eb4b-4ed3-aa06-561b11b85195,2026-04-10,CUST-652228,65,33,31,27.56,44,18:00-20:00,Netflix,90.17,0.58,No,0,6,Streaming,0.52,40,99.63,2,No,6.35,Single,N/A
e959b473-71ca-4ceb-90ea-458ec3440efd,2025-09-21,CUST-897262,231,22,138,35.05,28,08:00-10:00,YouTube,58.64,0.5,No,0,26,Productivity,0.67,25,99.6,3,Yes,7.92,Single,N/A
dc07e2ef-ca54-4294-926c-363cc7a7c054,2025-10-09,CUST-223159,162,40,26,9.92,28,08:00-10:00,Spotify,6.75,0.22,No,0,21,Gaming,1.25,39,95.16,4,No,9.92,Single,N/A
fc72233f-1a4e-4437-8deb-2f08cc13f207,2025-10-18,CUST-308465,52,26,53,43.97,40,08:00-10:00,YouTube,97.73,0.88,No,0,42,Productivity,0.86,60,99.05,3,No,8.34,Single,N/A
06ad00ce-f40c-490d-aaa6-469ecccdfbbb,2025-11-02,CUST-697521,243,5,6,46.51,40,20:00-22:00,Netflix,1.59,0.7,No,0,9,Gaming,1.69,19,96.42,4,No,9.38,Single,N/A
8a6caf7b-b556-492d-9e5b-21453b6c9d9c,2025-08-04,CUST-217438,116,47,125,36.66,16,12:00-14:00,None,51.14,0.38,No,8970,25,News,1.03,27,98.75,2,No,4.35,Single,N/A
cfb6913f-7e41-4155-8f4d-294162f47234,2026-02-20,CUST-588793,7,41,73,41.03,49,08:00-10:00,YouTube,79.98,0.38,No,0,26,Gaming,0.53,49,96.18,3,No,1.45,Single,N/A
40354c47-f402-492f-a06c-5e01f9879b1d,2026-02-10,CUST-903923,85,35,59,31.25,15,18:00-20:00,YouTube,86.51,0.24,No,353,37,Productivity,1.15,23,95.41,4,No,5.72,Single,Japan
ff3bb4a5-c7e5-4bb0-9525-9c7cf59aba45,2026-03-26,CUST-656758,190,36,93,46.17,36,08:00-10:00,YouTube,62.19,0.57,No,0,6,Gaming,1.05,45,98.77,2,No,5.48,Single,N/A
94885e51-0cc1-441b-9339-af68c92895e1,2026-03-23,CUST-904180,121,28,51,38.01,37,18:00-20:00,Netflix,91.43,0.31,No,689,11,Maps,1.11,54,97.05,3,Yes,8.1,Multiple,USA
0da45649-6fe0-4b5b-9c2f-a47a39e3da62,2026-07-12,CUST-672605,113,28,98,29.65,5,08:00-10:00,None,64.71,0.4,No,0,57,Productivity,0.68,8,97.67,2,Yes,4.13,Single,N/A
0a503937-244a-4a85-bd19-729ebd21ce6e,2026-01-23,CUST-520737,34,14,163,27.9,27,18:00-20:00,Spotify,88.86,0.14,No,0,36,Social,0.87,15,97.17,1,No,9.93,Single,N/A
4ccc03c2-348b-450b-b7ec-5f6434d9960e,2026-04-17,CUST-327963,186,46,198,12.37,36,08:00-10:00,None,83.11,0.66,No,1153,29,News,1.02,11,96.58,4,Yes,5.88,Multiple,N/A
c9f1130f-14ac-46ca-9603-e93a16df14c4,2025-10-14,CUST-723688,290,9,84,19.45,49,18:00-20:00,Netflix,40.92,0.27,No,0,17,News,0.76,29,95.6,1,Yes,9.03,Multiple,N/A
ae9c6905-82a3-4edc-8035-2938b7289b87,2026-01-25,CUST-347646,30,18,194,31.19,40,18:00-20:00,Netflix,62.56,0.18,No,0,11,News,0.93,25,97.63,5,No,7.06,Single,N/A
fae66c81-d7a3-4702-aa09-ade534ae9c6e,2026-03-09,CUST-804348,228,11,101,30.19,31,12:00-14:00,Spotify,80.05,0.3,No,4765,52,Social,0.61,7,96.04,1,No,1.13,Multiple,N/A
d7c8813c-fe28-4c33-a119-16045094f4c0,2026-06-26,CUST-738199,46,2,173,22.8,28,12:00-14:00,Spotify,72.99,0.28,No,0,57,Productivity,1.76,28,95.49,4,No,8.2,Single,Canada
2e8526fe-d500-44b6-b89c-d9e044b2473d,2026-03-04,CUST-959359,52,33,118,6.16,35,18:00-20:00,YouTube,69.01,0.46,No,0,23,Streaming,1.4,12,99.85,2,Yes,1.97,Multiple,N/A
de4095b6-ff6a-48ad-bf74-bb9d3f1efa93,2026-06-12,CUST-437269,270,8,191,22.36,12,08:00-10:00,YouTube,42.98,0.36,No,0,26,Maps,1.53,8,96.49,3,No,2.42,Multiple,N/A
be27cb5d-f681-48d6-aec1-6d6b8720789e,2026-04-04,CUST-764927,10,15,122,10.89,10,12:00-14:00,YouTube,17.16,0.8,No,0,53,Social,1.59,11,99.48,3,No,2.6,Single,N/A
0ef54d68-b3d6-474f-8863-8c5dd56a20b6,2026-06-18,CUST-158811,299,12,129,14.52,29,20:00-22:00,None,3.62,0.34,No,4926,3,Gaming,0.94,7,97.09,3,No,2.47,Single,N/A
8e198de7-201a-43ea-87e6-c11ce98e0226,2025-08-01,CUST-768716,68,15,73,19.47,13,08:00-10:00,Spotify,58.79,0.73,No,3304,12,Streaming,1.89,39,95.84,1,Yes,8.92,Single,N/A
7df74713-8837-408d-b933-d44cf89fb511,2026-07-20,CUST-794086,239,41,83,42.71,19,20:00-22:00,Spotify,23.44,0.1,No,0,23,Productivity,0.83,28,96.83,2,No,7.32,Multiple,N/A
f708fcaa-9bfd-4d27-ac09-10889ea2e386,2026-07-04,CUST-910898,6,37,150,1.91,22,08:00-10:00,None,33.01,0.11,Yes,0,27,Maps,1.4,40,97.93,0,Yes,4.32,Multiple,Japan
dc7b1055-f96b-4344-b0ff-3da97adc8694,2025-12-21,CUST-290838,84,30,6,20.75,38,20:00-22:00,Spotify,0.14,0.77,No,5143,21,Streaming,1.47,59,96.64,3,Yes,3.18,Multiple,N/A
ed2efa06-6177-438f-a7b7-b953f4494590,2025-12-05,CUST-258938,196,43,110,17.73,17,18:00-20:00,None,79.45,0.61,No,0,10,Gaming,1.17,59,96.8,2,No,7.06,Single,N/A
b6940180-d18c-409f-a1f2-37f36ad028ca,2025-10-11,CUST-840177,114,12,179,34.33,11,18:00-20:00,None,41.75,0.57,No,0,52,Maps,1.16,31,99.02,1,No,1.29,Single,USA
81d30689-c6e3-4f2d-a000-2ac93905b3ab,2026-05-24,CUST-508902,144,40,157,23.03,33,12:00-14:00,Spotify,96.25,0.65,No,0,43,Maps,1.78,54,95.65,0,No,6.72,Multiple,N/A
d4fa482e-0ab2-4211-b443-2842f9e3d7e5,2026-01-17,CUST-938650,182,48,148,5.27,8,18:00-20:00,Spotify,73.81,0.21,No,0,56,Social,0.6,17,95.57,1,No,9.69,Single,N/A
9d7fd44f-b238-4fa9-8861-7cb582c4e89d,2026-01-20,CUST-317612,220,22,26,17.1,36,08:00-10:00,Netflix,86.19,0.76,No,6861,59,Streaming,0.5,38,99.11,3,Yes,0.03,Single,N/A
a29d9fdf-c511-4582-a9f4-ca0f508774ce,2026-03-11,CUST-792377,146,12,183,23.76,33,08:00-10:00,Spotify,71.9,0.54,No,0,49,Social,1.08,32,97.46,1,No,2.44,Single,N/A
9ebb5796-721e-4a7a-be3f-0df4830affa4,2026-02-18,CUST-334234,109,42,156,35.1,45,12:00-14:00,YouTube,66.18,0.69,No,0,8,Streaming,1.11,32,95.19,5,No,1.5,Single,UK
801f9f97-cc88-4954-b273-9a717c35227e,2025-08-05,CUST-195731,263,7,91,3.35,7,08:00-10:00,None,67.91,0.24,Yes,0,38,Streaming,0.9,45,96.82,5,No,5.2,Multiple,N/A
63fb8197-4066-4bf7-98d2-e345769a0ae2,2026-03-13,CUST-554452,198,9,125,41.46,24,08:00-10:00,None,21.52,0.87,Yes,0,7,Maps,0.82,31,97.02,0,No,3.43,Multiple,UK
ea9d7093-0f2b-4b50-aba7-61b6263eaef2,2026-03-09,CUST-467042,83,49,186,35.3,33,18:00-20:00,Netflix,79.64,0.18,No,0,30,Social,1.1,46,99.6,2,Yes,9.25,Multiple,N/A
2443cf3c-9f0f-45cf-b253-ef055b063b25,2026-07-22,CUST-242139,243,15,142,8.59,11,20:00-22:00,YouTube,82.44,0.84,No,0,3,Social,0.71,43,95.71,5,No,3.86,Single,N/A
570d5c73-2c98-4244-918e-ddd23ee1cc39,2026-07-09,CUST-763930,58,49,61,35.86,45,20:00-22:00,None,53.25,0.48,No,0,43,Productivity,1.27,32,99.64,3,No,9.69,Multiple,N/A
fc6abaa4-9583-4366-97ef-333f4e38d760,2026-03-18,CUST-668752,66,49,65,24.11,15,08:00-10:00,None,80.76,0.26,No,0,13,News,1.17,20,96.64,0,Yes,0.46,Single,UK
01556493-0def-40b1-b3a9-6246dff7df94,2026-04-26,CUST-953448,13,39,86,34.87,41,12:00-14:00,Netflix,31.36,0.62,Yes,0,57,Productivity,0.8,58,96.33,5,Yes,0.06,Multiple,N/A
77d73d12-f7d6-469f-8551-4b5b2cfb05f5,2026-05-27,CUST-984262,243,13,179,13.1,10,12:00-14:00,None,30.71,0.55,No,0,46,Streaming,1.93,19,97.41,4,Yes,5.02,Single,N/A
a227af23-5750-4bdf-ab66-dba9cbbe5c0a,2026-01-10,CUST-846440,226,45,61,35.82,48,18:00-20:00,Netflix,40.3,0.64,Yes,0,19,News,1.74,52,99.51,0,No,3.85,Single,N/A
ccfb2323-b945-4e1f-bcc0-55dc075a6d27,2026-02-23,CUST-908558,262,10,55,22.95,7,20:00-22:00,Spotify,15.57,0.48,No,0,52,Productivity,1,42,95.98,1,No,5.7,Multiple,N/A
517f8a70-ffa4-4c56-b8e5-5e95398e5453,2026-06-24,CUST-455150,175,16,5,27.76,35,08:00-10:00,YouTube,84.74,0.11,No,0,48,Gaming,1.19,46,97.44,3,No,4.33,Single,N/A
6f89219d-cfb4-4031-9332-cc2b481e1545,2026-03-10,CUST-702384,84,38,187,38.11,35,08:00-10:00,YouTube,19.99,0.34,No,0,24,Productivity,0.51,28,97.97,3,Yes,5.43,Single,N/A
21f0accc-92ac-4e42-b535-4af5b9812e34,2026-02-07,CUST-135935,44,33,90,8.46,23,20:00-22:00,Spotify,93.4,0.44,No,0,14,Maps,0.57,5,98.4,1,No,2.68,Multiple,N/A
ac100561-b8a0-49f3-9ec4-f988b34f4a82,2025-12-07,CUST-926091,223,11,39,13.73,22,18:00-20:00,None,57.54,0.23,No,0,11,Streaming,1.7,53,95.03,2,No,9.02,Single,N/A
3a55b156-1b66-4625-b63a-c1d7e68d9653,2025-12-12,CUST-149272,26,32,176,23.18,8,08:00-10:00,Spotify,72.76,0.69,No,6109,2,Productivity,0.93,11,97.67,0,No,3.8,Multiple,N/A
46b5c247-0b16-4db6-be3e-47fcb86764c7,2026-05-28,CUST-800280,175,2,73,16.63,13,18:00-20:00,YouTube,18.45,0.15,No,0,54,Maps,1.61,18,97.4,1,Yes,6.46,Single,N/A
56df50dd-30fd-46e7-a6cd-7c0c9ec3c53f,2026-02-28,CUST-118499,149,1,19,12.2,28,12:00-14:00,None,23.06,0.4,No,0,43,Gaming,0.87,6,95.05,3,No,5.86,Multiple,N/A
17f7398c-cbca-42a2-8609-3a3476a9c50b,2025-11-08,CUST-457186,148,21,59,4.61,33,18:00-20:00,YouTube,75.42,0.29,No,0,28,News,0.82,38,95.7,0,No,9.33,Single,N/A
9e1788e4-fe59-4cb4-bbdf-a93b609f17ae,2026-03-01,CUST-200066,29,33,157,48.04,48,08:00-10:00,None,6.91,0.4,No,0,46,Gaming,1.57,12,96.49,1,No,2.26,Multiple,N/A
eb11e2b8-ffa5-4464-a3fb-addae7429e48,2025-08-01,CUST-995182,131,43,100,22.08,41,20:00-22:00,YouTube,46.37,0.32,No,0,37,Maps,1.25,9,96.83,0,No,6.91,Multiple,N/A
ab573fe3-2efa-41f2-a858-fb14adc78390,2026-04-10,CUST-336814,54,42,46,49.15,12,18:00-20:00,YouTube,0.37,0.16,No,0,14,Productivity,1.62,6,99.47,5,No,8.63,Single,N/A
bff48864-fb6a-4aaa-9a5c-52871744ee45,2026-06-01,CUST-522344,298,23,79,4.26,34,12:00-14:00,Spotify,52.59,0.58,No,0,30,Social,1.19,51,96.91,5,No,0.01,Single,N/A
b891f9c9-3ea2-4a32-a9e0-4f6539b7ced3,2026-07-02,CUST-232747,217,8,199,16.11,17,18:00-20:00,None,99.93,0.26,No,0,35,Productivity,1.92,29,99.7,0,Yes,3.42,Single,N/A
457f40f9-94f6-47f6-8e51-2e0fa48dd731,2025-12-19,CUST-939543,124,25,138,39.62,20,18:00-20:00,YouTube,35.69,0.59,Yes,0,2,Streaming,1.19,55,97.88,4,No,2.28,Single,N/A
71f176fa-1d4e-49d7-b570-8b2f55182158,2026-07-15,CUST-988369,42,30,151,17.11,29,20:00-22:00,YouTube,41.75,0.32,No,0,27,News,1.66,29,95.7,2,No,0.81,Single,N/A
52868e3e-cd88-4fcb-b4c9-f41901d59d86,2025-09-03,CUST-412965,50,10,112,2.57,24,18:00-20:00,Spotify,49.42,0.82,No,0,30,Productivity,2,40,99.46,5,Yes,9.48,Single,N/A
b664d5a5-852e-4c31-8f0a-7589363a61ee,2026-05-25,CUST-817434,287,39,59,22.27,17,18:00-20:00,Netflix,92.34,0.11,No,0,45,Maps,1.25,39,96.83,4,No,4.63,Multiple,N/A
ce9a2f19-d3b4-4741-9036-f0ca4aeb4554,2025-08-15,CUST-309623,25,8,9,2.83,21,08:00-10:00,YouTube,79.35,0.3,No,0,9,Maps,1.37,12,97.75,2,No,3.72,Multiple,N/A
0bd66d02-cbce-44ee-a36a-c51412f2a713,2025-10-13,CUST-504993,178,13,76,9.21,18,20:00-22:00,Netflix,39.71,0.32,No,0,52,Productivity,1.8,45,96.74,2,No,9.48,Multiple,N/A
3c1aded2-1884-4526-90a9-f4dbc2e571bd,2025-11-28,CUST-568405,234,25,127,0.23,7,12:00-14:00,None,48.72,0.65,Yes,8399,58,News,1.6,53,95.06,2,Yes,5.88,Single,N/A
3d2a35c0-8984-4fb8-84e4-7e3c1b463e9c,2025-11-22,CUST-240564,116,11,22,1.66,49,18:00-20:00,Netflix,95.32,0.13,No,1857,52,Social,1.83,53,96.03,4,No,1.3,Multiple,N/A
239801a9-1280-4381-8cc6-1366824f76fd,2026-06-17,CUST-377628,262,19,51,33.8,25,08:00-10:00,Netflix,43,0.43,No,0,9,Gaming,1.22,31,97.85,1,No,3.22,Multiple,N/A
bf1c2ff3-b9f5-483c-9bdb-ab707b2c0dc9,2025-10-29,CUST-889628,211,32,195,30.49,30,18:00-20:00,None,24.98,0.59,No,0,13,Streaming,1.74,52,96.34,0,No,3.49,Single,N/A
a9355667-ddb8-4e03-b42a-e8fd26dd6206,2025-07-29,CUST-742741,179,29,20,47.99,16,08:00-10:00,Netflix,63.66,0.56,No,0,21,News,0.57,35,97.76,2,Yes,9.47,Single,N/A
60d7dcd9-e7db-4784-8f5c-98ff86cf06af,2026-01-04,CUST-377157,277,33,82,28.5,27,12:00-14:00,YouTube,65.56,0.31,No,0,3,Productivity,1.63,58,97.7,5,No,5.98,Single,N/A
47718955-15ab-4afb-ba38-f38efc37f586,2026-07-13,CUST-951134,40,43,128,25.96,23,20:00-22:00,YouTube,62.72,0.87,Yes,0,6,News,0.73,22,96.14,1,No,5.18,Multiple,N/A
3034b23c-fac6-4f27-903f-e991499e09f9,2025-08-23,CUST-238761,153,12,55,43.44,40,18:00-20:00,None,61.83,0.11,Yes,0,20,Streaming,0.85,10,96.36,3,No,0.5,Multiple,N/A
bcbb6dcb-d4dc-458b-bc31-e599087873f2,2026-04-03,CUST-329861,245,48,112,13.06,14,12:00-14:00,YouTube,3.81,0.42,No,0,37,Gaming,1.96,38,98.83,3,No,7.12,Multiple,N/A
1d23dd95-4a3c-464e-bd37-bcf94cbe4129,2026-03-11,CUST-948221,78,11,90,41.93,19,12:00-14:00,YouTube,31.58,0.6,No,0,36,Social,1.43,46,98.24,0,No,4.78,Multiple,N/A
b3be1f68-a06b-48bc-9b73-eda9a77aa190,2026-04-25,CUST-133393,115,9,134,36.46,30,18:00-20:00,YouTube,62.23,0.68,No,0,28,Streaming,1.02,7,99.65,5,No,8.09,Single,N/A
0dc721c0-c53b-439c-ba37-74d744a9f289,2026-03-03,CUST-887715,211,37,48,42.86,21,20:00-22:00,None,44.8,0.4,Yes,0,59,Productivity,0.52,49,96.68,4,No,8.02,Multiple,N/A
315dba1e-1edd-4d51-9946-e3f71778a544,2026-05-22,CUST-636966,137,35,81,6.08,5,12:00-14:00,Spotify,14.67,0.26,No,0,22,Productivity,1.76,54,99.08,1,No,2.89,Single,N/A
418fa79e-156d-4ff0-b112-540bdc11579c,2025-08-01,CUST-381121,286,49,32,12.42,14,20:00-22:00,None,47.1,0.46,No,0,34,Productivity,1.38,33,97.56,5,No,2.97,Single,France
5bf51572-b76f-492b-b2b6-4783e1798852,2026-05-05,CUST-289255,245,43,182,38.15,31,20:00-22:00,Spotify,14.86,0.44,Yes,0,17,Maps,0.73,40,95.67,4,No,4.11,Single,N/A
ef17eaf3-de38-4106-b0ad-2e2266b05d67,2026-02-04,CUST-809049,188,41,152,49.26,48,18:00-20:00,None,25.52,0.43,No,8149,12,Social,0.73,22,96.37,3,No,9.31,Multiple,N/A
0135a2a1-2cc9-4080-8e3b-2c9f0f022734,2026-05-04,CUST-476111,197,45,165,10.1,26,18:00-20:00,None,58.17,0.77,Yes,0,48,Productivity,1.18,56,97.78,3,No,4.63,Single,N/A
05cfc1cc-267d-41a7-987f-2b18f83a87ed,2025-08-24,CUST-387402,144,47,19,45.17,30,12:00-14:00,None,77.25,0.5,No,0,10,Productivity,1.16,47,96.31,4,No,0.28,Single,N/A
9745ca6c-9e76-4fb3-9f1b-0651a5502bc0,2025-09-14,CUST-418894,178,4,100,29.67,41,08:00-10:00,Spotify,0.61,0.33,No,0,43,Productivity,0.89,43,96.05,2,Yes,6.66,Single,N/A
5169b6b1-d08c-41e1-a1f0-965214b22dc0,2025-11-24,CUST-797555,62,7,59,15.51,40,18:00-20:00,YouTube,55.53,0.32,No,0,12,Gaming,1.32,30,98.58,2,No,0.76,Multiple,N/A
636e9c7f-54a7-439f-b888-839b20a1e251,2026-01-20,CUST-368460,145,19,124,19.04,12,18:00-20:00,Spotify,87.02,0.86,No,0,4,Productivity,1.32,27,96.91,2,No,0.01,Single,USA
17ffddf3-e2b9-402d-8dab-a7ca4661a4ba,2025-10-08,CUST-103052,78,48,113,37.9,14,18:00-20:00,Netflix,34.16,0.89,Yes,0,18,Gaming,0.79,40,95.38,1,No,9.2,Single,N/A
e0a22299-5c37-49b6-af5c-5232a6c011f5,2026-03-24,CUST-543767,247,35,175,13.59,19,08:00-10:00,Netflix,8.61,0.37,No,0,37,Gaming,0.68,39,95.28,1,No,2.26,Multiple,N/A
c0e2cff7-c2b8-4dc6-b9e0-6b3ef188276c,2025-09-18,CUST-888962,227,6,38,4.2,29,12:00-14:00,Spotify,9.56,0.2,No,0,23,Gaming,1.94,45,99.55,2,No,6.81,Single,N/A
0aec0c1c-efd7-4c49-a6f4-ae0e4fa482a6,2025-09-12,CUST-473960,13,34,143,23.37,30,20:00-22:00,Spotify,74,0.36,Yes,0,51,Streaming,1.6,15,96.96,5,No,6.27,Single,N/A
3624964d-7e01-402e-af40-40a5bdb161af,2026-04-01,CUST-108107,34,26,140,12.15,28,08:00-10:00,YouTube,70.03,0.55,No,0,2,Gaming,1.62,20,98.22,1,No,2.57,Single,N/A
cfdfc5d2-5b3c-4fb7-a42d-454526edb528,2026-06-11,CUST-641686,133,25,23,32.04,25,12:00-14:00,None,93.86,0.76,No,0,10,Social,1.89,23,97.44,3,Yes,9.54,Multiple,N/A
8557ddd5-2948-43c0-b0b5-e65a25a8c8e0,2025-12-08,CUST-421222,159,12,75,1.21,49,18:00-20:00,None,85.35,0.63,No,0,55,Streaming,1.3,33,95.06,2,No,4.27,Multiple,N/A
27058bba-ff6a-44ff-82b1-03007473335e,2026-04-09,CUST-838899,196,37,61,30.42,31,20:00-22:00,Spotify,44.9,0.61,No,0,41,Social,1.19,23,98.83,1,No,3.9,Multiple,N/A
246f3959-6fab-4f2c-b6d8-f6b8c9d51afd,2026-06-27,CUST-780163,76,9,129,21.9,40,08:00-10:00,Netflix,79.23,0.26,No,0,40,Social,1.85,24,96.09,4,No,5.12,Multiple,N/A
105ce0ae-e971-437c-9b53-c1019c5c8f3a,2025-11-16,CUST-714252,206,14,115,46.09,26,12:00-14:00,None,48.93,0.84,No,0,54,Social,1.05,15,96.24,3,Yes,6.66,Multiple,N/A
6666c733-1f64-4ad5-a228-241179a79d03,2025-09-18,CUST-306107,293,32,184,25.89,42,18:00-20:00,Netflix,83.3,0.65,No,2775,7,Gaming,1.98,10,95.91,1,No,8.71,Single,N/A
a4bd2de6-f9c5-4b56-8bd0-6216666f9f4d,2025-08-16,CUST-888755,69,49,152,44.19,6,20:00-22:00,YouTube,87.09,0.27,No,0,9,News,1.49,31,95.86,3,Yes,4.68,Single,N/A
a459cd4e-2549-4c3c-8ba9-3d3267b254fe,2026-02-19,CUST-155145,187,31,136,44.13,26,20:00-22:00,Spotify,6.15,0.29,Yes,0,36,Social,1.82,59,98.52,4,No,2.29,Single,N/A
36fb17f5-a003-4ab8-a759-af858d4986f4,2025-11-03,CUST-618538,238,10,109,46.24,39,18:00-20:00,None,53.16,0.41,No,0,54,Social,1.13,22,99.83,5,No,2.92,Multiple,N/A
81a73b3a-2fd5-450c-9901-987a33827143,2025-09-20,CUST-996836,255,43,141,6.73,47,18:00-20:00,YouTube,90.58,0.71,No,0,41,Social,0.89,24,99.89,3,Yes,4.85,Single,N/A
15078ff1-356b-4ddb-8a08-e8ad04b11bfc,2025-11-15,CUST-432162,238,5,160,9.41,24,12:00-14:00,Spotify,77.29,0.56,No,0,53,Streaming,0.56,6,96.95,4,Yes,0.21,Multiple,N/A
fe31538a-c884-4512-bfa2-ee77a6fa712b,2026-03-05,CUST-133434,101,5,130,43.02,49,12:00-14:00,None,84.63,0.24,No,0,12,Streaming,0.96,14,98.93,1,Yes,0.88,Single,N/A
2497f609-7245-4f4b-8a24-08b7adb5cbe1,2026-05-24,CUST-869564,267,42,148,31.06,17,20:00-22:00,Netflix,43.26,0.51,No,0,41,Social,1.2,9,99.15,2,No,2.91,Single,N/A
04334d87-09e2-4d8e-a0aa-2c92fa5e315b,2025-10-10,CUST-916586,42,30,191,20.17,30,08:00-10:00,Netflix,71.56,0.82,No,3927,15,Productivity,1.17,25,97.59,4,No,2.72,Single,N/A
b14f0d18-34e3-43df-b0a5-02bef569ef83,2025-12-22,CUST-848382,79,47,22,47.86,22,08:00-10:00,Netflix,1.76,0.78,No,1147,48,Streaming,1.45,27,97.35,1,No,8.51,Single,N/A
d27bb279-728b-44a7-a17d-573ab1ace822,2025-12-11,CUST-578243,149,25,176,9.77,11,20:00-22:00,YouTube,35.45,0.89,No,0,20,Gaming,1.58,9,95.72,0,No,6.75,Single,N/A
d16e183e-bb83-4941-858b-da319dcacc85,2025-12-28,CUST-791685,91,40,26,37.08,30,18:00-20:00,YouTube,39.09,0.25,No,0,25,Gaming,1.01,6,96.71,2,No,7.98,Single,N/A
12f094ed-13e4-4888-8734-21711bb77769,2026-02-24,CUST-123506,199,42,158,48.69,24,18:00-20:00,Netflix,41.02,0.45,No,0,52,Productivity,0.53,55,97.61,2,No,0.01,Single,N/A
af198708-dec5-4924-a662-c3d584b4c627,2026-03-31,CUST-217289,124,4,153,26.56,18,12:00-14:00,Spotify,2.43,0.73,No,0,44,Social,1.8,35,97.31,4,No,6.91,Multiple,N/A
3e2fd13d-54ff-46b7-a0e0-3f188df7fc8c,2026-05-10,CUST-715861,253,10,119,36.87,50,20:00-22:00,None,70.14,0.48,No,0,7,Productivity,1,50,98.18,1,Yes,9.22,Multiple,N/A
f87599f3-8cf5-424e-b31d-b581404980ce,2026-07-21,CUST-171650,98,22,32,18.42,9,18:00-20:00,None,81.45,0.6,No,0,46,Gaming,0.87,38,97,1,Yes,3.61,Multiple,N/A
e479f2ec-9bc1-49dd-8a57-5b63ea5a7673,2026-06-28,CUST-134394,47,46,46,13.99,49,18:00-20:00,YouTube,78.23,0.54,No,0,10,Streaming,0.72,45,97.32,3,Yes,7.58,Single,N/A
d562ba0e-d125-4dc7-9a07-e2e728b7b3df,2025-09-16,CUST-741488,58,14,158,13.25,44,18:00-20:00,Spotify,90.76,0.85,No,0,32,Gaming,1.36,40,99.93,0,No,2.04,Multiple,N/A
7a4aff9b-3a4c-4b28-83a1-6c2c032dee46,2025-11-30,CUST-897672,145,39,138,44.76,10,12:00-14:00,Netflix,28.01,0.88,Yes,0,11,Gaming,1.78,40,99.2,1,No,1.14,Single,N/A
8f8191f5-1fec-4c5d-a655-b3b7d891864c,2025-09-04,CUST-523483,91,45,189,4.78,35,12:00-14:00,Netflix,95.89,0.79,No,0,38,Productivity,0.59,19,98.62,3,Yes,0.45,Multiple,N/A
51c93d1f-b6d3-439a-9b3d-2c8565bf77c1,2025-12-28,CUST-418888,182,9,57,34.92,43,12:00-14:00,Netflix,70.74,0.21,No,0,29,Streaming,1.7,31,95.18,5,No,1.34,Single,N/A
fa460eb4-6146-4e1c-839c-6766672eed93,2026-03-03,CUST-495069,72,39,173,26.34,13,18:00-20:00,None,26.37,0.22,No,1362,45,Streaming,1.69,24,98.39,0,No,0.44,Single,Germany
803e8d20-82cb-441f-abe2-8f9ec4b96971,2025-12-06,CUST-976570,273,27,70,40.21,30,12:00-14:00,None,91.31,0.5,No,0,1,Gaming,1,43,99.62,2,No,9.98,Single,N/A
ff0bf322-8e8b-4595-8dfb-454d126fce2c,2025-11-20,CUST-771717,231,22,136,10.29,44,08:00-10:00,None,18.52,0.88,No,0,41,Gaming,0.56,44,98,0,No,5.66,Multiple,N/A
0c988b52-5f66-417b-88d7-f0d65b2576e8,2025-08-11,CUST-812907,239,30,89,13.61,6,18:00-20:00,Spotify,95.2,0.23,No,0,5,Productivity,1.6,41,96.43,3,No,9.53,Single,N/A
b539bb4e-d198-49e4-b93f-019cf012cc03,2026-02-12,CUST-705683,259,27,176,33.87,48,12:00-14:00,None,54.15,0.81,No,0,50,News,0.83,26,99.49,1,No,0.08,Single,N/A
83d20ef2-0dcc-4287-96e8-7b7abeee43b6,2026-06-08,CUST-778822,136,8,193,30.38,13,08:00-10:00,Spotify,60.65,0.59,No,0,20,Streaming,0.51,43,99.32,1,No,1.93,Single,N/A
823c07f3-5dea-4e18-8442-105ff859592b,2026-03-22,CUST-653227,234,2,154,31.6,22,18:00-20:00,Netflix,13.25,0.18,No,0,14,News,1.18,24,95.86,4,No,3.99,Single,N/A
d12b8096-0395-4c7f-bdbf-17d1264f103b,2025-11-15,CUST-349955,104,42,83,43.56,15,08:00-10:00,None,42.06,0.4,No,0,14,Social,0.94,55,97.86,5,No,5.89,Multiple,N/A
e890342b-e2db-4cd6-bf29-120dba53688e,2026-01-18,CUST-607802,234,12,133,14.95,42,08:00-10:00,Spotify,96.89,0.86,No,0,33,Productivity,0.79,52,98.39,1,No,2.83,Multiple,N/A
188cb72c-2604-4cc5-968c-3d821624941c,2026-03-15,CUST-609403,140,23,67,25.77,48,20:00-22:00,YouTube,55.65,0.76,No,4363,49,Maps,1.61,7,95.99,5,No,9.65,Multiple,N/A
ab9a8c99-3b1e-43a0-add2-d1d9e24fa413,2025-08-26,CUST-751412,49,39,181,42.17,8,08:00-10:00,None,52.41,0.58,No,0,46,Gaming,1.83,44,97.99,0,No,6.44,Single,N/A
ddecb42e-3945-4690-91de-312439f68e8c,2026-02-08,CUST-314046,153,36,66,49.61,36,18:00-20:00,None,17.35,0.19,No,0,27,Streaming,1.82,30,98.9,3,No,4.6,Multiple,N/A
33140e81-1491-4765-b13b-72ae8e2d41a2,2026-06-06,CUST-611972,39,4,35,12.71,31,18:00-20:00,None,64.72,0.29,No,0,31,Social,0.65,40,99.17,4,No,2.07,Multiple,France
a37d43ba-a6e4-4bcc-b837-2c94aa998aba,2025-10-20,CUST-604580,244,11,37,45.63,48,18:00-20:00,Netflix,53.26,0.71,Yes,0,4,Maps,0.77,48,97.55,3,No,2.75,Single,N/A
c2dbdf7a-1abe-4d54-91ab-1ddfb7602173,2026-03-04,CUST-636442,118,7,136,1.65,34,18:00-20:00,Spotify,11.41,0.47,No,0,6,Productivity,1,52,96.02,3,Yes,5.49,Single,Canada
0c5974d8-534d-418a-9203-f4e6e2852760,2026-02-03,CUST-522877,121,16,164,20.36,33,20:00-22:00,YouTube,76.05,0.54,No,0,7,Streaming,1.17,26,97.18,1,No,5.39,Single,N/A
dc62df0e-0f0f-43bd-990e-328d1678dea1,2026-05-30,CUST-981551,118,42,15,18.97,9,18:00-20:00,YouTube,23.68,0.35,Yes,7770,52,Streaming,1.22,13,96.05,2,No,6.61,Single,N/A
b6df5d5c-2910-4ec5-9d98-db991703fb8e,2026-05-09,CUST-355851,297,36,38,13.71,27,20:00-22:00,Spotify,63.41,0.45,Yes,1576,26,Gaming,1.13,31,99.76,2,No,6.85,Single,N/A
8e18d177-06f5-4a6c-bd19-f3dbd88ae07e,2026-01-31,CUST-459446,152,49,147,7.3,33,20:00-22:00,Netflix,94.7,0.63,Yes,0,23,Gaming,1.58,41,95.22,3,Yes,4.93,Single,N/A
985b7d15-c336-47e4-af85-af99f75ec944,2026-06-17,CUST-329709,227,38,135,10.01,45,08:00-10:00,Netflix,92.03,0.83,No,0,55,Gaming,0.84,33,99.74,5,No,6.65,Single,N/A
bcecaa5e-41a1-412c-b63f-8c1f146e5b7c,2025-09-02,CUST-620605,107,22,128,22.28,16,20:00-22:00,YouTube,29.01,0.1,No,0,18,News,1.56,27,96.47,2,No,4.86,Multiple,N/A
548d832c-a779-41a1-9877-dab34b1c4558,2025-12-11,CUST-502054,24,26,38,17.66,18,08:00-10:00,None,92.5,0.2,No,6585,33,Social,1.52,51,99.52,4,No,3.48,Multiple,N/A
fab3b752-7761-4944-8e0d-f5967bc2a40c,2025-12-25,CUST-731747,169,21,80,37.06,28,12:00-14:00,Netflix,81.47,0.14,No,0,19,Streaming,1.08,16,99.1,5,No,9.19,Single,N/A
d8a53632-cc75-4d7a-878e-4b7d343eb53f,2026-06-23,CUST-968043,289,42,147,13.83,47,08:00-10:00,Spotify,60.65,0.38,Yes,0,42,Streaming,1.23,46,98.25,2,Yes,0.55,Single,N/A
f2e9fc87-0730-453c-88a9-14ce921456ce,2026-04-15,CUST-432299,183,42,131,23.73,24,08:00-10:00,YouTube,10.26,0.22,No,0,23,News,1.63,8,96.58,4,Yes,7.24,Single,N/A
57d4f308-1f3d-424b-9d9e-5bd219bfa68f,2026-04-27,CUST-789281,65,10,20,28.02,13,08:00-10:00,Netflix,78.26,0.32,Yes,4612,59,Gaming,1.52,31,99.11,3,No,2.34,Single,USA
114909e6-99e3-41b7-a000-a697611a32e5,2025-11-26,CUST-113666,128,49,96,9.34,28,20:00-22:00,YouTube,6.52,0.56,No,0,57,Maps,0.97,6,95.44,1,No,7.71,Single,N/A
f2d0305b-3204-4069-872f-f6a88cab8c10,2026-04-28,CUST-664657,261,16,27,3.96,31,08:00-10:00,None,3.28,0.77,No,0,30,Productivity,0.78,21,98.02,4,Yes,8.14,Single,Germany
8dd0472b-70c0-471f-a21f-27f488d2c21c,2025-12-01,CUST-330842,268,4,65,26.07,18,20:00-22:00,Spotify,64.87,0.59,Yes,0,23,News,1.37,53,95.48,1,No,9.08,Single,N/A
e7ce9b8d-56ac-4232-a41a-bb1a41000b58,2025-10-03,CUST-437579,39,20,181,37.72,28,20:00-22:00,Netflix,5.42,0.17,Yes,0,27,News,0.61,40,98.92,4,No,9.3,Single,N/A
30716dbf-28e4-430a-850f-31ce30837e9c,2026-07-05,CUST-895571,90,3,73,10.23,44,08:00-10:00,None,1.22,0.61,No,0,56,Productivity,0.72,28,96.44,3,No,3,Single,N/A
8a9751cf-03f0-40c4-8d1d-f89b9eb52497,2025-12-01,CUST-485809,293,41,37,18.58,50,20:00-22:00,Netflix,38.85,0.22,No,0,9,Social,1.95,8,99.91,3,No,7.53,Single,N/A
d2433211-e895-4cd5-9317-06b59434e9b5,2026-07-06,CUST-212391,110,6,36,46.31,16,12:00-14:00,YouTube,27.24,0.26,No,0,31,Maps,1.75,27,96.19,4,Yes,8.03,Multiple,N/A
e0a2919c-dbd0-4736-9fce-73a576143b18,2025-10-16,CUST-698997,201,36,54,6.77,6,18:00-20:00,YouTube,17.56,0.14,No,0,2,News,1.48,32,96.07,1,No,8.68,Single,N/A
a74d9a52-cac7-4b2f-8b76-35e861ddd705,2025-11-30,CUST-570180,144,18,178,42.54,19,12:00-14:00,YouTube,10.61,0.32,No,0,48,Streaming,0.79,32,97.43,4,Yes,6.72,Single,N/A
f089009b-a0b9-45ad-874b-5074cda70f48,2025-10-09,CUST-605311,75,50,61,11.59,13,20:00-22:00,None,0.87,0.57,Yes,0,22,Gaming,0.98,42,98.38,1,No,4.47,Multiple,N/A
915bc36b-c5b9-4562-94d8-9626bebb88b9,2025-09-20,CUST-525486,208,46,64,20.94,29,20:00-22:00,YouTube,20.97,0.39,No,0,32,News,0.64,55,99.84,1,No,2.96,Single,N/A
d8ef4f7c-6d33-408c-b81e-b511810e0909,2026-05-27,CUST-982386,72,26,163,49.52,21,20:00-22:00,None,74.63,0.35,No,0,15,Maps,0.52,19,97.9,4,No,0.57,Multiple,N/A
b7b0301c-df2b-49d1-9e55-5823e45457d2,2025-08-18,CUST-351941,287,28,50,49.19,29,12:00-14:00,Spotify,83.16,0.63,No,0,18,News,0.58,7,95.09,0,No,6.14,Single,N/A
5826b4d8-21ed-4548-aeee-d7a90accde04,2026-03-01,CUST-320113,227,40,166,12.73,40,08:00-10:00,Netflix,25.19,0.82,No,6607,58,News,0.7,23,97.28,1,No,8.49,Single,N/A
92896a99-6976-4b98-a45f-6a5cccaf238c,2026-05-19,CUST-924292,235,14,196,19.36,37,08:00-10:00,None,78,0.82,No,0,33,Streaming,0.91,13,95.75,2,No,1.27,Single,Canada
3fd72f2d-8651-4d47-8b75-7bc65351b088,2026-02-17,CUST-650052,256,43,42,7.74,30,08:00-10:00,Spotify,4.05,0.25,No,0,35,Gaming,0.92,26,97.2,3,No,1.43,Multiple,Germany
3ac5066f-fd28-42b4-9f74-4c73319f2ae1,2026-01-26,CUST-580584,256,30,159,41.74,26,12:00-14:00,YouTube,0.99,0.65,No,0,53,Maps,0.85,58,99.98,4,No,4.52,Multiple,N/A
ba91105e-4541-472c-95d0-44b62c6aa1f0,2026-01-29,CUST-558002,298,8,131,1.24,49,20:00-22:00,YouTube,19.22,0.15,No,0,11,Social,0.79,60,95.83,5,No,8.72,Single,N/A
27fd42c0-2a79-46eb-9112-49eaaef7cd45,2026-01-16,CUST-254454,72,46,154,9.65,49,12:00-14:00,Spotify,44.02,0.59,No,0,41,Social,1.97,27,96.26,2,No,9.06,Multiple,N/A
d06bab81-32f1-4eac-9b9d-a7d49451abb9,2025-12-08,CUST-207657,6,12,67,28.36,19,12:00-14:00,Spotify,66.01,0.69,No,0,30,Maps,1.09,54,98.88,0,No,6.48,Single,N/A
ec840918-7af6-4a65-96ed-68d7925226fe,2026-05-07,CUST-269805,219,18,156,25.44,38,12:00-14:00,Netflix,61.46,0.88,No,0,45,Maps,1.65,57,98.29,3,No,3.27,Single,N/A
f106ad66-3a4f-490b-90c4-b9a4db8aa2a2,2026-07-25,CUST-391352,19,33,26,21.48,23,12:00-14:00,Spotify,63.58,0.27,Yes,0,48,Streaming,1.02,13,98.37,2,No,1.35,Multiple,N/A
7452095a-f85d-4e21-98c8-c5be362654cb,2026-05-11,CUST-687971,199,23,51,13.44,28,08:00-10:00,YouTube,27.08,0.61,No,0,11,Maps,1.7,15,99.75,5,No,0.34,Single,N/A
f6302930-54ca-4a88-b09c-ad7123be4ad1,2026-02-18,CUST-493141,55,8,34,2.56,9,12:00-14:00,Spotify,61.14,0.2,No,0,41,News,1.91,26,95.75,4,No,9.53,Multiple,N/A
fc24dee2-c4d8-4822-aaea-25bf9843fa7d,2026-07-18,CUST-883333,181,20,55,27.35,35,18:00-20:00,YouTube,36.35,0.64,No,0,57,Maps,1.39,36,97.09,4,No,5.62,Single,N/A
61a265e9-ef74-4e75-b939-8fbc71765237,2025-12-07,CUST-517275,177,1,148,16.06,33,18:00-20:00,None,57.96,0.65,No,0,42,News,1.18,13,99.02,3,No,8.8,Multiple,N/A
e8d99ef6-8c5f-498f-85af-deb46f9d619b,2026-03-29,CUST-552445,230,6,188,3.74,14,12:00-14:00,Spotify,21.66,0.66,No,7216,23,Streaming,0.78,39,95.3,4,No,8.88,Single,N/A
98d933db-1e82-442b-bc82-6ffa5daae187,2025-10-27,CUST-684633,9,48,166,36.7,22,18:00-20:00,Netflix,78.17,0.26,No,0,35,News,1.47,26,97.54,4,No,8.89,Single,N/A
71d6c118-0409-492f-9c84-8e9833cd49af,2025-10-01,CUST-903782,119,16,72,34.73,31,20:00-22:00,YouTube,2.06,0.56,No,0,47,Streaming,0.74,26,97.96,1,No,7.43,Single,N/A
b93baa96-6335-4d6e-b8f9-28ecec7defc8,2026-06-28,CUST-644637,284,5,147,23.16,27,08:00-10:00,None,94.38,0.25,Yes,0,7,Social,0.81,24,97.23,4,No,6.49,Multiple,N/A
72d4ebd5-b8b5-4be4-9f78-c84c87f1da5e,2026-04-07,CUST-899128,165,29,153,45.59,27,18:00-20:00,YouTube,53.37,0.67,No,0,42,News,0.6,17,96.84,5,No,4.89,Single,Japan
7971b098-f4cc-4559-9994-a3b424d2a22f,2025-10-10,CUST-684079,135,28,164,16.61,10,08:00-10:00,YouTube,87.96,0.77,No,0,6,News,1.94,22,95.17,4,No,0.76,Single,N/A
20e32c75-f3db-4345-a00d-423016ea48fc,2026-02-20,CUST-664056,89,29,54,17.39,28,08:00-10:00,None,29.38,0.7,No,0,3,Social,1.7,32,97.9,2,No,2.39,Single,N/A
b996714d-3833-412c-90e3-5fb7ceee45e8,2026-07-06,CUST-601720,162,10,92,31.8,7,08:00-10:00,Netflix,60.33,0.59,No,0,17,Streaming,1.92,58,99.83,2,No,4.52,Multiple,N/A
a0d73410-3b24-4be9-86bf-0653edc1784b,2026-03-04,CUST-571975,127,18,170,13.39,43,08:00-10:00,YouTube,56.17,0.18,No,0,26,Maps,1.69,29,98.41,1,No,2.73,Single,N/A
a9ebeb25-866f-4281-83e6-3afbe6499bd5,2026-01-19,CUST-172892,287,13,92,41.86,8,12:00-14:00,YouTube,14.14,0.71,No,0,13,Productivity,1.51,44,96.22,3,No,1.4,Single,Germany
5ffe22a4-6bfb-484c-90bb-ba95947908e6,2026-02-10,CUST-141482,142,44,74,8.97,6,12:00-14:00,Netflix,31.77,0.42,No,0,4,Maps,0.71,44,97.88,4,No,2.34,Multiple,N/A
d5d4ad29-b6b9-4200-8052-5e28442f9288,2026-02-07,CUST-954412,130,12,146,49.81,49,12:00-14:00,None,64.84,0.67,No,0,44,Maps,1.51,25,97.9,3,No,3.08,Single,N/A
333da74c-0009-4c51-bca4-05f522e4ba2f,2026-01-30,CUST-801256,53,37,170,21.1,31,12:00-14:00,None,58.87,0.82,Yes,0,30,Social,1.59,7,98.38,4,No,5.57,Multiple,N/A
b47a87f9-5fdb-42f3-a5f1-39a536309b0c,2025-10-17,CUST-554002,7,6,111,34.35,42,08:00-10:00,None,50.35,0.15,Yes,0,24,Gaming,1.77,17,98.99,1,No,4.79,Multiple,N/A
77f899d3-6699-43e0-8bd5-1cebf1ff52a1,2026-03-05,CUST-549889,254,29,128,46.55,30,20:00-22:00,YouTube,24.23,0.36,No,0,23,Maps,1.77,58,96.01,2,No,0.71,Multiple,N/A
df7db05c-a806-42ba-8f14-cc84c70f2cae,2026-03-26,CUST-463087,44,14,144,32.31,36,08:00-10:00,None,17.46,0.44,No,0,28,News,0.96,37,98.45,4,No,7.24,Single,N/A
ce8c145b-90e6-49ab-b758-2af96cde15c6,2026-02-05,CUST-445184,255,9,35,29.89,12,08:00-10:00,None,16.37,0.85,No,0,28,Gaming,1.24,42,98.8,4,No,8.57,Multiple,France
d489c669-3aca-4b6b-afd7-41a2f281f315,2026-05-26,CUST-353429,129,49,10,18.22,48,18:00-20:00,YouTube,66.93,0.14,No,0,58,News,1.48,42,97.32,2,No,1.63,Multiple,N/A
f6a00e6d-85b7-4c90-8624-4c32a40665b7,2025-12-24,CUST-303781,289,17,21,35.8,20,18:00-20:00,YouTube,98.92,0.65,No,0,1,Streaming,0.69,40,95.34,5,Yes,5.5,Multiple,N/A
6dc2ddec-0e77-49d2-b04f-674ec9892709,2025-12-17,CUST-801033,117,4,112,40.5,22,18:00-20:00,Spotify,85.47,0.38,No,0,36,Maps,1.09,31,96.25,0,No,7.1,Multiple,N/A
053f97df-11bf-47d5-8574-82338139386d,2025-10-11,CUST-783858,243,43,5,17.77,40,20:00-22:00,None,30.86,0.3,No,0,12,News,1.29,27,95.02,5,No,6.67,Multiple,Mexico
1b0c7ed7-f4da-4e59-a818-77fb142917a4,2026-01-26,CUST-860809,166,27,103,28.81,37,20:00-22:00,Spotify,49.46,0.41,No,0,23,Maps,1.03,29,95.37,2,Yes,3.75,Multiple,N/A
9ea2ca7e-f5a4-49c5-8841-6c39ac8843c3,2025-11-13,CUST-593554,199,27,20,14.05,50,18:00-20:00,YouTube,51.39,0.86,No,0,18,Streaming,0.63,38,97.92,2,No,5.12,Single,N/A
f3c7da32-9065-477c-813a-d04044b316a4,2026-05-07,CUST-689517,7,3,80,9.64,31,20:00-22:00,Netflix,33.67,0.56,No,0,51,Productivity,0.96,12,97,2,No,0.93,Multiple,N/A
3a6055e7-57fb-4475-a8b5-68dadd7f401c,2026-06-02,CUST-576631,288,17,195,45.83,45,18:00-20:00,None,87.47,0.45,No,0,60,Streaming,0.77,42,97.93,4,No,1.67,Single,N/A
23f4cbe1-5d1e-44e1-a45c-cea13bede106,2026-01-05,CUST-233206,15,12,162,16.45,36,18:00-20:00,Spotify,61.19,0.82,No,6713,47,Gaming,1.08,24,95.75,1,No,5.43,Single,N/A
5d10c169-7051-4051-9d8e-a9c3a11561a4,2026-04-05,CUST-295465,250,35,173,30.79,44,12:00-14:00,None,98.99,0.26,No,0,13,News,0.96,47,99.63,2,No,0.59,Single,N/A
ce6804ed-45f8-46f3-ad1e-726a4dab834e,2026-07-19,CUST-892769,22,27,87,28.88,14,18:00-20:00,Spotify,66.3,0.72,No,0,50,News,0.97,31,95.21,3,No,0.46,Single,N/A
79dc593e-e46c-41b4-9299-176ba7b6dd97,2026-04-26,CUST-840542,137,34,38,42.3,49,18:00-20:00,Netflix,10.69,0.35,No,7559,37,Maps,1.92,10,97.15,3,No,2.46,Single,N/A
77d341ae-274d-4d89-b4ab-1b1a75ee3ba8,2025-08-16,CUST-606273,115,33,45,41.64,13,20:00-22:00,Spotify,93.59,0.8,No,0,9,Gaming,1.52,18,97.21,3,No,7.84,Single,N/A
d4d60184-5209-4509-b89e-5c7300f209f1,2026-02-02,CUST-447249,225,47,26,45.69,33,08:00-10:00,None,11.06,0.49,No,0,32,Streaming,0.54,31,99.93,2,No,3.15,Multiple,N/A
2ce00022-78f2-45e0-bf23-66128277f4f8,2025-09-25,CUST-689160,213,11,19,16.52,26,08:00-10:00,Spotify,6.68,0.65,No,0,25,Social,0.95,55,96.55,2,Yes,5.61,Multiple,Mexico
c0b118be-c0a7-49ad-b8c6-da2f05c74897,2026-05-20,CUST-890724,110,10,141,19.55,39,18:00-20:00,Netflix,25.02,0.55,No,0,28,Maps,1.16,59,97.89,2,No,9.93,Single,N/A
f68f7882-d2a7-4da4-8536-1d8c561a28e7,2026-01-14,CUST-428643,286,35,105,1.73,11,12:00-14:00,Netflix,61.02,0.88,No,0,11,Streaming,1.39,56,97.68,3,No,1.62,Single,N/A
b2cd7f7c-7e89-4a97-9977-3a6b544a9759,2025-10-11,CUST-815247,214,47,175,12.93,46,20:00-22:00,Netflix,12.85,0.2,No,7326,31,Productivity,0.9,56,99.65,4,No,4.75,Single,N/A
6a9ee860-4241-4558-b93a-15fc26ee7b12,2026-04-27,CUST-744087,136,12,108,11.08,25,18:00-20:00,None,37.01,0.3,No,0,21,Streaming,1.79,54,97.29,4,No,4.61,Single,N/A
acf15703-4c50-4a40-b65b-0eee4c924a28,2025-12-11,CUST-699065,44,26,81,34.28,24,08:00-10:00,YouTube,87.12,0.68,No,0,31,Gaming,1.65,19,97.4,4,No,3.23,Single,N/A
022e2e6d-5ce3-47b6-b50c-927d37218ed3,2026-07-04,CUST-346526,191,34,190,46.51,33,20:00-22:00,Netflix,14.9,0.35,No,0,14,Streaming,0.99,7,96.83,1,No,5.38,Multiple,N/A
4d9632b5-00ec-4527-b746-a512c0ca2555,2025-12-07,CUST-381699,116,34,98,39.97,36,18:00-20:00,None,54.48,0.12,No,0,34,Productivity,1.43,32,99.67,2,No,3.62,Single,N/A
443a6c54-118a-4714-b737-a62bc664666b,2025-12-13,CUST-129646,72,20,160,33.95,36,20:00-22:00,Netflix,19.76,0.6,No,0,38,Maps,1.04,22,96.18,1,No,3.78,Single,N/A
49245330-e059-46f1-b57e-f10496a79b8a,2025-08-11,CUST-329344,116,4,38,29.18,20,20:00-22:00,None,91.25,0.4,No,0,29,Productivity,1.26,36,97.82,3,Yes,9.48,Single,N/A
4dbe2255-3087-470c-b6ad-599ccf2f1292,2026-01-14,CUST-843700,37,1,140,4.15,43,12:00-14:00,None,44.98,0.89,No,0,33,Productivity,0.85,16,99.08,1,No,8.82,Single,N/A
14aff5b7-fda8-4e12-9b7f-73970b538aa3,2026-05-04,CUST-732385,245,11,63,43.52,49,08:00-10:00,None,57.9,0.74,No,0,26,News,1.9,47,98.97,3,No,4.73,Multiple,N/A
b15512ad-cdc4-4df0-a397-8ba0bf5456fa,2025-08-21,CUST-244191,33,7,194,2.65,47,20:00-22:00,None,5.08,0.34,Yes,4243,24,Streaming,1.46,9,98.42,1,No,6.22,Single,N/A
4863a760-f315-448e-a07c-db4dfa572dbc,2026-06-02,CUST-153120,185,29,15,11.9,15,18:00-20:00,Spotify,31.62,0.27,No,0,35,Social,1.86,22,98.97,4,No,4.4,Multiple,N/A
4733062d-50dc-4fd2-be36-50c99742c97d,2025-12-04,CUST-238657,84,40,62,12.63,38,08:00-10:00,Netflix,74.27,0.2,No,0,38,Social,0.85,33,97.83,4,No,9.02,Multiple,Germany
13875132-bf80-4b32-b065-38a332d0b637,2025-12-08,CUST-688847,202,4,82,16.56,10,20:00-22:00,Spotify,86.98,0.81,Yes,4697,54,News,1.2,28,97.36,4,Yes,9.24,Single,N/A
3c41996d-f351-48e1-8a92-ee6456b01348,2025-09-25,CUST-865100,6,24,81,49.59,36,20:00-22:00,YouTube,88.26,0.51,No,0,20,Maps,0.57,31,95.86,2,No,9.24,Multiple,N/A
6d405e86-98df-4217-a974-2bf28bdfb43b,2026-02-09,CUST-808742,116,21,136,18.29,20,12:00-14:00,YouTube,14.5,0.26,No,0,29,Productivity,1.93,10,99.67,2,No,9.97,Single,N/A
f6228e27-1624-455e-9218-752d1d986ce0,2025-09-06,CUST-925943,40,39,128,27.48,43,08:00-10:00,YouTube,63.36,0.74,No,0,38,Maps,1.79,15,96.09,0,No,1.99,Multiple,N/A
ce20b364-b1cb-4bee-92fc-e8fbd9d723ac,2026-02-08,CUST-752635,286,6,6,23.74,40,20:00-22:00,Netflix,27.14,0.55,No,0,14,Productivity,0.84,36,95.02,4,No,7.58,Single,N/A
cc7274d5-ae30-4cc0-b129-3a2f3a128702,2026-01-10,CUST-885343,257,35,176,31.91,24,18:00-20:00,Spotify,26.34,0.85,No,0,24,Productivity,1.54,20,98.45,0,No,4.55,Single,N/A
2640f5b5-ab88-4f5a-9911-28c8191dbd0b,2026-06-29,CUST-455605,260,17,112,20.62,18,08:00-10:00,Netflix,62.88,0.42,No,0,0,Maps,1.6,44,99.13,2,No,9.88,Single,N/A
f74a6aa5-08d8-4519-a56f-76e52a91c8cd,2025-09-05,CUST-590255,220,34,188,7.56,12,20:00-22:00,None,66.37,0.45,Yes,4235,14,Streaming,0.69,21,99.32,5,No,9.9,Single,N/A
2856fe93-c7d2-4000-933e-f9e43e3227c1,2025-09-24,CUST-835917,115,45,25,12.85,45,12:00-14:00,YouTube,90.43,0.53,No,0,34,Social,0.61,20,96.7,2,No,8.94,Multiple,N/A
11d36f62-eb53-4bf9-a3a6-c6e6dc55e4fb,2025-12-21,CUST-943245,21,49,12,11.81,7,20:00-22:00,YouTube,88.88,0.69,No,6798,18,Social,1.09,42,99.81,2,No,9.95,Multiple,USA
3b5cae55-1a1e-4b50-a1f7-f797d2e50df5,2025-10-17,CUST-848264,294,29,179,20.41,14,12:00-14:00,Netflix,72.52,0.82,No,6337,31,Streaming,1.7,16,96.28,1,No,5.78,Multiple,UK
bacec302-fd2a-48d7-83f2-700718898bd5,2026-03-23,CUST-275015,104,20,144,15.14,14,08:00-10:00,Spotify,87.54,0.5,No,0,50,Maps,1.69,19,99.35,1,No,7.24,Single,N/A
eae29efc-67d8-4fa4-a989-bbc243edeb3c,2026-01-08,CUST-378059,280,40,70,24,42,20:00-22:00,Spotify,7.19,0.32,Yes,0,52,Gaming,1.77,27,95.59,2,No,3.83,Single,N/A
a537745b-1626-4b7c-8d6d-71e5a7aba152,2025-09-03,CUST-139115,135,27,111,44.27,31,20:00-22:00,Spotify,41.07,0.54,No,0,49,Productivity,0.65,15,99.5,2,Yes,8.6,Single,N/A
bd53dd3b-ce14-4c32-951c-2d9048dcc427,2026-04-09,CUST-933432,106,50,32,9.87,20,18:00-20:00,Netflix,71.77,0.11,No,0,12,Gaming,1.74,44,97.32,3,Yes,8.31,Single,N/A
f306059b-c57f-457c-b5d6-d0e26c4307a2,2026-06-15,CUST-804114,97,47,79,24.96,24,20:00-22:00,Netflix,92.76,0.56,No,0,18,Streaming,0.98,29,95.56,3,Yes,0.86,Single,UK
0cac96aa-0d1e-4001-8195-a99ca433740d,2026-04-05,CUST-440403,176,17,144,39.53,7,18:00-20:00,None,43.06,0.85,No,0,51,Streaming,1.45,60,97.7,0,No,7.52,Multiple,N/A
8f0c99e7-d675-46b1-80fc-d4955ca93a78,2026-01-31,CUST-762974,244,9,60,34.94,50,08:00-10:00,Netflix,44.25,0.4,No,0,4,Streaming,0.81,58,96.66,1,No,5.8,Single,N/A
a118362d-6703-4760-ad92-3afabfc6356d,2025-08-17,CUST-320791,63,15,14,39.05,11,20:00-22:00,None,85.25,0.73,No,0,40,Productivity,0.8,57,97.82,0,No,8.93,Single,N/A
5657ca2c-cb6f-4bbb-92e1-72489fcb5d6a,2026-05-04,CUST-883862,112,41,121,13.57,50,18:00-20:00,YouTube,26.39,0.17,No,0,53,News,0.61,10,96.95,3,No,5.53,Single,N/A
5476b2b1-0273-4365-b56e-df4dce909e3f,2025-08-01,CUST-941597,16,42,107,19.49,17,18:00-20:00,Netflix,29.45,0.53,No,0,58,Gaming,0.74,18,98.11,2,No,4.09,Multiple,N/A
cb06ee59-2d17-4b90-8faf-398cba95731c,2026-03-07,CUST-185732,139,27,39,43.48,16,18:00-20:00,None,21.84,0.13,No,0,35,News,1.98,60,97.09,4,No,6.86,Multiple,N/A
a408e738-d823-490e-9399-6252f60723a6,2026-06-14,CUST-667780,134,43,9,12.48,30,08:00-10:00,None,41.53,0.67,Yes,0,48,Maps,1.73,50,98.34,5,No,0.54,Multiple,N/A
a666f06e-a2da-4171-8f26-6410407ba34c,2026-03-13,CUST-391776,118,49,73,47.84,32,18:00-20:00,None,85.48,0.56,No,0,40,News,1.74,18,95.84,2,No,5.88,Multiple,N/A
5e7844e8-46b1-4f2c-bbd3-8eadd7ff51f8,2025-12-02,CUST-327714,19,32,142,13.65,27,18:00-20:00,Netflix,46.15,0.57,No,0,35,Productivity,1.17,21,95.31,1,No,2.99,Single,N/A
08bb6112-0472-4478-b9ca-e4bf88b4a9c3,2025-12-14,CUST-352159,209,9,169,49.31,39,20:00-22:00,YouTube,10.98,0.3,No,8560,35,Maps,0.53,42,95.53,4,No,9.48,Multiple,N/A
2c397526-fd94-4802-bb0a-f21d09590f17,2026-07-05,CUST-589075,34,14,140,7.85,49,18:00-20:00,None,67.31,0.81,No,0,30,Social,1.47,9,95.49,3,No,5.53,Multiple,N/A
10249554-284a-4d90-b40e-3f84acc06438,2026-02-11,CUST-353032,232,19,43,0.54,18,12:00-14:00,None,90.17,0.85,No,0,57,Social,1.5,40,99.12,3,Yes,2.13,Single,N/A
d35e0baa-fe47-49b9-b3ab-b49e94e8712f,2025-10-05,CUST-875837,69,8,45,25.08,50,08:00-10:00,Netflix,96.6,0.88,No,0,38,News,1.77,39,96.6,3,Yes,9.74,Single,N/A
0b9f5158-485d-4e54-bb9a-e3e9018a7b76,2026-05-18,CUST-776608,284,48,24,29.8,33,08:00-10:00,Spotify,40.82,0.46,No,0,18,Maps,0.99,31,95.2,5,No,1.63,Multiple,N/A
19b7afd6-af72-440c-b5b5-d417da295b19,2026-02-04,CUST-813807,208,26,46,10.78,47,20:00-22:00,YouTube,23.23,0.76,No,0,1,Streaming,1.86,29,97.91,4,No,1.59,Single,N/A
47e6c255-c828-4faa-86d6-734c6ca43801,2025-10-25,CUST-904384,159,32,157,18.81,18,20:00-22:00,None,50.01,0.8,No,0,34,Social,1.52,37,96.98,4,No,3.46,Multiple,N/A
0995d68b-0baf-463e-8304-e89169cec6be,2026-04-13,CUST-263558,124,35,158,27.58,27,20:00-22:00,Spotify,32.05,0.14,Yes,0,20,Maps,0.98,45,95.23,1,No,5.6,Single,USA
144ad73a-e97e-4a3e-936d-6d63f5054b5a,2026-01-23,CUST-841343,41,47,120,47.44,8,18:00-20:00,None,42.42,0.3,No,0,19,Streaming,1.77,19,97.69,1,No,4.79,Multiple,N/A
8ab91358-9808-44ad-b319-e93019da8e16,2026-06-06,CUST-714887,90,47,16,35.04,23,08:00-10:00,Spotify,51.87,0.55,No,0,9,News,1.73,11,97.96,3,No,2.28,Single,N/A
2edb420a-d21e-4ea3-8339-73d5b986d79e,2025-08-09,CUST-198709,247,44,153,7.27,19,20:00-22:00,None,69.84,0.23,No,0,35,News,0.6,54,99.54,2,No,2.01,Multiple,N/A
7ddc5150-063c-4af4-8dc8-fafa656f8769,2026-05-05,CUST-938974,135,18,123,23.71,25,20:00-22:00,YouTube,76.39,0.65,No,8219,43,News,1.46,45,97.75,2,No,2.93,Multiple,N/A
088b6418-f2f5-4c97-80a1-8f34e8f7e686,2026-05-13,CUST-413027,259,49,30,38.66,17,08:00-10:00,Spotify,18.29,0.76,No,0,28,Productivity,1.17,16,99.97,2,No,8.43,Multiple,N/A
51ad86b1-5275-48ea-b07b-3b14492a9a58,2026-01-29,CUST-399272,237,8,74,14.21,47,20:00-22:00,Spotify,75.73,0.51,No,0,1,Maps,1.12,36,96.88,4,No,4.77,Single,N/A
32dc12e0-672a-4825-87f9-bc093c5e58ac,2025-12-30,CUST-485467,176,35,17,18.31,6,20:00-22:00,None,26.8,0.13,No,1671,13,Gaming,1.18,23,97.7,3,No,9.14,Single,N/A
1bcf945e-3a33-4ca9-afb0-bab9feba569e,2025-12-22,CUST-634617,104,48,163,41.28,43,08:00-10:00,None,98.18,0.4,No,3991,29,Social,1.89,15,99.71,2,No,7.54,Single,N/A
38d641fa-c37b-478c-b39d-18c0f2477f25,2026-07-10,CUST-434276,10,5,103,42.88,47,12:00-14:00,None,58.13,0.36,No,0,7,Productivity,1.54,25,99.06,3,Yes,0.11,Multiple,N/A
1e201c44-1217-471b-bd26-2e8599b8a19c,2026-03-24,CUST-459936,38,46,119,38.66,48,12:00-14:00,None,97.61,0.87,No,0,34,Productivity,0.92,13,99.35,3,Yes,2.17,Multiple,N/A
049ab326-dd39-43a2-a98b-09198ed3a54a,2026-03-27,CUST-698022,145,44,61,6.09,37,12:00-14:00,Netflix,4.64,0.26,Yes,0,17,Gaming,1.18,9,98.62,4,Yes,6.5,Single,N/A
c16123a1-c822-45e4-b46f-12d3c8023b24,2025-08-27,CUST-958796,117,28,156,35.8,43,20:00-22:00,Spotify,68.71,0.69,No,0,30,Gaming,0.75,52,99.4,4,Yes,4.08,Single,N/A
ea972612-fca2-4c9a-bf74-51a2842a00bd,2026-02-01,CUST-245936,95,12,168,41.45,40,12:00-14:00,None,98.44,0.23,No,0,35,Social,0.55,17,98.21,3,Yes,3.47,Single,N/A
1667d570-1add-44cb-a413-4e7c7c3d8a1e,2026-04-01,CUST-433251,213,21,9,15.18,27,08:00-10:00,None,20.78,0.8,Yes,0,30,News,1.32,60,98.47,3,No,0.14,Multiple,UK
90b4b3df-cf1c-44e0-a49b-44fb67fee63f,2026-01-27,CUST-343711,254,33,57,47.28,13,18:00-20:00,None,89.38,0.68,No,0,48,News,1.84,32,99.77,1,No,9,Single,N/A
eac2f0b2-45ac-4475-9f97-4d3a57fb2d8f,2025-09-30,CUST-271629,206,12,16,15.4,37,20:00-22:00,None,64.46,0.26,Yes,0,19,Gaming,1.09,57,95.26,1,No,8.39,Single,N/A
5d0d3186-3cdb-477f-b216-19bb361df840,2026-03-29,CUST-720571,57,36,45,13.06,20,20:00-22:00,Spotify,75.66,0.88,No,0,32,Social,0.91,46,99.25,5,Yes,3.36,Multiple,N/A
435edb20-6c61-4980-b045-7b6f58ed8310,2026-02-24,CUST-769620,259,38,14,36.85,25,18:00-20:00,Netflix,55.25,0.58,No,847,59,Gaming,1.77,50,95.86,0,Yes,1.39,Single,N/A
8c27eb19-9651-40c6-aee3-9f5bd71d55f6,2026-06-27,CUST-657015,254,11,36,21.69,35,18:00-20:00,Spotify,19.79,0.11,No,0,26,Maps,0.92,26,95.81,2,No,9.4,Single,N/A
05301625-c062-4425-b9f0-f11866bccdca,2026-02-12,CUST-501602,122,17,190,47.7,31,20:00-22:00,None,69.87,0.37,No,0,44,Streaming,1.99,20,95.67,1,No,3.82,Single,Canada
0e2d92af-727a-4546-a38a-c0d3dcd074be,2026-05-04,CUST-180571,134,31,180,3.3,45,18:00-20:00,Netflix,41.42,0.64,No,0,27,Gaming,1.03,38,97.52,4,No,8.14,Single,N/A
14df0461-c49e-4492-a5a5-35ce6d536d94,2025-12-01,CUST-885971,109,13,111,35.81,15,18:00-20:00,Netflix,97.19,0.77,No,0,53,News,1.74,24,95.57,3,Yes,5.3,Multiple,N/A
806de52a-dfdd-4662-ab4c-22fc29d2fb8e,2026-03-08,CUST-666151,254,17,139,38.36,43,18:00-20:00,None,19.99,0.58,No,0,2,Maps,0.54,34,96.95,4,No,4.1,Single,N/A
dd326861-e29d-4c56-b17f-7b9d70122127,2025-12-03,CUST-135863,168,20,124,10.45,25,20:00-22:00,Netflix,95.84,0.63,No,0,38,Gaming,1.5,48,96.03,5,Yes,8.24,Single,Canada
2e33f60d-89b7-4db7-90e2-4d31f0696e95,2026-03-10,CUST-522718,181,12,143,25.9,13,20:00-22:00,None,98.68,0.11,No,0,59,Productivity,1,54,99.37,1,No,4.43,Single,N/A
6394947e-a7cd-43ef-ad7b-465289a655a7,2026-01-01,CUST-328682,231,24,13,1.99,21,20:00-22:00,Netflix,62.9,0.5,No,0,2,Gaming,1.37,33,96.51,2,No,4.97,Single,N/A
748b54a1-eef6-4b09-b350-ccd1f6c15f46,2026-06-04,CUST-578049,162,20,63,33.04,14,20:00-22:00,None,42.52,0.45,No,0,39,Streaming,1.58,10,98.26,4,No,3.37,Single,N/A
825c67ad-c2cb-462e-ae3f-3d6ceb0c1e6f,2025-11-24,CUST-387772,147,18,49,30.79,35,20:00-22:00,YouTube,36.77,0.31,No,0,57,News,1.44,55,96.34,4,Yes,3.97,Single,N/A
24ffcf21-a17f-42a7-9122-151e0958b523,2026-03-22,CUST-175074,293,20,113,48.11,19,18:00-20:00,Spotify,2,0.78,No,0,55,Gaming,0.65,56,96.75,1,No,1.86,Multiple,N/A
07bcb426-beb8-4458-8220-359f1c4eca8f,2026-03-26,CUST-354264,250,45,176,11.37,24,08:00-10:00,None,39.95,0.77,No,0,2,Maps,0.65,24,96.03,1,Yes,3.72,Single,N/A
141fb0a3-5ee3-47e6-bf30-4fb920403e00,2026-06-01,CUST-741272,250,8,34,27.08,25,12:00-14:00,Spotify,25.9,0.69,No,0,27,News,1.24,32,96.39,5,No,7.39,Single,Mexico
dd3dd968-5f0d-46dc-ae3c-44396b3e1656,2026-07-09,CUST-117497,216,35,52,27.41,6,18:00-20:00,None,68.58,0.76,No,0,12,Streaming,1.27,19,96.05,3,No,2.48,Single,N/A
a221b5b6-6122-4b78-b235-97bf71a084c7,2025-12-25,CUST-362690,143,32,100,44.97,34,12:00-14:00,Spotify,94.4,0.4,No,0,46,Streaming,1.59,47,95.15,1,No,2.43,Single,N/A
ada99134-6cc2-43b4-bce7-f92f4c80992e,2025-10-23,CUST-670024,121,6,175,9.78,38,18:00-20:00,None,60.48,0.72,No,0,17,Streaming,1.56,23,98.61,1,No,3.53,Multiple,N/A
c034340c-1f34-4b68-ab25-1ce8f26e35f7,2025-08-18,CUST-533382,230,11,191,37.01,12,12:00-14:00,Spotify,22.21,0.47,No,0,39,Social,1.77,11,96.21,2,Yes,4.91,Single,N/A
1c1cd089-ae57-4ae3-9cad-4591699451f5,2026-03-15,CUST-457268,284,2,56,32.32,18,12:00-14:00,Netflix,95.99,0.47,Yes,0,56,News,1.49,49,99.86,4,No,9.07,Single,N/A
7a20f159-1fd8-4aba-a5bc-6062e384010a,2025-10-08,CUST-187567,154,3,35,47.17,16,12:00-14:00,None,55.26,0.79,Yes,4259,45,News,1.4,21,96.53,3,No,5.8,Single,N/A
26dad502-208d-45d3-83af-c3994e7e2b28,2026-04-07,CUST-188669,23,7,96,13.04,45,12:00-14:00,Spotify,33.39,0.89,No,0,20,Social,1.56,30,99.79,4,No,2.69,Multiple,N/A
0fc3e471-c0bb-451d-a8f5-7852d64528b7,2026-01-04,CUST-817153,210,31,27,15.59,36,12:00-14:00,None,18.3,0.48,No,8322,43,Maps,0.72,7,98.9,5,Yes,5.11,Single,N/A
c8e49fe6-a232-473a-8d32-6dc070abe7ce,2025-08-01,CUST-957076,74,30,158,6.65,16,12:00-14:00,Netflix,80.99,0.66,No,0,35,Streaming,1.73,21,97.45,5,No,2.68,Single,N/A
317fc1f1-e64b-470e-96d2-68b373b510f6,2025-12-06,CUST-853256,127,15,71,11.42,49,08:00-10:00,None,61.61,0.61,No,0,3,Streaming,0.55,6,97.86,2,No,0.32,Single,N/A
255ef509-ed0f-4d6c-aadb-d7481c8dd5b2,2026-02-10,CUST-792631,14,8,96,36.19,17,08:00-10:00,Spotify,93.93,0.14,No,0,51,Gaming,1.35,18,98.22,5,No,5.61,Multiple,N/A
b8a8dca8-ee95-40e6-8250-5e0106f9969c,2026-01-20,CUST-308110,114,13,164,10.39,23,12:00-14:00,None,13.67,0.89,Yes,0,53,Social,0.69,22,97.57,5,No,6.2,Multiple,N/A
e6d9de05-a613-473f-bb05-b0c3bfdbb555,2026-01-11,CUST-707557,92,46,5,3.71,40,08:00-10:00,Netflix,72.42,0.18,No,149,15,Social,1.58,57,99.69,3,No,4.59,Single,France
c50c92fa-2f04-4a3f-9b7e-de8bb82b5c07,2026-05-08,CUST-988595,207,19,65,27.23,11,20:00-22:00,Spotify,27.79,0.31,No,0,57,Streaming,1.18,54,96,4,No,5.86,Multiple,N/A
dde22c93-1c3a-4230-a57e-a3426611c859,2026-07-04,CUST-206704,147,37,169,41.64,35,12:00-14:00,None,47.26,0.49,No,0,18,Social,1.94,8,99.65,1,No,3.39,Multiple,N/A
08705e80-0e16-4f4f-9b8a-ae38b21dea25,2026-05-12,CUST-288393,283,14,32,36.98,30,08:00-10:00,Netflix,35.6,0.59,No,472,40,Social,1.5,7,97.01,2,Yes,4.82,Multiple,N/A
b51cce23-93b1-4619-a6ec-9fdb629061e1,2026-04-09,CUST-762306,112,46,193,22.84,12,12:00-14:00,Spotify,3.4,0.49,No,0,16,Gaming,1.53,29,99.96,1,No,1.42,Single,N/A
874a483e-53ee-495d-bdb5-e1fe8c510d5b,2025-08-19,CUST-807801,44,34,26,44.36,50,18:00-20:00,Netflix,4.12,0.73,No,0,17,Gaming,0.84,32,99,3,No,5.94,Single,N/A
ac8ff138-c374-4de1-938c-b7b3349541aa,2025-08-10,CUST-138145,33,31,130,37.91,14,12:00-14:00,Spotify,26.93,0.26,Yes,0,31,News,1.55,48,96.18,2,No,8.82,Single,N/A
45121ed8-5e17-4442-a652-a0ecf95c7b24,2026-02-12,CUST-963255,208,28,159,7.96,40,20:00-22:00,Netflix,52.69,0.2,Yes,0,14,Productivity,0.68,25,96.04,5,No,4.06,Multiple,N/A
f9d49fed-8410-4648-ae61-90f62fee782f,2026-07-01,CUST-989582,275,48,176,39.48,35,18:00-20:00,Netflix,9.97,0.75,No,0,21,News,1.87,48,99.85,0,No,7.16,Single,N/A
7e3307ca-f6cc-4dc1-9058-d0ac5ed3dc65,2026-03-14,CUST-456060,84,41,10,47.86,14,08:00-10:00,None,77.39,0.45,No,0,11,Productivity,1.88,46,99.98,3,Yes,7.26,Multiple,N/A
395f9335-4e51-4c4e-a8fa-0fa960682cd7,2026-05-12,CUST-985650,195,44,199,41.61,29,18:00-20:00,Netflix,42.84,0.67,No,0,6,Gaming,0.82,51,99.22,2,No,8.67,Multiple,N/A
415b48d7-21ab-4bf9-9f23-9312f0f591e8,2026-05-21,CUST-494326,233,14,148,39.06,42,20:00-22:00,None,37.22,0.2,No,0,54,Productivity,0.83,40,98.27,5,No,2.96,Multiple,N/A
fd8e8463-a3cd-4a26-8af8-2088b0e43da6,2025-10-15,CUST-433511,298,32,102,27.34,6,12:00-14:00,Spotify,17.89,0.25,Yes,0,51,Gaming,1.53,23,97.83,0,No,5.31,Single,N/A
09a6d843-ae4a-4965-a805-5e8215373061,2025-12-09,CUST-823520,238,15,144,46.9,20,18:00-20:00,YouTube,51.18,0.83,No,0,21,News,0.86,47,97.39,3,No,2.24,Single,N/A
dd48a15a-c3ad-4faa-8f2b-037ccd9416c7,2026-07-04,CUST-292901,138,17,20,5.38,15,08:00-10:00,Spotify,66.91,0.65,No,0,17,News,0.93,49,98.91,1,No,4.38,Single,N/A
fd13c124-f1c8-4248-8134-9a59dd762f23,2026-05-19,CUST-995469,121,24,80,20.4,14,18:00-20:00,Spotify,54.56,0.3,No,2329,60,Productivity,1.78,15,99.02,3,Yes,6.41,Multiple,N/A
aa17596c-0de4-43fc-99c4-63e12130dca5,2026-02-25,CUST-671169,240,21,50,19.67,28,18:00-20:00,Spotify,5.15,0.52,No,0,10,Social,0.75,21,96.12,3,No,7.26,Multiple,N/A
8755738f-4370-48fa-af1d-8ad0c5feb711,2025-11-03,CUST-407463,119,3,18,49.61,24,20:00-22:00,Spotify,68.4,0.66,Yes,0,15,Social,0.96,22,99.66,4,No,1.2,Single,N/A
6a560ff3-fcfb-4730-94c5-6e0721ec27cd,2026-02-27,CUST-437711,199,17,168,17.14,35,12:00-14:00,YouTube,92.53,0.53,No,0,16,Social,1.42,35,96.75,3,Yes,0.71,Multiple,N/A
be6bc49f-0fda-405b-a180-891610775b73,2026-07-15,CUST-299944,76,4,26,44,36,20:00-22:00,Spotify,2.41,0.31,No,0,28,Streaming,1.76,12,95.65,2,No,7.9,Multiple,N/A
e2459fcf-c651-464b-95d5-b1fb83f0738c,2025-10-18,CUST-933399,146,22,42,4.55,32,08:00-10:00,None,100,0.42,Yes,0,35,Gaming,0.83,55,98.65,5,Yes,4.08,Single,N/A
af42642b-fcfb-416c-83a5-51b5f05a1a55,2025-12-19,CUST-451098,152,6,179,23.57,30,18:00-20:00,Spotify,67.36,0.59,No,0,29,Streaming,1.31,47,97.46,1,Yes,6.73,Single,N/A
ac63bfe4-aebe-4bc6-a83f-73dea5dd6edc,2025-10-02,CUST-832255,218,9,109,30.54,24,20:00-22:00,None,77.1,0.67,Yes,0,60,Productivity,1.52,8,95.85,4,No,5.72,Single,N/A
59c73640-d013-416b-9d15-7169132b567c,2026-06-07,CUST-738411,298,43,101,33.02,30,20:00-22:00,None,50.7,0.51,No,0,10,Social,1.03,32,99.47,2,No,3.62,Multiple,N/A
d7fd89f8-9bf1-4665-8a4d-475351232d4b,2026-06-29,CUST-961273,82,26,31,23.68,40,20:00-22:00,None,24.11,0.41,No,0,4,Social,1.79,8,97.52,1,Yes,6.3,Single,N/A
652557e7-bf5a-4f80-a63a-11620e3d58f0,2025-09-15,CUST-350513,202,26,56,46.38,25,20:00-22:00,Spotify,66.26,0.27,No,0,23,Streaming,0.64,27,97.55,2,No,0.81,Single,N/A
2069bfcf-af71-47b4-83ff-e2cfe6cd99e0,2026-03-24,CUST-666972,18,8,20,2.41,50,18:00-20:00,Netflix,26.86,0.73,Yes,0,7,Streaming,0.85,12,95.61,0,No,3.06,Single,N/A
24d124ba-f5b1-4a06-9284-66336b0a4e8f,2026-07-10,CUST-889107,43,49,187,12.05,46,18:00-20:00,YouTube,52.33,0.6,No,6890,23,News,1.22,25,98.66,4,No,8.12,Multiple,N/A
8e5374f0-4bfc-44e4-b99d-0dc85ca9b55e,2025-12-15,CUST-407546,188,9,169,28.83,8,18:00-20:00,None,3.15,0.58,No,0,51,Maps,1.28,44,99.75,2,No,2.04,Multiple,N/A
bd126ce2-55d6-4892-8435-f10478604316,2026-05-10,CUST-686998,259,18,138,29.12,17,20:00-22:00,Netflix,44.84,0.21,No,0,47,Productivity,0.83,30,97.19,2,No,6.37,Single,N/A
2481f212-1088-40f6-93f5-b8de3df708ec,2026-01-12,CUST-808688,243,16,28,16.04,13,20:00-22:00,None,31.89,0.13,No,0,58,Social,1.69,20,98.09,2,Yes,3.45,Single,N/A
5d636187-c039-42f3-851a-706f9d35a2d7,2026-03-25,CUST-496750,73,23,82,7.6,13,12:00-14:00,YouTube,84.41,0.84,No,0,21,Maps,1.73,32,95.18,5,No,4.46,Single,N/A
67b6b273-e362-4601-b68f-18c4a13e4bc2,2026-03-18,CUST-635267,183,32,103,6.3,25,12:00-14:00,None,25.13,0.18,No,0,50,Gaming,0.58,17,95.58,2,No,1.32,Single,N/A
e0512286-b2ae-47c2-b0af-ff67b4b402cc,2026-07-03,CUST-565875,20,33,146,3.06,31,18:00-20:00,YouTube,47.05,0.26,No,0,15,Social,1.51,22,97.1,1,No,6.13,Multiple,N/A
881370b2-1c70-4f55-8260-a7c05e13529f,2025-10-12,CUST-685960,82,36,178,39.15,43,08:00-10:00,None,77.38,0.33,No,0,12,News,1.3,34,99.64,3,Yes,2.95,Multiple,N/A
64a280ea-7516-4179-a74a-0db8e1794402,2026-02-25,CUST-725684,69,17,161,17.79,12,08:00-10:00,Spotify,13.88,0.33,No,4913,4,Social,0.58,56,99.02,1,Yes,3.19,Multiple,N/A
2ada4c16-d37e-47fc-a913-2e16b501198c,2025-08-08,CUST-139220,49,29,186,36.61,6,08:00-10:00,Spotify,55.12,0.86,No,0,17,Social,1.05,48,96.77,4,No,9.75,Single,N/A
95211def-9e0a-4109-88e4-8775f2a7074b,2026-05-13,CUST-996165,70,47,166,11.67,48,18:00-20:00,Netflix,30.46,0.23,No,0,17,Maps,1.9,30,99.99,1,No,5.61,Multiple,N/A
7fee372b-aa6d-4a15-8b77-85bfec9d7095,2025-09-16,CUST-979845,252,24,106,14.7,9,18:00-20:00,YouTube,44.39,0.32,No,0,6,Streaming,0.88,40,95.15,3,Yes,7.15,Single,N/A
c60012b5-a2ca-420c-b889-d30cd939f19a,2026-06-14,CUST-877484,38,37,59,35.32,10,12:00-14:00,Netflix,37.87,0.25,No,0,25,Gaming,0.81,33,95.66,1,Yes,0.88,Single,N/A
9d0af2ba-d085-4c40-b5a5-19e8e1a128a4,2025-11-20,CUST-907152,234,35,120,35.57,9,20:00-22:00,Spotify,4.13,0.67,No,0,35,Maps,1.72,35,97.81,2,No,9.72,Multiple,Mexico
d9bc0c89-29e1-4ef1-9877-2e50e1400dd7,2026-05-10,CUST-244130,19,27,109,44.21,45,18:00-20:00,None,47.38,0.25,Yes,0,52,Streaming,1.56,8,99.03,4,No,5.97,Multiple,N/A
045e78ac-b204-44ce-85de-5c7ad46082d1,2025-08-27,CUST-470928,128,3,192,26.84,22,18:00-20:00,Spotify,72.89,0.71,No,0,28,News,1.47,18,99.25,5,No,4.24,Single,N/A
556c7c67-0866-475e-a23b-c5fa6635a4c7,2026-03-26,CUST-741324,198,41,166,24.33,27,08:00-10:00,Spotify,34.54,0.28,No,0,32,News,1.09,20,99.73,1,No,7.22,Single,N/A
53bcf89d-dee5-43b4-8a8a-13e38035cee2,2025-11-16,CUST-484344,125,42,169,30.09,33,20:00-22:00,Netflix,11.84,0.6,No,0,51,News,1.44,49,97.48,2,No,0.16,Single,N/A
11517870-b37d-4083-afe3-88295fefcf8e,2026-07-16,CUST-943344,135,41,55,14.87,33,12:00-14:00,Spotify,20.16,0.78,No,0,49,Productivity,1.37,8,98.05,5,No,4.44,Multiple,N/A
1f4d795d-8341-423a-8dd6-f4b80dd0d87b,2025-10-31,CUST-201655,124,36,190,48.26,16,08:00-10:00,Spotify,97.9,0.74,No,0,26,Social,1.84,56,96.75,3,Yes,2.32,Single,N/A
26e56f15-b70d-40d4-b053-67d907c6f3b8,2026-04-11,CUST-571438,165,28,23,4.91,50,08:00-10:00,YouTube,35.31,0.55,No,0,28,Streaming,1.47,6,98.33,3,No,8.78,Multiple,N/A
d4de1c79-0882-44d7-8d5c-6e303e5a040e,2026-01-02,CUST-109770,196,31,157,16.27,8,20:00-22:00,None,43.16,0.51,No,0,49,Gaming,1.28,38,97.04,2,No,3.46,Single,N/A
262877e1-6537-43da-a76b-7479b62d9d73,2026-01-17,CUST-787779,253,26,114,41.5,16,12:00-14:00,Netflix,28.79,0.45,Yes,0,58,Maps,1.64,14,95.79,2,No,0.62,Multiple,Mexico
f7b5a38f-1176-461b-a53b-fee24bd333b7,2026-06-04,CUST-243470,73,34,57,3.08,22,12:00-14:00,YouTube,91.44,0.81,No,332,25,Gaming,0.77,33,98.8,0,No,7.14,Single,N/A
397965d4-69b3-45e7-af67-dd5bec020bb7,2025-09-19,CUST-512743,134,7,32,28.94,38,12:00-14:00,None,52.99,0.81,No,0,23,Gaming,1.66,57,99.56,1,No,0,Single,N/A
6690a9c0-3fb2-47b6-9c04-64ff481dbc9f,2025-12-31,CUST-600544,13,31,127,31.76,35,12:00-14:00,None,7.48,0.37,No,0,45,Gaming,1.92,23,96.93,3,Yes,6.4,Single,N/A
4740b8da-9f98-4132-9132-90be63a81b98,2025-10-23,CUST-818875,167,13,125,25.43,9,08:00-10:00,Spotify,69.65,0.54,No,8542,55,Maps,1.5,51,98.01,2,No,2.36,Multiple,N/A
81b4d875-13c9-4ee5-b962-db0eec8caa03,2025-09-28,CUST-365516,182,18,114,30.48,44,20:00-22:00,Spotify,22.76,0.26,No,4829,59,Gaming,0.85,39,98.27,0,No,4.63,Single,N/A
c17df1c3-656e-4e8f-89e8-669986444ce4,2026-04-05,CUST-775968,206,19,80,30.35,31,08:00-10:00,Netflix,75.27,0.8,No,0,34,Streaming,1.52,12,97.11,1,Yes,5.97,Single,N/A
ab1d8a9e-6725-4931-82a6-26770cca653c,2025-11-06,CUST-962968,94,24,74,48.94,41,08:00-10:00,Spotify,2.56,0.88,No,0,46,Social,1.2,31,95.98,2,No,6.97,Multiple,N/A
7522aa21-5b9c-486a-9b29-6423162328d3,2026-01-26,CUST-935350,16,2,38,25.07,47,12:00-14:00,Spotify,1.97,0.36,Yes,3650,30,Social,1.2,36,96.24,3,No,5.62,Single,France
f74571a1-a163-46d9-8e69-04389cf0afad,2026-03-22,CUST-191194,6,36,30,7.27,43,20:00-22:00,YouTube,98.82,0.46,No,0,47,News,1.64,58,96.6,1,Yes,2.59,Multiple,N/A
4e8bed5b-e503-4f58-981a-51f1a29e21e4,2025-12-12,CUST-624682,178,14,37,31.74,7,20:00-22:00,Spotify,33.23,0.43,Yes,0,9,Gaming,1.8,43,98.42,5,Yes,8.89,Multiple,N/A
bfd3a8b0-81de-4729-80b4-efb0cf5f9254,2025-11-06,CUST-914265,132,12,143,22.87,40,08:00-10:00,Netflix,50.35,0.53,No,0,59,Maps,1.83,47,97.66,1,Yes,5.98,Single,Japan
eee348b8-25de-4eb4-b948-b96f300f8939,2026-05-11,CUST-524944,120,15,172,13.81,22,08:00-10:00,YouTube,89.47,0.65,No,0,38,Social,1.98,21,99.2,4,No,0.98,Single,N/A
60a62629-f015-41bf-b8fb-4b67d3aeeafe,2026-02-24,CUST-980039,67,29,13,27.31,31,12:00-14:00,Spotify,39.92,0.11,Yes,0,53,Maps,0.53,22,97.64,4,No,1.51,Single,N/A
f49d2711-0995-434e-9461-f32256bf933d,2026-07-07,CUST-916878,274,1,182,12.88,12,12:00-14:00,None,63.82,0.29,No,0,13,News,0.87,56,96.37,1,No,7.78,Single,N/A
e66e8712-a6ca-442c-baab-278bb228f8e1,2025-10-03,CUST-304838,246,3,92,33.19,8,20:00-22:00,Netflix,38.25,0.12,No,0,25,Gaming,0.94,22,97.38,2,No,7.69,Single,N/A
ce69f537-7a7c-4dc0-9d7b-2c7022d440aa,2026-06-15,CUST-566791,260,7,48,41.85,32,18:00-20:00,Spotify,29.92,0.27,No,6138,36,News,0.51,48,99.22,2,No,5.69,Single,USA
419e3b20-5666-4408-a4ef-c4e724bd2604,2026-07-22,CUST-768104,197,43,147,37.11,9,20:00-22:00,YouTube,11.09,0.1,No,0,41,Maps,0.9,29,99.6,2,No,2.77,Multiple,N/A
d6dc24dc-5edc-41a6-b295-284c37a1bafe,2025-08-23,CUST-723009,137,12,11,37.71,24,20:00-22:00,None,52.39,0.42,Yes,4147,35,Maps,0.96,59,96.25,0,No,0.68,Multiple,N/A
f2bc28ef-1ce3-4f6e-a61c-fb3482726038,2026-05-30,CUST-249854,104,14,119,46.11,30,08:00-10:00,Netflix,87.81,0.82,No,0,28,Streaming,0.87,26,95.69,0,No,2.84,Single,N/A
f212e810-a285-4914-a3b2-53573525e2ec,2026-06-13,CUST-252278,136,45,27,39.31,6,20:00-22:00,Netflix,24.11,0.88,No,0,57,Maps,0.97,45,98.18,2,Yes,5.18,Single,N/A
34e77e6b-c576-4a96-bff9-dde5b35df71f,2026-07-04,CUST-808987,62,29,135,34.3,25,18:00-20:00,Netflix,44.64,0.78,Yes,0,9,Maps,1.55,5,95.83,2,No,3.29,Single,N/A
9e35a54f-1ba5-4689-98d7-4b7d7658b4f5,2025-12-31,CUST-771408,72,38,17,44.48,47,12:00-14:00,YouTube,6.75,0.2,No,0,21,News,0.52,48,98.98,4,Yes,4.42,Single,N/A
a87038f7-a5fe-403f-8194-f144b17a70a8,2025-08-02,CUST-126238,130,22,124,12.71,21,20:00-22:00,Netflix,81.53,0.1,No,0,60,News,1.13,51,99.86,3,No,2.44,Single,N/A
dec78c0a-4e3f-41f8-9a91-600f2b5a0472,2025-07-30,CUST-989751,11,12,138,15.51,16,08:00-10:00,None,16.99,0.57,No,0,6,News,1.31,25,98.24,1,No,6.02,Single,N/A
1f2c0877-9add-4f8f-891d-2267743ab9b4,2025-11-17,CUST-303492,143,40,88,48.07,7,18:00-20:00,YouTube,97.79,0.79,No,0,18,Maps,1.18,57,99.3,1,No,1.39,Multiple,N/A
6f8e4108-8834-409c-9d8b-c52befdf949a,2025-09-13,CUST-256998,130,43,3,33.19,38,20:00-22:00,Spotify,66.17,0.44,No,0,42,Productivity,0.67,39,95.11,4,No,3.24,Multiple,N/A
291f9caa-1f5c-45d2-8f2e-d78d6da7bd42,2026-03-11,CUST-657173,255,13,99,6.22,13,20:00-22:00,Spotify,45,0.79,Yes,3459,10,Social,0.65,7,97.57,5,Yes,6.37,Single,Japan
1368026a-85eb-42f2-8526-ee1e64bb53c0,2026-04-08,CUST-960287,209,22,60,28.2,27,08:00-10:00,Spotify,42.26,0.36,No,0,22,Productivity,1.54,43,96.83,4,No,3.13,Multiple,Canada
56917305-14a8-421d-b9f7-a1bffce95a42,2025-10-21,CUST-349054,52,15,66,48.29,10,18:00-20:00,None,34.06,0.65,Yes,0,38,News,1.73,27,95.56,2,No,2.44,Multiple,N/A
258e0ec4-d6eb-49f9-8d1a-831dec622ec1,2026-06-22,CUST-279726,226,16,162,23.14,36,12:00-14:00,YouTube,8.55,0.12,No,0,49,Maps,1.31,11,97.24,3,No,1.75,Single,N/A
f78c2764-a62f-4628-ac38-a19f13d12231,2026-02-23,CUST-555662,252,43,10,8.44,36,20:00-22:00,Spotify,50.14,0.2,No,0,14,Streaming,1.28,22,97.69,0,No,0.29,Single,N/A
bccbfc8c-e0cc-4356-82d0-41fb434e8aa5,2026-02-22,CUST-483435,197,46,58,15.81,42,20:00-22:00,Spotify,17.06,0.27,No,0,56,News,0.53,25,95.27,3,No,7.99,Multiple,N/A
5e2c6b76-fa1d-4bad-a35f-2f5bd304778f,2026-03-14,CUST-372848,222,22,11,12.73,34,12:00-14:00,YouTube,72.71,0.32,No,0,41,Social,1.35,43,95.15,3,No,9.59,Multiple,N/A
cf245df3-2259-4831-9081-40ccdba46994,2026-05-21,CUST-707721,242,23,22,30.59,25,20:00-22:00,Spotify,1.37,0.63,No,0,9,Maps,1.49,12,97.04,5,No,5.8,Single,N/A
4606d74f-c44b-4809-8f04-af7a6b395ab9,2026-07-13,CUST-695306,233,25,44,35.52,8,08:00-10:00,Netflix,67.94,0.53,No,0,27,Maps,0.82,53,99.19,4,No,8.86,Multiple,N/A
64c7cec1-1c2e-429c-94a3-d35127c6298e,2025-11-15,CUST-450598,97,22,60,37.66,32,18:00-20:00,Netflix,70.53,0.83,No,0,18,Maps,1,56,97.91,4,No,6.16,Multiple,N/A
715422f0-be5e-429d-b479-91cd0bf60297,2026-01-20,CUST-322908,65,7,103,3.19,19,20:00-22:00,Spotify,82.59,0.56,Yes,0,20,Streaming,1.69,34,98.22,1,No,0.74,Single,N/A
5a5c87d9-bc90-494f-af99-674b6022e591,2025-10-17,CUST-627096,165,11,138,16.83,32,12:00-14:00,YouTube,23,0.87,Yes,0,6,Maps,1.65,12,95.34,3,Yes,0.73,Single,Germany
49804269-6a48-47a2-a269-116301d24649,2025-12-30,CUST-101222,159,40,171,10.14,38,20:00-22:00,None,51.41,0.76,No,0,33,Maps,1.09,47,95.56,3,Yes,4.57,Multiple,Germany
34bec511-4843-49d8-bb60-8d628425ac66,2025-10-11,CUST-576406,217,9,171,20.82,36,20:00-22:00,Spotify,34.32,0.75,No,0,5,News,1.54,8,96.19,0,No,4.98,Multiple,N/A
6c83bb49-8e7a-4b3f-a45d-df482a16097e,2026-06-15,CUST-827765,107,45,135,44.18,18,08:00-10:00,Spotify,99.64,0.5,No,0,8,Streaming,0.93,34,97.51,1,No,3.2,Multiple,N/A
2c989021-847f-4a13-b9fe-84e5e53899ac,2026-06-19,CUST-523821,223,15,78,31.35,44,08:00-10:00,Spotify,51.01,0.19,No,0,37,Maps,0.63,12,96.41,4,Yes,4.91,Multiple,N/A
42f1db44-df36-4fb5-8f37-6685d5860444,2026-07-15,CUST-252615,92,49,143,9.66,11,18:00-20:00,Spotify,79.57,0.63,No,0,19,Social,1.79,19,98.46,5,No,2.48,Multiple,N/A
8ccd8b20-bba9-481a-ac15-2d4a980db140,2025-12-16,CUST-340602,82,35,105,31.75,18,18:00-20:00,None,69.94,0.63,Yes,0,47,News,1.38,28,99.54,4,No,0.52,Multiple,N/A
8340cb67-6690-4d13-b826-762fc1e31398,2025-10-10,CUST-476703,250,24,11,18.82,24,20:00-22:00,None,56.31,0.81,No,0,49,Social,1.22,7,98.18,2,No,0.5,Single,N/A
9c3b06a0-2136-41e4-acc7-53e9aedba798,2026-02-13,CUST-586045,257,25,73,8.1,39,18:00-20:00,Netflix,59.35,0.59,Yes,0,29,Social,1.98,55,96.09,0,Yes,6.26,Single,N/A
b6e08afa-b5ee-44ed-a9ce-8c9badcf8521,2026-03-10,CUST-692322,93,48,171,20.67,18,12:00-14:00,Netflix,36.23,0.1,No,5736,36,Maps,1.08,13,98.28,2,Yes,5.87,Single,N/A
f64749c6-2739-41d9-a39b-2fb1f54b980a,2026-05-15,CUST-548371,109,2,137,35.71,19,08:00-10:00,Netflix,8.98,0.17,Yes,0,48,Streaming,0.92,44,98.66,1,Yes,6.91,Single,N/A
d0a06e32-cdbc-4a89-b68b-2a4841ab786f,2025-09-19,CUST-733801,107,34,107,37.66,37,20:00-22:00,None,63.95,0.87,No,0,27,Productivity,1.02,23,99.2,2,No,2.84,Single,N/A
b8febad2-c3de-43cc-b844-d7b82a647a27,2025-10-31,CUST-536325,251,42,72,37.63,26,20:00-22:00,None,54.58,0.17,No,103,32,Social,0.95,9,96.14,0,Yes,7.93,Multiple,N/A
6c53cb11-138f-4cdd-bf41-c7a076f78cb5,2025-11-03,CUST-145784,56,27,30,41.17,8,20:00-22:00,YouTube,51.75,0.24,No,0,49,Streaming,1.47,31,99.29,2,No,0.78,Single,N/A
922c59fa-caea-471b-985f-6beee46d3efe,2025-09-12,CUST-513273,295,33,105,41.58,19,12:00-14:00,Netflix,96,0.38,No,0,54,Productivity,1.91,46,95.11,3,No,9.55,Multiple,N/A
ef3eb543-0bf1-47f1-a019-a75ff3ae2778,2026-05-14,CUST-155712,176,28,103,5.76,46,20:00-22:00,YouTube,47.61,0.9,No,0,45,Productivity,1.98,14,98.8,1,Yes,9.74,Multiple,N/A
a9f1da45-2a72-4a8b-9f2a-4670c48a78b2,2026-03-23,CUST-612916,255,37,114,45.41,25,08:00-10:00,YouTube,35.43,0.4,No,0,36,Productivity,1.01,13,97.67,3,No,7.3,Single,N/A
0e5c8e86-7af9-4e70-bb15-395c896bf86b,2026-07-19,CUST-516355,154,15,60,32.47,12,08:00-10:00,Spotify,26.03,0.39,No,0,2,News,1.11,36,99.42,5,Yes,2.34,Multiple,UK
fe254102-42db-4e2f-b7ef-97572c4847ac,2025-09-01,CUST-195322,13,37,58,40.17,43,18:00-20:00,Netflix,33.91,0.24,No,0,26,News,1.36,54,96.92,4,No,2.75,Single,N/A
8ab5c3df-39fd-4688-a093-b303b710d603,2026-01-25,CUST-457188,83,24,100,11.83,7,20:00-22:00,YouTube,78.59,0.73,No,0,14,Streaming,0.59,60,95.64,5,No,8.93,Single,N/A
c7172123-0cf0-4b3d-ae12-019e01b14592,2025-08-26,CUST-265515,21,35,137,22.73,25,12:00-14:00,YouTube,91.34,0.41,No,0,52,Gaming,1.54,49,99.62,2,No,8.3,Single,N/A
3221198d-f792-4129-b8d1-e030ef0a2956,2026-03-08,CUST-302068,113,25,167,32.93,14,18:00-20:00,None,72.57,0.58,No,0,59,Social,1.23,36,99.71,1,No,4.79,Single,N/A
11fc3216-c1b0-454a-9be6-89b2b58a9107,2025-09-21,CUST-629228,31,33,111,36.31,32,12:00-14:00,Spotify,22.3,0.46,No,0,42,Streaming,0.71,52,99.08,3,No,4.73,Multiple,N/A
a2d32a4a-b874-4dbb-9145-51ef54c81315,2026-06-04,CUST-605033,208,38,5,32.18,44,20:00-22:00,None,10.71,0.26,No,0,52,Streaming,1.99,50,98.63,4,No,8.11,Multiple,N/A
c90b9ca1-9963-4612-b2de-d60af00f2755,2026-05-11,CUST-757938,288,10,173,5.01,15,20:00-22:00,Spotify,7.47,0.37,Yes,426,30,Maps,1.49,36,96.92,4,Yes,6.56,Multiple,N/A
7bad0887-c5cb-4f48-82e2-4803b8b85553,2025-10-27,CUST-256215,210,47,148,24.12,21,12:00-14:00,None,47.07,0.71,No,0,23,Gaming,1.23,29,95.88,1,No,8.52,Multiple,Canada
5fff7d5d-6af5-45f3-bea5-011644eaf331,2026-05-12,CUST-858668,280,3,124,46.17,23,08:00-10:00,None,68.99,0.15,No,0,45,News,1.94,22,95.68,3,No,1.17,Single,Japan
6d48779e-f6b2-46a2-9be2-be9be599fbd1,2025-11-02,CUST-683019,124,16,38,25.25,20,08:00-10:00,YouTube,93.75,0.5,Yes,0,19,Maps,0.75,10,97.3,2,No,7.21,Single,N/A
1fd54ffa-2d91-43e1-8d2f-23bbccf5f613,2026-03-09,CUST-704788,195,36,57,34.71,29,12:00-14:00,YouTube,40.16,0.58,No,0,19,Streaming,1.18,56,96.45,2,No,8.93,Multiple,Mexico
9afb91c0-e990-451b-af87-e6da43086f5c,2026-04-24,CUST-896128,56,7,92,36.8,28,12:00-14:00,Netflix,98.68,0.3,No,0,31,News,1.93,20,99.79,2,No,3.8,Single,N/A
a4d2723f-a402-4893-ba9c-fd7d4d722fc9,2025-08-01,CUST-300695,18,1,149,47.23,29,18:00-20:00,YouTube,44.41,0.38,No,0,55,Streaming,0.5,14,95.88,1,No,6.69,Single,N/A
af39872c-5912-4327-b363-14fb0dedaf2b,2026-04-25,CUST-207350,61,22,68,5.1,45,18:00-20:00,Spotify,18.93,0.51,No,0,49,Gaming,1.35,10,97.78,2,No,7.9,Single,N/A
54e9d57a-c8ef-4623-99b9-a591e28d7300,2025-09-29,CUST-431116,113,39,85,49.13,18,18:00-20:00,YouTube,33.29,0.8,No,0,4,Social,1.32,40,98.59,1,Yes,1.29,Multiple,N/A
de137a1b-77e2-4d8c-93b1-dd092360f662,2025-10-20,CUST-857114,291,43,123,48.84,34,08:00-10:00,Spotify,61.91,0.7,No,0,45,Social,1.96,17,99.96,2,No,8.33,Single,N/A
157104a0-bb25-4916-a9eb-75763c4410b4,2025-11-23,CUST-392621,299,13,104,0.32,26,18:00-20:00,YouTube,10.08,0.18,No,0,16,News,1.3,50,99.29,3,No,6.41,Single,N/A
b76c6cad-9c26-4351-9efb-d349b40b0fa2,2025-11-09,CUST-366750,199,41,117,9.99,19,20:00-22:00,YouTube,94.9,0.55,No,0,44,Maps,1.54,41,95.82,2,No,1.67,Multiple,N/A
3152b567-f70f-46c1-b349-48420390a653,2025-11-20,CUST-394878,104,16,108,4.59,12,18:00-20:00,YouTube,1.02,0.76,No,0,22,Productivity,0.53,56,97.08,0,No,7.12,Single,N/A
d90cdc1f-f3aa-4215-8427-5fe77e28ed2e,2026-01-18,CUST-314483,179,37,177,11.6,49,08:00-10:00,None,95.69,0.44,Yes,0,44,Social,1.66,55,96.7,2,No,6.06,Multiple,N/A
8d8e18e7-5ec6-4ebb-9389-5bcfd234c458,2025-08-01,CUST-732765,156,25,126,28.7,36,08:00-10:00,None,98.96,0.23,No,0,43,Productivity,0.92,32,95.8,1,No,5.72,Multiple,N/A
416d1a41-c2d4-4fd3-b34c-38252e78dae8,2026-01-11,CUST-790619,250,27,199,24.07,26,12:00-14:00,Netflix,77.59,0.86,No,0,53,Maps,1.52,33,99.8,1,Yes,7.01,Multiple,N/A
04704412-439a-4ce6-9157-ef4d9b932827,2026-03-18,CUST-152920,150,41,105,29.62,36,12:00-14:00,YouTube,84.86,0.72,Yes,0,23,Gaming,1.77,27,96.39,3,No,0.82,Multiple,N/A
634969ee-857d-42ba-b9c3-5193bd0dc2b3,2026-05-13,CUST-287335,267,26,27,46.15,15,18:00-20:00,YouTube,8.03,0.13,No,0,58,Social,0.63,6,98.97,5,Yes,9.95,Single,N/A
8f1f727c-a565-4a1d-9eaa-6c63b4a69b50,2026-06-16,CUST-256158,134,27,164,44.99,37,18:00-20:00,Spotify,14.47,0.1,No,0,51,Productivity,0.99,43,96.86,1,No,4.16,Multiple,N/A
710f1f81-d75a-48b4-892d-93eb9a10db68,2026-04-28,CUST-353566,81,39,134,5.32,16,20:00-22:00,YouTube,73.1,0.34,No,0,42,Gaming,1.58,13,97.5,2,No,5.43,Single,N/A
266b3a42-bdb0-4877-93fe-173ea3cb29f9,2025-11-01,CUST-277587,264,2,29,24.67,14,18:00-20:00,YouTube,29.37,0.77,No,0,11,Social,1.5,23,96.88,2,No,0.4,Single,N/A
d947e22d-a5db-4084-8664-edfb58e92211,2025-11-01,CUST-544751,280,27,38,5.91,11,18:00-20:00,Netflix,74.63,0.36,No,0,6,Social,1.92,34,98.4,2,Yes,7.34,Single,N/A
a944de78-425d-4b38-88ba-f42f15e4d72d,2025-11-18,CUST-920141,146,9,143,10.07,9,20:00-22:00,YouTube,37.62,0.71,No,0,17,Maps,1.81,39,96.98,1,No,3.78,Multiple,N/A
56938361-962f-47e0-b59a-3500cb53fec8,2025-08-09,CUST-370419,181,25,53,45.51,44,08:00-10:00,Spotify,11.22,0.83,No,0,29,Gaming,1.01,37,98.95,4,No,9.09,Multiple,N/A
f17c9c81-bd82-41ac-99b3-4bf46d263e40,2026-03-23,CUST-109618,191,37,194,34,17,20:00-22:00,Spotify,29.02,0.25,No,0,25,Maps,1.42,27,95.33,2,No,0.69,Multiple,N/A
b61572a9-c1ff-46f2-ac13-c210295c3de0,2025-11-23,CUST-732953,30,45,18,48.32,6,18:00-20:00,Spotify,71,0.74,No,8963,11,Productivity,1.13,57,96.6,1,No,9,Single,N/A
5a992b7d-a291-4c2d-91fc-dc6d8cc0c332,2026-03-18,CUST-808583,242,30,32,18.74,48,08:00-10:00,None,9.72,0.53,Yes,0,46,News,1.28,38,99.61,2,No,1.74,Multiple,N/A
f79ba03f-4e85-4326-ad61-bcdd2fc9c515,2026-03-06,CUST-591076,275,1,47,18.59,38,08:00-10:00,None,84.35,0.61,No,0,52,Maps,1.27,35,95.69,5,No,5.83,Single,N/A
9ac13096-d9d9-4b21-8460-9ce47fc6203e,2026-07-03,CUST-945691,242,48,146,11.76,45,20:00-22:00,None,33.97,0.14,No,0,15,Productivity,1.39,26,99.46,1,No,4.88,Single,N/A
b9f98b1e-b38a-4398-9cc2-8462b38e3a99,2026-03-29,CUST-741595,277,8,200,45.63,18,20:00-22:00,YouTube,47.92,0.54,No,0,29,Social,0.92,54,95.94,4,No,4.78,Multiple,N/A
6117027e-33be-43da-bc48-b6739e6e374b,2025-09-30,CUST-414724,73,29,81,18.61,13,12:00-14:00,None,91.18,0.14,No,0,31,Streaming,0.96,19,95.91,4,No,9.69,Multiple,Japan
2f612cc1-fb33-41f7-84fa-c90c10e7cb09,2026-04-24,CUST-812953,171,22,113,0.17,36,08:00-10:00,None,59.46,0.56,No,0,58,Productivity,0.76,16,99.37,3,No,2.88,Single,N/A
79ba50c8-1ee3-461e-ad8d-acd8d7c0f627,2025-12-12,CUST-220374,185,2,174,48.82,43,20:00-22:00,None,74.67,0.56,No,0,26,Maps,1.48,57,97.95,2,No,3.66,Multiple,N/A
1ed1e3ab-4eee-4b12-a0a2-af99d4fdb330,2026-05-21,CUST-221707,21,48,109,35.79,8,12:00-14:00,None,41.83,0.15,No,8402,22,Gaming,1.02,41,98.06,0,Yes,5.39,Single,N/A
0b056f9d-d7fa-44ab-bead-588698a5d624,2026-06-30,CUST-824474,266,36,163,2.22,27,08:00-10:00,YouTube,75.39,0.77,No,0,35,Social,0.52,14,95.2,2,Yes,2.79,Single,N/A
323a82cc-9ef4-441d-afe2-b6bcbae26046,2025-11-09,CUST-168056,295,25,105,15.64,35,20:00-22:00,YouTube,49.17,0.35,No,0,40,Gaming,1.04,45,95.02,3,Yes,1.97,Single,N/A
80d706bc-7780-4998-b005-cfa50c26e928,2026-04-18,CUST-956317,140,15,144,13.1,27,08:00-10:00,YouTube,16.48,0.58,No,0,19,Streaming,0.52,12,96.03,4,No,1.78,Single,N/A
dd3db700-7eb1-4f1e-99db-a7cc7620be98,2026-06-23,CUST-610263,255,41,13,48.66,15,18:00-20:00,Netflix,78.76,0.43,No,0,56,Gaming,1.95,54,96.24,5,Yes,4.04,Single,N/A
a129d6b4-cddd-46c7-b80c-4902f0af65d2,2025-11-08,CUST-860913,173,41,9,4.81,42,20:00-22:00,YouTube,38.78,0.43,No,0,23,Maps,1.77,54,99.09,4,No,7.45,Multiple,N/A
65f0c5f1-015d-4f02-a775-e156f9af2f7d,2026-04-08,CUST-319629,26,46,14,6.07,37,18:00-20:00,Spotify,7.87,0.12,Yes,6913,52,Productivity,0.99,52,99.56,4,No,2.41,Multiple,N/A
4be70cbc-c869-4b2e-90a9-b676a58ada05,2025-07-26,CUST-341853,25,47,8,20.76,6,18:00-20:00,Netflix,3.59,0.45,No,0,46,News,1.5,33,98.4,1,Yes,0.54,Multiple,N/A
88c558ab-38a1-4be2-98b7-f1a205ac3bb7,2025-10-12,CUST-782253,227,40,178,13.74,7,08:00-10:00,None,60.39,0.39,No,0,17,Social,1.24,33,95.17,4,No,3.32,Multiple,N/A
d95e9134-d33e-4394-bfea-aedec76451cc,2025-12-22,CUST-512092,196,44,134,24.6,28,18:00-20:00,Spotify,84.7,0.32,No,738,11,Productivity,0.97,57,97.86,0,Yes,1.76,Single,N/A
98a36a95-5be2-4f56-8932-db638f1b7973,2025-11-15,CUST-727111,57,13,56,22.86,30,12:00-14:00,None,75.53,0.85,Yes,0,42,Streaming,0.95,36,97.7,2,No,8.95,Single,N/A
a6c6850a-cc75-4bbd-a4be-e109619ba4ba,2026-06-01,CUST-831605,224,34,36,33.71,25,12:00-14:00,Netflix,89.9,0.5,No,161,13,Gaming,1.74,25,98.38,3,No,9.07,Multiple,N/A
d67ff0da-8a61-42b9-8eb9-9c19b62e5c05,2025-10-03,CUST-368498,126,23,12,10.81,37,20:00-22:00,YouTube,65.92,0.48,No,0,41,Social,1.61,11,95.98,1,No,2.11,Multiple,N/A
8dcf0844-cd40-4919-b1fe-dafec938710e,2026-01-08,CUST-231627,13,21,25,18.61,17,20:00-22:00,YouTube,52.69,0.63,Yes,0,16,Streaming,1.64,30,97.46,3,Yes,7.44,Single,N/A
f6dd51c5-7eb7-45d2-b525-4fa259516d27,2026-03-09,CUST-962170,84,5,117,14.05,15,08:00-10:00,Spotify,19.3,0.81,No,0,45,Gaming,0.75,17,95.44,4,No,8.63,Single,N/A
42e9434f-7a77-44be-ba18-917d0f7c3a1a,2025-08-16,CUST-916883,230,49,76,14.56,22,12:00-14:00,YouTube,3.76,0.17,Yes,0,22,News,1.06,57,97.42,1,Yes,2.44,Single,N/A
251228e3-dcb0-4ad2-9be2-6f99acacf7dd,2026-04-28,CUST-904605,236,20,150,26.33,16,08:00-10:00,Netflix,88.97,0.3,No,0,48,Gaming,0.61,45,97.39,4,No,0.7,Single,N/A
cf2910e5-c19d-4cea-ae80-e14b1097b571,2025-08-18,CUST-181242,121,15,93,45.25,14,20:00-22:00,YouTube,45.5,0.71,No,0,50,Social,1.57,52,95.33,1,Yes,8.42,Multiple,N/A
40c353d2-3c9f-4ba9-b0a2-67288f8dfb6c,2026-01-23,CUST-571965,36,3,143,32.59,48,18:00-20:00,None,21.24,0.25,Yes,8265,21,Gaming,1.98,41,97.5,4,No,0.24,Multiple,N/A
698e794f-2258-47df-91b6-dde0cbff30ae,2026-03-10,CUST-263255,198,3,110,13.66,43,20:00-22:00,YouTube,33.43,0.6,No,0,21,News,1.61,51,97.42,2,No,4.45,Multiple,N/A
f57a4c89-0a1d-4e2c-a820-ce9332272aef,2026-05-06,CUST-265951,63,36,62,28.78,17,08:00-10:00,Netflix,61.27,0.43,No,0,26,Social,1.96,10,97.69,2,No,7.36,Single,N/A
549e2509-8452-4f3d-bcef-72e135f7655d,2026-06-26,CUST-718932,179,37,190,10.65,41,08:00-10:00,None,35.79,0.29,No,0,17,News,1.82,37,99.02,4,No,5.99,Single,N/A
b2992cda-400f-4547-99cb-01ce4b9405fd,2025-12-04,CUST-305698,81,9,134,39.93,6,20:00-22:00,Netflix,34.43,0.22,No,0,31,News,1.07,18,99.66,4,Yes,1.83,Single,N/A
20252acd-54e7-4bde-99e1-1e76dc0c1f88,2026-04-06,CUST-992123,204,30,126,33.49,7,20:00-22:00,Spotify,40.73,0.16,No,0,44,Productivity,1.35,10,98.16,1,No,2.37,Multiple,N/A
4caccfd0-5566-4f6e-b399-255dae798fab,2026-07-14,CUST-560531,217,21,94,21.89,7,08:00-10:00,Netflix,67.26,0.25,No,0,41,Streaming,1.79,29,99.93,1,No,1.3,Single,N/A
d08756b8-1b50-43fe-93d7-9c152ee8bd1b,2026-06-26,CUST-212862,252,20,174,11.83,24,12:00-14:00,None,7.23,0.84,No,0,49,News,1.25,10,98.84,2,No,8.82,Multiple,N/A
22cb79d8-6d39-4ebd-9e46-f53b3858374f,2026-02-19,CUST-850209,190,48,159,4.93,32,18:00-20:00,YouTube,58.59,0.14,Yes,0,35,Productivity,0.87,29,97.49,5,No,6.3,Single,N/A
682e9e6e-e0f7-4a12-8246-5843fefef539,2025-12-13,CUST-284988,181,35,147,49.71,15,08:00-10:00,Spotify,1.57,0.36,Yes,0,47,News,1.78,23,96.41,1,Yes,3.33,Multiple,France
54cce17d-6212-4e09-a7f4-2c111229ad9f,2025-10-06,CUST-671184,140,4,154,42.47,14,12:00-14:00,YouTube,66.75,0.81,No,0,26,Productivity,1.61,52,97.73,5,No,2.98,Single,N/A
35388a38-44a9-4b2f-94e8-a280a293d973,2026-02-23,CUST-782882,132,36,55,33.58,27,08:00-10:00,None,61.85,0.28,No,0,16,News,0.72,56,98.73,3,No,6.4,Multiple,N/A
1682f742-50b9-4d7b-a4d8-6834a516654b,2025-07-29,CUST-361170,173,43,41,15.54,25,20:00-22:00,None,75.89,0.31,No,0,18,Streaming,1.02,32,99.05,3,No,4.55,Single,N/A
2aecf53f-bbe6-4de6-bc9f-70bd89c36549,2026-02-27,CUST-382788,299,32,87,16.82,42,12:00-14:00,YouTube,43.1,0.62,No,0,36,Gaming,0.61,34,97.36,3,No,9.94,Single,N/A
54df26a7-256e-41de-b67e-462ffd1cc817,2026-06-27,CUST-800641,150,11,59,27.55,44,18:00-20:00,Netflix,46.46,0.64,No,0,47,News,1.13,11,97.42,1,No,2.65,Single,N/A
bcb03d5b-117a-48ab-800d-939a97ab7f7d,2026-06-11,CUST-543908,47,32,146,24.43,42,20:00-22:00,Spotify,23.11,0.43,No,0,36,Gaming,0.86,38,96.43,1,No,9.71,Single,N/A
132a9a22-1d8a-4511-9c28-4a4ebc8027c3,2026-03-30,CUST-885717,170,49,28,49.63,30,20:00-22:00,None,37.49,0.65,No,0,35,Productivity,1.66,58,97.63,0,No,7.86,Multiple,N/A
129ad4da-c910-4017-a632-5f1b6f687134,2026-04-30,CUST-305179,225,38,80,1.54,43,12:00-14:00,Netflix,47.17,0.62,No,0,51,Maps,0.71,41,99.1,5,No,9.26,Multiple,N/A
33e8c9a8-5d00-49c3-8f3c-70f391c85880,2025-12-10,CUST-499808,48,31,121,23.96,26,18:00-20:00,YouTube,56.58,0.72,No,0,50,Productivity,1.13,45,98.25,4,No,9.25,Single,N/A
0935b2dd-4b46-435a-a8ac-f38ebf775569,2026-06-10,CUST-857978,239,14,136,44.59,42,12:00-14:00,None,74.97,0.58,No,0,43,Social,1.48,47,96.84,0,No,3.33,Multiple,N/A
436a77fe-c678-4c74-aa70-763d509fab31,2026-01-05,CUST-782873,131,29,35,47.26,14,08:00-10:00,None,75.37,0.16,No,0,46,Productivity,1.43,25,95.31,4,No,2.35,Single,N/A
6d8a4304-a46e-49d4-b8bd-e3216e1b860e,2025-11-01,CUST-200530,271,35,49,33.85,13,08:00-10:00,YouTube,15.36,0.27,No,0,42,Social,0.54,33,96.95,1,No,7.33,Single,N/A
84d4c8d3-7b2e-4ada-a8df-56000d8ae681,2026-04-21,CUST-178192,145,5,49,20.09,14,18:00-20:00,YouTube,24.58,0.88,Yes,0,16,Social,0.57,23,99.73,1,No,8.62,Single,France
121acea2-5be9-47f2-94fe-d67fe71f2af3,2026-07-20,CUST-766008,88,10,198,27.21,43,18:00-20:00,YouTube,76.58,0.21,No,3465,49,Streaming,1.78,49,97.75,2,No,8.43,Single,N/A
27717f3b-594d-4774-bd97-3e5c51cf6800,2026-04-04,CUST-654195,111,21,50,12.2,38,18:00-20:00,YouTube,15.23,0.88,No,0,37,Social,1.56,17,96.43,4,Yes,5.33,Multiple,N/A
9858f420-06f8-454c-ab2f-501b60564db3,2026-04-16,CUST-363926,42,45,43,12.5,20,08:00-10:00,None,84.28,0.21,No,0,12,Maps,0.62,27,98.56,2,No,4.05,Single,N/A
3346aea3-a3b8-4b59-b7ae-23563cef6c15,2026-01-12,CUST-898909,222,29,1,36.65,22,18:00-20:00,Netflix,22.97,0.57,No,0,55,Streaming,1.04,21,95.69,2,No,1.16,Single,N/A
98c848cc-7c6e-4432-ab96-7060c622a5ca,2026-04-23,CUST-560154,162,30,86,10.71,40,08:00-10:00,YouTube,65.25,0.12,Yes,9086,30,Maps,1.44,31,98.88,4,Yes,8,Multiple,N/A
697378bc-93aa-466d-8704-e50b55c84c02,2026-04-22,CUST-571026,50,7,158,6.16,41,18:00-20:00,Netflix,57.42,0.74,Yes,0,12,Productivity,1.75,34,97.72,0,No,9.37,Multiple,N/A
18196827-31ae-41a0-a879-75161bf44d27,2025-10-24,CUST-284352,82,13,159,22.77,43,12:00-14:00,Spotify,0.99,0.53,Yes,5953,30,Maps,1.88,57,95.5,5,No,9.77,Single,N/A
3160ad89-6a54-43dc-83f0-f65fd5d7bd80,2025-10-24,CUST-386759,39,22,198,36.24,49,20:00-22:00,None,4.73,0.81,No,0,31,Streaming,0.68,44,97.44,1,Yes,6.05,Multiple,N/A
df39d60b-bc97-47d4-b931-50f5851ea2f8,2025-07-30,CUST-614803,131,18,51,22.77,19,08:00-10:00,Spotify,43.51,0.2,No,0,30,Streaming,1.92,56,96.13,4,Yes,8.25,Single,N/A
3c715470-2e98-4f4f-8884-788f3872df9d,2026-05-26,CUST-326164,44,17,157,40.23,42,20:00-22:00,YouTube,23.79,0.54,No,0,5,News,1.89,7,96.46,1,Yes,3.04,Single,N/A
7059c653-8fdb-477d-9831-aaaa61a70d54,2026-07-07,CUST-165337,25,12,195,46.88,7,12:00-14:00,Netflix,89.14,0.31,No,3432,22,Streaming,1.53,20,98.46,3,No,5.44,Single,N/A
f96f2a3a-74d6-420d-9235-3c2161e54160,2026-01-17,CUST-506468,16,2,86,11.99,26,18:00-20:00,Netflix,64.67,0.62,No,0,50,Maps,1.96,28,98.85,0,Yes,6.48,Single,N/A
29c4be7b-8020-46e0-af41-f91d2ab6b0ab,2025-10-09,CUST-931743,238,12,56,3.43,24,18:00-20:00,YouTube,70.25,0.81,Yes,0,40,Gaming,1.9,11,96.77,4,Yes,6.43,Single,N/A
a908d54e-fc2c-4637-8e53-5ecbfa5e148a,2025-10-18,CUST-596076,22,26,44,27.74,23,08:00-10:00,None,16.87,0.55,No,0,27,Gaming,0.69,47,97.38,4,No,2.5,Multiple,N/A
3eea4317-0e32-4f02-8f74-9c1c1d7d892e,2026-05-17,CUST-374860,41,24,93,12.29,39,18:00-20:00,Spotify,49.1,0.62,No,1029,45,Gaming,1.45,11,98.78,1,Yes,2.64,Multiple,N/A
b84e8181-5fd4-46ee-818e-9a9c5f0d7080,2025-08-28,CUST-117235,49,23,189,32.7,7,12:00-14:00,Spotify,23.74,0.25,No,0,23,Maps,0.82,9,95.67,2,No,5.85,Multiple,N/A
ec09d70e-d99e-4958-8c67-afe05d023ee3,2026-05-25,CUST-158699,179,12,84,34.84,40,18:00-20:00,Netflix,55.09,0.5,No,0,55,Productivity,1.79,20,98.4,4,No,3.7,Multiple,Germany
7b579653-9c67-442f-afc0-e082ef79da9b,2025-08-29,CUST-141105,131,49,110,37.48,17,08:00-10:00,Netflix,87.73,0.29,No,0,7,Streaming,0.63,37,98.74,4,No,8.5,Single,N/A
650d816b-5d56-42c3-b309-768017ed23b3,2025-08-18,CUST-250131,150,18,174,48.21,10,18:00-20:00,YouTube,87.42,0.19,No,0,18,News,0.52,44,96.9,2,No,7.96,Multiple,UK
40fcdc4d-c199-45ec-b91a-020b0b81a7af,2025-10-17,CUST-571374,140,5,45,23.09,16,08:00-10:00,None,89.46,0.25,Yes,0,24,News,0.62,32,98.74,0,No,4.66,Single,N/A
fee6aa7c-d111-4648-bb3b-3442dc774601,2025-11-03,CUST-796384,85,17,88,20.51,10,08:00-10:00,None,64.31,0.19,No,0,37,Streaming,1.02,41,99.19,4,Yes,2.35,Multiple,N/A
8ee65e0f-58e3-464d-a02f-9e6de7c8dac2,2026-01-12,CUST-304169,122,23,22,8.98,16,12:00-14:00,Netflix,91.45,0.89,No,0,29,News,1.36,20,95.65,0,No,3.54,Single,N/A
65911ad1-0909-4ea7-aa6c-389de3eb9b0b,2026-04-09,CUST-700420,280,2,109,10.1,17,20:00-22:00,None,21.03,0.88,No,0,30,News,1.49,7,98.13,1,No,3.29,Multiple,N/A
a8930b2b-b368-4f9c-a523-e9546cc44007,2025-08-11,CUST-742419,193,23,110,26.98,9,20:00-22:00,YouTube,34.8,0.54,No,0,26,Maps,0.98,9,97.92,2,No,0.65,Multiple,N/A
fce45057-43c3-47ca-91c4-3dab7086124d,2026-02-13,CUST-102062,218,16,164,18.29,34,18:00-20:00,Spotify,22.89,0.68,No,0,54,Gaming,1.24,9,96.17,1,Yes,2.47,Multiple,N/A
cf3fde70-fb9f-4a36-8e86-f6d0ab0b01b3,2025-08-28,CUST-614120,214,47,120,28.85,16,08:00-10:00,YouTube,15.37,0.8,No,0,29,Productivity,0.84,35,95.91,5,No,1.37,Multiple,N/A
c4f5b4c7-3b8c-43c4-b889-18544f54e1aa,2026-04-23,CUST-889331,166,21,68,6.14,9,18:00-20:00,None,33.66,0.43,No,0,0,Streaming,0.92,59,96.18,4,No,4.24,Single,N/A
39024250-ad40-4818-b8ca-fedcb48417fa,2025-10-17,CUST-348372,159,4,61,23.96,42,08:00-10:00,Spotify,20.6,0.88,No,0,18,News,1.27,32,99.35,3,Yes,6.42,Single,N/A
8cf6b426-c5bd-4447-9d53-61e65196d68f,2025-07-26,CUST-503514,297,35,156,30.49,34,20:00-22:00,Netflix,41.67,0.59,Yes,5472,57,Streaming,0.71,15,95.04,1,No,6.41,Single,N/A
3c48bcbc-7742-4954-9d30-afbcd4ebd059,2025-08-30,CUST-551382,9,36,102,5.62,45,12:00-14:00,None,34.72,0.64,No,0,53,Streaming,1.95,41,96.84,3,No,3.75,Single,N/A
4b25dce4-5a1b-46df-971b-d6dd68bf0afd,2026-06-20,CUST-686945,100,25,38,34.16,37,08:00-10:00,None,43.37,0.63,Yes,0,17,Social,1.51,42,96.2,4,Yes,4.62,Single,N/A
bb82e6bf-57ca-4b27-ab73-ab2e36c93dfc,2025-10-26,CUST-354282,205,14,7,47.23,45,08:00-10:00,None,59.16,0.72,No,3913,17,Streaming,0.82,58,98.3,4,No,2.57,Single,N/A
e612eaf3-1924-44c3-94e9-b04bbdfc6462,2026-06-06,CUST-532177,165,17,173,37.63,48,08:00-10:00,None,3.81,0.47,No,0,17,Streaming,1.64,38,95.07,0,No,2.59,Single,N/A
763f411f-9ac5-4049-a088-22bba036fc3a,2025-10-31,CUST-813746,118,49,19,34.7,42,12:00-14:00,None,91.36,0.43,No,0,53,Social,0.76,29,96.75,1,No,8.72,Single,France
c452eea6-23aa-4d17-bf30-e3c72e673d0b,2026-04-10,CUST-590973,276,34,46,27,6,12:00-14:00,Spotify,64.01,0.87,No,0,46,Productivity,1.73,47,95.81,3,No,9.63,Single,N/A
32822225-e45d-4823-af95-5b454ba48927,2026-04-14,CUST-567471,245,39,158,45.58,37,08:00-10:00,Netflix,64.97,0.2,No,0,33,Streaming,1.99,46,99.37,1,No,9.15,Single,N/A
1f707dd7-2ae8-41e7-a5a1-f2a6abfffe13,2026-02-19,CUST-921056,112,49,40,24.95,42,20:00-22:00,None,94.76,0.24,No,0,59,Gaming,1.9,28,98.93,3,No,3.61,Single,N/A
42725c75-17d5-457c-a4b5-2bed386a9a9a,2026-04-07,CUST-451528,138,48,176,37.27,8,12:00-14:00,Spotify,76.56,0.89,No,0,27,Streaming,0.82,40,96.02,3,Yes,0.77,Multiple,N/A
61ddbbd1-db24-4f22-9d51-50c0c9b3749b,2026-04-10,CUST-205740,265,23,31,37.28,42,12:00-14:00,Spotify,64.44,0.38,No,0,30,Streaming,1.59,38,95.05,2,Yes,9.69,Single,N/A
34b28940-8142-45a2-ba5c-f30c6be00507,2025-11-03,CUST-720380,238,16,177,0.98,12,08:00-10:00,YouTube,37.5,0.37,Yes,0,16,Streaming,1.17,20,98.3,4,No,4.66,Multiple,N/A
c6c9d778-6e02-4af9-a96d-9eeb0c2d6dd3,2025-12-01,CUST-585169,125,9,11,43.64,7,12:00-14:00,Netflix,49.39,0.72,No,0,37,Streaming,1.69,51,97.35,3,No,3.74,Multiple,N/A
17e2952c-203b-4612-881e-5c536197c55f,2026-06-08,CUST-312812,193,3,69,47.42,36,20:00-22:00,None,24.92,0.18,No,7648,7,Social,1.15,47,99.33,1,No,3.82,Multiple,N/A
c35d6cbb-b34d-4a8c-9978-546748ab6205,2026-07-04,CUST-408178,294,30,48,43.57,14,08:00-10:00,None,99.51,0.85,Yes,0,8,Gaming,1.03,47,98.11,3,No,1.22,Multiple,N/A
93d5fbeb-66b2-42af-85a9-88285c220e93,2026-02-07,CUST-416042,215,11,101,39.67,29,08:00-10:00,Netflix,34.07,0.33,No,0,40,Gaming,0.66,48,95.61,4,No,1.8,Multiple,France
91279698-4e19-441b-84e3-15d969d8a1e1,2025-10-27,CUST-701368,80,13,183,6.14,43,18:00-20:00,Spotify,15.27,0.67,Yes,8007,13,Social,1.08,59,95.14,5,Yes,8.59,Single,N/A
32a83035-1341-4d99-afab-a24bbb2b9e75,2025-08-27,CUST-468926,56,32,132,39.82,34,08:00-10:00,Spotify,96.18,0.75,No,0,36,Maps,1.64,11,96.92,3,No,1.85,Single,N/A
fc2fc630-ea8f-48d4-8515-005d9ddb5fa6,2026-07-20,CUST-304949,107,14,57,26.61,10,20:00-22:00,Spotify,55.77,0.61,No,0,38,Maps,1.04,54,96.1,3,No,5.15,Multiple,N/A
c9d40e1b-e87e-49a9-b745-048e3135e2e5,2025-11-14,CUST-460152,265,25,183,32.03,26,12:00-14:00,YouTube,18.47,0.8,No,0,34,Productivity,1.16,51,99.28,2,No,6.87,Multiple,N/A
1d1152b9-b7ae-4ebe-babc-168d3511b5a7,2026-03-12,CUST-545584,130,27,31,7.99,24,20:00-22:00,Spotify,15.8,0.86,No,0,47,Gaming,0.53,13,96.62,0,No,3.45,Single,N/A
98f7e95d-8717-492e-89c4-7f94f03b875a,2026-01-17,CUST-144267,177,3,38,16.04,45,08:00-10:00,YouTube,41.12,0.58,No,0,37,Gaming,1.2,40,95.04,0,No,5.14,Multiple,N/A
ba6245a2-5274-47a4-addb-209ce7db6bb2,2026-01-02,CUST-979975,277,41,55,16.8,41,18:00-20:00,Spotify,71.07,0.47,No,0,23,Social,1.93,41,99.98,0,No,0.84,Single,Germany
51fab9fc-f7fe-4301-863d-9a7967c4f492,2026-04-13,CUST-129781,23,44,183,7.81,26,12:00-14:00,Spotify,81.25,0.12,No,7626,4,Productivity,0.93,42,97.16,1,Yes,4.95,Single,N/A
65c5f297-3cfc-46dc-a80e-28df73c80634,2025-08-11,CUST-114266,191,28,58,4.19,5,20:00-22:00,Spotify,16.32,0.66,No,6756,25,Maps,0.6,36,97.35,5,No,4.37,Single,N/A
1244fe2b-6edb-4162-92bf-b87d40169827,2026-03-02,CUST-258599,16,40,123,15.74,41,12:00-14:00,Netflix,15.67,0.58,No,145,21,News,0.73,59,95.84,0,Yes,1.33,Single,N/A
2723dd3d-9235-4cbc-b717-0b7b734572d1,2026-04-10,CUST-258422,298,21,166,47,19,20:00-22:00,Netflix,78.77,0.87,No,830,37,Streaming,0.57,5,95.4,4,No,7.47,Single,N/A
e310860c-7dc8-48c3-a0d0-ac5276199eca,2025-10-04,CUST-578655,213,13,180,33.9,40,12:00-14:00,YouTube,73.53,0.38,No,0,45,Productivity,0.54,24,97.28,1,No,6.52,Single,N/A
987b0b96-91fc-4738-b4d3-05e04fdba128,2025-11-10,CUST-175885,205,37,72,5.17,10,12:00-14:00,YouTube,60.38,0.27,No,0,19,Social,0.91,60,98.89,4,No,3.73,Single,N/A
5e7002b6-2bbc-4dbd-a198-52556ef11bda,2026-03-19,CUST-115296,68,30,191,5.34,39,20:00-22:00,YouTube,57.65,0.57,No,0,12,Maps,1.53,51,96.11,1,No,9.57,Multiple,N/A
a1214a94-0f9c-4857-8127-e958ac6cf1e0,2025-09-17,CUST-803498,194,33,179,36.44,42,18:00-20:00,Spotify,19.53,0.25,No,9137,35,Streaming,1.11,25,99.02,4,Yes,4.78,Multiple,N/A
217634e3-e462-42f0-86fe-38f524fed12f,2025-12-25,CUST-246041,224,9,46,33.02,22,20:00-22:00,YouTube,11.95,0.13,No,0,50,Gaming,0.78,26,98.22,4,Yes,8.36,Multiple,N/A
b18b35a1-6cdb-4112-8f5c-809433dc0213,2026-01-07,CUST-857586,57,22,118,32.14,17,12:00-14:00,Spotify,8.52,0.42,No,2710,26,Social,1.02,9,98.52,4,Yes,7,Single,N/A
04a9712e-59b1-43c2-8a91-b60c3e5c5b76,2026-06-14,CUST-118026,77,4,112,41.41,32,08:00-10:00,None,45.42,0.1,No,0,58,News,0.71,7,99.88,3,No,1.21,Multiple,N/A
861d9b4c-11d4-4ad4-b741-c5c3bde61ba6,2026-04-21,CUST-553749,106,41,142,43,18,20:00-22:00,None,33.77,0.5,No,0,48,Maps,0.5,33,95.49,3,No,7.74,Multiple,N/A
a919bce6-94ea-4532-942d-6d9a42602c4a,2025-10-08,CUST-902244,82,16,22,40.6,14,18:00-20:00,Netflix,14.26,0.68,No,0,30,Streaming,1.01,59,95.76,0,No,1.35,Single,N/A
96a3bb8d-095a-4b5d-b840-d3f897f4c0bc,2026-05-31,CUST-615569,266,49,155,12.41,22,20:00-22:00,Netflix,16.66,0.33,No,0,18,Productivity,1.21,36,96.86,2,Yes,9.43,Multiple,N/A
e5daa4f3-0f81-4d53-9872-006df1bb1887,2026-01-06,CUST-482953,43,40,89,40.23,33,18:00-20:00,Netflix,77.37,0.13,No,0,38,News,1.68,24,98.58,0,No,9.09,Single,N/A
29a336bc-d615-4136-a5d6-d56e547f47a5,2025-09-15,CUST-898929,118,19,151,26.27,11,12:00-14:00,None,10.43,0.31,Yes,0,45,Gaming,1.27,22,99.5,2,No,4.88,Single,N/A
9655bdf0-8fc7-4264-90ea-2486c849b9de,2026-02-23,CUST-152618,74,32,23,31.25,26,20:00-22:00,Netflix,94.35,0.46,No,9338,49,Streaming,1.82,12,97.94,5,No,0.64,Multiple,N/A
620c02cd-ef3b-444c-80b0-d35fdb61aa60,2025-09-11,CUST-444294,136,41,124,23.35,7,18:00-20:00,Netflix,51.92,0.38,No,0,25,News,1.71,19,96.02,2,No,0.78,Multiple,N/A
ff9ff0c3-8555-4760-8a98-3280a05a6d4a,2026-03-08,CUST-170988,103,19,122,39.36,32,08:00-10:00,None,33.94,0.36,No,0,2,Gaming,0.56,40,97.98,1,Yes,2.11,Single,N/A
a7dc0646-79c4-4f2e-ab08-1b327ec84e6f,2025-11-14,CUST-165562,180,3,63,22.31,39,18:00-20:00,YouTube,48.93,0.62,No,0,40,Gaming,1.98,18,95.68,4,No,3.82,Single,N/A
c4296150-4139-4e3e-ba88-8b5265d62a99,2025-12-27,CUST-378646,231,6,119,24.27,38,08:00-10:00,Spotify,16.14,0.11,No,0,48,Social,1.18,46,95.8,3,No,2.31,Single,N/A
09b4b4d8-c488-4e0c-b1f4-78a10b54d749,2026-02-01,CUST-560699,289,38,136,21.56,18,20:00-22:00,Spotify,28.8,0.17,No,0,1,Maps,0.64,50,97.13,4,No,1.12,Multiple,N/A
4e41f78d-044a-47a9-a10f-8cf6bb98bcd2,2026-04-22,CUST-600824,226,41,107,26.43,15,12:00-14:00,None,55.11,0.47,No,0,14,Gaming,1.29,40,95.91,0,No,4.25,Single,N/A
ac122b5f-c913-4aa5-b4ad-e45c42a35739,2025-08-12,CUST-110187,77,38,114,12.72,22,08:00-10:00,Netflix,82.31,0.42,Yes,9395,21,Productivity,0.86,58,97.58,2,No,1.83,Single,N/A
a57e7dbc-d275-43bb-9d6e-3cf94e94e5ff,2026-04-09,CUST-315272,178,9,40,5.99,5,20:00-22:00,Spotify,83.88,0.44,No,0,24,Social,1.3,35,97.16,2,No,7.27,Single,N/A
20735a26-f4bf-46be-90c4-60f6f5981878,2026-06-22,CUST-729079,296,35,181,47.05,13,20:00-22:00,None,6.93,0.81,No,0,41,Social,1.98,35,98.69,1,Yes,1.54,Single,N/A
182398a6-8a86-4d7b-8fe3-b56ec11c5457,2026-03-27,CUST-190531,222,44,177,45.3,38,12:00-14:00,None,33.27,0.89,No,0,7,Gaming,1.47,34,96.27,5,No,2.33,Multiple,N/A
858b89a5-47b8-4b28-8ee0-0ea16b1abda5,2025-12-19,CUST-335857,43,36,37,1.12,15,18:00-20:00,Netflix,22.07,0.82,No,0,21,Maps,0.74,20,97.18,1,No,1.35,Single,N/A
cbe5b4f2-7e76-40ce-a99b-320fc3b647b1,2026-01-19,CUST-793223,83,19,103,3.91,44,18:00-20:00,None,15.91,0.17,Yes,0,41,Maps,1.93,8,96.86,3,No,8.14,Single,N/A
eab6ca84-f59f-45a8-8225-0c59a62f8b6d,2026-03-27,CUST-661447,81,28,189,44.79,30,08:00-10:00,None,99.04,0.61,No,0,46,News,0.99,36,96.2,1,Yes,5.38,Multiple,N/A
e7be9286-8d90-4566-96a3-aefd097feb0e,2025-08-06,CUST-508802,210,4,128,8.6,32,20:00-22:00,Netflix,28.42,0.21,No,0,23,Social,1.53,25,96.46,2,No,0.49,Single,N/A
46e7e547-9911-4192-b992-ad2741b0d2ed,2026-07-25,CUST-819955,109,39,96,49.68,35,12:00-14:00,None,58.18,0.3,No,0,54,Streaming,1.18,36,95.61,4,No,1.04,Multiple,N/A
abffee76-b3eb-432f-a743-c48cfc9bc14a,2026-06-26,CUST-539664,23,44,58,37.54,33,12:00-14:00,Spotify,95.23,0.31,No,0,41,News,0.6,46,98,5,No,6.5,Single,N/A
4169f9cc-68ab-4578-9dd5-7bafd44589b1,2026-04-15,CUST-810177,90,14,35,2.2,16,18:00-20:00,Spotify,1.24,0.22,No,1667,16,Social,1.21,38,97.86,1,Yes,2.26,Single,N/A
c627d562-8281-470e-b8d5-7d734c663593,2025-11-02,CUST-955538,33,15,148,8.76,40,08:00-10:00,YouTube,52.18,0.82,No,0,36,News,1.61,11,96.79,0,No,6.54,Single,N/A
da69772c-09d4-4165-be9b-416e75cfb398,2025-11-26,CUST-907875,255,39,70,17.13,33,08:00-10:00,Netflix,54.56,0.77,No,0,53,Gaming,1.88,41,98.23,1,No,4.63,Multiple,France
48cb5656-6e25-4ca0-801d-ca1b018d25f9,2025-12-16,CUST-501928,118,21,73,48.89,26,20:00-22:00,Spotify,90.42,0.78,No,0,47,Gaming,1.67,45,97.33,0,No,4.68,Single,N/A
93865ab6-a3a7-40ce-ab20-4463cbcd2f11,2025-12-13,CUST-823509,148,11,199,29.28,19,12:00-14:00,Spotify,86.66,0.17,No,0,26,Gaming,1.08,44,96.81,5,No,1.18,Single,N/A
af424b27-9632-4b78-b916-4df24bbb3e31,2025-10-10,CUST-350356,245,23,6,13.91,32,08:00-10:00,Netflix,41.4,0.81,No,0,19,Gaming,1.3,12,98.9,0,No,7.29,Single,N/A
85590c7e-0542-47bb-b34e-b8667b72feb3,2025-10-29,CUST-930190,261,11,111,12.62,18,12:00-14:00,Spotify,42.87,0.65,No,0,46,Gaming,0.5,14,96.63,2,Yes,2.81,Multiple,N/A
1bbbb8c7-d5c2-4e47-b73b-017910144851,2025-12-18,CUST-288193,22,11,62,31.39,35,20:00-22:00,Netflix,14.01,0.64,No,0,14,Streaming,0.85,41,96.58,2,No,8.8,Single,Germany
4b96471d-f8c7-4c47-acf6-277937c1f7c1,2025-07-28,CUST-260596,35,22,97,3.76,46,20:00-22:00,None,61.96,0.66,No,0,16,Gaming,1.94,46,95.81,0,No,0.82,Single,N/A
88da83c0-695f-4c73-880e-19c950b08d90,2025-11-20,CUST-171435,101,30,24,24.31,42,18:00-20:00,Spotify,94.88,0.14,No,0,50,News,1.44,21,98.22,2,No,3.12,Single,N/A
5c6bcd84-6821-40c1-89db-0e2232cd5248,2026-07-09,CUST-704428,245,34,36,13.55,35,18:00-20:00,Spotify,76.95,0.58,Yes,0,47,News,1.04,32,97.51,0,No,4.19,Single,N/A
32297357-528d-4c49-b8f9-feb159b165d0,2026-03-06,CUST-650381,64,43,108,41.29,37,12:00-14:00,YouTube,59.72,0.62,No,0,49,Gaming,1,38,98.97,2,No,6.15,Single,N/A
bf85ae10-04b8-49b3-bc41-d193ea86fd11,2025-11-03,CUST-317711,154,1,65,39.78,14,12:00-14:00,None,36.1,0.29,No,0,24,Productivity,1.78,20,98.61,0,No,6.07,Single,N/A
b91c183b-ade8-4c05-812a-cae2e9cea002,2026-02-10,CUST-823574,97,28,26,44.5,38,08:00-10:00,YouTube,94.9,0.59,No,1707,16,Streaming,1.5,41,97.68,2,No,6.81,Single,N/A
4b242714-b08c-4d94-b282-909e3f556c56,2026-02-23,CUST-442388,78,48,104,31.46,44,08:00-10:00,Netflix,58.37,0.65,No,4731,1,News,1.69,18,95.25,1,No,2.15,Single,N/A
36a0e86b-2900-4398-b36d-20c2c759793b,2025-12-24,CUST-341139,23,23,8,37.13,28,20:00-22:00,Netflix,16.31,0.27,No,0,50,Social,1.42,57,95.48,4,No,3.06,Multiple,N/A
72d47fcd-ca1e-4dfc-8616-cabd2a6a3047,2026-02-07,CUST-839125,120,16,101,38.86,38,18:00-20:00,None,98.9,0.16,Yes,0,11,Social,1.33,49,95.02,1,No,1.51,Single,N/A
77ce3901-d9b9-4d6e-a643-24026bc03218,2026-02-04,CUST-824823,21,22,107,46.12,9,20:00-22:00,None,70.55,0.23,Yes,0,21,Productivity,1.79,14,97.08,4,No,4,Multiple,N/A
11f4695b-5887-47b0-8fb2-9cddd438df6b,2025-10-01,CUST-819106,9,21,66,32.45,34,12:00-14:00,None,27.02,0.39,Yes,0,3,News,0.74,28,99.95,1,No,1.61,Multiple,N/A
c3f5edba-61aa-4c19-832e-78802c8a8fa9,2026-07-07,CUST-756787,121,38,35,27,15,20:00-22:00,None,44.48,0.69,No,0,14,Productivity,0.88,34,98.21,0,Yes,1.36,Single,N/A
95e6c893-c146-43c1-9f4d-6d2a158476e6,2025-10-05,CUST-136056,186,44,48,37.32,40,08:00-10:00,None,38.63,0.55,No,0,28,Maps,0.92,55,97.02,0,No,1.91,Multiple,N/A
67d472af-6f01-4f68-bfb0-dd73f6573114,2025-09-11,CUST-104875,111,5,102,6.46,17,18:00-20:00,YouTube,12.49,0.69,No,0,15,Streaming,1.46,48,97.59,1,No,5.75,Multiple,N/A
a93663e7-1f3a-438d-b494-4124191679b7,2026-05-08,CUST-982004,219,24,70,3.33,49,08:00-10:00,Spotify,36.76,0.61,No,0,18,Productivity,0.96,13,99.99,3,No,4.02,Multiple,N/A
79ddde1e-e317-48f4-a33b-ceb974bf84ae,2025-11-01,CUST-873942,200,41,147,33.83,26,20:00-22:00,Spotify,52.31,0.67,No,0,27,Social,0.87,11,99.66,0,No,0.93,Multiple,N/A
065a16bd-453a-4fe9-ab93-33c5cc321be0,2025-10-13,CUST-967708,200,38,159,9.77,26,12:00-14:00,None,70.82,0.83,No,0,52,Social,1.46,60,99.67,0,Yes,8.93,Single,N/A
77debcc3-936d-4af7-9273-3c66661cf744,2026-05-05,CUST-234075,264,13,86,43.86,36,18:00-20:00,None,85.83,0.41,No,7453,9,Gaming,1.03,25,95.99,2,No,9.92,Single,N/A
40c6cecf-655d-42bb-bdce-216412a88de1,2026-06-01,CUST-441635,27,29,126,3.82,28,12:00-14:00,YouTube,84.05,0.64,No,0,23,Maps,1.57,56,98.38,3,No,8.47,Single,N/A
a7ee7e9c-76a2-4053-8e2d-95ef3149e1c8,2026-02-19,CUST-498404,154,30,126,3.15,31,18:00-20:00,Spotify,1.27,0.27,No,0,8,Productivity,0.69,7,98.3,4,No,0.46,Multiple,N/A
2378c777-10c8-45b9-a5f1-d0c2c15e068c,2025-08-04,CUST-146920,124,21,117,27.81,16,12:00-14:00,Netflix,2.45,0.77,No,0,12,News,1.01,5,96.66,2,No,0.52,Single,N/A
b51bb1e7-401f-43fd-a014-f58f49e49522,2026-06-08,CUST-134174,230,16,63,42.54,18,08:00-10:00,Netflix,0.35,0.45,No,0,46,News,0.92,54,99.78,3,No,8.1,Single,N/A
1becc403-187a-420d-8898-84232d4ce55e,2025-12-12,CUST-813955,46,4,175,39.25,35,20:00-22:00,Spotify,43.55,0.19,Yes,0,47,News,1.56,17,97.92,1,No,5.99,Single,N/A
03e4fc32-fd5b-4698-b98c-61629d9a4150,2026-05-28,CUST-141940,114,41,190,9.35,33,18:00-20:00,None,33.97,0.87,No,0,60,Gaming,0.91,12,96.13,4,No,0.27,Single,N/A
1bedf928-8b60-480b-9353-97370e971dfa,2026-04-29,CUST-660445,79,14,72,40.97,46,08:00-10:00,Spotify,73.23,0.65,No,0,35,Streaming,1.5,28,95.08,3,No,6.94,Single,N/A
1ac1ce4b-3312-4cd0-ad63-d776c2b9eb38,2026-05-26,CUST-370940,167,43,192,46.68,34,12:00-14:00,Spotify,79.16,0.47,No,0,51,Gaming,0.59,25,98.67,0,No,6.22,Single,N/A
7564d53f-02fb-42fa-8d6d-bbbbd27383c0,2025-09-22,CUST-725258,261,1,107,16.53,41,08:00-10:00,YouTube,75.88,0.26,No,0,47,News,1.58,40,95.27,4,No,7.52,Multiple,N/A
40ad0124-02bd-4cd7-a3c9-81add90376ef,2026-04-30,CUST-342453,194,38,90,14.02,31,18:00-20:00,Spotify,29.57,0.2,Yes,0,18,Gaming,0.55,36,97.96,0,No,3,Multiple,N/A
fa7ace12-cf31-485f-aeef-f11a39f0af58,2025-10-26,CUST-133193,48,13,78,17.89,49,12:00-14:00,YouTube,2.29,0.44,No,0,9,Maps,1.19,10,97.16,0,No,3.19,Single,N/A
5e71219a-d685-4a52-861c-376f6fc3657e,2025-08-17,CUST-694979,57,41,116,21.22,42,20:00-22:00,Spotify,52.57,0.1,No,0,22,Social,0.56,33,96.48,4,No,4.45,Single,N/A
1a54a37c-368e-411b-8186-028cef3a8e65,2025-09-26,CUST-108829,55,35,75,42.04,25,20:00-22:00,None,20.68,0.35,No,0,23,Gaming,1.35,12,96.03,1,No,8.02,Multiple,N/A
87fcbca7-9d2c-4e92-a4a2-6c215a7a24e5,2026-01-25,CUST-384023,281,8,35,30.98,47,08:00-10:00,Spotify,54.64,0.89,Yes,0,55,Social,1.11,54,98.04,0,Yes,1.01,Multiple,France
a4daf99b-a67a-4142-9c54-ea1601c333c7,2026-04-30,CUST-547576,295,13,29,38.45,39,18:00-20:00,Netflix,4.34,0.63,No,0,52,Maps,1.88,20,95.05,5,No,9.43,Single,France
f11c8f46-b2a3-4438-a664-aa86cb808c1b,2026-06-28,CUST-173067,299,13,3,3.97,34,20:00-22:00,Spotify,98.85,0.54,No,0,1,Gaming,0.64,41,99.38,0,Yes,8.5,Multiple,N/A
fbbf9f6d-518a-4522-86e6-5d4860785a3c,2026-04-06,CUST-320494,52,4,23,14.57,17,18:00-20:00,Spotify,97.34,0.82,Yes,2630,52,Streaming,1.07,40,96.93,3,Yes,1.36,Single,Japan
4ff33b12-28a6-4ed2-aef2-5d94cabf57c3,2025-08-11,CUST-193422,234,31,84,43.53,41,20:00-22:00,None,51.83,0.27,No,4619,12,News,0.62,40,96.29,1,No,5.67,Single,N/A
4f894e23-0f9e-494b-bbcd-12ed8f2f0733,2026-03-19,CUST-947238,274,19,10,48.45,8,20:00-22:00,None,98.87,0.22,No,0,7,Productivity,1.97,9,96.1,1,No,2.04,Single,N/A
db96b0ff-8b03-40f6-b97e-defdc82e89c1,2025-08-03,CUST-265703,285,12,160,5.43,23,12:00-14:00,Spotify,91.87,0.7,No,0,41,News,0.83,34,95.16,3,No,7.63,Single,UK
f9d693cc-69fb-42c5-ad32-3ba88380d32a,2026-01-21,CUST-201527,35,48,127,41.17,17,18:00-20:00,None,86.6,0.63,No,0,24,Streaming,0.67,29,99.9,1,No,8.96,Multiple,N/A
f21d9629-d6b2-43c2-9527-e894838f5a96,2025-12-15,CUST-531916,212,49,46,0.62,31,20:00-22:00,Netflix,85.76,0.75,No,0,4,Maps,1.5,32,98.09,4,No,1.36,Single,N/A
616d1c63-0cdd-4254-bd57-fc90576d95e0,2025-09-26,CUST-400555,263,21,90,34.58,31,08:00-10:00,None,82.33,0.57,No,0,53,Gaming,0.7,22,98.54,2,Yes,1.82,Single,N/A
205108c7-4a08-43b9-835b-e452c371a4fb,2026-03-20,CUST-237644,180,16,74,1.88,17,18:00-20:00,YouTube,75.86,0.41,Yes,5937,56,Productivity,0.72,14,96.17,5,No,9.53,Multiple,N/A
d0fc0e3e-a67b-4ba5-a1d7-f3bc4eb0bd75,2026-03-02,CUST-812304,213,7,94,21.8,44,12:00-14:00,None,89.67,0.6,No,235,15,Productivity,1.95,32,95.37,5,Yes,8.16,Multiple,N/A
d4ea2c6e-3615-4116-bc6c-7838c16cc2b3,2026-02-27,CUST-819350,75,31,97,44.69,10,12:00-14:00,YouTube,46.64,0.16,No,0,20,News,1.27,15,98.12,4,No,4.86,Multiple,N/A
4a4dc378-9e71-4d62-b189-c5a1061751ac,2025-09-23,CUST-533221,281,17,175,23.93,48,12:00-14:00,Spotify,68.2,0.14,No,0,10,Social,0.93,6,95.13,3,No,2.74,Multiple,N/A
c43968c9-4001-4860-8c8b-e07140243c88,2025-08-26,CUST-684645,77,43,93,1.75,40,18:00-20:00,YouTube,4.8,0.56,No,0,5,Social,1.77,10,97.82,1,No,6.73,Multiple,Germany
d9db4d9c-a965-460d-ab28-bf08ab60f5b5,2026-04-23,CUST-799524,20,19,120,40.39,26,20:00-22:00,YouTube,28.68,0.84,No,0,45,Productivity,1.54,7,97.77,0,Yes,1.41,Multiple,N/A
5addd7da-4fba-4bd0-bb96-9cd79ffa818b,2026-07-18,CUST-771420,68,1,149,6.79,40,12:00-14:00,None,43.26,0.71,No,0,49,Social,1.79,51,98.26,3,No,1.72,Single,N/A
18350c7d-de4b-4c8f-b4cf-93f3c003c5c7,2025-10-28,CUST-456254,61,49,77,37.89,24,18:00-20:00,None,81.78,0.6,No,0,37,Maps,1.6,46,97.71,4,No,6.62,Single,N/A
3d7c4b8d-732f-4547-b36f-c7d8df05ac2f,2026-01-18,CUST-764145,165,3,53,34.09,7,18:00-20:00,None,2.21,0.37,No,0,40,News,1.1,33,95.23,3,No,8.05,Single,N/A
fc64b95d-3615-40d1-b486-3c83a477c522,2026-07-18,CUST-723650,18,17,121,40.97,11,08:00-10:00,Netflix,24.1,0.37,No,2689,3,Gaming,1.77,6,96.22,5,Yes,8.57,Single,N/A
2a5fb925-651c-446e-a90c-306225bb0f2c,2025-08-20,CUST-596114,55,22,149,36.7,17,12:00-14:00,Spotify,88.45,0.56,No,0,34,Gaming,1.63,53,98.15,3,Yes,6.62,Single,N/A
a7a58b00-b0e1-44f1-bcf2-9c42b7416313,2025-08-20,CUST-667147,79,23,132,37.93,9,12:00-14:00,Netflix,76.88,0.13,No,0,13,Gaming,1.39,19,95.61,2,No,3.77,Multiple,USA
f4f3285f-57f5-4f8d-a910-14bac65cdbbb,2025-08-28,CUST-901154,250,4,177,38.95,12,18:00-20:00,None,83.09,0.89,No,0,18,Gaming,0.83,18,97.49,3,No,3.43,Multiple,N/A
985a1cb9-79ef-447d-96ad-b92884c0a3e0,2025-09-13,CUST-814009,137,8,150,8.12,18,08:00-10:00,Spotify,62.54,0.52,No,0,1,News,1.1,34,99.4,4,No,1.28,Multiple,N/A
d86f69f1-91f2-4ef3-be57-d4b4892f7fee,2025-08-01,CUST-470052,79,5,161,32.6,9,12:00-14:00,Netflix,72.3,0.44,No,0,16,Streaming,1.14,8,99.14,3,No,3.15,Multiple,N/A
0e292958-f597-4490-9eed-b9c7c108c188,2025-08-17,CUST-541104,16,24,156,21.14,43,08:00-10:00,Spotify,95.22,0.46,No,0,51,News,1.4,43,98.24,2,No,7.99,Single,Japan
f75b529c-c96a-4627-9b10-828afce70b28,2025-11-24,CUST-516212,234,1,147,24.63,20,20:00-22:00,None,98.66,0.37,No,0,7,Social,1.84,37,97.7,2,No,0.05,Single,N/A
33c29c66-5fd8-4780-80ba-04df5d04db72,2025-12-04,CUST-977970,228,2,131,46.26,40,18:00-20:00,Spotify,25.14,0.24,No,9869,1,Gaming,1.69,22,96.38,5,Yes,3.61,Multiple,N/A
5fd97229-02e3-43a8-b7a3-e18f713889f2,2026-05-04,CUST-147784,94,5,126,30.52,43,18:00-20:00,Spotify,80.76,0.8,No,0,37,Social,0.78,44,96.77,3,No,1.6,Single,N/A
2296135c-45cb-4c37-8bb9-da059791e45d,2025-08-02,CUST-752003,78,50,197,32.03,35,12:00-14:00,YouTube,36.4,0.51,No,0,45,Maps,1.26,17,95.26,1,No,5.33,Single,France
58b671f8-ac3b-466e-98c4-535a3791eeba,2026-05-16,CUST-104301,50,49,46,13.44,27,08:00-10:00,None,71.2,0.38,No,0,57,Streaming,0.52,20,96.33,3,No,8.11,Single,N/A
dbb41e44-fa91-4ef6-b6b1-2d22108bdfe5,2026-03-05,CUST-514252,65,34,4,8.18,47,18:00-20:00,None,15.9,0.83,No,0,43,News,0.91,44,95.35,1,No,8.51,Single,N/A
195aef45-078d-496f-880f-1066b585b388,2025-08-01,CUST-370052,232,13,4,28.14,33,18:00-20:00,None,36.97,0.65,No,0,34,Social,1.77,45,95.49,1,No,6.93,Single,N/A
566ebe0f-712e-4763-908e-d77dd6c9d3ab,2026-07-06,CUST-172966,263,9,105,25.35,21,18:00-20:00,None,67.98,0.19,No,0,50,Gaming,1.89,29,98.02,0,No,1.47,Single,N/A
e7243652-4949-4f4d-8d95-09513d9ebbdb,2025-10-18,CUST-425224,154,33,142,31,24,12:00-14:00,None,61.32,0.4,No,0,30,Streaming,1.32,14,99.42,4,No,4.67,Single,N/A
14bd786b-9b9a-411f-a622-569bd27d3a00,2025-12-14,CUST-756721,162,10,123,15.79,33,20:00-22:00,Netflix,96.75,0.12,Yes,9059,33,Gaming,1.11,46,98.64,4,No,3.03,Single,N/A
3210351c-0d65-431c-8a6f-cffb8296dd13,2026-03-06,CUST-264472,240,38,172,39.34,17,08:00-10:00,Spotify,66.35,0.89,No,0,54,Social,1.38,39,96.45,4,No,0.98,Single,N/A
b97dcd2a-9639-416d-86d8-dd56229e29a7,2026-05-18,CUST-944721,266,37,123,14.35,36,12:00-14:00,YouTube,21.74,0.38,No,0,32,Maps,0.71,6,97.04,5,No,3.74,Single,N/A
0c1b1706-2d39-4111-a7e2-e1eeb441c0b3,2025-08-23,CUST-249548,150,22,156,4.58,24,20:00-22:00,None,33.14,0.33,Yes,7209,19,Maps,0.63,54,96.04,0,Yes,0.53,Multiple,N/A
3889f2c8-7a41-444e-a26b-c81e587356b8,2026-05-19,CUST-918864,103,40,186,33.74,43,12:00-14:00,None,8.22,0.81,No,0,0,Productivity,0.85,42,96.95,2,Yes,1.23,Multiple,N/A
4e5f2a29-bef7-494b-ad4c-cf5500a0862a,2025-10-07,CUST-230852,34,42,34,42.63,13,18:00-20:00,None,90.79,0.79,No,0,51,Social,1.71,11,97.71,2,No,5.16,Single,N/A
2153d903-a766-49c5-89d2-95459315ded5,2025-11-13,CUST-816536,9,29,99,43.89,43,08:00-10:00,YouTube,17.04,0.68,Yes,0,27,News,1.81,13,99.97,2,No,9.71,Multiple,N/A
793e4b51-ec17-4556-a908-082958fe5c2d,2026-02-05,CUST-248088,82,25,176,12.26,6,12:00-14:00,None,15.31,0.46,No,0,31,News,1.09,46,99.8,4,No,3.13,Multiple,N/A
85ed67ce-9349-407e-9bbd-178a0300fa65,2026-06-14,CUST-229512,69,23,4,45.89,21,20:00-22:00,None,22.18,0.89,No,0,48,Maps,1.42,58,96.42,1,No,6.79,Single,N/A
90a6a393-6254-43d0-8f79-fde941804355,2025-10-19,CUST-613700,243,14,65,44.8,10,12:00-14:00,Netflix,78.97,0.47,No,3646,14,News,0.86,42,99.36,2,Yes,1.98,Multiple,N/A
6548cbc7-2865-4033-b6c5-34bb0358fc6c,2026-04-06,CUST-334590,132,29,174,41.65,11,18:00-20:00,None,54.93,0.76,No,0,36,Social,1.24,45,96.41,3,No,6.74,Single,N/A
8f86a072-2995-4b4e-9394-bed7e29fbe42,2025-08-30,CUST-203629,27,36,92,23.62,14,12:00-14:00,Netflix,92.24,0.67,Yes,0,7,Streaming,1.51,41,98.72,3,No,9.55,Multiple,N/A
52f2ccc4-22d7-4da8-abea-897b6a5496ff,2026-03-03,CUST-690438,128,19,57,36.25,29,08:00-10:00,Netflix,55.52,0.6,No,0,0,Gaming,0.62,54,97.12,2,Yes,0.29,Single,N/A
2a70b927-6b53-4201-bb19-b6f106150a77,2025-12-02,CUST-366909,56,25,33,28.36,28,08:00-10:00,YouTube,67.64,0.12,No,0,19,Maps,0.57,6,97.73,1,Yes,7.7,Multiple,N/A
dc72de80-9f5b-4665-b4bf-25bab2d85bba,2025-10-25,CUST-371546,112,19,195,9.24,45,18:00-20:00,Spotify,15.11,0.9,No,0,32,Gaming,0.86,24,98.17,4,No,9.12,Multiple,N/A
0edcad18-1fb4-450f-af83-27bef89a8b0f,2026-01-25,CUST-121603,115,4,43,32.78,20,08:00-10:00,Netflix,41.25,0.28,No,446,50,Streaming,0.75,21,99.61,1,Yes,6.37,Single,France
278ebb92-ec53-4392-b11f-6c692b65ba81,2026-06-05,CUST-305245,59,6,58,4.54,15,18:00-20:00,None,16.78,0.74,No,0,16,News,0.66,53,97.9,2,No,6.24,Single,N/A
5736b804-6246-41dd-88b5-e3e86804df5c,2026-03-17,CUST-348999,146,7,151,40.83,39,12:00-14:00,Spotify,5.5,0.58,No,0,16,Maps,0.85,53,96.04,1,No,1.81,Single,N/A
06ae8820-bdc5-4ca6-b59c-44a2dbab29b7,2026-06-17,CUST-356804,10,16,58,40.96,32,12:00-14:00,YouTube,72.74,0.61,Yes,0,58,Productivity,0.98,10,98.81,1,Yes,6.98,Single,Japan
7433c563-8d08-46d9-956d-c6219e183208,2025-09-25,CUST-743063,220,30,133,14.71,23,20:00-22:00,None,41.99,0.5,No,0,20,News,1.78,17,99.76,4,No,9.07,Single,N/A
a18e74a5-0235-4613-9769-bf992ecf50b6,2026-03-15,CUST-744067,22,47,73,22.23,36,20:00-22:00,Spotify,65.28,0.8,No,0,11,Maps,1.39,21,99.58,1,No,6.55,Single,N/A
c7dea3d5-8f9c-42c1-ad5f-500171a297ae,2026-03-29,CUST-596975,196,21,129,36.24,5,08:00-10:00,Netflix,68.88,0.72,No,0,51,Streaming,0.78,28,97.07,3,No,8.7,Single,N/A
44a8f684-4569-46cb-bc23-67aaa53e1386,2025-12-04,CUST-652230,57,42,154,36.66,31,18:00-20:00,None,35.84,0.11,No,0,55,News,1.3,26,97.45,1,Yes,0.69,Multiple,N/A
05b2aede-a3b1-4724-b175-d2a2d8db1db7,2026-06-24,CUST-224666,24,30,123,34.59,10,20:00-22:00,Spotify,71.75,0.69,No,9475,3,News,1.71,6,95.19,2,Yes,6.24,Single,N/A
52b60479-d995-4ccd-9f8d-c12dfe3d0e55,2026-07-20,CUST-783133,281,4,128,28.09,45,18:00-20:00,YouTube,54.18,0.18,Yes,0,30,Social,1.51,26,97.63,4,No,0.96,Single,N/A
d0d85bd8-b92a-4c00-a392-76161bf5cee4,2026-07-17,CUST-577558,183,3,40,45.89,45,18:00-20:00,Netflix,92.92,0.12,Yes,0,36,Gaming,0.63,14,96.68,1,No,3.38,Multiple,N/A
b7509e79-010a-45fe-a9b0-ffb24220200d,2025-08-13,CUST-199366,297,37,166,32.6,41,08:00-10:00,Spotify,59.11,0.81,No,0,41,Streaming,1.35,50,99.76,3,No,2.62,Single,N/A
65e531d4-0298-49ee-a011-ec9dc33ce414,2026-04-23,CUST-107848,104,42,60,42.25,27,18:00-20:00,Netflix,91.7,0.51,No,0,41,News,1.28,23,95.12,1,No,7.73,Single,Canada
08f79989-89e8-47d1-876d-708011c8ed4e,2026-05-25,CUST-801043,111,12,188,26.15,24,20:00-22:00,YouTube,81.46,0.14,Yes,1915,48,Gaming,0.61,47,98.07,3,No,5.87,Multiple,N/A
59d99036-acf0-41d7-b8e5-c81600d7ba2c,2025-08-05,CUST-672067,77,5,63,34.89,49,20:00-22:00,None,91.03,0.48,No,0,29,Maps,1.36,29,99.38,4,No,3.57,Single,Germany
de2e758c-85bc-4b41-b499-ff36ff4c96f1,2025-07-31,CUST-771921,141,12,70,32.15,14,18:00-20:00,YouTube,85.67,0.84,No,0,54,Social,1.87,34,96.05,3,No,0.74,Multiple,N/A
c29e6dd9-f66a-41b4-bc15-55357c544cf7,2025-09-28,CUST-976887,197,49,110,6.39,20,20:00-22:00,YouTube,16.31,0.77,No,0,52,Gaming,1.92,41,95.86,4,No,3.46,Multiple,N/A
d2ff8426-3c30-4302-9b90-a4c65b316845,2025-10-17,CUST-400155,207,14,109,22.2,21,08:00-10:00,Spotify,24.67,0.78,No,3955,18,Streaming,1.43,36,95.01,3,No,9.94,Single,N/A
68b2bac3-9f2f-473c-8665-4fda478202ae,2026-04-12,CUST-571080,270,47,5,41.18,47,18:00-20:00,None,28.85,0.2,No,0,19,Productivity,1.26,20,96.85,5,Yes,0.34,Multiple,N/A
64502836-1104-4c13-886a-6d8ab8b02e49,2026-01-03,CUST-493675,131,40,6,48.5,38,18:00-20:00,Spotify,1.96,0.41,No,0,10,Gaming,0.76,22,99.57,1,No,2.67,Multiple,N/A
bd0b59a6-97df-4ea5-a422-ce3b34752c21,2026-03-22,CUST-150089,117,19,52,36.62,45,12:00-14:00,Spotify,41.37,0.11,No,0,8,Maps,0.66,48,99.93,1,No,9.13,Multiple,N/A
7d9d4c6d-a697-4c8b-bb66-691a79633017,2026-05-08,CUST-904124,22,6,146,27.48,22,20:00-22:00,None,50.19,0.88,No,0,46,Gaming,1.02,19,97.96,4,No,9.56,Single,Japan
fc9bf51e-434d-4f74-8d48-e55751e4a66b,2026-01-14,CUST-108517,280,13,119,48.28,30,12:00-14:00,Spotify,91.24,0.41,No,0,8,Social,0.74,40,95.79,3,No,4.78,Multiple,N/A
9284cb0f-1b5f-496f-8e7e-a53868e34136,2025-11-07,CUST-265887,104,8,81,12.17,11,18:00-20:00,Spotify,86.86,0.89,No,0,12,Productivity,1.56,18,96.98,2,Yes,1.27,Single,USA
660626e0-3fdf-4ef5-ace9-ed4d319772cf,2025-12-06,CUST-204899,36,45,93,0.65,23,08:00-10:00,YouTube,39.42,0.57,No,0,37,Gaming,0.57,18,97.18,4,No,9.92,Single,N/A
b2c42fb4-8f36-4d89-ab00-75ac4d85e5b8,2025-08-10,CUST-736182,87,23,182,1.78,26,12:00-14:00,Spotify,59.81,0.79,No,0,6,Maps,1.3,53,96.35,3,No,7.7,Single,N/A
a0190c2d-737f-477c-8391-2cfcd287a446,2025-12-02,CUST-251019,11,49,149,1.66,8,08:00-10:00,YouTube,66.94,0.75,No,0,60,News,1.57,15,97.8,2,Yes,1.26,Single,N/A
69789a1c-d531-4a07-83e7-d5a15ed6c86b,2026-02-14,CUST-184388,74,19,29,31.49,33,08:00-10:00,Spotify,1.68,0.88,No,0,41,Social,0.61,30,95.51,4,No,5.46,Multiple,N/A
6db09129-1c26-47df-9d8a-1896b3ca99e4,2025-10-23,CUST-519160,26,46,27,8.51,46,12:00-14:00,None,23.51,0.39,Yes,0,30,Social,1.29,51,95.61,2,No,9.57,Single,N/A
18fc2f29-6130-458a-83e2-b19e19fef7be,2025-12-14,CUST-432403,257,26,107,41.24,39,08:00-10:00,YouTube,77.4,0.85,No,1482,43,Productivity,0.51,46,95.57,1,No,7.67,Multiple,N/A
88adb96b-6a6c-4f55-b72c-c3442675a88a,2026-06-18,CUST-539520,253,42,145,38.84,39,18:00-20:00,None,57.55,0.8,Yes,0,24,Streaming,1.01,33,99.72,0,Yes,1.71,Multiple,N/A
ad548bb8-c4af-4384-a6bd-ccd942263394,2026-04-06,CUST-149313,26,41,182,8.99,29,20:00-22:00,None,50.74,0.43,No,0,32,News,1.64,39,96.8,3,No,7.81,Single,N/A
bc1e5b0c-cfea-49dc-8233-5aebc968fd55,2025-11-25,CUST-677769,180,8,185,36.14,9,12:00-14:00,None,0.98,0.13,No,0,50,News,1.95,19,95.97,4,Yes,1.91,Single,N/A
88f9d008-e175-49fc-b77a-25a486d3e2a7,2026-01-23,CUST-529016,88,41,150,44.13,14,18:00-20:00,None,5.81,0.66,No,0,35,Maps,1.24,35,98.24,4,Yes,5.77,Single,N/A
ec765e8f-5f78-4657-b25a-33bb1bee6d2f,2026-01-22,CUST-980608,107,30,140,44.52,16,08:00-10:00,Netflix,54.69,0.69,No,0,24,News,1.48,48,95.71,2,Yes,3.29,Single,N/A
0fce8a7e-95a4-4401-9171-9fdcb391f684,2026-04-01,CUST-999259,130,25,157,8.29,19,08:00-10:00,YouTube,2.5,0.71,No,0,26,News,0.72,16,95.03,3,Yes,1.46,Single,N/A
6c38709c-dcd2-49ab-9475-ff6f3e7c994f,2026-05-01,CUST-330642,284,33,86,4.56,19,12:00-14:00,YouTube,32.41,0.76,No,0,60,Social,1.99,15,98.25,1,No,8.38,Single,N/A
33cd5a39-8748-4516-b0ec-ca09a2b48931,2026-07-13,CUST-348501,127,26,111,44.92,8,20:00-22:00,YouTube,48.73,0.55,No,0,11,News,0.57,57,96.89,3,No,3.27,Multiple,N/A
bcf629b0-6f05-4a20-8762-cd7f74a6255b,2026-05-12,CUST-912447,236,35,179,25.58,48,18:00-20:00,Spotify,18.56,0.12,No,0,48,Gaming,0.63,9,96.18,2,No,6.51,Multiple,N/A
7bf44efc-cd54-460a-b682-97e3ca2ac2cf,2026-06-13,CUST-466017,202,41,73,37.8,30,08:00-10:00,YouTube,35.67,0.25,No,0,42,Gaming,0.54,55,99.83,4,No,8.69,Multiple,Japan
f5ddad83-9fa9-4d4e-869d-ba458fce03b3,2026-02-15,CUST-522135,145,32,81,18.57,30,18:00-20:00,Netflix,54.59,0.71,No,0,24,News,0.82,17,99.68,2,No,2.24,Single,N/A
a56cd4e3-c791-48c3-bc16-3d0ade4ce730,2025-09-03,CUST-459581,131,30,8,10.3,40,18:00-20:00,Netflix,22.29,0.55,No,0,34,News,1.14,59,97.54,1,No,6.94,Multiple,UK
6987fe91-bd2b-4479-b495-79401a75cfc4,2026-05-01,CUST-800024,129,49,17,31.39,10,18:00-20:00,Netflix,41.97,0.55,Yes,0,8,Social,0.8,25,95.54,2,Yes,9.21,Single,N/A
bfac2cd6-3279-46ad-93b6-e219c3b236f3,2026-04-16,CUST-716520,41,38,176,14.2,10,18:00-20:00,Spotify,66.36,0.56,No,0,22,Gaming,1.94,18,97.68,2,No,6.31,Multiple,N/A
7e14f3c3-04d6-4acf-aa79-e0ab780ea996,2026-01-22,CUST-560420,145,13,142,9.6,16,08:00-10:00,Spotify,2.7,0.17,No,0,26,Gaming,1.43,33,95.42,2,No,6.09,Multiple,N/A
fd7486f9-4ac2-40eb-9578-5ff6da64e9d3,2026-03-19,CUST-414775,116,25,118,27.94,50,20:00-22:00,YouTube,37.85,0.22,No,0,53,News,1.73,47,99.53,4,No,7.45,Single,N/A
2bcdcbbf-cbce-44aa-98b4-01e25ae1be46,2025-10-29,CUST-601593,154,11,160,15.41,22,20:00-22:00,YouTube,43.96,0.26,No,0,2,Social,0.99,42,96.99,5,No,5.39,Single,N/A
f449168e-4a11-4369-a2b6-4f7e2988b20d,2026-07-02,CUST-335555,17,3,104,5.2,18,20:00-22:00,None,99.04,0.66,No,0,31,Maps,1.36,43,96.79,0,Yes,5.71,Single,N/A
6a4d7155-ca26-4c65-bb88-c67c4f912985,2026-02-10,CUST-377631,142,37,149,14.99,21,18:00-20:00,Netflix,84.79,0.7,No,0,42,Productivity,1.03,24,98.56,4,Yes,2.57,Multiple,N/A
36432018-a716-40ad-bf91-f5b656e889ef,2026-03-15,CUST-457275,200,37,113,0.46,43,08:00-10:00,Netflix,6.69,0.12,No,4105,12,Productivity,0.9,42,98.67,1,Yes,9.04,Multiple,N/A
67a782cd-6f61-46bb-ac58-dd93bafe1e70,2026-01-22,CUST-893895,64,22,67,35.77,50,18:00-20:00,Spotify,61.84,0.42,No,0,15,Maps,1.2,56,96.76,4,No,4.97,Multiple,N/A
db2b6011-696a-4b49-b2ac-36a348532b98,2025-08-24,CUST-346861,205,49,69,23.79,15,20:00-22:00,None,27.73,0.4,No,0,55,Gaming,1.14,42,99.36,4,Yes,3.43,Single,N/A
b9210dfa-5a78-4a32-b897-7585cdb34c5c,2025-11-20,CUST-161235,183,24,96,6.36,49,08:00-10:00,YouTube,63.8,0.4,No,0,44,News,1.2,9,97.91,1,No,6.72,Single,N/A
20755539-4c97-46f8-b6c5-8c7a64c6afb0,2025-09-12,CUST-406793,84,37,1,4.85,31,08:00-10:00,Netflix,72.87,0.16,No,0,35,Streaming,1.74,21,99.52,4,No,6.27,Multiple,N/A
1fd75424-77f9-4ad7-82d7-e3573040efa0,2025-10-09,CUST-850715,19,48,13,11.62,34,08:00-10:00,None,27.82,0.77,No,0,24,Social,1.35,52,98.85,3,No,2.89,Single,N/A
935cd111-9aa9-4510-b0de-92afcd861cc3,2026-05-05,CUST-594417,65,46,145,29.02,28,12:00-14:00,YouTube,13.09,0.17,No,0,34,News,0.83,58,95.08,0,Yes,6.61,Single,USA
61bf2d2d-3d7a-44d7-93b7-b3a6cc1c282a,2026-06-22,CUST-178764,250,48,113,41.47,19,20:00-22:00,None,89.09,0.51,No,7767,12,Streaming,0.99,41,96.37,5,No,8.49,Multiple,N/A
117ad5e9-e959-48c0-a339-03b62d0c9fcf,2026-01-13,CUST-215727,262,22,16,20.93,40,08:00-10:00,YouTube,40.03,0.67,No,0,45,Maps,1.11,6,96.23,3,No,9.24,Single,N/A
0064d717-6b19-45ac-9c5a-fc8fb8d7cd2f,2026-07-03,CUST-981539,189,16,12,3.94,35,20:00-22:00,Spotify,44.1,0.57,No,0,53,Productivity,1.8,13,98.96,5,No,7.92,Single,N/A
ebecd607-b5d2-4894-ac90-68ba34240b81,2026-05-25,CUST-325025,34,25,144,18.91,49,20:00-22:00,YouTube,52.85,0.15,No,0,36,News,1.6,10,99.25,1,Yes,8.77,Multiple,N/A
59e5d299-54a6-4602-929f-88893becfcd4,2025-11-16,CUST-561882,265,9,34,2.18,11,18:00-20:00,None,3.01,0.33,No,0,57,Gaming,1.83,46,98.59,3,Yes,1.08,Multiple,N/A
641bec23-3e04-4e63-8d0e-3a5a27c2c31a,2025-11-28,CUST-217077,71,17,145,35.35,23,18:00-20:00,YouTube,78.61,0.76,No,0,35,Social,1.61,16,96.51,4,No,2.37,Single,N/A
b1a1fffa-1574-4756-81b9-9042f29f76b3,2025-07-29,CUST-723704,109,43,140,12.25,37,08:00-10:00,None,5.58,0.41,No,0,18,Streaming,1.22,30,98.07,0,Yes,2.2,Single,N/A
a5f7255d-786b-4841-819f-a94e23f08129,2025-08-30,CUST-743451,210,31,179,7.76,13,18:00-20:00,Spotify,68.19,0.58,No,0,23,Productivity,1.88,47,96.24,1,No,2.92,Single,N/A
97a68148-e9c5-4307-81f9-ee10a7b35476,2026-04-03,CUST-459885,6,42,95,35.44,11,20:00-22:00,Netflix,58.02,0.25,No,0,46,Gaming,0.65,44,99.15,4,No,7.11,Multiple,N/A
8aada92c-fd3d-4e44-b146-fbf0a0296c26,2026-07-11,CUST-536989,51,34,140,15.83,42,08:00-10:00,None,88.07,0.51,No,4982,11,News,0.52,56,96.14,0,No,9.74,Multiple,N/A
6ffb614a-3bb9-4404-b02e-658428397afa,2025-08-15,CUST-136258,50,21,110,32.42,22,08:00-10:00,Spotify,43.41,0.48,No,0,12,Productivity,1.59,49,95.61,1,Yes,1.63,Single,N/A
d9c29fe0-fa2d-4e60-aab0-fa406ab04532,2026-07-17,CUST-500693,94,1,69,48.72,13,20:00-22:00,Spotify,14.35,0.34,No,0,46,Streaming,1.22,10,99.16,1,No,5.07,Multiple,N/A
a624f663-4d38-4446-9a37-00ef8b059663,2025-08-02,CUST-312682,81,3,132,47.54,47,12:00-14:00,Spotify,33.09,0.58,Yes,0,24,Maps,1.15,31,96.43,2,No,6.22,Multiple,N/A
aa284dbb-ac62-4336-94b6-d38a9d78baf7,2025-11-21,CUST-414461,232,10,90,48.01,8,08:00-10:00,Spotify,53.28,0.48,No,0,29,Maps,1.08,13,98.21,5,Yes,1.53,Single,N/A
b00d9e37-55c5-45f2-86b9-213788c7504a,2026-05-31,CUST-820407,116,31,111,43.43,48,20:00-22:00,YouTube,51.5,0.18,No,0,5,Maps,1.16,39,95.87,4,No,3.43,Single,N/A
b5fa3a48-9ead-49e2-84ee-b162872f952b,2025-09-22,CUST-951623,10,10,153,12.14,31,18:00-20:00,None,24.66,0.86,No,0,15,Productivity,1.03,28,97.86,2,No,2.46,Single,N/A
22734668-2c58-4a24-aa69-d484b1ad585b,2025-10-04,CUST-901221,53,46,131,44.06,42,08:00-10:00,Spotify,71.31,0.57,No,0,12,Social,1.51,15,98.31,4,No,6.14,Single,N/A
672e77a1-c6ca-465f-91bd-876d58ab7bf3,2026-03-16,CUST-570624,281,24,44,9.33,20,12:00-14:00,None,67.22,0.81,No,0,30,Maps,1.02,6,98.99,5,No,5.29,Multiple,N/A
a0f5bd38-6e7a-4e95-96dc-3be3c558750a,2026-07-04,CUST-764354,58,43,102,40.15,29,12:00-14:00,Netflix,4.58,0.76,No,0,48,News,0.96,40,96.16,2,No,2.08,Single,N/A
4d9a7dd2-aa49-47f0-b80a-7d18cdce7834,2025-12-27,CUST-230454,111,45,83,38.47,6,18:00-20:00,Netflix,43.15,0.28,No,0,40,Gaming,0.84,39,99.99,2,No,3.88,Single,N/A
d71e034b-3e12-4a1d-b536-94da71bd6167,2026-02-26,CUST-217653,49,7,108,2.71,5,12:00-14:00,None,69.5,0.34,No,0,19,Gaming,1.94,58,97.9,5,No,7.64,Single,N/A
579eb40c-debf-4bfe-b2de-4c6029e14f94,2025-11-28,CUST-469804,18,11,75,46.83,25,20:00-22:00,Netflix,72.53,0.23,No,2253,36,Social,1.96,45,99.94,0,No,2.07,Single,N/A
93007e8e-052f-4eae-94f8-6b97a9a90fe9,2025-08-07,CUST-898579,68,24,39,7.37,15,20:00-22:00,Netflix,12.12,0.81,No,0,22,Maps,1.65,45,98.58,4,No,0.49,Single,N/A
295453a7-c413-4d23-9f77-2e94b99014b5,2025-11-14,CUST-716393,88,18,20,48.73,31,12:00-14:00,Spotify,98.56,0.42,No,0,24,Social,1.03,26,96.27,3,No,4.39,Multiple,N/A
e8ee3d1d-7424-48f0-87fc-af6ff60a48ad,2026-07-15,CUST-279606,116,6,111,43.61,32,20:00-22:00,YouTube,65.31,0.12,No,0,17,News,1.76,10,99.06,3,Yes,4.71,Multiple,N/A
cccc323d-48f8-4a83-80f9-ddc6b64ddb06,2026-03-10,CUST-330774,135,37,174,46.04,46,20:00-22:00,YouTube,7.23,0.4,No,0,25,Streaming,1.67,10,97.26,2,No,0.48,Single,N/A
056cc935-035c-4777-bae1-640ac90f373d,2025-12-18,CUST-249667,179,23,199,41.95,29,18:00-20:00,YouTube,47.3,0.14,No,0,57,Maps,0.93,10,95.17,2,No,4,Single,N/A
8ba049b4-69fa-498d-8106-291240bce8aa,2026-04-23,CUST-525591,135,7,66,1.79,44,08:00-10:00,YouTube,81.49,0.36,No,0,5,Social,0.78,46,97.66,1,Yes,0.94,Single,N/A
db238b35-1637-45c5-bcd4-2ac71a7d61ce,2026-05-20,CUST-393679,148,26,148,41.13,26,12:00-14:00,YouTube,90.42,0.41,No,0,32,Social,1.46,48,98.55,3,Yes,8.34,Single,N/A
5d4f6800-39ce-44a8-a24a-9b99dee36486,2026-03-11,CUST-788945,224,48,137,6.04,31,18:00-20:00,Netflix,36.87,0.85,No,0,56,News,1.32,51,95.01,4,Yes,9.41,Single,N/A
29e5f371-289a-4c6f-a3c3-7ecedc58a498,2026-03-10,CUST-148902,22,39,184,12.66,26,12:00-14:00,Spotify,89.12,0.24,No,0,32,Social,1.02,31,98.1,0,No,6.26,Multiple,USA
cce58f4c-5caa-4905-b2fd-23b88ba1ff57,2025-09-26,CUST-539569,239,39,159,19.63,44,12:00-14:00,None,16.37,0.61,Yes,0,60,Gaming,1.72,7,96.26,5,Yes,2.38,Single,N/A
c6b060fb-015e-4295-97a6-149d36ce63af,2025-10-16,CUST-259017,81,14,139,42.85,11,08:00-10:00,Netflix,84.28,0.73,No,0,55,Social,1.61,56,99.32,4,No,9.72,Single,N/A
75b58944-d10f-4cf5-8c7b-e55b3e4d3b53,2026-03-22,CUST-198502,129,30,46,25.93,28,08:00-10:00,None,79.4,0.38,No,0,39,News,0.72,56,98.83,1,Yes,8.13,Multiple,N/A
a340fc9a-2f44-4f9f-af68-a79421b58a70,2025-11-03,CUST-980847,10,11,77,11.76,29,18:00-20:00,YouTube,86.08,0.36,No,0,17,Maps,1.01,37,96.58,3,No,6.04,Single,N/A
a09694d2-91cb-4530-bc12-fc1c86958e16,2026-04-24,CUST-297854,234,25,91,18.57,38,08:00-10:00,YouTube,7.78,0.63,No,0,22,Streaming,0.94,37,97.85,1,No,4.16,Single,Mexico
265d0b9f-b911-4713-9005-9e9496a4a063,2025-12-24,CUST-761407,230,39,158,24.2,5,18:00-20:00,YouTube,90.26,0.68,No,0,10,Productivity,0.93,31,97.44,1,Yes,6.17,Multiple,N/A
b5747f46-4f0f-4c11-bd53-3315bb53552c,2026-05-04,CUST-161447,140,21,12,9.49,42,20:00-22:00,None,42.1,0.22,Yes,0,3,Streaming,0.89,8,99.99,1,Yes,2.39,Multiple,N/A
abc67121-bcd2-46c0-8e7f-120f497ae024,2026-04-06,CUST-999243,198,25,72,42.23,33,18:00-20:00,YouTube,33.21,0.32,No,0,14,Maps,1.97,26,98.13,2,Yes,8.2,Single,N/A
f555fbc7-8abd-495a-9188-959ffd5c628d,2026-01-11,CUST-922024,236,26,44,39.7,35,08:00-10:00,None,67.88,0.38,No,0,6,Productivity,1.69,56,99.97,3,No,2.41,Single,N/A
2688b0d6-e00f-4fd3-9b09-ea5674faf0e8,2026-03-29,CUST-152629,263,4,177,27.07,34,12:00-14:00,Netflix,14.43,0.43,No,0,34,Streaming,1.04,6,96.72,5,No,9.49,Single,N/A
9b52564d-444a-4b2e-9203-3b06f2b18ca5,2025-09-06,CUST-105662,107,37,177,22.45,10,18:00-20:00,None,1.69,0.12,No,0,6,Maps,1.01,59,97.34,2,No,0.3,Single,N/A
3624dab2-f469-4d6f-91d4-1c345704ee07,2026-03-28,CUST-628766,163,47,115,23.1,14,20:00-22:00,YouTube,91.1,0.76,No,0,58,Social,0.75,29,95.35,5,No,8.96,Multiple,N/A
6420e1cf-e8e5-4ea1-bd04-8d4fe76c1ce9,2026-01-27,CUST-759282,103,27,65,17.36,37,20:00-22:00,None,67.91,0.78,No,0,5,Productivity,1.06,46,95.11,2,No,3.26,Multiple,N/A
9dc0424f-5320-4953-992e-d027431a50ae,2025-12-07,CUST-972641,135,5,129,24.05,21,08:00-10:00,Netflix,5.52,0.36,Yes,0,40,Maps,1.97,41,97.86,1,No,0.12,Single,N/A
12d273bd-c711-4b50-80be-43f69244273e,2025-08-15,CUST-463120,239,23,129,26.7,23,20:00-22:00,None,72.57,0.55,No,1472,41,Gaming,0.51,37,99.92,1,No,6.25,Single,N/A
14946b94-ecde-471d-af82-0c12787853d9,2025-10-09,CUST-744881,8,46,77,5.18,18,12:00-14:00,Spotify,45.76,0.51,No,0,36,Gaming,0.53,16,99.26,5,Yes,2.4,Multiple,N/A
2c402d45-a0f6-42a7-9043-c31122db03b2,2026-05-29,CUST-313062,121,34,147,42.7,33,18:00-20:00,YouTube,71.02,0.58,No,7976,25,Productivity,1.48,39,98.07,1,No,1.35,Multiple,N/A
38dad6f6-6827-4120-8ac4-d777ff003dd8,2026-02-09,CUST-882057,11,4,41,21.81,25,12:00-14:00,Spotify,35.11,0.42,No,0,12,Social,1.52,31,95.99,1,No,4.33,Single,Japan
2e672c9d-bf12-4c37-afd7-6b87bbca21ec,2026-07-05,CUST-651251,21,14,10,26.93,21,18:00-20:00,None,32.77,0.89,Yes,6194,45,Maps,1.67,41,95.34,1,No,8.37,Multiple,N/A
39720d29-4b01-4b5c-9e12-86e4034843e3,2026-05-25,CUST-805593,141,11,114,6.37,18,18:00-20:00,Spotify,99.21,0.87,No,8321,13,Maps,2,34,96.78,3,Yes,7.33,Multiple,N/A
dfc77ebd-f493-4d5b-8235-f88e0a067507,2026-07-15,CUST-785710,196,48,128,28.19,25,08:00-10:00,Netflix,93.88,0.15,No,0,20,Maps,1.55,25,97.14,4,No,5.03,Multiple,N/A
82bda7ab-f68d-4dc0-b064-e56754ff1a94,2026-05-17,CUST-805239,241,44,117,17.29,12,08:00-10:00,Spotify,17.37,0.26,No,0,16,Gaming,0.99,50,95.59,5,Yes,6.35,Single,N/A
9a6bfb00-52b6-4ebc-9bf3-a73f640c1d04,2026-04-14,CUST-309040,103,31,45,16.71,8,08:00-10:00,None,57.06,0.88,No,0,11,News,1.58,11,98.44,5,Yes,5.12,Single,N/A
b0e8c175-5ba2-4642-a1e1-518a3588766f,2026-04-01,CUST-129104,164,43,80,32.75,39,18:00-20:00,YouTube,97.84,0.26,No,0,44,Gaming,1.28,45,99.37,1,No,2.92,Single,Japan
a737ba83-9016-4ec5-a092-c1f595adda57,2026-03-03,CUST-289763,30,47,172,17.74,18,18:00-20:00,Netflix,14.97,0.68,No,0,22,Streaming,0.58,13,98.59,5,No,2.09,Multiple,Japan
74195758-9784-45e4-b7d4-66efc89cb6b7,2026-06-14,CUST-600404,291,33,127,11.26,37,12:00-14:00,YouTube,1.25,0.45,Yes,0,41,Streaming,0.76,16,98.53,0,Yes,5.03,Multiple,N/A
bde30406-53da-4d2b-a104-e5f60e259991,2025-11-24,CUST-625319,118,22,172,2.85,36,20:00-22:00,Spotify,2.4,0.43,No,0,46,Social,0.86,54,95.24,2,No,0.56,Multiple,N/A
68fa5386-01ad-4979-8df8-82d1a1668b3b,2026-03-30,CUST-992247,157,23,119,13.9,47,20:00-22:00,Spotify,32.33,0.18,Yes,0,18,Maps,1.34,27,98.9,2,No,8.3,Single,N/A
c8f3fb0a-5682-454f-99c8-4c277cbd3325,2026-03-28,CUST-187859,80,15,129,19.3,12,08:00-10:00,YouTube,6.95,0.48,No,0,46,Productivity,1.45,58,98.77,2,No,6.46,Single,N/A
35abb2df-1363-400d-b1a1-84d8912ea616,2026-05-24,CUST-639342,54,30,92,40.3,20,12:00-14:00,None,77.31,0.29,No,0,9,News,1.41,20,99.12,3,Yes,7.44,Single,Japan
e9db3189-79ba-4d3e-a4a0-50cc1e19650f,2026-03-11,CUST-454436,287,27,162,49.68,10,20:00-22:00,Spotify,28.31,0.13,No,0,53,Streaming,1.06,36,96.82,2,No,5.81,Multiple,N/A
516f83d6-f35e-4578-b55c-7b96e36cf594,2025-10-31,CUST-121305,116,34,49,42.28,28,12:00-14:00,None,35.22,0.79,No,9018,5,Social,0.89,26,97.52,3,No,7.17,Single,USA
05980f26-7272-4839-b619-c49438144540,2025-11-14,CUST-905534,280,22,195,19.81,41,12:00-14:00,YouTube,58.5,0.17,Yes,4783,33,Maps,0.64,38,97.16,0,No,4.65,Single,N/A
8468c57f-6378-4fb0-905a-88df5a28feca,2025-11-20,CUST-450797,122,7,184,16.72,45,08:00-10:00,Netflix,7.1,0.29,No,0,31,Social,1.6,56,95.69,4,No,5.5,Multiple,N/A
aef844a9-85a9-498d-8825-723cbf07e5cb,2025-11-05,CUST-748455,152,40,52,21.4,48,20:00-22:00,Netflix,4.9,0.34,No,0,5,News,0.58,7,95.49,0,No,2.81,Single,N/A
3454ea23-48bc-492c-9d67-b56ad0d3ec23,2026-02-05,CUST-692921,214,9,62,31.82,33,12:00-14:00,None,72.28,0.89,Yes,0,29,Streaming,0.89,29,97.9,1,No,4.49,Single,N/A
e3430e8f-f00f-4371-8e28-fdace10dfc1c,2025-11-03,CUST-846821,24,5,62,8.98,19,20:00-22:00,YouTube,56.81,0.45,Yes,0,19,Social,0.68,50,99.76,5,No,3.75,Multiple,N/A
21c4e4cb-7fa9-443f-a20e-2c8f547405e5,2025-12-05,CUST-213205,284,17,40,31.81,21,18:00-20:00,YouTube,65.1,0.35,No,0,13,Social,1.33,54,99.34,2,No,4.38,Single,France
7c28dbcf-fb10-4056-88f6-4f1abf171107,2025-10-24,CUST-309934,284,32,197,33.05,47,12:00-14:00,None,5.19,0.71,Yes,0,29,Gaming,0.64,36,96.32,5,No,6.51,Single,N/A
5963a87b-700b-40f0-9a42-ae6dd0cf0d86,2025-08-26,CUST-294831,226,5,30,36.04,14,20:00-22:00,None,5.76,0.38,Yes,0,52,News,0.99,15,95.19,3,No,6.74,Single,N/A
5c5aa0a0-3939-4c8f-a859-2ba7bfb18b01,2025-11-01,CUST-288813,47,46,165,49.71,24,18:00-20:00,None,56.02,0.29,Yes,0,27,Gaming,0.59,24,98.95,1,No,8.95,Single,N/A
dcf86a65-5560-4ac5-a7eb-1cc5a775b6ed,2025-10-08,CUST-609224,156,26,60,39.79,45,08:00-10:00,None,97.44,0.51,No,9104,20,Maps,1.43,38,96.82,1,Yes,2.22,Single,Canada
865507ec-a863-4a7b-8764-95c264a85aae,2026-04-16,CUST-193614,91,9,53,21.86,41,12:00-14:00,YouTube,76.59,0.84,No,9975,33,Gaming,0.53,44,99.63,1,No,9.14,Single,N/A
55eca105-495f-4433-b400-bc7aa482b330,2025-11-30,CUST-613529,210,26,106,48.75,11,12:00-14:00,Netflix,28.65,0.15,Yes,0,33,Maps,1.87,34,97.54,3,Yes,4.75,Single,N/A
2952d891-5f20-46f5-be05-df0cec3e8de2,2025-12-16,CUST-423419,219,2,92,11.03,7,08:00-10:00,Netflix,22.38,0.71,No,8764,44,News,1.67,20,98.91,1,Yes,3.6,Multiple,N/A
b069c199-b2c4-44bf-96e8-03e6a84b6257,2026-01-11,CUST-852665,236,29,129,5.64,24,18:00-20:00,None,53.07,0.35,Yes,3767,45,Social,0.72,6,95.72,2,Yes,3.73,Single,N/A
3e15fd46-d285-4dfe-a379-ac6d2e1da127,2026-05-06,CUST-270799,38,25,24,33.65,12,20:00-22:00,None,40.63,0.45,Yes,0,49,News,1.83,13,95.38,2,No,2.29,Single,N/A
c7c30e4b-4c8a-4eb5-85b9-a89d6d40e5e2,2026-05-15,CUST-759069,155,19,179,21.16,29,08:00-10:00,Spotify,15.74,0.14,Yes,0,22,Streaming,1.97,24,97.84,1,No,3.96,Single,N/A
de95fb08-d9cf-49b2-a91f-0f653d30e5c3,2026-03-30,CUST-938477,107,1,35,3.51,21,18:00-20:00,Netflix,55.07,0.2,No,0,22,Streaming,1.02,30,95.29,2,No,2.62,Multiple,N/A
1e33e2f2-9679-42f1-849c-8e00d32b98ff,2026-06-24,CUST-557183,297,46,7,25.63,6,08:00-10:00,None,42.74,0.22,No,0,8,Maps,1,38,99.33,1,Yes,5.05,Single,France
c139750f-76c7-4e29-95b2-6383105b1bc6,2025-12-09,CUST-194343,227,4,103,19.96,38,20:00-22:00,None,24.5,0.88,No,0,18,Gaming,0.58,49,97.76,1,No,8.37,Multiple,N/A
8aaf0800-9f8a-455e-a9a4-43fe1fe3f394,2025-11-20,CUST-343046,20,38,179,22.12,23,08:00-10:00,YouTube,23.02,0.21,No,0,46,Streaming,1.05,24,99,5,No,6.82,Single,N/A
b503befd-d1bb-4a42-a107-ae6fa33d1790,2025-12-20,CUST-247627,33,37,75,30.86,32,08:00-10:00,YouTube,32.13,0.6,No,3503,34,Streaming,1.99,47,95.47,4,No,0.19,Multiple,Germany
f2baefda-33fd-43d9-8737-e969bba4847b,2026-05-09,CUST-677455,55,35,14,34.68,8,12:00-14:00,Netflix,21.1,0.87,No,0,46,Gaming,0.54,24,95.55,2,No,3.99,Single,N/A
74d37ade-5e9b-4eef-9173-cccb31b1396b,2026-04-07,CUST-292197,295,26,10,2,14,08:00-10:00,None,20.37,0.83,No,0,58,Gaming,1,15,96.5,5,No,0.4,Single,N/A
363f8bfd-d1f1-40a3-a59c-6c730f1cdb41,2025-08-29,CUST-713011,10,20,120,37.73,44,12:00-14:00,Spotify,58.11,0.69,No,0,6,Social,0.89,27,95.12,2,No,9.3,Single,N/A
c3a97884-de9a-455e-92c6-244412cedd47,2026-04-10,CUST-332165,265,6,191,5.71,40,18:00-20:00,YouTube,80.09,0.12,No,0,57,News,1.64,20,97.45,2,Yes,9.12,Single,N/A
86ed8621-953f-4ca2-b83a-5795912b25bd,2026-07-23,CUST-946250,158,38,39,36.63,48,08:00-10:00,Netflix,77.71,0.85,No,0,12,Productivity,0.92,45,96.06,4,Yes,6.16,Single,N/A
8eb3e506-d316-4045-bf3a-5bcb9e326781,2026-07-13,CUST-253677,296,21,9,38.13,45,20:00-22:00,YouTube,27.91,0.83,No,0,27,Productivity,1.56,43,95.37,3,No,5.61,Single,N/A
d402ff3f-111a-44c6-9839-f4c10f1c5fb1,2025-10-02,CUST-150076,47,19,126,18.6,29,20:00-22:00,Netflix,69.2,0.82,No,9448,39,Gaming,0.5,21,98.3,4,Yes,1.82,Single,N/A
192be255-e234-40c6-9283-4f30a7ea2f06,2025-08-05,CUST-853045,67,9,169,11.22,27,12:00-14:00,Spotify,97.98,0.28,Yes,0,41,Maps,0.65,33,99.44,2,Yes,5.03,Single,N/A
db395ec9-a9df-4886-9485-dc3caf6515aa,2025-10-29,CUST-297234,25,43,177,20.29,49,20:00-22:00,Spotify,29.55,0.74,No,0,34,News,1.92,18,96.47,2,Yes,5.89,Single,UK
8713263e-db34-454a-b388-4c1e4f51ee13,2026-07-14,CUST-777763,244,32,160,43.39,44,18:00-20:00,Netflix,94.23,0.43,No,0,5,Streaming,0.54,6,99.63,3,Yes,9.32,Single,N/A
f4f58229-258d-4b6b-ad52-8f25a18202ce,2025-11-15,CUST-508146,30,41,38,46.25,17,12:00-14:00,Netflix,26.25,0.4,No,0,58,Gaming,0.77,18,98.78,0,No,6.66,Single,N/A
bcf9b335-4002-4931-b65e-ef797925629f,2025-10-06,CUST-961015,6,8,126,0.49,20,08:00-10:00,Netflix,52.29,0.43,No,0,22,Social,0.51,43,97.34,1,Yes,8.26,Single,N/A
caa51b88-eaef-4c53-ac40-d4d346bdba95,2025-11-29,CUST-850168,94,6,174,1,14,12:00-14:00,Spotify,83.4,0.23,No,0,31,News,1.15,53,96.64,2,Yes,4.38,Single,Germany
300473f5-341c-4573-8bef-f29978357c15,2025-09-10,CUST-726843,97,7,16,3.36,27,18:00-20:00,None,16.49,0.15,No,1200,14,News,1.88,51,96.55,0,No,5.69,Single,N/A
8753c040-e650-48cf-9780-270657933357,2025-11-09,CUST-790625,280,21,24,4.17,22,18:00-20:00,YouTube,53.65,0.49,No,0,23,Social,0.93,40,96.8,1,No,9.33,Single,N/A
88dbc9fe-b4da-46f0-8a32-aea2baaeced6,2026-01-04,CUST-830628,124,20,137,1.71,11,08:00-10:00,None,0.2,0.38,No,0,18,Social,1.03,17,99.49,1,No,8.96,Single,N/A
d0c57068-3413-4daa-96af-bf1ad70bc034,2026-05-06,CUST-258052,15,12,167,40.84,29,12:00-14:00,Spotify,65.52,0.5,Yes,2708,32,Productivity,2,31,98.6,2,No,0.96,Multiple,N/A
3529c5ff-9003-4493-9df3-5884c95ab0a8,2025-09-07,CUST-814773,44,16,79,3.15,16,12:00-14:00,YouTube,14.88,0.34,No,0,10,Social,1.55,14,99.81,3,Yes,8.51,Single,N/A
ac70a4a1-bf98-4eba-9cfd-1ff19d77e4dc,2026-03-18,CUST-242750,75,43,180,1.1,30,12:00-14:00,None,31.56,0.61,Yes,0,46,Productivity,1.31,26,99.12,3,No,6.69,Single,N/A
6ff4008f-d761-4cd5-8a41-4d4615d3997f,2025-12-25,CUST-384652,179,39,41,29.05,9,12:00-14:00,Netflix,98.28,0.26,No,0,55,Gaming,1.51,7,99.06,4,No,6.29,Multiple,N/A
f5230ecb-d809-45fe-be29-af785ab22c90,2026-04-16,CUST-332980,194,43,177,1.79,23,20:00-22:00,Netflix,6.33,0.25,No,0,57,Gaming,0.76,33,99.65,3,No,4.55,Multiple,N/A
b0e12740-b7bf-4380-a0b7-7483cbb728a4,2025-10-25,CUST-732950,98,25,117,0.34,41,12:00-14:00,YouTube,76.12,0.76,No,0,12,News,1.54,60,99.95,5,No,6.27,Single,Germany
f998b948-6d0e-419a-afa0-43bd9c7e3d8f,2026-04-01,CUST-388772,175,25,87,44.39,22,18:00-20:00,YouTube,67.29,0.38,Yes,0,54,Social,1.04,31,98.51,2,Yes,8.76,Multiple,N/A
53446ad7-c483-4c21-a3dd-bb42cfdddefa,2025-08-08,CUST-530983,188,42,170,14.5,20,20:00-22:00,None,27.56,0.61,No,0,42,Maps,0.74,38,97.72,0,No,4.13,Single,N/A
08acbf33-8e54-4d6e-9be5-5106a6f20793,2025-12-06,CUST-743271,9,3,137,39.23,40,18:00-20:00,YouTube,75.57,0.64,No,0,12,Productivity,1.65,28,96.31,3,No,8.98,Single,N/A
51d8f419-dda8-4679-a629-2f34b40457f6,2025-11-02,CUST-160487,293,40,121,21.36,39,12:00-14:00,None,95.6,0.52,Yes,0,45,Gaming,1.03,36,96.63,5,No,8.66,Multiple,N/A
0315a761-0305-438c-978a-3303d7d038b0,2026-02-19,CUST-670681,128,11,54,42.44,7,20:00-22:00,Netflix,72.6,0.85,Yes,0,49,News,1.6,51,95.59,3,Yes,6.47,Multiple,N/A
7e2db219-f9b8-4b0f-b2ed-5fded9b7e22b,2025-11-13,CUST-375552,208,12,68,40.9,13,08:00-10:00,None,63.32,0.51,No,0,41,Gaming,1.85,29,96.49,3,No,3.8,Single,N/A
b6574f35-a9ae-40f7-ae37-4c7e97a36177,2026-06-26,CUST-366488,67,14,36,3.16,15,08:00-10:00,None,32.11,0.57,No,2319,16,News,1.04,41,97.85,3,No,3.91,Single,N/A
ac1ebc47-41a6-479c-8a79-2e2f03c327f3,2026-07-08,CUST-650979,162,26,65,3.15,43,12:00-14:00,Spotify,56.44,0.71,No,0,54,News,1.88,29,99.91,5,Yes,2.71,Single,N/A
d4e644fe-dab0-413e-9e73-3bb341465a57,2026-03-20,CUST-158056,170,35,184,34.71,28,12:00-14:00,Netflix,55.63,0.58,No,0,23,Gaming,0.51,16,96.95,4,No,0.25,Multiple,N/A
0405ec3f-b04e-414a-8ed6-f87f4ca66cee,2025-09-09,CUST-444231,76,15,150,37.14,15,12:00-14:00,None,5.26,0.17,No,0,27,Gaming,1.96,27,97.33,4,Yes,6.96,Single,N/A
629f0a8f-b8ac-4165-94c2-73204fb9edbb,2026-03-01,CUST-420764,179,13,18,16.69,6,18:00-20:00,YouTube,16.69,0.82,No,0,4,Social,1.89,52,96.75,0,Yes,1.88,Single,Mexico
25e22ed7-eb6c-46ff-921d-12e59696b482,2026-01-24,CUST-297253,84,6,146,19.72,30,12:00-14:00,None,22.91,0.7,Yes,125,45,Maps,0.86,47,96.82,5,No,7.27,Multiple,UK
47c5fa6d-6008-4cdd-85f4-d7b3e145ea3e,2025-09-20,CUST-887926,16,35,60,35.34,47,20:00-22:00,YouTube,55.19,0.37,No,0,53,Social,0.79,9,98.13,5,Yes,3.42,Single,N/A
cc287596-7145-4ffe-b126-d13df6855c22,2026-02-19,CUST-433204,255,8,199,28.67,17,08:00-10:00,Netflix,78.12,0.39,No,0,25,Streaming,1.11,58,95.52,2,Yes,0.96,Single,N/A
d82e7e80-d2c9-4fe4-9633-1e4df354eaaf,2026-02-16,CUST-855381,172,16,154,3.03,6,08:00-10:00,YouTube,21.48,0.7,No,0,16,Gaming,1.97,43,96.52,2,Yes,3.11,Single,N/A
93a2287b-89a1-48fe-80d1-6ccd60ab65fb,2026-01-17,CUST-302474,234,16,173,29.57,32,18:00-20:00,None,57.79,0.9,Yes,7368,60,Social,1.31,36,98.29,2,No,2.33,Multiple,N/A
fef500d7-d552-48b7-93bf-8e6e5c636a98,2025-09-14,CUST-425768,118,34,32,26.64,46,08:00-10:00,None,10.87,0.43,No,0,4,Social,0.64,8,98.25,2,No,1.34,Multiple,N/A
1fb1f3b2-0073-4865-893f-60cb1ac8ab7e,2026-05-30,CUST-202981,288,42,68,35.82,48,18:00-20:00,None,70.8,0.52,Yes,0,22,Gaming,0.71,32,96.07,0,Yes,9.17,Multiple,N/A
bc1fae35-4b70-477e-ba46-c24a57a9b5b5,2026-01-13,CUST-635853,138,46,161,46.44,22,18:00-20:00,YouTube,46.23,0.17,No,3617,36,Social,1.65,13,95.91,0,No,5.17,Single,USA
b867f7b9-c56c-42c0-9558-8a2c3ce9ec42,2026-03-25,CUST-177903,179,20,125,7.7,20,20:00-22:00,YouTube,71.44,0.6,No,0,40,News,1.59,57,99.18,0,No,1.69,Single,N/A
e663c16c-af0b-45e5-958f-07d15ab7ed73,2025-09-30,CUST-954976,85,13,191,25.93,17,20:00-22:00,Spotify,27.32,0.34,No,0,6,News,0.77,6,99.96,5,No,7.79,Single,N/A
d72bd06a-f8a1-4b7e-87f7-c1314012b0a6,2026-03-26,CUST-622736,294,36,179,2.35,39,08:00-10:00,None,65.61,0.79,Yes,0,7,Productivity,1.42,12,96.94,5,No,0.52,Single,N/A
c39bbfa9-6e48-40d9-aafd-66220351d89f,2025-09-02,CUST-782030,94,48,117,48.75,25,18:00-20:00,None,63.52,0.73,No,0,55,Productivity,1.15,43,96.05,1,No,9.06,Multiple,N/A
8408a064-8627-4bc1-8a8e-501c5d51a05a,2025-09-29,CUST-161113,140,22,34,49.3,30,08:00-10:00,YouTube,18.07,0.35,No,0,6,Gaming,1.08,21,99.68,0,Yes,1.86,Single,N/A
9fb23ee3-197e-450f-8777-d80ced3766e4,2025-11-18,CUST-480568,233,24,146,33.92,39,12:00-14:00,Spotify,21.57,0.38,No,8509,25,Productivity,1.05,59,99.99,0,No,2.56,Single,N/A
9366fcb1-d010-4c2d-bf60-914dd09b4471,2025-09-15,CUST-500171,243,39,67,35.76,46,08:00-10:00,Spotify,30.89,0.18,No,0,55,Productivity,0.86,17,96.62,3,No,6.53,Multiple,N/A
803a1120-412e-4209-bfd3-4abc490676e0,2026-04-18,CUST-152482,73,43,76,2.93,41,08:00-10:00,Netflix,30.58,0.11,No,0,47,Maps,1.09,25,95.23,5,No,2.8,Single,N/A
ce216a3c-f453-43ff-bef0-f6a5dd6b6d3d,2026-01-07,CUST-239694,40,12,151,37.51,34,12:00-14:00,YouTube,50.92,0.23,Yes,7500,9,Gaming,1.34,32,98.31,1,Yes,7.08,Multiple,N/A
db1a657f-e7bb-4263-8fea-5eac255dcea0,2026-01-07,CUST-974011,69,2,164,48.28,11,18:00-20:00,YouTube,35.49,0.89,No,0,46,News,1.45,23,96.17,0,No,3.35,Multiple,N/A
821e37ee-ff92-4d10-ad56-e81bc7855814,2025-11-13,CUST-683882,51,34,12,25.27,35,12:00-14:00,None,48.21,0.68,No,0,5,Productivity,1.16,22,97.64,5,Yes,5.62,Multiple,N/A
13b905a0-c4fc-46e4-b61d-3981d6bc25fc,2025-12-25,CUST-911194,143,42,55,41.43,45,08:00-10:00,Netflix,26.99,0.63,No,0,5,Social,0.61,21,96.07,3,No,2.09,Single,N/A
b23f3275-3266-4596-b541-0d60b10ee8d7,2026-03-18,CUST-704959,190,31,102,9.41,5,18:00-20:00,None,73.14,0.78,No,0,25,Maps,1.35,57,96.86,1,Yes,8.21,Single,N/A
4b82d243-1937-448b-90b0-5deda78a7ed8,2026-06-10,CUST-818343,248,47,188,27.19,38,20:00-22:00,YouTube,32.71,0.46,No,0,50,Social,1.52,20,97.96,2,No,0.65,Multiple,N/A
c4659f33-75f7-41bc-acb7-2277d5b7776c,2025-11-12,CUST-873917,54,20,109,3.58,42,08:00-10:00,YouTube,40.17,0.82,No,0,18,Maps,1.74,43,98.59,2,No,1.75,Multiple,N/A
69112f83-ecb4-4b90-8683-9ecf24974ce0,2025-11-02,CUST-119114,76,30,38,13.42,41,20:00-22:00,Netflix,12.87,0.59,No,0,22,Maps,1.21,35,97.91,1,No,1.31,Single,N/A
8c08c26a-0163-4472-858f-f683bf67b54c,2025-12-18,CUST-897806,252,28,51,9.89,15,12:00-14:00,Netflix,38.59,0.12,No,0,24,News,1.39,33,96.86,4,No,5.75,Single,N/A
2fcfa967-32a0-4311-a7a4-8ad57caa814f,2025-12-19,CUST-437271,226,25,0,44.18,12,18:00-20:00,Netflix,59.42,0.22,No,0,22,News,1.69,54,98.49,4,No,3.68,Multiple,N/A
2137210d-b97a-44cf-b021-7b4bdb167126,2025-11-10,CUST-563603,61,21,56,17.8,6,20:00-22:00,Netflix,72.49,0.8,No,0,50,Productivity,1.58,26,97.19,4,Yes,0.75,Single,N/A
ae6a4f00-569c-48aa-bfc5-467ffcc73477,2025-12-27,CUST-855279,199,31,10,26.84,8,08:00-10:00,Netflix,80.41,0.2,No,0,44,Gaming,0.64,17,99.55,5,No,4.49,Multiple,N/A
39ea934c-851c-4ec4-bc46-baa2597617a1,2026-05-25,CUST-782224,36,40,100,20.1,14,20:00-22:00,Netflix,2.41,0.41,No,0,31,Maps,0.86,59,98.23,4,No,6.51,Single,N/A
9a439d99-e4d0-4152-9f34-f7ac097ef035,2026-04-16,CUST-197294,39,9,181,44.55,43,18:00-20:00,Netflix,22.42,0.68,Yes,0,26,Gaming,1.29,51,99.11,3,No,6.01,Single,N/A
05fe4c2c-d782-4efc-a57a-8b5d52e2844b,2026-03-29,CUST-333393,58,37,123,30.22,13,08:00-10:00,Spotify,84.06,0.51,No,0,30,Social,0.97,42,95.6,0,No,4.48,Single,N/A
5698c090-01e0-444c-9d86-4b35b12b65f8,2026-02-20,CUST-570560,108,49,82,10.29,26,12:00-14:00,Netflix,69.67,0.67,No,2251,4,Social,0.68,60,96.78,2,Yes,2.26,Multiple,N/A
9089a7ed-6958-4faf-bf90-e98388dd6c83,2026-06-27,CUST-990821,103,3,78,49.91,36,20:00-22:00,YouTube,15.65,0.29,No,0,49,News,1.37,28,97.6,4,No,7.46,Single,N/A
30079f9a-f104-472e-885f-97a641eca5e8,2025-11-21,CUST-415360,132,50,45,3.8,40,08:00-10:00,None,29.74,0.85,No,0,51,Gaming,1.91,60,96.44,0,No,1.71,Multiple,N/A
4fdbbacc-d65e-441c-b2e7-be426362db1c,2026-02-19,CUST-644567,132,3,124,22.4,41,12:00-14:00,YouTube,85.83,0.18,No,0,0,Streaming,1.84,34,98.95,1,Yes,8.56,Multiple,N/A
c1ce6be1-3a0f-47f5-af7a-41462717234a,2025-08-06,CUST-153978,88,32,16,19.69,13,12:00-14:00,Netflix,54.02,0.51,No,0,59,Streaming,1.07,31,96.38,4,Yes,1.38,Multiple,N/A
64e4c251-f190-4728-a71c-6620fd18a412,2026-05-28,CUST-127861,175,50,94,27.44,47,08:00-10:00,Spotify,46.14,0.48,No,0,5,Social,0.53,41,96.05,1,No,0.38,Single,N/A
97794f5d-595d-4378-b739-1c61a6c8eeb6,2025-11-14,CUST-674574,6,37,180,34.94,18,12:00-14:00,Spotify,91.58,0.67,No,0,37,Maps,1.54,26,97.33,2,No,6.89,Single,N/A
44a19404-0ee9-4775-b1db-8a6028665b97,2026-02-18,CUST-380134,286,20,82,44.38,41,08:00-10:00,Netflix,91.07,0.66,No,5936,31,Social,0.82,18,96.98,1,No,5.94,Multiple,N/A
b1f676c3-3e1d-403c-8b63-adae6ac9c0dc,2026-01-19,CUST-493683,52,20,111,15.05,43,12:00-14:00,YouTube,54.74,0.36,No,6281,29,Social,0.52,16,97.64,2,No,3.96,Single,N/A
051cf6f8-c128-4075-90b7-311043cc406d,2026-03-14,CUST-621511,106,21,104,10.72,7,20:00-22:00,Spotify,8.33,0.82,No,0,33,Streaming,0.72,46,98.02,3,Yes,5.47,Multiple,N/A
3e479b6d-34b6-4e21-8268-5aa5cc73a887,2025-12-14,CUST-177779,54,11,147,44.14,19,20:00-22:00,YouTube,48.49,0.48,Yes,0,43,Gaming,1.95,20,97.97,2,No,1.75,Single,N/A
88c138da-0194-4e01-bb55-8c05c4e98af0,2025-09-02,CUST-334994,175,5,147,0.51,7,18:00-20:00,None,54,0.24,No,0,4,Maps,1.55,54,95.58,1,No,5.21,Single,N/A
f9c53a6c-9d41-46a5-abf5-0f25246f0ac5,2026-01-04,CUST-732569,66,26,73,46.09,49,20:00-22:00,YouTube,8.74,0.25,No,0,57,News,1.95,26,95.48,5,Yes,7.16,Multiple,N/A
4c5191e2-7c48-4e83-ad8b-cc51b961a4d2,2026-02-07,CUST-928743,197,40,91,33.04,36,12:00-14:00,None,38.43,0.32,No,0,25,Streaming,1.28,19,97.3,4,No,1.83,Multiple,N/A
3e7e2ebd-d73c-4114-a357-6f27e159a7f2,2025-10-05,CUST-501834,200,39,33,43.16,34,18:00-20:00,YouTube,43.91,0.67,No,0,18,Maps,1.64,26,96.07,2,No,9.77,Single,N/A
41a1073d-cdfe-416f-8a85-0b1318ba7dc9,2026-03-29,CUST-802801,226,17,99,46.43,6,20:00-22:00,Netflix,21.23,0.25,No,0,56,Gaming,1.74,34,97.45,2,No,7.25,Multiple,N/A
aaf14f5d-2868-4d3b-ae9a-190b64fb6ee9,2026-06-06,CUST-939920,246,39,182,40.96,40,12:00-14:00,YouTube,50.85,0.57,No,0,34,Streaming,1.71,15,99.79,0,No,5.78,Multiple,N/A
43cad9d9-8760-4a0a-a77c-eb1e52c0a1c5,2025-09-10,CUST-866768,191,27,82,35.41,12,08:00-10:00,Spotify,46.34,0.44,No,0,18,Social,1.2,44,95.2,4,No,4.42,Single,N/A
e847d0ad-13b2-416a-9c1f-c1b7a36f7b87,2025-07-27,CUST-895162,168,3,111,19.28,8,12:00-14:00,YouTube,77.52,0.87,No,0,11,Streaming,1.14,37,96.85,0,No,1.79,Single,N/A
da1a999c-fff4-441d-8c86-80c624dc935e,2025-09-19,CUST-539669,44,7,199,41.01,13,08:00-10:00,Netflix,50.22,0.21,No,0,35,Maps,1.4,23,97.38,3,No,1.17,Multiple,N/A
2ed95700-7291-4fe5-be32-99ac8a089e81,2025-10-04,CUST-388799,180,35,23,37.64,43,12:00-14:00,YouTube,50.48,0.43,No,0,9,News,0.99,35,95.18,3,No,6.37,Single,N/A
f359f541-e812-429b-9bd2-f1bdf27c0116,2026-06-20,CUST-423908,149,32,109,10.91,10,08:00-10:00,None,49.53,0.53,No,0,32,Productivity,1.05,9,95.28,1,No,2.5,Single,N/A
8996ef57-8986-487e-8d33-2710e548c4f7,2025-10-22,CUST-425661,264,8,36,25.29,24,12:00-14:00,Netflix,63.72,0.79,No,0,55,Productivity,0.97,27,98.36,5,No,5.46,Multiple,N/A
6bb0d4ea-539f-4cb3-a467-efcd4ea9e1c6,2026-07-18,CUST-196678,117,21,23,22.19,30,18:00-20:00,YouTube,53.98,0.14,No,0,35,Streaming,1.26,30,96.21,3,No,5.54,Multiple,N/A
c0e005bc-3826-4beb-bbbb-3225e49bb1cb,2025-08-23,CUST-653874,107,12,104,15.73,37,12:00-14:00,YouTube,17.5,0.36,No,0,2,Streaming,0.68,5,97.33,4,No,6.1,Single,N/A
c82722c5-164e-4c41-ae41-f00da902e0a9,2026-05-27,CUST-873178,10,28,97,5.47,13,12:00-14:00,Netflix,36.36,0.2,No,0,37,Productivity,1.61,60,97.01,5,No,4.14,Multiple,N/A
b0d58023-c118-4cda-b323-1cfdfe476f18,2026-02-08,CUST-223125,166,8,15,36.25,20,08:00-10:00,Spotify,80.74,0.35,Yes,0,18,Productivity,1.14,59,95.6,2,No,2.8,Single,France
4d9676f4-e9d7-488f-ad93-d1f51ba2da46,2025-12-13,CUST-496728,36,16,28,18.71,42,20:00-22:00,None,31.33,0.44,No,364,39,News,1.74,56,97.67,5,Yes,3.39,Multiple,N/A
0fabd649-828d-4b53-93ed-99da4747c903,2026-03-29,CUST-223772,220,40,192,30.27,26,08:00-10:00,Netflix,85.28,0.2,No,0,9,Gaming,0.87,35,98.47,1,No,1.56,Single,N/A
6be890ad-0cf5-425b-97be-2701ce53b2e4,2026-02-16,CUST-433373,176,5,67,34.72,18,08:00-10:00,Spotify,89.87,0.19,No,0,44,Social,1.04,45,95.43,2,No,0.27,Single,N/A
93f1d8ba-e524-4809-8549-1f604dcfcd82,2026-07-23,CUST-229300,153,3,12,12.31,13,20:00-22:00,Spotify,75.07,0.76,No,0,53,Social,0.61,12,95.27,2,Yes,2.18,Single,N/A
3a207e7c-c1b5-416d-955e-1508d469788d,2025-11-20,CUST-648967,281,18,42,37.4,48,18:00-20:00,YouTube,94.39,0.17,No,0,32,Streaming,0.87,25,96.54,1,Yes,2.18,Single,N/A
ec61ec22-a2c7-48ed-833d-4891b4df70ac,2026-07-14,CUST-954359,76,41,179,6.34,40,20:00-22:00,None,58.53,0.64,No,0,44,Productivity,1.06,43,99.57,0,Yes,8.48,Multiple,N/A
46253085-247b-4e92-b0a9-e442098eb55e,2025-08-13,CUST-910341,11,40,56,8.38,39,18:00-20:00,None,4.86,0.87,No,0,46,Streaming,1.95,13,99.76,4,No,3.52,Single,N/A
3c72edd9-c164-47ea-963c-c7da0992ed53,2026-02-14,CUST-900590,274,5,132,41.17,22,12:00-14:00,None,72.85,0.32,No,7016,53,News,0.56,17,99.27,0,No,5.05,Multiple,N/A
4305bab8-f313-4873-9987-e56c6489813a,2025-10-17,CUST-376653,278,23,1,46.49,32,12:00-14:00,Netflix,89.83,0.11,Yes,0,57,Social,1.35,58,96.26,0,Yes,8.95,Multiple,N/A
80b8c414-93d6-41f5-b2d7-54800b2b3ed5,2026-04-07,CUST-946529,91,31,5,32.2,22,12:00-14:00,None,33.56,0.77,No,0,23,Streaming,1.43,37,95.17,2,Yes,3.99,Multiple,N/A
9224b921-142f-4d9c-84ec-643318bd8b1b,2026-05-28,CUST-798519,145,14,104,21.55,42,08:00-10:00,Spotify,48.49,0.42,No,0,34,Gaming,1.12,45,95.88,3,No,7.1,Multiple,N/A
daa027af-4091-4a13-b351-b84bd34ecce9,2025-07-30,CUST-928859,69,45,34,12.12,19,18:00-20:00,Netflix,5.51,0.68,No,0,48,Streaming,1.17,24,99.69,1,No,0.4,Single,N/A
365caa5a-7493-496d-8ae0-c54435463c4f,2025-12-21,CUST-507012,258,9,127,21.45,15,12:00-14:00,Spotify,46.57,0.67,No,7385,27,News,0.87,14,96.99,2,No,6.64,Single,N/A
90261616-3875-4f29-bd7a-150118153ad0,2026-03-14,CUST-817281,246,33,107,10.68,9,18:00-20:00,YouTube,98.7,0.14,No,0,27,Productivity,1.82,18,98.42,2,No,6.33,Single,N/A
238ccc77-8f9a-40d2-95b5-c71c2de1c0c3,2025-08-25,CUST-390436,199,8,44,24.14,35,08:00-10:00,None,53.48,0.62,No,0,36,News,1.28,22,99.06,3,No,8.88,Single,N/A
cf2a972a-692f-41dc-ab08-04e21e20505f,2026-07-22,CUST-637635,189,35,91,11.8,9,20:00-22:00,None,33.26,0.68,No,0,15,Streaming,1.99,18,97.19,4,No,4.92,Single,N/A
1b434ad9-119e-4e4a-a7ed-f7e50d5a35b9,2025-12-10,CUST-359523,246,5,27,19.92,39,20:00-22:00,YouTube,66.43,0.36,No,0,42,Productivity,1.4,48,97.31,1,No,4.53,Single,N/A
0ebcf278-e6ec-4315-b3aa-04b9c31bf856,2025-08-08,CUST-473200,150,20,40,16.25,12,12:00-14:00,Spotify,17.4,0.9,No,0,26,Productivity,1.34,12,97.86,4,No,6.35,Single,N/A
fe7abb78-3736-471e-9718-aaee3fc34e8c,2025-12-21,CUST-997368,184,4,12,30.28,32,20:00-22:00,YouTube,67.99,0.68,No,0,58,Gaming,0.82,20,95.38,0,Yes,2.66,Multiple,N/A
a0d1f869-5e87-49d0-914d-26876056c4cf,2025-09-26,CUST-756691,37,36,136,27.42,37,12:00-14:00,Spotify,1.97,0.85,No,0,20,Social,1.65,41,99.79,4,No,0.65,Single,N/A
b35889ca-b11c-4b52-881a-c3ff2da846fc,2026-03-02,CUST-387774,87,15,179,31.79,27,08:00-10:00,None,33.08,0.11,No,1066,2,Social,1.84,52,95.12,3,Yes,0.08,Single,N/A
acf3d940-7e91-438a-8384-f67cef2d3ea2,2025-12-11,CUST-217404,118,37,175,45.74,24,18:00-20:00,None,4.33,0.23,No,8101,58,Productivity,0.59,18,98.45,4,Yes,7.54,Single,N/A
b19517d7-743d-4b41-98e7-436d4d016bc7,2026-06-23,CUST-468967,87,10,171,4.04,17,08:00-10:00,None,86,0.31,No,0,5,News,1.25,19,97.42,3,No,8.07,Single,N/A
0b047870-a9e1-43f8-8dd8-db3ea431c8d2,2025-09-03,CUST-537299,54,11,79,32.91,17,18:00-20:00,Netflix,89.19,0.85,No,9720,30,Productivity,1.52,15,95.04,1,No,8.14,Single,N/A
74860b65-6ab2-4b25-b56d-8079fa707c79,2026-03-15,CUST-531385,124,46,146,14.03,26,08:00-10:00,Netflix,5.24,0.67,Yes,0,12,Productivity,1.8,40,97.82,3,Yes,9.18,Single,N/A
0a5d8e18-d9db-469b-93b4-18ea0602b6dc,2026-07-24,CUST-623084,82,34,33,22.21,13,08:00-10:00,Netflix,31.08,0.78,No,0,22,Social,1.49,13,98.94,4,No,2.25,Multiple,N/A
64da31f1-0315-480b-8a2b-7db5c6a4e45b,2026-01-30,CUST-772511,94,10,53,10.52,17,12:00-14:00,Netflix,13.46,0.5,No,0,16,Streaming,1,24,96.83,0,No,1.67,Single,Japan
681c3806-0cf5-414d-b630-a11e8831b7f7,2026-06-13,CUST-854982,113,2,121,25.46,44,20:00-22:00,Netflix,58.67,0.39,No,0,23,Streaming,1.86,51,99.91,0,No,5.91,Single,N/A
dd787bde-525f-4c06-8a11-4f4a54357c2e,2025-08-05,CUST-674717,8,2,4,33.92,46,08:00-10:00,Spotify,93.89,0.78,No,0,13,News,1.35,43,96.2,1,Yes,1.33,Single,N/A
c969f36a-3d48-42ca-ba84-c443f508e22f,2026-04-02,CUST-840841,39,34,186,2.29,22,12:00-14:00,YouTube,36.37,0.69,No,0,32,Gaming,1.77,31,95.68,1,Yes,9.96,Single,N/A
3e8ade33-0e1f-43d5-8560-af647d80d839,2026-06-08,CUST-313745,181,26,66,24.37,29,08:00-10:00,YouTube,51.01,0.12,Yes,0,59,Gaming,1.2,12,99.39,3,No,6.94,Single,N/A
0bacf6e9-ca3a-4b52-ba9d-6d58c9c47db1,2026-01-19,CUST-324673,204,26,110,11.66,26,20:00-22:00,YouTube,82.69,0.16,Yes,0,3,Streaming,1.89,24,95.21,2,No,7.81,Multiple,France
5bc9c709-facd-40b6-a3f0-1b631203d8d7,2025-12-18,CUST-233578,101,16,118,12.33,37,18:00-20:00,Spotify,66.69,0.64,No,0,19,Maps,0.58,26,95.45,5,No,8.14,Single,N/A
a8a877af-96f5-40c4-8d11-5a530110c0ff,2026-02-25,CUST-858651,67,40,95,20.29,39,12:00-14:00,YouTube,40.93,0.88,No,0,39,Maps,1.31,9,96.77,3,No,6.13,Multiple,N/A
2680e402-c2c7-4cd5-b157-f20fa3cadf42,2025-10-22,CUST-689784,95,19,111,8.92,36,20:00-22:00,Netflix,39.08,0.54,No,0,2,Maps,1.73,43,99.6,2,No,9.76,Multiple,N/A
1e27dd92-4d19-4ea5-a4c7-1f3932eee241,2025-09-30,CUST-406426,241,38,51,12.78,29,18:00-20:00,Spotify,42.8,0.71,No,0,30,Maps,1.32,23,95.88,4,Yes,0.18,Single,N/A
666530e1-6241-4b23-b67b-dcab6736c277,2026-06-05,CUST-728836,280,10,139,45.41,46,08:00-10:00,Netflix,68.24,0.48,No,2803,40,Streaming,1.73,18,99.75,4,Yes,1.91,Single,N/A
097cb07e-364b-4cf8-8522-6f6e85cd367f,2025-11-09,CUST-340143,195,8,161,21.08,32,12:00-14:00,None,10.91,0.65,No,0,55,Gaming,1.52,45,97.25,2,No,1.66,Multiple,N/A
18df842a-7e9b-4e92-9dd9-61e4270cdce1,2025-08-04,CUST-305002,103,24,101,47.41,16,20:00-22:00,None,12.39,0.71,No,0,55,Gaming,1.65,53,99.81,4,Yes,4.85,Single,N/A
1b3c934a-c17f-4e8e-baa7-e22e17c9b921,2026-02-14,CUST-980810,299,31,163,46.7,48,18:00-20:00,Netflix,33.84,0.2,No,0,42,Gaming,1.29,51,98.09,1,No,0.27,Single,N/A
344887b7-c55a-4541-b639-8ef099a27082,2026-05-23,CUST-280664,168,41,99,36.53,44,12:00-14:00,None,88.41,0.72,No,5277,50,Streaming,1.48,33,96.71,2,No,5.34,Multiple,N/A
5e4cd4ac-99d6-440c-be3b-1bc678d24716,2025-11-22,CUST-113835,274,43,17,41.81,35,08:00-10:00,None,31.16,0.65,No,0,10,Maps,1.67,51,97.14,4,No,2.03,Single,N/A
14322146-b9a7-4922-ba41-8a3b46433bc1,2026-01-05,CUST-948435,44,15,30,43.34,41,20:00-22:00,YouTube,33.92,0.86,No,7896,46,Gaming,1.42,16,99.32,3,No,3.13,Multiple,N/A
574f7fd4-61f8-4d56-8f53-c3c49c8cdf20,2025-12-17,CUST-843434,130,38,12,2.9,22,12:00-14:00,Netflix,8.31,0.85,Yes,0,13,Social,0.82,15,98.28,1,No,4.4,Single,N/A
bd411aaa-ab85-4c0a-a6c1-fb8204e6feb8,2025-08-08,CUST-343197,169,14,10,30.91,26,20:00-22:00,None,38.23,0.76,No,0,2,Maps,1.22,32,99.99,5,No,2.59,Single,N/A
0e7ee8da-04e3-47ca-b06a-575914baaf25,2026-06-06,CUST-820687,230,26,174,11.36,41,12:00-14:00,None,55.22,0.64,No,0,32,Maps,1.26,55,95.06,1,No,7.14,Single,Mexico
c5950f65-c02a-440b-ad22-f44e8c754849,2026-01-18,CUST-834975,62,11,18,4.65,24,12:00-14:00,Spotify,24.09,0.12,Yes,0,18,Streaming,1.72,46,96.7,1,Yes,8.12,Multiple,Japan
15164483-056a-4cbf-9056-bb73192645bd,2025-10-08,CUST-684356,266,16,58,9.47,45,20:00-22:00,YouTube,13.16,0.5,No,0,6,Streaming,0.84,55,95.08,4,No,0.79,Single,N/A
bbd68972-9e85-497d-bd8f-dca903227724,2026-02-27,CUST-884081,242,4,0,25.66,35,12:00-14:00,Netflix,97.34,0.71,No,0,3,Streaming,1.87,58,97.32,3,No,4.35,Single,N/A
4b480d4b-a36f-4e7e-86d6-d92ddfab5854,2026-02-07,CUST-176615,101,25,94,14.98,43,18:00-20:00,YouTube,53.92,0.83,Yes,0,48,Social,1.78,50,98.93,1,No,4.39,Single,N/A
38fd1768-761d-4596-86d8-b633ebdbb9cf,2026-06-22,CUST-115599,83,49,146,8.31,45,18:00-20:00,None,53.21,0.64,No,0,48,Maps,1.07,49,95.31,2,Yes,1.49,Single,N/A
f66532b8-ddda-4fcf-9d1d-7faaff06ce2a,2025-12-12,CUST-449269,278,17,0,9.05,15,12:00-14:00,Spotify,49.41,0.76,Yes,0,9,Streaming,1.39,33,97.58,2,Yes,1.61,Single,N/A
43dadba2-d88c-43b7-a745-ff335bcc192e,2026-05-08,CUST-159447,16,23,9,45.06,22,12:00-14:00,None,24.41,0.46,No,0,13,News,0.99,47,100,3,No,6.14,Multiple,N/A
7b8542d0-cbdc-40b1-b8fa-92ea0cecb2b4,2025-10-13,CUST-769240,192,12,151,19.83,39,20:00-22:00,None,86.7,0.19,No,0,0,Social,1.56,41,96.86,1,No,1.42,Single,N/A
6c49a67c-ccf4-430d-ad74-2c75a64cb66b,2025-08-01,CUST-774927,151,11,78,36.98,38,08:00-10:00,YouTube,24,0.74,No,1901,59,Productivity,1.6,37,99.85,2,No,5.28,Single,N/A
f286c18e-7cc3-4abe-913f-fd68c5ef0f73,2025-09-09,CUST-651870,250,24,176,31.12,28,18:00-20:00,Spotify,31.06,0.28,No,0,11,News,0.72,19,97.03,4,No,1.19,Single,N/A
64ea494a-8353-46d6-8935-e3793acaf67b,2025-12-11,CUST-628249,101,43,62,25.56,16,12:00-14:00,None,48.58,0.35,No,0,0,Productivity,0.79,31,98.39,3,Yes,5.2,Multiple,N/A
c085caf7-21f1-4d13-b34e-be92947b263b,2026-02-26,CUST-545915,221,11,167,6.78,26,20:00-22:00,None,35.77,0.15,No,0,24,Maps,1.55,18,95.03,4,Yes,8.49,Single,N/A
470c7f7a-51e3-4ad9-ab8f-bccf76429c51,2025-11-20,CUST-577485,161,46,187,26.39,33,08:00-10:00,Netflix,21.14,0.64,No,0,54,Social,1.22,54,99.12,1,No,8.17,Multiple,Germany
c36e88ea-269a-4856-bb9a-0e75b35a4a1a,2025-12-04,CUST-954628,19,30,125,30.1,15,08:00-10:00,Spotify,32.78,0.61,No,0,41,Gaming,0.7,39,99.16,2,Yes,5.67,Single,N/A
2b2e4c3f-35ec-434a-974f-347214927045,2026-01-29,CUST-440306,213,25,147,10.19,34,18:00-20:00,None,84.01,0.47,No,0,55,News,1.94,10,98.63,3,Yes,5.63,Single,N/A
4a9f4508-5d58-42a1-86db-d10a1ef87ceb,2026-04-04,CUST-358596,240,31,12,39.8,12,08:00-10:00,Netflix,20.34,0.2,Yes,0,5,Social,0.8,54,99.07,2,Yes,0.73,Single,N/A
2f55aa96-963e-4ac6-8165-6ce9f6841085,2025-09-11,CUST-579090,253,43,176,27.31,35,12:00-14:00,Spotify,10.04,0.11,No,0,3,Gaming,1.07,25,98.92,5,No,6.49,Single,N/A
3a55b1e0-69d4-49a9-8f05-4e403b4f278f,2025-11-28,CUST-414739,88,25,176,44.51,13,20:00-22:00,YouTube,87.86,0.13,No,0,19,Streaming,1.68,48,99.23,0,No,8.45,Single,N/A
4a0ce9ed-e2cf-48e5-9665-785361a8340b,2026-05-14,CUST-991697,36,15,159,13.65,37,20:00-22:00,YouTube,64.75,0.74,No,0,39,Gaming,1.15,55,99.62,2,No,8.7,Multiple,Japan
33e53f5e-0e5b-410a-80e6-71cfcfba9c7c,2026-06-20,CUST-455502,132,19,141,40.3,26,08:00-10:00,Spotify,92.96,0.11,No,0,48,Social,1.39,17,95.75,1,No,7.63,Multiple,N/A
9980fa40-4231-4e42-a7f8-c620c0f66768,2026-03-10,CUST-118555,174,10,170,30.37,11,18:00-20:00,YouTube,62.62,0.33,No,0,27,Gaming,0.72,44,97.9,3,No,7.07,Single,N/A
7b2aa184-34fc-406b-ac06-d2ecc500afa9,2026-01-29,CUST-934344,56,48,194,15.02,34,20:00-22:00,Netflix,42.88,0.48,Yes,0,49,Productivity,0.86,11,95.62,4,No,1.77,Single,N/A
2247ff9e-3589-4378-a5d3-14cf98d48776,2026-05-16,CUST-650911,163,18,190,0.57,48,18:00-20:00,Netflix,78.58,0.46,No,0,5,Gaming,0.83,7,97.74,2,Yes,2.58,Single,N/A
24573005-f506-4830-ac58-bd3e935fd9f7,2026-05-30,CUST-573763,261,22,134,1.75,19,12:00-14:00,Netflix,21.93,0.89,No,0,12,Maps,1.83,51,98.18,5,Yes,2.97,Single,N/A
0af39006-6d26-4a35-aa55-08816295ade4,2025-10-22,CUST-725825,113,21,33,21.93,34,18:00-20:00,Spotify,85.97,0.7,No,0,58,Productivity,1.37,31,98.19,4,Yes,1.56,Single,N/A
f9a85f74-c6db-40f7-a644-6055423d5283,2025-09-29,CUST-277916,177,16,68,41.33,28,12:00-14:00,Spotify,37.81,0.66,No,0,47,Productivity,1.94,24,97.54,1,No,5.02,Multiple,N/A
4f40cead-db1f-4123-b049-f0e29d8c2818,2026-01-28,CUST-439478,232,35,196,19.09,21,12:00-14:00,None,85.11,0.26,No,0,54,Gaming,0.83,8,99.51,4,No,3.33,Single,N/A
616d9f98-acef-4cb0-a47a-5b27d77498ce,2026-04-29,CUST-234353,142,47,1,49.98,22,08:00-10:00,Netflix,87.41,0.33,No,0,36,Social,1.57,8,98.42,2,No,3.66,Single,N/A
962cf8b3-dcd8-4e5b-bb80-c45b99968999,2026-04-17,CUST-676772,203,36,137,13.33,19,08:00-10:00,Spotify,17.75,0.19,No,0,20,Streaming,1.14,11,99.18,0,No,9.78,Multiple,N/A
da31ad8a-69b5-4d73-b13e-05e5aa00cb79,2025-12-07,CUST-736805,194,41,7,4.08,38,08:00-10:00,YouTube,79.71,0.71,No,0,18,Social,0.94,36,96.29,1,No,9.96,Single,N/A
7ac61f9b-5d78-4af2-90d9-aaeab2f524c3,2026-06-08,CUST-152043,198,4,121,28.62,11,12:00-14:00,YouTube,0.29,0.21,No,0,15,Productivity,0.67,15,95.98,4,No,6.58,Single,N/A
c86b57bc-881e-4885-a06d-938f4a6d9b1a,2025-10-04,CUST-657819,124,35,138,1.68,22,08:00-10:00,Netflix,7.37,0.72,No,0,27,News,0.84,44,96.95,3,No,9.77,Single,N/A
070e2fbd-7197-4ce0-a102-910e407798a4,2026-07-11,CUST-648731,88,23,171,13.52,24,18:00-20:00,Netflix,69.08,0.2,Yes,0,47,Streaming,1.3,38,95.96,1,No,2.76,Multiple,N/A
16e5f5e3-6ced-4897-a5b6-6f5aa7381a99,2026-06-26,CUST-879586,80,12,92,18.52,41,08:00-10:00,YouTube,5.59,0.44,No,0,8,Productivity,1.4,49,99.66,0,No,9.09,Single,N/A
259f0894-c281-4c08-b937-78960f8d63f4,2025-12-28,CUST-784179,47,38,24,20.02,30,20:00-22:00,YouTube,28.81,0.3,Yes,0,13,Maps,1.31,50,95.79,0,No,3.49,Single,Japan
33da16fc-7989-4292-be5a-ec5f86531f67,2026-01-10,CUST-359289,180,33,73,25.11,18,12:00-14:00,None,54.84,0.36,No,0,2,Social,0.64,33,96.12,1,No,1.14,Multiple,N/A
2de284aa-0e5b-4e4b-92cb-532db7bb36e8,2026-01-18,CUST-867122,274,28,76,36.53,27,12:00-14:00,Spotify,41.76,0.44,No,0,0,Social,0.93,55,95.56,4,Yes,5.93,Single,N/A
1fd1b336-5018-4250-acb5-18a1a80e24b2,2026-04-24,CUST-591236,224,2,19,36.06,47,18:00-20:00,None,70.06,0.55,No,0,39,News,1.99,23,98.4,0,No,2.03,Single,N/A
4d50c12d-07b6-444a-a6df-a691824a88c8,2026-06-27,CUST-963351,84,19,38,4.32,47,08:00-10:00,Spotify,59.22,0.64,No,0,17,Social,0.8,34,97.5,1,No,5.49,Multiple,N/A
a1520ea1-be56-4fe4-b90b-a9fad6d93ceb,2026-06-20,CUST-283378,262,27,177,37.6,35,20:00-22:00,Spotify,100,0.75,No,0,34,Productivity,0.91,52,96.68,3,No,7.37,Single,N/A
ea6a65a6-2479-4807-b775-6b3d18135e35,2026-03-29,CUST-152481,143,5,37,31.46,28,12:00-14:00,Spotify,64.69,0.37,No,0,46,Social,0.99,53,99.22,1,No,4.37,Single,N/A
beaaf30d-a082-4818-98fc-fc19a8363b2a,2026-04-01,CUST-316698,82,17,10,32.81,26,08:00-10:00,Spotify,91.83,0.7,No,0,6,Maps,1.31,52,96.68,4,No,6.11,Single,N/A
7b51158e-563c-49fd-b0e5-34b1e7e6bf0a,2025-11-29,CUST-298258,269,46,131,9.98,37,18:00-20:00,None,10.3,0.57,No,0,26,Gaming,0.71,40,97.05,1,No,1.35,Multiple,N/A
ed1a83d4-51fe-4d7f-a74f-09bbebee5c4e,2026-03-20,CUST-314283,70,23,189,41.01,46,08:00-10:00,Netflix,64.59,0.85,No,0,2,Productivity,1.71,34,99.79,5,No,0.93,Single,N/A
e17dd19d-11f1-489e-98c0-69073c241ec4,2026-02-21,CUST-398997,135,13,23,13.11,46,18:00-20:00,None,19.35,0.69,No,0,20,News,1.51,29,96.95,3,No,0.03,Multiple,N/A
3e017158-fbd2-4e80-82de-1218fa1995ae,2025-12-11,CUST-888004,241,25,47,31.41,35,08:00-10:00,None,68.98,0.66,Yes,0,14,News,1.78,52,98.7,0,No,7.65,Multiple,N/A
4b47fbff-695d-41d2-a022-7d26c76bf23b,2026-02-18,CUST-445794,203,31,167,0.52,39,20:00-22:00,Spotify,13.25,0.27,Yes,7316,56,Social,1.96,54,99.02,1,Yes,9.02,Multiple,N/A
0341b233-5118-4bbf-bd92-fd58d0eea68b,2026-07-06,CUST-808016,82,9,156,8.83,18,18:00-20:00,YouTube,46.43,0.83,No,0,28,Social,1.29,43,95.64,5,No,7.85,Single,N/A
51c41af4-4dcb-4ebc-90a8-cbaeb6837537,2026-07-13,CUST-943554,239,8,194,29.87,28,18:00-20:00,Netflix,11.87,0.13,No,0,34,News,0.92,15,99.96,4,Yes,7.99,Single,N/A
82a19beb-e53c-49a9-878c-6627de337783,2026-05-17,CUST-155254,105,18,149,25.22,37,12:00-14:00,Netflix,23.9,0.28,Yes,6672,40,Social,0.7,38,98.52,3,Yes,9.84,Single,N/A
f829bac8-301a-41a1-ac21-cb585365a979,2025-09-17,CUST-662968,78,25,47,14.32,46,12:00-14:00,Spotify,29.85,0.53,No,4145,26,Gaming,1.82,41,95.69,3,Yes,7.78,Single,N/A
210519b7-4e00-427f-9c8d-a28f3ac722d6,2026-03-31,CUST-168864,273,45,57,36.31,14,12:00-14:00,Netflix,11.88,0.39,No,0,32,Productivity,0.83,8,98.09,3,No,3.82,Single,N/A
26bb4a86-8a50-45c9-9a07-da1378e798fb,2026-02-01,CUST-798906,73,25,183,1.63,46,18:00-20:00,None,96.86,0.63,No,0,54,Maps,1.29,9,97.26,0,Yes,2.33,Single,N/A
69f20110-3cfb-490b-b2e2-576b8b82cd58,2026-06-18,CUST-628522,199,18,157,7.05,8,08:00-10:00,Spotify,6.95,0.22,No,0,35,Productivity,1.57,40,97.72,0,Yes,8.64,Multiple,N/A
c7f81720-2fca-4b64-ba92-1c10c2b49327,2025-08-24,CUST-164859,116,42,157,7.88,34,20:00-22:00,None,31.57,0.66,No,4548,25,Streaming,1.95,12,97.27,1,No,2.94,Single,N/A
fc7e27d0-2a15-4e0d-ada0-38b38fb26f3b,2026-04-14,CUST-987596,210,33,166,5.39,21,18:00-20:00,Netflix,62.88,0.26,No,0,43,Productivity,1.02,31,96.72,2,No,4.63,Single,N/A
5c6bf578-85ce-43fe-a87e-034dae3313f4,2026-04-08,CUST-563310,104,48,15,3.34,46,20:00-22:00,Spotify,52.22,0.14,No,0,21,News,1.21,46,95.28,2,Yes,0.75,Single,N/A
6b7bae98-10dd-4448-93cd-e878752b9597,2026-03-20,CUST-346333,43,42,128,47.74,23,08:00-10:00,Spotify,63.01,0.8,No,9242,11,Productivity,1.8,44,96.51,1,Yes,6.06,Single,N/A
95f05b6c-32ce-4143-b335-82674fb5a13a,2026-04-18,CUST-338428,73,47,139,17.73,20,12:00-14:00,Netflix,87.52,0.71,No,0,0,Gaming,1.57,46,95.73,1,No,1.37,Single,N/A
3a800fdd-3b76-45bb-8ddb-e70649562610,2026-06-24,CUST-983249,153,24,25,13.58,22,08:00-10:00,Spotify,48.87,0.48,No,0,15,Gaming,1.52,8,95.28,5,No,7.91,Multiple,N/A
0f872dc0-be84-45e3-8ef7-05dc14e510b6,2026-01-29,CUST-481913,299,20,36,6.01,37,18:00-20:00,YouTube,63.8,0.69,No,0,42,Gaming,1.47,10,95.08,3,No,8.25,Multiple,N/A
52cf275f-f54c-435b-9e43-6ea620715a58,2026-06-20,CUST-632942,167,48,1,40.18,43,12:00-14:00,None,38.8,0.22,No,0,11,Maps,1.34,9,97.23,1,No,4.48,Multiple,N/A
c80a0445-6034-433b-bf0b-3e1bcb6aa704,2026-06-05,CUST-702021,78,4,198,2.85,38,12:00-14:00,YouTube,35.07,0.37,No,0,23,Productivity,0.82,43,96.63,5,No,1.2,Single,N/A
12053904-d943-40b3-9eef-735eb18935c0,2026-07-08,CUST-432868,278,22,192,35.21,33,12:00-14:00,Spotify,63.65,0.39,No,0,37,News,1.49,11,99.22,3,Yes,1.03,Single,N/A
373ae5e4-dc4a-4d7a-88b9-f04d0404df3e,2025-09-24,CUST-768539,205,15,157,0.83,22,12:00-14:00,YouTube,68.48,0.17,No,0,26,Gaming,1.14,5,96.19,4,No,0.13,Multiple,N/A
7baee5ee-7475-40cb-9be5-5003997cf2e6,2025-12-18,CUST-383503,141,37,3,4.04,27,18:00-20:00,None,95.73,0.65,No,2692,51,Gaming,0.51,8,98.41,2,No,4.27,Multiple,N/A
8203c583-9eb9-4420-a782-80159ac95b5c,2026-04-18,CUST-424895,272,27,71,47.58,5,08:00-10:00,None,56.3,0.43,No,0,41,News,0.65,49,97.23,4,No,8.12,Multiple,Mexico
51a29cfe-0a85-47ed-bc6c-a868619b909f,2025-10-07,CUST-459044,230,47,151,17.74,31,12:00-14:00,Spotify,78.6,0.35,Yes,0,8,Maps,0.77,21,97.39,4,No,9.65,Single,USA
b5052751-6eff-45d6-8705-065f88778c93,2026-05-14,CUST-444414,259,17,163,2.85,46,20:00-22:00,None,82.49,0.51,No,8710,7,Streaming,0.68,57,99.63,1,No,2.73,Multiple,N/A
2ee4f2e4-1922-4ecb-b1cd-d8e5c1e3a1cd,2026-01-11,CUST-310429,178,10,100,3.5,15,12:00-14:00,YouTube,78.16,0.76,No,0,36,Gaming,1,26,98.02,1,Yes,7.33,Single,N/A
deb030f4-62fe-4eec-b99f-75a25d5b3271,2025-08-16,CUST-724632,52,48,155,1.79,45,12:00-14:00,YouTube,88.5,0.74,No,0,44,Gaming,1.68,44,99.12,1,No,7.31,Multiple,Japan
4ee6be7c-5aff-42a6-b50c-3ae376952e09,2026-03-30,CUST-283907,250,40,131,0.71,27,08:00-10:00,Netflix,14.61,0.31,Yes,0,2,Productivity,1.06,53,97.14,4,No,7.96,Single,N/A
cf819a5f-b586-47fa-bd08-852d6af2c945,2025-10-28,CUST-960722,191,25,41,20.83,24,18:00-20:00,Netflix,65.72,0.25,No,0,26,Streaming,1.43,33,98.51,1,No,2.93,Single,N/A
d1f9c5e5-bccd-4d93-b23b-fe6ec6473866,2025-12-11,CUST-325904,194,14,175,14.65,41,08:00-10:00,None,59.56,0.21,No,0,31,Gaming,0.73,39,98.31,2,No,6.49,Multiple,N/A
0794ccd7-1666-4ff7-83cf-a09dda03a4a4,2025-10-07,CUST-295741,203,4,93,20.75,40,18:00-20:00,Netflix,21.99,0.64,No,0,6,Streaming,0.75,7,98.16,3,No,6.29,Single,N/A
55f559bc-798e-4156-9893-ef561cd08f29,2026-05-01,CUST-992279,46,28,135,11.99,8,08:00-10:00,None,52.93,0.29,No,0,23,Streaming,0.88,52,95.87,0,Yes,8.56,Multiple,N/A
dcf5f849-680e-4bab-b217-5fd917270180,2025-11-28,CUST-187736,187,21,70,25.61,38,18:00-20:00,YouTube,72.74,0.37,No,0,27,Productivity,1.83,7,97.26,0,No,9.35,Single,N/A
b0e1fabf-b370-467a-ad56-16f5c4f513eb,2025-11-04,CUST-323840,116,22,0,6.12,23,18:00-20:00,Netflix,64.08,0.21,No,0,60,Maps,1.86,22,98.98,2,No,6.34,Multiple,UK
e0625536-6470-4bc4-ac85-02336b00873e,2026-07-14,CUST-418391,24,50,10,33.34,29,18:00-20:00,Netflix,3.92,0.8,No,0,14,Gaming,1.34,18,99.71,1,No,2.5,Single,N/A
8901d446-76f5-414a-93a0-a7bc4bd51df3,2026-05-08,CUST-631271,207,15,105,5.65,47,18:00-20:00,YouTube,84.02,0.41,No,0,8,Maps,1.37,21,96.9,2,No,6.55,Single,N/A
748e2f97-e44d-42ef-a293-6d696632dcc4,2025-08-04,CUST-892279,199,38,132,42.48,40,20:00-22:00,YouTube,19.37,0.5,No,0,0,Productivity,1.15,33,98.39,5,Yes,5.44,Multiple,N/A
53df4d33-e680-4dc9-81d1-a27146c3ab8c,2026-01-09,CUST-108149,219,23,179,4.25,40,18:00-20:00,Spotify,68.26,0.16,No,0,31,Maps,1.73,6,95.86,4,No,9.27,Single,N/A
c34f8e8d-2e0c-436c-a727-96c4f17a9d14,2026-02-26,CUST-845212,135,31,8,15.1,45,08:00-10:00,None,30.96,0.19,No,0,18,Social,1.23,33,99.34,1,No,6.03,Single,N/A
8db9febf-7985-485b-a0d5-5b5d9557cdc4,2025-10-20,CUST-234106,280,45,33,4.58,46,20:00-22:00,None,36.33,0.87,No,0,19,News,0.95,44,99.39,4,No,0.35,Single,N/A
f2e034f0-7b31-4378-8ec6-59bc2aeb6db8,2025-12-03,CUST-402570,235,25,195,22.94,22,08:00-10:00,Spotify,7.52,0.38,No,0,23,Gaming,1.07,59,95.22,1,No,2.33,Single,N/A
77ce9846-08f0-4ee2-b055-2bb2b5226e77,2025-09-30,CUST-945595,92,25,102,37.41,19,18:00-20:00,Spotify,99.04,0.79,No,9727,13,Productivity,1.79,45,97.42,1,Yes,3.55,Single,N/A
eda7b20c-26cd-41e4-b8b8-bac14d2421d4,2025-10-14,CUST-447703,121,44,71,24.86,25,18:00-20:00,None,91.76,0.71,No,0,44,Gaming,1.21,27,98.63,0,No,2.11,Single,N/A
7cb74be6-528e-4766-92b6-df467291de42,2025-09-30,CUST-618334,24,49,12,39.77,23,18:00-20:00,YouTube,82.83,0.75,No,0,23,Productivity,1.98,25,95.19,4,Yes,0.99,Multiple,N/A
beabeb4e-6b9c-4797-b12c-9951e4186380,2025-11-06,CUST-402927,205,41,33,44.89,29,12:00-14:00,YouTube,41.1,0.72,No,0,19,Maps,0.67,24,95.86,4,No,0.01,Single,N/A
fa07cd8c-6c77-4a19-b175-971ab82fdf1e,2026-07-11,CUST-386618,11,40,24,35.81,39,12:00-14:00,Netflix,26.51,0.63,No,6725,43,Streaming,1.12,26,95.96,1,Yes,7.58,Single,N/A
4c49aa64-bd8c-471d-bb51-a8b92dd2c633,2026-07-06,CUST-768613,268,38,5,9.79,46,20:00-22:00,YouTube,57.1,0.82,No,0,26,Productivity,0.79,60,98.98,5,Yes,1.06,Multiple,N/A
65940d80-0e55-4385-ad8f-5360a165fa57,2026-04-20,CUST-311820,70,45,3,19.35,32,12:00-14:00,Netflix,69.36,0.43,No,0,52,Streaming,1.18,20,95.26,4,Yes,9.59,Single,N/A
c30d2bd7-6904-4324-9ea0-d0e5f48bf7b0,2026-07-09,CUST-368278,198,12,106,41.49,43,18:00-20:00,YouTube,78.06,0.5,Yes,0,46,News,1.26,57,97.29,3,No,0.67,Multiple,N/A
fb950b34-16ee-4103-95b7-543db4707015,2026-04-08,CUST-293858,95,45,92,28.1,40,18:00-20:00,Spotify,90.72,0.55,No,0,9,Productivity,1.62,9,99.56,4,Yes,7.63,Multiple,N/A
9eb61d92-ca2a-4fc9-a1ac-990ed5982559,2026-01-29,CUST-251759,290,17,171,0.36,20,18:00-20:00,None,94.36,0.83,No,0,44,Social,1.11,48,98.14,5,No,2.27,Single,N/A
e6153342-ce48-415b-8b60-d07fe5a37e50,2026-02-21,CUST-400592,261,23,1,34.01,25,18:00-20:00,None,13.84,0.44,Yes,0,1,Productivity,1.64,18,96.53,0,No,2.13,Multiple,N/A
6e92ef5e-5120-4d1a-a244-8aaad8feeb9d,2026-01-28,CUST-322093,112,24,101,49.06,40,12:00-14:00,Netflix,20.69,0.51,No,0,3,Productivity,1.77,39,96.67,1,No,1.87,Single,N/A
cc6dcd1a-d023-456b-bea6-6e219b17a6a5,2026-05-14,CUST-611471,137,38,87,21.91,46,08:00-10:00,None,29.01,0.11,No,0,48,Streaming,1.94,10,98.7,1,No,1.36,Single,N/A
cd2f77d2-b5c8-4fd0-8f2d-4c875d2dda26,2026-05-25,CUST-714178,92,2,110,20.76,14,20:00-22:00,None,58.3,0.47,Yes,0,33,Streaming,1.37,6,95.03,1,No,2.58,Multiple,N/A
f1f8192f-9a7a-47ac-bab1-2096793948b9,2026-01-31,CUST-255159,174,15,161,13.64,34,08:00-10:00,None,11.28,0.61,No,0,9,Maps,0.94,52,96.86,4,No,7.65,Single,N/A
7edddb26-a217-4861-9638-1db651939317,2026-05-20,CUST-917099,21,28,95,32.43,47,08:00-10:00,YouTube,82.08,0.28,No,0,13,News,0.5,8,99.21,2,Yes,6.1,Multiple,N/A
1bfb8893-8ade-4ed9-bda3-d23e32ab6b02,2025-12-02,CUST-680150,87,38,74,31.19,12,08:00-10:00,None,32.38,0.16,No,5407,21,Streaming,1.93,26,99.68,2,No,2.61,Single,N/A
fb93cd31-2e0f-4184-939a-25adbfe96ecb,2025-07-31,CUST-724509,236,21,3,35.03,12,08:00-10:00,YouTube,1.38,0.26,No,0,52,Maps,1.4,17,98.08,4,No,2.6,Multiple,N/A
2403a95f-3e5a-4c7c-af5c-b2eaf0bb6bee,2026-02-12,CUST-993296,194,35,20,7.35,6,12:00-14:00,YouTube,56.55,0.69,No,0,46,Gaming,1.7,22,99.94,1,No,4.13,Single,N/A
94bb9e6d-4c5d-42fc-aba5-b7a65d46648d,2026-07-02,CUST-481224,105,22,86,7.72,8,18:00-20:00,None,42.17,0.38,No,0,32,Streaming,1.67,47,95.32,5,No,2.32,Multiple,N/A
c7976e34-8e4d-47b4-a391-285eba376454,2026-03-24,CUST-491751,293,44,30,34.71,16,08:00-10:00,None,60.78,0.79,Yes,0,22,News,1.34,37,98.18,4,No,8.51,Single,N/A
1a2a6bd0-8a6a-4245-a767-1bf0814a8887,2026-01-17,CUST-895872,71,27,126,30.8,47,12:00-14:00,YouTube,90.75,0.22,No,0,47,Maps,1.9,17,96.5,4,Yes,0.42,Single,N/A
849ddcbd-bd16-45a3-9ee4-4455ff709adb,2026-05-18,CUST-966627,218,42,150,24.66,33,12:00-14:00,None,13.35,0.48,Yes,0,10,Social,1.59,51,95.62,0,Yes,2.01,Multiple,N/A
a3470582-018d-4dc8-b1dc-7a3691746d14,2025-10-05,CUST-447687,135,50,106,26.55,40,12:00-14:00,Spotify,60.31,0.12,No,0,38,Gaming,0.89,17,97.57,2,No,6.9,Single,N/A
6555a0d8-f73c-409c-a9ab-4a3ce85e6463,2025-10-10,CUST-601819,162,8,15,12.92,40,12:00-14:00,YouTube,80.97,0.77,No,0,36,Streaming,1.55,46,97.75,4,No,1.34,Single,N/A
768d6b37-a2cd-41fb-9f27-1152691d6b12,2025-11-10,CUST-245183,115,32,185,41.38,42,20:00-22:00,None,12.05,0.33,No,0,24,Gaming,1.88,6,95.49,4,No,5,Multiple,N/A
64ee304c-5416-411f-a044-745395e8bb4b,2026-05-05,CUST-192511,31,25,148,23.67,27,20:00-22:00,None,87.15,0.27,Yes,0,30,News,1.43,33,95.61,5,No,8.99,Single,N/A
8727cc4d-e3c0-4f09-b382-03090e5af347,2025-10-25,CUST-129128,189,36,188,5.66,17,20:00-22:00,YouTube,11.5,0.14,Yes,0,50,News,1.46,39,95.66,4,No,8.74,Single,N/A
ac1e035b-49e3-4791-9e5d-e95ad99aed63,2025-08-06,CUST-691186,180,19,32,44.32,27,12:00-14:00,Spotify,3.09,0.16,No,0,28,Gaming,1.33,56,97.41,3,No,3.89,Single,N/A
b92adb0c-22f2-43b5-acc5-71cc7eba0ec4,2026-03-31,CUST-298125,125,18,194,48.71,15,20:00-22:00,Netflix,86.65,0.16,No,3796,26,Streaming,0.75,24,96.81,1,No,4.57,Single,N/A
b528750d-10d8-4d97-bf44-a811a5c3db31,2026-03-09,CUST-965362,205,31,141,23.85,37,18:00-20:00,Spotify,64.08,0.3,No,0,56,Maps,1.37,16,95.03,4,Yes,7.75,Multiple,N/A
a58e0839-2720-40e8-b06b-68dfd9a744cd,2026-02-26,CUST-910634,300,11,139,2.38,21,08:00-10:00,Spotify,54.65,0.85,Yes,0,58,Streaming,0.86,15,99.54,0,No,8.54,Single,N/A
523b17a3-4b1f-4f84-a168-07597d54b6c2,2026-05-02,CUST-747154,107,45,32,7.12,11,18:00-20:00,None,47.12,0.44,No,0,39,Maps,1.25,39,96.19,1,Yes,6.13,Multiple,N/A
5a8b9ae6-4ef7-4c99-abff-9aef3dcce6ee,2026-05-02,CUST-465667,209,41,151,43.02,21,18:00-20:00,None,87.59,0.63,No,0,37,Productivity,0.58,27,96.92,0,Yes,9.17,Single,N/A
871b74c2-d2ed-47ca-ac53-4aec2dca1f98,2026-01-19,CUST-276352,212,21,101,37.19,36,18:00-20:00,Spotify,74.83,0.8,No,0,41,Gaming,0.91,6,95.61,1,No,3.59,Multiple,N/A
0aec7449-64a5-4e19-9c5e-7f5cbdeba81d,2026-04-10,CUST-395248,104,13,112,23.58,29,12:00-14:00,YouTube,17.31,0.56,No,0,18,Productivity,1.77,52,99.34,0,No,4.56,Single,N/A
0d0d859b-6974-4e7c-9a61-f5a37ec97c40,2025-10-03,CUST-428466,174,21,82,29.86,42,20:00-22:00,None,36,0.42,No,0,38,Maps,0.62,43,95.17,4,No,6.17,Single,N/A
78fb3f20-beae-4acb-98af-c33b04cbf730,2026-06-10,CUST-491239,125,41,90,40,21,18:00-20:00,Spotify,73.25,0.66,No,0,22,Productivity,1.39,30,95.14,1,Yes,6.98,Multiple,N/A
34b1d406-14be-48b6-a32d-2c2159f01145,2026-06-20,CUST-772440,135,6,139,45.45,14,20:00-22:00,Netflix,65.68,0.26,No,0,41,Gaming,1.18,36,98.73,1,Yes,5.98,Multiple,N/A
74d1823a-0a92-4881-86d4-d95bbcefa3f0,2026-07-20,CUST-921009,53,49,48,47.49,29,12:00-14:00,Spotify,68.82,0.41,No,0,31,Productivity,1.28,7,96.31,4,No,9.15,Single,N/A
16d16ae6-3850-49c5-9e5d-f8201e439cfe,2026-04-09,CUST-808372,41,39,13,41.43,25,20:00-22:00,None,15.55,0.84,No,0,19,Productivity,0.77,6,95.18,3,Yes,6.48,Single,N/A
2a946ba0-bf85-4d01-808f-58c134441ce5,2025-11-15,CUST-794985,181,16,144,25.62,48,12:00-14:00,None,95.22,0.59,Yes,0,35,Maps,1.99,23,99.26,0,No,8.29,Multiple,N/A
fffc478e-0fb9-4fc8-8f38-8d2f91c46349,2025-11-26,CUST-274542,101,14,188,49.14,25,20:00-22:00,YouTube,74.02,0.55,No,0,54,Social,1.14,55,95.6,2,No,7.47,Single,N/A
2972ba05-4181-4f59-b512-4d20d691a6ac,2025-12-10,CUST-709081,36,35,171,48.05,29,12:00-14:00,Netflix,19.7,0.39,No,0,12,Maps,1.05,11,96.68,2,No,6.55,Single,N/A
010bb3c1-cacd-484f-9d3f-f40105dc4f79,2025-08-31,CUST-835203,113,24,178,46.62,36,12:00-14:00,None,10.65,0.45,No,0,23,Social,1.43,58,98.31,4,No,5.83,Single,N/A
28fe8e78-dd6f-4cf9-903d-b8cf31d5146d,2025-10-09,CUST-201914,89,31,55,25.23,32,08:00-10:00,None,30.44,0.27,No,7317,34,News,0.77,31,95.82,3,No,4.47,Multiple,N/A
34897c57-0c7f-4810-8b16-7f6dc5b79401,2025-08-06,CUST-483710,288,4,86,9.78,12,20:00-22:00,None,70.85,0.16,Yes,0,57,Gaming,1.48,6,97.54,4,Yes,6.2,Multiple,Japan
f0dc265d-1421-4b46-a978-db01e921ab8c,2026-04-18,CUST-758604,111,29,109,27.76,10,08:00-10:00,Netflix,71.8,0.58,No,3968,24,Productivity,0.95,54,98.32,4,No,3.29,Single,N/A
ce3d4436-c1fc-4d22-93f2-13f54d72b5c1,2025-10-03,CUST-508531,43,10,114,42.28,39,12:00-14:00,Spotify,32.03,0.36,No,0,44,Gaming,1.17,50,96.69,4,No,1.53,Multiple,N/A
57e59c45-3f23-47d5-af40-76eda9b971c2,2026-02-07,CUST-616688,11,49,66,3.68,19,18:00-20:00,Spotify,67.8,0.3,No,0,40,Streaming,1.14,58,95.76,1,No,6.42,Single,N/A
c6a4c3fe-b418-4907-9df2-ae4ef0c3001c,2026-03-28,CUST-799291,145,32,182,48.31,35,08:00-10:00,None,82.66,0.63,No,0,19,News,1.42,29,95.7,1,No,4.84,Single,N/A
44287b13-0dcf-4269-8283-d9454d942226,2025-10-01,CUST-202552,211,20,159,12.22,36,20:00-22:00,None,21.66,0.73,No,0,42,Social,0.93,11,97.89,3,Yes,1.73,Multiple,N/A
d9aa5ea0-fd38-4e4b-987c-2d6a317758b4,2025-11-27,CUST-566953,160,7,67,47.01,12,20:00-22:00,YouTube,0.69,0.66,Yes,0,43,Social,1.24,34,96.1,3,Yes,5.01,Multiple,N/A
f257189d-554a-4862-aaea-ea179ab5a15a,2025-12-10,CUST-473603,269,10,54,12.5,24,20:00-22:00,None,42.29,0.27,No,6926,27,News,1.87,60,97.77,0,No,7.29,Multiple,Canada
4e77ffcc-5e2c-469a-bc4e-5a46f3cb1c77,2025-10-06,CUST-239931,234,35,49,5.12,18,12:00-14:00,None,25.2,0.49,No,0,6,Maps,0.81,8,99.86,2,Yes,6.72,Multiple,N/A
4060d291-31d1-4602-8ded-91732c39d143,2025-08-10,CUST-619751,44,15,80,24.26,19,12:00-14:00,Spotify,48.48,0.62,Yes,0,50,Social,1.43,21,99.64,2,No,2.15,Single,N/A
22bc72be-66dc-48a6-a773-c77fbd5d7297,2026-02-18,CUST-275545,66,42,189,30.58,10,20:00-22:00,YouTube,9.63,0.56,No,0,45,Social,0.91,9,95.35,3,No,9.91,Multiple,N/A
dc41e130-a1fc-4c4c-bcee-0703d86b62ba,2026-02-24,CUST-569787,133,36,1,22.89,31,12:00-14:00,Spotify,50.07,0.72,Yes,0,24,Gaming,1.59,13,99.45,5,No,8.21,Single,N/A
f34d214a-15e0-42fe-9572-afeb6fe6728b,2026-03-13,CUST-920516,63,24,87,15.46,39,20:00-22:00,Netflix,90.85,0.12,No,0,53,Gaming,1.65,7,97.09,2,No,3.5,Single,N/A
9dd6b020-96b1-4bab-b51f-c84267ca9243,2025-11-04,CUST-944761,5,2,15,13.56,26,18:00-20:00,YouTube,68.91,0.25,No,0,21,News,1,49,99.7,2,Yes,4.35,Single,N/A
4c427e07-e95a-4eab-b0b9-8e48846368ab,2026-03-06,CUST-165713,44,3,45,2.16,46,20:00-22:00,None,67.96,0.33,No,0,7,News,1.72,6,97.83,5,No,0.05,Multiple,N/A
c1a7aa69-3f0b-48be-a928-caa0263bd623,2025-11-27,CUST-850491,28,29,197,1.28,9,18:00-20:00,Netflix,40.52,0.53,No,0,4,Streaming,1.15,55,98.32,1,No,6.01,Multiple,N/A
530bd16b-7dec-4e60-b58c-9cd52d4515d0,2026-02-07,CUST-400948,7,35,166,15.68,8,20:00-22:00,YouTube,4.94,0.41,No,5551,54,Gaming,0.54,16,97.28,1,No,5.2,Multiple,N/A
7eb10465-62b3-49c4-8659-32b52ea57d01,2026-02-23,CUST-662215,85,29,93,24.11,29,20:00-22:00,Spotify,53.97,0.4,No,0,34,Maps,1.22,16,96.29,4,No,2.92,Single,N/A
7ef0e73f-0fc5-4c6b-aa66-87bcc1872a5f,2026-05-12,CUST-357898,92,15,197,44.97,7,12:00-14:00,Netflix,1.96,0.14,No,0,9,News,1.81,20,95.22,3,No,1.35,Single,N/A
57bc8ca3-aa3c-4e0c-ad61-b2b95235d6d7,2025-10-16,CUST-243144,208,8,185,12.68,28,12:00-14:00,None,26.27,0.88,Yes,0,39,News,1.35,20,99.07,3,No,9.93,Single,N/A
19d41bb6-6f26-4355-b05a-edf8921c1746,2026-05-08,CUST-963160,213,27,14,42.57,24,12:00-14:00,YouTube,45.54,0.77,No,0,37,Productivity,0.9,56,97.42,1,No,9.29,Multiple,N/A
faa58df1-deac-48f5-85e5-647a01952746,2026-06-03,CUST-456052,20,33,69,36.91,26,18:00-20:00,None,91.88,0.61,Yes,0,48,Productivity,1.07,8,97.44,1,No,7.95,Multiple,Germany
59c9437c-14c0-430c-9ff2-8038a23c9161,2026-02-16,CUST-727102,269,35,151,27.69,29,18:00-20:00,YouTube,52.06,0.36,No,0,37,Gaming,0.99,41,95.46,1,Yes,8.56,Multiple,N/A
927f4dd8-3cdf-47e0-93ca-c3cddcad475d,2026-01-03,CUST-416629,211,3,10,30.49,31,18:00-20:00,Spotify,80.49,0.74,No,0,43,Maps,1.82,58,95.68,1,Yes,3.67,Single,N/A
56c58c6e-8f9c-4c4b-930b-ba62528524c1,2026-06-24,CUST-841792,72,23,194,23.35,26,18:00-20:00,YouTube,94,0.35,Yes,0,20,News,1.12,12,99.17,3,Yes,9.51,Single,N/A
0726d7f4-5dfd-4c46-aa2d-81b4f02b7bc4,2026-07-17,CUST-662275,115,9,33,24.32,24,08:00-10:00,None,36.98,0.83,No,0,19,Gaming,0.84,48,96.93,1,No,5.27,Multiple,N/A
c422caab-9a47-49ce-aacd-0e529f64647b,2026-07-14,CUST-827655,102,6,176,35.15,47,12:00-14:00,Netflix,49.69,0.26,No,0,28,Gaming,0.5,32,95.68,3,No,8.23,Single,N/A
0731bafb-e77a-41ae-8424-a4e69f011434,2025-08-27,CUST-615616,264,24,96,5.53,5,08:00-10:00,Netflix,38.16,0.52,No,0,21,News,1.1,37,99.05,0,No,6.07,Single,N/A
516e2658-8b28-43ca-8888-303dca352bd2,2026-07-17,CUST-975779,199,37,68,7.15,35,20:00-22:00,YouTube,7.71,0.89,No,0,11,News,1.19,20,98.14,1,Yes,7.05,Multiple,N/A
79689b5e-44a7-47e9-94d3-902135ee2e59,2025-09-29,CUST-665164,105,21,4,28.89,23,08:00-10:00,Spotify,11.55,0.41,No,400,33,Social,0.84,31,98.71,1,Yes,3.99,Multiple,N/A
86a6d31a-6b05-4aba-826c-9627e9d5b876,2026-01-10,CUST-390615,176,29,150,1.99,15,18:00-20:00,YouTube,36.37,0.72,No,0,17,News,0.71,8,95.33,5,No,3.97,Single,N/A
5e72bb3f-ac21-4c29-ab55-6925465a5465,2025-12-20,CUST-442954,208,26,69,20.51,11,18:00-20:00,None,23.85,0.35,No,8701,19,Maps,1.85,29,95.91,1,No,6.2,Multiple,N/A
e6f0bf39-6dc8-4efc-8fe8-5701285de2a2,2026-03-28,CUST-980205,33,27,99,7.43,33,08:00-10:00,Spotify,83.82,0.6,No,0,17,Social,0.59,46,96.34,1,No,5.94,Single,N/A
71b47b4b-a219-4082-8683-1b4fc97670c5,2025-09-19,CUST-271334,238,12,157,35.37,17,12:00-14:00,Netflix,11.98,0.25,Yes,0,49,Streaming,1.43,8,99.8,3,Yes,4.89,Multiple,N/A
0b52a3f4-249c-49bc-b8ff-59fe36e61260,2026-03-17,CUST-248881,67,10,60,32.39,41,12:00-14:00,None,62.02,0.78,No,0,11,Streaming,0.94,10,97.3,5,Yes,1.56,Single,UK
c7d58919-9a8d-4865-bdbb-1d73985c086c,2026-03-04,CUST-689459,280,29,55,25.29,22,12:00-14:00,Netflix,76.95,0.78,Yes,0,16,Maps,1.71,55,95.61,2,No,7.92,Multiple,France
3d205a0f-d822-4c52-b156-5112e57ce0d0,2025-12-13,CUST-166543,223,34,105,38.56,21,20:00-22:00,YouTube,49.72,0.53,No,0,20,Streaming,0.79,51,96.42,2,No,7.22,Single,N/A
e2e2fb87-36b5-4207-be87-2073edf7e367,2026-04-10,CUST-138479,213,25,82,46.51,18,12:00-14:00,YouTube,91.87,0.33,No,0,24,Streaming,1.07,59,97.84,3,No,9.51,Single,N/A
dd654705-3cd9-40ed-90f3-c614c0571b4f,2025-10-12,CUST-534668,53,5,174,34.43,24,12:00-14:00,Spotify,56.06,0.59,No,0,11,Gaming,1.43,38,96.3,3,No,9.09,Single,Japan
2a787eba-7377-42e9-a825-e9f1ca880750,2026-05-20,CUST-980474,172,4,181,43.26,17,20:00-22:00,Spotify,82.72,0.55,No,0,7,Streaming,1.57,56,99.49,3,No,5.06,Multiple,N/A
ed19d8b0-cc92-4943-9288-8eeb7af06ab7,2025-08-31,CUST-448093,169,40,3,26.84,6,20:00-22:00,YouTube,67.26,0.44,No,0,50,News,1.77,14,99.2,5,Yes,3,Multiple,N/A
a2783433-8b37-4772-b074-cf1325c8564e,2025-09-12,CUST-259185,89,29,30,1.14,20,12:00-14:00,YouTube,25.22,0.79,No,0,10,Productivity,1.12,55,95.11,1,No,2.53,Multiple,N/A
e15f084b-c3d5-4ab8-b0ea-a50ffbdffa01,2026-05-16,CUST-959607,27,42,129,10.76,40,08:00-10:00,Netflix,86.12,0.53,Yes,0,18,Social,0.81,21,98.11,0,No,9.29,Multiple,N/A
47e03236-4053-4a8b-a581-732543c06bde,2026-04-22,CUST-744048,290,47,29,27.3,35,20:00-22:00,YouTube,24.97,0.67,No,0,37,News,1.13,57,96.76,5,No,6.36,Single,N/A
0da0d3c3-a1e7-4c93-84d5-6da36f742367,2025-11-27,CUST-693957,112,6,142,1.2,24,20:00-22:00,None,21.59,0.18,No,3334,49,News,0.95,58,97.36,3,No,9.8,Single,N/A
3bc6ecf5-4402-49cf-932c-be5ecdec3c02,2025-12-23,CUST-359793,231,35,10,40.22,40,20:00-22:00,Netflix,17.46,0.33,No,4400,58,Gaming,0.76,36,97.09,4,No,5.49,Multiple,Japan
56b8f067-6bb9-424a-8436-0e57f0410272,2025-11-28,CUST-325561,108,29,66,3.52,16,08:00-10:00,None,42.78,0.47,No,0,5,Productivity,1.8,27,98.56,2,No,6.41,Multiple,N/A
668d081d-1414-488e-84ac-a8ddf7711a5d,2026-06-14,CUST-165751,285,39,148,4.04,39,20:00-22:00,YouTube,38.9,0.23,No,0,19,Streaming,1.63,32,96.41,4,Yes,1.71,Single,N/A
9d1d7d56-0f69-4de1-bb33-ec1cc5a4cb49,2026-02-04,CUST-920129,27,49,111,44.28,6,18:00-20:00,Netflix,97.44,0.14,Yes,9291,4,Productivity,1.48,14,96.3,3,Yes,0.62,Single,N/A
d871b849-3163-41a9-a265-3da0e34ab022,2025-08-06,CUST-767484,62,9,41,5.65,36,18:00-20:00,None,86.15,0.45,No,0,1,Productivity,1.16,17,97.37,4,No,3.84,Single,N/A
37c6de2e-84d6-43ce-8e6f-2fd1628771e1,2026-05-17,CUST-387509,171,47,129,13.78,17,12:00-14:00,Spotify,79.52,0.83,No,0,52,Maps,0.93,6,98.71,4,No,4.8,Multiple,N/A
9ebcd668-f05b-4142-bc62-ed4e2d203ab2,2025-10-26,CUST-246087,43,44,92,16.89,10,20:00-22:00,Netflix,13.51,0.78,No,0,53,News,1.39,28,97.88,1,Yes,3.19,Single,N/A
8ca12f8e-1ba2-4474-abe9-fc8a22e8504d,2026-01-27,CUST-915712,178,47,49,43.98,20,18:00-20:00,Spotify,5.05,0.84,No,0,55,Social,1.08,26,95.08,3,Yes,7.05,Multiple,N/A
41e04b42-5eb6-4448-aa06-d7def68503ee,2026-04-01,CUST-811907,71,48,71,19.33,43,08:00-10:00,Netflix,96.34,0.74,No,0,1,News,1.54,59,95.09,3,Yes,2.87,Multiple,N/A
2bfdaff9-115f-4482-a208-c2626077983f,2025-07-31,CUST-864492,253,38,127,19.73,20,20:00-22:00,Netflix,73.16,0.63,No,0,44,Social,1.56,29,99.84,0,Yes,4.9,Single,N/A
60495a8a-79ba-4bdc-aeb3-87bf1741a694,2026-05-25,CUST-552860,207,24,28,41.42,15,08:00-10:00,Netflix,3.74,0.28,No,0,38,Social,1.24,11,99.99,4,Yes,0.21,Single,N/A
4cbe93b0-6054-4ad2-8c9e-10830f130eae,2026-06-16,CUST-278247,220,41,71,12.67,22,08:00-10:00,YouTube,69.1,0.86,No,0,2,News,1.38,30,99.52,2,Yes,5.33,Multiple,N/A
dd6cd96f-9bdf-42e7-aab4-55db6700054f,2025-11-17,CUST-425836,244,36,138,31.14,8,08:00-10:00,Netflix,35.65,0.59,No,0,45,Social,0.77,20,97.51,0,Yes,6.33,Multiple,N/A
04e13a06-5bfe-4d6f-ad11-d90e9ce4a559,2026-04-02,CUST-817098,236,41,99,33.67,35,18:00-20:00,None,42.21,0.55,No,9469,28,Social,0.57,56,98.33,4,Yes,0.65,Single,N/A
95f1831b-edc8-49b0-9c17-65346ecdaf79,2025-10-02,CUST-812331,187,42,78,21.75,14,20:00-22:00,YouTube,63.51,0.64,Yes,0,48,Productivity,1.07,23,99.56,4,No,2.48,Multiple,N/A
efe74c45-f705-4d00-8038-03a198b6c8f5,2025-12-26,CUST-447058,161,35,64,8.46,6,08:00-10:00,Spotify,46.74,0.21,No,0,8,News,0.57,54,98.65,2,Yes,1.53,Multiple,N/A
74139ee3-00c5-4c36-9ef0-0d4736776eb6,2025-10-15,CUST-485311,105,29,70,0.79,36,20:00-22:00,None,51.72,0.23,Yes,0,15,News,1.7,57,99.45,3,No,6.7,Single,N/A
b7ef8635-d3b7-4fc8-85e3-017bc9c008d3,2025-10-18,CUST-462535,13,24,98,22.06,17,12:00-14:00,None,28.9,0.21,No,0,9,News,0.89,21,97.69,2,No,3.8,Single,N/A
3a808c0e-360f-4077-84a2-4527825da7e2,2025-09-05,CUST-871508,197,11,113,2.95,33,08:00-10:00,Netflix,78.92,0.78,No,0,50,Streaming,1.43,42,99.57,0,Yes,4.79,Single,UK
832c21d6-9d15-43a6-8b5a-69e19550a78f,2026-05-01,CUST-986481,257,36,83,16.73,30,18:00-20:00,Netflix,35.51,0.17,No,0,35,Streaming,0.84,14,98.25,4,No,3,Single,N/A
0abc0a47-a4cf-4c1c-8c1d-5194e166c7a3,2025-12-04,CUST-996179,187,6,174,46.87,25,08:00-10:00,Spotify,19.7,0.32,No,0,38,Productivity,0.78,13,99.44,4,No,0.48,Multiple,N/A
31cccbce-6998-4be3-98cd-eba7e7b0fd05,2026-06-24,CUST-184284,183,3,34,45.32,23,20:00-22:00,Spotify,85.82,0.66,No,0,43,Streaming,1.17,10,96.74,3,Yes,4.97,Multiple,N/A
5ffa0132-6fd5-492c-93e4-2dd818926627,2025-10-01,CUST-822402,118,18,131,8.99,17,08:00-10:00,YouTube,4.64,0.36,No,8097,33,Productivity,0.75,45,98.11,3,No,4.07,Single,N/A
9e018636-c662-46ef-9578-bed78415bc69,2025-11-05,CUST-179915,171,40,181,38.01,28,08:00-10:00,Spotify,66.91,0.38,No,1513,31,Social,1.24,5,95.73,4,No,4.54,Single,N/A
7aaa9e00-2b67-454d-838b-8b979fe80e09,2026-02-10,CUST-916073,281,38,116,31.4,24,12:00-14:00,YouTube,41.25,0.47,No,9666,5,Gaming,0.79,49,97.49,3,Yes,0.2,Single,N/A
ec96e8a1-376e-4b36-b160-65e434247d03,2025-10-23,CUST-378594,187,36,113,6.39,23,18:00-20:00,Netflix,27.53,0.88,No,9294,19,Social,0.75,7,98.18,0,No,6.43,Multiple,N/A
d2d7edf8-6d6c-4168-b002-5dc85981c481,2026-07-05,CUST-122893,254,48,39,8.23,19,18:00-20:00,Spotify,82.58,0.22,No,0,11,Maps,0.72,17,97.08,3,Yes,7.74,Single,N/A
6dc222cc-4c7a-43e4-a802-6fb40aef463e,2026-02-04,CUST-975707,220,15,105,28.75,46,20:00-22:00,Spotify,15.85,0.4,No,0,32,Productivity,1.05,25,95.03,2,No,6.08,Multiple,N/A
90a77eed-d46e-4676-8afd-5855e0e2ca86,2026-06-09,CUST-783005,239,12,95,35.22,35,08:00-10:00,Netflix,86.44,0.8,No,0,30,Social,1.15,26,95.68,4,No,1.46,Multiple,N/A
758040d2-2329-4fa4-aee7-4a7b68d528ae,2025-11-14,CUST-244129,45,14,137,31.31,40,08:00-10:00,Spotify,12.55,0.9,No,0,23,Maps,1.2,52,96.34,1,No,5.53,Multiple,N/A
dd73c528-b0c7-4b7b-b2a5-679343e8853a,2026-04-01,CUST-318521,203,44,35,44.23,8,08:00-10:00,Spotify,18.04,0.6,No,0,31,Social,1.92,10,95.56,3,No,0.29,Single,N/A
c5303220-e6cb-4e37-82f5-58d1ec949ec1,2025-11-04,CUST-423456,159,34,77,12.19,7,20:00-22:00,Spotify,45.53,0.47,No,0,19,Streaming,0.77,6,95.82,2,No,2.61,Single,N/A
47fb33a5-f8da-47ca-bac5-538b220dbeaa,2025-09-24,CUST-622081,275,33,35,32.09,39,18:00-20:00,YouTube,28.49,0.76,Yes,0,21,Streaming,0.67,56,97.97,1,No,2.84,Multiple,N/A
b70dd45d-4672-4b41-83e1-4f658e46d7b1,2026-01-12,CUST-720173,9,9,146,9.85,45,12:00-14:00,YouTube,45.31,0.62,No,0,11,Streaming,0.64,60,99.61,1,Yes,7.85,Multiple,N/A
7efaa8bf-f72c-4b98-ab26-40457737ac7e,2026-02-17,CUST-482846,124,11,185,27.22,41,20:00-22:00,YouTube,58.17,0.75,No,0,60,Productivity,1.77,55,97.3,0,No,5.98,Single,N/A
5b77f5f1-40ee-4457-b181-3e7322f47a3e,2026-04-28,CUST-940815,81,34,194,37.01,46,12:00-14:00,None,99.58,0.53,No,0,47,Gaming,1.25,55,97.37,3,No,0.69,Single,N/A
a7934abc-2c79-4f43-9b09-f650c75c80ad,2025-09-25,CUST-519068,253,21,54,20.96,31,20:00-22:00,None,17.48,0.72,No,9878,29,Gaming,0.59,46,95.06,5,Yes,6.23,Multiple,N/A
cf337717-9257-4b1a-ad2a-39211a06f80a,2026-06-01,CUST-914556,103,7,62,0.75,43,18:00-20:00,Spotify,5.33,0.27,No,0,3,Productivity,1.11,38,99.5,5,Yes,2.97,Single,N/A
6c04ffb9-1a32-4171-aa96-917444d5dabc,2026-05-18,CUST-660468,26,6,25,18.54,26,18:00-20:00,Spotify,62.29,0.45,No,0,13,Social,0.54,55,95.95,4,No,4.6,Multiple,N/A
b8f70492-9590-4ccd-89a8-7e189b1d7429,2025-11-01,CUST-169165,22,42,194,13.46,10,08:00-10:00,YouTube,15.77,0.7,No,0,18,Productivity,1.71,5,97.65,3,No,4.59,Single,N/A
0ed42329-d631-485f-b230-1e6cc9937f2a,2026-02-27,CUST-408911,107,47,116,35.01,28,08:00-10:00,Netflix,2.58,0.54,No,0,58,Maps,0.59,57,95.89,1,No,0.03,Single,USA
8601301d-8db8-4274-9848-7d30595070c5,2026-03-08,CUST-788566,40,31,103,15.44,23,20:00-22:00,Spotify,44.51,0.24,No,0,9,Gaming,0.75,48,97.14,3,No,0.33,Multiple,France
0f20e67d-c567-4914-8ea2-9f2f5578ea5a,2026-07-14,CUST-377399,32,40,7,0.9,40,12:00-14:00,Spotify,47.01,0.68,No,0,53,Productivity,0.92,8,96.51,0,No,2.62,Multiple,N/A
d153dd9e-34a8-4ccc-b69c-a050c71ca591,2025-10-28,CUST-816526,238,45,100,24.24,15,20:00-22:00,YouTube,48.68,0.87,No,1181,21,Gaming,1.7,19,95.4,4,No,0.76,Multiple,N/A
17dd8202-cd73-4d95-a274-dc2856edfe73,2026-04-26,CUST-352354,279,37,170,38.49,42,18:00-20:00,Spotify,59.78,0.16,No,668,41,Gaming,0.83,26,95.15,1,No,3.86,Multiple,Japan
ce7fb8c3-5863-48e7-84da-a4c46e456ed4,2025-09-23,CUST-981970,161,2,52,10.71,35,20:00-22:00,None,11.43,0.6,No,0,18,News,1.23,55,95.54,4,Yes,0.17,Multiple,N/A
65b7562a-3fe2-4c4c-a251-dd5ec9e77811,2026-06-18,CUST-867802,187,41,126,46.05,19,08:00-10:00,Netflix,39.39,0.66,Yes,0,34,Social,1.95,5,95.85,1,Yes,0.61,Multiple,N/A
32313158-c75f-4dbe-8e73-ce48d0f1bac4,2026-01-12,CUST-663361,183,40,23,37.21,38,08:00-10:00,Netflix,83.88,0.47,No,3300,13,Gaming,1.73,7,97.5,3,No,2.48,Single,N/A
b6a4c04f-5fde-4f7c-8b87-2d7e7d10df55,2025-10-10,CUST-159291,215,18,104,7.64,14,12:00-14:00,Netflix,42.83,0.62,No,0,22,Streaming,1.66,13,98.94,3,Yes,0.81,Single,France
5a3f99d3-74f6-4f1e-b14d-bd83a36dd70e,2025-12-20,CUST-960937,70,28,79,26.45,13,18:00-20:00,Netflix,78.85,0.38,No,0,3,News,1.51,49,95.03,4,No,6.39,Single,UK
369ac0b4-f744-4ab4-af53-afe4166b1e35,2025-08-19,CUST-509799,10,16,134,24.76,37,12:00-14:00,YouTube,48.34,0.42,No,0,3,Maps,1.21,42,96.79,3,Yes,2.01,Multiple,N/A
c8cafe90-164e-47ad-8126-ea4cea72f3e6,2025-08-06,CUST-822173,14,44,55,10.18,5,18:00-20:00,Spotify,57.66,0.26,No,2521,25,News,1.16,17,97.64,2,No,3.79,Single,N/A
aee35330-dbde-40ec-9e86-cd4384872b2f,2025-12-06,CUST-637457,160,33,174,14.44,29,12:00-14:00,None,85.76,0.76,No,0,55,Productivity,1.15,9,99.33,4,No,6.42,Single,N/A
887f4aac-c8f0-4473-9c48-0a15d6c888b5,2025-09-16,CUST-537188,118,5,60,15.92,33,12:00-14:00,Netflix,73.09,0.82,No,0,25,Gaming,1.36,47,95.03,3,No,5.66,Single,N/A
f6b10a86-e003-45fb-900f-520c72031db5,2025-09-03,CUST-752673,241,32,148,22.33,31,08:00-10:00,Netflix,54.81,0.78,No,0,36,Gaming,1.77,50,97.27,2,No,9.17,Multiple,N/A
3ba78e29-730e-409c-9c6f-795982bbff77,2026-01-12,CUST-821413,83,18,187,48.2,33,12:00-14:00,Spotify,13.53,0.88,No,0,11,Streaming,0.83,11,99,2,No,9.78,Single,N/A
81dc0429-a727-4dd1-87da-d14673028846,2026-01-01,CUST-892360,295,12,196,29.96,12,08:00-10:00,YouTube,16.31,0.65,No,0,20,Social,1.69,19,97.62,1,No,0.56,Single,Mexico
c12a7552-f840-4dc4-8ad6-392afa27a45d,2026-05-03,CUST-336877,110,50,48,44.71,30,20:00-22:00,Spotify,60.33,0.49,No,3604,24,Gaming,1.68,17,95.63,2,No,0.49,Multiple,N/A
06f3807d-1276-4208-909d-b0d08e0a842c,2025-08-22,CUST-898238,61,11,79,45,14,08:00-10:00,Spotify,3.66,0.34,No,0,22,Social,1.48,19,95.32,5,No,4.27,Single,N/A
d0c4f4dc-9ddb-4525-91df-4a50110ed716,2026-02-26,CUST-215496,119,8,16,28.5,40,12:00-14:00,YouTube,23.65,0.33,No,0,24,Social,1.06,10,96.56,2,No,7.44,Single,N/A
ead88297-e2da-4519-8bc9-bfe4ff945494,2025-08-03,CUST-991398,158,26,14,3.95,15,20:00-22:00,None,86.22,0.23,Yes,0,42,Maps,0.75,58,99.54,5,No,3.82,Single,N/A
241b5962-cffb-4a8b-8fa9-0513ee7c7f8b,2026-06-30,CUST-590838,172,32,103,14.6,42,12:00-14:00,Spotify,82.24,0.7,No,0,16,Gaming,1.56,55,98.72,1,No,6.64,Single,N/A
6f482591-b5a5-4f2e-9ea5-73138e112cc6,2025-09-18,CUST-962974,291,4,50,19.77,18,18:00-20:00,Netflix,25.48,0.89,Yes,8178,54,News,1.05,13,96.67,0,Yes,8.71,Multiple,N/A
ecba7402-819e-4ba5-8fc0-fbf6f05af69c,2025-09-20,CUST-191445,196,13,130,6.33,20,12:00-14:00,None,60.52,0.24,No,0,10,Productivity,1.37,10,96.16,4,No,1.95,Multiple,N/A
4c0f05cd-f4f0-4894-82b7-a7dde67dc19d,2025-09-09,CUST-612730,259,13,30,14.53,26,18:00-20:00,YouTube,28.81,0.15,No,0,55,Social,0.67,37,95.48,4,No,2.98,Single,N/A
